Society,Year,Node,Coherence,Capacity,Stress,Abstraction,Node_Value_Calc,Bond_Strength_Calc,Bond_Strength_Calc_legacy,SBD_Calc,Lambda2_Calc,Decay_Index_Calc,Phase_Calc,Regime_Label_Calc,ESCH_Calc,V_Mean_Calc,V_Min_Calc,CAMS_v1_Regime,Run
Burma,1811,Helm,6.0,6.2,4.5,5.2,10.3,0.282277,not_computed,0.266603,1.770479,not_computed,not_computed,not_computed,not_computed,8.5375,5.8,not_computed,separate_run_2026-09_staging
Burma,1811,Shield,6.0,5.0,5.5,4.0,7.5,0.256164,not_computed,0.266603,1.770479,not_computed,not_computed,not_computed,not_computed,8.5375,5.8,not_computed,separate_run_2026-09_staging
Burma,1811,Lore,5.8,5.8,3.2,4.8,10.8,0.298077,not_computed,0.266603,1.770479,not_computed,not_computed,not_computed,not_computed,8.5375,5.8,not_computed,separate_run_2026-09_staging
Burma,1811,Stewards,4.2,5.8,6.2,4.0,5.8,0.221684,not_computed,0.266603,1.770479,not_computed,not_computed,not_computed,not_computed,8.5375,5.8,not_computed,separate_run_2026-09_staging
Burma,1811,Craft,5.3,5.3,3.3,4.0,9.3,0.281543,not_computed,0.266603,1.770479,not_computed,not_computed,not_computed,not_computed,8.5375,5.8,not_computed,separate_run_2026-09_staging
Burma,1811,Hands,6.0,5.4,4.2,2.8,8.6,0.265529,not_computed,0.266603,1.770479,not_computed,not_computed,not_computed,not_computed,8.5375,5.8,not_computed,separate_run_2026-09_staging
Burma,1811,Archive,5.0,5.0,3.8,3.8,8.1,0.266917,not_computed,0.266603,1.770479,not_computed,not_computed,not_computed,not_computed,8.5375,5.8,not_computed,separate_run_2026-09_staging
Burma,1811,Flow,5.0,5.2,4.2,3.8,7.9,0.260632,not_computed,0.266603,1.770479,not_computed,not_computed,not_computed,not_computed,8.5375,5.8,not_computed,separate_run_2026-09_staging
Burma,1813,Helm,6.2,6.4,3.8,5.0,11.3,0.294571,not_computed,0.266062,1.8431,not_computed,not_computed,not_computed,not_computed,8.575,6.0,not_computed,separate_run_2026-09_staging
Burma,1813,Shield,5.8,6.0,4.6,4.4,9.4,0.270861,not_computed,0.266062,1.8431,not_computed,not_computed,not_computed,not_computed,8.575,6.0,not_computed,separate_run_2026-09_staging
Burma,1813,Lore,6.2,6.0,3.2,4.6,11.3,0.301377,not_computed,0.266062,1.8431,not_computed,not_computed,not_computed,not_computed,8.575,6.0,not_computed,separate_run_2026-09_staging
Burma,1813,Stewards,4.7,5.3,6.0,4.0,6.0,0.231251,not_computed,0.266062,1.8431,not_computed,not_computed,not_computed,not_computed,8.575,6.0,not_computed,separate_run_2026-09_staging
Burma,1813,Craft,5.5,5.2,4.2,3.8,8.4,0.267627,not_computed,0.266062,1.8431,not_computed,not_computed,not_computed,not_computed,8.575,6.0,not_computed,separate_run_2026-09_staging
Burma,1813,Hands,5.4,6.0,4.6,3.0,8.3,0.252224,not_computed,0.266062,1.8431,not_computed,not_computed,not_computed,not_computed,8.575,6.0,not_computed,separate_run_2026-09_staging
Burma,1813,Archive,4.4,4.4,4.0,4.0,6.8,0.256305,not_computed,0.266062,1.8431,not_computed,not_computed,not_computed,not_computed,8.575,6.0,not_computed,separate_run_2026-09_staging
Burma,1813,Flow,4.6,4.8,4.2,3.8,7.1,0.254281,not_computed,0.266062,1.8431,not_computed,not_computed,not_computed,not_computed,8.575,6.0,not_computed,separate_run_2026-09_staging
Burma,1840,Helm,2.2,4.2,7.2,4.2,1.3,0.164536,not_computed,0.224523,1.312842,not_computed,not_computed,not_computed,not_computed,6.95625,1.3,not_computed,separate_run_2026-09_staging
Burma,1840,Shield,5.0,4.8,5.8,4.8,6.4,0.223017,not_computed,0.224523,1.312842,not_computed,not_computed,not_computed,not_computed,6.95625,1.3,not_computed,separate_run_2026-09_staging
Burma,1840,Lore,6.2,6.2,4.4,5.4,10.7,0.260898,not_computed,0.224523,1.312842,not_computed,not_computed,not_computed,not_computed,6.95625,1.3,not_computed,separate_run_2026-09_staging
Burma,1840,Stewards,4.8,5.2,6.5,3.8,5.4,0.203722,not_computed,0.224523,1.312842,not_computed,not_computed,not_computed,not_computed,6.95625,1.3,not_computed,separate_run_2026-09_staging
Burma,1840,Craft,4.8,5.2,4.8,4.8,7.6,0.234139,not_computed,0.224523,1.312842,not_computed,not_computed,not_computed,not_computed,6.95625,1.3,not_computed,separate_run_2026-09_staging
Burma,1840,Hands,6.0,6.2,3.5,2.8,10.1,0.250816,not_computed,0.224523,1.312842,not_computed,not_computed,not_computed,not_computed,6.95625,1.3,not_computed,separate_run_2026-09_staging
Burma,1840,Archive,4.5,5.2,4.5,3.5,6.95,0.222816,not_computed,0.224523,1.312842,not_computed,not_computed,not_computed,not_computed,6.95625,1.3,not_computed,separate_run_2026-09_staging
Burma,1840,Flow,5.2,4.6,5.0,4.8,7.2,0.236241,not_computed,0.224523,1.312842,not_computed,not_computed,not_computed,not_computed,6.95625,1.3,not_computed,separate_run_2026-09_staging
Burma,1853,Helm,5.8,6.4,5.0,6.0,10.2,0.289261,not_computed,0.285337,2.017598,not_computed,not_computed,not_computed,not_computed,9.18125,5.8,not_computed,separate_run_2026-09_staging
Burma,1853,Shield,5.2,5.2,5.2,5.0,7.7,0.269286,not_computed,0.285337,2.017598,not_computed,not_computed,not_computed,not_computed,9.18125,5.8,not_computed,separate_run_2026-09_staging
Burma,1853,Lore,7.2,6.0,3.2,6.0,13.0,0.339588,not_computed,0.285337,2.017598,not_computed,not_computed,not_computed,not_computed,9.18125,5.8,not_computed,separate_run_2026-09_staging
Burma,1853,Stewards,4.5,4.2,4.8,3.8,5.8,0.25356,not_computed,0.285337,2.017598,not_computed,not_computed,not_computed,not_computed,9.18125,5.8,not_computed,separate_run_2026-09_staging
Burma,1853,Craft,4.8,5.0,4.8,4.8,7.4,0.268226,not_computed,0.285337,2.017598,not_computed,not_computed,not_computed,not_computed,9.18125,5.8,not_computed,separate_run_2026-09_staging
Burma,1853,Hands,6.0,5.8,4.2,2.5,8.85,0.272991,not_computed,0.285337,2.017598,not_computed,not_computed,not_computed,not_computed,9.18125,5.8,not_computed,separate_run_2026-09_staging
Burma,1853,Archive,5.8,5.8,4.0,5.0,10.1,0.297785,not_computed,0.285337,2.017598,not_computed,not_computed,not_computed,not_computed,9.18125,5.8,not_computed,separate_run_2026-09_staging
Burma,1853,Flow,5.5,6.5,4.2,5.2,10.4,0.291996,not_computed,0.285337,2.017598,not_computed,not_computed,not_computed,not_computed,9.18125,5.8,not_computed,separate_run_2026-09_staging
Burma,1854,Helm,5.6,5.4,4.4,5.4,9.3,0.294377,not_computed,0.290048,2.112445,not_computed,not_computed,not_computed,not_computed,9.2625,7.2,not_computed,separate_run_2026-09_staging
Burma,1854,Shield,5.0,5.0,5.2,4.8,7.2,0.267016,not_computed,0.290048,2.112445,not_computed,not_computed,not_computed,not_computed,9.2625,7.2,not_computed,separate_run_2026-09_staging
Burma,1854,Lore,7.0,5.5,3.5,5.2,11.6,0.32762,not_computed,0.290048,2.112445,not_computed,not_computed,not_computed,not_computed,9.2625,7.2,not_computed,separate_run_2026-09_staging
Burma,1854,Stewards,4.6,5.4,4.4,4.2,7.7,0.267977,not_computed,0.290048,2.112445,not_computed,not_computed,not_computed,not_computed,9.2625,7.2,not_computed,separate_run_2026-09_staging
Burma,1854,Craft,5.0,4.8,3.8,5.0,8.5,0.2924,not_computed,0.290048,2.112445,not_computed,not_computed,not_computed,not_computed,9.2625,7.2,not_computed,separate_run_2026-09_staging
Burma,1854,Hands,6.0,6.0,3.8,2.8,9.6,0.285259,not_computed,0.290048,2.112445,not_computed,not_computed,not_computed,not_computed,9.2625,7.2,not_computed,separate_run_2026-09_staging
Burma,1854,Archive,6.0,6.0,4.2,5.6,10.6,0.305098,not_computed,0.290048,2.112445,not_computed,not_computed,not_computed,not_computed,9.2625,7.2,not_computed,separate_run_2026-09_staging
Burma,1854,Flow,5.5,6.5,4.8,4.8,9.6,0.280633,not_computed,0.290048,2.112445,not_computed,not_computed,not_computed,not_computed,9.2625,7.2,not_computed,separate_run_2026-09_staging
Burma,1855,Helm,6.0,5.2,5.2,5.8,8.9,0.288296,not_computed,0.288123,2.051848,not_computed,not_computed,not_computed,not_computed,9.39375,6.9,not_computed,separate_run_2026-09_staging
Burma,1855,Shield,4.8,5.5,5.5,5.0,7.3,0.260415,not_computed,0.288123,2.051848,not_computed,not_computed,not_computed,not_computed,9.39375,6.9,not_computed,separate_run_2026-09_staging
Burma,1855,Lore,7.3,6.3,3.0,6.0,13.6,0.346716,not_computed,0.288123,2.051848,not_computed,not_computed,not_computed,not_computed,9.39375,6.9,not_computed,separate_run_2026-09_staging
Burma,1855,Stewards,4.6,5.0,4.8,4.2,6.9,0.260705,not_computed,0.288123,2.051848,not_computed,not_computed,not_computed,not_computed,9.39375,6.9,not_computed,separate_run_2026-09_staging
Burma,1855,Craft,4.6,5.0,4.2,5.2,8.0,0.280617,not_computed,0.288123,2.051848,not_computed,not_computed,not_computed,not_computed,9.39375,6.9,not_computed,separate_run_2026-09_staging
Burma,1855,Hands,6.2,6.0,4.4,2.8,9.2,0.277278,not_computed,0.288123,2.051848,not_computed,not_computed,not_computed,not_computed,9.39375,6.9,not_computed,separate_run_2026-09_staging
Burma,1855,Archive,6.0,6.7,4.7,5.0,10.5,0.289999,not_computed,0.288123,2.051848,not_computed,not_computed,not_computed,not_computed,9.39375,6.9,not_computed,separate_run_2026-09_staging
Burma,1855,Flow,6.5,6.2,4.2,4.5,10.75,0.300957,not_computed,0.288123,2.051848,not_computed,not_computed,not_computed,not_computed,9.39375,6.9,not_computed,separate_run_2026-09_staging
Burma,1856,Helm,6.0,6.2,5.4,6.2,9.9,0.295921,not_computed,0.301844,2.125727,not_computed,not_computed,not_computed,not_computed,9.56875,7.1,not_computed,separate_run_2026-09_staging
Burma,1856,Shield,4.8,5.0,4.8,4.2,7.1,0.270763,not_computed,0.301844,2.125727,not_computed,not_computed,not_computed,not_computed,9.56875,7.1,not_computed,separate_run_2026-09_staging
Burma,1856,Lore,7.0,6.0,3.0,6.5,13.25,0.356819,not_computed,0.301844,2.125727,not_computed,not_computed,not_computed,not_computed,9.56875,7.1,not_computed,separate_run_2026-09_staging
Burma,1856,Stewards,5.4,5.2,5.4,4.2,7.3,0.269911,not_computed,0.301844,2.125727,not_computed,not_computed,not_computed,not_computed,9.56875,7.1,not_computed,separate_run_2026-09_staging
Burma,1856,Craft,4.8,4.8,4.6,4.8,7.4,0.280271,not_computed,0.301844,2.125727,not_computed,not_computed,not_computed,not_computed,9.56875,7.1,not_computed,separate_run_2026-09_staging
Burma,1856,Hands,6.2,5.4,3.4,3.0,9.7,0.304368,not_computed,0.301844,2.125727,not_computed,not_computed,not_computed,not_computed,9.56875,7.1,not_computed,separate_run_2026-09_staging
Burma,1856,Archive,6.0,5.8,3.4,5.0,10.9,0.321591,not_computed,0.301844,2.125727,not_computed,not_computed,not_computed,not_computed,9.56875,7.1,not_computed,separate_run_2026-09_staging
Burma,1856,Flow,6.2,6.2,4.0,5.2,11.0,0.315109,not_computed,0.301844,2.125727,not_computed,not_computed,not_computed,not_computed,9.56875,7.1,not_computed,separate_run_2026-09_staging
Burma,1857,Helm,6.4,6.0,4.6,5.6,10.6,0.307804,not_computed,0.297606,2.037518,not_computed,not_computed,not_computed,not_computed,9.43125,5.9,not_computed,separate_run_2026-09_staging
Burma,1857,Shield,4.8,5.4,5.2,4.6,7.3,0.266161,not_computed,0.297606,2.037518,not_computed,not_computed,not_computed,not_computed,9.43125,5.9,not_computed,separate_run_2026-09_staging
Burma,1857,Lore,6.5,5.2,3.2,6.5,11.75,0.343403,not_computed,0.297606,2.037518,not_computed,not_computed,not_computed,not_computed,9.43125,5.9,not_computed,separate_run_2026-09_staging
Burma,1857,Stewards,5.0,4.4,5.2,3.4,5.9,0.257035,not_computed,0.297606,2.037518,not_computed,not_computed,not_computed,not_computed,9.43125,5.9,not_computed,separate_run_2026-09_staging
Burma,1857,Craft,4.8,4.5,3.8,4.5,7.75,0.28854,not_computed,0.297606,2.037518,not_computed,not_computed,not_computed,not_computed,9.43125,5.9,not_computed,separate_run_2026-09_staging
Burma,1857,Hands,6.2,6.5,4.2,2.5,9.75,0.282742,not_computed,0.297606,2.037518,not_computed,not_computed,not_computed,not_computed,9.43125,5.9,not_computed,separate_run_2026-09_staging
Burma,1857,Archive,6.6,6.0,3.8,5.0,11.3,0.319892,not_computed,0.297606,2.037518,not_computed,not_computed,not_computed,not_computed,9.43125,5.9,not_computed,separate_run_2026-09_staging
Burma,1857,Flow,6.0,6.2,4.0,5.8,11.1,0.315272,not_computed,0.297606,2.037518,not_computed,not_computed,not_computed,not_computed,9.43125,5.9,not_computed,separate_run_2026-09_staging
Burma,1858,Helm,6.4,5.6,5.2,6.4,10.0,0.304942,not_computed,0.299686,2.05724,not_computed,not_computed,not_computed,not_computed,9.46875,7.05,not_computed,separate_run_2026-09_staging
Burma,1858,Shield,4.7,5.7,5.7,4.7,7.05,0.258759,not_computed,0.299686,2.05724,not_computed,not_computed,not_computed,not_computed,9.46875,7.05,not_computed,separate_run_2026-09_staging
Burma,1858,Lore,7.5,5.5,2.5,6.0,13.5,0.367764,not_computed,0.299686,2.05724,not_computed,not_computed,not_computed,not_computed,9.46875,7.05,not_computed,separate_run_2026-09_staging
Burma,1858,Stewards,5.0,5.4,5.0,4.6,7.7,0.273523,not_computed,0.299686,2.05724,not_computed,not_computed,not_computed,not_computed,9.46875,7.05,not_computed,separate_run_2026-09_staging
Burma,1858,Craft,4.8,4.5,4.2,5.0,7.6,0.288058,not_computed,0.299686,2.05724,not_computed,not_computed,not_computed,not_computed,9.46875,7.05,not_computed,separate_run_2026-09_staging
Burma,1858,Hands,6.2,5.8,3.5,3.0,10.0,0.301399,not_computed,0.299686,2.05724,not_computed,not_computed,not_computed,not_computed,9.46875,7.05,not_computed,separate_run_2026-09_staging
Burma,1858,Archive,5.4,6.0,4.6,5.2,9.4,0.291925,not_computed,0.299686,2.05724,not_computed,not_computed,not_computed,not_computed,9.46875,7.05,not_computed,separate_run_2026-09_staging
Burma,1858,Flow,6.4,5.8,4.2,5.0,10.5,0.311118,not_computed,0.299686,2.05724,not_computed,not_computed,not_computed,not_computed,9.46875,7.05,not_computed,separate_run_2026-09_staging
Burma,1859,Helm,6.2,6.0,4.8,6.0,10.4,0.30201,not_computed,0.292539,2.022687,not_computed,not_computed,not_computed,not_computed,9.31875,6.6,not_computed,separate_run_2026-09_staging
Burma,1859,Shield,4.6,5.6,5.0,4.8,7.6,0.265796,not_computed,0.292539,2.022687,not_computed,not_computed,not_computed,not_computed,9.31875,6.6,not_computed,separate_run_2026-09_staging
Burma,1859,Lore,7.2,6.0,3.2,5.5,12.75,0.340343,not_computed,0.292539,2.022687,not_computed,not_computed,not_computed,not_computed,9.31875,6.6,not_computed,separate_run_2026-09_staging
Burma,1859,Stewards,4.4,5.2,5.0,4.0,6.6,0.254526,not_computed,0.292539,2.022687,not_computed,not_computed,not_computed,not_computed,9.31875,6.6,not_computed,separate_run_2026-09_staging
Burma,1859,Craft,4.8,4.8,4.0,5.2,8.2,0.289458,not_computed,0.292539,2.022687,not_computed,not_computed,not_computed,not_computed,9.31875,6.6,not_computed,separate_run_2026-09_staging
Burma,1859,Hands,6.2,6.0,4.5,3.2,9.3,0.281915,not_computed,0.292539,2.022687,not_computed,not_computed,not_computed,not_computed,9.31875,6.6,not_computed,separate_run_2026-09_staging
Burma,1859,Archive,6.2,5.2,4.2,5.2,9.8,0.305816,not_computed,0.292539,2.022687,not_computed,not_computed,not_computed,not_computed,9.31875,6.6,not_computed,separate_run_2026-09_staging
Burma,1859,Flow,6.2,5.6,4.4,5.0,9.9,0.300452,not_computed,0.292539,2.022687,not_computed,not_computed,not_computed,not_computed,9.31875,6.6,not_computed,separate_run_2026-09_staging
Burma,1860,Helm,6.2,6.2,5.2,6.0,10.2,0.296875,not_computed,0.295759,2.112043,not_computed,not_computed,not_computed,not_computed,9.4375,6.5,not_computed,separate_run_2026-09_staging
Burma,1860,Shield,5.0,5.0,4.8,5.6,8.0,0.284395,not_computed,0.295759,2.112043,not_computed,not_computed,not_computed,not_computed,9.4375,6.5,not_computed,separate_run_2026-09_staging
Burma,1860,Lore,6.8,6.2,2.2,6.4,14.0,0.365311,not_computed,0.295759,2.112043,not_computed,not_computed,not_computed,not_computed,9.4375,6.5,not_computed,separate_run_2026-09_staging
Burma,1860,Stewards,4.8,4.6,5.2,4.6,6.5,0.265265,not_computed,0.295759,2.112043,not_computed,not_computed,not_computed,not_computed,9.4375,6.5,not_computed,separate_run_2026-09_staging
Burma,1860,Craft,4.8,5.2,4.2,4.8,8.2,0.283839,not_computed,0.295759,2.112043,not_computed,not_computed,not_computed,not_computed,9.4375,6.5,not_computed,separate_run_2026-09_staging
Burma,1860,Hands,6.0,6.3,3.7,2.0,9.6,0.281673,not_computed,0.295759,2.112043,not_computed,not_computed,not_computed,not_computed,9.4375,6.5,not_computed,separate_run_2026-09_staging
Burma,1860,Archive,6.0,5.8,4.8,4.8,9.4,0.290853,not_computed,0.295759,2.112043,not_computed,not_computed,not_computed,not_computed,9.4375,6.5,not_computed,separate_run_2026-09_staging
Burma,1860,Flow,6.0,5.6,4.4,4.8,9.6,0.297858,not_computed,0.295759,2.112043,not_computed,not_computed,not_computed,not_computed,9.4375,6.5,not_computed,separate_run_2026-09_staging
Burma,1862,Helm,6.2,6.0,5.0,6.4,10.4,0.312621,not_computed,0.311117,2.126692,not_computed,not_computed,not_computed,not_computed,9.925,6.9,not_computed,separate_run_2026-09_staging
Burma,1862,Shield,5.2,4.8,5.6,5.0,6.9,0.275978,not_computed,0.311117,2.126692,not_computed,not_computed,not_computed,not_computed,9.925,6.9,not_computed,separate_run_2026-09_staging
Burma,1862,Lore,6.8,6.2,3.0,6.4,13.2,0.359658,not_computed,0.311117,2.126692,not_computed,not_computed,not_computed,not_computed,9.925,6.9,not_computed,separate_run_2026-09_staging
Burma,1862,Stewards,4.8,5.2,5.2,4.2,6.9,0.268741,not_computed,0.311117,2.126692,not_computed,not_computed,not_computed,not_computed,9.925,6.9,not_computed,separate_run_2026-09_staging
Burma,1862,Craft,5.0,4.8,3.4,5.0,8.9,0.311802,not_computed,0.311117,2.126692,not_computed,not_computed,not_computed,not_computed,9.925,6.9,not_computed,separate_run_2026-09_staging
Burma,1862,Hands,6.0,6.4,3.6,3.2,10.4,0.304912,not_computed,0.311117,2.126692,not_computed,not_computed,not_computed,not_computed,9.925,6.9,not_computed,separate_run_2026-09_staging
Burma,1862,Archive,6.2,6.2,4.0,5.2,11.0,0.320614,not_computed,0.311117,2.126692,not_computed,not_computed,not_computed,not_computed,9.925,6.9,not_computed,separate_run_2026-09_staging
Burma,1862,Flow,6.8,6.0,3.8,5.4,11.7,0.334607,not_computed,0.311117,2.126692,not_computed,not_computed,not_computed,not_computed,9.925,6.9,not_computed,separate_run_2026-09_staging
Burma,1863,Helm,6.0,6.0,4.8,6.0,10.2,0.31059,not_computed,0.311654,2.207479,not_computed,not_computed,not_computed,not_computed,10.0,7.2,not_computed,separate_run_2026-09_staging
Burma,1863,Shield,4.8,5.0,5.0,4.8,7.2,0.278558,not_computed,0.311654,2.207479,not_computed,not_computed,not_computed,not_computed,10.0,7.2,not_computed,separate_run_2026-09_staging
Burma,1863,Lore,7.2,6.2,2.4,6.4,14.2,0.378038,not_computed,0.311654,2.207479,not_computed,not_computed,not_computed,not_computed,10.0,7.2,not_computed,separate_run_2026-09_staging
Burma,1863,Stewards,5.4,5.6,5.0,4.6,8.3,0.285553,not_computed,0.311654,2.207479,not_computed,not_computed,not_computed,not_computed,10.0,7.2,not_computed,separate_run_2026-09_staging
Burma,1863,Craft,5.2,4.6,3.0,4.8,9.2,0.320735,not_computed,0.311654,2.207479,not_computed,not_computed,not_computed,not_computed,10.0,7.2,not_computed,separate_run_2026-09_staging
Burma,1863,Hands,6.0,6.6,4.4,2.8,9.6,0.286761,not_computed,0.311654,2.207479,not_computed,not_computed,not_computed,not_computed,10.0,7.2,not_computed,separate_run_2026-09_staging
Burma,1863,Archive,6.5,5.5,4.5,5.0,10.0,0.313907,not_computed,0.311654,2.207479,not_computed,not_computed,not_computed,not_computed,10.0,7.2,not_computed,separate_run_2026-09_staging
Burma,1863,Flow,6.2,6.6,4.0,5.0,11.3,0.31909,not_computed,0.311654,2.207479,not_computed,not_computed,not_computed,not_computed,10.0,7.2,not_computed,separate_run_2026-09_staging
Burma,1864,Helm,6.0,6.2,4.8,6.4,10.6,0.305956,not_computed,0.29768,2.040097,not_computed,not_computed,not_computed,not_computed,9.5375,7.2,not_computed,separate_run_2026-09_staging
Burma,1864,Shield,4.5,5.5,5.2,5.8,7.7,0.273489,not_computed,0.29768,2.040097,not_computed,not_computed,not_computed,not_computed,9.5375,7.2,not_computed,separate_run_2026-09_staging
Burma,1864,Lore,7.2,5.5,3.2,6.2,12.6,0.349925,not_computed,0.29768,2.040097,not_computed,not_computed,not_computed,not_computed,9.5375,7.2,not_computed,separate_run_2026-09_staging
Burma,1864,Stewards,5.2,5.8,5.8,4.0,7.2,0.256654,not_computed,0.29768,2.040097,not_computed,not_computed,not_computed,not_computed,9.5375,7.2,not_computed,separate_run_2026-09_staging
Burma,1864,Craft,4.6,5.0,4.4,5.6,8.0,0.286486,not_computed,0.29768,2.040097,not_computed,not_computed,not_computed,not_computed,9.5375,7.2,not_computed,separate_run_2026-09_staging
Burma,1864,Hands,5.8,5.8,5.0,3.8,8.5,0.276332,not_computed,0.29768,2.040097,not_computed,not_computed,not_computed,not_computed,9.5375,7.2,not_computed,separate_run_2026-09_staging
Burma,1864,Archive,6.2,6.2,3.8,5.0,11.1,0.314455,not_computed,0.29768,2.040097,not_computed,not_computed,not_computed,not_computed,9.5375,7.2,not_computed,separate_run_2026-09_staging
Burma,1864,Flow,6.6,5.4,3.8,4.8,10.6,0.318143,not_computed,0.29768,2.040097,not_computed,not_computed,not_computed,not_computed,9.5375,7.2,not_computed,separate_run_2026-09_staging
Burma,1865,Helm,5.6,6.6,5.6,6.0,9.6,0.279888,not_computed,0.291423,2.164102,not_computed,not_computed,not_computed,not_computed,9.25,7.4,not_computed,separate_run_2026-09_staging
Burma,1865,Shield,5.0,5.0,5.0,5.0,7.5,0.272901,not_computed,0.291423,2.164102,not_computed,not_computed,not_computed,not_computed,9.25,7.4,not_computed,separate_run_2026-09_staging
Burma,1865,Lore,6.5,5.8,3.2,6.0,12.1,0.334699,not_computed,0.291423,2.164102,not_computed,not_computed,not_computed,not_computed,9.25,7.4,not_computed,separate_run_2026-09_staging
Burma,1865,Stewards,5.2,4.8,5.0,4.8,7.4,0.273847,not_computed,0.291423,2.164102,not_computed,not_computed,not_computed,not_computed,9.25,7.4,not_computed,separate_run_2026-09_staging
Burma,1865,Craft,5.0,5.2,4.2,5.2,8.6,0.28827,not_computed,0.291423,2.164102,not_computed,not_computed,not_computed,not_computed,9.25,7.4,not_computed,separate_run_2026-09_staging
Burma,1865,Hands,5.5,5.2,4.0,3.2,8.3,0.27899,not_computed,0.291423,2.164102,not_computed,not_computed,not_computed,not_computed,9.25,7.4,not_computed,separate_run_2026-09_staging
Burma,1865,Archive,6.0,5.8,4.2,5.0,10.1,0.300539,not_computed,0.291423,2.164102,not_computed,not_computed,not_computed,not_computed,9.25,7.4,not_computed,separate_run_2026-09_staging
Burma,1865,Flow,6.0,6.0,4.0,4.8,10.4,0.302248,not_computed,0.291423,2.164102,not_computed,not_computed,not_computed,not_computed,9.25,7.4,not_computed,separate_run_2026-09_staging
Burma,1866,Helm,5.6,5.6,5.0,6.0,9.2,0.299432,not_computed,0.30797,2.250858,not_computed,not_computed,not_computed,not_computed,9.65625,7.05,not_computed,separate_run_2026-09_staging
Burma,1866,Shield,5.0,4.5,5.2,5.5,7.05,0.283013,not_computed,0.30797,2.250858,not_computed,not_computed,not_computed,not_computed,9.65625,7.05,not_computed,separate_run_2026-09_staging
Burma,1866,Lore,6.6,6.0,2.4,6.2,13.3,0.365271,not_computed,0.30797,2.250858,not_computed,not_computed,not_computed,not_computed,9.65625,7.05,not_computed,separate_run_2026-09_staging
Burma,1866,Stewards,5.6,5.4,4.4,4.2,8.7,0.292984,not_computed,0.30797,2.250858,not_computed,not_computed,not_computed,not_computed,9.65625,7.05,not_computed,separate_run_2026-09_staging
Burma,1866,Craft,5.4,4.8,4.2,5.2,8.6,0.303514,not_computed,0.30797,2.250858,not_computed,not_computed,not_computed,not_computed,9.65625,7.05,not_computed,separate_run_2026-09_staging
Burma,1866,Hands,6.0,5.8,4.2,3.0,9.1,0.29032,not_computed,0.30797,2.250858,not_computed,not_computed,not_computed,not_computed,9.65625,7.05,not_computed,separate_run_2026-09_staging
Burma,1866,Archive,5.4,6.2,3.6,5.0,10.5,0.312495,not_computed,0.30797,2.250858,not_computed,not_computed,not_computed,not_computed,9.65625,7.05,not_computed,separate_run_2026-09_staging
Burma,1866,Flow,5.8,6.2,3.8,5.2,10.8,0.316729,not_computed,0.30797,2.250858,not_computed,not_computed,not_computed,not_computed,9.65625,7.05,not_computed,separate_run_2026-09_staging
Burma,1867,Helm,5.6,6.4,4.8,6.2,10.3,0.299697,not_computed,0.298954,2.132038,not_computed,not_computed,not_computed,not_computed,9.8375,7.15,not_computed,separate_run_2026-09_staging
Burma,1867,Shield,4.6,5.2,5.0,5.0,7.3,0.271031,not_computed,0.298954,2.132038,not_computed,not_computed,not_computed,not_computed,9.8375,7.15,not_computed,separate_run_2026-09_staging
Burma,1867,Lore,6.7,6.7,3.0,5.7,13.25,0.343726,not_computed,0.298954,2.132038,not_computed,not_computed,not_computed,not_computed,9.8375,7.15,not_computed,separate_run_2026-09_staging
Burma,1867,Stewards,4.7,5.0,4.7,4.3,7.15,0.270352,not_computed,0.298954,2.132038,not_computed,not_computed,not_computed,not_computed,9.8375,7.15,not_computed,separate_run_2026-09_staging
Burma,1867,Craft,5.4,4.8,3.8,4.0,8.4,0.293433,not_computed,0.298954,2.132038,not_computed,not_computed,not_computed,not_computed,9.8375,7.15,not_computed,separate_run_2026-09_staging
Burma,1867,Hands,5.8,6.5,4.0,3.0,9.8,0.285766,not_computed,0.298954,2.132038,not_computed,not_computed,not_computed,not_computed,9.8375,7.15,not_computed,separate_run_2026-09_staging
Burma,1867,Archive,5.6,6.4,3.8,5.0,10.7,0.306545,not_computed,0.298954,2.132038,not_computed,not_computed,not_computed,not_computed,9.8375,7.15,not_computed,separate_run_2026-09_staging
Burma,1867,Flow,6.8,6.4,4.2,5.6,11.8,0.321082,not_computed,0.298954,2.132038,not_computed,not_computed,not_computed,not_computed,9.8375,7.15,not_computed,separate_run_2026-09_staging
Burma,1868,Helm,6.0,6.0,4.6,5.8,10.3,0.307136,not_computed,0.302492,2.074445,not_computed,not_computed,not_computed,not_computed,9.6375,6.4,not_computed,separate_run_2026-09_staging
Burma,1868,Shield,5.0,5.2,5.0,5.2,7.8,0.280719,not_computed,0.302492,2.074445,not_computed,not_computed,not_computed,not_computed,9.6375,6.4,not_computed,separate_run_2026-09_staging
Burma,1868,Lore,6.6,5.6,3.0,6.6,12.5,0.352855,not_computed,0.302492,2.074445,not_computed,not_computed,not_computed,not_computed,9.6375,6.4,not_computed,separate_run_2026-09_staging
Burma,1868,Stewards,4.8,4.8,4.8,3.2,6.4,0.260322,not_computed,0.302492,2.074445,not_computed,not_computed,not_computed,not_computed,9.6375,6.4,not_computed,separate_run_2026-09_staging
Burma,1868,Craft,4.8,4.8,3.6,5.0,8.5,0.30004,not_computed,0.302492,2.074445,not_computed,not_computed,not_computed,not_computed,9.6375,6.4,not_computed,separate_run_2026-09_staging
Burma,1868,Hands,6.0,6.7,3.7,2.7,10.35,0.292929,not_computed,0.302492,2.074445,not_computed,not_computed,not_computed,not_computed,9.6375,6.4,not_computed,separate_run_2026-09_staging
Burma,1868,Archive,6.0,6.0,4.0,5.0,10.5,0.310775,not_computed,0.302492,2.074445,not_computed,not_computed,not_computed,not_computed,9.6375,6.4,not_computed,separate_run_2026-09_staging
Burma,1868,Flow,6.0,6.0,3.5,4.5,10.75,0.315161,not_computed,0.302492,2.074445,not_computed,not_computed,not_computed,not_computed,9.6375,6.4,not_computed,separate_run_2026-09_staging
Burma,1869,Helm,6.2,6.0,5.2,5.8,9.9,0.296482,not_computed,0.298053,2.004314,not_computed,not_computed,not_computed,not_computed,9.6625,6.0,not_computed,separate_run_2026-09_staging
Burma,1869,Shield,5.0,5.0,5.0,4.2,7.1,0.268645,not_computed,0.298053,2.004314,not_computed,not_computed,not_computed,not_computed,9.6625,6.0,not_computed,separate_run_2026-09_staging
Burma,1869,Lore,7.2,5.8,3.0,6.0,13.0,0.35246,not_computed,0.298053,2.004314,not_computed,not_computed,not_computed,not_computed,9.6625,6.0,not_computed,separate_run_2026-09_staging
Burma,1869,Stewards,4.8,4.8,5.2,3.2,6.0,0.251975,not_computed,0.298053,2.004314,not_computed,not_computed,not_computed,not_computed,9.6625,6.0,not_computed,separate_run_2026-09_staging
Burma,1869,Craft,5.0,5.2,3.8,5.2,9.0,0.299162,not_computed,0.298053,2.004314,not_computed,not_computed,not_computed,not_computed,9.6625,6.0,not_computed,separate_run_2026-09_staging
Burma,1869,Hands,6.2,6.5,3.2,3.0,11.0,0.305776,not_computed,0.298053,2.004314,not_computed,not_computed,not_computed,not_computed,9.6625,6.0,not_computed,separate_run_2026-09_staging
Burma,1869,Archive,7.0,6.4,4.8,4.6,10.9,0.303604,not_computed,0.298053,2.004314,not_computed,not_computed,not_computed,not_computed,9.6625,6.0,not_computed,separate_run_2026-09_staging
Burma,1869,Flow,6.0,6.0,4.0,4.8,10.4,0.30632,not_computed,0.298053,2.004314,not_computed,not_computed,not_computed,not_computed,9.6625,6.0,not_computed,separate_run_2026-09_staging
Burma,1870,Helm,6.0,5.5,4.8,6.2,9.8,0.306938,not_computed,0.302225,2.147264,not_computed,not_computed,not_computed,not_computed,9.43125,6.9,not_computed,separate_run_2026-09_staging
Burma,1870,Shield,5.0,4.6,4.8,5.0,7.3,0.282117,not_computed,0.302225,2.147264,not_computed,not_computed,not_computed,not_computed,9.43125,6.9,not_computed,separate_run_2026-09_staging
Burma,1870,Lore,7.2,6.6,2.4,5.8,14.3,0.365913,not_computed,0.302225,2.147264,not_computed,not_computed,not_computed,not_computed,9.43125,6.9,not_computed,separate_run_2026-09_staging
Burma,1870,Stewards,4.6,4.8,4.6,4.2,6.9,0.271122,not_computed,0.302225,2.147264,not_computed,not_computed,not_computed,not_computed,9.43125,6.9,not_computed,separate_run_2026-09_staging
Burma,1870,Craft,5.0,4.8,4.2,4.2,7.7,0.284214,not_computed,0.302225,2.147264,not_computed,not_computed,not_computed,not_computed,9.43125,6.9,not_computed,separate_run_2026-09_staging
Burma,1870,Hands,5.3,5.3,4.0,2.7,7.95,0.276125,not_computed,0.302225,2.147264,not_computed,not_computed,not_computed,not_computed,9.43125,6.9,not_computed,separate_run_2026-09_staging
Burma,1870,Archive,5.8,6.0,3.0,4.8,11.2,0.324479,not_computed,0.302225,2.147264,not_computed,not_computed,not_computed,not_computed,9.43125,6.9,not_computed,separate_run_2026-09_staging
Burma,1870,Flow,6.0,6.0,4.0,4.6,10.3,0.306896,not_computed,0.302225,2.147264,not_computed,not_computed,not_computed,not_computed,9.43125,6.9,not_computed,separate_run_2026-09_staging
Burma,1871,Helm,6.4,5.8,5.8,6.0,9.4,0.291926,not_computed,0.301577,2.213769,not_computed,not_computed,not_computed,not_computed,9.9125,7.4,not_computed,separate_run_2026-09_staging
Burma,1871,Shield,5.4,5.4,5.2,5.4,8.3,0.284269,not_computed,0.301577,2.213769,not_computed,not_computed,not_computed,not_computed,9.9125,7.4,not_computed,separate_run_2026-09_staging
Burma,1871,Lore,7.2,7.8,3.5,6.8,14.9,0.351454,not_computed,0.301577,2.213769,not_computed,not_computed,not_computed,not_computed,9.9125,7.4,not_computed,separate_run_2026-09_staging
Burma,1871,Stewards,5.4,4.8,5.0,4.4,7.4,0.278247,not_computed,0.301577,2.213769,not_computed,not_computed,not_computed,not_computed,9.9125,7.4,not_computed,separate_run_2026-09_staging
Burma,1871,Craft,4.8,4.4,3.8,5.6,8.2,0.302072,not_computed,0.301577,2.213769,not_computed,not_computed,not_computed,not_computed,9.9125,7.4,not_computed,separate_run_2026-09_staging
Burma,1871,Hands,5.6,5.8,3.4,2.8,9.4,0.292097,not_computed,0.301577,2.213769,not_computed,not_computed,not_computed,not_computed,9.9125,7.4,not_computed,separate_run_2026-09_staging
Burma,1871,Archive,6.5,6.5,4.5,5.0,11.0,0.307908,not_computed,0.301577,2.213769,not_computed,not_computed,not_computed,not_computed,9.9125,7.4,not_computed,separate_run_2026-09_staging
Burma,1871,Flow,6.0,6.5,4.2,4.8,10.7,0.30464,not_computed,0.301577,2.213769,not_computed,not_computed,not_computed,not_computed,9.9125,7.4,not_computed,separate_run_2026-09_staging
Burma,1872,Helm,6.5,5.8,5.2,6.0,10.1,0.306301,not_computed,0.305891,2.193554,not_computed,not_computed,not_computed,not_computed,9.7375,7.7,not_computed,separate_run_2026-09_staging
Burma,1872,Shield,4.8,5.2,4.8,5.0,7.7,0.280927,not_computed,0.305891,2.193554,not_computed,not_computed,not_computed,not_computed,9.7375,7.7,not_computed,separate_run_2026-09_staging
Burma,1872,Lore,7.0,5.8,3.0,6.2,12.9,0.356897,not_computed,0.305891,2.193554,not_computed,not_computed,not_computed,not_computed,9.7375,7.7,not_computed,separate_run_2026-09_staging
Burma,1872,Stewards,5.6,5.4,5.4,4.4,7.8,0.276645,not_computed,0.305891,2.193554,not_computed,not_computed,not_computed,not_computed,9.7375,7.7,not_computed,separate_run_2026-09_staging
Burma,1872,Craft,5.2,4.8,3.8,4.2,8.3,0.296214,not_computed,0.305891,2.193554,not_computed,not_computed,not_computed,not_computed,9.7375,7.7,not_computed,separate_run_2026-09_staging
Burma,1872,Hands,6.6,5.8,3.6,3.0,10.3,0.309225,not_computed,0.305891,2.193554,not_computed,not_computed,not_computed,not_computed,9.7375,7.7,not_computed,separate_run_2026-09_staging
Burma,1872,Archive,5.8,5.5,4.5,5.8,9.7,0.308189,not_computed,0.305891,2.193554,not_computed,not_computed,not_computed,not_computed,9.7375,7.7,not_computed,separate_run_2026-09_staging
Burma,1872,Flow,6.0,6.6,4.0,5.0,11.1,0.312729,not_computed,0.305891,2.193554,not_computed,not_computed,not_computed,not_computed,9.7375,7.7,not_computed,separate_run_2026-09_staging
Burma,1873,Helm,6.0,6.3,5.7,6.3,9.75,0.290611,not_computed,0.300217,2.168776,not_computed,not_computed,not_computed,not_computed,9.43125,7.3,not_computed,separate_run_2026-09_staging
Burma,1873,Shield,5.0,5.3,4.7,4.7,7.95,0.279761,not_computed,0.300217,2.168776,not_computed,not_computed,not_computed,not_computed,9.43125,7.3,not_computed,separate_run_2026-09_staging
Burma,1873,Lore,8.0,5.3,2.7,5.7,13.45,0.367793,not_computed,0.300217,2.168776,not_computed,not_computed,not_computed,not_computed,9.43125,7.3,not_computed,separate_run_2026-09_staging
Burma,1873,Stewards,5.0,5.0,4.8,4.2,7.3,0.273047,not_computed,0.300217,2.168776,not_computed,not_computed,not_computed,not_computed,9.43125,7.3,not_computed,separate_run_2026-09_staging
Burma,1873,Craft,4.4,4.8,3.6,5.2,8.2,0.294568,not_computed,0.300217,2.168776,not_computed,not_computed,not_computed,not_computed,9.43125,7.3,not_computed,separate_run_2026-09_staging
Burma,1873,Hands,6.2,6.0,3.8,3.4,10.1,0.300418,not_computed,0.300217,2.168776,not_computed,not_computed,not_computed,not_computed,9.43125,7.3,not_computed,separate_run_2026-09_staging
Burma,1873,Archive,5.0,5.5,4.5,4.8,8.4,0.284157,not_computed,0.300217,2.168776,not_computed,not_computed,not_computed,not_computed,9.43125,7.3,not_computed,separate_run_2026-09_staging
Burma,1873,Flow,6.4,5.6,4.2,5.0,10.3,0.311383,not_computed,0.300217,2.168776,not_computed,not_computed,not_computed,not_computed,9.43125,7.3,not_computed,separate_run_2026-09_staging
Burma,1874,Helm,6.4,5.2,4.2,5.6,10.2,0.321794,not_computed,0.308707,2.179531,not_computed,not_computed,not_computed,not_computed,9.8375,6.7,not_computed,separate_run_2026-09_staging
Burma,1874,Shield,5.2,4.8,4.8,5.0,7.7,0.288383,not_computed,0.308707,2.179531,not_computed,not_computed,not_computed,not_computed,9.8375,6.7,not_computed,separate_run_2026-09_staging
Burma,1874,Lore,7.0,6.4,2.8,6.0,13.6,0.361191,not_computed,0.308707,2.179531,not_computed,not_computed,not_computed,not_computed,9.8375,6.7,not_computed,separate_run_2026-09_staging
Burma,1874,Stewards,5.0,4.6,5.0,4.2,6.7,0.273941,not_computed,0.308707,2.179531,not_computed,not_computed,not_computed,not_computed,9.8375,6.7,not_computed,separate_run_2026-09_staging
Burma,1874,Craft,5.0,5.6,3.8,5.0,9.3,0.303082,not_computed,0.308707,2.179531,not_computed,not_computed,not_computed,not_computed,9.8375,6.7,not_computed,separate_run_2026-09_staging
Burma,1874,Hands,5.8,6.6,4.2,3.2,9.8,0.289673,not_computed,0.308707,2.179531,not_computed,not_computed,not_computed,not_computed,9.8375,6.7,not_computed,separate_run_2026-09_staging
Burma,1874,Archive,6.4,6.2,4.0,5.0,11.1,0.320083,not_computed,0.308707,2.179531,not_computed,not_computed,not_computed,not_computed,9.8375,6.7,not_computed,separate_run_2026-09_staging
Burma,1874,Flow,5.8,6.0,4.0,5.0,10.3,0.311514,not_computed,0.308707,2.179531,not_computed,not_computed,not_computed,not_computed,9.8375,6.7,not_computed,separate_run_2026-09_staging
Burma,1875,Helm,6.0,6.6,5.0,6.2,10.7,0.305183,not_computed,0.305783,2.20464,not_computed,not_computed,not_computed,not_computed,9.83125,7.4,not_computed,separate_run_2026-09_staging
Burma,1875,Shield,5.6,5.0,4.4,5.4,8.9,0.303426,not_computed,0.305783,2.20464,not_computed,not_computed,not_computed,not_computed,9.83125,7.4,not_computed,separate_run_2026-09_staging
Burma,1875,Lore,6.6,6.0,2.8,5.6,12.6,0.349948,not_computed,0.305783,2.20464,not_computed,not_computed,not_computed,not_computed,9.83125,7.4,not_computed,separate_run_2026-09_staging
Burma,1875,Stewards,5.0,5.0,4.8,4.4,7.4,0.277806,not_computed,0.305783,2.20464,not_computed,not_computed,not_computed,not_computed,9.83125,7.4,not_computed,separate_run_2026-09_staging
Burma,1875,Craft,5.0,5.0,3.8,5.0,8.7,0.301378,not_computed,0.305783,2.20464,not_computed,not_computed,not_computed,not_computed,9.83125,7.4,not_computed,separate_run_2026-09_staging
Burma,1875,Hands,5.5,6.8,4.0,2.8,9.7,0.282303,not_computed,0.305783,2.20464,not_computed,not_computed,not_computed,not_computed,9.83125,7.4,not_computed,separate_run_2026-09_staging
Burma,1875,Archive,6.4,6.2,4.0,5.4,11.3,0.321936,not_computed,0.305783,2.20464,not_computed,not_computed,not_computed,not_computed,9.83125,7.4,not_computed,separate_run_2026-09_staging
Burma,1875,Flow,6.0,5.3,4.3,4.7,9.35,0.304286,not_computed,0.305783,2.20464,not_computed,not_computed,not_computed,not_computed,9.83125,7.4,not_computed,separate_run_2026-09_staging
Burma,1876,Helm,6.2,6.0,4.8,5.4,10.1,0.293992,not_computed,0.28749,1.983406,not_computed,not_computed,not_computed,not_computed,9.25625,6.0,not_computed,separate_run_2026-09_staging
Burma,1876,Shield,5.0,5.0,5.0,4.5,7.25,0.266159,not_computed,0.28749,1.983406,not_computed,not_computed,not_computed,not_computed,9.25625,6.0,not_computed,separate_run_2026-09_staging
Burma,1876,Lore,7.2,5.5,3.0,6.0,12.7,0.345015,not_computed,0.28749,1.983406,not_computed,not_computed,not_computed,not_computed,9.25625,6.0,not_computed,separate_run_2026-09_staging
Burma,1876,Stewards,4.6,4.8,5.4,4.0,6.0,0.24905,not_computed,0.28749,1.983406,not_computed,not_computed,not_computed,not_computed,9.25625,6.0,not_computed,separate_run_2026-09_staging
Burma,1876,Craft,5.0,5.4,4.2,4.8,8.6,0.282256,not_computed,0.28749,1.983406,not_computed,not_computed,not_computed,not_computed,9.25625,6.0,not_computed,separate_run_2026-09_staging
Burma,1876,Hands,6.0,6.0,4.7,4.0,9.3,0.280563,not_computed,0.28749,1.983406,not_computed,not_computed,not_computed,not_computed,9.25625,6.0,not_computed,separate_run_2026-09_staging
Burma,1876,Archive,5.8,6.2,4.5,5.0,10.0,0.29039,not_computed,0.28749,1.983406,not_computed,not_computed,not_computed,not_computed,9.25625,6.0,not_computed,separate_run_2026-09_staging
Burma,1876,Flow,5.6,6.2,4.0,4.6,10.1,0.292491,not_computed,0.28749,1.983406,not_computed,not_computed,not_computed,not_computed,9.25625,6.0,not_computed,separate_run_2026-09_staging
Burma,1877,Helm,6.8,6.0,5.2,6.2,10.7,0.307484,not_computed,0.298869,2.133618,not_computed,not_computed,not_computed,not_computed,9.61875,6.9,not_computed,separate_run_2026-09_staging
Burma,1877,Shield,4.4,5.0,5.2,5.4,6.9,0.268659,not_computed,0.298869,2.133618,not_computed,not_computed,not_computed,not_computed,9.61875,6.9,not_computed,separate_run_2026-09_staging
Burma,1877,Lore,7.0,5.8,3.5,5.8,12.2,0.338664,not_computed,0.298869,2.133618,not_computed,not_computed,not_computed,not_computed,9.61875,6.9,not_computed,separate_run_2026-09_staging
Burma,1877,Stewards,5.0,5.0,5.0,4.8,7.4,0.274884,not_computed,0.298869,2.133618,not_computed,not_computed,not_computed,not_computed,9.61875,6.9,not_computed,separate_run_2026-09_staging
Burma,1877,Craft,5.2,5.2,4.0,4.8,8.8,0.294953,not_computed,0.298869,2.133618,not_computed,not_computed,not_computed,not_computed,9.61875,6.9,not_computed,separate_run_2026-09_staging
Burma,1877,Hands,6.2,6.6,3.6,2.8,10.6,0.296855,not_computed,0.298869,2.133618,not_computed,not_computed,not_computed,not_computed,9.61875,6.9,not_computed,separate_run_2026-09_staging
Burma,1877,Archive,5.6,5.8,3.8,5.6,10.4,0.312207,not_computed,0.298869,2.133618,not_computed,not_computed,not_computed,not_computed,9.61875,6.9,not_computed,separate_run_2026-09_staging
Burma,1877,Flow,5.5,6.2,4.5,5.5,9.95,0.297246,not_computed,0.298869,2.133618,not_computed,not_computed,not_computed,not_computed,9.61875,6.9,not_computed,separate_run_2026-09_staging
Burma,1878,Helm,2.8,3.4,7.4,2.8,0.2,0.138751,not_computed,0.178107,1.104049,not_computed,not_computed,not_computed,not_computed,4.6625,0.2,not_computed,separate_run_2026-09_staging
Burma,1878,Shield,3.8,4.0,6.6,3.0,2.7,0.160489,not_computed,0.178107,1.104049,not_computed,not_computed,not_computed,not_computed,4.6625,0.2,not_computed,separate_run_2026-09_staging
Burma,1878,Lore,5.8,6.2,4.2,4.6,10.1,0.220966,not_computed,0.178107,1.104049,not_computed,not_computed,not_computed,not_computed,4.6625,0.2,not_computed,separate_run_2026-09_staging
Burma,1878,Stewards,3.8,4.2,6.5,4.0,3.5,0.169301,not_computed,0.178107,1.104049,not_computed,not_computed,not_computed,not_computed,4.6625,0.2,not_computed,separate_run_2026-09_staging
Burma,1878,Craft,5.2,5.0,4.5,4.2,7.8,0.208322,not_computed,0.178107,1.104049,not_computed,not_computed,not_computed,not_computed,4.6625,0.2,not_computed,separate_run_2026-09_staging
Burma,1878,Hands,5.2,5.4,6.4,3.0,5.7,0.178391,not_computed,0.178107,1.104049,not_computed,not_computed,not_computed,not_computed,4.6625,0.2,not_computed,separate_run_2026-09_staging
Burma,1878,Archive,4.2,3.6,6.4,4.0,3.4,0.174794,not_computed,0.178107,1.104049,not_computed,not_computed,not_computed,not_computed,4.6625,0.2,not_computed,separate_run_2026-09_staging
Burma,1878,Flow,4.5,4.2,6.8,4.0,3.9,0.17384,not_computed,0.178107,1.104049,not_computed,not_computed,not_computed,not_computed,4.6625,0.2,not_computed,separate_run_2026-09_staging
Burma,1879,Helm,3.2,3.2,7.8,3.2,0.2,0.141877,not_computed,0.17426,1.129052,not_computed,not_computed,not_computed,not_computed,4.40625,0.2,not_computed,separate_run_2026-09_staging
Burma,1879,Shield,4.4,4.4,7.4,3.2,3.0,0.159011,not_computed,0.17426,1.129052,not_computed,not_computed,not_computed,not_computed,4.40625,0.2,not_computed,separate_run_2026-09_staging
Burma,1879,Lore,5.6,6.0,5.2,5.6,9.2,0.210404,not_computed,0.17426,1.129052,not_computed,not_computed,not_computed,not_computed,4.40625,0.2,not_computed,separate_run_2026-09_staging
Burma,1879,Stewards,4.2,3.8,5.8,4.2,4.3,0.180263,not_computed,0.17426,1.129052,not_computed,not_computed,not_computed,not_computed,4.40625,0.2,not_computed,separate_run_2026-09_staging
Burma,1879,Craft,5.2,5.6,4.6,3.4,7.9,0.198635,not_computed,0.17426,1.129052,not_computed,not_computed,not_computed,not_computed,4.40625,0.2,not_computed,separate_run_2026-09_staging
Burma,1879,Hands,4.8,5.5,6.2,2.5,5.35,0.170157,not_computed,0.17426,1.129052,not_computed,not_computed,not_computed,not_computed,4.40625,0.2,not_computed,separate_run_2026-09_staging
Burma,1879,Archive,3.8,3.6,6.4,4.0,3.0,0.168133,not_computed,0.17426,1.129052,not_computed,not_computed,not_computed,not_computed,4.40625,0.2,not_computed,separate_run_2026-09_staging
Burma,1879,Flow,3.8,3.2,6.8,4.2,2.3,0.165602,not_computed,0.17426,1.129052,not_computed,not_computed,not_computed,not_computed,4.40625,0.2,not_computed,separate_run_2026-09_staging
Burma,1880,Helm,2.5,3.2,8.2,2.8,-1.1,0.128673,not_computed,0.179433,1.024094,not_computed,not_computed,not_computed,not_computed,4.66875,-1.1,not_computed,separate_run_2026-09_staging
Burma,1880,Shield,3.7,3.7,6.3,2.3,2.25,0.156961,not_computed,0.179433,1.024094,not_computed,not_computed,not_computed,not_computed,4.66875,-1.1,not_computed,separate_run_2026-09_staging
Burma,1880,Lore,5.7,5.7,4.3,5.0,9.6,0.22249,not_computed,0.179433,1.024094,not_computed,not_computed,not_computed,not_computed,4.66875,-1.1,not_computed,separate_run_2026-09_staging
Burma,1880,Stewards,4.5,3.8,5.8,4.2,4.6,0.186818,not_computed,0.179433,1.024094,not_computed,not_computed,not_computed,not_computed,4.66875,-1.1,not_computed,separate_run_2026-09_staging
Burma,1880,Craft,5.2,5.6,4.4,4.0,8.4,0.209087,not_computed,0.179433,1.024094,not_computed,not_computed,not_computed,not_computed,4.66875,-1.1,not_computed,separate_run_2026-09_staging
Burma,1880,Hands,5.0,5.3,5.3,3.0,6.5,0.188999,not_computed,0.179433,1.024094,not_computed,not_computed,not_computed,not_computed,4.66875,-1.1,not_computed,separate_run_2026-09_staging
Burma,1880,Archive,4.4,4.2,6.4,3.6,4.0,0.174884,not_computed,0.179433,1.024094,not_computed,not_computed,not_computed,not_computed,4.66875,-1.1,not_computed,separate_run_2026-09_staging
Burma,1880,Flow,3.8,4.0,6.6,3.8,3.1,0.167554,not_computed,0.179433,1.024094,not_computed,not_computed,not_computed,not_computed,4.66875,-1.1,not_computed,separate_run_2026-09_staging
Burma,1881,Helm,3.6,3.2,8.0,3.0,0.3,0.146043,not_computed,0.180407,1.160674,not_computed,not_computed,not_computed,not_computed,4.46875,0.3,not_computed,separate_run_2026-09_staging
Burma,1881,Shield,4.0,4.5,6.8,3.0,3.2,0.162056,not_computed,0.180407,1.160674,not_computed,not_computed,not_computed,not_computed,4.46875,0.3,not_computed,separate_run_2026-09_staging
Burma,1881,Lore,6.6,5.8,4.8,5.0,10.1,0.225365,not_computed,0.180407,1.160674,not_computed,not_computed,not_computed,not_computed,4.46875,0.3,not_computed,separate_run_2026-09_staging
Burma,1881,Stewards,3.5,3.8,6.2,3.8,3.0,0.168456,not_computed,0.180407,1.160674,not_computed,not_computed,not_computed,not_computed,4.46875,0.3,not_computed,separate_run_2026-09_staging
Burma,1881,Craft,5.0,5.0,5.0,4.5,7.25,0.203916,not_computed,0.180407,1.160674,not_computed,not_computed,not_computed,not_computed,4.46875,0.3,not_computed,separate_run_2026-09_staging
Burma,1881,Hands,4.8,4.8,5.8,3.6,5.6,0.18617,not_computed,0.180407,1.160674,not_computed,not_computed,not_computed,not_computed,4.46875,0.3,not_computed,separate_run_2026-09_staging
Burma,1881,Archive,4.0,3.3,6.0,4.0,3.3,0.178013,not_computed,0.180407,1.160674,not_computed,not_computed,not_computed,not_computed,4.46875,0.3,not_computed,separate_run_2026-09_staging
Burma,1881,Flow,4.4,3.6,7.4,4.8,3.0,0.173236,not_computed,0.180407,1.160674,not_computed,not_computed,not_computed,not_computed,4.46875,0.3,not_computed,separate_run_2026-09_staging
Burma,1882,Helm,2.8,3.0,7.8,2.8,-0.6,0.133193,not_computed,0.173098,1.060705,not_computed,not_computed,not_computed,not_computed,4.05625,-0.6,not_computed,separate_run_2026-09_staging
Burma,1882,Shield,4.0,4.0,7.0,3.4,2.7,0.15941,not_computed,0.173098,1.060705,not_computed,not_computed,not_computed,not_computed,4.05625,-0.6,not_computed,separate_run_2026-09_staging
Burma,1882,Lore,6.2,5.8,5.8,5.2,8.8,0.205551,not_computed,0.173098,1.060705,not_computed,not_computed,not_computed,not_computed,4.05625,-0.6,not_computed,separate_run_2026-09_staging
Burma,1882,Stewards,3.8,3.5,6.2,4.5,3.35,0.173257,not_computed,0.173098,1.060705,not_computed,not_computed,not_computed,not_computed,4.05625,-0.6,not_computed,separate_run_2026-09_staging
Burma,1882,Craft,5.0,4.6,5.0,4.8,7.0,0.201066,not_computed,0.173098,1.060705,not_computed,not_computed,not_computed,not_computed,4.05625,-0.6,not_computed,separate_run_2026-09_staging
Burma,1882,Hands,4.0,4.8,5.8,3.2,4.6,0.16974,not_computed,0.173098,1.060705,not_computed,not_computed,not_computed,not_computed,4.05625,-0.6,not_computed,separate_run_2026-09_staging
Burma,1882,Archive,4.2,3.8,5.8,4.8,4.6,0.183902,not_computed,0.173098,1.060705,not_computed,not_computed,not_computed,not_computed,4.05625,-0.6,not_computed,separate_run_2026-09_staging
Burma,1882,Flow,3.8,3.4,7.0,3.6,2.0,0.158667,not_computed,0.173098,1.060705,not_computed,not_computed,not_computed,not_computed,4.05625,-0.6,not_computed,separate_run_2026-09_staging
Burma,1883,Helm,3.2,2.5,8.8,3.0,-1.6,0.127587,not_computed,0.163989,1.008288,not_computed,not_computed,not_computed,not_computed,3.725,-1.6,not_computed,separate_run_2026-09_staging
Burma,1883,Shield,3.8,4.0,7.0,2.6,2.1,0.146509,not_computed,0.163989,1.008288,not_computed,not_computed,not_computed,not_computed,3.725,-1.6,not_computed,separate_run_2026-09_staging
Burma,1883,Lore,5.4,5.8,5.0,5.4,8.9,0.202391,not_computed,0.163989,1.008288,not_computed,not_computed,not_computed,not_computed,3.725,-1.6,not_computed,separate_run_2026-09_staging
Burma,1883,Stewards,3.6,3.4,5.6,3.8,3.3,0.166628,not_computed,0.163989,1.008288,not_computed,not_computed,not_computed,not_computed,3.725,-1.6,not_computed,separate_run_2026-09_staging
Burma,1883,Craft,4.8,5.0,5.2,3.8,6.5,0.183946,not_computed,0.163989,1.008288,not_computed,not_computed,not_computed,not_computed,3.725,-1.6,not_computed,separate_run_2026-09_staging
Burma,1883,Hands,5.2,5.2,6.0,3.4,6.1,0.176923,not_computed,0.163989,1.008288,not_computed,not_computed,not_computed,not_computed,3.725,-1.6,not_computed,separate_run_2026-09_staging
Burma,1883,Archive,4.2,3.8,6.4,4.6,3.9,0.170846,not_computed,0.163989,1.008288,not_computed,not_computed,not_computed,not_computed,3.725,-1.6,not_computed,separate_run_2026-09_staging
Burma,1883,Flow,2.8,3.8,8.0,4.0,0.6,0.137082,not_computed,0.163989,1.008288,not_computed,not_computed,not_computed,not_computed,3.725,-1.6,not_computed,separate_run_2026-09_staging
Burma,1884,Helm,3.6,3.0,9.4,3.4,-1.1,0.13127,not_computed,0.167452,1.035558,not_computed,not_computed,not_computed,not_computed,3.875,-1.1,not_computed,separate_run_2026-09_staging
Burma,1884,Shield,3.6,4.0,7.4,3.6,2.0,0.149928,not_computed,0.167452,1.035558,not_computed,not_computed,not_computed,not_computed,3.875,-1.1,not_computed,separate_run_2026-09_staging
Burma,1884,Lore,6.2,6.0,5.2,5.0,9.5,0.207446,not_computed,0.167452,1.035558,not_computed,not_computed,not_computed,not_computed,3.875,-1.1,not_computed,separate_run_2026-09_staging
Burma,1884,Stewards,4.0,3.2,6.0,3.8,3.1,0.169216,not_computed,0.167452,1.035558,not_computed,not_computed,not_computed,not_computed,3.875,-1.1,not_computed,separate_run_2026-09_staging
Burma,1884,Craft,4.6,4.8,4.8,4.4,6.8,0.192717,not_computed,0.167452,1.035558,not_computed,not_computed,not_computed,not_computed,3.875,-1.1,not_computed,separate_run_2026-09_staging
Burma,1884,Hands,5.4,5.2,5.8,3.4,6.5,0.183231,not_computed,0.167452,1.035558,not_computed,not_computed,not_computed,not_computed,3.875,-1.1,not_computed,separate_run_2026-09_staging
Burma,1884,Archive,3.5,3.8,6.0,4.2,3.4,0.166598,not_computed,0.167452,1.035558,not_computed,not_computed,not_computed,not_computed,3.875,-1.1,not_computed,separate_run_2026-09_staging
Burma,1884,Flow,3.0,4.0,8.2,4.0,0.8,0.13921,not_computed,0.167452,1.035558,not_computed,not_computed,not_computed,not_computed,3.875,-1.1,not_computed,separate_run_2026-09_staging
Burma,1885,Helm,1.0,2.0,8.7,2.7,-4.35,0.072068,not_computed,0.094861,0.565821,not_computed,not_computed,not_computed,not_computed,-0.8375,-4.7,not_computed,separate_run_2026-09_staging
Burma,1885,Shield,2.2,1.4,9.2,1.8,-4.7,0.076218,not_computed,0.094861,0.565821,not_computed,not_computed,not_computed,not_computed,-0.8375,-4.7,not_computed,separate_run_2026-09_staging
Burma,1885,Lore,4.6,4.6,6.4,5.0,5.3,0.128458,not_computed,0.094861,0.565821,not_computed,not_computed,not_computed,not_computed,-0.8375,-4.7,not_computed,separate_run_2026-09_staging
Burma,1885,Stewards,3.0,3.2,9.2,2.5,-1.75,0.087657,not_computed,0.094861,0.565821,not_computed,not_computed,not_computed,not_computed,-0.8375,-4.7,not_computed,separate_run_2026-09_staging
Burma,1885,Craft,3.4,4.2,7.0,3.8,2.5,0.110525,not_computed,0.094861,0.565821,not_computed,not_computed,not_computed,not_computed,-0.8375,-4.7,not_computed,separate_run_2026-09_staging
Burma,1885,Hands,4.8,4.4,7.8,3.4,3.1,0.113468,not_computed,0.094861,0.565821,not_computed,not_computed,not_computed,not_computed,-0.8375,-4.7,not_computed,separate_run_2026-09_staging
Burma,1885,Archive,1.8,1.2,9.0,3.2,-4.4,0.082318,not_computed,0.094861,0.565821,not_computed,not_computed,not_computed,not_computed,-0.8375,-4.7,not_computed,separate_run_2026-09_staging
Burma,1885,Flow,2.6,2.8,9.6,3.6,-2.4,0.088177,not_computed,0.094861,0.565821,not_computed,not_computed,not_computed,not_computed,-0.8375,-4.7,not_computed,separate_run_2026-09_staging
Burma,1886,Helm,7.5,6.0,6.8,6.2,9.8,0.256879,not_computed,0.245971,1.668395,not_computed,not_computed,not_computed,not_computed,8.1625,4.2,not_computed,separate_run_2026-09_staging
Burma,1886,Shield,6.6,5.2,8.0,5.8,6.7,0.228523,not_computed,0.245971,1.668395,not_computed,not_computed,not_computed,not_computed,8.1625,4.2,not_computed,separate_run_2026-09_staging
Burma,1886,Lore,4.0,4.2,5.6,3.2,4.2,0.209163,not_computed,0.245971,1.668395,not_computed,not_computed,not_computed,not_computed,8.1625,4.2,not_computed,separate_run_2026-09_staging
Burma,1886,Stewards,5.4,5.8,4.8,5.0,8.9,0.255848,not_computed,0.245971,1.668395,not_computed,not_computed,not_computed,not_computed,8.1625,4.2,not_computed,separate_run_2026-09_staging
Burma,1886,Craft,5.6,5.0,5.4,4.8,7.6,0.247735,not_computed,0.245971,1.668395,not_computed,not_computed,not_computed,not_computed,8.1625,4.2,not_computed,separate_run_2026-09_staging
Burma,1886,Hands,5.6,6.2,4.8,2.8,8.4,0.239249,not_computed,0.245971,1.668395,not_computed,not_computed,not_computed,not_computed,8.1625,4.2,not_computed,separate_run_2026-09_staging
Burma,1886,Archive,6.8,5.8,5.4,5.6,10.0,0.267365,not_computed,0.245971,1.668395,not_computed,not_computed,not_computed,not_computed,8.1625,4.2,not_computed,separate_run_2026-09_staging
Burma,1886,Flow,6.0,6.0,4.6,4.6,9.7,0.263007,not_computed,0.245971,1.668395,not_computed,not_computed,not_computed,not_computed,8.1625,4.2,not_computed,separate_run_2026-09_staging
Burma,1887,Helm,7.6,6.6,7.0,5.6,10.0,0.251749,not_computed,0.24707,1.654523,not_computed,not_computed,not_computed,not_computed,8.14375,3.5,not_computed,separate_run_2026-09_staging
Burma,1887,Shield,5.5,6.5,7.5,6.2,7.6,0.227783,not_computed,0.24707,1.654523,not_computed,not_computed,not_computed,not_computed,8.14375,3.5,not_computed,separate_run_2026-09_staging
Burma,1887,Lore,3.8,3.8,6.0,3.8,3.5,0.207564,not_computed,0.24707,1.654523,not_computed,not_computed,not_computed,not_computed,8.14375,3.5,not_computed,separate_run_2026-09_staging
Burma,1887,Stewards,5.2,4.4,4.6,5.2,7.6,0.258748,not_computed,0.24707,1.654523,not_computed,not_computed,not_computed,not_computed,8.14375,3.5,not_computed,separate_run_2026-09_staging
Burma,1887,Craft,5.5,4.8,4.8,4.5,7.75,0.253614,not_computed,0.24707,1.654523,not_computed,not_computed,not_computed,not_computed,8.14375,3.5,not_computed,separate_run_2026-09_staging
Burma,1887,Hands,5.8,5.8,5.2,2.8,7.8,0.236913,not_computed,0.24707,1.654523,not_computed,not_computed,not_computed,not_computed,8.14375,3.5,not_computed,separate_run_2026-09_staging
Burma,1887,Archive,7.0,6.2,5.2,6.6,11.3,0.280343,not_computed,0.24707,1.654523,not_computed,not_computed,not_computed,not_computed,8.14375,3.5,not_computed,separate_run_2026-09_staging
Burma,1887,Flow,5.8,6.2,4.8,4.8,9.6,0.259849,not_computed,0.24707,1.654523,not_computed,not_computed,not_computed,not_computed,8.14375,3.5,not_computed,separate_run_2026-09_staging
Burma,1888,Helm,6.8,6.2,6.2,6.0,9.8,0.258272,not_computed,0.246634,1.696495,not_computed,not_computed,not_computed,not_computed,8.175,3.9,not_computed,separate_run_2026-09_staging
Burma,1888,Shield,6.5,7.0,7.5,6.0,9.0,0.236211,not_computed,0.246634,1.696495,not_computed,not_computed,not_computed,not_computed,8.175,3.9,not_computed,separate_run_2026-09_staging
Burma,1888,Lore,4.0,3.8,5.8,3.8,3.9,0.212805,not_computed,0.246634,1.696495,not_computed,not_computed,not_computed,not_computed,8.175,3.9,not_computed,separate_run_2026-09_staging
Burma,1888,Stewards,5.0,5.0,4.8,5.2,7.8,0.252912,not_computed,0.246634,1.696495,not_computed,not_computed,not_computed,not_computed,8.175,3.9,not_computed,separate_run_2026-09_staging
Burma,1888,Craft,4.8,4.5,5.0,3.8,6.2,0.234949,not_computed,0.246634,1.696495,not_computed,not_computed,not_computed,not_computed,8.175,3.9,not_computed,separate_run_2026-09_staging
Burma,1888,Hands,6.0,6.2,5.4,2.6,8.1,0.234711,not_computed,0.246634,1.696495,not_computed,not_computed,not_computed,not_computed,8.175,3.9,not_computed,separate_run_2026-09_staging
Burma,1888,Archive,6.6,5.8,4.6,5.8,10.7,0.279769,not_computed,0.246634,1.696495,not_computed,not_computed,not_computed,not_computed,8.175,3.9,not_computed,separate_run_2026-09_staging
Burma,1888,Flow,6.0,6.2,4.6,4.6,9.9,0.263445,not_computed,0.246634,1.696495,not_computed,not_computed,not_computed,not_computed,8.175,3.9,not_computed,separate_run_2026-09_staging
Burma,1889,Helm,7.0,6.4,7.0,6.0,9.4,0.242268,not_computed,0.236225,1.542883,not_computed,not_computed,not_computed,not_computed,7.8,3.2,not_computed,separate_run_2026-09_staging
Burma,1889,Shield,6.4,6.0,7.8,5.6,7.4,0.222969,not_computed,0.236225,1.542883,not_computed,not_computed,not_computed,not_computed,7.8,3.2,not_computed,separate_run_2026-09_staging
Burma,1889,Lore,3.8,4.2,6.6,3.6,3.2,0.193289,not_computed,0.236225,1.542883,not_computed,not_computed,not_computed,not_computed,7.8,3.2,not_computed,separate_run_2026-09_staging
Burma,1889,Stewards,5.0,5.0,6.0,5.0,6.5,0.22824,not_computed,0.236225,1.542883,not_computed,not_computed,not_computed,not_computed,7.8,3.2,not_computed,separate_run_2026-09_staging
Burma,1889,Craft,5.0,4.6,4.6,4.0,7.0,0.239359,not_computed,0.236225,1.542883,not_computed,not_computed,not_computed,not_computed,7.8,3.2,not_computed,separate_run_2026-09_staging
Burma,1889,Hands,6.5,6.2,4.8,3.0,9.4,0.247176,not_computed,0.236225,1.542883,not_computed,not_computed,not_computed,not_computed,7.8,3.2,not_computed,separate_run_2026-09_staging
Burma,1889,Archive,6.2,6.0,4.5,6.0,10.7,0.271494,not_computed,0.236225,1.542883,not_computed,not_computed,not_computed,not_computed,7.8,3.2,not_computed,separate_run_2026-09_staging
Burma,1889,Flow,5.6,6.0,5.2,4.8,8.8,0.245005,not_computed,0.236225,1.542883,not_computed,not_computed,not_computed,not_computed,7.8,3.2,not_computed,separate_run_2026-09_staging
Burma,1890,Helm,7.0,5.8,6.6,5.8,9.1,0.256811,not_computed,0.253336,1.739743,not_computed,not_computed,not_computed,not_computed,8.3875,4.15,not_computed,separate_run_2026-09_staging
Burma,1890,Shield,6.0,6.3,7.7,6.7,7.95,0.236612,not_computed,0.253336,1.739743,not_computed,not_computed,not_computed,not_computed,8.3875,4.15,not_computed,separate_run_2026-09_staging
Burma,1890,Lore,4.0,4.0,6.0,4.3,4.15,0.218111,not_computed,0.253336,1.739743,not_computed,not_computed,not_computed,not_computed,8.3875,4.15,not_computed,separate_run_2026-09_staging
Burma,1890,Stewards,5.0,4.8,5.2,5.0,7.1,0.249072,not_computed,0.253336,1.739743,not_computed,not_computed,not_computed,not_computed,8.3875,4.15,not_computed,separate_run_2026-09_staging
Burma,1890,Craft,6.0,5.2,4.8,3.8,8.3,0.25767,not_computed,0.253336,1.739743,not_computed,not_computed,not_computed,not_computed,8.3875,4.15,not_computed,separate_run_2026-09_staging
Burma,1890,Hands,6.0,6.2,4.2,3.2,9.6,0.261562,not_computed,0.253336,1.739743,not_computed,not_computed,not_computed,not_computed,8.3875,4.15,not_computed,separate_run_2026-09_staging
Burma,1890,Archive,7.6,6.2,5.0,5.8,11.7,0.288422,not_computed,0.253336,1.739743,not_computed,not_computed,not_computed,not_computed,8.3875,4.15,not_computed,separate_run_2026-09_staging
Burma,1890,Flow,6.4,6.0,5.6,4.8,9.2,0.258428,not_computed,0.253336,1.739743,not_computed,not_computed,not_computed,not_computed,8.3875,4.15,not_computed,separate_run_2026-09_staging
Burma,1891,Helm,8.0,6.5,3.8,5.2,13.3,0.329882,not_computed,0.282975,1.886154,not_computed,not_computed,not_computed,not_computed,9.05625,4.2,not_computed,separate_run_2026-09_staging
Burma,1891,Shield,5.7,6.0,3.3,6.0,11.4,0.316749,not_computed,0.282975,1.886154,not_computed,not_computed,not_computed,not_computed,9.05625,4.2,not_computed,separate_run_2026-09_staging
Burma,1891,Lore,3.8,3.6,5.2,4.0,4.2,0.237418,not_computed,0.282975,1.886154,not_computed,not_computed,not_computed,not_computed,9.05625,4.2,not_computed,separate_run_2026-09_staging
Burma,1891,Stewards,5.2,5.2,4.4,5.2,8.6,0.283145,not_computed,0.282975,1.886154,not_computed,not_computed,not_computed,not_computed,9.05625,4.2,not_computed,separate_run_2026-09_staging
Burma,1891,Craft,4.8,4.8,5.2,4.2,6.5,0.254925,not_computed,0.282975,1.886154,not_computed,not_computed,not_computed,not_computed,9.05625,4.2,not_computed,separate_run_2026-09_staging
Burma,1891,Hands,5.8,6.0,5.0,3.2,8.4,0.262911,not_computed,0.282975,1.886154,not_computed,not_computed,not_computed,not_computed,9.05625,4.2,not_computed,separate_run_2026-09_staging
Burma,1891,Archive,6.7,6.0,5.0,6.7,11.05,0.304401,not_computed,0.282975,1.886154,not_computed,not_computed,not_computed,not_computed,9.05625,4.2,not_computed,separate_run_2026-09_staging
Burma,1891,Flow,5.8,6.0,5.2,4.8,9.0,0.274372,not_computed,0.282975,1.886154,not_computed,not_computed,not_computed,not_computed,9.05625,4.2,not_computed,separate_run_2026-09_staging
Burma,1892,Helm,7.0,5.8,3.6,5.8,12.1,0.318673,not_computed,0.271763,1.826253,not_computed,not_computed,not_computed,not_computed,8.66875,4.2,not_computed,separate_run_2026-09_staging
Burma,1892,Shield,5.6,6.2,3.6,5.8,11.1,0.300954,not_computed,0.271763,1.826253,not_computed,not_computed,not_computed,not_computed,8.66875,4.2,not_computed,separate_run_2026-09_staging
Burma,1892,Lore,4.0,3.8,5.6,4.0,4.2,0.229559,not_computed,0.271763,1.826253,not_computed,not_computed,not_computed,not_computed,8.66875,4.2,not_computed,separate_run_2026-09_staging
Burma,1892,Stewards,5.6,4.4,5.2,4.4,7.0,0.262028,not_computed,0.271763,1.826253,not_computed,not_computed,not_computed,not_computed,8.66875,4.2,not_computed,separate_run_2026-09_staging
Burma,1892,Craft,4.6,5.0,5.0,4.4,6.8,0.251236,not_computed,0.271763,1.826253,not_computed,not_computed,not_computed,not_computed,8.66875,4.2,not_computed,separate_run_2026-09_staging
Burma,1892,Hands,6.0,6.4,5.4,3.2,8.6,0.253564,not_computed,0.271763,1.826253,not_computed,not_computed,not_computed,not_computed,8.66875,4.2,not_computed,separate_run_2026-09_staging
Burma,1892,Archive,7.7,5.7,5.3,5.3,10.75,0.29291,not_computed,0.271763,1.826253,not_computed,not_computed,not_computed,not_computed,8.66875,4.2,not_computed,separate_run_2026-09_staging
Burma,1892,Flow,5.6,6.0,5.0,4.4,8.8,0.265182,not_computed,0.271763,1.826253,not_computed,not_computed,not_computed,not_computed,8.66875,4.2,not_computed,separate_run_2026-09_staging
Burma,1893,Helm,7.0,6.2,3.5,6.0,12.7,0.32746,not_computed,0.279537,1.873018,not_computed,not_computed,not_computed,not_computed,9.025,4.6,not_computed,separate_run_2026-09_staging
Burma,1893,Shield,6.0,6.2,4.2,5.2,10.6,0.295356,not_computed,0.279537,1.873018,not_computed,not_computed,not_computed,not_computed,9.025,4.6,not_computed,separate_run_2026-09_staging
Burma,1893,Lore,4.2,4.2,6.2,4.8,4.6,0.235366,not_computed,0.279537,1.873018,not_computed,not_computed,not_computed,not_computed,9.025,4.6,not_computed,separate_run_2026-09_staging
Burma,1893,Stewards,5.4,5.4,4.6,5.4,8.9,0.282328,not_computed,0.279537,1.873018,not_computed,not_computed,not_computed,not_computed,9.025,4.6,not_computed,separate_run_2026-09_staging
Burma,1893,Craft,5.2,4.2,4.8,3.6,6.4,0.259333,not_computed,0.279537,1.873018,not_computed,not_computed,not_computed,not_computed,9.025,4.6,not_computed,separate_run_2026-09_staging
Burma,1893,Hands,5.8,6.4,5.0,2.8,8.6,0.257195,not_computed,0.279537,1.873018,not_computed,not_computed,not_computed,not_computed,9.025,4.6,not_computed,separate_run_2026-09_staging
Burma,1893,Archive,7.0,6.0,5.0,6.2,11.1,0.301817,not_computed,0.279537,1.873018,not_computed,not_computed,not_computed,not_computed,9.025,4.6,not_computed,separate_run_2026-09_staging
Burma,1893,Flow,5.8,6.0,5.0,5.0,9.3,0.27744,not_computed,0.279537,1.873018,not_computed,not_computed,not_computed,not_computed,9.025,4.6,not_computed,separate_run_2026-09_staging
Burma,1894,Helm,7.2,5.5,4.5,6.0,11.2,0.311974,not_computed,0.280307,1.804016,not_computed,not_computed,not_computed,not_computed,9.09375,4.1,not_computed,separate_run_2026-09_staging
Burma,1894,Shield,6.2,5.6,3.8,6.4,11.2,0.31581,not_computed,0.280307,1.804016,not_computed,not_computed,not_computed,not_computed,9.09375,4.1,not_computed,separate_run_2026-09_staging
Burma,1894,Lore,4.2,4.2,6.2,3.8,4.1,0.226025,not_computed,0.280307,1.804016,not_computed,not_computed,not_computed,not_computed,9.09375,4.1,not_computed,separate_run_2026-09_staging
Burma,1894,Stewards,4.8,5.5,4.2,4.5,8.35,0.272305,not_computed,0.280307,1.804016,not_computed,not_computed,not_computed,not_computed,9.09375,4.1,not_computed,separate_run_2026-09_staging
Burma,1894,Craft,5.5,5.8,5.0,4.2,8.4,0.266623,not_computed,0.280307,1.804016,not_computed,not_computed,not_computed,not_computed,9.09375,4.1,not_computed,separate_run_2026-09_staging
Burma,1894,Hands,6.8,5.6,5.2,3.4,8.9,0.2737,not_computed,0.280307,1.804016,not_computed,not_computed,not_computed,not_computed,9.09375,4.1,not_computed,separate_run_2026-09_staging
Burma,1894,Archive,7.0,6.3,5.3,6.0,11.0,0.295509,not_computed,0.280307,1.804016,not_computed,not_computed,not_computed,not_computed,9.09375,4.1,not_computed,separate_run_2026-09_staging
Burma,1894,Flow,6.4,6.0,5.2,4.8,9.6,0.280507,not_computed,0.280307,1.804016,not_computed,not_computed,not_computed,not_computed,9.09375,4.1,not_computed,separate_run_2026-09_staging
Burma,1895,Helm,7.4,6.0,4.6,6.0,11.8,0.303713,not_computed,0.266774,1.667176,not_computed,not_computed,not_computed,not_computed,8.9375,3.95,not_computed,separate_run_2026-09_staging
Burma,1895,Shield,6.0,6.2,4.0,5.8,11.1,0.296061,not_computed,0.266774,1.667176,not_computed,not_computed,not_computed,not_computed,8.9375,3.95,not_computed,separate_run_2026-09_staging
Burma,1895,Lore,4.2,4.8,6.8,3.5,3.95,0.209152,not_computed,0.266774,1.667176,not_computed,not_computed,not_computed,not_computed,8.9375,3.95,not_computed,separate_run_2026-09_staging
Burma,1895,Stewards,5.0,5.5,4.8,4.5,7.95,0.258337,not_computed,0.266774,1.667176,not_computed,not_computed,not_computed,not_computed,8.9375,3.95,not_computed,separate_run_2026-09_staging
Burma,1895,Craft,5.4,5.0,5.2,3.4,6.9,0.247587,not_computed,0.266774,1.667176,not_computed,not_computed,not_computed,not_computed,8.9375,3.95,not_computed,separate_run_2026-09_staging
Burma,1895,Hands,6.4,6.2,5.4,3.0,8.7,0.254524,not_computed,0.266774,1.667176,not_computed,not_computed,not_computed,not_computed,8.9375,3.95,not_computed,separate_run_2026-09_staging
Burma,1895,Archive,7.2,6.8,4.5,6.0,12.5,0.30323,not_computed,0.266774,1.667176,not_computed,not_computed,not_computed,not_computed,8.9375,3.95,not_computed,separate_run_2026-09_staging
Burma,1895,Flow,5.8,5.8,5.0,4.0,8.6,0.261584,not_computed,0.266774,1.667176,not_computed,not_computed,not_computed,not_computed,8.9375,3.95,not_computed,separate_run_2026-09_staging
Burma,1896,Helm,6.3,6.3,4.0,6.0,11.6,0.303278,not_computed,0.269828,1.781799,not_computed,not_computed,not_computed,not_computed,8.80625,4.3,not_computed,separate_run_2026-09_staging
Burma,1896,Shield,5.8,6.4,3.8,5.6,11.2,0.297058,not_computed,0.269828,1.781799,not_computed,not_computed,not_computed,not_computed,8.80625,4.3,not_computed,separate_run_2026-09_staging
Burma,1896,Lore,3.8,4.2,5.6,3.8,4.3,0.223461,not_computed,0.269828,1.781799,not_computed,not_computed,not_computed,not_computed,8.80625,4.3,not_computed,separate_run_2026-09_staging
Burma,1896,Stewards,5.0,4.3,5.0,4.3,6.45,0.254927,not_computed,0.269828,1.781799,not_computed,not_computed,not_computed,not_computed,8.80625,4.3,not_computed,separate_run_2026-09_staging
Burma,1896,Craft,5.2,5.2,4.8,4.2,7.7,0.259891,not_computed,0.269828,1.781799,not_computed,not_computed,not_computed,not_computed,8.80625,4.3,not_computed,separate_run_2026-09_staging
Burma,1896,Hands,5.5,6.2,4.5,3.2,8.8,0.259293,not_computed,0.269828,1.781799,not_computed,not_computed,not_computed,not_computed,8.80625,4.3,not_computed,separate_run_2026-09_staging
Burma,1896,Archive,7.2,6.8,4.8,5.4,11.9,0.295335,not_computed,0.269828,1.781799,not_computed,not_computed,not_computed,not_computed,8.80625,4.3,not_computed,separate_run_2026-09_staging
Burma,1896,Flow,5.3,5.7,5.0,5.0,8.5,0.265379,not_computed,0.269828,1.781799,not_computed,not_computed,not_computed,not_computed,8.80625,4.3,not_computed,separate_run_2026-09_staging
Burma,1897,Helm,7.4,6.4,4.4,5.6,12.2,0.310074,not_computed,0.275993,1.873045,not_computed,not_computed,not_computed,not_computed,8.93125,4.8,not_computed,separate_run_2026-09_staging
Burma,1897,Shield,6.0,6.4,4.2,5.8,11.1,0.298227,not_computed,0.275993,1.873045,not_computed,not_computed,not_computed,not_computed,8.93125,4.8,not_computed,separate_run_2026-09_staging
Burma,1897,Lore,4.6,4.2,6.0,4.0,4.8,0.234593,not_computed,0.275993,1.873045,not_computed,not_computed,not_computed,not_computed,8.93125,4.8,not_computed,separate_run_2026-09_staging
Burma,1897,Stewards,5.0,4.8,5.0,5.4,7.5,0.26828,not_computed,0.275993,1.873045,not_computed,not_computed,not_computed,not_computed,8.93125,4.8,not_computed,separate_run_2026-09_staging
Burma,1897,Craft,5.4,5.0,4.6,4.2,7.9,0.269187,not_computed,0.275993,1.873045,not_computed,not_computed,not_computed,not_computed,8.93125,4.8,not_computed,separate_run_2026-09_staging
Burma,1897,Hands,5.8,6.0,4.4,3.2,9.0,0.268568,not_computed,0.275993,1.873045,not_computed,not_computed,not_computed,not_computed,8.93125,4.8,not_computed,separate_run_2026-09_staging
Burma,1897,Archive,6.0,6.0,5.0,5.3,9.65,0.280412,not_computed,0.275993,1.873045,not_computed,not_computed,not_computed,not_computed,8.93125,4.8,not_computed,separate_run_2026-09_staging
Burma,1897,Flow,5.8,5.8,4.8,5.0,9.3,0.278603,not_computed,0.275993,1.873045,not_computed,not_computed,not_computed,not_computed,8.93125,4.8,not_computed,separate_run_2026-09_staging
Burma,1898,Helm,7.0,6.3,3.7,6.0,12.6,0.327671,not_computed,0.28525,1.906075,not_computed,not_computed,not_computed,not_computed,9.25625,4.5,not_computed,separate_run_2026-09_staging
Burma,1898,Shield,6.4,6.2,3.8,5.8,11.7,0.316571,not_computed,0.28525,1.906075,not_computed,not_computed,not_computed,not_computed,9.25625,4.5,not_computed,separate_run_2026-09_staging
Burma,1898,Lore,4.5,3.8,5.8,4.0,4.5,0.24056,not_computed,0.28525,1.906075,not_computed,not_computed,not_computed,not_computed,9.25625,4.5,not_computed,separate_run_2026-09_staging
Burma,1898,Stewards,5.2,5.0,4.5,5.2,8.3,0.282757,not_computed,0.28525,1.906075,not_computed,not_computed,not_computed,not_computed,9.25625,4.5,not_computed,separate_run_2026-09_staging
Burma,1898,Craft,4.5,6.0,4.8,4.5,7.95,0.260848,not_computed,0.28525,1.906075,not_computed,not_computed,not_computed,not_computed,9.25625,4.5,not_computed,separate_run_2026-09_staging
Burma,1898,Hands,6.0,6.2,5.8,3.0,7.9,0.25252,not_computed,0.28525,1.906075,not_computed,not_computed,not_computed,not_computed,9.25625,4.5,not_computed,separate_run_2026-09_staging
Burma,1898,Archive,7.4,5.8,4.8,6.4,11.6,0.315145,not_computed,0.28525,1.906075,not_computed,not_computed,not_computed,not_computed,9.25625,4.5,not_computed,separate_run_2026-09_staging
Burma,1898,Flow,6.2,5.8,5.0,5.0,9.5,0.285928,not_computed,0.28525,1.906075,not_computed,not_computed,not_computed,not_computed,9.25625,4.5,not_computed,separate_run_2026-09_staging
Burma,1899,Helm,7.0,5.8,4.2,5.8,11.5,0.306909,not_computed,0.270261,1.742206,not_computed,not_computed,not_computed,not_computed,8.8,3.7,not_computed,separate_run_2026-09_staging
Burma,1899,Shield,6.0,6.2,4.0,6.6,11.5,0.304854,not_computed,0.270261,1.742206,not_computed,not_computed,not_computed,not_computed,8.8,3.7,not_computed,separate_run_2026-09_staging
Burma,1899,Lore,4.0,4.0,6.2,3.8,3.7,0.218583,not_computed,0.270261,1.742206,not_computed,not_computed,not_computed,not_computed,8.8,3.7,not_computed,separate_run_2026-09_staging
Burma,1899,Stewards,4.8,5.2,5.2,5.4,7.5,0.259436,not_computed,0.270261,1.742206,not_computed,not_computed,not_computed,not_computed,8.8,3.7,not_computed,separate_run_2026-09_staging
Burma,1899,Craft,5.0,4.8,4.8,3.6,6.8,0.251533,not_computed,0.270261,1.742206,not_computed,not_computed,not_computed,not_computed,8.8,3.7,not_computed,separate_run_2026-09_staging
Burma,1899,Hands,5.7,6.0,4.7,3.0,8.5,0.257456,not_computed,0.270261,1.742206,not_computed,not_computed,not_computed,not_computed,8.8,3.7,not_computed,separate_run_2026-09_staging
Burma,1899,Archive,7.6,6.2,5.2,5.2,11.2,0.291842,not_computed,0.270261,1.742206,not_computed,not_computed,not_computed,not_computed,8.8,3.7,not_computed,separate_run_2026-09_staging
Burma,1899,Flow,6.0,6.4,5.2,5.0,9.7,0.271473,not_computed,0.270261,1.742206,not_computed,not_computed,not_computed,not_computed,8.8,3.7,not_computed,separate_run_2026-09_staging
Burma,1900,Helm,7.0,7.0,4.0,6.8,13.4,0.358003,not_computed,0.330546,2.206866,not_computed,not_computed,not_computed,not_computed,11.15,6.8,not_computed,separate_run_2026-09_staging
Burma,1900,Shield,6.3,7.7,3.3,5.7,13.55,0.352661,not_computed,0.330546,2.206866,not_computed,not_computed,not_computed,not_computed,11.15,6.8,not_computed,separate_run_2026-09_staging
Burma,1900,Lore,5.2,4.6,5.6,5.2,6.8,0.287634,not_computed,0.330546,2.206866,not_computed,not_computed,not_computed,not_computed,11.15,6.8,not_computed,separate_run_2026-09_staging
Burma,1900,Stewards,5.0,6.8,5.0,5.2,9.4,0.295299,not_computed,0.330546,2.206866,not_computed,not_computed,not_computed,not_computed,11.15,6.8,not_computed,separate_run_2026-09_staging
Burma,1900,Craft,5.2,5.2,4.0,5.0,8.9,0.314771,not_computed,0.330546,2.206866,not_computed,not_computed,not_computed,not_computed,11.15,6.8,not_computed,separate_run_2026-09_staging
Burma,1900,Hands,5.0,6.0,4.3,2.7,8.05,0.279823,not_computed,0.330546,2.206866,not_computed,not_computed,not_computed,not_computed,11.15,6.8,not_computed,separate_run_2026-09_staging
Burma,1900,Archive,6.5,7.5,2.5,7.2,15.1,0.387061,not_computed,0.330546,2.206866,not_computed,not_computed,not_computed,not_computed,11.15,6.8,not_computed,separate_run_2026-09_staging
Burma,1900,Flow,6.8,7.2,3.0,6.0,14.0,0.369112,not_computed,0.330546,2.206866,not_computed,not_computed,not_computed,not_computed,11.15,6.8,not_computed,separate_run_2026-09_staging
Burma,1901,Helm,7.4,7.0,4.0,6.6,13.7,0.367574,not_computed,0.340393,2.292325,not_computed,not_computed,not_computed,not_computed,11.175,7.85,not_computed,separate_run_2026-09_staging
Burma,1901,Shield,7.0,6.8,4.5,6.8,12.7,0.353517,not_computed,0.340393,2.292325,not_computed,not_computed,not_computed,not_computed,11.175,7.85,not_computed,separate_run_2026-09_staging
Burma,1901,Lore,4.8,5.4,4.6,5.2,8.2,0.304319,not_computed,0.340393,2.292325,not_computed,not_computed,not_computed,not_computed,11.175,7.85,not_computed,separate_run_2026-09_staging
Burma,1901,Stewards,5.0,5.8,5.2,4.5,7.85,0.289166,not_computed,0.340393,2.292325,not_computed,not_computed,not_computed,not_computed,11.175,7.85,not_computed,separate_run_2026-09_staging
Burma,1901,Craft,5.6,5.4,4.0,4.4,9.2,0.319972,not_computed,0.340393,2.292325,not_computed,not_computed,not_computed,not_computed,11.175,7.85,not_computed,separate_run_2026-09_staging
Burma,1901,Hands,6.0,5.2,4.2,3.5,8.75,0.312887,not_computed,0.340393,2.292325,not_computed,not_computed,not_computed,not_computed,11.175,7.85,not_computed,separate_run_2026-09_staging
Burma,1901,Archive,7.6,6.6,3.2,7.2,14.6,0.393029,not_computed,0.340393,2.292325,not_computed,not_computed,not_computed,not_computed,11.175,7.85,not_computed,separate_run_2026-09_staging
Burma,1901,Flow,7.0,7.2,2.8,6.0,14.4,0.382675,not_computed,0.340393,2.292325,not_computed,not_computed,not_computed,not_computed,11.175,7.85,not_computed,separate_run_2026-09_staging
Burma,1902,Helm,6.8,6.5,4.0,7.2,12.9,0.357262,not_computed,0.328019,2.205516,not_computed,not_computed,not_computed,not_computed,10.96875,7.7,not_computed,separate_run_2026-09_staging
Burma,1902,Shield,7.0,6.8,4.2,5.5,12.35,0.340803,not_computed,0.328019,2.205516,not_computed,not_computed,not_computed,not_computed,10.96875,7.7,not_computed,separate_run_2026-09_staging
Burma,1902,Lore,4.8,5.4,5.0,5.0,7.7,0.288877,not_computed,0.328019,2.205516,not_computed,not_computed,not_computed,not_computed,10.96875,7.7,not_computed,separate_run_2026-09_staging
Burma,1902,Stewards,4.8,6.0,5.2,4.4,7.8,0.279091,not_computed,0.328019,2.205516,not_computed,not_computed,not_computed,not_computed,10.96875,7.7,not_computed,separate_run_2026-09_staging
Burma,1902,Craft,4.8,5.2,4.0,5.2,8.6,0.309106,not_computed,0.328019,2.205516,not_computed,not_computed,not_computed,not_computed,10.96875,7.7,not_computed,separate_run_2026-09_staging
Burma,1902,Hands,5.8,6.5,4.2,2.8,9.5,0.29552,not_computed,0.328019,2.205516,not_computed,not_computed,not_computed,not_computed,10.96875,7.7,not_computed,separate_run_2026-09_staging
Burma,1902,Archive,7.4,7.0,3.0,7.0,14.9,0.384717,not_computed,0.328019,2.205516,not_computed,not_computed,not_computed,not_computed,10.96875,7.7,not_computed,separate_run_2026-09_staging
Burma,1902,Flow,7.2,7.0,3.2,6.0,14.0,0.368773,not_computed,0.328019,2.205516,not_computed,not_computed,not_computed,not_computed,10.96875,7.7,not_computed,separate_run_2026-09_staging
Burma,1903,Helm,7.4,6.6,4.2,7.0,13.3,0.364862,not_computed,0.33748,2.303082,not_computed,not_computed,not_computed,not_computed,11.1625,7.2,not_computed,separate_run_2026-09_staging
Burma,1903,Shield,6.3,7.7,3.3,7.0,14.2,0.369363,not_computed,0.33748,2.303082,not_computed,not_computed,not_computed,not_computed,11.1625,7.2,not_computed,separate_run_2026-09_staging
Burma,1903,Lore,4.8,5.0,5.2,5.2,7.2,0.291933,not_computed,0.33748,2.303082,not_computed,not_computed,not_computed,not_computed,11.1625,7.2,not_computed,separate_run_2026-09_staging
Burma,1903,Stewards,5.5,6.0,5.8,5.8,8.6,0.297349,not_computed,0.33748,2.303082,not_computed,not_computed,not_computed,not_computed,11.1625,7.2,not_computed,separate_run_2026-09_staging
Burma,1903,Craft,5.8,5.0,4.2,4.8,9.0,0.321911,not_computed,0.33748,2.303082,not_computed,not_computed,not_computed,not_computed,11.1625,7.2,not_computed,separate_run_2026-09_staging
Burma,1903,Hands,6.0,6.0,4.2,3.2,9.4,0.308041,not_computed,0.33748,2.303082,not_computed,not_computed,not_computed,not_computed,11.1625,7.2,not_computed,separate_run_2026-09_staging
Burma,1903,Archive,6.2,7.0,2.8,6.8,13.8,0.376825,not_computed,0.33748,2.303082,not_computed,not_computed,not_computed,not_computed,11.1625,7.2,not_computed,separate_run_2026-09_staging
Burma,1903,Flow,7.4,7.0,3.4,5.6,13.8,0.369552,not_computed,0.33748,2.303082,not_computed,not_computed,not_computed,not_computed,11.1625,7.2,not_computed,separate_run_2026-09_staging
Burma,1904,Helm,6.0,6.8,4.0,7.0,12.3,0.350779,not_computed,0.338161,2.324912,not_computed,not_computed,not_computed,not_computed,11.2375,8.1,not_computed,separate_run_2026-09_staging
Burma,1904,Shield,7.2,7.2,3.8,6.0,13.6,0.362331,not_computed,0.338161,2.324912,not_computed,not_computed,not_computed,not_computed,11.2375,8.1,not_computed,separate_run_2026-09_staging
Burma,1904,Lore,4.8,5.8,5.0,5.0,8.1,0.293718,not_computed,0.338161,2.324912,not_computed,not_computed,not_computed,not_computed,11.2375,8.1,not_computed,separate_run_2026-09_staging
Burma,1904,Stewards,5.2,6.4,5.0,5.2,9.2,0.302034,not_computed,0.338161,2.324912,not_computed,not_computed,not_computed,not_computed,11.2375,8.1,not_computed,separate_run_2026-09_staging
Burma,1904,Craft,4.8,5.0,3.8,5.2,8.6,0.318148,not_computed,0.338161,2.324912,not_computed,not_computed,not_computed,not_computed,11.2375,8.1,not_computed,separate_run_2026-09_staging
Burma,1904,Hands,6.5,5.8,4.0,3.0,9.8,0.318163,not_computed,0.338161,2.324912,not_computed,not_computed,not_computed,not_computed,11.2375,8.1,not_computed,separate_run_2026-09_staging
Burma,1904,Archive,7.0,7.4,3.2,6.4,14.4,0.37614,not_computed,0.338161,2.324912,not_computed,not_computed,not_computed,not_computed,11.2375,8.1,not_computed,separate_run_2026-09_staging
Burma,1904,Flow,7.2,6.5,2.8,6.0,13.9,0.383976,not_computed,0.338161,2.324912,not_computed,not_computed,not_computed,not_computed,11.2375,8.1,not_computed,separate_run_2026-09_staging
Burma,1906,Helm,7.2,6.8,4.4,7.0,13.1,0.354173,not_computed,0.331189,2.277843,not_computed,not_computed,not_computed,not_computed,11.01875,7.3,not_computed,separate_run_2026-09_staging
Burma,1906,Shield,6.4,7.4,3.4,6.2,13.5,0.357087,not_computed,0.331189,2.277843,not_computed,not_computed,not_computed,not_computed,11.01875,7.3,not_computed,separate_run_2026-09_staging
Burma,1906,Lore,5.4,4.6,5.2,5.0,7.3,0.295898,not_computed,0.331189,2.277843,not_computed,not_computed,not_computed,not_computed,11.01875,7.3,not_computed,separate_run_2026-09_staging
Burma,1906,Stewards,5.0,6.0,5.2,4.8,8.2,0.287815,not_computed,0.331189,2.277843,not_computed,not_computed,not_computed,not_computed,11.01875,7.3,not_computed,separate_run_2026-09_staging
Burma,1906,Craft,4.6,5.2,4.0,5.2,8.4,0.307356,not_computed,0.331189,2.277843,not_computed,not_computed,not_computed,not_computed,11.01875,7.3,not_computed,separate_run_2026-09_staging
Burma,1906,Hands,6.0,5.6,3.4,2.6,9.5,0.31288,not_computed,0.331189,2.277843,not_computed,not_computed,not_computed,not_computed,11.01875,7.3,not_computed,separate_run_2026-09_staging
Burma,1906,Archive,7.6,7.6,3.6,6.2,14.7,0.369292,not_computed,0.331189,2.277843,not_computed,not_computed,not_computed,not_computed,11.01875,7.3,not_computed,separate_run_2026-09_staging
Burma,1906,Flow,6.3,7.0,3.0,6.3,13.45,0.365013,not_computed,0.331189,2.277843,not_computed,not_computed,not_computed,not_computed,11.01875,7.3,not_computed,separate_run_2026-09_staging
Burma,1907,Helm,7.5,6.8,4.2,7.0,13.6,0.358486,not_computed,0.325548,2.310479,not_computed,not_computed,not_computed,not_computed,11.0125,7.8,not_computed,separate_run_2026-09_staging
Burma,1907,Shield,7.0,7.5,4.5,5.5,12.75,0.333184,not_computed,0.325548,2.310479,not_computed,not_computed,not_computed,not_computed,11.0125,7.8,not_computed,separate_run_2026-09_staging
Burma,1907,Lore,5.2,5.2,5.2,5.2,7.8,0.292049,not_computed,0.325548,2.310479,not_computed,not_computed,not_computed,not_computed,11.0125,7.8,not_computed,separate_run_2026-09_staging
Burma,1907,Stewards,5.2,6.0,4.8,5.0,8.9,0.297198,not_computed,0.325548,2.310479,not_computed,not_computed,not_computed,not_computed,11.0125,7.8,not_computed,separate_run_2026-09_staging
Burma,1907,Craft,5.0,5.6,3.8,4.4,9.0,0.305828,not_computed,0.325548,2.310479,not_computed,not_computed,not_computed,not_computed,11.0125,7.8,not_computed,separate_run_2026-09_staging
Burma,1907,Hands,5.5,5.5,3.5,2.5,8.75,0.297935,not_computed,0.325548,2.310479,not_computed,not_computed,not_computed,not_computed,11.0125,7.8,not_computed,separate_run_2026-09_staging
Burma,1907,Archive,7.0,7.0,3.4,7.2,14.2,0.370688,not_computed,0.325548,2.310479,not_computed,not_computed,not_computed,not_computed,11.0125,7.8,not_computed,separate_run_2026-09_staging
Burma,1907,Flow,7.2,7.0,3.8,5.4,13.1,0.349017,not_computed,0.325548,2.310479,not_computed,not_computed,not_computed,not_computed,11.0125,7.8,not_computed,separate_run_2026-09_staging
Burma,1908,Helm,6.3,6.7,3.0,7.7,13.85,0.387506,not_computed,0.344884,2.325851,not_computed,not_computed,not_computed,not_computed,11.14375,6.6,not_computed,separate_run_2026-09_staging
Burma,1908,Shield,6.8,7.0,4.4,6.2,12.5,0.350351,not_computed,0.344884,2.325851,not_computed,not_computed,not_computed,not_computed,11.14375,6.6,not_computed,separate_run_2026-09_staging
Burma,1908,Lore,4.5,4.5,5.0,5.2,6.6,0.294436,not_computed,0.344884,2.325851,not_computed,not_computed,not_computed,not_computed,11.14375,6.6,not_computed,separate_run_2026-09_staging
Burma,1908,Stewards,5.8,5.8,4.8,5.0,9.3,0.316484,not_computed,0.344884,2.325851,not_computed,not_computed,not_computed,not_computed,11.14375,6.6,not_computed,separate_run_2026-09_staging
Burma,1908,Craft,4.6,5.0,4.2,4.6,7.7,0.304001,not_computed,0.344884,2.325851,not_computed,not_computed,not_computed,not_computed,11.14375,6.6,not_computed,separate_run_2026-09_staging
Burma,1908,Hands,6.2,6.0,4.2,3.0,9.5,0.313099,not_computed,0.344884,2.325851,not_computed,not_computed,not_computed,not_computed,11.14375,6.6,not_computed,separate_run_2026-09_staging
Burma,1908,Archive,7.5,7.2,2.5,7.2,15.8,0.410976,not_computed,0.344884,2.325851,not_computed,not_computed,not_computed,not_computed,11.14375,6.6,not_computed,separate_run_2026-09_staging
Burma,1908,Flow,6.6,7.0,2.6,5.8,13.9,0.382223,not_computed,0.344884,2.325851,not_computed,not_computed,not_computed,not_computed,11.14375,6.6,not_computed,separate_run_2026-09_staging
Burma,1909,Helm,7.5,7.5,3.8,7.2,14.8,0.383066,not_computed,0.347779,2.358679,not_computed,not_computed,not_computed,not_computed,11.49375,7.3,not_computed,separate_run_2026-09_staging
Burma,1909,Shield,7.0,7.4,3.8,5.6,13.4,0.36167,not_computed,0.347779,2.358679,not_computed,not_computed,not_computed,not_computed,11.49375,7.3,not_computed,separate_run_2026-09_staging
Burma,1909,Lore,5.2,5.0,5.2,4.6,7.3,0.296856,not_computed,0.347779,2.358679,not_computed,not_computed,not_computed,not_computed,11.49375,7.3,not_computed,separate_run_2026-09_staging
Burma,1909,Stewards,5.2,6.2,4.4,5.2,9.6,0.318215,not_computed,0.347779,2.358679,not_computed,not_computed,not_computed,not_computed,11.49375,7.3,not_computed,separate_run_2026-09_staging
Burma,1909,Craft,5.2,4.5,4.0,5.5,8.45,0.32924,not_computed,0.347779,2.358679,not_computed,not_computed,not_computed,not_computed,11.49375,7.3,not_computed,separate_run_2026-09_staging
Burma,1909,Hands,6.0,6.0,3.8,3.2,9.8,0.320956,not_computed,0.347779,2.358679,not_computed,not_computed,not_computed,not_computed,11.49375,7.3,not_computed,separate_run_2026-09_staging
Burma,1909,Archive,7.0,7.2,3.0,7.2,14.8,0.394317,not_computed,0.347779,2.358679,not_computed,not_computed,not_computed,not_computed,11.49375,7.3,not_computed,separate_run_2026-09_staging
Burma,1909,Flow,7.0,7.0,3.4,6.4,13.8,0.377911,not_computed,0.347779,2.358679,not_computed,not_computed,not_computed,not_computed,11.49375,7.3,not_computed,separate_run_2026-09_staging
Burma,1910,Helm,6.4,7.4,3.6,6.6,13.5,0.354525,not_computed,0.327568,2.256287,not_computed,not_computed,not_computed,not_computed,11.1625,7.0,not_computed,separate_run_2026-09_staging
Burma,1910,Shield,7.0,7.0,3.8,6.2,13.3,0.354924,not_computed,0.327568,2.256287,not_computed,not_computed,not_computed,not_computed,11.1625,7.0,not_computed,separate_run_2026-09_staging
Burma,1910,Lore,4.8,4.8,5.0,4.8,7.0,0.286519,not_computed,0.327568,2.256287,not_computed,not_computed,not_computed,not_computed,11.1625,7.0,not_computed,separate_run_2026-09_staging
Burma,1910,Stewards,5.5,6.8,5.2,5.0,9.6,0.295636,not_computed,0.327568,2.256287,not_computed,not_computed,not_computed,not_computed,11.1625,7.0,not_computed,separate_run_2026-09_staging
Burma,1910,Craft,5.2,4.6,4.6,4.8,7.6,0.299916,not_computed,0.327568,2.256287,not_computed,not_computed,not_computed,not_computed,11.1625,7.0,not_computed,separate_run_2026-09_staging
Burma,1910,Hands,5.2,6.8,4.2,3.2,9.4,0.289545,not_computed,0.327568,2.256287,not_computed,not_computed,not_computed,not_computed,11.1625,7.0,not_computed,separate_run_2026-09_staging
Burma,1910,Archive,6.8,7.5,3.5,6.8,14.2,0.363873,not_computed,0.327568,2.256287,not_computed,not_computed,not_computed,not_computed,11.1625,7.0,not_computed,separate_run_2026-09_staging
Burma,1910,Flow,7.6,7.2,3.2,6.2,14.7,0.375603,not_computed,0.327568,2.256287,not_computed,not_computed,not_computed,not_computed,11.1625,7.0,not_computed,separate_run_2026-09_staging
Burma,1911,Helm,6.6,6.8,4.0,7.4,13.1,0.361051,not_computed,0.335745,2.291626,not_computed,not_computed,not_computed,not_computed,11.2125,8.7,not_computed,separate_run_2026-09_staging
Burma,1911,Shield,7.0,7.2,3.8,5.8,13.3,0.356235,not_computed,0.335745,2.291626,not_computed,not_computed,not_computed,not_computed,11.2125,8.7,not_computed,separate_run_2026-09_staging
Burma,1911,Lore,5.6,5.0,4.4,5.0,8.7,0.316068,not_computed,0.335745,2.291626,not_computed,not_computed,not_computed,not_computed,11.2125,8.7,not_computed,separate_run_2026-09_staging
Burma,1911,Stewards,5.0,6.6,5.0,4.4,8.8,0.289331,not_computed,0.335745,2.291626,not_computed,not_computed,not_computed,not_computed,11.2125,8.7,not_computed,separate_run_2026-09_staging
Burma,1911,Craft,5.6,4.8,4.0,4.8,8.8,0.321653,not_computed,0.335745,2.291626,not_computed,not_computed,not_computed,not_computed,11.2125,8.7,not_computed,separate_run_2026-09_staging
Burma,1911,Hands,6.0,6.2,4.4,2.8,9.2,0.299003,not_computed,0.335745,2.291626,not_computed,not_computed,not_computed,not_computed,11.2125,8.7,not_computed,separate_run_2026-09_staging
Burma,1911,Archive,7.0,6.6,3.2,6.8,13.8,0.378216,not_computed,0.335745,2.291626,not_computed,not_computed,not_computed,not_computed,11.2125,8.7,not_computed,separate_run_2026-09_staging
Burma,1911,Flow,7.0,7.5,3.5,6.0,14.0,0.364405,not_computed,0.335745,2.291626,not_computed,not_computed,not_computed,not_computed,11.2125,8.7,not_computed,separate_run_2026-09_staging
Burma,1912,Helm,6.8,7.0,4.0,6.8,13.2,0.3576,not_computed,0.334437,2.273305,not_computed,not_computed,not_computed,not_computed,10.975,7.9,not_computed,separate_run_2026-09_staging
Burma,1912,Shield,6.8,7.0,4.2,6.0,12.6,0.346279,not_computed,0.334437,2.273305,not_computed,not_computed,not_computed,not_computed,10.975,7.9,not_computed,separate_run_2026-09_staging
Burma,1912,Lore,5.4,5.2,5.2,5.0,7.9,0.297522,not_computed,0.334437,2.273305,not_computed,not_computed,not_computed,not_computed,10.975,7.9,not_computed,separate_run_2026-09_staging
Burma,1912,Stewards,4.8,6.0,5.4,5.2,8.0,0.286892,not_computed,0.334437,2.273305,not_computed,not_computed,not_computed,not_computed,10.975,7.9,not_computed,separate_run_2026-09_staging
Burma,1912,Craft,5.2,4.5,4.0,5.2,8.3,0.318836,not_computed,0.334437,2.273305,not_computed,not_computed,not_computed,not_computed,10.975,7.9,not_computed,separate_run_2026-09_staging
Burma,1912,Hands,6.2,6.0,4.0,3.8,10.1,0.319896,not_computed,0.334437,2.273305,not_computed,not_computed,not_computed,not_computed,10.975,7.9,not_computed,separate_run_2026-09_staging
Burma,1912,Archive,6.5,7.0,3.0,6.8,13.9,0.374767,not_computed,0.334437,2.273305,not_computed,not_computed,not_computed,not_computed,10.975,7.9,not_computed,separate_run_2026-09_staging
Burma,1912,Flow,7.0,6.8,3.2,6.4,13.8,0.373706,not_computed,0.334437,2.273305,not_computed,not_computed,not_computed,not_computed,10.975,7.9,not_computed,separate_run_2026-09_staging
Burma,1913,Helm,7.3,7.0,4.3,7.0,13.5,0.356874,not_computed,0.330155,2.315334,not_computed,not_computed,not_computed,not_computed,10.96875,7.7,not_computed,separate_run_2026-09_staging
Burma,1913,Shield,7.8,7.0,4.5,6.0,13.3,0.350645,not_computed,0.330155,2.315334,not_computed,not_computed,not_computed,not_computed,10.96875,7.7,not_computed,separate_run_2026-09_staging
Burma,1913,Lore,5.4,5.0,5.2,5.0,7.7,0.295387,not_computed,0.330155,2.315334,not_computed,not_computed,not_computed,not_computed,10.96875,7.7,not_computed,separate_run_2026-09_staging
Burma,1913,Stewards,4.8,5.6,5.0,5.4,8.1,0.293941,not_computed,0.330155,2.315334,not_computed,not_computed,not_computed,not_computed,10.96875,7.7,not_computed,separate_run_2026-09_staging
Burma,1913,Craft,5.0,4.7,4.3,5.3,8.05,0.308785,not_computed,0.330155,2.315334,not_computed,not_computed,not_computed,not_computed,10.96875,7.7,not_computed,separate_run_2026-09_staging
Burma,1913,Hands,6.2,6.2,4.2,2.6,9.5,0.30094,not_computed,0.330155,2.315334,not_computed,not_computed,not_computed,not_computed,10.96875,7.7,not_computed,separate_run_2026-09_staging
Burma,1913,Archive,6.6,7.4,2.8,6.8,14.6,0.377692,not_computed,0.330155,2.315334,not_computed,not_computed,not_computed,not_computed,10.96875,7.7,not_computed,separate_run_2026-09_staging
Burma,1913,Flow,6.0,7.0,3.0,6.0,13.0,0.356976,not_computed,0.330155,2.315334,not_computed,not_computed,not_computed,not_computed,10.96875,7.7,not_computed,separate_run_2026-09_staging
Burma,1914,Helm,7.2,7.4,3.6,7.6,14.8,0.372339,not_computed,0.325291,2.237459,not_computed,not_computed,not_computed,not_computed,10.8375,7.2,not_computed,separate_run_2026-09_staging
Burma,1914,Shield,6.8,7.2,5.4,6.2,11.7,0.319154,not_computed,0.325291,2.237459,not_computed,not_computed,not_computed,not_computed,10.8375,7.2,not_computed,separate_run_2026-09_staging
Burma,1914,Lore,4.6,5.2,4.8,4.4,7.2,0.281338,not_computed,0.325291,2.237459,not_computed,not_computed,not_computed,not_computed,10.8375,7.2,not_computed,separate_run_2026-09_staging
Burma,1914,Stewards,5.8,5.2,5.0,5.2,8.6,0.304328,not_computed,0.325291,2.237459,not_computed,not_computed,not_computed,not_computed,10.8375,7.2,not_computed,separate_run_2026-09_staging
Burma,1914,Craft,4.4,5.4,3.4,5.0,8.9,0.309781,not_computed,0.325291,2.237459,not_computed,not_computed,not_computed,not_computed,10.8375,7.2,not_computed,separate_run_2026-09_staging
Burma,1914,Hands,6.6,5.8,4.2,2.6,9.5,0.304956,not_computed,0.325291,2.237459,not_computed,not_computed,not_computed,not_computed,10.8375,7.2,not_computed,separate_run_2026-09_staging
Burma,1914,Archive,7.0,6.8,2.6,7.0,14.7,0.386164,not_computed,0.325291,2.237459,not_computed,not_computed,not_computed,not_computed,10.8375,7.2,not_computed,separate_run_2026-09_staging
Burma,1914,Flow,6.6,6.6,5.0,6.2,11.3,0.324269,not_computed,0.325291,2.237459,not_computed,not_computed,not_computed,not_computed,10.8375,7.2,not_computed,separate_run_2026-09_staging
Burma,1916,Helm,7.0,7.0,4.0,6.7,13.35,0.347205,not_computed,0.315186,2.206935,not_computed,not_computed,not_computed,not_computed,10.6,7.5,not_computed,separate_run_2026-09_staging
Burma,1916,Shield,6.3,7.7,5.0,5.3,11.65,0.306628,not_computed,0.315186,2.206935,not_computed,not_computed,not_computed,not_computed,10.6,7.5,not_computed,separate_run_2026-09_staging
Burma,1916,Lore,5.0,4.8,4.6,5.6,8.0,0.298362,not_computed,0.315186,2.206935,not_computed,not_computed,not_computed,not_computed,10.6,7.5,not_computed,separate_run_2026-09_staging
Burma,1916,Stewards,5.4,5.8,5.8,5.0,7.9,0.277455,not_computed,0.315186,2.206935,not_computed,not_computed,not_computed,not_computed,10.6,7.5,not_computed,separate_run_2026-09_staging
Burma,1916,Craft,4.8,4.6,4.8,5.8,7.5,0.293811,not_computed,0.315186,2.206935,not_computed,not_computed,not_computed,not_computed,10.6,7.5,not_computed,separate_run_2026-09_staging
Burma,1916,Hands,6.2,6.0,3.8,2.8,9.8,0.30246,not_computed,0.315186,2.206935,not_computed,not_computed,not_computed,not_computed,10.6,7.5,not_computed,separate_run_2026-09_staging
Burma,1916,Archive,7.2,6.8,3.0,6.6,14.3,0.369537,not_computed,0.315186,2.206935,not_computed,not_computed,not_computed,not_computed,10.6,7.5,not_computed,separate_run_2026-09_staging
Burma,1916,Flow,7.8,6.8,5.2,5.8,12.3,0.326031,not_computed,0.315186,2.206935,not_computed,not_computed,not_computed,not_computed,10.6,7.5,not_computed,separate_run_2026-09_staging
Burma,1917,Helm,7.2,6.5,4.0,6.2,12.8,0.341113,not_computed,0.308333,2.148557,not_computed,not_computed,not_computed,not_computed,10.575,8.0,not_computed,separate_run_2026-09_staging
Burma,1917,Shield,6.6,7.4,4.4,6.0,12.6,0.323986,not_computed,0.308333,2.148557,not_computed,not_computed,not_computed,not_computed,10.575,8.0,not_computed,separate_run_2026-09_staging
Burma,1917,Lore,4.7,5.7,4.7,5.0,8.2,0.282445,not_computed,0.308333,2.148557,not_computed,not_computed,not_computed,not_computed,10.575,8.0,not_computed,separate_run_2026-09_staging
Burma,1917,Stewards,4.6,6.2,5.2,4.8,8.0,0.270479,not_computed,0.308333,2.148557,not_computed,not_computed,not_computed,not_computed,10.575,8.0,not_computed,separate_run_2026-09_staging
Burma,1917,Craft,5.0,4.7,3.7,4.3,8.15,0.297254,not_computed,0.308333,2.148557,not_computed,not_computed,not_computed,not_computed,10.575,8.0,not_computed,separate_run_2026-09_staging
Burma,1917,Hands,5.8,6.0,4.2,3.2,9.2,0.289517,not_computed,0.308333,2.148557,not_computed,not_computed,not_computed,not_computed,10.575,8.0,not_computed,separate_run_2026-09_staging
Burma,1917,Archive,6.8,7.0,3.2,6.6,13.9,0.355458,not_computed,0.308333,2.148557,not_computed,not_computed,not_computed,not_computed,10.575,8.0,not_computed,separate_run_2026-09_staging
Burma,1917,Flow,6.5,7.5,5.5,6.5,11.75,0.306413,not_computed,0.308333,2.148557,not_computed,not_computed,not_computed,not_computed,10.575,8.0,not_computed,separate_run_2026-09_staging
Burma,1918,Helm,6.5,7.2,3.5,7.5,13.95,0.359275,not_computed,0.317027,2.104589,not_computed,not_computed,not_computed,not_computed,10.69375,7.3,not_computed,separate_run_2026-09_staging
Burma,1918,Shield,7.2,6.8,5.0,6.6,12.3,0.330411,not_computed,0.317027,2.104589,not_computed,not_computed,not_computed,not_computed,10.69375,7.3,not_computed,separate_run_2026-09_staging
Burma,1918,Lore,5.0,5.0,5.0,5.0,7.5,0.286472,not_computed,0.317027,2.104589,not_computed,not_computed,not_computed,not_computed,10.69375,7.3,not_computed,separate_run_2026-09_staging
Burma,1918,Stewards,4.2,6.0,5.0,4.2,7.3,0.265288,not_computed,0.317027,2.104589,not_computed,not_computed,not_computed,not_computed,10.69375,7.3,not_computed,separate_run_2026-09_staging
Burma,1918,Craft,4.5,5.2,3.8,4.2,8.0,0.290756,not_computed,0.317027,2.104589,not_computed,not_computed,not_computed,not_computed,10.69375,7.3,not_computed,separate_run_2026-09_staging
Burma,1918,Hands,5.6,5.6,4.2,3.2,8.6,0.291037,not_computed,0.317027,2.104589,not_computed,not_computed,not_computed,not_computed,10.69375,7.3,not_computed,separate_run_2026-09_staging
Burma,1918,Archive,7.2,7.0,2.8,7.2,15.0,0.380545,not_computed,0.317027,2.104589,not_computed,not_computed,not_computed,not_computed,10.69375,7.3,not_computed,separate_run_2026-09_staging
Burma,1918,Flow,7.0,7.4,4.6,6.2,12.9,0.332435,not_computed,0.317027,2.104589,not_computed,not_computed,not_computed,not_computed,10.69375,7.3,not_computed,separate_run_2026-09_staging
Burma,1919,Helm,6.8,7.4,3.8,7.0,13.9,0.367157,not_computed,0.339906,2.304953,not_computed,not_computed,not_computed,not_computed,11.125,7.2,not_computed,separate_run_2026-09_staging
Burma,1919,Shield,7.7,7.3,4.3,6.3,13.85,0.362202,not_computed,0.339906,2.304953,not_computed,not_computed,not_computed,not_computed,11.125,7.2,not_computed,separate_run_2026-09_staging
Burma,1919,Lore,5.8,4.4,5.4,4.8,7.2,0.300661,not_computed,0.339906,2.304953,not_computed,not_computed,not_computed,not_computed,11.125,7.2,not_computed,separate_run_2026-09_staging
Burma,1919,Stewards,5.2,5.8,5.4,4.8,8.0,0.291661,not_computed,0.339906,2.304953,not_computed,not_computed,not_computed,not_computed,11.125,7.2,not_computed,separate_run_2026-09_staging
Burma,1919,Craft,4.3,4.3,3.7,5.0,7.4,0.310155,not_computed,0.339906,2.304953,not_computed,not_computed,not_computed,not_computed,11.125,7.2,not_computed,separate_run_2026-09_staging
Burma,1919,Hands,5.8,6.0,4.0,3.5,9.55,0.313128,not_computed,0.339906,2.304953,not_computed,not_computed,not_computed,not_computed,11.125,7.2,not_computed,separate_run_2026-09_staging
Burma,1919,Archive,6.8,6.8,3.2,7.2,14.0,0.382015,not_computed,0.339906,2.304953,not_computed,not_computed,not_computed,not_computed,11.125,7.2,not_computed,separate_run_2026-09_staging
Burma,1919,Flow,7.2,7.4,2.4,5.8,15.1,0.392268,not_computed,0.339906,2.304953,not_computed,not_computed,not_computed,not_computed,11.125,7.2,not_computed,separate_run_2026-09_staging
Burma,1920,Helm,7.2,6.0,5.2,6.8,11.4,0.321714,not_computed,0.306658,2.136165,not_computed,not_computed,not_computed,not_computed,10.34375,6.6,not_computed,separate_run_2026-09_staging
Burma,1920,Shield,7.0,7.0,4.8,6.2,12.3,0.322119,not_computed,0.306658,2.136165,not_computed,not_computed,not_computed,not_computed,10.34375,6.6,not_computed,separate_run_2026-09_staging
Burma,1920,Lore,5.4,4.8,5.6,5.2,7.2,0.278407,not_computed,0.306658,2.136165,not_computed,not_computed,not_computed,not_computed,10.34375,6.6,not_computed,separate_run_2026-09_staging
Burma,1920,Stewards,5.0,5.5,5.0,5.2,8.1,0.282942,not_computed,0.306658,2.136165,not_computed,not_computed,not_computed,not_computed,10.34375,6.6,not_computed,separate_run_2026-09_staging
Burma,1920,Craft,5.0,4.8,5.8,5.2,6.6,0.269531,not_computed,0.306658,2.136165,not_computed,not_computed,not_computed,not_computed,10.34375,6.6,not_computed,separate_run_2026-09_staging
Burma,1920,Hands,6.2,5.8,5.0,4.0,9.0,0.288682,not_computed,0.306658,2.136165,not_computed,not_computed,not_computed,not_computed,10.34375,6.6,not_computed,separate_run_2026-09_staging
Burma,1920,Archive,7.8,7.5,4.5,7.5,14.55,0.347556,not_computed,0.306658,2.136165,not_computed,not_computed,not_computed,not_computed,10.34375,6.6,not_computed,separate_run_2026-09_staging
Burma,1920,Flow,7.2,7.2,3.8,6.0,13.6,0.342316,not_computed,0.306658,2.136165,not_computed,not_computed,not_computed,not_computed,10.34375,6.6,not_computed,separate_run_2026-09_staging
Burma,1921,Helm,6.6,6.4,4.8,6.6,11.5,0.315711,not_computed,0.298863,2.140212,not_computed,not_computed,not_computed,not_computed,10.21875,7.3,not_computed,separate_run_2026-09_staging
Burma,1921,Shield,7.0,6.7,5.7,5.7,10.85,0.297025,not_computed,0.298863,2.140212,not_computed,not_computed,not_computed,not_computed,10.21875,7.3,not_computed,separate_run_2026-09_staging
Burma,1921,Lore,5.2,5.4,5.6,5.6,7.8,0.275257,not_computed,0.298863,2.140212,not_computed,not_computed,not_computed,not_computed,10.21875,7.3,not_computed,separate_run_2026-09_staging
Burma,1921,Stewards,4.5,5.8,5.0,5.2,7.9,0.271516,not_computed,0.298863,2.140212,not_computed,not_computed,not_computed,not_computed,10.21875,7.3,not_computed,separate_run_2026-09_staging
Burma,1921,Craft,4.6,5.2,5.2,5.4,7.3,0.271651,not_computed,0.298863,2.140212,not_computed,not_computed,not_computed,not_computed,10.21875,7.3,not_computed,separate_run_2026-09_staging
Burma,1921,Hands,6.8,5.8,4.4,2.4,9.4,0.288067,not_computed,0.298863,2.140212,not_computed,not_computed,not_computed,not_computed,10.21875,7.3,not_computed,separate_run_2026-09_staging
Burma,1921,Archive,6.7,7.0,4.0,7.0,13.2,0.335349,not_computed,0.298863,2.140212,not_computed,not_computed,not_computed,not_computed,10.21875,7.3,not_computed,separate_run_2026-09_staging
Burma,1921,Flow,7.0,7.5,3.8,6.2,13.8,0.336326,not_computed,0.298863,2.140212,not_computed,not_computed,not_computed,not_computed,10.21875,7.3,not_computed,separate_run_2026-09_staging
Burma,1922,Helm,7.4,5.8,5.6,6.4,10.8,0.319904,not_computed,0.317659,2.199724,not_computed,not_computed,not_computed,not_computed,10.5375,7.2,not_computed,separate_run_2026-09_staging
Burma,1922,Shield,7.2,6.8,4.2,6.5,13.05,0.345665,not_computed,0.317659,2.199724,not_computed,not_computed,not_computed,not_computed,10.5375,7.2,not_computed,separate_run_2026-09_staging
Burma,1922,Lore,5.2,5.2,5.8,5.2,7.2,0.277792,not_computed,0.317659,2.199724,not_computed,not_computed,not_computed,not_computed,10.5375,7.2,not_computed,separate_run_2026-09_staging
Burma,1922,Stewards,4.5,6.5,4.8,5.8,9.1,0.290674,not_computed,0.317659,2.199724,not_computed,not_computed,not_computed,not_computed,10.5375,7.2,not_computed,separate_run_2026-09_staging
Burma,1922,Craft,5.0,4.6,4.4,5.2,7.8,0.299321,not_computed,0.317659,2.199724,not_computed,not_computed,not_computed,not_computed,10.5375,7.2,not_computed,separate_run_2026-09_staging
Burma,1922,Hands,5.6,6.0,4.2,2.8,8.8,0.286808,not_computed,0.317659,2.199724,not_computed,not_computed,not_computed,not_computed,10.5375,7.2,not_computed,separate_run_2026-09_staging
Burma,1922,Archive,7.2,6.8,3.5,7.5,14.25,0.368442,not_computed,0.317659,2.199724,not_computed,not_computed,not_computed,not_computed,10.5375,7.2,not_computed,separate_run_2026-09_staging
Burma,1922,Flow,7.0,6.8,3.6,6.2,13.3,0.35267,not_computed,0.317659,2.199724,not_computed,not_computed,not_computed,not_computed,10.5375,7.2,not_computed,separate_run_2026-09_staging
Burma,1923,Helm,7.0,6.0,5.0,7.0,11.5,0.310752,not_computed,0.284196,1.938298,not_computed,not_computed,not_computed,not_computed,9.6875,5.8,not_computed,separate_run_2026-09_staging
Burma,1923,Shield,7.2,7.2,4.5,6.0,12.9,0.314483,not_computed,0.284196,1.938298,not_computed,not_computed,not_computed,not_computed,9.6875,5.8,not_computed,separate_run_2026-09_staging
Burma,1923,Lore,4.5,4.8,6.0,5.0,5.8,0.246582,not_computed,0.284196,1.938298,not_computed,not_computed,not_computed,not_computed,9.6875,5.8,not_computed,separate_run_2026-09_staging
Burma,1923,Stewards,4.2,6.6,5.2,4.4,7.8,0.248467,not_computed,0.284196,1.938298,not_computed,not_computed,not_computed,not_computed,9.6875,5.8,not_computed,separate_run_2026-09_staging
Burma,1923,Craft,4.5,5.5,4.8,5.2,7.8,0.267167,not_computed,0.284196,1.938298,not_computed,not_computed,not_computed,not_computed,9.6875,5.8,not_computed,separate_run_2026-09_staging
Burma,1923,Hands,6.0,5.6,4.6,3.2,8.6,0.272834,not_computed,0.284196,1.938298,not_computed,not_computed,not_computed,not_computed,9.6875,5.8,not_computed,separate_run_2026-09_staging
Burma,1923,Archive,6.4,6.4,4.8,6.4,11.2,0.302761,not_computed,0.284196,1.938298,not_computed,not_computed,not_computed,not_computed,9.6875,5.8,not_computed,separate_run_2026-09_staging
Burma,1923,Flow,7.0,6.5,4.5,5.8,11.9,0.310528,not_computed,0.284196,1.938298,not_computed,not_computed,not_computed,not_computed,9.6875,5.8,not_computed,separate_run_2026-09_staging
Burma,1924,Helm,7.2,6.0,5.0,6.6,11.5,0.316274,not_computed,0.294192,2.081099,not_computed,not_computed,not_computed,not_computed,9.95,7.0,not_computed,separate_run_2026-09_staging
Burma,1924,Shield,6.2,6.8,5.2,6.2,10.9,0.297598,not_computed,0.294192,2.081099,not_computed,not_computed,not_computed,not_computed,9.95,7.0,not_computed,separate_run_2026-09_staging
Burma,1924,Lore,5.0,5.2,5.8,5.2,7.0,0.263332,not_computed,0.294192,2.081099,not_computed,not_computed,not_computed,not_computed,9.95,7.0,not_computed,separate_run_2026-09_staging
Burma,1924,Stewards,4.6,5.8,4.4,4.4,8.2,0.272377,not_computed,0.294192,2.081099,not_computed,not_computed,not_computed,not_computed,9.95,7.0,not_computed,separate_run_2026-09_staging
Burma,1924,Craft,5.0,5.2,5.0,5.0,7.7,0.274489,not_computed,0.294192,2.081099,not_computed,not_computed,not_computed,not_computed,9.95,7.0,not_computed,separate_run_2026-09_staging
Burma,1924,Hands,6.0,5.8,5.2,3.0,8.1,0.266404,not_computed,0.294192,2.081099,not_computed,not_computed,not_computed,not_computed,9.95,7.0,not_computed,separate_run_2026-09_staging
Burma,1924,Archive,7.4,7.0,4.0,6.8,13.8,0.339104,not_computed,0.294192,2.081099,not_computed,not_computed,not_computed,not_computed,9.95,7.0,not_computed,separate_run_2026-09_staging
Burma,1924,Flow,6.4,6.8,3.8,6.0,12.4,0.323959,not_computed,0.294192,2.081099,not_computed,not_computed,not_computed,not_computed,9.95,7.0,not_computed,separate_run_2026-09_staging
Burma,1925,Helm,6.7,6.3,4.7,6.7,11.65,0.319218,not_computed,0.298265,2.049447,not_computed,not_computed,not_computed,not_computed,10.225,7.2,not_computed,separate_run_2026-09_staging
Burma,1925,Shield,7.4,7.6,5.2,6.4,13.0,0.315796,not_computed,0.298265,2.049447,not_computed,not_computed,not_computed,not_computed,10.225,7.2,not_computed,separate_run_2026-09_staging
Burma,1925,Lore,4.6,5.6,5.8,5.6,7.2,0.263487,not_computed,0.298265,2.049447,not_computed,not_computed,not_computed,not_computed,10.225,7.2,not_computed,separate_run_2026-09_staging
Burma,1925,Stewards,5.8,5.2,5.2,5.2,8.4,0.28616,not_computed,0.298265,2.049447,not_computed,not_computed,not_computed,not_computed,10.225,7.2,not_computed,separate_run_2026-09_staging
Burma,1925,Craft,5.2,5.0,4.4,5.0,8.3,0.2897,not_computed,0.298265,2.049447,not_computed,not_computed,not_computed,not_computed,10.225,7.2,not_computed,separate_run_2026-09_staging
Burma,1925,Hands,6.0,6.0,5.3,2.3,7.85,0.259848,not_computed,0.298265,2.049447,not_computed,not_computed,not_computed,not_computed,10.225,7.2,not_computed,separate_run_2026-09_staging
Burma,1925,Archive,7.4,6.6,4.6,6.8,12.8,0.330163,not_computed,0.298265,2.049447,not_computed,not_computed,not_computed,not_computed,10.225,7.2,not_computed,separate_run_2026-09_staging
Burma,1925,Flow,7.2,7.0,4.5,5.8,12.6,0.321747,not_computed,0.298265,2.049447,not_computed,not_computed,not_computed,not_computed,10.225,7.2,not_computed,separate_run_2026-09_staging
Burma,1926,Helm,7.6,6.0,5.0,6.2,11.7,0.325874,not_computed,0.307243,2.169875,not_computed,not_computed,not_computed,not_computed,10.4375,6.9,not_computed,separate_run_2026-09_staging
Burma,1926,Shield,6.8,7.6,5.4,6.4,12.2,0.310458,not_computed,0.307243,2.169875,not_computed,not_computed,not_computed,not_computed,10.4375,6.9,not_computed,separate_run_2026-09_staging
Burma,1926,Lore,5.2,4.8,5.8,5.4,6.9,0.274436,not_computed,0.307243,2.169875,not_computed,not_computed,not_computed,not_computed,10.4375,6.9,not_computed,separate_run_2026-09_staging
Burma,1926,Stewards,5.2,6.0,5.5,5.8,8.6,0.283145,not_computed,0.307243,2.169875,not_computed,not_computed,not_computed,not_computed,10.4375,6.9,not_computed,separate_run_2026-09_staging
Burma,1926,Craft,4.8,4.8,5.0,5.0,7.1,0.278325,not_computed,0.307243,2.169875,not_computed,not_computed,not_computed,not_computed,10.4375,6.9,not_computed,separate_run_2026-09_staging
Burma,1926,Hands,6.8,6.8,4.8,2.8,10.2,0.289613,not_computed,0.307243,2.169875,not_computed,not_computed,not_computed,not_computed,10.4375,6.9,not_computed,separate_run_2026-09_staging
Burma,1926,Archive,7.4,6.8,4.2,7.8,13.9,0.351697,not_computed,0.307243,2.169875,not_computed,not_computed,not_computed,not_computed,10.4375,6.9,not_computed,separate_run_2026-09_staging
Burma,1926,Flow,7.2,6.4,3.8,6.2,12.9,0.344395,not_computed,0.307243,2.169875,not_computed,not_computed,not_computed,not_computed,10.4375,6.9,not_computed,separate_run_2026-09_staging
Burma,1927,Helm,6.5,6.0,4.5,7.2,11.6,0.328883,not_computed,0.304888,2.103038,not_computed,not_computed,not_computed,not_computed,10.15,6.8,not_computed,separate_run_2026-09_staging
Burma,1927,Shield,6.8,6.2,5.2,6.0,10.8,0.309616,not_computed,0.304888,2.103038,not_computed,not_computed,not_computed,not_computed,10.15,6.8,not_computed,separate_run_2026-09_staging
Burma,1927,Lore,5.0,5.0,5.8,5.2,6.8,0.268731,not_computed,0.304888,2.103038,not_computed,not_computed,not_computed,not_computed,10.15,6.8,not_computed,separate_run_2026-09_staging
Burma,1927,Stewards,6.0,6.3,5.3,5.0,9.5,0.28903,not_computed,0.304888,2.103038,not_computed,not_computed,not_computed,not_computed,10.15,6.8,not_computed,separate_run_2026-09_staging
Burma,1927,Craft,4.8,4.8,5.0,5.0,7.1,0.277194,not_computed,0.304888,2.103038,not_computed,not_computed,not_computed,not_computed,10.15,6.8,not_computed,separate_run_2026-09_staging
Burma,1927,Hands,5.8,6.4,5.4,3.2,8.4,0.267598,not_computed,0.304888,2.103038,not_computed,not_computed,not_computed,not_computed,10.15,6.8,not_computed,separate_run_2026-09_staging
Burma,1927,Archive,6.8,6.8,3.6,7.2,13.6,0.350281,not_computed,0.304888,2.103038,not_computed,not_computed,not_computed,not_computed,10.15,6.8,not_computed,separate_run_2026-09_staging
Burma,1927,Flow,7.4,6.6,3.6,6.0,13.4,0.347766,not_computed,0.304888,2.103038,not_computed,not_computed,not_computed,not_computed,10.15,6.8,not_computed,separate_run_2026-09_staging
Burma,1928,Helm,6.6,6.2,4.8,7.0,11.5,0.317018,not_computed,0.295634,2.056392,not_computed,not_computed,not_computed,not_computed,9.825,6.65,not_computed,separate_run_2026-09_staging
Burma,1928,Shield,6.6,6.4,5.4,6.8,11.0,0.304497,not_computed,0.295634,2.056392,not_computed,not_computed,not_computed,not_computed,9.825,6.65,not_computed,separate_run_2026-09_staging
Burma,1928,Lore,4.5,5.2,5.8,5.5,6.65,0.259938,not_computed,0.295634,2.056392,not_computed,not_computed,not_computed,not_computed,9.825,6.65,not_computed,separate_run_2026-09_staging
Burma,1928,Stewards,5.0,6.2,5.2,4.5,8.25,0.26717,not_computed,0.295634,2.056392,not_computed,not_computed,not_computed,not_computed,9.825,6.65,not_computed,separate_run_2026-09_staging
Burma,1928,Craft,4.8,4.2,4.5,4.8,6.9,0.278712,not_computed,0.295634,2.056392,not_computed,not_computed,not_computed,not_computed,9.825,6.65,not_computed,separate_run_2026-09_staging
Burma,1928,Hands,6.2,5.8,5.2,2.8,8.2,0.268142,not_computed,0.295634,2.056392,not_computed,not_computed,not_computed,not_computed,9.825,6.65,not_computed,separate_run_2026-09_staging
Burma,1928,Archive,7.2,6.6,4.0,7.4,13.5,0.342465,not_computed,0.295634,2.056392,not_computed,not_computed,not_computed,not_computed,9.825,6.65,not_computed,separate_run_2026-09_staging
Burma,1928,Flow,6.6,6.8,4.0,6.4,12.6,0.327129,not_computed,0.295634,2.056392,not_computed,not_computed,not_computed,not_computed,9.825,6.65,not_computed,separate_run_2026-09_staging
Burma,1929,Helm,7.2,6.2,5.0,7.5,12.15,0.330694,not_computed,0.306345,2.100694,not_computed,not_computed,not_computed,not_computed,10.33125,6.4,not_computed,separate_run_2026-09_staging
Burma,1929,Shield,7.4,6.8,4.8,5.8,12.3,0.323533,not_computed,0.306345,2.100694,not_computed,not_computed,not_computed,not_computed,10.33125,6.4,not_computed,separate_run_2026-09_staging
Burma,1929,Lore,5.2,4.8,6.0,4.8,6.4,0.265166,not_computed,0.306345,2.100694,not_computed,not_computed,not_computed,not_computed,10.33125,6.4,not_computed,separate_run_2026-09_staging
Burma,1929,Stewards,5.2,5.8,4.8,4.6,8.5,0.283231,not_computed,0.306345,2.100694,not_computed,not_computed,not_computed,not_computed,10.33125,6.4,not_computed,separate_run_2026-09_staging
Burma,1929,Craft,5.4,4.4,4.4,5.4,8.1,0.300992,not_computed,0.306345,2.100694,not_computed,not_computed,not_computed,not_computed,10.33125,6.4,not_computed,separate_run_2026-09_staging
Burma,1929,Hands,6.0,5.8,4.8,2.5,8.25,0.274055,not_computed,0.306345,2.100694,not_computed,not_computed,not_computed,not_computed,10.33125,6.4,not_computed,separate_run_2026-09_staging
Burma,1929,Archive,6.0,7.0,4.3,7.7,12.55,0.331467,not_computed,0.306345,2.100694,not_computed,not_computed,not_computed,not_computed,10.33125,6.4,not_computed,separate_run_2026-09_staging
Burma,1929,Flow,7.8,7.8,4.2,6.0,14.4,0.341622,not_computed,0.306345,2.100694,not_computed,not_computed,not_computed,not_computed,10.33125,6.4,not_computed,separate_run_2026-09_staging
Burma,1932,Helm,6.2,6.2,6.6,6.0,8.8,0.228231,not_computed,0.215714,1.493345,not_computed,not_computed,not_computed,not_computed,6.93125,3.8,not_computed,separate_run_2026-09_staging
Burma,1932,Shield,6.5,6.0,7.2,6.2,8.4,0.224241,not_computed,0.215714,1.493345,not_computed,not_computed,not_computed,not_computed,6.93125,3.8,not_computed,separate_run_2026-09_staging
Burma,1932,Lore,4.7,5.3,6.3,4.7,6.05,0.207508,not_computed,0.215714,1.493345,not_computed,not_computed,not_computed,not_computed,6.93125,3.8,not_computed,separate_run_2026-09_staging
Burma,1932,Stewards,4.4,4.2,6.4,3.2,3.8,0.190566,not_computed,0.215714,1.493345,not_computed,not_computed,not_computed,not_computed,6.93125,3.8,not_computed,separate_run_2026-09_staging
Burma,1932,Craft,5.0,4.8,6.0,4.8,6.2,0.215463,not_computed,0.215714,1.493345,not_computed,not_computed,not_computed,not_computed,6.93125,3.8,not_computed,separate_run_2026-09_staging
Burma,1932,Hands,5.2,4.8,7.0,2.8,4.4,0.190172,not_computed,0.215714,1.493345,not_computed,not_computed,not_computed,not_computed,6.93125,3.8,not_computed,separate_run_2026-09_staging
Burma,1932,Archive,7.6,6.8,4.2,6.4,13.4,0.278513,not_computed,0.215714,1.493345,not_computed,not_computed,not_computed,not_computed,6.93125,3.8,not_computed,separate_run_2026-09_staging
Burma,1932,Flow,5.0,5.0,8.0,4.8,4.4,0.191019,not_computed,0.215714,1.493345,not_computed,not_computed,not_computed,not_computed,6.93125,3.8,not_computed,separate_run_2026-09_staging
Burma,1933,Helm,5.8,5.8,5.2,5.6,9.2,0.255497,not_computed,0.238828,1.512055,not_computed,not_computed,not_computed,not_computed,7.63125,3.0,not_computed,separate_run_2026-09_staging
Burma,1933,Shield,6.7,5.3,4.0,6.0,11.0,0.287234,not_computed,0.238828,1.512055,not_computed,not_computed,not_computed,not_computed,7.63125,3.0,not_computed,separate_run_2026-09_staging
Burma,1933,Lore,5.2,4.8,5.5,4.5,6.75,0.235389,not_computed,0.238828,1.512055,not_computed,not_computed,not_computed,not_computed,7.63125,3.0,not_computed,separate_run_2026-09_staging
Burma,1933,Stewards,4.4,4.2,7.2,3.2,3.0,0.19213,not_computed,0.238828,1.512055,not_computed,not_computed,not_computed,not_computed,7.63125,3.0,not_computed,separate_run_2026-09_staging
Burma,1933,Craft,5.2,5.2,5.5,4.0,6.9,0.231215,not_computed,0.238828,1.512055,not_computed,not_computed,not_computed,not_computed,7.63125,3.0,not_computed,separate_run_2026-09_staging
Burma,1933,Hands,5.2,5.2,7.0,2.6,4.7,0.199727,not_computed,0.238828,1.512055,not_computed,not_computed,not_computed,not_computed,7.63125,3.0,not_computed,separate_run_2026-09_staging
Burma,1933,Archive,6.8,7.4,4.2,7.6,13.8,0.296211,not_computed,0.238828,1.512055,not_computed,not_computed,not_computed,not_computed,7.63125,3.0,not_computed,separate_run_2026-09_staging
Burma,1933,Flow,5.2,5.4,7.2,4.6,5.7,0.21322,not_computed,0.238828,1.512055,not_computed,not_computed,not_computed,not_computed,7.63125,3.0,not_computed,separate_run_2026-09_staging
Burma,1934,Helm,6.0,5.8,5.2,6.4,9.8,0.258285,not_computed,0.230593,1.439566,not_computed,not_computed,not_computed,not_computed,7.275,3.0,not_computed,separate_run_2026-09_staging
Burma,1934,Shield,7.2,5.8,5.2,6.0,10.8,0.267782,not_computed,0.230593,1.439566,not_computed,not_computed,not_computed,not_computed,7.275,3.0,not_computed,separate_run_2026-09_staging
Burma,1934,Lore,4.4,4.4,6.0,4.4,5.0,0.213374,not_computed,0.230593,1.439566,not_computed,not_computed,not_computed,not_computed,7.275,3.0,not_computed,separate_run_2026-09_staging
Burma,1934,Stewards,3.8,4.2,7.0,4.0,3.0,0.18992,not_computed,0.230593,1.439566,not_computed,not_computed,not_computed,not_computed,7.275,3.0,not_computed,separate_run_2026-09_staging
Burma,1934,Craft,5.2,4.8,6.0,4.4,6.2,0.22318,not_computed,0.230593,1.439566,not_computed,not_computed,not_computed,not_computed,7.275,3.0,not_computed,separate_run_2026-09_staging
Burma,1934,Hands,4.8,5.2,7.8,2.8,3.6,0.183228,not_computed,0.230593,1.439566,not_computed,not_computed,not_computed,not_computed,7.275,3.0,not_computed,separate_run_2026-09_staging
Burma,1934,Archive,7.2,6.8,4.2,7.0,13.3,0.290104,not_computed,0.230593,1.439566,not_computed,not_computed,not_computed,not_computed,7.275,3.0,not_computed,separate_run_2026-09_staging
Burma,1934,Flow,5.0,5.5,6.5,5.0,6.5,0.218873,not_computed,0.230593,1.439566,not_computed,not_computed,not_computed,not_computed,7.275,3.0,not_computed,separate_run_2026-09_staging
Burma,1935,Helm,5.8,6.8,5.5,6.0,10.1,0.247628,not_computed,0.228712,1.435632,not_computed,not_computed,not_computed,not_computed,7.41875,2.0,not_computed,separate_run_2026-09_staging
Burma,1935,Shield,6.6,6.4,5.2,5.6,10.6,0.25763,not_computed,0.228712,1.435632,not_computed,not_computed,not_computed,not_computed,7.41875,2.0,not_computed,separate_run_2026-09_staging
Burma,1935,Lore,5.0,4.8,6.0,5.0,6.3,0.224383,not_computed,0.228712,1.435632,not_computed,not_computed,not_computed,not_computed,7.41875,2.0,not_computed,separate_run_2026-09_staging
Burma,1935,Stewards,3.4,3.6,6.6,3.2,2.0,0.180699,not_computed,0.228712,1.435632,not_computed,not_computed,not_computed,not_computed,7.41875,2.0,not_computed,separate_run_2026-09_staging
Burma,1935,Craft,4.3,5.0,5.7,3.7,5.45,0.208729,not_computed,0.228712,1.435632,not_computed,not_computed,not_computed,not_computed,7.41875,2.0,not_computed,separate_run_2026-09_staging
Burma,1935,Hands,5.5,5.0,6.8,3.2,5.3,0.20583,not_computed,0.228712,1.435632,not_computed,not_computed,not_computed,not_computed,7.41875,2.0,not_computed,separate_run_2026-09_staging
Burma,1935,Archive,7.2,7.2,4.2,7.0,13.7,0.28855,not_computed,0.228712,1.435632,not_computed,not_computed,not_computed,not_computed,7.41875,2.0,not_computed,separate_run_2026-09_staging
Burma,1935,Flow,5.0,5.0,6.5,4.8,5.9,0.216245,not_computed,0.228712,1.435632,not_computed,not_computed,not_computed,not_computed,7.41875,2.0,not_computed,separate_run_2026-09_staging
Burma,1936,Helm,6.0,6.6,5.0,5.8,10.5,0.264269,not_computed,0.242327,1.507028,not_computed,not_computed,not_computed,not_computed,7.6875,3.5,not_computed,separate_run_2026-09_staging
Burma,1936,Shield,7.2,6.2,5.6,5.4,10.5,0.26507,not_computed,0.242327,1.507028,not_computed,not_computed,not_computed,not_computed,7.6875,3.5,not_computed,separate_run_2026-09_staging
Burma,1936,Lore,5.0,4.8,6.0,5.2,6.4,0.233369,not_computed,0.242327,1.507028,not_computed,not_computed,not_computed,not_computed,7.6875,3.5,not_computed,separate_run_2026-09_staging
Burma,1936,Stewards,4.0,3.8,4.6,3.4,4.9,0.22279,not_computed,0.242327,1.507028,not_computed,not_computed,not_computed,not_computed,7.6875,3.5,not_computed,separate_run_2026-09_staging
Burma,1936,Craft,4.5,4.5,6.0,3.8,4.9,0.21525,not_computed,0.242327,1.507028,not_computed,not_computed,not_computed,not_computed,7.6875,3.5,not_computed,separate_run_2026-09_staging
Burma,1936,Hands,4.5,5.0,7.5,3.0,3.5,0.189531,not_computed,0.242327,1.507028,not_computed,not_computed,not_computed,not_computed,7.6875,3.5,not_computed,separate_run_2026-09_staging
Burma,1936,Archive,6.8,7.0,4.2,6.4,12.8,0.290182,not_computed,0.242327,1.507028,not_computed,not_computed,not_computed,not_computed,7.6875,3.5,not_computed,separate_run_2026-09_staging
Burma,1936,Flow,5.6,4.6,5.0,5.6,8.0,0.258154,not_computed,0.242327,1.507028,not_computed,not_computed,not_computed,not_computed,7.6875,3.5,not_computed,separate_run_2026-09_staging
Burma,1937,Helm,6.0,5.6,4.6,6.0,10.0,0.2886,not_computed,0.268189,1.736953,not_computed,not_computed,not_computed,not_computed,8.4625,4.8,not_computed,separate_run_2026-09_staging
Burma,1937,Shield,7.4,5.8,4.4,6.4,12.0,0.311351,not_computed,0.268189,1.736953,not_computed,not_computed,not_computed,not_computed,8.4625,4.8,not_computed,separate_run_2026-09_staging
Burma,1937,Lore,5.2,5.5,6.0,5.2,7.3,0.249762,not_computed,0.268189,1.736953,not_computed,not_computed,not_computed,not_computed,8.4625,4.8,not_computed,separate_run_2026-09_staging
Burma,1937,Stewards,4.4,3.8,5.0,3.8,5.1,0.240711,not_computed,0.268189,1.736953,not_computed,not_computed,not_computed,not_computed,8.4625,4.8,not_computed,separate_run_2026-09_staging
Burma,1937,Craft,5.0,5.0,5.6,3.8,6.3,0.240692,not_computed,0.268189,1.736953,not_computed,not_computed,not_computed,not_computed,8.4625,4.8,not_computed,separate_run_2026-09_staging
Burma,1937,Hands,5.2,5.0,7.2,3.6,4.8,0.219074,not_computed,0.268189,1.736953,not_computed,not_computed,not_computed,not_computed,8.4625,4.8,not_computed,separate_run_2026-09_staging
Burma,1937,Archive,7.8,6.8,3.8,7.2,14.4,0.332399,not_computed,0.268189,1.736953,not_computed,not_computed,not_computed,not_computed,8.4625,4.8,not_computed,separate_run_2026-09_staging
Burma,1937,Flow,5.0,5.2,5.2,5.6,7.8,0.262921,not_computed,0.268189,1.736953,not_computed,not_computed,not_computed,not_computed,8.4625,4.8,not_computed,separate_run_2026-09_staging
Burma,1938,Helm,6.5,5.0,4.5,5.5,9.75,0.28007,not_computed,0.249276,1.620389,not_computed,not_computed,not_computed,not_computed,7.75625,3.5,not_computed,separate_run_2026-09_staging
Burma,1938,Shield,7.4,5.8,5.6,5.8,10.5,0.274307,not_computed,0.249276,1.620389,not_computed,not_computed,not_computed,not_computed,7.75625,3.5,not_computed,separate_run_2026-09_staging
Burma,1938,Lore,5.2,4.6,5.4,5.0,6.9,0.246667,not_computed,0.249276,1.620389,not_computed,not_computed,not_computed,not_computed,7.75625,3.5,not_computed,separate_run_2026-09_staging
Burma,1938,Stewards,3.2,4.0,5.8,4.2,3.5,0.206385,not_computed,0.249276,1.620389,not_computed,not_computed,not_computed,not_computed,7.75625,3.5,not_computed,separate_run_2026-09_staging
Burma,1938,Craft,4.6,5.2,5.8,4.4,6.2,0.228149,not_computed,0.249276,1.620389,not_computed,not_computed,not_computed,not_computed,7.75625,3.5,not_computed,separate_run_2026-09_staging
Burma,1938,Hands,5.2,5.0,6.8,3.0,4.9,0.210423,not_computed,0.249276,1.620389,not_computed,not_computed,not_computed,not_computed,7.75625,3.5,not_computed,separate_run_2026-09_staging
Burma,1938,Archive,7.2,7.2,4.0,6.4,13.6,0.30282,not_computed,0.249276,1.620389,not_computed,not_computed,not_computed,not_computed,7.75625,3.5,not_computed,separate_run_2026-09_staging
Burma,1938,Flow,5.0,4.5,5.2,4.8,6.7,0.245385,not_computed,0.249276,1.620389,not_computed,not_computed,not_computed,not_computed,7.75625,3.5,not_computed,separate_run_2026-09_staging
Burma,1939,Helm,5.8,6.0,5.5,6.2,9.4,0.25844,not_computed,0.243959,1.53102,not_computed,not_computed,not_computed,not_computed,7.7125,3.5,not_computed,separate_run_2026-09_staging
Burma,1939,Shield,7.2,5.8,5.2,5.8,10.7,0.275192,not_computed,0.243959,1.53102,not_computed,not_computed,not_computed,not_computed,7.7125,3.5,not_computed,separate_run_2026-09_staging
Burma,1939,Lore,5.0,5.5,5.8,4.8,7.1,0.233872,not_computed,0.243959,1.53102,not_computed,not_computed,not_computed,not_computed,7.7125,3.5,not_computed,separate_run_2026-09_staging
Burma,1939,Stewards,4.4,3.4,5.0,3.8,4.7,0.228171,not_computed,0.243959,1.53102,not_computed,not_computed,not_computed,not_computed,7.7125,3.5,not_computed,separate_run_2026-09_staging
Burma,1939,Craft,4.5,5.2,6.8,4.0,4.9,0.207503,not_computed,0.243959,1.53102,not_computed,not_computed,not_computed,not_computed,7.7125,3.5,not_computed,separate_run_2026-09_staging
Burma,1939,Hands,4.2,4.8,7.2,3.4,3.5,0.193401,not_computed,0.243959,1.53102,not_computed,not_computed,not_computed,not_computed,7.7125,3.5,not_computed,separate_run_2026-09_staging
Burma,1939,Archive,6.8,7.2,3.8,6.2,13.3,0.296591,not_computed,0.243959,1.53102,not_computed,not_computed,not_computed,not_computed,7.7125,3.5,not_computed,separate_run_2026-09_staging
Burma,1939,Flow,5.2,4.8,4.4,5.0,8.1,0.258503,not_computed,0.243959,1.53102,not_computed,not_computed,not_computed,not_computed,7.7125,3.5,not_computed,separate_run_2026-09_staging
Burma,1940,Helm,5.8,5.8,4.8,6.8,10.2,0.272769,not_computed,0.242507,1.567652,not_computed,not_computed,not_computed,not_computed,8.06875,4.0,not_computed,separate_run_2026-09_staging
Burma,1940,Shield,7.6,6.0,6.2,6.4,10.6,0.266491,not_computed,0.242507,1.567652,not_computed,not_computed,not_computed,not_computed,8.06875,4.0,not_computed,separate_run_2026-09_staging
Burma,1940,Lore,5.0,6.0,6.0,4.7,7.35,0.229508,not_computed,0.242507,1.567652,not_computed,not_computed,not_computed,not_computed,8.06875,4.0,not_computed,separate_run_2026-09_staging
Burma,1940,Stewards,3.8,4.2,5.4,4.4,4.8,0.219173,not_computed,0.242507,1.567652,not_computed,not_computed,not_computed,not_computed,8.06875,4.0,not_computed,separate_run_2026-09_staging
Burma,1940,Craft,4.4,5.6,6.2,4.0,5.8,0.213236,not_computed,0.242507,1.567652,not_computed,not_computed,not_computed,not_computed,8.06875,4.0,not_computed,separate_run_2026-09_staging
Burma,1940,Hands,4.8,4.8,7.0,2.8,4.0,0.197852,not_computed,0.242507,1.567652,not_computed,not_computed,not_computed,not_computed,8.06875,4.0,not_computed,separate_run_2026-09_staging
Burma,1940,Archive,7.4,7.2,4.0,6.6,13.9,0.301443,not_computed,0.242507,1.567652,not_computed,not_computed,not_computed,not_computed,8.06875,4.0,not_computed,separate_run_2026-09_staging
Burma,1940,Flow,5.2,5.8,5.4,4.6,7.9,0.239581,not_computed,0.242507,1.567652,not_computed,not_computed,not_computed,not_computed,8.06875,4.0,not_computed,separate_run_2026-09_staging
Burma,1941,Helm,5.8,5.8,4.8,6.2,9.9,0.271267,not_computed,0.247092,1.633338,not_computed,not_computed,not_computed,not_computed,7.8125,4.9,not_computed,separate_run_2026-09_staging
Burma,1941,Shield,7.0,6.2,6.5,5.8,9.6,0.255048,not_computed,0.247092,1.633338,not_computed,not_computed,not_computed,not_computed,7.8125,4.9,not_computed,separate_run_2026-09_staging
Burma,1941,Lore,4.6,4.4,6.4,5.6,5.4,0.228845,not_computed,0.247092,1.633338,not_computed,not_computed,not_computed,not_computed,7.8125,4.9,not_computed,separate_run_2026-09_staging
Burma,1941,Stewards,4.4,3.4,5.0,4.2,4.9,0.233662,not_computed,0.247092,1.633338,not_computed,not_computed,not_computed,not_computed,7.8125,4.9,not_computed,separate_run_2026-09_staging
Burma,1941,Craft,4.6,5.6,6.4,3.4,5.5,0.210196,not_computed,0.247092,1.633338,not_computed,not_computed,not_computed,not_computed,7.8125,4.9,not_computed,separate_run_2026-09_staging
Burma,1941,Hands,5.2,5.2,7.0,3.2,5.0,0.208581,not_computed,0.247092,1.633338,not_computed,not_computed,not_computed,not_computed,7.8125,4.9,not_computed,separate_run_2026-09_staging
Burma,1941,Archive,7.4,6.8,3.6,7.4,14.3,0.317304,not_computed,0.247092,1.633338,not_computed,not_computed,not_computed,not_computed,7.8125,4.9,not_computed,separate_run_2026-09_staging
Burma,1941,Flow,5.0,5.2,4.8,5.0,7.9,0.251831,not_computed,0.247092,1.633338,not_computed,not_computed,not_computed,not_computed,7.8125,4.9,not_computed,separate_run_2026-09_staging
Burma,1946,Helm,4.5,5.0,7.2,5.2,4.9,0.167027,not_computed,0.160324,1.093911,not_computed,not_computed,not_computed,not_computed,3.81875,0.2,not_computed,separate_run_2026-09_staging
Burma,1946,Shield,5.0,4.5,8.0,4.0,3.5,0.156693,not_computed,0.160324,1.093911,not_computed,not_computed,not_computed,not_computed,3.81875,0.2,not_computed,separate_run_2026-09_staging
Burma,1946,Lore,4.8,4.8,5.8,4.5,6.05,0.179634,not_computed,0.160324,1.093911,not_computed,not_computed,not_computed,not_computed,3.81875,0.2,not_computed,separate_run_2026-09_staging
Burma,1946,Stewards,3.2,2.8,7.2,2.8,0.2,0.137266,not_computed,0.160324,1.093911,not_computed,not_computed,not_computed,not_computed,3.81875,0.2,not_computed,separate_run_2026-09_staging
Burma,1946,Craft,4.0,3.6,7.0,3.0,2.1,0.149634,not_computed,0.160324,1.093911,not_computed,not_computed,not_computed,not_computed,3.81875,0.2,not_computed,separate_run_2026-09_staging
Burma,1946,Hands,5.0,5.5,6.5,3.2,5.6,0.166075,not_computed,0.160324,1.093911,not_computed,not_computed,not_computed,not_computed,3.81875,0.2,not_computed,separate_run_2026-09_staging
Burma,1946,Archive,4.5,5.5,6.5,5.2,6.1,0.174017,not_computed,0.160324,1.093911,not_computed,not_computed,not_computed,not_computed,3.81875,0.2,not_computed,separate_run_2026-09_staging
Burma,1946,Flow,3.8,3.6,7.4,4.2,2.1,0.152246,not_computed,0.160324,1.093911,not_computed,not_computed,not_computed,not_computed,3.81875,0.2,not_computed,separate_run_2026-09_staging
Burma,1947,Helm,4.0,4.4,8.4,4.0,2.0,0.142818,not_computed,0.158098,1.115816,not_computed,not_computed,not_computed,not_computed,3.83125,0.5,not_computed,separate_run_2026-09_staging
Burma,1947,Shield,4.5,5.2,7.0,3.5,4.45,0.157027,not_computed,0.158098,1.115816,not_computed,not_computed,not_computed,not_computed,3.83125,0.5,not_computed,separate_run_2026-09_staging
Burma,1947,Lore,5.2,4.5,6.2,3.8,5.4,0.173467,not_computed,0.158098,1.115816,not_computed,not_computed,not_computed,not_computed,3.83125,0.5,not_computed,separate_run_2026-09_staging
Burma,1947,Stewards,3.2,2.6,6.8,3.0,0.5,0.14116,not_computed,0.158098,1.115816,not_computed,not_computed,not_computed,not_computed,3.83125,0.5,not_computed,separate_run_2026-09_staging
Burma,1947,Craft,4.0,4.2,7.0,3.0,2.7,0.148451,not_computed,0.158098,1.115816,not_computed,not_computed,not_computed,not_computed,3.83125,0.5,not_computed,separate_run_2026-09_staging
Burma,1947,Hands,5.0,4.8,6.4,3.4,5.1,0.167016,not_computed,0.158098,1.115816,not_computed,not_computed,not_computed,not_computed,3.83125,0.5,not_computed,separate_run_2026-09_staging
Burma,1947,Archive,5.0,5.8,6.6,5.2,6.8,0.176035,not_computed,0.158098,1.115816,not_computed,not_computed,not_computed,not_computed,3.83125,0.5,not_computed,separate_run_2026-09_staging
Burma,1947,Flow,3.7,4.3,6.3,4.0,3.7,0.158808,not_computed,0.158098,1.115816,not_computed,not_computed,not_computed,not_computed,3.83125,0.5,not_computed,separate_run_2026-09_staging
Burma,1948,Helm,4.0,4.0,8.4,4.8,2.0,0.141415,not_computed,0.146252,0.94811,not_computed,not_computed,not_computed,not_computed,2.79375,-1.95,not_computed,separate_run_2026-09_staging
Burma,1948,Shield,2.5,2.5,9.2,4.5,-1.95,0.119688,not_computed,0.146252,0.94811,not_computed,not_computed,not_computed,not_computed,2.79375,-1.95,not_computed,separate_run_2026-09_staging
Burma,1948,Lore,4.7,5.0,6.7,3.7,4.85,0.156085,not_computed,0.146252,0.94811,not_computed,not_computed,not_computed,not_computed,2.79375,-1.95,not_computed,separate_run_2026-09_staging
Burma,1948,Stewards,2.6,2.8,6.8,2.8,0.0,0.126481,not_computed,0.146252,0.94811,not_computed,not_computed,not_computed,not_computed,2.79375,-1.95,not_computed,separate_run_2026-09_staging
Burma,1948,Craft,4.2,4.0,7.2,3.2,2.6,0.143758,not_computed,0.146252,0.94811,not_computed,not_computed,not_computed,not_computed,2.79375,-1.95,not_computed,separate_run_2026-09_staging
Burma,1948,Hands,5.0,5.0,6.8,2.5,4.45,0.150482,not_computed,0.146252,0.94811,not_computed,not_computed,not_computed,not_computed,2.79375,-1.95,not_computed,separate_run_2026-09_staging
Burma,1948,Archive,5.4,4.8,6.0,4.6,6.5,0.174184,not_computed,0.146252,0.94811,not_computed,not_computed,not_computed,not_computed,2.79375,-1.95,not_computed,separate_run_2026-09_staging
Burma,1948,Flow,4.2,4.0,6.6,4.6,3.9,0.15792,not_computed,0.146252,0.94811,not_computed,not_computed,not_computed,not_computed,2.79375,-1.95,not_computed,separate_run_2026-09_staging
Burma,1949,Helm,4.2,4.0,6.5,4.8,4.1,0.178779,not_computed,0.177405,1.209404,not_computed,not_computed,not_computed,not_computed,4.8875,2.2,not_computed,separate_run_2026-09_staging
Burma,1949,Shield,3.8,5.5,8.0,3.8,3.2,0.152631,not_computed,0.177405,1.209404,not_computed,not_computed,not_computed,not_computed,4.8875,2.2,not_computed,separate_run_2026-09_staging
Burma,1949,Lore,4.6,5.2,4.8,4.2,7.1,0.197512,not_computed,0.177405,1.209404,not_computed,not_computed,not_computed,not_computed,4.8875,2.2,not_computed,separate_run_2026-09_staging
Burma,1949,Stewards,3.8,3.8,7.0,3.2,2.2,0.157641,not_computed,0.177405,1.209404,not_computed,not_computed,not_computed,not_computed,4.8875,2.2,not_computed,separate_run_2026-09_staging
Burma,1949,Craft,4.0,4.2,5.8,3.8,4.3,0.176683,not_computed,0.177405,1.209404,not_computed,not_computed,not_computed,not_computed,4.8875,2.2,not_computed,separate_run_2026-09_staging
Burma,1949,Hands,5.2,5.8,6.2,2.8,6.2,0.178435,not_computed,0.177405,1.209404,not_computed,not_computed,not_computed,not_computed,4.8875,2.2,not_computed,separate_run_2026-09_staging
Burma,1949,Archive,4.8,4.6,6.0,5.0,5.9,0.191652,not_computed,0.177405,1.209404,not_computed,not_computed,not_computed,not_computed,4.8875,2.2,not_computed,separate_run_2026-09_staging
Burma,1949,Flow,5.2,5.2,6.4,4.2,6.1,0.185911,not_computed,0.177405,1.209404,not_computed,not_computed,not_computed,not_computed,4.8875,2.2,not_computed,separate_run_2026-09_staging
Burma,1950,Helm,3.8,3.8,7.8,4.8,2.2,0.16228,not_computed,0.179091,1.234663,not_computed,not_computed,not_computed,not_computed,4.61875,2.2,not_computed,separate_run_2026-09_staging
Burma,1950,Shield,3.8,5.2,7.8,3.8,3.1,0.155304,not_computed,0.179091,1.234663,not_computed,not_computed,not_computed,not_computed,4.61875,2.2,not_computed,separate_run_2026-09_staging
Burma,1950,Lore,5.2,4.8,5.4,3.4,6.3,0.192484,not_computed,0.179091,1.234663,not_computed,not_computed,not_computed,not_computed,4.61875,2.2,not_computed,separate_run_2026-09_staging
Burma,1950,Stewards,4.0,3.3,6.0,4.3,3.45,0.179299,not_computed,0.179091,1.234663,not_computed,not_computed,not_computed,not_computed,4.61875,2.2,not_computed,separate_run_2026-09_staging
Burma,1950,Craft,4.2,3.8,6.2,4.0,3.8,0.177178,not_computed,0.179091,1.234663,not_computed,not_computed,not_computed,not_computed,4.61875,2.2,not_computed,separate_run_2026-09_staging
Burma,1950,Hands,5.6,5.2,6.4,3.0,5.9,0.182862,not_computed,0.179091,1.234663,not_computed,not_computed,not_computed,not_computed,4.61875,2.2,not_computed,separate_run_2026-09_staging
Burma,1950,Archive,5.0,4.8,6.0,4.8,6.2,0.193337,not_computed,0.179091,1.234663,not_computed,not_computed,not_computed,not_computed,4.61875,2.2,not_computed,separate_run_2026-09_staging
Burma,1950,Flow,5.2,4.8,6.0,4.0,6.0,0.189982,not_computed,0.179091,1.234663,not_computed,not_computed,not_computed,not_computed,4.61875,2.2,not_computed,separate_run_2026-09_staging
Burma,1951,Helm,3.8,3.5,6.8,5.5,3.25,0.180342,not_computed,0.184578,1.233153,not_computed,not_computed,not_computed,not_computed,4.79375,2.0,not_computed,separate_run_2026-09_staging
Burma,1951,Shield,3.8,4.6,8.6,4.4,2.0,0.15455,not_computed,0.184578,1.233153,not_computed,not_computed,not_computed,not_computed,4.79375,2.0,not_computed,separate_run_2026-09_staging
Burma,1951,Lore,4.8,4.2,4.5,4.8,6.9,0.212458,not_computed,0.184578,1.233153,not_computed,not_computed,not_computed,not_computed,4.79375,2.0,not_computed,separate_run_2026-09_staging
Burma,1951,Stewards,4.4,4.4,6.0,4.2,4.9,0.186207,not_computed,0.184578,1.233153,not_computed,not_computed,not_computed,not_computed,4.79375,2.0,not_computed,separate_run_2026-09_staging
Burma,1951,Craft,3.8,3.6,5.8,3.4,3.3,0.175043,not_computed,0.184578,1.233153,not_computed,not_computed,not_computed,not_computed,4.79375,2.0,not_computed,separate_run_2026-09_staging
Burma,1951,Hands,5.0,5.6,6.0,2.4,5.8,0.179375,not_computed,0.184578,1.233153,not_computed,not_computed,not_computed,not_computed,4.79375,2.0,not_computed,separate_run_2026-09_staging
Burma,1951,Archive,4.6,5.0,5.8,5.4,6.5,0.199106,not_computed,0.184578,1.233153,not_computed,not_computed,not_computed,not_computed,4.79375,2.0,not_computed,separate_run_2026-09_staging
Burma,1951,Flow,5.4,4.8,6.4,3.8,5.7,0.18954,not_computed,0.184578,1.233153,not_computed,not_computed,not_computed,not_computed,4.79375,2.0,not_computed,separate_run_2026-09_staging
Burma,1954,Helm,4.0,4.0,7.0,4.6,3.3,0.170832,not_computed,0.178871,1.29922,not_computed,not_computed,not_computed,not_computed,4.7625,3.3,not_computed,separate_run_2026-09_staging
Burma,1954,Shield,4.8,5.0,8.2,4.0,3.6,0.16276,not_computed,0.178871,1.29922,not_computed,not_computed,not_computed,not_computed,4.7625,3.3,not_computed,separate_run_2026-09_staging
Burma,1954,Lore,4.8,4.8,5.5,4.0,6.1,0.191162,not_computed,0.178871,1.29922,not_computed,not_computed,not_computed,not_computed,4.7625,3.3,not_computed,separate_run_2026-09_staging
Burma,1954,Stewards,4.4,4.0,5.8,3.4,4.3,0.178973,not_computed,0.178871,1.29922,not_computed,not_computed,not_computed,not_computed,4.7625,3.3,not_computed,separate_run_2026-09_staging
Burma,1954,Craft,3.8,3.5,5.8,4.2,3.6,0.178203,not_computed,0.178871,1.29922,not_computed,not_computed,not_computed,not_computed,4.7625,3.3,not_computed,separate_run_2026-09_staging
Burma,1954,Hands,4.6,5.0,5.6,2.6,5.3,0.177172,not_computed,0.178871,1.29922,not_computed,not_computed,not_computed,not_computed,4.7625,3.3,not_computed,separate_run_2026-09_staging
Burma,1954,Archive,4.2,5.2,6.2,5.2,5.8,0.18553,not_computed,0.178871,1.29922,not_computed,not_computed,not_computed,not_computed,4.7625,3.3,not_computed,separate_run_2026-09_staging
Burma,1954,Flow,5.0,5.2,6.0,3.8,6.1,0.186335,not_computed,0.178871,1.29922,not_computed,not_computed,not_computed,not_computed,4.7625,3.3,not_computed,separate_run_2026-09_staging
Burma,1955,Helm,4.2,5.2,5.2,5.0,6.7,0.201752,not_computed,0.18912,1.285443,not_computed,not_computed,not_computed,not_computed,5.275,2.1,not_computed,separate_run_2026-09_staging
Burma,1955,Shield,3.8,4.2,8.0,4.2,2.1,0.161074,not_computed,0.18912,1.285443,not_computed,not_computed,not_computed,not_computed,5.275,2.1,not_computed,separate_run_2026-09_staging
Burma,1955,Lore,5.5,4.8,4.8,3.8,7.4,0.212141,not_computed,0.18912,1.285443,not_computed,not_computed,not_computed,not_computed,5.275,2.1,not_computed,separate_run_2026-09_staging
Burma,1955,Stewards,4.0,3.6,6.0,3.8,3.5,0.181042,not_computed,0.18912,1.285443,not_computed,not_computed,not_computed,not_computed,5.275,2.1,not_computed,separate_run_2026-09_staging
Burma,1955,Craft,4.2,4.2,6.2,4.0,4.2,0.182774,not_computed,0.18912,1.285443,not_computed,not_computed,not_computed,not_computed,5.275,2.1,not_computed,separate_run_2026-09_staging
Burma,1955,Hands,5.2,5.0,6.2,2.6,5.3,0.183538,not_computed,0.18912,1.285443,not_computed,not_computed,not_computed,not_computed,5.275,2.1,not_computed,separate_run_2026-09_staging
Burma,1955,Archive,4.8,5.0,6.0,5.0,6.3,0.198849,not_computed,0.18912,1.285443,not_computed,not_computed,not_computed,not_computed,5.275,2.1,not_computed,separate_run_2026-09_staging
Burma,1955,Flow,5.0,5.8,5.8,3.4,6.7,0.191789,not_computed,0.18912,1.285443,not_computed,not_computed,not_computed,not_computed,5.275,2.1,not_computed,separate_run_2026-09_staging
Burma,1956,Helm,3.5,5.5,5.8,5.0,5.7,0.188535,not_computed,0.19229,1.346143,not_computed,not_computed,not_computed,not_computed,5.29375,3.55,not_computed,separate_run_2026-09_staging
Burma,1956,Shield,4.7,5.0,8.0,3.7,3.55,0.168553,not_computed,0.19229,1.346143,not_computed,not_computed,not_computed,not_computed,5.29375,3.55,not_computed,separate_run_2026-09_staging
Burma,1956,Lore,5.2,5.2,4.8,3.8,7.5,0.210773,not_computed,0.19229,1.346143,not_computed,not_computed,not_computed,not_computed,5.29375,3.55,not_computed,separate_run_2026-09_staging
Burma,1956,Stewards,4.0,3.5,6.0,4.5,3.75,0.188241,not_computed,0.19229,1.346143,not_computed,not_computed,not_computed,not_computed,5.29375,3.55,not_computed,separate_run_2026-09_staging
Burma,1956,Craft,3.5,3.5,5.8,4.8,3.6,0.186941,not_computed,0.19229,1.346143,not_computed,not_computed,not_computed,not_computed,5.29375,3.55,not_computed,separate_run_2026-09_staging
Burma,1956,Hands,5.5,5.2,5.8,2.5,6.15,0.192432,not_computed,0.19229,1.346143,not_computed,not_computed,not_computed,not_computed,5.29375,3.55,not_computed,separate_run_2026-09_staging
Burma,1956,Archive,5.0,4.2,5.8,4.8,5.8,0.203789,not_computed,0.19229,1.346143,not_computed,not_computed,not_computed,not_computed,5.29375,3.55,not_computed,separate_run_2026-09_staging
Burma,1956,Flow,5.4,5.0,6.2,4.2,6.3,0.199053,not_computed,0.19229,1.346143,not_computed,not_computed,not_computed,not_computed,5.29375,3.55,not_computed,separate_run_2026-09_staging
Burma,1957,Helm,4.4,4.8,5.4,5.0,6.3,0.203167,not_computed,0.191588,1.254541,not_computed,not_computed,not_computed,not_computed,5.35,2.75,not_computed,separate_run_2026-09_staging
Burma,1957,Shield,4.3,5.3,8.7,3.7,2.75,0.157158,not_computed,0.191588,1.254541,not_computed,not_computed,not_computed,not_computed,5.35,2.75,not_computed,separate_run_2026-09_staging
Burma,1957,Lore,5.2,4.6,4.8,3.8,6.9,0.210407,not_computed,0.191588,1.254541,not_computed,not_computed,not_computed,not_computed,5.35,2.75,not_computed,separate_run_2026-09_staging
Burma,1957,Stewards,4.4,4.0,6.2,3.8,4.1,0.184922,not_computed,0.191588,1.254541,not_computed,not_computed,not_computed,not_computed,5.35,2.75,not_computed,separate_run_2026-09_staging
Burma,1957,Craft,4.0,3.8,6.0,4.0,3.8,0.184005,not_computed,0.191588,1.254541,not_computed,not_computed,not_computed,not_computed,5.35,2.75,not_computed,separate_run_2026-09_staging
Burma,1957,Hands,5.5,5.8,6.5,2.5,6.05,0.184245,not_computed,0.191588,1.254541,not_computed,not_computed,not_computed,not_computed,5.35,2.75,not_computed,separate_run_2026-09_staging
Burma,1957,Archive,5.5,4.2,6.0,5.0,6.2,0.20748,not_computed,0.191588,1.254541,not_computed,not_computed,not_computed,not_computed,5.35,2.75,not_computed,separate_run_2026-09_staging
Burma,1957,Flow,5.2,5.2,5.8,4.2,6.7,0.201322,not_computed,0.191588,1.254541,not_computed,not_computed,not_computed,not_computed,5.35,2.75,not_computed,separate_run_2026-09_staging
Burma,1958,Helm,5.6,6.0,5.0,4.6,8.9,0.250003,not_computed,0.242461,1.683312,not_computed,not_computed,not_computed,not_computed,7.725,4.1,not_computed,separate_run_2026-09_staging
Burma,1958,Shield,7.0,7.6,4.6,5.2,12.6,0.277016,not_computed,0.242461,1.683312,not_computed,not_computed,not_computed,not_computed,7.725,4.1,not_computed,separate_run_2026-09_staging
Burma,1958,Lore,5.3,4.7,5.3,5.3,7.35,0.247613,not_computed,0.242461,1.683312,not_computed,not_computed,not_computed,not_computed,7.725,4.1,not_computed,separate_run_2026-09_staging
Burma,1958,Stewards,4.0,4.0,6.0,4.2,4.1,0.211946,not_computed,0.242461,1.683312,not_computed,not_computed,not_computed,not_computed,7.725,4.1,not_computed,separate_run_2026-09_staging
Burma,1958,Craft,4.6,4.8,5.2,4.8,6.6,0.236146,not_computed,0.242461,1.683312,not_computed,not_computed,not_computed,not_computed,7.725,4.1,not_computed,separate_run_2026-09_staging
Burma,1958,Hands,4.8,5.0,5.0,2.5,6.05,0.220323,not_computed,0.242461,1.683312,not_computed,not_computed,not_computed,not_computed,7.725,4.1,not_computed,separate_run_2026-09_staging
Burma,1958,Archive,5.8,5.6,4.6,5.4,9.5,0.264872,not_computed,0.242461,1.683312,not_computed,not_computed,not_computed,not_computed,7.725,4.1,not_computed,separate_run_2026-09_staging
Burma,1958,Flow,4.8,5.0,4.8,3.4,6.7,0.231771,not_computed,0.242461,1.683312,not_computed,not_computed,not_computed,not_computed,7.725,4.1,not_computed,separate_run_2026-09_staging
Burma,1960,Helm,4.6,4.8,5.6,5.4,6.5,0.236508,not_computed,0.24426,1.692961,not_computed,not_computed,not_computed,not_computed,7.6875,4.1,not_computed,separate_run_2026-09_staging
Burma,1960,Shield,7.2,7.0,5.2,5.2,11.6,0.270784,not_computed,0.24426,1.692961,not_computed,not_computed,not_computed,not_computed,7.6875,4.1,not_computed,separate_run_2026-09_staging
Burma,1960,Lore,5.2,4.6,5.0,5.2,7.4,0.250984,not_computed,0.24426,1.692961,not_computed,not_computed,not_computed,not_computed,7.6875,4.1,not_computed,separate_run_2026-09_staging
Burma,1960,Stewards,4.4,4.0,6.2,3.8,4.1,0.21198,not_computed,0.24426,1.692961,not_computed,not_computed,not_computed,not_computed,7.6875,4.1,not_computed,separate_run_2026-09_staging
Burma,1960,Craft,5.0,5.8,5.0,4.2,7.9,0.239913,not_computed,0.24426,1.692961,not_computed,not_computed,not_computed,not_computed,7.6875,4.1,not_computed,separate_run_2026-09_staging
Burma,1960,Hands,5.2,4.6,4.8,3.4,6.7,0.238271,not_computed,0.24426,1.692961,not_computed,not_computed,not_computed,not_computed,7.6875,4.1,not_computed,separate_run_2026-09_staging
Burma,1960,Archive,5.8,6.6,5.2,4.8,9.6,0.252057,not_computed,0.24426,1.692961,not_computed,not_computed,not_computed,not_computed,7.6875,4.1,not_computed,separate_run_2026-09_staging
Burma,1960,Flow,5.6,4.6,4.6,4.2,7.7,0.253582,not_computed,0.24426,1.692961,not_computed,not_computed,not_computed,not_computed,7.6875,4.1,not_computed,separate_run_2026-09_staging
Burma,1961,Helm,4.5,5.0,5.8,5.5,6.45,0.204312,not_computed,0.193729,1.435812,not_computed,not_computed,not_computed,not_computed,5.15625,2.7,not_computed,separate_run_2026-09_staging
Burma,1961,Shield,5.2,4.5,8.0,5.2,4.3,0.183907,not_computed,0.193729,1.435812,not_computed,not_computed,not_computed,not_computed,5.15625,2.7,not_computed,separate_run_2026-09_staging
Burma,1961,Lore,4.4,5.2,6.8,5.0,5.3,0.188122,not_computed,0.193729,1.435812,not_computed,not_computed,not_computed,not_computed,5.15625,2.7,not_computed,separate_run_2026-09_staging
Burma,1961,Stewards,4.4,3.0,6.4,3.4,2.7,0.180697,not_computed,0.193729,1.435812,not_computed,not_computed,not_computed,not_computed,5.15625,2.7,not_computed,separate_run_2026-09_staging
Burma,1961,Craft,3.6,3.8,5.6,3.8,3.7,0.18287,not_computed,0.193729,1.435812,not_computed,not_computed,not_computed,not_computed,5.15625,2.7,not_computed,separate_run_2026-09_staging
Burma,1961,Hands,4.7,4.7,5.0,2.7,5.75,0.194352,not_computed,0.193729,1.435812,not_computed,not_computed,not_computed,not_computed,5.15625,2.7,not_computed,separate_run_2026-09_staging
Burma,1961,Archive,5.0,4.5,5.2,5.5,7.05,0.216926,not_computed,0.193729,1.435812,not_computed,not_computed,not_computed,not_computed,5.15625,2.7,not_computed,separate_run_2026-09_staging
Burma,1961,Flow,4.5,4.8,5.2,3.8,6.0,0.198645,not_computed,0.193729,1.435812,not_computed,not_computed,not_computed,not_computed,5.15625,2.7,not_computed,separate_run_2026-09_staging
Burma,1962,Helm,4.8,5.2,7.0,4.2,5.1,0.178259,not_computed,0.180918,1.035224,not_computed,not_computed,not_computed,not_computed,4.7625,-1.2,not_computed,separate_run_2026-09_staging
Burma,1962,Shield,8.5,6.5,3.8,5.8,14.1,0.260572,not_computed,0.180918,1.035224,not_computed,not_computed,not_computed,not_computed,4.7625,-1.2,not_computed,separate_run_2026-09_staging
Burma,1962,Lore,4.7,4.0,6.3,4.0,4.4,0.183372,not_computed,0.180918,1.035224,not_computed,not_computed,not_computed,not_computed,4.7625,-1.2,not_computed,separate_run_2026-09_staging
Burma,1962,Stewards,2.6,3.0,8.2,2.8,-1.2,0.130881,not_computed,0.180918,1.035224,not_computed,not_computed,not_computed,not_computed,4.7625,-1.2,not_computed,separate_run_2026-09_staging
Burma,1962,Craft,3.2,3.4,7.6,3.6,0.8,0.150372,not_computed,0.180918,1.035224,not_computed,not_computed,not_computed,not_computed,4.7625,-1.2,not_computed,separate_run_2026-09_staging
Burma,1962,Hands,5.6,5.2,5.6,3.8,7.1,0.199263,not_computed,0.180918,1.035224,not_computed,not_computed,not_computed,not_computed,4.7625,-1.2,not_computed,separate_run_2026-09_staging
Burma,1962,Archive,4.6,5.0,5.8,4.2,5.9,0.189239,not_computed,0.180918,1.035224,not_computed,not_computed,not_computed,not_computed,4.7625,-1.2,not_computed,separate_run_2026-09_staging
Burma,1962,Flow,3.4,4.2,7.8,4.2,1.9,0.155389,not_computed,0.180918,1.035224,not_computed,not_computed,not_computed,not_computed,4.7625,-1.2,not_computed,separate_run_2026-09_staging
Burma,1963,Helm,6.2,4.6,4.6,3.6,8.0,0.233574,not_computed,0.208094,1.438854,not_computed,not_computed,not_computed,not_computed,6.01875,3.5,not_computed,separate_run_2026-09_staging
Burma,1963,Shield,6.6,7.2,4.6,4.8,11.6,0.246531,not_computed,0.208094,1.438854,not_computed,not_computed,not_computed,not_computed,6.01875,3.5,not_computed,separate_run_2026-09_staging
Burma,1963,Lore,4.2,4.0,5.0,3.8,5.1,0.205697,not_computed,0.208094,1.438854,not_computed,not_computed,not_computed,not_computed,6.01875,3.5,not_computed,separate_run_2026-09_staging
Burma,1963,Stewards,4.4,3.6,5.8,3.0,3.7,0.19179,not_computed,0.208094,1.438854,not_computed,not_computed,not_computed,not_computed,6.01875,3.5,not_computed,separate_run_2026-09_staging
Burma,1963,Craft,4.0,4.2,6.2,3.0,3.5,0.181968,not_computed,0.208094,1.438854,not_computed,not_computed,not_computed,not_computed,6.01875,3.5,not_computed,separate_run_2026-09_staging
Burma,1963,Hands,4.8,5.0,5.2,3.5,6.35,0.208361,not_computed,0.208094,1.438854,not_computed,not_computed,not_computed,not_computed,6.01875,3.5,not_computed,separate_run_2026-09_staging
Burma,1963,Archive,5.0,4.5,5.0,3.2,6.1,0.210849,not_computed,0.208094,1.438854,not_computed,not_computed,not_computed,not_computed,6.01875,3.5,not_computed,separate_run_2026-09_staging
Burma,1963,Flow,4.0,4.2,6.0,3.2,3.8,0.185985,not_computed,0.208094,1.438854,not_computed,not_computed,not_computed,not_computed,6.01875,3.5,not_computed,separate_run_2026-09_staging
Burma,1964,Helm,6.2,5.4,5.0,4.0,8.6,0.236278,not_computed,0.216161,1.491928,not_computed,not_computed,not_computed,not_computed,6.1625,2.7,not_computed,separate_run_2026-09_staging
Burma,1964,Shield,7.0,6.8,4.8,5.2,11.6,0.256041,not_computed,0.216161,1.491928,not_computed,not_computed,not_computed,not_computed,6.1625,2.7,not_computed,separate_run_2026-09_staging
Burma,1964,Lore,4.2,3.8,5.0,4.2,5.1,0.213703,not_computed,0.216161,1.491928,not_computed,not_computed,not_computed,not_computed,6.1625,2.7,not_computed,separate_run_2026-09_staging
Burma,1964,Stewards,4.2,3.6,4.4,2.8,4.8,0.208254,not_computed,0.216161,1.491928,not_computed,not_computed,not_computed,not_computed,6.1625,2.7,not_computed,separate_run_2026-09_staging
Burma,1964,Craft,4.4,3.8,5.6,3.2,4.2,0.200083,not_computed,0.216161,1.491928,not_computed,not_computed,not_computed,not_computed,6.1625,2.7,not_computed,separate_run_2026-09_staging
Burma,1964,Hands,5.2,5.0,5.0,3.2,6.8,0.218009,not_computed,0.216161,1.491928,not_computed,not_computed,not_computed,not_computed,6.1625,2.7,not_computed,separate_run_2026-09_staging
Burma,1964,Archive,4.8,4.5,5.8,4.0,5.5,0.209477,not_computed,0.216161,1.491928,not_computed,not_computed,not_computed,not_computed,6.1625,2.7,not_computed,separate_run_2026-09_staging
Burma,1964,Flow,4.2,3.4,6.6,3.4,2.7,0.187445,not_computed,0.216161,1.491928,not_computed,not_computed,not_computed,not_computed,6.1625,2.7,not_computed,separate_run_2026-09_staging
Burma,1965,Helm,6.4,5.2,4.8,3.6,8.6,0.237591,not_computed,0.21509,1.445719,not_computed,not_computed,not_computed,not_computed,6.35,2.75,not_computed,separate_run_2026-09_staging
Burma,1965,Shield,6.8,7.0,5.0,4.8,11.2,0.247694,not_computed,0.21509,1.445719,not_computed,not_computed,not_computed,not_computed,6.35,2.75,not_computed,separate_run_2026-09_staging
Burma,1965,Lore,3.8,4.4,5.4,4.0,4.8,0.20104,not_computed,0.21509,1.445719,not_computed,not_computed,not_computed,not_computed,6.35,2.75,not_computed,separate_run_2026-09_staging
Burma,1965,Stewards,4.2,4.0,4.6,3.8,5.5,0.214618,not_computed,0.21509,1.445719,not_computed,not_computed,not_computed,not_computed,6.35,2.75,not_computed,separate_run_2026-09_staging
Burma,1965,Craft,4.4,4.0,5.2,3.0,4.7,0.202562,not_computed,0.21509,1.445719,not_computed,not_computed,not_computed,not_computed,6.35,2.75,not_computed,separate_run_2026-09_staging
Burma,1965,Hands,4.7,5.3,5.0,3.3,6.65,0.211778,not_computed,0.21509,1.445719,not_computed,not_computed,not_computed,not_computed,6.35,2.75,not_computed,separate_run_2026-09_staging
Burma,1965,Archive,5.2,4.4,5.0,4.0,6.6,0.223988,not_computed,0.21509,1.445719,not_computed,not_computed,not_computed,not_computed,6.35,2.75,not_computed,separate_run_2026-09_staging
Burma,1965,Flow,4.0,3.7,6.3,2.7,2.75,0.181452,not_computed,0.21509,1.445719,not_computed,not_computed,not_computed,not_computed,6.35,2.75,not_computed,separate_run_2026-09_staging
Burma,1966,Helm,5.6,4.8,5.0,4.2,7.5,0.230459,not_computed,0.215408,1.558489,not_computed,not_computed,not_computed,not_computed,6.3125,4.2,not_computed,separate_run_2026-09_staging
Burma,1966,Shield,7.0,6.4,4.8,5.0,11.1,0.254131,not_computed,0.215408,1.558489,not_computed,not_computed,not_computed,not_computed,6.3125,4.2,not_computed,separate_run_2026-09_staging
Burma,1966,Lore,4.0,4.5,4.8,4.0,5.7,0.211319,not_computed,0.215408,1.558489,not_computed,not_computed,not_computed,not_computed,6.3125,4.2,not_computed,separate_run_2026-09_staging
Burma,1966,Stewards,4.0,4.2,4.8,3.2,5.0,0.203841,not_computed,0.215408,1.558489,not_computed,not_computed,not_computed,not_computed,6.3125,4.2,not_computed,separate_run_2026-09_staging
Burma,1966,Craft,4.2,4.6,5.8,3.4,4.7,0.196376,not_computed,0.215408,1.558489,not_computed,not_computed,not_computed,not_computed,6.3125,4.2,not_computed,separate_run_2026-09_staging
Burma,1966,Hands,4.8,4.6,5.4,3.0,5.5,0.205616,not_computed,0.215408,1.558489,not_computed,not_computed,not_computed,not_computed,6.3125,4.2,not_computed,separate_run_2026-09_staging
Burma,1966,Archive,5.2,4.8,5.2,4.0,6.8,0.221519,not_computed,0.215408,1.558489,not_computed,not_computed,not_computed,not_computed,6.3125,4.2,not_computed,separate_run_2026-09_staging
Burma,1966,Flow,4.8,3.8,6.0,3.2,4.2,0.200002,not_computed,0.215408,1.558489,not_computed,not_computed,not_computed,not_computed,6.3125,4.2,not_computed,separate_run_2026-09_staging
Burma,1967,Helm,6.0,5.2,4.6,3.8,8.5,0.238121,not_computed,0.216279,1.54682,not_computed,not_computed,not_computed,not_computed,6.49375,3.9,not_computed,separate_run_2026-09_staging
Burma,1967,Shield,6.8,7.0,4.5,5.0,11.8,0.257163,not_computed,0.216279,1.54682,not_computed,not_computed,not_computed,not_computed,6.49375,3.9,not_computed,separate_run_2026-09_staging
Burma,1967,Lore,3.8,4.0,5.0,3.6,4.6,0.202898,not_computed,0.216279,1.54682,not_computed,not_computed,not_computed,not_computed,6.49375,3.9,not_computed,separate_run_2026-09_staging
Burma,1967,Stewards,4.0,4.2,5.0,3.2,4.8,0.201947,not_computed,0.216279,1.54682,not_computed,not_computed,not_computed,not_computed,6.49375,3.9,not_computed,separate_run_2026-09_staging
Burma,1967,Craft,4.2,3.8,5.8,3.4,3.9,0.196906,not_computed,0.216279,1.54682,not_computed,not_computed,not_computed,not_computed,6.49375,3.9,not_computed,separate_run_2026-09_staging
Burma,1967,Hands,5.0,5.0,5.8,2.5,5.45,0.199541,not_computed,0.216279,1.54682,not_computed,not_computed,not_computed,not_computed,6.49375,3.9,not_computed,separate_run_2026-09_staging
Burma,1967,Archive,5.2,5.2,4.4,4.6,8.3,0.23772,not_computed,0.216279,1.54682,not_computed,not_computed,not_computed,not_computed,6.49375,3.9,not_computed,separate_run_2026-09_staging
Burma,1967,Flow,4.0,4.5,5.5,3.2,4.6,0.195933,not_computed,0.216279,1.54682,not_computed,not_computed,not_computed,not_computed,6.49375,3.9,not_computed,separate_run_2026-09_staging
Burma,1969,Helm,5.6,5.0,5.0,4.2,7.7,0.223089,not_computed,0.203452,1.353704,not_computed,not_computed,not_computed,not_computed,6.1375,3.0,not_computed,separate_run_2026-09_staging
Burma,1969,Shield,7.4,6.8,5.0,5.0,11.7,0.246871,not_computed,0.203452,1.353704,not_computed,not_computed,not_computed,not_computed,6.1375,3.0,not_computed,separate_run_2026-09_staging
Burma,1969,Lore,3.6,4.2,4.8,4.2,5.1,0.201109,not_computed,0.203452,1.353704,not_computed,not_computed,not_computed,not_computed,6.1375,3.0,not_computed,separate_run_2026-09_staging
Burma,1969,Stewards,3.8,3.8,5.4,3.2,3.8,0.187739,not_computed,0.203452,1.353704,not_computed,not_computed,not_computed,not_computed,6.1375,3.0,not_computed,separate_run_2026-09_staging
Burma,1969,Craft,4.0,4.8,6.0,3.2,4.4,0.183681,not_computed,0.203452,1.353704,not_computed,not_computed,not_computed,not_computed,6.1375,3.0,not_computed,separate_run_2026-09_staging
Burma,1969,Hands,5.2,5.2,5.0,3.0,6.9,0.209013,not_computed,0.203452,1.353704,not_computed,not_computed,not_computed,not_computed,6.1375,3.0,not_computed,separate_run_2026-09_staging
Burma,1969,Archive,4.8,5.2,5.4,3.8,6.5,0.205728,not_computed,0.203452,1.353704,not_computed,not_computed,not_computed,not_computed,6.1375,3.0,not_computed,separate_run_2026-09_staging
Burma,1969,Flow,3.6,4.4,6.4,2.8,3.0,0.170387,not_computed,0.203452,1.353704,not_computed,not_computed,not_computed,not_computed,6.1375,3.0,not_computed,separate_run_2026-09_staging
Burma,1970,Helm,5.8,5.8,4.8,3.8,8.7,0.228992,not_computed,0.210027,1.435763,not_computed,not_computed,not_computed,not_computed,6.2625,2.8,not_computed,separate_run_2026-09_staging
Burma,1970,Shield,7.5,6.8,5.8,4.5,10.75,0.238009,not_computed,0.210027,1.435763,not_computed,not_computed,not_computed,not_computed,6.2625,2.8,not_computed,separate_run_2026-09_staging
Burma,1970,Lore,4.0,4.0,5.0,4.2,5.1,0.207576,not_computed,0.210027,1.435763,not_computed,not_computed,not_computed,not_computed,6.2625,2.8,not_computed,separate_run_2026-09_staging
Burma,1970,Stewards,4.2,4.2,4.4,3.2,5.6,0.208656,not_computed,0.210027,1.435763,not_computed,not_computed,not_computed,not_computed,6.2625,2.8,not_computed,separate_run_2026-09_staging
Burma,1970,Craft,3.8,3.6,6.0,2.8,2.8,0.18048,not_computed,0.210027,1.435763,not_computed,not_computed,not_computed,not_computed,6.2625,2.8,not_computed,separate_run_2026-09_staging
Burma,1970,Hands,5.4,4.8,4.8,2.6,6.7,0.214405,not_computed,0.210027,1.435763,not_computed,not_computed,not_computed,not_computed,6.2625,2.8,not_computed,separate_run_2026-09_staging
Burma,1970,Archive,4.8,5.2,5.5,4.2,6.6,0.211341,not_computed,0.210027,1.435763,not_computed,not_computed,not_computed,not_computed,6.2625,2.8,not_computed,separate_run_2026-09_staging
Burma,1970,Flow,4.3,3.7,5.3,2.3,3.85,0.190755,not_computed,0.210027,1.435763,not_computed,not_computed,not_computed,not_computed,6.2625,2.8,not_computed,separate_run_2026-09_staging
Burma,1971,Helm,5.5,5.2,5.0,4.8,8.1,0.231573,not_computed,0.211602,1.450815,not_computed,not_computed,not_computed,not_computed,6.375,3.4,not_computed,separate_run_2026-09_staging
Burma,1971,Shield,7.6,7.2,5.0,4.4,12.0,0.250691,not_computed,0.211602,1.450815,not_computed,not_computed,not_computed,not_computed,6.375,3.4,not_computed,separate_run_2026-09_staging
Burma,1971,Lore,4.2,4.2,4.5,4.0,5.9,0.215739,not_computed,0.211602,1.450815,not_computed,not_computed,not_computed,not_computed,6.375,3.4,not_computed,separate_run_2026-09_staging
Burma,1971,Stewards,4.2,4.2,5.2,2.4,4.4,0.192322,not_computed,0.211602,1.450815,not_computed,not_computed,not_computed,not_computed,6.375,3.4,not_computed,separate_run_2026-09_staging
Burma,1971,Craft,3.8,4.0,5.8,2.8,3.4,0.183543,not_computed,0.211602,1.450815,not_computed,not_computed,not_computed,not_computed,6.375,3.4,not_computed,separate_run_2026-09_staging
Burma,1971,Hands,5.0,5.0,5.4,3.2,6.2,0.207871,not_computed,0.211602,1.450815,not_computed,not_computed,not_computed,not_computed,6.375,3.4,not_computed,separate_run_2026-09_staging
Burma,1971,Archive,5.5,4.8,5.2,4.0,7.1,0.222858,not_computed,0.211602,1.450815,not_computed,not_computed,not_computed,not_computed,6.375,3.4,not_computed,separate_run_2026-09_staging
Burma,1971,Flow,4.0,4.2,5.8,3.0,3.9,0.188216,not_computed,0.211602,1.450815,not_computed,not_computed,not_computed,not_computed,6.375,3.4,not_computed,separate_run_2026-09_staging
Burma,1972,Helm,5.6,4.8,5.2,3.6,7.0,0.219089,not_computed,0.208521,1.413731,not_computed,not_computed,not_computed,not_computed,6.20625,3.1,not_computed,separate_run_2026-09_staging
Burma,1972,Shield,6.5,7.5,4.2,5.0,12.3,0.252873,not_computed,0.208521,1.413731,not_computed,not_computed,not_computed,not_computed,6.20625,3.1,not_computed,separate_run_2026-09_staging
Burma,1972,Lore,3.8,4.0,5.5,3.8,4.2,0.19466,not_computed,0.208521,1.413731,not_computed,not_computed,not_computed,not_computed,6.20625,3.1,not_computed,separate_run_2026-09_staging
Burma,1972,Stewards,4.6,3.4,5.2,3.2,4.4,0.203524,not_computed,0.208521,1.413731,not_computed,not_computed,not_computed,not_computed,6.20625,3.1,not_computed,separate_run_2026-09_staging
Burma,1972,Craft,4.3,5.0,6.0,2.3,4.45,0.182168,not_computed,0.208521,1.413731,not_computed,not_computed,not_computed,not_computed,6.20625,3.1,not_computed,separate_run_2026-09_staging
Burma,1972,Hands,5.0,5.0,4.6,3.0,6.9,0.21445,not_computed,0.208521,1.413731,not_computed,not_computed,not_computed,not_computed,6.20625,3.1,not_computed,separate_run_2026-09_staging
Burma,1972,Archive,5.0,5.0,4.8,4.2,7.3,0.221901,not_computed,0.208521,1.413731,not_computed,not_computed,not_computed,not_computed,6.20625,3.1,not_computed,separate_run_2026-09_staging
Burma,1972,Flow,3.8,4.0,6.2,3.0,3.1,0.179501,not_computed,0.208521,1.413731,not_computed,not_computed,not_computed,not_computed,6.20625,3.1,not_computed,separate_run_2026-09_staging
Burma,1973,Helm,5.8,5.2,4.8,4.0,8.2,0.238986,not_computed,0.22353,1.593087,not_computed,not_computed,not_computed,not_computed,6.7,3.8,not_computed,separate_run_2026-09_staging
Burma,1973,Shield,6.8,7.0,5.0,5.2,11.4,0.256059,not_computed,0.22353,1.593087,not_computed,not_computed,not_computed,not_computed,6.7,3.8,not_computed,separate_run_2026-09_staging
Burma,1973,Lore,4.5,3.8,4.5,4.0,5.8,0.22662,not_computed,0.22353,1.593087,not_computed,not_computed,not_computed,not_computed,6.7,3.8,not_computed,separate_run_2026-09_staging
Burma,1973,Stewards,4.0,4.0,5.0,3.2,4.6,0.205635,not_computed,0.22353,1.593087,not_computed,not_computed,not_computed,not_computed,6.7,3.8,not_computed,separate_run_2026-09_staging
Burma,1973,Craft,4.4,4.0,5.6,3.2,4.4,0.203848,not_computed,0.22353,1.593087,not_computed,not_computed,not_computed,not_computed,6.7,3.8,not_computed,separate_run_2026-09_staging
Burma,1973,Hands,5.2,5.8,4.6,3.4,8.1,0.229261,not_computed,0.22353,1.593087,not_computed,not_computed,not_computed,not_computed,6.7,3.8,not_computed,separate_run_2026-09_staging
Burma,1973,Archive,5.0,5.3,5.0,4.0,7.3,0.226438,not_computed,0.22353,1.593087,not_computed,not_computed,not_computed,not_computed,6.7,3.8,not_computed,separate_run_2026-09_staging
Burma,1973,Flow,4.4,3.6,5.8,3.2,3.8,0.201392,not_computed,0.22353,1.593087,not_computed,not_computed,not_computed,not_computed,6.7,3.8,not_computed,separate_run_2026-09_staging
Burma,1974,Helm,5.4,4.0,5.4,4.2,6.1,0.211444,not_computed,0.196142,1.155933,not_computed,not_computed,not_computed,not_computed,5.55,0.2,not_computed,separate_run_2026-09_staging
Burma,1974,Shield,7.8,7.0,5.5,5.5,12.05,0.241504,not_computed,0.196142,1.155933,not_computed,not_computed,not_computed,not_computed,5.55,0.2,not_computed,separate_run_2026-09_staging
Burma,1974,Lore,4.2,4.8,4.4,3.6,6.4,0.204542,not_computed,0.196142,1.155933,not_computed,not_computed,not_computed,not_computed,5.55,0.2,not_computed,separate_run_2026-09_staging
Burma,1974,Stewards,4.2,4.2,4.8,3.0,5.1,0.194486,not_computed,0.196142,1.155933,not_computed,not_computed,not_computed,not_computed,5.55,0.2,not_computed,separate_run_2026-09_staging
Burma,1974,Craft,2.8,3.2,6.4,2.8,1.0,0.15576,not_computed,0.196142,1.155933,not_computed,not_computed,not_computed,not_computed,5.55,0.2,not_computed,separate_run_2026-09_staging
Burma,1974,Hands,5.2,5.2,5.6,3.0,6.3,0.197735,not_computed,0.196142,1.155933,not_computed,not_computed,not_computed,not_computed,5.55,0.2,not_computed,separate_run_2026-09_staging
Burma,1974,Archive,5.0,4.8,4.8,4.5,7.25,0.216703,not_computed,0.196142,1.155933,not_computed,not_computed,not_computed,not_computed,5.55,0.2,not_computed,separate_run_2026-09_staging
Burma,1974,Flow,2.2,3.2,6.8,3.2,0.2,0.146958,not_computed,0.196142,1.155933,not_computed,not_computed,not_computed,not_computed,5.55,0.2,not_computed,separate_run_2026-09_staging
Burma,1975,Helm,5.0,4.2,5.2,4.0,6.0,0.203733,not_computed,0.189195,1.069329,not_computed,not_computed,not_computed,not_computed,5.26875,0.15,not_computed,separate_run_2026-09_staging
Burma,1975,Shield,7.0,7.5,4.2,4.5,12.55,0.240615,not_computed,0.189195,1.069329,not_computed,not_computed,not_computed,not_computed,5.26875,0.15,not_computed,separate_run_2026-09_staging
Burma,1975,Lore,4.0,4.0,5.7,3.7,4.15,0.183937,not_computed,0.189195,1.069329,not_computed,not_computed,not_computed,not_computed,5.26875,0.15,not_computed,separate_run_2026-09_staging
Burma,1975,Stewards,4.2,4.6,4.8,3.0,5.5,0.190592,not_computed,0.189195,1.069329,not_computed,not_computed,not_computed,not_computed,5.26875,0.15,not_computed,separate_run_2026-09_staging
Burma,1975,Craft,2.8,2.5,6.2,3.0,0.6,0.156585,not_computed,0.189195,1.069329,not_computed,not_computed,not_computed,not_computed,5.26875,0.15,not_computed,separate_run_2026-09_staging
Burma,1975,Hands,5.2,4.6,5.0,2.8,6.2,0.199154,not_computed,0.189195,1.069329,not_computed,not_computed,not_computed,not_computed,5.26875,0.15,not_computed,separate_run_2026-09_staging
Burma,1975,Archive,5.0,5.2,5.4,4.4,7.0,0.204289,not_computed,0.189195,1.069329,not_computed,not_computed,not_computed,not_computed,5.26875,0.15,not_computed,separate_run_2026-09_staging
Burma,1975,Flow,2.3,3.7,7.0,2.3,0.15,0.13466,not_computed,0.189195,1.069329,not_computed,not_computed,not_computed,not_computed,5.26875,0.15,not_computed,separate_run_2026-09_staging
Burma,1976,Helm,4.8,4.0,5.4,4.2,5.5,0.203322,not_computed,0.194153,1.23715,not_computed,not_computed,not_computed,not_computed,5.21875,0.7,not_computed,separate_run_2026-09_staging
Burma,1976,Shield,6.8,6.6,5.4,4.8,10.4,0.228028,not_computed,0.194153,1.23715,not_computed,not_computed,not_computed,not_computed,5.21875,0.7,not_computed,separate_run_2026-09_staging
Burma,1976,Lore,4.4,4.0,4.8,3.8,5.5,0.202579,not_computed,0.194153,1.23715,not_computed,not_computed,not_computed,not_computed,5.21875,0.7,not_computed,separate_run_2026-09_staging
Burma,1976,Stewards,4.0,3.8,4.5,2.5,4.55,0.18916,not_computed,0.194153,1.23715,not_computed,not_computed,not_computed,not_computed,5.21875,0.7,not_computed,separate_run_2026-09_staging
Burma,1976,Craft,3.5,2.8,5.8,2.8,1.9,0.170784,not_computed,0.194153,1.23715,not_computed,not_computed,not_computed,not_computed,5.21875,0.7,not_computed,separate_run_2026-09_staging
Burma,1976,Hands,4.8,5.4,4.8,3.0,6.9,0.200914,not_computed,0.194153,1.23715,not_computed,not_computed,not_computed,not_computed,5.21875,0.7,not_computed,separate_run_2026-09_staging
Burma,1976,Archive,5.0,4.8,5.5,4.0,6.3,0.20288,not_computed,0.194153,1.23715,not_computed,not_computed,not_computed,not_computed,5.21875,0.7,not_computed,separate_run_2026-09_staging
Burma,1976,Flow,3.4,3.0,7.0,2.6,0.7,0.155553,not_computed,0.194153,1.23715,not_computed,not_computed,not_computed,not_computed,5.21875,0.7,not_computed,separate_run_2026-09_staging
Burma,1977,Helm,4.7,4.3,4.7,3.7,6.15,0.207821,not_computed,0.195904,1.24515,not_computed,not_computed,not_computed,not_computed,5.45625,1.0,not_computed,separate_run_2026-09_staging
Burma,1977,Shield,7.0,7.0,4.8,5.6,12.0,0.244194,not_computed,0.195904,1.24515,not_computed,not_computed,not_computed,not_computed,5.45625,1.0,not_computed,separate_run_2026-09_staging
Burma,1977,Lore,3.2,4.2,5.2,3.6,4.0,0.181444,not_computed,0.195904,1.24515,not_computed,not_computed,not_computed,not_computed,5.45625,1.0,not_computed,separate_run_2026-09_staging
Burma,1977,Stewards,4.0,4.2,5.4,3.2,4.4,0.1865,not_computed,0.195904,1.24515,not_computed,not_computed,not_computed,not_computed,5.45625,1.0,not_computed,separate_run_2026-09_staging
Burma,1977,Craft,3.8,2.8,5.4,3.0,2.7,0.182027,not_computed,0.195904,1.24515,not_computed,not_computed,not_computed,not_computed,5.45625,1.0,not_computed,separate_run_2026-09_staging
Burma,1977,Hands,4.8,5.6,4.6,2.8,7.2,0.20273,not_computed,0.195904,1.24515,not_computed,not_computed,not_computed,not_computed,5.45625,1.0,not_computed,separate_run_2026-09_staging
Burma,1977,Archive,5.0,4.5,5.2,3.8,6.2,0.206119,not_computed,0.195904,1.24515,not_computed,not_computed,not_computed,not_computed,5.45625,1.0,not_computed,separate_run_2026-09_staging
Burma,1977,Flow,3.0,3.4,7.0,3.2,1.0,0.156398,not_computed,0.195904,1.24515,not_computed,not_computed,not_computed,not_computed,5.45625,1.0,not_computed,separate_run_2026-09_staging
Burma,1979,Helm,5.2,3.4,5.0,4.2,5.7,0.210417,not_computed,0.190172,1.125227,not_computed,not_computed,not_computed,not_computed,5.0375,0.4,not_computed,separate_run_2026-09_staging
Burma,1979,Shield,7.5,6.2,5.2,5.0,11.0,0.235678,not_computed,0.190172,1.125227,not_computed,not_computed,not_computed,not_computed,5.0375,0.4,not_computed,separate_run_2026-09_staging
Burma,1979,Lore,4.4,3.6,4.8,3.8,5.1,0.200436,not_computed,0.190172,1.125227,not_computed,not_computed,not_computed,not_computed,5.0375,0.4,not_computed,separate_run_2026-09_staging
Burma,1979,Stewards,3.6,3.8,4.6,2.6,4.1,0.181256,not_computed,0.190172,1.125227,not_computed,not_computed,not_computed,not_computed,5.0375,0.4,not_computed,separate_run_2026-09_staging
Burma,1979,Craft,2.5,3.0,6.2,2.2,0.4,0.144162,not_computed,0.190172,1.125227,not_computed,not_computed,not_computed,not_computed,5.0375,0.4,not_computed,separate_run_2026-09_staging
Burma,1979,Hands,4.8,5.4,5.2,3.2,6.6,0.195768,not_computed,0.190172,1.125227,not_computed,not_computed,not_computed,not_computed,5.0375,0.4,not_computed,separate_run_2026-09_staging
Burma,1979,Archive,5.0,5.0,5.0,3.8,6.9,0.205173,not_computed,0.190172,1.125227,not_computed,not_computed,not_computed,not_computed,5.0375,0.4,not_computed,separate_run_2026-09_staging
Burma,1979,Flow,3.0,3.2,7.0,2.6,0.5,0.148486,not_computed,0.190172,1.125227,not_computed,not_computed,not_computed,not_computed,5.0375,0.4,not_computed,separate_run_2026-09_staging
Burma,1980,Helm,4.6,4.2,4.6,3.6,6.0,0.205299,not_computed,0.19321,1.213442,not_computed,not_computed,not_computed,not_computed,5.125,0.4,not_computed,separate_run_2026-09_staging
Burma,1980,Shield,6.6,6.6,5.0,4.8,10.6,0.230765,not_computed,0.19321,1.213442,not_computed,not_computed,not_computed,not_computed,5.125,0.4,not_computed,separate_run_2026-09_staging
Burma,1980,Lore,4.0,4.0,5.0,4.0,5.0,0.196401,not_computed,0.19321,1.213442,not_computed,not_computed,not_computed,not_computed,5.125,0.4,not_computed,separate_run_2026-09_staging
Burma,1980,Stewards,4.3,4.0,5.0,3.3,4.95,0.194285,not_computed,0.19321,1.213442,not_computed,not_computed,not_computed,not_computed,5.125,0.4,not_computed,separate_run_2026-09_staging
Burma,1980,Craft,2.8,2.6,6.4,2.8,0.4,0.154346,not_computed,0.19321,1.213442,not_computed,not_computed,not_computed,not_computed,5.125,0.4,not_computed,separate_run_2026-09_staging
Burma,1980,Hands,5.0,5.2,5.2,3.4,6.7,0.201353,not_computed,0.19321,1.213442,not_computed,not_computed,not_computed,not_computed,5.125,0.4,not_computed,separate_run_2026-09_staging
Burma,1980,Archive,4.6,4.8,4.6,3.4,6.5,0.203635,not_computed,0.19321,1.213442,not_computed,not_computed,not_computed,not_computed,5.125,0.4,not_computed,separate_run_2026-09_staging
Burma,1980,Flow,3.0,3.0,7.0,3.7,0.85,0.159594,not_computed,0.19321,1.213442,not_computed,not_computed,not_computed,not_computed,5.125,0.4,not_computed,separate_run_2026-09_staging
Burma,1981,Helm,5.2,4.6,4.2,4.0,7.6,0.223419,not_computed,0.197041,1.149391,not_computed,not_computed,not_computed,not_computed,5.45625,0.15,not_computed,separate_run_2026-09_staging
Burma,1981,Shield,7.8,6.8,5.0,4.8,12.0,0.244939,not_computed,0.197041,1.149391,not_computed,not_computed,not_computed,not_computed,5.45625,0.15,not_computed,separate_run_2026-09_staging
Burma,1981,Lore,4.0,3.2,5.8,3.8,3.3,0.187897,not_computed,0.197041,1.149391,not_computed,not_computed,not_computed,not_computed,5.45625,0.15,not_computed,separate_run_2026-09_staging
Burma,1981,Stewards,4.4,4.0,4.8,2.2,4.7,0.190434,not_computed,0.197041,1.149391,not_computed,not_computed,not_computed,not_computed,5.45625,0.15,not_computed,separate_run_2026-09_staging
Burma,1981,Craft,3.2,3.0,6.0,2.8,1.6,0.166052,not_computed,0.197041,1.149391,not_computed,not_computed,not_computed,not_computed,5.45625,0.15,not_computed,separate_run_2026-09_staging
Burma,1981,Hands,4.5,5.2,4.8,3.2,6.5,0.200754,not_computed,0.197041,1.149391,not_computed,not_computed,not_computed,not_computed,5.45625,0.15,not_computed,separate_run_2026-09_staging
Burma,1981,Archive,5.4,5.2,4.8,4.0,7.8,0.218072,not_computed,0.197041,1.149391,not_computed,not_computed,not_computed,not_computed,5.45625,0.15,not_computed,separate_run_2026-09_staging
Burma,1981,Flow,2.5,3.2,6.8,2.5,0.15,0.144764,not_computed,0.197041,1.149391,not_computed,not_computed,not_computed,not_computed,5.45625,0.15,not_computed,separate_run_2026-09_staging
Burma,1982,Helm,5.2,3.8,4.4,4.0,6.6,0.221782,not_computed,0.198715,1.19344,not_computed,not_computed,not_computed,not_computed,5.33125,0.0,not_computed,separate_run_2026-09_staging
Burma,1982,Shield,6.8,7.4,5.0,4.8,11.6,0.236635,not_computed,0.198715,1.19344,not_computed,not_computed,not_computed,not_computed,5.33125,0.0,not_computed,separate_run_2026-09_staging
Burma,1982,Lore,4.4,3.8,5.0,4.0,5.2,0.204665,not_computed,0.198715,1.19344,not_computed,not_computed,not_computed,not_computed,5.33125,0.0,not_computed,separate_run_2026-09_staging
Burma,1982,Stewards,3.8,3.8,4.8,3.2,4.4,0.19215,not_computed,0.198715,1.19344,not_computed,not_computed,not_computed,not_computed,5.33125,0.0,not_computed,separate_run_2026-09_staging
Burma,1982,Craft,3.3,3.0,6.3,3.7,1.85,0.173315,not_computed,0.198715,1.19344,not_computed,not_computed,not_computed,not_computed,5.33125,0.0,not_computed,separate_run_2026-09_staging
Burma,1982,Hands,4.6,4.8,5.0,2.6,5.7,0.195284,not_computed,0.198715,1.19344,not_computed,not_computed,not_computed,not_computed,5.33125,0.0,not_computed,separate_run_2026-09_staging
Burma,1982,Archive,5.0,5.0,4.8,4.2,7.3,0.215918,not_computed,0.198715,1.19344,not_computed,not_computed,not_computed,not_computed,5.33125,0.0,not_computed,separate_run_2026-09_staging
Burma,1982,Flow,2.6,2.8,6.8,2.8,0.0,0.149968,not_computed,0.198715,1.19344,not_computed,not_computed,not_computed,not_computed,5.33125,0.0,not_computed,separate_run_2026-09_staging
Burma,1983,Helm,5.2,3.8,5.2,4.2,5.9,0.211772,not_computed,0.196505,1.249332,not_computed,not_computed,not_computed,not_computed,5.05,0.6,not_computed,separate_run_2026-09_staging
Burma,1983,Shield,6.8,6.6,4.6,4.6,11.1,0.239083,not_computed,0.196505,1.249332,not_computed,not_computed,not_computed,not_computed,5.05,0.6,not_computed,separate_run_2026-09_staging
Burma,1983,Lore,3.8,3.8,4.6,4.2,5.1,0.202198,not_computed,0.196505,1.249332,not_computed,not_computed,not_computed,not_computed,5.05,0.6,not_computed,separate_run_2026-09_staging
Burma,1983,Stewards,4.2,3.8,5.2,3.2,4.4,0.191697,not_computed,0.196505,1.249332,not_computed,not_computed,not_computed,not_computed,5.05,0.6,not_computed,separate_run_2026-09_staging
Burma,1983,Craft,3.0,2.6,5.6,3.2,1.6,0.170738,not_computed,0.196505,1.249332,not_computed,not_computed,not_computed,not_computed,5.05,0.6,not_computed,separate_run_2026-09_staging
Burma,1983,Hands,4.4,4.8,5.4,3.0,5.3,0.190275,not_computed,0.196505,1.249332,not_computed,not_computed,not_computed,not_computed,5.05,0.6,not_computed,separate_run_2026-09_staging
Burma,1983,Archive,5.0,4.5,5.0,3.8,6.4,0.208898,not_computed,0.196505,1.249332,not_computed,not_computed,not_computed,not_computed,5.05,0.6,not_computed,separate_run_2026-09_staging
Burma,1983,Flow,3.2,3.0,7.2,3.2,0.6,0.157383,not_computed,0.196505,1.249332,not_computed,not_computed,not_computed,not_computed,5.05,0.6,not_computed,separate_run_2026-09_staging
Burma,1984,Helm,5.0,3.8,5.2,4.2,5.7,0.212627,not_computed,0.201438,1.230084,not_computed,not_computed,not_computed,not_computed,5.58125,0.1,not_computed,separate_run_2026-09_staging
Burma,1984,Shield,7.0,7.4,4.6,5.4,12.5,0.24989,not_computed,0.201438,1.230084,not_computed,not_computed,not_computed,not_computed,5.58125,0.1,not_computed,separate_run_2026-09_staging
Burma,1984,Lore,4.2,3.8,4.6,3.4,5.1,0.203392,not_computed,0.201438,1.230084,not_computed,not_computed,not_computed,not_computed,5.58125,0.1,not_computed,separate_run_2026-09_staging
Burma,1984,Stewards,4.4,4.6,5.0,2.8,5.4,0.195939,not_computed,0.201438,1.230084,not_computed,not_computed,not_computed,not_computed,5.58125,0.1,not_computed,separate_run_2026-09_staging
Burma,1984,Craft,3.2,3.0,6.2,3.4,1.7,0.171644,not_computed,0.201438,1.230084,not_computed,not_computed,not_computed,not_computed,5.58125,0.1,not_computed,separate_run_2026-09_staging
Burma,1984,Hands,5.0,5.4,5.2,3.0,6.7,0.20305,not_computed,0.201438,1.230084,not_computed,not_computed,not_computed,not_computed,5.58125,0.1,not_computed,separate_run_2026-09_staging
Burma,1984,Archive,5.0,5.0,4.8,4.5,7.45,0.219994,not_computed,0.201438,1.230084,not_computed,not_computed,not_computed,not_computed,5.58125,0.1,not_computed,separate_run_2026-09_staging
Burma,1984,Flow,2.6,3.0,7.4,3.8,0.1,0.154969,not_computed,0.201438,1.230084,not_computed,not_computed,not_computed,not_computed,5.58125,0.1,not_computed,separate_run_2026-09_staging
Burma,1985,Helm,5.0,4.7,5.0,3.7,6.55,0.207507,not_computed,0.195436,1.175135,not_computed,not_computed,not_computed,not_computed,5.475,-0.7,not_computed,separate_run_2026-09_staging
Burma,1985,Shield,7.6,7.2,5.6,5.4,11.9,0.237217,not_computed,0.195436,1.175135,not_computed,not_computed,not_computed,not_computed,5.475,-0.7,not_computed,separate_run_2026-09_staging
Burma,1985,Lore,3.6,4.4,4.8,4.0,5.2,0.19487,not_computed,0.195436,1.175135,not_computed,not_computed,not_computed,not_computed,5.475,-0.7,not_computed,separate_run_2026-09_staging
Burma,1985,Stewards,4.2,4.2,5.2,3.6,5.0,0.194567,not_computed,0.195436,1.175135,not_computed,not_computed,not_computed,not_computed,5.475,-0.7,not_computed,separate_run_2026-09_staging
Burma,1985,Craft,3.7,3.7,6.3,2.7,2.45,0.168162,not_computed,0.195436,1.175135,not_computed,not_computed,not_computed,not_computed,5.475,-0.7,not_computed,separate_run_2026-09_staging
Burma,1985,Hands,5.2,4.6,5.0,3.0,6.3,0.204335,not_computed,0.195436,1.175135,not_computed,not_computed,not_computed,not_computed,5.475,-0.7,not_computed,separate_run_2026-09_staging
Burma,1985,Archive,4.8,5.2,5.0,4.2,7.1,0.209065,not_computed,0.195436,1.175135,not_computed,not_computed,not_computed,not_computed,5.475,-0.7,not_computed,separate_run_2026-09_staging
Burma,1985,Flow,3.2,2.5,7.8,2.8,-0.7,0.147762,not_computed,0.195436,1.175135,not_computed,not_computed,not_computed,not_computed,5.475,-0.7,not_computed,separate_run_2026-09_staging
Burma,1986,Helm,4.8,3.8,5.0,3.8,5.5,0.206254,not_computed,0.195907,1.201067,not_computed,not_computed,not_computed,not_computed,5.075,-0.1,not_computed,separate_run_2026-09_staging
Burma,1986,Shield,7.0,6.2,4.6,5.0,11.1,0.243262,not_computed,0.195907,1.201067,not_computed,not_computed,not_computed,not_computed,5.075,-0.1,not_computed,separate_run_2026-09_staging
Burma,1986,Lore,3.8,4.2,4.6,3.8,5.3,0.198402,not_computed,0.195907,1.201067,not_computed,not_computed,not_computed,not_computed,5.075,-0.1,not_computed,separate_run_2026-09_staging
Burma,1986,Stewards,4.0,4.2,5.0,3.2,4.8,0.191082,not_computed,0.195907,1.201067,not_computed,not_computed,not_computed,not_computed,5.075,-0.1,not_computed,separate_run_2026-09_staging
Burma,1986,Craft,2.8,3.0,6.0,3.2,1.4,0.163486,not_computed,0.195907,1.201067,not_computed,not_computed,not_computed,not_computed,5.075,-0.1,not_computed,separate_run_2026-09_staging
Burma,1986,Hands,4.8,4.6,4.6,3.0,6.3,0.204506,not_computed,0.195907,1.201067,not_computed,not_computed,not_computed,not_computed,5.075,-0.1,not_computed,separate_run_2026-09_staging
Burma,1986,Archive,5.2,4.4,5.2,3.8,6.3,0.208482,not_computed,0.195907,1.201067,not_computed,not_computed,not_computed,not_computed,5.075,-0.1,not_computed,separate_run_2026-09_staging
Burma,1986,Flow,2.4,2.6,6.8,3.4,-0.1,0.151782,not_computed,0.195907,1.201067,not_computed,not_computed,not_computed,not_computed,5.075,-0.1,not_computed,separate_run_2026-09_staging
Burma,1987,Helm,4.4,3.0,6.8,3.4,2.3,0.166948,not_computed,0.175002,0.9466,not_computed,not_computed,not_computed,not_computed,4.0875,-3.7,not_computed,separate_run_2026-09_staging
Burma,1987,Shield,6.8,6.8,5.2,5.6,11.2,0.221819,not_computed,0.175002,0.9466,not_computed,not_computed,not_computed,not_computed,4.0875,-3.7,not_computed,separate_run_2026-09_staging
Burma,1987,Lore,3.8,3.8,5.0,4.0,4.6,0.183398,not_computed,0.175002,0.9466,not_computed,not_computed,not_computed,not_computed,4.0875,-3.7,not_computed,separate_run_2026-09_staging
Burma,1987,Stewards,4.6,4.2,6.0,3.2,4.4,0.175874,not_computed,0.175002,0.9466,not_computed,not_computed,not_computed,not_computed,4.0875,-3.7,not_computed,separate_run_2026-09_staging
Burma,1987,Craft,2.8,3.2,5.8,3.0,1.7,0.153661,not_computed,0.175002,0.9466,not_computed,not_computed,not_computed,not_computed,4.0875,-3.7,not_computed,separate_run_2026-09_staging
Burma,1987,Hands,5.0,4.8,5.8,3.0,5.5,0.180947,not_computed,0.175002,0.9466,not_computed,not_computed,not_computed,not_computed,4.0875,-3.7,not_computed,separate_run_2026-09_staging
Burma,1987,Archive,4.8,4.6,4.8,4.2,6.7,0.198573,not_computed,0.175002,0.9466,not_computed,not_computed,not_computed,not_computed,4.0875,-3.7,not_computed,separate_run_2026-09_staging
Burma,1987,Flow,1.8,1.8,9.2,3.8,-3.7,0.118792,not_computed,0.175002,0.9466,not_computed,not_computed,not_computed,not_computed,4.0875,-3.7,not_computed,separate_run_2026-09_staging
Burma,1988,Helm,2.0,1.4,8.6,2.8,-3.8,0.084198,not_computed,0.096299,0.605539,not_computed,not_computed,not_computed,not_computed,-0.69375,-4.6,not_computed,separate_run_2026-09_staging
Burma,1988,Shield,4.6,5.6,8.2,3.4,3.7,0.110257,not_computed,0.096299,0.605539,not_computed,not_computed,not_computed,not_computed,-0.69375,-4.6,not_computed,separate_run_2026-09_staging
Burma,1988,Lore,4.0,3.6,7.4,4.2,2.3,0.114946,not_computed,0.096299,0.605539,not_computed,not_computed,not_computed,not_computed,-0.69375,-4.6,not_computed,separate_run_2026-09_staging
Burma,1988,Stewards,3.0,3.0,8.0,3.6,-0.2,0.100853,not_computed,0.096299,0.605539,not_computed,not_computed,not_computed,not_computed,-0.69375,-4.6,not_computed,separate_run_2026-09_staging
Burma,1988,Craft,2.8,3.5,8.0,2.2,-0.6,0.091155,not_computed,0.096299,0.605539,not_computed,not_computed,not_computed,not_computed,-0.69375,-4.6,not_computed,separate_run_2026-09_staging
Burma,1988,Hands,2.7,2.3,8.7,3.3,-2.05,0.092802,not_computed,0.096299,0.605539,not_computed,not_computed,not_computed,not_computed,-0.69375,-4.6,not_computed,separate_run_2026-09_staging
Burma,1988,Archive,2.8,2.8,7.5,3.2,-0.3,0.099954,not_computed,0.096299,0.605539,not_computed,not_computed,not_computed,not_computed,-0.69375,-4.6,not_computed,separate_run_2026-09_staging
Burma,1988,Flow,1.8,1.5,9.0,2.2,-4.6,0.076227,not_computed,0.096299,0.605539,not_computed,not_computed,not_computed,not_computed,-0.69375,-4.6,not_computed,separate_run_2026-09_staging
Burma,1989,Helm,5.8,5.0,4.8,3.4,7.7,0.22496,not_computed,0.208073,1.318204,not_computed,not_computed,not_computed,not_computed,6.275,1.9,not_computed,separate_run_2026-09_staging
Burma,1989,Shield,6.8,7.0,4.0,5.8,12.7,0.264126,not_computed,0.208073,1.318204,not_computed,not_computed,not_computed,not_computed,6.275,1.9,not_computed,separate_run_2026-09_staging
Burma,1989,Lore,3.2,3.8,6.6,3.0,1.9,0.166769,not_computed,0.208073,1.318204,not_computed,not_computed,not_computed,not_computed,6.275,1.9,not_computed,separate_run_2026-09_staging
Burma,1989,Stewards,4.6,4.6,5.4,3.8,5.7,0.206068,not_computed,0.208073,1.318204,not_computed,not_computed,not_computed,not_computed,6.275,1.9,not_computed,separate_run_2026-09_staging
Burma,1989,Craft,3.8,4.5,5.8,2.2,3.6,0.176193,not_computed,0.208073,1.318204,not_computed,not_computed,not_computed,not_computed,6.275,1.9,not_computed,separate_run_2026-09_staging
Burma,1989,Hands,5.4,5.0,6.0,2.8,5.8,0.200403,not_computed,0.208073,1.318204,not_computed,not_computed,not_computed,not_computed,6.275,1.9,not_computed,separate_run_2026-09_staging
Burma,1989,Archive,5.4,4.8,5.6,4.2,6.7,0.216141,not_computed,0.208073,1.318204,not_computed,not_computed,not_computed,not_computed,6.275,1.9,not_computed,separate_run_2026-09_staging
Burma,1989,Flow,4.4,4.6,4.6,3.4,6.1,0.209926,not_computed,0.208073,1.318204,not_computed,not_computed,not_computed,not_computed,6.275,1.9,not_computed,separate_run_2026-09_staging
Burma,1990,Helm,4.8,4.5,6.2,4.5,5.35,0.194195,not_computed,0.190835,1.255801,not_computed,not_computed,not_computed,not_computed,5.7,1.9,not_computed,separate_run_2026-09_staging
Burma,1990,Shield,6.0,7.8,3.8,4.5,12.25,0.23671,not_computed,0.190835,1.255801,not_computed,not_computed,not_computed,not_computed,5.7,1.9,not_computed,separate_run_2026-09_staging
Burma,1990,Lore,3.4,4.0,7.0,3.0,1.9,0.157606,not_computed,0.190835,1.255801,not_computed,not_computed,not_computed,not_computed,5.7,1.9,not_computed,separate_run_2026-09_staging
Burma,1990,Stewards,4.0,5.2,5.4,4.0,5.8,0.190401,not_computed,0.190835,1.255801,not_computed,not_computed,not_computed,not_computed,5.7,1.9,not_computed,separate_run_2026-09_staging
Burma,1990,Craft,3.6,3.6,6.0,3.8,3.1,0.177174,not_computed,0.190835,1.255801,not_computed,not_computed,not_computed,not_computed,5.7,1.9,not_computed,separate_run_2026-09_staging
Burma,1990,Hands,5.2,4.8,6.0,3.0,5.5,0.189893,not_computed,0.190835,1.255801,not_computed,not_computed,not_computed,not_computed,5.7,1.9,not_computed,separate_run_2026-09_staging
Burma,1990,Archive,4.2,4.8,5.0,4.0,6.0,0.197443,not_computed,0.190835,1.255801,not_computed,not_computed,not_computed,not_computed,5.7,1.9,not_computed,separate_run_2026-09_staging
Burma,1990,Flow,3.8,5.5,5.2,3.2,5.7,0.183254,not_computed,0.190835,1.255801,not_computed,not_computed,not_computed,not_computed,5.7,1.9,not_computed,separate_run_2026-09_staging
Burma,1991,Helm,6.0,5.2,5.0,4.8,8.6,0.238429,not_computed,0.21333,1.327254,not_computed,not_computed,not_computed,not_computed,6.8125,2.4,not_computed,separate_run_2026-09_staging
Burma,1991,Shield,7.0,7.5,4.2,6.0,13.3,0.268478,not_computed,0.21333,1.327254,not_computed,not_computed,not_computed,not_computed,6.8125,2.4,not_computed,separate_run_2026-09_staging
Burma,1991,Lore,2.8,4.4,6.4,3.2,2.4,0.167239,not_computed,0.21333,1.327254,not_computed,not_computed,not_computed,not_computed,6.8125,2.4,not_computed,separate_run_2026-09_staging
Burma,1991,Stewards,4.2,5.0,4.6,4.0,6.6,0.215692,not_computed,0.21333,1.327254,not_computed,not_computed,not_computed,not_computed,6.8125,2.4,not_computed,separate_run_2026-09_staging
Burma,1991,Craft,4.2,4.4,6.2,2.8,3.8,0.18561,not_computed,0.21333,1.327254,not_computed,not_computed,not_computed,not_computed,6.8125,2.4,not_computed,separate_run_2026-09_staging
Burma,1991,Hands,5.2,5.8,5.8,2.8,6.6,0.203278,not_computed,0.21333,1.327254,not_computed,not_computed,not_computed,not_computed,6.8125,2.4,not_computed,separate_run_2026-09_staging
Burma,1991,Archive,4.8,5.2,4.2,4.2,7.9,0.230551,not_computed,0.21333,1.327254,not_computed,not_computed,not_computed,not_computed,6.8125,2.4,not_computed,separate_run_2026-09_staging
Burma,1991,Flow,4.2,5.0,5.5,3.2,5.3,0.197361,not_computed,0.21333,1.327254,not_computed,not_computed,not_computed,not_computed,6.8125,2.4,not_computed,separate_run_2026-09_staging
Burma,1992,Helm,5.2,5.2,5.0,3.6,7.2,0.213162,not_computed,0.202217,1.309983,not_computed,not_computed,not_computed,not_computed,6.26875,2.35,not_computed,separate_run_2026-09_staging
Burma,1992,Shield,6.5,7.0,4.5,5.2,11.6,0.245549,not_computed,0.202217,1.309983,not_computed,not_computed,not_computed,not_computed,6.26875,2.35,not_computed,separate_run_2026-09_staging
Burma,1992,Lore,2.6,4.2,5.6,3.2,2.8,0.167362,not_computed,0.202217,1.309983,not_computed,not_computed,not_computed,not_computed,6.26875,2.35,not_computed,separate_run_2026-09_staging
Burma,1992,Stewards,4.2,5.0,4.8,3.8,6.3,0.204859,not_computed,0.202217,1.309983,not_computed,not_computed,not_computed,not_computed,6.26875,2.35,not_computed,separate_run_2026-09_staging
Burma,1992,Craft,3.7,4.0,7.0,3.3,2.35,0.169322,not_computed,0.202217,1.309983,not_computed,not_computed,not_computed,not_computed,6.26875,2.35,not_computed,separate_run_2026-09_staging
Burma,1992,Hands,5.2,5.0,5.8,2.8,5.8,0.197066,not_computed,0.202217,1.309983,not_computed,not_computed,not_computed,not_computed,6.26875,2.35,not_computed,separate_run_2026-09_staging
Burma,1992,Archive,5.2,5.5,4.8,4.0,7.9,0.218835,not_computed,0.202217,1.309983,not_computed,not_computed,not_computed,not_computed,6.26875,2.35,not_computed,separate_run_2026-09_staging
Burma,1992,Flow,4.0,5.2,5.0,4.0,6.2,0.201579,not_computed,0.202217,1.309983,not_computed,not_computed,not_computed,not_computed,6.26875,2.35,not_computed,separate_run_2026-09_staging
Burma,1993,Helm,6.2,5.0,5.2,3.8,7.9,0.225943,not_computed,0.205994,1.333744,not_computed,not_computed,not_computed,not_computed,6.2625,2.3,not_computed,separate_run_2026-09_staging
Burma,1993,Shield,7.4,6.6,3.6,4.6,12.7,0.266425,not_computed,0.205994,1.333744,not_computed,not_computed,not_computed,not_computed,6.2625,2.3,not_computed,separate_run_2026-09_staging
Burma,1993,Lore,2.8,3.8,5.8,3.0,2.3,0.16816,not_computed,0.205994,1.333744,not_computed,not_computed,not_computed,not_computed,6.2625,2.3,not_computed,separate_run_2026-09_staging
Burma,1993,Stewards,4.0,5.2,5.2,3.6,5.8,0.197905,not_computed,0.205994,1.333744,not_computed,not_computed,not_computed,not_computed,6.2625,2.3,not_computed,separate_run_2026-09_staging
Burma,1993,Craft,3.8,4.2,5.8,2.8,3.6,0.180981,not_computed,0.205994,1.333744,not_computed,not_computed,not_computed,not_computed,6.2625,2.3,not_computed,separate_run_2026-09_staging
Burma,1993,Hands,5.4,4.8,6.0,2.6,5.5,0.197698,not_computed,0.205994,1.333744,not_computed,not_computed,not_computed,not_computed,6.2625,2.3,not_computed,separate_run_2026-09_staging
Burma,1993,Archive,5.2,5.0,5.6,4.2,6.7,0.212677,not_computed,0.205994,1.333744,not_computed,not_computed,not_computed,not_computed,6.2625,2.3,not_computed,separate_run_2026-09_staging
Burma,1993,Flow,4.2,5.0,5.4,3.6,5.6,0.198166,not_computed,0.205994,1.333744,not_computed,not_computed,not_computed,not_computed,6.2625,2.3,not_computed,separate_run_2026-09_staging
Burma,1994,Helm,5.5,4.8,4.8,4.8,7.9,0.232442,not_computed,0.208582,1.360154,not_computed,not_computed,not_computed,not_computed,6.4,2.8,not_computed,separate_run_2026-09_staging
Burma,1994,Shield,6.8,7.5,4.2,4.8,12.5,0.254746,not_computed,0.208582,1.360154,not_computed,not_computed,not_computed,not_computed,6.4,2.8,not_computed,separate_run_2026-09_staging
Burma,1994,Lore,3.0,4.2,6.0,3.2,2.8,0.172241,not_computed,0.208582,1.360154,not_computed,not_computed,not_computed,not_computed,6.4,2.8,not_computed,separate_run_2026-09_staging
Burma,1994,Stewards,3.4,5.2,4.8,3.8,5.7,0.197471,not_computed,0.208582,1.360154,not_computed,not_computed,not_computed,not_computed,6.4,2.8,not_computed,separate_run_2026-09_staging
Burma,1994,Craft,3.6,4.0,6.0,3.0,3.1,0.17901,not_computed,0.208582,1.360154,not_computed,not_computed,not_computed,not_computed,6.4,2.8,not_computed,separate_run_2026-09_staging
Burma,1994,Hands,5.0,4.6,5.8,3.2,5.4,0.201405,not_computed,0.208582,1.360154,not_computed,not_computed,not_computed,not_computed,6.4,2.8,not_computed,separate_run_2026-09_staging
Burma,1994,Archive,5.2,5.0,5.4,4.6,7.1,0.219677,not_computed,0.208582,1.360154,not_computed,not_computed,not_computed,not_computed,6.4,2.8,not_computed,separate_run_2026-09_staging
Burma,1994,Flow,4.5,5.2,5.0,4.0,6.7,0.211661,not_computed,0.208582,1.360154,not_computed,not_computed,not_computed,not_computed,6.4,2.8,not_computed,separate_run_2026-09_staging
Burma,1995,Helm,5.8,4.8,5.4,3.4,6.9,0.218995,not_computed,0.21127,1.35425,not_computed,not_computed,not_computed,not_computed,6.4,2.7,not_computed,separate_run_2026-09_staging
Burma,1995,Shield,7.0,6.5,3.8,4.2,11.8,0.260366,not_computed,0.21127,1.35425,not_computed,not_computed,not_computed,not_computed,6.4,2.7,not_computed,separate_run_2026-09_staging
Burma,1995,Lore,3.2,4.2,6.0,2.6,2.7,0.170413,not_computed,0.21127,1.35425,not_computed,not_computed,not_computed,not_computed,6.4,2.7,not_computed,separate_run_2026-09_staging
Burma,1995,Stewards,4.0,5.2,5.2,4.4,6.2,0.207706,not_computed,0.21127,1.35425,not_computed,not_computed,not_computed,not_computed,6.4,2.7,not_computed,separate_run_2026-09_staging
Burma,1995,Craft,3.8,3.4,5.4,2.6,3.1,0.186029,not_computed,0.21127,1.35425,not_computed,not_computed,not_computed,not_computed,6.4,2.7,not_computed,separate_run_2026-09_staging
Burma,1995,Hands,5.4,5.4,6.0,3.4,6.5,0.206782,not_computed,0.21127,1.35425,not_computed,not_computed,not_computed,not_computed,6.4,2.7,not_computed,separate_run_2026-09_staging
Burma,1995,Archive,5.2,5.0,4.6,4.0,7.6,0.227097,not_computed,0.21127,1.35425,not_computed,not_computed,not_computed,not_computed,6.4,2.7,not_computed,separate_run_2026-09_staging
Burma,1995,Flow,4.2,5.0,5.0,4.4,6.4,0.212775,not_computed,0.21127,1.35425,not_computed,not_computed,not_computed,not_computed,6.4,2.7,not_computed,separate_run_2026-09_staging
Burma,1996,Helm,5.5,5.0,4.5,3.8,7.9,0.234976,not_computed,0.218251,1.329584,not_computed,not_computed,not_computed,not_computed,6.58125,1.9,not_computed,separate_run_2026-09_staging
Burma,1996,Shield,7.4,7.0,3.4,4.6,13.3,0.278922,not_computed,0.218251,1.329584,not_computed,not_computed,not_computed,not_computed,6.58125,1.9,not_computed,separate_run_2026-09_staging
Burma,1996,Lore,2.8,3.8,6.0,2.6,1.9,0.167154,not_computed,0.218251,1.329584,not_computed,not_computed,not_computed,not_computed,6.58125,1.9,not_computed,separate_run_2026-09_staging
Burma,1996,Stewards,4.4,4.6,5.0,4.6,6.3,0.221182,not_computed,0.218251,1.329584,not_computed,not_computed,not_computed,not_computed,6.58125,1.9,not_computed,separate_run_2026-09_staging
Burma,1996,Craft,4.0,4.0,5.8,3.0,3.7,0.191701,not_computed,0.218251,1.329584,not_computed,not_computed,not_computed,not_computed,6.58125,1.9,not_computed,separate_run_2026-09_staging
Burma,1996,Hands,5.0,5.3,5.7,3.3,6.25,0.208842,not_computed,0.218251,1.329584,not_computed,not_computed,not_computed,not_computed,6.58125,1.9,not_computed,separate_run_2026-09_staging
Burma,1996,Archive,4.8,4.8,4.8,4.2,6.9,0.225512,not_computed,0.218251,1.329584,not_computed,not_computed,not_computed,not_computed,6.58125,1.9,not_computed,separate_run_2026-09_staging
Burma,1996,Flow,4.6,4.8,4.8,3.6,6.4,0.217722,not_computed,0.218251,1.329584,not_computed,not_computed,not_computed,not_computed,6.58125,1.9,not_computed,separate_run_2026-09_staging
Burma,1997,Helm,6.0,5.2,5.4,3.8,7.7,0.224487,not_computed,0.211202,1.293502,not_computed,not_computed,not_computed,not_computed,6.4875,2.4,not_computed,separate_run_2026-09_staging
Burma,1997,Shield,7.3,7.3,3.3,4.7,13.65,0.274771,not_computed,0.211202,1.293502,not_computed,not_computed,not_computed,not_computed,6.4875,2.4,not_computed,separate_run_2026-09_staging
Burma,1997,Lore,2.6,4.4,6.0,2.8,2.4,0.163145,not_computed,0.211202,1.293502,not_computed,not_computed,not_computed,not_computed,6.4875,2.4,not_computed,separate_run_2026-09_staging
Burma,1997,Stewards,4.5,5.5,4.2,4.5,8.05,0.228047,not_computed,0.211202,1.293502,not_computed,not_computed,not_computed,not_computed,6.4875,2.4,not_computed,separate_run_2026-09_staging
Burma,1997,Craft,4.0,4.0,6.2,2.8,3.2,0.181945,not_computed,0.211202,1.293502,not_computed,not_computed,not_computed,not_computed,6.4875,2.4,not_computed,separate_run_2026-09_staging
Burma,1997,Hands,5.0,5.5,6.2,3.5,6.05,0.200611,not_computed,0.211202,1.293502,not_computed,not_computed,not_computed,not_computed,6.4875,2.4,not_computed,separate_run_2026-09_staging
Burma,1997,Archive,5.0,5.3,4.7,4.3,7.75,0.22598,not_computed,0.211202,1.293502,not_computed,not_computed,not_computed,not_computed,6.4875,2.4,not_computed,separate_run_2026-09_staging
Burma,1997,Flow,4.0,3.5,6.5,4.2,3.1,0.19063,not_computed,0.211202,1.293502,not_computed,not_computed,not_computed,not_computed,6.4875,2.4,not_computed,separate_run_2026-09_staging
Burma,1998,Helm,6.2,5.0,5.2,4.0,8.0,0.228678,not_computed,0.207793,1.234044,not_computed,not_computed,not_computed,not_computed,6.25,1.7,not_computed,separate_run_2026-09_staging
Burma,1998,Shield,7.8,6.8,3.8,5.0,13.3,0.271645,not_computed,0.207793,1.234044,not_computed,not_computed,not_computed,not_computed,6.25,1.7,not_computed,separate_run_2026-09_staging
Burma,1998,Lore,2.2,4.2,6.2,3.0,1.7,0.15534,not_computed,0.207793,1.234044,not_computed,not_computed,not_computed,not_computed,6.25,1.7,not_computed,separate_run_2026-09_staging
Burma,1998,Stewards,4.5,5.2,4.8,4.5,7.15,0.218132,not_computed,0.207793,1.234044,not_computed,not_computed,not_computed,not_computed,6.25,1.7,not_computed,separate_run_2026-09_staging
Burma,1998,Craft,4.2,4.2,5.6,3.4,4.5,0.195151,not_computed,0.207793,1.234044,not_computed,not_computed,not_computed,not_computed,6.25,1.7,not_computed,separate_run_2026-09_staging
Burma,1998,Hands,5.4,4.6,6.2,2.8,5.2,0.198006,not_computed,0.207793,1.234044,not_computed,not_computed,not_computed,not_computed,6.25,1.7,not_computed,separate_run_2026-09_staging
Burma,1998,Archive,5.2,5.0,5.0,3.5,6.95,0.215985,not_computed,0.207793,1.234044,not_computed,not_computed,not_computed,not_computed,6.25,1.7,not_computed,separate_run_2026-09_staging
Burma,1998,Flow,3.4,4.2,6.2,3.6,3.2,0.17941,not_computed,0.207793,1.234044,not_computed,not_computed,not_computed,not_computed,6.25,1.7,not_computed,separate_run_2026-09_staging
Burma,1999,Helm,5.6,5.2,5.2,4.4,7.8,0.217571,not_computed,0.196387,1.299618,not_computed,not_computed,not_computed,not_computed,6.00625,2.4,not_computed,separate_run_2026-09_staging
Burma,1999,Shield,7.2,7.2,4.2,4.8,12.6,0.24972,not_computed,0.196387,1.299618,not_computed,not_computed,not_computed,not_computed,6.00625,2.4,not_computed,separate_run_2026-09_staging
Burma,1999,Lore,3.2,4.0,6.2,2.8,2.4,0.16361,not_computed,0.196387,1.299618,not_computed,not_computed,not_computed,not_computed,6.00625,2.4,not_computed,separate_run_2026-09_staging
Burma,1999,Stewards,4.0,6.0,5.0,3.4,6.7,0.193103,not_computed,0.196387,1.299618,not_computed,not_computed,not_computed,not_computed,6.00625,2.4,not_computed,separate_run_2026-09_staging
Burma,1999,Craft,4.5,3.5,6.2,2.5,3.05,0.178405,not_computed,0.196387,1.299618,not_computed,not_computed,not_computed,not_computed,6.00625,2.4,not_computed,separate_run_2026-09_staging
Burma,1999,Hands,4.3,5.3,6.0,3.0,5.1,0.18227,not_computed,0.196387,1.299618,not_computed,not_computed,not_computed,not_computed,6.00625,2.4,not_computed,separate_run_2026-09_staging
Burma,1999,Archive,4.4,4.8,5.2,3.8,5.9,0.199278,not_computed,0.196387,1.299618,not_computed,not_computed,not_computed,not_computed,6.00625,2.4,not_computed,separate_run_2026-09_staging
Burma,1999,Flow,3.8,4.4,5.6,3.8,4.5,0.187143,not_computed,0.196387,1.299618,not_computed,not_computed,not_computed,not_computed,6.00625,2.4,not_computed,separate_run_2026-09_staging
Burma,2000,Helm,6.0,5.0,4.5,4.0,8.5,0.236555,not_computed,0.209185,1.36452,not_computed,not_computed,not_computed,not_computed,6.225,2.4,not_computed,separate_run_2026-09_staging
Burma,2000,Shield,6.8,7.0,4.2,5.0,12.1,0.256592,not_computed,0.209185,1.36452,not_computed,not_computed,not_computed,not_computed,6.225,2.4,not_computed,separate_run_2026-09_staging
Burma,2000,Lore,2.5,3.5,5.2,3.2,2.4,0.173185,not_computed,0.209185,1.36452,not_computed,not_computed,not_computed,not_computed,6.225,2.4,not_computed,separate_run_2026-09_staging
Burma,2000,Stewards,4.7,5.7,5.0,3.7,7.25,0.212037,not_computed,0.209185,1.36452,not_computed,not_computed,not_computed,not_computed,6.225,2.4,not_computed,separate_run_2026-09_staging
Burma,2000,Craft,3.8,4.2,6.5,3.2,3.1,0.178412,not_computed,0.209185,1.36452,not_computed,not_computed,not_computed,not_computed,6.225,2.4,not_computed,separate_run_2026-09_staging
Burma,2000,Hands,4.4,3.8,5.8,3.2,4.0,0.194214,not_computed,0.209185,1.36452,not_computed,not_computed,not_computed,not_computed,6.225,2.4,not_computed,separate_run_2026-09_staging
Burma,2000,Archive,5.5,4.8,5.5,4.2,6.9,0.219154,not_computed,0.209185,1.36452,not_computed,not_computed,not_computed,not_computed,6.225,2.4,not_computed,separate_run_2026-09_staging
Burma,2000,Flow,3.5,4.8,5.0,4.5,5.55,0.203328,not_computed,0.209185,1.36452,not_computed,not_computed,not_computed,not_computed,6.225,2.4,not_computed,separate_run_2026-09_staging
Burma,2001,Helm,5.8,5.0,5.4,4.2,7.5,0.211785,not_computed,0.190202,1.231482,not_computed,not_computed,not_computed,not_computed,5.475,1.5,not_computed,separate_run_2026-09_staging
Burma,2001,Shield,6.8,6.4,4.4,4.4,11.0,0.235905,not_computed,0.190202,1.231482,not_computed,not_computed,not_computed,not_computed,5.475,1.5,not_computed,separate_run_2026-09_staging
Burma,2001,Lore,2.6,3.4,6.0,3.0,1.5,0.155881,not_computed,0.190202,1.231482,not_computed,not_computed,not_computed,not_computed,5.475,1.5,not_computed,separate_run_2026-09_staging
Burma,2001,Stewards,4.2,4.8,5.2,3.5,5.55,0.190751,not_computed,0.190202,1.231482,not_computed,not_computed,not_computed,not_computed,5.475,1.5,not_computed,separate_run_2026-09_staging
Burma,2001,Craft,3.5,4.2,5.8,2.2,3.0,0.163267,not_computed,0.190202,1.231482,not_computed,not_computed,not_computed,not_computed,5.475,1.5,not_computed,separate_run_2026-09_staging
Burma,2001,Hands,4.5,3.8,6.5,2.5,3.05,0.172064,not_computed,0.190202,1.231482,not_computed,not_computed,not_computed,not_computed,5.475,1.5,not_computed,separate_run_2026-09_staging
Burma,2001,Archive,5.0,5.2,5.8,4.0,6.4,0.197109,not_computed,0.190202,1.231482,not_computed,not_computed,not_computed,not_computed,5.475,1.5,not_computed,separate_run_2026-09_staging
Burma,2001,Flow,4.2,4.8,5.2,4.0,5.8,0.194853,not_computed,0.190202,1.231482,not_computed,not_computed,not_computed,not_computed,5.475,1.5,not_computed,separate_run_2026-09_staging
Burma,2002,Helm,6.0,5.0,5.2,3.8,7.7,0.219413,not_computed,0.199275,1.342675,not_computed,not_computed,not_computed,not_computed,5.85,1.4,not_computed,separate_run_2026-09_staging
Burma,2002,Shield,6.8,7.2,4.2,4.8,12.2,0.247957,not_computed,0.199275,1.342675,not_computed,not_computed,not_computed,not_computed,5.85,1.4,not_computed,separate_run_2026-09_staging
Burma,2002,Lore,3.2,2.5,5.8,3.0,1.4,0.170993,not_computed,0.199275,1.342675,not_computed,not_computed,not_computed,not_computed,5.85,1.4,not_computed,separate_run_2026-09_staging
Burma,2002,Stewards,3.8,5.0,5.0,3.4,5.5,0.191997,not_computed,0.199275,1.342675,not_computed,not_computed,not_computed,not_computed,5.85,1.4,not_computed,separate_run_2026-09_staging
Burma,2002,Craft,4.2,4.2,6.0,2.2,3.5,0.175437,not_computed,0.199275,1.342675,not_computed,not_computed,not_computed,not_computed,5.85,1.4,not_computed,separate_run_2026-09_staging
Burma,2002,Hands,3.6,4.4,6.0,2.8,3.4,0.172683,not_computed,0.199275,1.342675,not_computed,not_computed,not_computed,not_computed,5.85,1.4,not_computed,separate_run_2026-09_staging
Burma,2002,Archive,4.4,4.6,5.2,4.0,5.8,0.202582,not_computed,0.199275,1.342675,not_computed,not_computed,not_computed,not_computed,5.85,1.4,not_computed,separate_run_2026-09_staging
Burma,2002,Flow,4.4,5.2,4.2,3.8,7.3,0.213137,not_computed,0.199275,1.342675,not_computed,not_computed,not_computed,not_computed,5.85,1.4,not_computed,separate_run_2026-09_staging
Burma,2003,Helm,6.5,4.5,4.8,3.8,8.1,0.229794,not_computed,0.198934,1.329315,not_computed,not_computed,not_computed,not_computed,5.7875,2.2,not_computed,separate_run_2026-09_staging
Burma,2003,Shield,7.0,6.8,4.0,4.8,12.2,0.252598,not_computed,0.198934,1.329315,not_computed,not_computed,not_computed,not_computed,5.7875,2.2,not_computed,separate_run_2026-09_staging
Burma,2003,Lore,2.8,3.4,5.6,3.2,2.2,0.169031,not_computed,0.198934,1.329315,not_computed,not_computed,not_computed,not_computed,5.7875,2.2,not_computed,separate_run_2026-09_staging
Burma,2003,Stewards,3.8,4.5,5.2,3.5,4.85,0.190505,not_computed,0.198934,1.329315,not_computed,not_computed,not_computed,not_computed,5.7875,2.2,not_computed,separate_run_2026-09_staging
Burma,2003,Craft,4.0,4.0,6.2,3.5,3.55,0.18188,not_computed,0.198934,1.329315,not_computed,not_computed,not_computed,not_computed,5.7875,2.2,not_computed,separate_run_2026-09_staging
Burma,2003,Hands,3.4,4.2,5.8,2.8,3.2,0.171866,not_computed,0.198934,1.329315,not_computed,not_computed,not_computed,not_computed,5.7875,2.2,not_computed,separate_run_2026-09_staging
Burma,2003,Archive,5.0,5.2,5.0,4.0,7.2,0.212091,not_computed,0.198934,1.329315,not_computed,not_computed,not_computed,not_computed,5.7875,2.2,not_computed,separate_run_2026-09_staging
Burma,2003,Flow,3.4,5.2,5.4,3.6,5.0,0.183709,not_computed,0.198934,1.329315,not_computed,not_computed,not_computed,not_computed,5.7875,2.2,not_computed,separate_run_2026-09_staging
Burma,2004,Helm,5.6,5.0,5.0,3.8,7.5,0.22016,not_computed,0.203414,1.327584,not_computed,not_computed,not_computed,not_computed,5.9375,1.5,not_computed,separate_run_2026-09_staging
Burma,2004,Shield,6.7,7.3,4.0,5.0,12.5,0.254177,not_computed,0.203414,1.327584,not_computed,not_computed,not_computed,not_computed,5.9375,1.5,not_computed,separate_run_2026-09_staging
Burma,2004,Lore,3.0,3.2,6.4,3.4,1.5,0.167644,not_computed,0.203414,1.327584,not_computed,not_computed,not_computed,not_computed,5.9375,1.5,not_computed,separate_run_2026-09_staging
Burma,2004,Stewards,4.2,5.0,4.5,4.0,6.7,0.211042,not_computed,0.203414,1.327584,not_computed,not_computed,not_computed,not_computed,5.9375,1.5,not_computed,separate_run_2026-09_staging
Burma,2004,Craft,4.2,3.8,6.0,3.0,3.5,0.184612,not_computed,0.203414,1.327584,not_computed,not_computed,not_computed,not_computed,5.9375,1.5,not_computed,separate_run_2026-09_staging
Burma,2004,Hands,3.4,4.0,5.8,3.2,3.2,0.177772,not_computed,0.203414,1.327584,not_computed,not_computed,not_computed,not_computed,5.9375,1.5,not_computed,separate_run_2026-09_staging
Burma,2004,Archive,5.0,5.2,5.2,4.0,7.0,0.212226,not_computed,0.203414,1.327584,not_computed,not_computed,not_computed,not_computed,5.9375,1.5,not_computed,separate_run_2026-09_staging
Burma,2004,Flow,3.8,4.8,5.0,4.0,5.6,0.199678,not_computed,0.203414,1.327584,not_computed,not_computed,not_computed,not_computed,5.9375,1.5,not_computed,separate_run_2026-09_staging
Burma,2005,Helm,6.0,4.6,5.6,4.0,7.0,0.217888,not_computed,0.202454,1.240364,not_computed,not_computed,not_computed,not_computed,5.825,0.9,not_computed,separate_run_2026-09_staging
Burma,2005,Shield,7.2,7.0,4.0,5.0,12.7,0.258626,not_computed,0.202454,1.240364,not_computed,not_computed,not_computed,not_computed,5.825,0.9,not_computed,separate_run_2026-09_staging
Burma,2005,Lore,2.4,3.2,6.2,3.0,0.9,0.15632,not_computed,0.202454,1.240364,not_computed,not_computed,not_computed,not_computed,5.825,0.9,not_computed,separate_run_2026-09_staging
Burma,2005,Stewards,4.0,5.0,4.8,3.8,6.1,0.202546,not_computed,0.202454,1.240364,not_computed,not_computed,not_computed,not_computed,5.825,0.9,not_computed,separate_run_2026-09_staging
Burma,2005,Craft,3.8,3.5,6.2,2.8,2.5,0.174956,not_computed,0.202454,1.240364,not_computed,not_computed,not_computed,not_computed,5.825,0.9,not_computed,separate_run_2026-09_staging
Burma,2005,Hands,4.5,3.5,6.2,2.8,3.2,0.18414,not_computed,0.202454,1.240364,not_computed,not_computed,not_computed,not_computed,5.825,0.9,not_computed,separate_run_2026-09_staging
Burma,2005,Archive,5.5,5.2,4.5,3.8,8.1,0.225009,not_computed,0.202454,1.240364,not_computed,not_computed,not_computed,not_computed,5.825,0.9,not_computed,separate_run_2026-09_staging
Burma,2005,Flow,4.0,5.2,5.0,3.8,6.1,0.200148,not_computed,0.202454,1.240364,not_computed,not_computed,not_computed,not_computed,5.825,0.9,not_computed,separate_run_2026-09_staging
Burma,2006,Helm,6.2,5.0,4.8,4.2,8.5,0.237343,not_computed,0.210964,1.370175,not_computed,not_computed,not_computed,not_computed,6.3125,1.9,not_computed,separate_run_2026-09_staging
Burma,2006,Shield,7.3,7.7,4.7,5.0,12.8,0.255675,not_computed,0.210964,1.370175,not_computed,not_computed,not_computed,not_computed,6.3125,1.9,not_computed,separate_run_2026-09_staging
Burma,2006,Lore,3.4,3.2,6.0,2.6,1.9,0.173349,not_computed,0.210964,1.370175,not_computed,not_computed,not_computed,not_computed,6.3125,1.9,not_computed,separate_run_2026-09_staging
Burma,2006,Stewards,4.4,5.2,5.0,4.6,6.9,0.216829,not_computed,0.210964,1.370175,not_computed,not_computed,not_computed,not_computed,6.3125,1.9,not_computed,separate_run_2026-09_staging
Burma,2006,Craft,4.2,4.4,6.4,3.4,3.9,0.187326,not_computed,0.210964,1.370175,not_computed,not_computed,not_computed,not_computed,6.3125,1.9,not_computed,separate_run_2026-09_staging
Burma,2006,Hands,3.8,3.8,6.2,3.2,3.0,0.182578,not_computed,0.210964,1.370175,not_computed,not_computed,not_computed,not_computed,6.3125,1.9,not_computed,separate_run_2026-09_staging
Burma,2006,Archive,5.0,4.8,4.8,4.4,7.2,0.225111,not_computed,0.210964,1.370175,not_computed,not_computed,not_computed,not_computed,6.3125,1.9,not_computed,separate_run_2026-09_staging
Burma,2006,Flow,3.5,5.0,4.2,4.0,6.3,0.209497,not_computed,0.210964,1.370175,not_computed,not_computed,not_computed,not_computed,6.3125,1.9,not_computed,separate_run_2026-09_staging
Burma,2007,Helm,4.6,5.2,7.0,3.4,4.5,0.173444,not_computed,0.187461,1.230433,not_computed,not_computed,not_computed,not_computed,5.2875,1.1,not_computed,separate_run_2026-09_staging
Burma,2007,Shield,6.8,7.0,5.0,4.4,11.0,0.225992,not_computed,0.187461,1.230433,not_computed,not_computed,not_computed,not_computed,5.2875,1.1,not_computed,separate_run_2026-09_staging
Burma,2007,Lore,3.6,3.4,7.4,3.0,1.1,0.154732,not_computed,0.187461,1.230433,not_computed,not_computed,not_computed,not_computed,5.2875,1.1,not_computed,separate_run_2026-09_staging
Burma,2007,Stewards,4.4,5.0,5.2,4.6,6.5,0.200119,not_computed,0.187461,1.230433,not_computed,not_computed,not_computed,not_computed,5.2875,1.1,not_computed,separate_run_2026-09_staging
Burma,2007,Craft,4.0,3.8,6.2,2.8,3.0,0.16996,not_computed,0.187461,1.230433,not_computed,not_computed,not_computed,not_computed,5.2875,1.1,not_computed,separate_run_2026-09_staging
Burma,2007,Hands,4.6,3.6,6.2,3.4,3.7,0.18199,not_computed,0.187461,1.230433,not_computed,not_computed,not_computed,not_computed,5.2875,1.1,not_computed,separate_run_2026-09_staging
Burma,2007,Archive,4.6,5.0,5.4,4.0,6.2,0.195522,not_computed,0.187461,1.230433,not_computed,not_computed,not_computed,not_computed,5.2875,1.1,not_computed,separate_run_2026-09_staging
Burma,2007,Flow,3.8,4.8,4.2,3.8,6.3,0.197932,not_computed,0.187461,1.230433,not_computed,not_computed,not_computed,not_computed,5.2875,1.1,not_computed,separate_run_2026-09_staging
Burma,2008,Helm,3.5,3.8,6.8,3.5,2.25,0.142384,not_computed,0.146024,0.897253,not_computed,not_computed,not_computed,not_computed,3.00625,-1.5,not_computed,separate_run_2026-09_staging
Burma,2008,Shield,7.4,7.2,5.2,4.8,11.8,0.199599,not_computed,0.146024,0.897253,not_computed,not_computed,not_computed,not_computed,3.00625,-1.5,not_computed,separate_run_2026-09_staging
Burma,2008,Lore,2.7,3.0,7.7,3.0,-0.5,0.12265,not_computed,0.146024,0.897253,not_computed,not_computed,not_computed,not_computed,3.00625,-1.5,not_computed,separate_run_2026-09_staging
Burma,2008,Stewards,3.7,4.0,6.7,4.0,3.0,0.14872,not_computed,0.146024,0.897253,not_computed,not_computed,not_computed,not_computed,3.00625,-1.5,not_computed,separate_run_2026-09_staging
Burma,2008,Craft,3.6,4.2,6.4,3.2,3.0,0.144744,not_computed,0.146024,0.897253,not_computed,not_computed,not_computed,not_computed,3.00625,-1.5,not_computed,separate_run_2026-09_staging
Burma,2008,Hands,3.0,3.4,9.4,3.2,-1.4,0.114847,not_computed,0.146024,0.897253,not_computed,not_computed,not_computed,not_computed,3.00625,-1.5,not_computed,separate_run_2026-09_staging
Burma,2008,Archive,4.8,5.4,4.8,4.0,7.4,0.177458,not_computed,0.146024,0.897253,not_computed,not_computed,not_computed,not_computed,3.00625,-1.5,not_computed,separate_run_2026-09_staging
Burma,2008,Flow,2.6,2.6,8.2,3.0,-1.5,0.117793,not_computed,0.146024,0.897253,not_computed,not_computed,not_computed,not_computed,3.00625,-1.5,not_computed,separate_run_2026-09_staging
Burma,2009,Helm,6.0,5.0,5.0,3.7,7.85,0.221472,not_computed,0.199634,1.301101,not_computed,not_computed,not_computed,not_computed,5.83125,1.0,not_computed,separate_run_2026-09_staging
Burma,2009,Shield,7.0,7.4,4.2,4.6,12.5,0.248882,not_computed,0.199634,1.301101,not_computed,not_computed,not_computed,not_computed,5.83125,1.0,not_computed,separate_run_2026-09_staging
Burma,2009,Lore,3.2,2.8,6.5,3.0,1.0,0.163953,not_computed,0.199634,1.301101,not_computed,not_computed,not_computed,not_computed,5.83125,1.0,not_computed,separate_run_2026-09_staging
Burma,2009,Stewards,3.5,5.0,5.0,3.8,5.4,0.19173,not_computed,0.199634,1.301101,not_computed,not_computed,not_computed,not_computed,5.83125,1.0,not_computed,separate_run_2026-09_staging
Burma,2009,Craft,4.0,4.6,6.6,3.4,3.7,0.176962,not_computed,0.199634,1.301101,not_computed,not_computed,not_computed,not_computed,5.83125,1.0,not_computed,separate_run_2026-09_staging
Burma,2009,Hands,4.2,3.6,5.8,3.0,3.5,0.184892,not_computed,0.199634,1.301101,not_computed,not_computed,not_computed,not_computed,5.83125,1.0,not_computed,separate_run_2026-09_staging
Burma,2009,Archive,5.0,4.5,5.8,3.8,5.6,0.201124,not_computed,0.199634,1.301101,not_computed,not_computed,not_computed,not_computed,5.83125,1.0,not_computed,separate_run_2026-09_staging
Burma,2009,Flow,4.5,5.5,5.0,4.2,7.1,0.208055,not_computed,0.199634,1.301101,not_computed,not_computed,not_computed,not_computed,5.83125,1.0,not_computed,separate_run_2026-09_staging
Burma,2010,Helm,5.8,6.4,5.8,5.4,9.1,0.255206,not_computed,0.257088,1.801417,not_computed,not_computed,not_computed,not_computed,8.43125,6.0,not_computed,separate_run_2026-09_staging
Burma,2010,Shield,7.3,7.3,4.0,4.3,12.75,0.293109,not_computed,0.257088,1.801417,not_computed,not_computed,not_computed,not_computed,8.43125,6.0,not_computed,separate_run_2026-09_staging
Burma,2010,Lore,5.8,4.5,4.8,5.0,8.0,0.267464,not_computed,0.257088,1.801417,not_computed,not_computed,not_computed,not_computed,8.43125,6.0,not_computed,separate_run_2026-09_staging
Burma,2010,Stewards,5.2,5.4,5.4,4.8,7.6,0.249017,not_computed,0.257088,1.801417,not_computed,not_computed,not_computed,not_computed,8.43125,6.0,not_computed,separate_run_2026-09_staging
Burma,2010,Craft,5.0,4.8,5.2,4.4,6.8,0.245869,not_computed,0.257088,1.801417,not_computed,not_computed,not_computed,not_computed,8.43125,6.0,not_computed,separate_run_2026-09_staging
Burma,2010,Hands,4.8,5.2,5.5,3.0,6.0,0.225742,not_computed,0.257088,1.801417,not_computed,not_computed,not_computed,not_computed,8.43125,6.0,not_computed,separate_run_2026-09_staging
Burma,2010,Archive,5.0,4.8,5.0,5.6,7.6,0.259323,not_computed,0.257088,1.801417,not_computed,not_computed,not_computed,not_computed,8.43125,6.0,not_computed,separate_run_2026-09_staging
Burma,2010,Flow,5.0,6.6,4.2,4.4,9.6,0.260972,not_computed,0.257088,1.801417,not_computed,not_computed,not_computed,not_computed,8.43125,6.0,not_computed,separate_run_2026-09_staging
Burma,2011,Helm,5.2,5.4,4.6,4.6,8.3,0.26113,not_computed,0.260245,1.894234,not_computed,not_computed,not_computed,not_computed,8.1375,6.3,not_computed,separate_run_2026-09_staging
Burma,2011,Shield,6.8,7.0,5.0,5.6,11.6,0.282677,not_computed,0.260245,1.894234,not_computed,not_computed,not_computed,not_computed,8.1375,6.3,not_computed,separate_run_2026-09_staging
Burma,2011,Lore,4.8,5.2,5.2,5.2,7.4,0.251956,not_computed,0.260245,1.894234,not_computed,not_computed,not_computed,not_computed,8.1375,6.3,not_computed,separate_run_2026-09_staging
Burma,2011,Stewards,4.7,4.7,4.7,6.0,7.7,0.26532,not_computed,0.260245,1.894234,not_computed,not_computed,not_computed,not_computed,8.1375,6.3,not_computed,separate_run_2026-09_staging
Burma,2011,Craft,5.0,4.4,4.8,4.6,6.9,0.255341,not_computed,0.260245,1.894234,not_computed,not_computed,not_computed,not_computed,8.1375,6.3,not_computed,separate_run_2026-09_staging
Burma,2011,Hands,5.2,4.8,5.2,3.0,6.3,0.237286,not_computed,0.260245,1.894234,not_computed,not_computed,not_computed,not_computed,8.1375,6.3,not_computed,separate_run_2026-09_staging
Burma,2011,Archive,5.4,4.8,5.6,5.2,7.2,0.25355,not_computed,0.260245,1.894234,not_computed,not_computed,not_computed,not_computed,8.1375,6.3,not_computed,separate_run_2026-09_staging
Burma,2011,Flow,5.0,6.0,3.8,5.0,9.7,0.274695,not_computed,0.260245,1.894234,not_computed,not_computed,not_computed,not_computed,8.1375,6.3,not_computed,separate_run_2026-09_staging
Burma,2012,Helm,5.2,6.0,5.6,5.8,8.5,0.255182,not_computed,0.258491,1.801492,not_computed,not_computed,not_computed,not_computed,8.21875,5.5,not_computed,separate_run_2026-09_staging
Burma,2012,Shield,7.8,6.8,3.8,4.8,13.2,0.307368,not_computed,0.258491,1.801492,not_computed,not_computed,not_computed,not_computed,8.21875,5.5,not_computed,separate_run_2026-09_staging
Burma,2012,Lore,5.2,5.0,5.2,5.2,7.6,0.256317,not_computed,0.258491,1.801492,not_computed,not_computed,not_computed,not_computed,8.21875,5.5,not_computed,separate_run_2026-09_staging
Burma,2012,Stewards,5.3,4.3,5.3,4.3,6.45,0.248348,not_computed,0.258491,1.801492,not_computed,not_computed,not_computed,not_computed,8.21875,5.5,not_computed,separate_run_2026-09_staging
Burma,2012,Craft,4.2,4.8,5.5,4.0,5.5,0.227495,not_computed,0.258491,1.801492,not_computed,not_computed,not_computed,not_computed,8.21875,5.5,not_computed,separate_run_2026-09_staging
Burma,2012,Hands,5.0,5.5,5.8,3.8,6.6,0.23265,not_computed,0.258491,1.801492,not_computed,not_computed,not_computed,not_computed,8.21875,5.5,not_computed,separate_run_2026-09_staging
Burma,2012,Archive,5.0,5.2,4.5,5.2,8.3,0.264531,not_computed,0.258491,1.801492,not_computed,not_computed,not_computed,not_computed,8.21875,5.5,not_computed,separate_run_2026-09_staging
Burma,2012,Flow,5.0,5.8,4.0,5.6,9.6,0.276036,not_computed,0.258491,1.801492,not_computed,not_computed,not_computed,not_computed,8.21875,5.5,not_computed,separate_run_2026-09_staging
Burma,2013,Helm,5.0,6.6,5.0,5.4,9.3,0.262608,not_computed,0.265903,1.90607,not_computed,not_computed,not_computed,not_computed,8.59375,6.55,not_computed,separate_run_2026-09_staging
Burma,2013,Shield,7.0,7.0,4.4,5.2,12.2,0.295652,not_computed,0.265903,1.90607,not_computed,not_computed,not_computed,not_computed,8.59375,6.55,not_computed,separate_run_2026-09_staging
Burma,2013,Lore,5.0,4.8,4.8,4.8,7.4,0.260369,not_computed,0.265903,1.90607,not_computed,not_computed,not_computed,not_computed,8.59375,6.55,not_computed,separate_run_2026-09_staging
Burma,2013,Stewards,5.2,5.6,4.6,4.8,8.6,0.26623,not_computed,0.265903,1.90607,not_computed,not_computed,not_computed,not_computed,8.59375,6.55,not_computed,separate_run_2026-09_staging
Burma,2013,Craft,5.0,5.0,5.3,3.7,6.55,0.242597,not_computed,0.265903,1.90607,not_computed,not_computed,not_computed,not_computed,8.59375,6.55,not_computed,separate_run_2026-09_staging
Burma,2013,Hands,4.8,5.6,5.0,3.4,7.1,0.241173,not_computed,0.265903,1.90607,not_computed,not_computed,not_computed,not_computed,8.59375,6.55,not_computed,separate_run_2026-09_staging
Burma,2013,Archive,4.8,4.6,4.0,5.6,8.2,0.277703,not_computed,0.265903,1.90607,not_computed,not_computed,not_computed,not_computed,8.59375,6.55,not_computed,separate_run_2026-09_staging
Burma,2013,Flow,4.6,5.6,3.4,5.2,9.4,0.280891,not_computed,0.265903,1.90607,not_computed,not_computed,not_computed,not_computed,8.59375,6.55,not_computed,separate_run_2026-09_staging
Burma,2014,Helm,5.0,6.6,5.2,5.2,9.0,0.252621,not_computed,0.25669,1.932878,not_computed,not_computed,not_computed,not_computed,8.4125,6.9,not_computed,separate_run_2026-09_staging
Burma,2014,Shield,6.6,7.2,3.6,4.8,12.6,0.295091,not_computed,0.25669,1.932878,not_computed,not_computed,not_computed,not_computed,8.4125,6.9,not_computed,separate_run_2026-09_staging
Burma,2014,Lore,5.0,5.0,5.2,4.8,7.2,0.249162,not_computed,0.25669,1.932878,not_computed,not_computed,not_computed,not_computed,8.4125,6.9,not_computed,separate_run_2026-09_staging
Burma,2014,Stewards,5.0,5.0,5.4,4.6,6.9,0.244456,not_computed,0.25669,1.932878,not_computed,not_computed,not_computed,not_computed,8.4125,6.9,not_computed,separate_run_2026-09_staging
Burma,2014,Craft,5.2,4.8,5.2,4.2,6.9,0.246519,not_computed,0.25669,1.932878,not_computed,not_computed,not_computed,not_computed,8.4125,6.9,not_computed,separate_run_2026-09_staging
Burma,2014,Hands,5.0,5.4,4.6,3.2,7.4,0.243182,not_computed,0.25669,1.932878,not_computed,not_computed,not_computed,not_computed,8.4125,6.9,not_computed,separate_run_2026-09_staging
Burma,2014,Archive,5.5,5.0,5.2,5.0,7.8,0.257261,not_computed,0.25669,1.932878,not_computed,not_computed,not_computed,not_computed,8.4125,6.9,not_computed,separate_run_2026-09_staging
Burma,2014,Flow,4.7,6.3,4.0,5.0,9.5,0.265227,not_computed,0.25669,1.932878,not_computed,not_computed,not_computed,not_computed,8.4125,6.9,not_computed,separate_run_2026-09_staging
Burma,2015,Helm,5.0,6.4,4.4,4.8,9.4,0.263557,not_computed,0.260642,1.881901,not_computed,not_computed,not_computed,not_computed,8.39375,5.8,not_computed,separate_run_2026-09_staging
Burma,2015,Shield,6.8,6.8,4.8,5.2,11.4,0.283169,not_computed,0.260642,1.881901,not_computed,not_computed,not_computed,not_computed,8.39375,5.8,not_computed,separate_run_2026-09_staging
Burma,2015,Lore,5.0,5.0,4.4,5.2,8.2,0.267182,not_computed,0.260642,1.881901,not_computed,not_computed,not_computed,not_computed,8.39375,5.8,not_computed,separate_run_2026-09_staging
Burma,2015,Stewards,4.8,5.6,5.0,5.2,8.0,0.255201,not_computed,0.260642,1.881901,not_computed,not_computed,not_computed,not_computed,8.39375,5.8,not_computed,separate_run_2026-09_staging
Burma,2015,Craft,5.4,4.6,4.8,4.0,7.2,0.255557,not_computed,0.260642,1.881901,not_computed,not_computed,not_computed,not_computed,8.39375,5.8,not_computed,separate_run_2026-09_staging
Burma,2015,Hands,5.2,4.4,5.2,2.8,5.8,0.235552,not_computed,0.260642,1.881901,not_computed,not_computed,not_computed,not_computed,8.39375,5.8,not_computed,separate_run_2026-09_staging
Burma,2015,Archive,5.3,5.3,5.0,4.7,7.95,0.257402,not_computed,0.260642,1.881901,not_computed,not_computed,not_computed,not_computed,8.39375,5.8,not_computed,separate_run_2026-09_staging
Burma,2015,Flow,4.4,6.0,3.6,4.8,9.2,0.267514,not_computed,0.260642,1.881901,not_computed,not_computed,not_computed,not_computed,8.39375,5.8,not_computed,separate_run_2026-09_staging
Burma,2016,Helm,5.0,4.8,6.0,5.0,6.3,0.242894,not_computed,0.263773,1.881535,not_computed,not_computed,not_computed,not_computed,8.20625,5.9,not_computed,separate_run_2026-09_staging
Burma,2016,Shield,7.0,7.6,4.8,5.4,12.5,0.289105,not_computed,0.263773,1.881535,not_computed,not_computed,not_computed,not_computed,8.20625,5.9,not_computed,separate_run_2026-09_staging
Burma,2016,Lore,5.0,4.8,6.4,5.0,5.9,0.237079,not_computed,0.263773,1.881535,not_computed,not_computed,not_computed,not_computed,8.20625,5.9,not_computed,separate_run_2026-09_staging
Burma,2016,Stewards,5.0,4.6,5.0,5.2,7.2,0.259704,not_computed,0.263773,1.881535,not_computed,not_computed,not_computed,not_computed,8.20625,5.9,not_computed,separate_run_2026-09_staging
Burma,2016,Craft,5.2,5.0,5.0,5.2,7.8,0.262323,not_computed,0.263773,1.881535,not_computed,not_computed,not_computed,not_computed,8.20625,5.9,not_computed,separate_run_2026-09_staging
Burma,2016,Hands,4.8,4.5,4.8,3.8,6.4,0.247002,not_computed,0.263773,1.881535,not_computed,not_computed,not_computed,not_computed,8.20625,5.9,not_computed,separate_run_2026-09_staging
Burma,2016,Archive,5.0,5.7,4.3,5.7,9.25,0.275205,not_computed,0.263773,1.881535,not_computed,not_computed,not_computed,not_computed,8.20625,5.9,not_computed,separate_run_2026-09_staging
Burma,2016,Flow,5.2,5.4,3.0,5.4,10.3,0.296868,not_computed,0.263773,1.881535,not_computed,not_computed,not_computed,not_computed,8.20625,5.9,not_computed,separate_run_2026-09_staging
Burma,2017,Helm,5.0,4.7,6.7,4.7,5.35,0.213446,not_computed,0.230456,1.627379,not_computed,not_computed,not_computed,not_computed,7.1,4.4,not_computed,separate_run_2026-09_staging
Burma,2017,Shield,6.5,7.0,6.2,3.5,9.05,0.227942,not_computed,0.230456,1.627379,not_computed,not_computed,not_computed,not_computed,7.1,4.4,not_computed,separate_run_2026-09_staging
Burma,2017,Lore,5.2,5.0,6.0,5.0,6.7,0.227275,not_computed,0.230456,1.627379,not_computed,not_computed,not_computed,not_computed,7.1,4.4,not_computed,separate_run_2026-09_staging
Burma,2017,Stewards,4.8,4.6,5.0,5.4,7.1,0.239531,not_computed,0.230456,1.627379,not_computed,not_computed,not_computed,not_computed,7.1,4.4,not_computed,separate_run_2026-09_staging
Burma,2017,Craft,4.8,4.8,5.0,5.0,7.1,0.236265,not_computed,0.230456,1.627379,not_computed,not_computed,not_computed,not_computed,7.1,4.4,not_computed,separate_run_2026-09_staging
Burma,2017,Hands,4.8,4.4,6.8,4.0,4.4,0.204369,not_computed,0.230456,1.627379,not_computed,not_computed,not_computed,not_computed,7.1,4.4,not_computed,separate_run_2026-09_staging
Burma,2017,Archive,5.2,5.2,5.0,4.6,7.7,0.237907,not_computed,0.230456,1.627379,not_computed,not_computed,not_computed,not_computed,7.1,4.4,not_computed,separate_run_2026-09_staging
Burma,2017,Flow,5.2,5.6,3.8,4.8,9.4,0.256913,not_computed,0.230456,1.627379,not_computed,not_computed,not_computed,not_computed,7.1,4.4,not_computed,separate_run_2026-09_staging
Burma,2018,Helm,4.5,4.0,6.2,4.8,4.7,0.225254,not_computed,0.250693,1.793953,not_computed,not_computed,not_computed,not_computed,7.9375,4.7,not_computed,separate_run_2026-09_staging
Burma,2018,Shield,7.5,7.2,4.8,5.0,12.4,0.283197,not_computed,0.250693,1.793953,not_computed,not_computed,not_computed,not_computed,7.9375,4.7,not_computed,separate_run_2026-09_staging
Burma,2018,Lore,5.5,5.5,6.2,4.8,7.2,0.237564,not_computed,0.250693,1.793953,not_computed,not_computed,not_computed,not_computed,7.9375,4.7,not_computed,separate_run_2026-09_staging
Burma,2018,Stewards,4.6,4.8,4.6,5.4,7.5,0.254787,not_computed,0.250693,1.793953,not_computed,not_computed,not_computed,not_computed,7.9375,4.7,not_computed,separate_run_2026-09_staging
Burma,2018,Craft,4.6,5.2,5.0,4.6,7.1,0.241704,not_computed,0.250693,1.793953,not_computed,not_computed,not_computed,not_computed,7.9375,4.7,not_computed,separate_run_2026-09_staging
Burma,2018,Hands,5.0,5.2,5.0,3.6,7.0,0.238029,not_computed,0.250693,1.793953,not_computed,not_computed,not_computed,not_computed,7.9375,4.7,not_computed,separate_run_2026-09_staging
Burma,2018,Archive,5.2,5.0,4.8,5.0,7.9,0.256108,not_computed,0.250693,1.793953,not_computed,not_computed,not_computed,not_computed,7.9375,4.7,not_computed,separate_run_2026-09_staging
Burma,2018,Flow,5.0,6.0,3.8,5.0,9.7,0.268899,not_computed,0.250693,1.793953,not_computed,not_computed,not_computed,not_computed,7.9375,4.7,not_computed,separate_run_2026-09_staging
Burma,2019,Helm,5.5,5.2,6.2,5.5,7.25,0.241673,not_computed,0.248397,1.859057,not_computed,not_computed,not_computed,not_computed,7.9875,6.6,not_computed,separate_run_2026-09_staging
Burma,2019,Shield,6.8,7.4,5.0,5.0,11.7,0.270715,not_computed,0.248397,1.859057,not_computed,not_computed,not_computed,not_computed,7.9875,6.6,not_computed,separate_run_2026-09_staging
Burma,2019,Lore,4.6,5.2,5.6,4.8,6.6,0.233625,not_computed,0.248397,1.859057,not_computed,not_computed,not_computed,not_computed,7.9875,6.6,not_computed,separate_run_2026-09_staging
Burma,2019,Stewards,4.8,4.8,4.8,4.2,6.9,0.242367,not_computed,0.248397,1.859057,not_computed,not_computed,not_computed,not_computed,7.9875,6.6,not_computed,separate_run_2026-09_staging
Burma,2019,Craft,4.2,4.8,4.5,4.5,6.75,0.241067,not_computed,0.248397,1.859057,not_computed,not_computed,not_computed,not_computed,7.9875,6.6,not_computed,separate_run_2026-09_staging
Burma,2019,Hands,5.4,5.2,5.4,3.6,7.0,0.236451,not_computed,0.248397,1.859057,not_computed,not_computed,not_computed,not_computed,7.9875,6.6,not_computed,separate_run_2026-09_staging
Burma,2019,Archive,5.2,5.0,5.0,5.0,7.7,0.251707,not_computed,0.248397,1.859057,not_computed,not_computed,not_computed,not_computed,7.9875,6.6,not_computed,separate_run_2026-09_staging
Burma,2019,Flow,5.0,6.2,4.0,5.6,10.0,0.269575,not_computed,0.248397,1.859057,not_computed,not_computed,not_computed,not_computed,7.9875,6.6,not_computed,separate_run_2026-09_staging
Burma,2020,Helm,5.2,5.4,4.6,5.0,8.5,0.252434,not_computed,0.239638,1.753463,not_computed,not_computed,not_computed,not_computed,7.5625,5.7,not_computed,separate_run_2026-09_staging
Burma,2020,Shield,6.6,7.4,5.2,4.8,11.2,0.258389,not_computed,0.239638,1.753463,not_computed,not_computed,not_computed,not_computed,7.5625,5.7,not_computed,separate_run_2026-09_staging
Burma,2020,Lore,4.6,5.0,6.4,5.0,5.7,0.219746,not_computed,0.239638,1.753463,not_computed,not_computed,not_computed,not_computed,7.5625,5.7,not_computed,separate_run_2026-09_staging
Burma,2020,Stewards,5.2,5.4,5.4,5.0,7.7,0.24079,not_computed,0.239638,1.753463,not_computed,not_computed,not_computed,not_computed,7.5625,5.7,not_computed,separate_run_2026-09_staging
Burma,2020,Craft,4.5,5.0,4.8,5.2,7.3,0.242284,not_computed,0.239638,1.753463,not_computed,not_computed,not_computed,not_computed,7.5625,5.7,not_computed,separate_run_2026-09_staging
Burma,2020,Hands,5.5,5.2,6.0,4.8,7.1,0.234278,not_computed,0.239638,1.753463,not_computed,not_computed,not_computed,not_computed,7.5625,5.7,not_computed,separate_run_2026-09_staging
Burma,2020,Archive,4.6,4.4,4.8,4.8,6.6,0.240102,not_computed,0.239638,1.753463,not_computed,not_computed,not_computed,not_computed,7.5625,5.7,not_computed,separate_run_2026-09_staging
Burma,2020,Flow,4.4,5.0,5.4,4.8,6.4,0.229078,not_computed,0.239638,1.753463,not_computed,not_computed,not_computed,not_computed,7.5625,5.7,not_computed,separate_run_2026-09_staging
Burma,2021,Helm,4.0,4.8,8.4,3.2,2.0,0.116522,not_computed,0.117275,0.808461,not_computed,not_computed,not_computed,not_computed,1.575,-1.5,not_computed,separate_run_2026-09_staging
Burma,2021,Shield,7.8,7.6,7.2,5.0,10.7,0.159456,not_computed,0.117275,0.808461,not_computed,not_computed,not_computed,not_computed,1.575,-1.5,not_computed,separate_run_2026-09_staging
Burma,2021,Lore,2.4,3.4,7.4,2.8,-0.2,0.105717,not_computed,0.117275,0.808461,not_computed,not_computed,not_computed,not_computed,1.575,-1.5,not_computed,separate_run_2026-09_staging
Burma,2021,Stewards,4.0,3.8,7.8,3.0,1.5,0.119617,not_computed,0.117275,0.808461,not_computed,not_computed,not_computed,not_computed,1.575,-1.5,not_computed,separate_run_2026-09_staging
Burma,2021,Craft,3.0,3.0,8.0,3.0,-0.5,0.109257,not_computed,0.117275,0.808461,not_computed,not_computed,not_computed,not_computed,1.575,-1.5,not_computed,separate_run_2026-09_staging
Burma,2021,Hands,3.2,3.2,9.4,3.0,-1.5,0.102091,not_computed,0.117275,0.808461,not_computed,not_computed,not_computed,not_computed,1.575,-1.5,not_computed,separate_run_2026-09_staging
Burma,2021,Archive,3.2,3.8,8.0,3.2,0.6,0.112361,not_computed,0.117275,0.808461,not_computed,not_computed,not_computed,not_computed,1.575,-1.5,not_computed,separate_run_2026-09_staging
Burma,2021,Flow,3.6,3.2,8.4,3.2,0.0,0.113184,not_computed,0.117275,0.808461,not_computed,not_computed,not_computed,not_computed,1.575,-1.5,not_computed,separate_run_2026-09_staging
Burma,2022,Helm,3.3,4.3,9.7,3.3,-0.45,0.092498,not_computed,0.097702,0.736698,not_computed,not_computed,not_computed,not_computed,-0.4625,-1.3,not_computed,separate_run_2026-09_staging
Burma,2022,Shield,3.4,3.8,8.4,4.0,0.8,0.104199,not_computed,0.097702,0.736698,not_computed,not_computed,not_computed,not_computed,-0.4625,-1.3,not_computed,separate_run_2026-09_staging
Burma,2022,Lore,2.8,2.8,8.2,2.8,-1.2,0.094262,not_computed,0.097702,0.736698,not_computed,not_computed,not_computed,not_computed,-0.4625,-1.3,not_computed,separate_run_2026-09_staging
Burma,2022,Stewards,3.0,2.8,7.8,2.5,-0.75,0.096541,not_computed,0.097702,0.736698,not_computed,not_computed,not_computed,not_computed,-0.4625,-1.3,not_computed,separate_run_2026-09_staging
Burma,2022,Craft,3.2,3.0,7.2,3.0,0.5,0.104736,not_computed,0.097702,0.736698,not_computed,not_computed,not_computed,not_computed,-0.4625,-1.3,not_computed,separate_run_2026-09_staging
Burma,2022,Hands,3.2,3.0,8.8,2.8,-1.2,0.094223,not_computed,0.097702,0.736698,not_computed,not_computed,not_computed,not_computed,-0.4625,-1.3,not_computed,separate_run_2026-09_staging
Burma,2022,Archive,3.6,3.0,8.0,2.6,-0.1,0.101008,not_computed,0.097702,0.736698,not_computed,not_computed,not_computed,not_computed,-0.4625,-1.3,not_computed,separate_run_2026-09_staging
Burma,2022,Flow,3.2,3.0,9.0,3.0,-1.3,0.094152,not_computed,0.097702,0.736698,not_computed,not_computed,not_computed,not_computed,-0.4625,-1.3,not_computed,separate_run_2026-09_staging
Burma,2023,Helm,2.8,2.8,9.0,2.5,-2.15,0.087833,not_computed,0.097089,0.699254,not_computed,not_computed,not_computed,not_computed,-0.64375,-2.15,not_computed,separate_run_2026-09_staging
Burma,2023,Shield,4.2,4.4,8.6,4.2,2.1,0.108984,not_computed,0.097089,0.699254,not_computed,not_computed,not_computed,not_computed,-0.64375,-2.15,not_computed,separate_run_2026-09_staging
Burma,2023,Lore,2.8,2.8,7.8,3.0,-0.7,0.097381,not_computed,0.097089,0.699254,not_computed,not_computed,not_computed,not_computed,-0.64375,-2.15,not_computed,separate_run_2026-09_staging
Burma,2023,Stewards,2.4,3.2,7.8,3.4,-0.5,0.096212,not_computed,0.097089,0.699254,not_computed,not_computed,not_computed,not_computed,-0.64375,-2.15,not_computed,separate_run_2026-09_staging
Burma,2023,Craft,3.0,2.5,7.8,2.8,-0.9,0.097958,not_computed,0.097089,0.699254,not_computed,not_computed,not_computed,not_computed,-0.64375,-2.15,not_computed,separate_run_2026-09_staging
Burma,2023,Hands,3.2,3.0,8.5,3.0,-0.8,0.096674,not_computed,0.097089,0.699254,not_computed,not_computed,not_computed,not_computed,-0.64375,-2.15,not_computed,separate_run_2026-09_staging
Burma,2023,Archive,3.4,3.0,8.2,3.2,-0.2,0.101051,not_computed,0.097089,0.699254,not_computed,not_computed,not_computed,not_computed,-0.64375,-2.15,not_computed,separate_run_2026-09_staging
Burma,2023,Flow,2.8,2.6,8.8,2.8,-2.0,0.090616,not_computed,0.097089,0.699254,not_computed,not_computed,not_computed,not_computed,-0.64375,-2.15,not_computed,separate_run_2026-09_staging
Burma,2024,Helm,2.8,2.6,9.0,3.2,-2.0,0.088557,not_computed,0.091222,0.598588,not_computed,not_computed,not_computed,not_computed,-0.93125,-3.0,not_computed,separate_run_2026-09_staging
Burma,2024,Shield,3.6,4.6,9.2,4.8,1.4,0.100319,not_computed,0.091222,0.598588,not_computed,not_computed,not_computed,not_computed,-0.93125,-3.0,not_computed,separate_run_2026-09_staging
Burma,2024,Lore,2.4,2.8,7.6,3.2,-0.8,0.09282,not_computed,0.091222,0.598588,not_computed,not_computed,not_computed,not_computed,-0.93125,-3.0,not_computed,separate_run_2026-09_staging
Burma,2024,Stewards,3.3,2.3,7.7,2.7,-0.75,0.097009,not_computed,0.091222,0.598588,not_computed,not_computed,not_computed,not_computed,-0.93125,-3.0,not_computed,separate_run_2026-09_staging
Burma,2024,Craft,2.8,2.6,7.6,3.0,-0.7,0.095107,not_computed,0.091222,0.598588,not_computed,not_computed,not_computed,not_computed,-0.93125,-3.0,not_computed,separate_run_2026-09_staging
Burma,2024,Hands,1.6,3.2,9.2,2.8,-3.0,0.074953,not_computed,0.091222,0.598588,not_computed,not_computed,not_computed,not_computed,-0.93125,-3.0,not_computed,separate_run_2026-09_staging
Burma,2024,Archive,3.0,3.5,7.8,2.8,0.1,0.094545,not_computed,0.091222,0.598588,not_computed,not_computed,not_computed,not_computed,-0.93125,-3.0,not_computed,separate_run_2026-09_staging
Burma,2024,Flow,2.8,3.2,9.2,3.0,-1.7,0.086471,not_computed,0.091222,0.598588,not_computed,not_computed,not_computed,not_computed,-0.93125,-3.0,not_computed,separate_run_2026-09_staging
Burma,2025,Helm,2.8,2.8,9.0,3.5,-1.65,0.086563,not_computed,0.085043,0.55174,not_computed,not_computed,not_computed,not_computed,-1.38125,-3.4,not_computed,separate_run_2026-09_staging
Burma,2025,Shield,3.0,3.6,9.0,3.8,-0.5,0.089371,not_computed,0.085043,0.55174,not_computed,not_computed,not_computed,not_computed,-1.38125,-3.4,not_computed,separate_run_2026-09_staging
Burma,2025,Lore,2.0,3.3,7.3,3.0,-0.5,0.086054,not_computed,0.085043,0.55174,not_computed,not_computed,not_computed,not_computed,-1.38125,-3.4,not_computed,separate_run_2026-09_staging
Burma,2025,Stewards,3.2,2.4,7.4,2.6,-0.5,0.093494,not_computed,0.085043,0.55174,not_computed,not_computed,not_computed,not_computed,-1.38125,-3.4,not_computed,separate_run_2026-09_staging
Burma,2025,Craft,3.2,2.8,8.4,3.2,-0.8,0.09114,not_computed,0.085043,0.55174,not_computed,not_computed,not_computed,not_computed,-1.38125,-3.4,not_computed,separate_run_2026-09_staging
Burma,2025,Hands,2.0,2.8,8.8,2.4,-2.8,0.075122,not_computed,0.085043,0.55174,not_computed,not_computed,not_computed,not_computed,-1.38125,-3.4,not_computed,separate_run_2026-09_staging
Burma,2025,Archive,2.8,2.8,8.0,3.0,-0.9,0.089237,not_computed,0.085043,0.55174,not_computed,not_computed,not_computed,not_computed,-1.38125,-3.4,not_computed,separate_run_2026-09_staging
Burma,2025,Flow,1.4,3.2,9.4,2.8,-3.4,0.069362,not_computed,0.085043,0.55174,not_computed,not_computed,not_computed,not_computed,-1.38125,-3.4,not_computed,separate_run_2026-09_staging
Burma,2026,Helm,3.4,3.0,9.2,2.8,-1.4,0.088813,not_computed,0.089128,0.621118,not_computed,not_computed,not_computed,not_computed,-0.91875,-3.05,not_computed,separate_run_2026-09_staging
Burma,2026,Shield,3.2,4.5,8.5,3.8,1.1,0.095956,not_computed,0.089128,0.621118,not_computed,not_computed,not_computed,not_computed,-0.91875,-3.05,not_computed,separate_run_2026-09_staging
Burma,2026,Lore,3.0,3.0,8.2,3.0,-0.7,0.092163,not_computed,0.089128,0.621118,not_computed,not_computed,not_computed,not_computed,-0.91875,-3.05,not_computed,separate_run_2026-09_staging
Burma,2026,Stewards,2.2,3.2,8.0,3.0,-1.1,0.086551,not_computed,0.089128,0.621118,not_computed,not_computed,not_computed,not_computed,-0.91875,-3.05,not_computed,separate_run_2026-09_staging
Burma,2026,Craft,3.5,3.2,7.5,3.0,0.7,0.099939,not_computed,0.089128,0.621118,not_computed,not_computed,not_computed,not_computed,-0.91875,-3.05,not_computed,separate_run_2026-09_staging
Burma,2026,Hands,2.2,3.2,9.0,3.0,-2.1,0.081497,not_computed,0.089128,0.621118,not_computed,not_computed,not_computed,not_computed,-0.91875,-3.05,not_computed,separate_run_2026-09_staging
Burma,2026,Archive,3.0,3.0,8.0,2.4,-0.8,0.090001,not_computed,0.089128,0.621118,not_computed,not_computed,not_computed,not_computed,-0.91875,-3.05,not_computed,separate_run_2026-09_staging
Burma,2026,Flow,2.0,3.0,9.7,3.3,-3.05,0.078104,not_computed,0.089128,0.621118,not_computed,not_computed,not_computed,not_computed,-0.91875,-3.05,not_computed,separate_run_2026-09_staging
Italy,1850,Helm,4.0,3.7,7.3,3.7,2.25,0.127173,not_computed,0.117585,0.716261,not_computed,not_computed,not_computed,not_computed,0.74375,-3.3,not_computed,separate_run_2026-09_staging
Italy,1850,Shield,3.7,3.0,7.3,3.0,0.9,0.120553,not_computed,0.117585,0.716261,not_computed,not_computed,not_computed,not_computed,0.74375,-3.3,not_computed,separate_run_2026-09_staging
Italy,1850,Lore,3.0,3.0,6.3,3.0,1.2,0.120944,not_computed,0.117585,0.716261,not_computed,not_computed,not_computed,not_computed,0.74375,-3.3,not_computed,separate_run_2026-09_staging
Italy,1850,Stewards,4.3,4.0,7.0,4.0,3.3,0.133496,not_computed,0.117585,0.716261,not_computed,not_computed,not_computed,not_computed,0.74375,-3.3,not_computed,separate_run_2026-09_staging
Italy,1850,Craft,3.0,3.0,7.3,3.0,0.2,0.113963,not_computed,0.117585,0.716261,not_computed,not_computed,not_computed,not_computed,0.74375,-3.3,not_computed,separate_run_2026-09_staging
Italy,1850,Hands,2.0,2.0,8.3,2.0,-3.3,0.089646,not_computed,0.117585,0.716261,not_computed,not_computed,not_computed,not_computed,0.74375,-3.3,not_computed,separate_run_2026-09_staging
Italy,1850,Archive,3.0,3.0,6.3,3.0,1.2,0.120944,not_computed,0.117585,0.716261,not_computed,not_computed,not_computed,not_computed,0.74375,-3.3,not_computed,separate_run_2026-09_staging
Italy,1850,Flow,3.0,3.0,7.3,3.0,0.2,0.113963,not_computed,0.117585,0.716261,not_computed,not_computed,not_computed,not_computed,0.74375,-3.3,not_computed,separate_run_2026-09_staging
Italy,1851,Helm,4.0,3.7,7.3,3.7,2.25,0.127173,not_computed,0.117585,0.716261,not_computed,not_computed,not_computed,not_computed,0.74375,-3.3,not_computed,separate_run_2026-09_staging
Italy,1851,Shield,3.7,3.0,7.3,3.0,0.9,0.120553,not_computed,0.117585,0.716261,not_computed,not_computed,not_computed,not_computed,0.74375,-3.3,not_computed,separate_run_2026-09_staging
Italy,1851,Lore,3.0,3.0,6.3,3.0,1.2,0.120944,not_computed,0.117585,0.716261,not_computed,not_computed,not_computed,not_computed,0.74375,-3.3,not_computed,separate_run_2026-09_staging
Italy,1851,Stewards,4.3,4.0,7.0,4.0,3.3,0.133496,not_computed,0.117585,0.716261,not_computed,not_computed,not_computed,not_computed,0.74375,-3.3,not_computed,separate_run_2026-09_staging
Italy,1851,Craft,3.0,3.0,7.3,3.0,0.2,0.113963,not_computed,0.117585,0.716261,not_computed,not_computed,not_computed,not_computed,0.74375,-3.3,not_computed,separate_run_2026-09_staging
Italy,1851,Hands,2.0,2.0,8.3,2.0,-3.3,0.089646,not_computed,0.117585,0.716261,not_computed,not_computed,not_computed,not_computed,0.74375,-3.3,not_computed,separate_run_2026-09_staging
Italy,1851,Archive,3.0,3.0,6.3,3.0,1.2,0.120944,not_computed,0.117585,0.716261,not_computed,not_computed,not_computed,not_computed,0.74375,-3.3,not_computed,separate_run_2026-09_staging
Italy,1851,Flow,3.0,3.0,7.3,3.0,0.2,0.113963,not_computed,0.117585,0.716261,not_computed,not_computed,not_computed,not_computed,0.74375,-3.3,not_computed,separate_run_2026-09_staging
Italy,1852,Helm,4.0,4.0,7.0,3.7,2.85,0.136691,not_computed,0.129156,0.783535,not_computed,not_computed,not_computed,not_computed,1.89375,-2.0,not_computed,separate_run_2026-09_staging
Italy,1852,Shield,3.7,3.3,7.3,3.0,1.2,0.127246,not_computed,0.129156,0.783535,not_computed,not_computed,not_computed,not_computed,1.89375,-2.0,not_computed,separate_run_2026-09_staging
Italy,1852,Lore,3.0,3.0,6.3,3.0,1.2,0.127662,not_computed,0.129156,0.783535,not_computed,not_computed,not_computed,not_computed,1.89375,-2.0,not_computed,separate_run_2026-09_staging
Italy,1852,Stewards,5.0,5.0,6.0,4.0,6.0,0.155424,not_computed,0.129156,0.783535,not_computed,not_computed,not_computed,not_computed,1.89375,-2.0,not_computed,separate_run_2026-09_staging
Italy,1852,Craft,3.0,4.0,7.0,3.0,1.5,0.122423,not_computed,0.129156,0.783535,not_computed,not_computed,not_computed,not_computed,1.89375,-2.0,not_computed,separate_run_2026-09_staging
Italy,1852,Hands,2.3,3.0,8.3,2.0,-2.0,0.098163,not_computed,0.129156,0.783535,not_computed,not_computed,not_computed,not_computed,1.89375,-2.0,not_computed,separate_run_2026-09_staging
Italy,1852,Archive,3.0,3.0,6.3,3.0,1.2,0.127662,not_computed,0.129156,0.783535,not_computed,not_computed,not_computed,not_computed,1.89375,-2.0,not_computed,separate_run_2026-09_staging
Italy,1852,Flow,4.0,4.0,6.3,3.0,3.2,0.137976,not_computed,0.129156,0.783535,not_computed,not_computed,not_computed,not_computed,1.89375,-2.0,not_computed,separate_run_2026-09_staging
Italy,1853,Helm,4.0,4.0,7.0,3.7,2.85,0.136691,not_computed,0.129156,0.783535,not_computed,not_computed,not_computed,not_computed,1.89375,-2.0,not_computed,separate_run_2026-09_staging
Italy,1853,Shield,3.7,3.3,7.3,3.0,1.2,0.127246,not_computed,0.129156,0.783535,not_computed,not_computed,not_computed,not_computed,1.89375,-2.0,not_computed,separate_run_2026-09_staging
Italy,1853,Lore,3.0,3.0,6.3,3.0,1.2,0.127662,not_computed,0.129156,0.783535,not_computed,not_computed,not_computed,not_computed,1.89375,-2.0,not_computed,separate_run_2026-09_staging
Italy,1853,Stewards,5.0,5.0,6.0,4.0,6.0,0.155424,not_computed,0.129156,0.783535,not_computed,not_computed,not_computed,not_computed,1.89375,-2.0,not_computed,separate_run_2026-09_staging
Italy,1853,Craft,3.0,4.0,7.0,3.0,1.5,0.122423,not_computed,0.129156,0.783535,not_computed,not_computed,not_computed,not_computed,1.89375,-2.0,not_computed,separate_run_2026-09_staging
Italy,1853,Hands,2.3,3.0,8.3,2.0,-2.0,0.098163,not_computed,0.129156,0.783535,not_computed,not_computed,not_computed,not_computed,1.89375,-2.0,not_computed,separate_run_2026-09_staging
Italy,1853,Archive,3.0,3.0,6.3,3.0,1.2,0.127662,not_computed,0.129156,0.783535,not_computed,not_computed,not_computed,not_computed,1.89375,-2.0,not_computed,separate_run_2026-09_staging
Italy,1853,Flow,4.0,4.0,6.3,3.0,3.2,0.137976,not_computed,0.129156,0.783535,not_computed,not_computed,not_computed,not_computed,1.89375,-2.0,not_computed,separate_run_2026-09_staging
Italy,1854,Helm,4.0,4.0,7.0,3.7,2.85,0.137609,not_computed,0.130668,0.788635,not_computed,not_computed,not_computed,not_computed,2.05625,-2.0,not_computed,separate_run_2026-09_staging
Italy,1854,Shield,4.0,4.0,7.0,3.0,2.5,0.133295,not_computed,0.130668,0.788635,not_computed,not_computed,not_computed,not_computed,2.05625,-2.0,not_computed,separate_run_2026-09_staging
Italy,1854,Lore,3.0,3.0,6.3,3.0,1.2,0.12851,not_computed,0.130668,0.788635,not_computed,not_computed,not_computed,not_computed,2.05625,-2.0,not_computed,separate_run_2026-09_staging
Italy,1854,Stewards,5.0,5.0,6.0,4.0,6.0,0.156495,not_computed,0.130668,0.788635,not_computed,not_computed,not_computed,not_computed,2.05625,-2.0,not_computed,separate_run_2026-09_staging
Italy,1854,Craft,3.0,4.0,7.0,3.0,1.5,0.123231,not_computed,0.130668,0.788635,not_computed,not_computed,not_computed,not_computed,2.05625,-2.0,not_computed,separate_run_2026-09_staging
Italy,1854,Hands,2.3,3.0,8.3,2.0,-2.0,0.098792,not_computed,0.130668,0.788635,not_computed,not_computed,not_computed,not_computed,2.05625,-2.0,not_computed,separate_run_2026-09_staging
Italy,1854,Archive,3.0,3.0,6.3,3.0,1.2,0.12851,not_computed,0.130668,0.788635,not_computed,not_computed,not_computed,not_computed,2.05625,-2.0,not_computed,separate_run_2026-09_staging
Italy,1854,Flow,4.0,4.0,6.3,3.0,3.2,0.138904,not_computed,0.130668,0.788635,not_computed,not_computed,not_computed,not_computed,2.05625,-2.0,not_computed,separate_run_2026-09_staging
Italy,1855,Helm,3.0,3.7,8.0,3.0,0.2,0.112899,not_computed,0.124491,0.766732,not_computed,not_computed,not_computed,not_computed,1.725,-2.0,not_computed,separate_run_2026-09_staging
Italy,1855,Shield,4.0,4.0,7.0,3.0,2.5,0.129662,not_computed,0.124491,0.766732,not_computed,not_computed,not_computed,not_computed,1.725,-2.0,not_computed,separate_run_2026-09_staging
Italy,1855,Lore,3.0,3.0,6.3,3.0,1.2,0.125028,not_computed,0.124491,0.766732,not_computed,not_computed,not_computed,not_computed,1.725,-2.0,not_computed,separate_run_2026-09_staging
Italy,1855,Stewards,5.0,5.0,6.0,4.0,6.0,0.152094,not_computed,0.124491,0.766732,not_computed,not_computed,not_computed,not_computed,1.725,-2.0,not_computed,separate_run_2026-09_staging
Italy,1855,Craft,3.0,4.0,7.0,3.0,1.5,0.119914,not_computed,0.124491,0.766732,not_computed,not_computed,not_computed,not_computed,1.725,-2.0,not_computed,separate_run_2026-09_staging
Italy,1855,Hands,2.3,3.0,8.3,2.0,-2.0,0.096208,not_computed,0.124491,0.766732,not_computed,not_computed,not_computed,not_computed,1.725,-2.0,not_computed,separate_run_2026-09_staging
Italy,1855,Archive,3.0,3.0,6.3,3.0,1.2,0.125028,not_computed,0.124491,0.766732,not_computed,not_computed,not_computed,not_computed,1.725,-2.0,not_computed,separate_run_2026-09_staging
Italy,1855,Flow,4.0,4.0,6.3,3.0,3.2,0.135091,not_computed,0.124491,0.766732,not_computed,not_computed,not_computed,not_computed,1.725,-2.0,not_computed,separate_run_2026-09_staging
Italy,1856,Helm,3.0,3.7,8.0,3.0,0.2,0.112899,not_computed,0.124491,0.766732,not_computed,not_computed,not_computed,not_computed,1.725,-2.0,not_computed,separate_run_2026-09_staging
Italy,1856,Shield,4.0,4.0,7.0,3.0,2.5,0.129662,not_computed,0.124491,0.766732,not_computed,not_computed,not_computed,not_computed,1.725,-2.0,not_computed,separate_run_2026-09_staging
Italy,1856,Lore,3.0,3.0,6.3,3.0,1.2,0.125028,not_computed,0.124491,0.766732,not_computed,not_computed,not_computed,not_computed,1.725,-2.0,not_computed,separate_run_2026-09_staging
Italy,1856,Stewards,5.0,5.0,6.0,4.0,6.0,0.152094,not_computed,0.124491,0.766732,not_computed,not_computed,not_computed,not_computed,1.725,-2.0,not_computed,separate_run_2026-09_staging
Italy,1856,Craft,3.0,4.0,7.0,3.0,1.5,0.119914,not_computed,0.124491,0.766732,not_computed,not_computed,not_computed,not_computed,1.725,-2.0,not_computed,separate_run_2026-09_staging
Italy,1856,Hands,2.3,3.0,8.3,2.0,-2.0,0.096208,not_computed,0.124491,0.766732,not_computed,not_computed,not_computed,not_computed,1.725,-2.0,not_computed,separate_run_2026-09_staging
Italy,1856,Archive,3.0,3.0,6.3,3.0,1.2,0.125028,not_computed,0.124491,0.766732,not_computed,not_computed,not_computed,not_computed,1.725,-2.0,not_computed,separate_run_2026-09_staging
Italy,1856,Flow,4.0,4.0,6.3,3.0,3.2,0.135091,not_computed,0.124491,0.766732,not_computed,not_computed,not_computed,not_computed,1.725,-2.0,not_computed,separate_run_2026-09_staging
Italy,1857,Helm,3.0,3.7,8.0,3.0,0.2,0.112899,not_computed,0.124491,0.766732,not_computed,not_computed,not_computed,not_computed,1.725,-2.0,not_computed,separate_run_2026-09_staging
Italy,1857,Shield,4.0,4.0,7.0,3.0,2.5,0.129662,not_computed,0.124491,0.766732,not_computed,not_computed,not_computed,not_computed,1.725,-2.0,not_computed,separate_run_2026-09_staging
Italy,1857,Lore,3.0,3.0,6.3,3.0,1.2,0.125028,not_computed,0.124491,0.766732,not_computed,not_computed,not_computed,not_computed,1.725,-2.0,not_computed,separate_run_2026-09_staging
Italy,1857,Stewards,5.0,5.0,6.0,4.0,6.0,0.152094,not_computed,0.124491,0.766732,not_computed,not_computed,not_computed,not_computed,1.725,-2.0,not_computed,separate_run_2026-09_staging
Italy,1857,Craft,3.0,4.0,7.0,3.0,1.5,0.119914,not_computed,0.124491,0.766732,not_computed,not_computed,not_computed,not_computed,1.725,-2.0,not_computed,separate_run_2026-09_staging
Italy,1857,Hands,2.3,3.0,8.3,2.0,-2.0,0.096208,not_computed,0.124491,0.766732,not_computed,not_computed,not_computed,not_computed,1.725,-2.0,not_computed,separate_run_2026-09_staging
Italy,1857,Archive,3.0,3.0,6.3,3.0,1.2,0.125028,not_computed,0.124491,0.766732,not_computed,not_computed,not_computed,not_computed,1.725,-2.0,not_computed,separate_run_2026-09_staging
Italy,1857,Flow,4.0,4.0,6.3,3.0,3.2,0.135091,not_computed,0.124491,0.766732,not_computed,not_computed,not_computed,not_computed,1.725,-2.0,not_computed,separate_run_2026-09_staging
Italy,1858,Helm,4.0,4.0,7.0,4.0,3.0,0.163012,not_computed,0.171872,1.1227,not_computed,not_computed,not_computed,not_computed,3.9875,0.2,not_computed,separate_run_2026-09_staging
Italy,1858,Shield,4.0,4.0,7.0,3.0,2.5,0.155701,not_computed,0.171872,1.1227,not_computed,not_computed,not_computed,not_computed,3.9875,0.2,not_computed,separate_run_2026-09_staging
Italy,1858,Lore,4.0,3.7,6.0,4.0,3.7,0.173046,not_computed,0.171872,1.1227,not_computed,not_computed,not_computed,not_computed,3.9875,0.2,not_computed,separate_run_2026-09_staging
Italy,1858,Stewards,5.0,5.0,5.0,5.0,7.5,0.201448,not_computed,0.171872,1.1227,not_computed,not_computed,not_computed,not_computed,3.9875,0.2,not_computed,separate_run_2026-09_staging
Italy,1858,Craft,4.0,4.0,6.0,4.0,4.0,0.173046,not_computed,0.171872,1.1227,not_computed,not_computed,not_computed,not_computed,3.9875,0.2,not_computed,separate_run_2026-09_staging
Italy,1858,Hands,3.0,3.0,7.3,3.0,0.2,0.141055,not_computed,0.171872,1.1227,not_computed,not_computed,not_computed,not_computed,3.9875,0.2,not_computed,separate_run_2026-09_staging
Italy,1858,Archive,4.0,4.0,6.0,4.0,4.0,0.173046,not_computed,0.171872,1.1227,not_computed,not_computed,not_computed,not_computed,3.9875,0.2,not_computed,separate_run_2026-09_staging
Italy,1858,Flow,5.0,5.0,5.0,4.0,7.0,0.194621,not_computed,0.171872,1.1227,not_computed,not_computed,not_computed,not_computed,3.9875,0.2,not_computed,separate_run_2026-09_staging
Italy,1859,Helm,5.0,5.0,5.7,5.0,6.8,0.217156,not_computed,0.209688,1.313455,not_computed,not_computed,not_computed,not_computed,5.90625,1.8,not_computed,separate_run_2026-09_staging
Italy,1859,Shield,5.0,5.0,5.0,4.3,7.15,0.22082,not_computed,0.209688,1.313455,not_computed,not_computed,not_computed,not_computed,5.90625,1.8,not_computed,separate_run_2026-09_staging
Italy,1859,Lore,4.0,4.0,5.0,4.0,5.0,0.205746,not_computed,0.209688,1.313455,not_computed,not_computed,not_computed,not_computed,5.90625,1.8,not_computed,separate_run_2026-09_staging
Italy,1859,Stewards,6.0,6.0,4.0,5.0,10.5,0.2512,not_computed,0.209688,1.313455,not_computed,not_computed,not_computed,not_computed,5.90625,1.8,not_computed,separate_run_2026-09_staging
Italy,1859,Craft,4.0,4.0,6.0,4.0,4.0,0.193753,not_computed,0.209688,1.313455,not_computed,not_computed,not_computed,not_computed,5.90625,1.8,not_computed,separate_run_2026-09_staging
Italy,1859,Hands,3.3,4.0,7.0,3.0,1.8,0.164665,not_computed,0.209688,1.313455,not_computed,not_computed,not_computed,not_computed,5.90625,1.8,not_computed,separate_run_2026-09_staging
Italy,1859,Archive,4.0,4.0,5.0,4.0,5.0,0.205746,not_computed,0.209688,1.313455,not_computed,not_computed,not_computed,not_computed,5.90625,1.8,not_computed,separate_run_2026-09_staging
Italy,1859,Flow,5.0,5.0,5.0,4.0,7.0,0.218421,not_computed,0.209688,1.313455,not_computed,not_computed,not_computed,not_computed,5.90625,1.8,not_computed,separate_run_2026-09_staging
Italy,1860,Helm,6.0,6.0,4.7,5.0,9.8,0.270466,not_computed,0.25532,1.727177,not_computed,not_computed,not_computed,not_computed,8.0875,5.0,not_computed,separate_run_2026-09_staging
Italy,1860,Shield,5.0,5.0,5.0,5.0,7.5,0.253183,not_computed,0.25532,1.727177,not_computed,not_computed,not_computed,not_computed,8.0875,5.0,not_computed,separate_run_2026-09_staging
Italy,1860,Lore,5.0,5.0,5.0,5.0,7.5,0.253183,not_computed,0.25532,1.727177,not_computed,not_computed,not_computed,not_computed,8.0875,5.0,not_computed,separate_run_2026-09_staging
Italy,1860,Stewards,6.0,6.7,4.0,6.0,11.7,0.289956,not_computed,0.25532,1.727177,not_computed,not_computed,not_computed,not_computed,8.0875,5.0,not_computed,separate_run_2026-09_staging
Italy,1860,Craft,5.0,5.0,5.0,5.0,7.5,0.253183,not_computed,0.25532,1.727177,not_computed,not_computed,not_computed,not_computed,8.0875,5.0,not_computed,separate_run_2026-09_staging
Italy,1860,Hands,4.0,5.0,6.0,4.0,5.0,0.216221,not_computed,0.25532,1.727177,not_computed,not_computed,not_computed,not_computed,8.0875,5.0,not_computed,separate_run_2026-09_staging
Italy,1860,Archive,5.0,5.0,5.0,5.0,7.5,0.253183,not_computed,0.25532,1.727177,not_computed,not_computed,not_computed,not_computed,8.0875,5.0,not_computed,separate_run_2026-09_staging
Italy,1860,Flow,5.0,5.7,5.0,5.0,8.2,0.253183,not_computed,0.25532,1.727177,not_computed,not_computed,not_computed,not_computed,8.0875,5.0,not_computed,separate_run_2026-09_staging
Italy,1861,Helm,6.0,6.0,4.7,6.0,10.3,0.280945,not_computed,0.259225,1.74116,not_computed,not_computed,not_computed,not_computed,8.225,5.0,not_computed,separate_run_2026-09_staging
Italy,1861,Shield,5.0,5.0,5.0,5.0,7.5,0.255419,not_computed,0.259225,1.74116,not_computed,not_computed,not_computed,not_computed,8.225,5.0,not_computed,separate_run_2026-09_staging
Italy,1861,Lore,5.0,5.0,5.0,5.0,7.5,0.255419,not_computed,0.259225,1.74116,not_computed,not_computed,not_computed,not_computed,8.225,5.0,not_computed,separate_run_2026-09_staging
Italy,1861,Stewards,6.0,7.0,3.7,6.0,12.3,0.297672,not_computed,0.259225,1.74116,not_computed,not_computed,not_computed,not_computed,8.225,5.0,not_computed,separate_run_2026-09_staging
Italy,1861,Craft,5.0,5.0,5.0,5.0,7.5,0.255419,not_computed,0.259225,1.74116,not_computed,not_computed,not_computed,not_computed,8.225,5.0,not_computed,separate_run_2026-09_staging
Italy,1861,Hands,4.0,5.0,6.0,4.0,5.0,0.218087,not_computed,0.259225,1.74116,not_computed,not_computed,not_computed,not_computed,8.225,5.0,not_computed,separate_run_2026-09_staging
Italy,1861,Archive,5.0,5.0,5.0,5.0,7.5,0.255419,not_computed,0.259225,1.74116,not_computed,not_computed,not_computed,not_computed,8.225,5.0,not_computed,separate_run_2026-09_staging
Italy,1861,Flow,5.0,5.7,5.0,5.0,8.2,0.255419,not_computed,0.259225,1.74116,not_computed,not_computed,not_computed,not_computed,8.225,5.0,not_computed,separate_run_2026-09_staging
Italy,1862,Helm,5.0,5.0,5.7,5.0,6.8,0.232446,not_computed,0.236391,1.482603,not_computed,not_computed,not_computed,not_computed,7.075,2.3,not_computed,separate_run_2026-09_staging
Italy,1862,Shield,5.0,5.0,5.0,5.0,7.5,0.242311,not_computed,0.236391,1.482603,not_computed,not_computed,not_computed,not_computed,7.075,2.3,not_computed,separate_run_2026-09_staging
Italy,1862,Lore,5.0,5.0,5.0,5.0,7.5,0.242311,not_computed,0.236391,1.482603,not_computed,not_computed,not_computed,not_computed,7.075,2.3,not_computed,separate_run_2026-09_staging
Italy,1862,Stewards,6.0,6.0,5.0,6.0,10.0,0.261705,not_computed,0.236391,1.482603,not_computed,not_computed,not_computed,not_computed,7.075,2.3,not_computed,separate_run_2026-09_staging
Italy,1862,Craft,5.0,5.0,5.0,5.0,7.5,0.242311,not_computed,0.236391,1.482603,not_computed,not_computed,not_computed,not_computed,7.075,2.3,not_computed,separate_run_2026-09_staging
Italy,1862,Hands,3.3,4.0,7.0,4.0,2.3,0.185423,not_computed,0.236391,1.482603,not_computed,not_computed,not_computed,not_computed,7.075,2.3,not_computed,separate_run_2026-09_staging
Italy,1862,Archive,5.0,5.0,5.0,5.0,7.5,0.242311,not_computed,0.236391,1.482603,not_computed,not_computed,not_computed,not_computed,7.075,2.3,not_computed,separate_run_2026-09_staging
Italy,1862,Flow,5.0,5.0,5.0,5.0,7.5,0.242311,not_computed,0.236391,1.482603,not_computed,not_computed,not_computed,not_computed,7.075,2.3,not_computed,separate_run_2026-09_staging
Italy,1863,Helm,5.0,5.0,5.7,5.0,6.8,0.232446,not_computed,0.236391,1.482603,not_computed,not_computed,not_computed,not_computed,7.075,2.3,not_computed,separate_run_2026-09_staging
Italy,1863,Shield,5.0,5.0,5.0,5.0,7.5,0.242311,not_computed,0.236391,1.482603,not_computed,not_computed,not_computed,not_computed,7.075,2.3,not_computed,separate_run_2026-09_staging
Italy,1863,Lore,5.0,5.0,5.0,5.0,7.5,0.242311,not_computed,0.236391,1.482603,not_computed,not_computed,not_computed,not_computed,7.075,2.3,not_computed,separate_run_2026-09_staging
Italy,1863,Stewards,6.0,6.0,5.0,6.0,10.0,0.261705,not_computed,0.236391,1.482603,not_computed,not_computed,not_computed,not_computed,7.075,2.3,not_computed,separate_run_2026-09_staging
Italy,1863,Craft,5.0,5.0,5.0,5.0,7.5,0.242311,not_computed,0.236391,1.482603,not_computed,not_computed,not_computed,not_computed,7.075,2.3,not_computed,separate_run_2026-09_staging
Italy,1863,Hands,3.3,4.0,7.0,4.0,2.3,0.185423,not_computed,0.236391,1.482603,not_computed,not_computed,not_computed,not_computed,7.075,2.3,not_computed,separate_run_2026-09_staging
Italy,1863,Archive,5.0,5.0,5.0,5.0,7.5,0.242311,not_computed,0.236391,1.482603,not_computed,not_computed,not_computed,not_computed,7.075,2.3,not_computed,separate_run_2026-09_staging
Italy,1863,Flow,5.0,5.0,5.0,5.0,7.5,0.242311,not_computed,0.236391,1.482603,not_computed,not_computed,not_computed,not_computed,7.075,2.3,not_computed,separate_run_2026-09_staging
Italy,1864,Helm,5.0,5.0,5.7,5.0,6.8,0.232446,not_computed,0.236391,1.482603,not_computed,not_computed,not_computed,not_computed,7.075,2.3,not_computed,separate_run_2026-09_staging
Italy,1864,Shield,5.0,5.0,5.0,5.0,7.5,0.242311,not_computed,0.236391,1.482603,not_computed,not_computed,not_computed,not_computed,7.075,2.3,not_computed,separate_run_2026-09_staging
Italy,1864,Lore,5.0,5.0,5.0,5.0,7.5,0.242311,not_computed,0.236391,1.482603,not_computed,not_computed,not_computed,not_computed,7.075,2.3,not_computed,separate_run_2026-09_staging
Italy,1864,Stewards,6.0,6.0,5.0,6.0,10.0,0.261705,not_computed,0.236391,1.482603,not_computed,not_computed,not_computed,not_computed,7.075,2.3,not_computed,separate_run_2026-09_staging
Italy,1864,Craft,5.0,5.0,5.0,5.0,7.5,0.242311,not_computed,0.236391,1.482603,not_computed,not_computed,not_computed,not_computed,7.075,2.3,not_computed,separate_run_2026-09_staging
Italy,1864,Hands,3.3,4.0,7.0,4.0,2.3,0.185423,not_computed,0.236391,1.482603,not_computed,not_computed,not_computed,not_computed,7.075,2.3,not_computed,separate_run_2026-09_staging
Italy,1864,Archive,5.0,5.0,5.0,5.0,7.5,0.242311,not_computed,0.236391,1.482603,not_computed,not_computed,not_computed,not_computed,7.075,2.3,not_computed,separate_run_2026-09_staging
Italy,1864,Flow,5.0,5.0,5.0,5.0,7.5,0.242311,not_computed,0.236391,1.482603,not_computed,not_computed,not_computed,not_computed,7.075,2.3,not_computed,separate_run_2026-09_staging
Italy,1865,Helm,5.0,5.0,5.7,5.0,6.8,0.229806,not_computed,0.231756,1.466811,not_computed,not_computed,not_computed,not_computed,6.925,2.3,not_computed,separate_run_2026-09_staging
Italy,1865,Shield,5.0,5.0,5.0,5.0,7.5,0.23954,not_computed,0.231756,1.466811,not_computed,not_computed,not_computed,not_computed,6.925,2.3,not_computed,separate_run_2026-09_staging
Italy,1865,Lore,5.0,5.0,5.0,5.0,7.5,0.23954,not_computed,0.231756,1.466811,not_computed,not_computed,not_computed,not_computed,6.925,2.3,not_computed,separate_run_2026-09_staging
Italy,1865,Stewards,5.3,6.0,5.0,5.0,8.8,0.243165,not_computed,0.231756,1.466811,not_computed,not_computed,not_computed,not_computed,6.925,2.3,not_computed,separate_run_2026-09_staging
Italy,1865,Craft,5.0,5.0,5.0,5.0,7.5,0.23954,not_computed,0.231756,1.466811,not_computed,not_computed,not_computed,not_computed,6.925,2.3,not_computed,separate_run_2026-09_staging
Italy,1865,Hands,3.3,4.0,7.0,4.0,2.3,0.183381,not_computed,0.231756,1.466811,not_computed,not_computed,not_computed,not_computed,6.925,2.3,not_computed,separate_run_2026-09_staging
Italy,1865,Archive,5.0,5.0,5.0,5.0,7.5,0.23954,not_computed,0.231756,1.466811,not_computed,not_computed,not_computed,not_computed,6.925,2.3,not_computed,separate_run_2026-09_staging
Italy,1865,Flow,5.0,5.0,5.0,5.0,7.5,0.23954,not_computed,0.231756,1.466811,not_computed,not_computed,not_computed,not_computed,6.925,2.3,not_computed,separate_run_2026-09_staging
Italy,1866,Helm,4.0,4.7,7.0,5.0,4.2,0.192574,not_computed,0.214715,1.400438,not_computed,not_computed,not_computed,not_computed,6.2625,2.6,not_computed,separate_run_2026-09_staging
Italy,1866,Shield,5.0,5.0,5.0,5.0,7.5,0.229262,not_computed,0.214715,1.400438,not_computed,not_computed,not_computed,not_computed,6.2625,2.6,not_computed,separate_run_2026-09_staging
Italy,1866,Lore,5.0,5.0,5.0,5.0,7.5,0.229262,not_computed,0.214715,1.400438,not_computed,not_computed,not_computed,not_computed,6.2625,2.6,not_computed,separate_run_2026-09_staging
Italy,1866,Stewards,5.0,5.3,6.0,5.0,6.8,0.216141,not_computed,0.214715,1.400438,not_computed,not_computed,not_computed,not_computed,6.2625,2.6,not_computed,separate_run_2026-09_staging
Italy,1866,Craft,5.0,5.0,5.0,5.0,7.5,0.229262,not_computed,0.214715,1.400438,not_computed,not_computed,not_computed,not_computed,6.2625,2.6,not_computed,separate_run_2026-09_staging
Italy,1866,Hands,3.3,4.3,7.0,4.0,2.6,0.175811,not_computed,0.214715,1.400438,not_computed,not_computed,not_computed,not_computed,6.2625,2.6,not_computed,separate_run_2026-09_staging
Italy,1866,Archive,5.0,5.0,5.0,5.0,7.5,0.229262,not_computed,0.214715,1.400438,not_computed,not_computed,not_computed,not_computed,6.2625,2.6,not_computed,separate_run_2026-09_staging
Italy,1866,Flow,5.0,5.0,6.0,5.0,6.5,0.216141,not_computed,0.214715,1.400438,not_computed,not_computed,not_computed,not_computed,6.2625,2.6,not_computed,separate_run_2026-09_staging
Italy,1867,Helm,5.0,5.0,5.0,5.0,7.5,0.240594,not_computed,0.233539,1.473264,not_computed,not_computed,not_computed,not_computed,6.8875,2.3,not_computed,separate_run_2026-09_staging
Italy,1867,Shield,5.0,5.0,5.0,5.0,7.5,0.240594,not_computed,0.233539,1.473264,not_computed,not_computed,not_computed,not_computed,6.8875,2.3,not_computed,separate_run_2026-09_staging
Italy,1867,Lore,5.0,5.0,5.0,5.0,7.5,0.240594,not_computed,0.233539,1.473264,not_computed,not_computed,not_computed,not_computed,6.8875,2.3,not_computed,separate_run_2026-09_staging
Italy,1867,Stewards,5.0,5.3,5.0,5.0,7.8,0.240594,not_computed,0.233539,1.473264,not_computed,not_computed,not_computed,not_computed,6.8875,2.3,not_computed,separate_run_2026-09_staging
Italy,1867,Craft,5.0,5.0,5.0,5.0,7.5,0.240594,not_computed,0.233539,1.473264,not_computed,not_computed,not_computed,not_computed,6.8875,2.3,not_computed,separate_run_2026-09_staging
Italy,1867,Hands,3.3,4.0,7.0,4.0,2.3,0.184158,not_computed,0.233539,1.473264,not_computed,not_computed,not_computed,not_computed,6.8875,2.3,not_computed,separate_run_2026-09_staging
Italy,1867,Archive,5.0,5.0,5.0,5.0,7.5,0.240594,not_computed,0.233539,1.473264,not_computed,not_computed,not_computed,not_computed,6.8875,2.3,not_computed,separate_run_2026-09_staging
Italy,1867,Flow,5.0,5.0,5.0,5.0,7.5,0.240594,not_computed,0.233539,1.473264,not_computed,not_computed,not_computed,not_computed,6.8875,2.3,not_computed,separate_run_2026-09_staging
Italy,1868,Helm,5.0,5.0,6.0,5.0,6.5,0.224482,not_computed,0.229512,1.458741,not_computed,not_computed,not_computed,not_computed,6.7625,2.3,not_computed,separate_run_2026-09_staging
Italy,1868,Shield,5.0,5.0,5.0,5.0,7.5,0.238202,not_computed,0.229512,1.458741,not_computed,not_computed,not_computed,not_computed,6.7625,2.3,not_computed,separate_run_2026-09_staging
Italy,1868,Lore,5.0,5.0,5.0,5.0,7.5,0.238202,not_computed,0.229512,1.458741,not_computed,not_computed,not_computed,not_computed,6.7625,2.3,not_computed,separate_run_2026-09_staging
Italy,1868,Stewards,5.0,5.3,5.0,5.0,7.8,0.238202,not_computed,0.229512,1.458741,not_computed,not_computed,not_computed,not_computed,6.7625,2.3,not_computed,separate_run_2026-09_staging
Italy,1868,Craft,5.0,5.0,5.0,5.0,7.5,0.238202,not_computed,0.229512,1.458741,not_computed,not_computed,not_computed,not_computed,6.7625,2.3,not_computed,separate_run_2026-09_staging
Italy,1868,Hands,3.3,4.0,7.0,4.0,2.3,0.182396,not_computed,0.229512,1.458741,not_computed,not_computed,not_computed,not_computed,6.7625,2.3,not_computed,separate_run_2026-09_staging
Italy,1868,Archive,5.0,5.0,5.0,5.0,7.5,0.238202,not_computed,0.229512,1.458741,not_computed,not_computed,not_computed,not_computed,6.7625,2.3,not_computed,separate_run_2026-09_staging
Italy,1868,Flow,5.0,5.0,5.0,5.0,7.5,0.238202,not_computed,0.229512,1.458741,not_computed,not_computed,not_computed,not_computed,6.7625,2.3,not_computed,separate_run_2026-09_staging
Italy,1869,Helm,5.0,5.0,6.0,5.0,6.5,0.224482,not_computed,0.229512,1.458741,not_computed,not_computed,not_computed,not_computed,6.7625,2.3,not_computed,separate_run_2026-09_staging
Italy,1869,Shield,5.0,5.0,5.0,5.0,7.5,0.238202,not_computed,0.229512,1.458741,not_computed,not_computed,not_computed,not_computed,6.7625,2.3,not_computed,separate_run_2026-09_staging
Italy,1869,Lore,5.0,5.0,5.0,5.0,7.5,0.238202,not_computed,0.229512,1.458741,not_computed,not_computed,not_computed,not_computed,6.7625,2.3,not_computed,separate_run_2026-09_staging
Italy,1869,Stewards,5.0,5.3,5.0,5.0,7.8,0.238202,not_computed,0.229512,1.458741,not_computed,not_computed,not_computed,not_computed,6.7625,2.3,not_computed,separate_run_2026-09_staging
Italy,1869,Craft,5.0,5.0,5.0,5.0,7.5,0.238202,not_computed,0.229512,1.458741,not_computed,not_computed,not_computed,not_computed,6.7625,2.3,not_computed,separate_run_2026-09_staging
Italy,1869,Hands,3.3,4.0,7.0,4.0,2.3,0.182396,not_computed,0.229512,1.458741,not_computed,not_computed,not_computed,not_computed,6.7625,2.3,not_computed,separate_run_2026-09_staging
Italy,1869,Archive,5.0,5.0,5.0,5.0,7.5,0.238202,not_computed,0.229512,1.458741,not_computed,not_computed,not_computed,not_computed,6.7625,2.3,not_computed,separate_run_2026-09_staging
Italy,1869,Flow,5.0,5.0,5.0,5.0,7.5,0.238202,not_computed,0.229512,1.458741,not_computed,not_computed,not_computed,not_computed,6.7625,2.3,not_computed,separate_run_2026-09_staging
Italy,1870,Helm,5.0,6.0,5.0,5.0,8.5,0.24361,not_computed,0.238618,1.490643,not_computed,not_computed,not_computed,not_computed,7.39375,2.6,not_computed,separate_run_2026-09_staging
Italy,1870,Shield,5.0,5.0,5.0,5.0,7.5,0.24361,not_computed,0.238618,1.490643,not_computed,not_computed,not_computed,not_computed,7.39375,2.6,not_computed,separate_run_2026-09_staging
Italy,1870,Lore,5.0,5.0,5.0,5.0,7.5,0.24361,not_computed,0.238618,1.490643,not_computed,not_computed,not_computed,not_computed,7.39375,2.6,not_computed,separate_run_2026-09_staging
Italy,1870,Stewards,6.0,6.0,5.0,5.7,9.85,0.260909,not_computed,0.238618,1.490643,not_computed,not_computed,not_computed,not_computed,7.39375,2.6,not_computed,separate_run_2026-09_staging
Italy,1870,Craft,5.0,5.0,5.0,5.0,7.5,0.24361,not_computed,0.238618,1.490643,not_computed,not_computed,not_computed,not_computed,7.39375,2.6,not_computed,separate_run_2026-09_staging
Italy,1870,Hands,3.3,4.3,7.0,4.0,2.6,0.186379,not_computed,0.238618,1.490643,not_computed,not_computed,not_computed,not_computed,7.39375,2.6,not_computed,separate_run_2026-09_staging
Italy,1870,Archive,5.0,5.0,5.0,5.0,7.5,0.24361,not_computed,0.238618,1.490643,not_computed,not_computed,not_computed,not_computed,7.39375,2.6,not_computed,separate_run_2026-09_staging
Italy,1870,Flow,5.0,5.7,5.0,5.0,8.2,0.24361,not_computed,0.238618,1.490643,not_computed,not_computed,not_computed,not_computed,7.39375,2.6,not_computed,separate_run_2026-09_staging
Italy,1871,Helm,5.0,5.0,5.0,5.0,7.5,0.243439,not_computed,0.238393,1.528397,not_computed,not_computed,not_computed,not_computed,7.18125,2.95,not_computed,separate_run_2026-09_staging
Italy,1871,Shield,5.0,5.0,5.0,5.0,7.5,0.243439,not_computed,0.238393,1.528397,not_computed,not_computed,not_computed,not_computed,7.18125,2.95,not_computed,separate_run_2026-09_staging
Italy,1871,Lore,5.0,5.0,5.0,5.0,7.5,0.243439,not_computed,0.238393,1.528397,not_computed,not_computed,not_computed,not_computed,7.18125,2.95,not_computed,separate_run_2026-09_staging
Italy,1871,Stewards,6.0,6.0,5.0,5.0,9.5,0.255428,not_computed,0.238393,1.528397,not_computed,not_computed,not_computed,not_computed,7.18125,2.95,not_computed,separate_run_2026-09_staging
Italy,1871,Craft,5.0,5.0,5.0,5.0,7.5,0.243439,not_computed,0.238393,1.528397,not_computed,not_computed,not_computed,not_computed,7.18125,2.95,not_computed,separate_run_2026-09_staging
Italy,1871,Hands,3.3,4.0,6.0,3.3,2.95,0.191078,not_computed,0.238393,1.528397,not_computed,not_computed,not_computed,not_computed,7.18125,2.95,not_computed,separate_run_2026-09_staging
Italy,1871,Archive,5.0,5.0,5.0,5.0,7.5,0.243439,not_computed,0.238393,1.528397,not_computed,not_computed,not_computed,not_computed,7.18125,2.95,not_computed,separate_run_2026-09_staging
Italy,1871,Flow,5.0,5.0,5.0,5.0,7.5,0.243439,not_computed,0.238393,1.528397,not_computed,not_computed,not_computed,not_computed,7.18125,2.95,not_computed,separate_run_2026-09_staging
Italy,1872,Helm,5.0,5.0,5.0,5.0,7.5,0.240451,not_computed,0.23312,1.359742,not_computed,not_computed,not_computed,not_computed,6.9625,1.2,not_computed,separate_run_2026-09_staging
Italy,1872,Shield,5.0,5.0,5.0,5.0,7.5,0.240451,not_computed,0.23312,1.359742,not_computed,not_computed,not_computed,not_computed,6.9625,1.2,not_computed,separate_run_2026-09_staging
Italy,1872,Lore,5.0,5.0,5.0,5.0,7.5,0.240451,not_computed,0.23312,1.359742,not_computed,not_computed,not_computed,not_computed,6.9625,1.2,not_computed,separate_run_2026-09_staging
Italy,1872,Stewards,6.0,6.0,5.0,5.0,9.5,0.252266,not_computed,0.23312,1.359742,not_computed,not_computed,not_computed,not_computed,6.9625,1.2,not_computed,separate_run_2026-09_staging
Italy,1872,Craft,5.0,5.0,5.0,5.0,7.5,0.240451,not_computed,0.23312,1.359742,not_computed,not_computed,not_computed,not_computed,6.9625,1.2,not_computed,separate_run_2026-09_staging
Italy,1872,Hands,3.0,3.7,7.0,3.0,1.2,0.169985,not_computed,0.23312,1.359742,not_computed,not_computed,not_computed,not_computed,6.9625,1.2,not_computed,separate_run_2026-09_staging
Italy,1872,Archive,5.0,5.0,5.0,5.0,7.5,0.240451,not_computed,0.23312,1.359742,not_computed,not_computed,not_computed,not_computed,6.9625,1.2,not_computed,separate_run_2026-09_staging
Italy,1872,Flow,5.0,5.0,5.0,5.0,7.5,0.240451,not_computed,0.23312,1.359742,not_computed,not_computed,not_computed,not_computed,6.9625,1.2,not_computed,separate_run_2026-09_staging
Italy,1873,Helm,5.0,5.0,5.0,5.0,7.5,0.234541,not_computed,0.223173,1.324999,not_computed,not_computed,not_computed,not_computed,6.65,1.2,not_computed,separate_run_2026-09_staging
Italy,1873,Shield,5.0,5.0,5.0,5.0,7.5,0.234541,not_computed,0.223173,1.324999,not_computed,not_computed,not_computed,not_computed,6.65,1.2,not_computed,separate_run_2026-09_staging
Italy,1873,Lore,5.0,5.0,5.0,5.0,7.5,0.234541,not_computed,0.223173,1.324999,not_computed,not_computed,not_computed,not_computed,6.65,1.2,not_computed,separate_run_2026-09_staging
Italy,1873,Stewards,6.0,6.0,5.0,5.0,9.5,0.246012,not_computed,0.223173,1.324999,not_computed,not_computed,not_computed,not_computed,6.65,1.2,not_computed,separate_run_2026-09_staging
Italy,1873,Craft,4.0,5.0,6.0,4.0,5.0,0.200664,not_computed,0.223173,1.324999,not_computed,not_computed,not_computed,not_computed,6.65,1.2,not_computed,separate_run_2026-09_staging
Italy,1873,Hands,3.0,3.7,7.0,3.0,1.2,0.166,not_computed,0.223173,1.324999,not_computed,not_computed,not_computed,not_computed,6.65,1.2,not_computed,separate_run_2026-09_staging
Italy,1873,Archive,5.0,5.0,5.0,5.0,7.5,0.234541,not_computed,0.223173,1.324999,not_computed,not_computed,not_computed,not_computed,6.65,1.2,not_computed,separate_run_2026-09_staging
Italy,1873,Flow,5.0,5.0,5.0,5.0,7.5,0.234541,not_computed,0.223173,1.324999,not_computed,not_computed,not_computed,not_computed,6.65,1.2,not_computed,separate_run_2026-09_staging
Italy,1874,Helm,5.0,5.0,5.6,4.0,6.4,0.205576,not_computed,0.200572,1.186708,not_computed,not_computed,not_computed,not_computed,5.625,0.2,not_computed,separate_run_2026-09_staging
Italy,1874,Shield,5.0,5.0,4.8,4.0,7.2,0.215475,not_computed,0.200572,1.186708,not_computed,not_computed,not_computed,not_computed,5.625,0.2,not_computed,separate_run_2026-09_staging
Italy,1874,Lore,4.0,4.0,5.6,4.0,4.4,0.193603,not_computed,0.200572,1.186708,not_computed,not_computed,not_computed,not_computed,5.625,0.2,not_computed,separate_run_2026-09_staging
Italy,1874,Stewards,6.0,6.4,4.2,5.0,10.7,0.242005,not_computed,0.200572,1.186708,not_computed,not_computed,not_computed,not_computed,5.625,0.2,not_computed,separate_run_2026-09_staging
Italy,1874,Craft,4.0,4.0,5.8,4.0,4.2,0.191295,not_computed,0.200572,1.186708,not_computed,not_computed,not_computed,not_computed,5.625,0.2,not_computed,separate_run_2026-09_staging
Italy,1874,Hands,3.0,3.0,6.8,2.0,0.2,0.148665,not_computed,0.200572,1.186708,not_computed,not_computed,not_computed,not_computed,5.625,0.2,not_computed,separate_run_2026-09_staging
Italy,1874,Archive,4.0,4.4,5.4,4.0,5.0,0.195934,not_computed,0.200572,1.186708,not_computed,not_computed,not_computed,not_computed,5.625,0.2,not_computed,separate_run_2026-09_staging
Italy,1874,Flow,5.0,5.0,5.2,4.2,6.9,0.212025,not_computed,0.200572,1.186708,not_computed,not_computed,not_computed,not_computed,5.625,0.2,not_computed,separate_run_2026-09_staging
Italy,1875,Helm,5.0,5.0,5.6,4.0,6.4,0.205576,not_computed,0.200572,1.186708,not_computed,not_computed,not_computed,not_computed,5.675,0.2,not_computed,separate_run_2026-09_staging
Italy,1875,Shield,5.0,5.0,4.8,4.0,7.2,0.215475,not_computed,0.200572,1.186708,not_computed,not_computed,not_computed,not_computed,5.675,0.2,not_computed,separate_run_2026-09_staging
Italy,1875,Lore,4.0,4.0,5.6,4.0,4.4,0.193603,not_computed,0.200572,1.186708,not_computed,not_computed,not_computed,not_computed,5.675,0.2,not_computed,separate_run_2026-09_staging
Italy,1875,Stewards,6.0,6.4,4.2,5.0,10.7,0.242005,not_computed,0.200572,1.186708,not_computed,not_computed,not_computed,not_computed,5.675,0.2,not_computed,separate_run_2026-09_staging
Italy,1875,Craft,4.0,4.4,5.8,4.0,4.6,0.191295,not_computed,0.200572,1.186708,not_computed,not_computed,not_computed,not_computed,5.675,0.2,not_computed,separate_run_2026-09_staging
Italy,1875,Hands,3.0,3.0,6.8,2.0,0.2,0.148665,not_computed,0.200572,1.186708,not_computed,not_computed,not_computed,not_computed,5.675,0.2,not_computed,separate_run_2026-09_staging
Italy,1875,Archive,4.0,4.4,5.4,4.0,5.0,0.195934,not_computed,0.200572,1.186708,not_computed,not_computed,not_computed,not_computed,5.675,0.2,not_computed,separate_run_2026-09_staging
Italy,1875,Flow,5.0,5.0,5.2,4.2,6.9,0.212025,not_computed,0.200572,1.186708,not_computed,not_computed,not_computed,not_computed,5.675,0.2,not_computed,separate_run_2026-09_staging
Italy,1876,Helm,4.0,4.8,6.2,4.0,4.6,0.183891,not_computed,0.195151,1.168396,not_computed,not_computed,not_computed,not_computed,5.45,0.2,not_computed,separate_run_2026-09_staging
Italy,1876,Shield,5.0,5.0,4.8,4.0,7.2,0.212104,not_computed,0.195151,1.168396,not_computed,not_computed,not_computed,not_computed,5.45,0.2,not_computed,separate_run_2026-09_staging
Italy,1876,Lore,4.0,4.0,5.6,4.0,4.4,0.190629,not_computed,0.195151,1.168396,not_computed,not_computed,not_computed,not_computed,5.45,0.2,not_computed,separate_run_2026-09_staging
Italy,1876,Stewards,6.0,6.4,4.2,5.0,10.7,0.238128,not_computed,0.195151,1.168396,not_computed,not_computed,not_computed,not_computed,5.45,0.2,not_computed,separate_run_2026-09_staging
Italy,1876,Craft,4.0,4.4,5.8,4.0,4.6,0.188362,not_computed,0.195151,1.168396,not_computed,not_computed,not_computed,not_computed,5.45,0.2,not_computed,separate_run_2026-09_staging
Italy,1876,Hands,3.0,3.0,6.8,2.0,0.2,0.146459,not_computed,0.195151,1.168396,not_computed,not_computed,not_computed,not_computed,5.45,0.2,not_computed,separate_run_2026-09_staging
Italy,1876,Archive,4.0,4.4,5.4,4.0,5.0,0.192918,not_computed,0.195151,1.168396,not_computed,not_computed,not_computed,not_computed,5.45,0.2,not_computed,separate_run_2026-09_staging
Italy,1876,Flow,5.0,5.0,5.2,4.2,6.9,0.208717,not_computed,0.195151,1.168396,not_computed,not_computed,not_computed,not_computed,5.45,0.2,not_computed,separate_run_2026-09_staging
Italy,1877,Helm,5.0,5.0,5.6,4.0,6.4,0.208024,not_computed,0.204783,1.200755,not_computed,not_computed,not_computed,not_computed,5.975,0.2,not_computed,separate_run_2026-09_staging
Italy,1877,Shield,5.0,5.0,4.8,4.0,7.2,0.218063,not_computed,0.204783,1.200755,not_computed,not_computed,not_computed,not_computed,5.975,0.2,not_computed,separate_run_2026-09_staging
Italy,1877,Lore,4.0,4.0,5.6,4.0,4.4,0.195887,not_computed,0.204783,1.200755,not_computed,not_computed,not_computed,not_computed,5.975,0.2,not_computed,separate_run_2026-09_staging
Italy,1877,Stewards,6.0,6.4,4.2,5.0,10.7,0.244982,not_computed,0.204783,1.200755,not_computed,not_computed,not_computed,not_computed,5.975,0.2,not_computed,separate_run_2026-09_staging
Italy,1877,Craft,4.0,5.0,5.4,4.0,5.6,0.198249,not_computed,0.204783,1.200755,not_computed,not_computed,not_computed,not_computed,5.975,0.2,not_computed,separate_run_2026-09_staging
Italy,1877,Hands,3.0,3.0,6.8,2.0,0.2,0.150359,not_computed,0.204783,1.200755,not_computed,not_computed,not_computed,not_computed,5.975,0.2,not_computed,separate_run_2026-09_staging
Italy,1877,Archive,4.8,5.0,5.4,4.0,6.4,0.208139,not_computed,0.204783,1.200755,not_computed,not_computed,not_computed,not_computed,5.975,0.2,not_computed,separate_run_2026-09_staging
Italy,1877,Flow,5.0,5.0,5.2,4.2,6.9,0.214564,not_computed,0.204783,1.200755,not_computed,not_computed,not_computed,not_computed,5.975,0.2,not_computed,separate_run_2026-09_staging
Italy,1878,Helm,5.0,5.0,5.6,4.0,6.4,0.214769,not_computed,0.216571,1.239012,not_computed,not_computed,not_computed,not_computed,6.5125,0.2,not_computed,separate_run_2026-09_staging
Italy,1878,Shield,5.0,5.0,4.8,4.0,7.2,0.225192,not_computed,0.216571,1.239012,not_computed,not_computed,not_computed,not_computed,6.5125,0.2,not_computed,separate_run_2026-09_staging
Italy,1878,Lore,5.0,5.0,5.0,5.0,7.5,0.230566,not_computed,0.216571,1.239012,not_computed,not_computed,not_computed,not_computed,6.5125,0.2,not_computed,separate_run_2026-09_staging
Italy,1878,Stewards,6.0,6.4,4.2,5.0,10.7,0.253182,not_computed,0.216571,1.239012,not_computed,not_computed,not_computed,not_computed,6.5125,0.2,not_computed,separate_run_2026-09_staging
Italy,1878,Craft,4.6,5.0,5.2,4.0,6.4,0.214941,not_computed,0.216571,1.239012,not_computed,not_computed,not_computed,not_computed,6.5125,0.2,not_computed,separate_run_2026-09_staging
Italy,1878,Hands,3.0,3.0,6.8,2.0,0.2,0.155024,not_computed,0.216571,1.239012,not_computed,not_computed,not_computed,not_computed,6.5125,0.2,not_computed,separate_run_2026-09_staging
Italy,1878,Archive,5.0,5.0,5.4,4.0,6.6,0.217339,not_computed,0.216571,1.239012,not_computed,not_computed,not_computed,not_computed,6.5125,0.2,not_computed,separate_run_2026-09_staging
Italy,1878,Flow,5.0,5.2,5.2,4.2,7.1,0.221558,not_computed,0.216571,1.239012,not_computed,not_computed,not_computed,not_computed,6.5125,0.2,not_computed,separate_run_2026-09_staging
Italy,1879,Helm,5.0,5.0,5.6,4.0,6.4,0.210417,not_computed,0.209079,1.215783,not_computed,not_computed,not_computed,not_computed,6.1375,0.2,not_computed,separate_run_2026-09_staging
Italy,1879,Shield,5.0,5.0,4.8,4.0,7.2,0.220593,not_computed,0.209079,1.215783,not_computed,not_computed,not_computed,not_computed,6.1375,0.2,not_computed,separate_run_2026-09_staging
Italy,1879,Lore,5.0,5.0,5.0,5.0,7.5,0.225838,not_computed,0.209079,1.215783,not_computed,not_computed,not_computed,not_computed,6.1375,0.2,not_computed,separate_run_2026-09_staging
Italy,1879,Stewards,5.0,5.4,5.2,5.0,7.7,0.223213,not_computed,0.209079,1.215783,not_computed,not_computed,not_computed,not_computed,6.1375,0.2,not_computed,separate_run_2026-09_staging
Italy,1879,Craft,4.6,5.0,5.2,4.0,6.4,0.210586,not_computed,0.209079,1.215783,not_computed,not_computed,not_computed,not_computed,6.1375,0.2,not_computed,separate_run_2026-09_staging
Italy,1879,Hands,3.0,3.0,6.8,2.0,0.2,0.152014,not_computed,0.209079,1.215783,not_computed,not_computed,not_computed,not_computed,6.1375,0.2,not_computed,separate_run_2026-09_staging
Italy,1879,Archive,5.0,5.0,5.4,4.0,6.6,0.212927,not_computed,0.209079,1.215783,not_computed,not_computed,not_computed,not_computed,6.1375,0.2,not_computed,separate_run_2026-09_staging
Italy,1879,Flow,5.0,5.2,5.2,4.2,7.1,0.217046,not_computed,0.209079,1.215783,not_computed,not_computed,not_computed,not_computed,6.1375,0.2,not_computed,separate_run_2026-09_staging
Italy,1880,Helm,5.0,5.0,5.6,4.0,6.4,0.211673,not_computed,0.211264,1.222806,not_computed,not_computed,not_computed,not_computed,6.2125,0.2,not_computed,separate_run_2026-09_staging
Italy,1880,Shield,5.0,5.0,4.8,4.0,7.2,0.22192,not_computed,0.211264,1.222806,not_computed,not_computed,not_computed,not_computed,6.2125,0.2,not_computed,separate_run_2026-09_staging
Italy,1880,Lore,5.0,5.0,5.0,5.0,7.5,0.227202,not_computed,0.211264,1.222806,not_computed,not_computed,not_computed,not_computed,6.2125,0.2,not_computed,separate_run_2026-09_staging
Italy,1880,Stewards,5.0,5.4,5.2,5.0,7.7,0.224559,not_computed,0.211264,1.222806,not_computed,not_computed,not_computed,not_computed,6.2125,0.2,not_computed,separate_run_2026-09_staging
Italy,1880,Craft,5.0,5.0,5.0,4.0,7.0,0.219324,not_computed,0.211264,1.222806,not_computed,not_computed,not_computed,not_computed,6.2125,0.2,not_computed,separate_run_2026-09_staging
Italy,1880,Hands,3.0,3.0,6.8,2.0,0.2,0.152883,not_computed,0.211264,1.222806,not_computed,not_computed,not_computed,not_computed,6.2125,0.2,not_computed,separate_run_2026-09_staging
Italy,1880,Archive,5.0,5.0,5.4,4.0,6.6,0.2142,not_computed,0.211264,1.222806,not_computed,not_computed,not_computed,not_computed,6.2125,0.2,not_computed,separate_run_2026-09_staging
Italy,1880,Flow,5.0,5.2,5.2,4.2,7.1,0.218348,not_computed,0.211264,1.222806,not_computed,not_computed,not_computed,not_computed,6.2125,0.2,not_computed,separate_run_2026-09_staging
Italy,1881,Helm,5.0,5.0,5.6,4.0,6.4,0.215571,not_computed,0.218071,1.244107,not_computed,not_computed,not_computed,not_computed,6.5875,0.2,not_computed,separate_run_2026-09_staging
Italy,1881,Shield,5.0,5.0,4.8,4.0,7.2,0.22604,not_computed,0.218071,1.244107,not_computed,not_computed,not_computed,not_computed,6.5875,0.2,not_computed,separate_run_2026-09_staging
Italy,1881,Lore,5.0,5.0,5.0,5.0,7.5,0.231439,not_computed,0.218071,1.244107,not_computed,not_computed,not_computed,not_computed,6.5875,0.2,not_computed,separate_run_2026-09_staging
Italy,1881,Stewards,5.0,6.0,4.4,5.0,9.1,0.239686,not_computed,0.218071,1.244107,not_computed,not_computed,not_computed,not_computed,6.5875,0.2,not_computed,separate_run_2026-09_staging
Italy,1881,Craft,5.0,5.0,5.0,4.4,7.2,0.226662,not_computed,0.218071,1.244107,not_computed,not_computed,not_computed,not_computed,6.5875,0.2,not_computed,separate_run_2026-09_staging
Italy,1881,Hands,3.0,3.0,6.8,2.0,0.2,0.15558,not_computed,0.218071,1.244107,not_computed,not_computed,not_computed,not_computed,6.5875,0.2,not_computed,separate_run_2026-09_staging
Italy,1881,Archive,5.0,5.0,5.4,4.0,6.6,0.218152,not_computed,0.218071,1.244107,not_computed,not_computed,not_computed,not_computed,6.5875,0.2,not_computed,separate_run_2026-09_staging
Italy,1881,Flow,5.0,6.0,5.0,5.0,8.5,0.231439,not_computed,0.218071,1.244107,not_computed,not_computed,not_computed,not_computed,6.5875,0.2,not_computed,separate_run_2026-09_staging
Italy,1882,Helm,5.0,5.0,5.6,4.0,6.4,0.216761,not_computed,0.220175,1.250636,not_computed,not_computed,not_computed,not_computed,6.65,0.2,not_computed,separate_run_2026-09_staging
Italy,1882,Shield,5.0,5.0,4.8,4.0,7.2,0.227299,not_computed,0.220175,1.250636,not_computed,not_computed,not_computed,not_computed,6.65,0.2,not_computed,separate_run_2026-09_staging
Italy,1882,Lore,5.0,5.0,5.0,5.0,7.5,0.232732,not_computed,0.220175,1.250636,not_computed,not_computed,not_computed,not_computed,6.65,0.2,not_computed,separate_run_2026-09_staging
Italy,1882,Stewards,5.0,6.0,4.4,5.0,9.1,0.241035,not_computed,0.220175,1.250636,not_computed,not_computed,not_computed,not_computed,6.65,0.2,not_computed,separate_run_2026-09_staging
Italy,1882,Craft,5.0,5.0,5.0,5.0,7.5,0.232732,not_computed,0.220175,1.250636,not_computed,not_computed,not_computed,not_computed,6.65,0.2,not_computed,separate_run_2026-09_staging
Italy,1882,Hands,3.0,3.0,6.8,2.0,0.2,0.156403,not_computed,0.220175,1.250636,not_computed,not_computed,not_computed,not_computed,6.65,0.2,not_computed,separate_run_2026-09_staging
Italy,1882,Archive,5.0,5.0,5.4,4.0,6.6,0.219359,not_computed,0.220175,1.250636,not_computed,not_computed,not_computed,not_computed,6.65,0.2,not_computed,separate_run_2026-09_staging
Italy,1882,Flow,5.2,6.0,5.0,5.0,8.7,0.235078,not_computed,0.220175,1.250636,not_computed,not_computed,not_computed,not_computed,6.65,0.2,not_computed,separate_run_2026-09_staging
Italy,1883,Helm,5.0,5.0,5.6,4.0,6.4,0.218285,not_computed,0.222868,1.258875,not_computed,not_computed,not_computed,not_computed,6.75,0.2,not_computed,separate_run_2026-09_staging
Italy,1883,Shield,5.0,5.0,4.8,4.0,7.2,0.228909,not_computed,0.222868,1.258875,not_computed,not_computed,not_computed,not_computed,6.75,0.2,not_computed,separate_run_2026-09_staging
Italy,1883,Lore,5.0,5.0,5.0,5.0,7.5,0.234389,not_computed,0.222868,1.258875,not_computed,not_computed,not_computed,not_computed,6.75,0.2,not_computed,separate_run_2026-09_staging
Italy,1883,Stewards,5.0,6.0,4.4,5.0,9.1,0.242761,not_computed,0.222868,1.258875,not_computed,not_computed,not_computed,not_computed,6.75,0.2,not_computed,separate_run_2026-09_staging
Italy,1883,Craft,5.0,5.0,5.0,5.0,7.5,0.234389,not_computed,0.222868,1.258875,not_computed,not_computed,not_computed,not_computed,6.75,0.2,not_computed,separate_run_2026-09_staging
Italy,1883,Hands,3.0,3.0,6.8,2.0,0.2,0.157457,not_computed,0.222868,1.258875,not_computed,not_computed,not_computed,not_computed,6.75,0.2,not_computed,separate_run_2026-09_staging
Italy,1883,Archive,5.0,5.0,5.4,4.0,6.6,0.220904,not_computed,0.222868,1.258875,not_computed,not_computed,not_computed,not_computed,6.75,0.2,not_computed,separate_run_2026-09_staging
Italy,1883,Flow,6.0,6.0,5.0,5.0,9.5,0.24585,not_computed,0.222868,1.258875,not_computed,not_computed,not_computed,not_computed,6.75,0.2,not_computed,separate_run_2026-09_staging
Italy,1884,Helm,5.0,5.0,5.6,4.0,6.4,0.218285,not_computed,0.222868,1.258875,not_computed,not_computed,not_computed,not_computed,6.75,0.2,not_computed,separate_run_2026-09_staging
Italy,1884,Shield,5.0,5.0,4.8,4.0,7.2,0.228909,not_computed,0.222868,1.258875,not_computed,not_computed,not_computed,not_computed,6.75,0.2,not_computed,separate_run_2026-09_staging
Italy,1884,Lore,5.0,5.0,5.0,5.0,7.5,0.234389,not_computed,0.222868,1.258875,not_computed,not_computed,not_computed,not_computed,6.75,0.2,not_computed,separate_run_2026-09_staging
Italy,1884,Stewards,5.0,6.0,4.4,5.0,9.1,0.242761,not_computed,0.222868,1.258875,not_computed,not_computed,not_computed,not_computed,6.75,0.2,not_computed,separate_run_2026-09_staging
Italy,1884,Craft,5.0,5.0,5.0,5.0,7.5,0.234389,not_computed,0.222868,1.258875,not_computed,not_computed,not_computed,not_computed,6.75,0.2,not_computed,separate_run_2026-09_staging
Italy,1884,Hands,3.0,3.0,6.8,2.0,0.2,0.157457,not_computed,0.222868,1.258875,not_computed,not_computed,not_computed,not_computed,6.75,0.2,not_computed,separate_run_2026-09_staging
Italy,1884,Archive,5.0,5.0,5.4,4.0,6.6,0.220904,not_computed,0.222868,1.258875,not_computed,not_computed,not_computed,not_computed,6.75,0.2,not_computed,separate_run_2026-09_staging
Italy,1884,Flow,6.0,6.0,5.0,5.0,9.5,0.24585,not_computed,0.222868,1.258875,not_computed,not_computed,not_computed,not_computed,6.75,0.2,not_computed,separate_run_2026-09_staging
Italy,1885,Helm,5.0,5.0,5.6,4.0,6.4,0.220735,not_computed,0.227408,1.357373,not_computed,not_computed,not_computed,not_computed,6.9625,0.7,not_computed,separate_run_2026-09_staging
Italy,1885,Shield,5.0,5.8,4.4,4.0,8.4,0.237031,not_computed,0.227408,1.357373,not_computed,not_computed,not_computed,not_computed,6.9625,0.7,not_computed,separate_run_2026-09_staging
Italy,1885,Lore,5.0,5.0,5.0,5.0,7.5,0.237051,not_computed,0.227408,1.357373,not_computed,not_computed,not_computed,not_computed,6.9625,0.7,not_computed,separate_run_2026-09_staging
Italy,1885,Stewards,5.0,6.0,4.4,5.0,9.1,0.245537,not_computed,0.227408,1.357373,not_computed,not_computed,not_computed,not_computed,6.9625,0.7,not_computed,separate_run_2026-09_staging
Italy,1885,Craft,5.0,5.0,5.0,5.0,7.5,0.237051,not_computed,0.227408,1.357373,not_computed,not_computed,not_computed,not_computed,6.9625,0.7,not_computed,separate_run_2026-09_staging
Italy,1885,Hands,3.0,3.0,6.8,3.0,0.7,0.169804,not_computed,0.227408,1.357373,not_computed,not_computed,not_computed,not_computed,6.9625,0.7,not_computed,separate_run_2026-09_staging
Italy,1885,Archive,5.0,5.0,5.4,4.0,6.6,0.223389,not_computed,0.227408,1.357373,not_computed,not_computed,not_computed,not_computed,6.9625,0.7,not_computed,separate_run_2026-09_staging
Italy,1885,Flow,6.0,6.0,5.0,5.0,9.5,0.248668,not_computed,0.227408,1.357373,not_computed,not_computed,not_computed,not_computed,6.9625,0.7,not_computed,separate_run_2026-09_staging
Italy,1886,Helm,5.0,5.0,5.6,4.0,6.4,0.220735,not_computed,0.227408,1.357373,not_computed,not_computed,not_computed,not_computed,6.9625,0.7,not_computed,separate_run_2026-09_staging
Italy,1886,Shield,5.0,5.8,4.4,4.0,8.4,0.237031,not_computed,0.227408,1.357373,not_computed,not_computed,not_computed,not_computed,6.9625,0.7,not_computed,separate_run_2026-09_staging
Italy,1886,Lore,5.0,5.0,5.0,5.0,7.5,0.237051,not_computed,0.227408,1.357373,not_computed,not_computed,not_computed,not_computed,6.9625,0.7,not_computed,separate_run_2026-09_staging
Italy,1886,Stewards,5.0,6.0,4.4,5.0,9.1,0.245537,not_computed,0.227408,1.357373,not_computed,not_computed,not_computed,not_computed,6.9625,0.7,not_computed,separate_run_2026-09_staging
Italy,1886,Craft,5.0,5.0,5.0,5.0,7.5,0.237051,not_computed,0.227408,1.357373,not_computed,not_computed,not_computed,not_computed,6.9625,0.7,not_computed,separate_run_2026-09_staging
Italy,1886,Hands,3.0,3.0,6.8,3.0,0.7,0.169804,not_computed,0.227408,1.357373,not_computed,not_computed,not_computed,not_computed,6.9625,0.7,not_computed,separate_run_2026-09_staging
Italy,1886,Archive,5.0,5.0,5.4,4.0,6.6,0.223389,not_computed,0.227408,1.357373,not_computed,not_computed,not_computed,not_computed,6.9625,0.7,not_computed,separate_run_2026-09_staging
Italy,1886,Flow,6.0,6.0,5.0,5.0,9.5,0.248668,not_computed,0.227408,1.357373,not_computed,not_computed,not_computed,not_computed,6.9625,0.7,not_computed,separate_run_2026-09_staging
Italy,1887,Helm,4.0,5.0,6.6,4.0,4.4,0.183187,not_computed,0.202566,1.270736,not_computed,not_computed,not_computed,not_computed,5.775,0.7,not_computed,separate_run_2026-09_staging
Italy,1887,Shield,5.0,5.0,5.6,4.0,6.4,0.206617,not_computed,0.202566,1.270736,not_computed,not_computed,not_computed,not_computed,5.775,0.7,not_computed,separate_run_2026-09_staging
Italy,1887,Lore,5.0,5.0,5.0,5.0,7.5,0.221707,not_computed,0.202566,1.270736,not_computed,not_computed,not_computed,not_computed,5.775,0.7,not_computed,separate_run_2026-09_staging
Italy,1887,Stewards,5.0,5.0,5.4,5.0,7.1,0.216594,not_computed,0.202566,1.270736,not_computed,not_computed,not_computed,not_computed,5.775,0.7,not_computed,separate_run_2026-09_staging
Italy,1887,Craft,5.0,5.0,5.0,5.0,7.5,0.221707,not_computed,0.202566,1.270736,not_computed,not_computed,not_computed,not_computed,5.775,0.7,not_computed,separate_run_2026-09_staging
Italy,1887,Hands,3.0,3.0,6.8,3.0,0.7,0.159312,not_computed,0.202566,1.270736,not_computed,not_computed,not_computed,not_computed,5.775,0.7,not_computed,separate_run_2026-09_staging
Italy,1887,Archive,5.0,5.0,5.4,4.0,6.6,0.209073,not_computed,0.202566,1.270736,not_computed,not_computed,not_computed,not_computed,5.775,0.7,not_computed,separate_run_2026-09_staging
Italy,1887,Flow,5.0,5.0,6.2,4.4,6.0,0.202331,not_computed,0.202566,1.270736,not_computed,not_computed,not_computed,not_computed,5.775,0.7,not_computed,separate_run_2026-09_staging
Italy,1888,Helm,4.0,5.0,6.6,4.0,4.4,0.183187,not_computed,0.202566,1.270736,not_computed,not_computed,not_computed,not_computed,5.775,0.7,not_computed,separate_run_2026-09_staging
Italy,1888,Shield,5.0,5.0,5.6,4.0,6.4,0.206617,not_computed,0.202566,1.270736,not_computed,not_computed,not_computed,not_computed,5.775,0.7,not_computed,separate_run_2026-09_staging
Italy,1888,Lore,5.0,5.0,5.0,5.0,7.5,0.221707,not_computed,0.202566,1.270736,not_computed,not_computed,not_computed,not_computed,5.775,0.7,not_computed,separate_run_2026-09_staging
Italy,1888,Stewards,5.0,5.0,5.4,5.0,7.1,0.216594,not_computed,0.202566,1.270736,not_computed,not_computed,not_computed,not_computed,5.775,0.7,not_computed,separate_run_2026-09_staging
Italy,1888,Craft,5.0,5.0,5.0,5.0,7.5,0.221707,not_computed,0.202566,1.270736,not_computed,not_computed,not_computed,not_computed,5.775,0.7,not_computed,separate_run_2026-09_staging
Italy,1888,Hands,3.0,3.0,6.8,3.0,0.7,0.159312,not_computed,0.202566,1.270736,not_computed,not_computed,not_computed,not_computed,5.775,0.7,not_computed,separate_run_2026-09_staging
Italy,1888,Archive,5.0,5.0,5.4,4.0,6.6,0.209073,not_computed,0.202566,1.270736,not_computed,not_computed,not_computed,not_computed,5.775,0.7,not_computed,separate_run_2026-09_staging
Italy,1888,Flow,5.0,5.0,6.2,4.4,6.0,0.202331,not_computed,0.202566,1.270736,not_computed,not_computed,not_computed,not_computed,5.775,0.7,not_computed,separate_run_2026-09_staging
Italy,1889,Helm,5.0,5.0,5.6,4.0,6.4,0.210546,not_computed,0.209406,1.297091,not_computed,not_computed,not_computed,not_computed,6.025,0.7,not_computed,separate_run_2026-09_staging
Italy,1889,Shield,5.0,5.0,5.6,4.0,6.4,0.210546,not_computed,0.209406,1.297091,not_computed,not_computed,not_computed,not_computed,6.025,0.7,not_computed,separate_run_2026-09_staging
Italy,1889,Lore,5.0,5.0,5.0,5.0,7.5,0.225977,not_computed,0.209406,1.297091,not_computed,not_computed,not_computed,not_computed,6.025,0.7,not_computed,separate_run_2026-09_staging
Italy,1889,Stewards,5.0,5.0,5.4,5.0,7.1,0.220747,not_computed,0.209406,1.297091,not_computed,not_computed,not_computed,not_computed,6.025,0.7,not_computed,separate_run_2026-09_staging
Italy,1889,Craft,5.0,5.0,5.0,5.0,7.5,0.225977,not_computed,0.209406,1.297091,not_computed,not_computed,not_computed,not_computed,6.025,0.7,not_computed,separate_run_2026-09_staging
Italy,1889,Hands,3.0,3.0,6.8,3.0,0.7,0.162232,not_computed,0.209406,1.297091,not_computed,not_computed,not_computed,not_computed,6.025,0.7,not_computed,separate_run_2026-09_staging
Italy,1889,Archive,5.0,5.0,5.4,4.0,6.6,0.213057,not_computed,0.209406,1.297091,not_computed,not_computed,not_computed,not_computed,6.025,0.7,not_computed,separate_run_2026-09_staging
Italy,1889,Flow,5.0,5.0,6.2,4.4,6.0,0.206165,not_computed,0.209406,1.297091,not_computed,not_computed,not_computed,not_computed,6.025,0.7,not_computed,separate_run_2026-09_staging
Italy,1890,Helm,5.0,5.0,5.6,4.0,6.4,0.210648,not_computed,0.209566,1.281782,not_computed,not_computed,not_computed,not_computed,6.025,0.5,not_computed,separate_run_2026-09_staging
Italy,1890,Shield,5.0,5.0,5.6,4.0,6.4,0.210648,not_computed,0.209566,1.281782,not_computed,not_computed,not_computed,not_computed,6.025,0.5,not_computed,separate_run_2026-09_staging
Italy,1890,Lore,5.0,5.0,5.0,5.0,7.5,0.226088,not_computed,0.209566,1.281782,not_computed,not_computed,not_computed,not_computed,6.025,0.5,not_computed,separate_run_2026-09_staging
Italy,1890,Stewards,5.0,5.0,5.4,5.0,7.1,0.220856,not_computed,0.209566,1.281782,not_computed,not_computed,not_computed,not_computed,6.025,0.5,not_computed,separate_run_2026-09_staging
Italy,1890,Craft,5.0,5.0,5.0,5.0,7.5,0.226088,not_computed,0.209566,1.281782,not_computed,not_computed,not_computed,not_computed,6.025,0.5,not_computed,separate_run_2026-09_staging
Italy,1890,Hands,3.0,3.0,7.0,3.0,0.5,0.1603,not_computed,0.209566,1.281782,not_computed,not_computed,not_computed,not_computed,6.025,0.5,not_computed,separate_run_2026-09_staging
Italy,1890,Archive,5.0,5.0,5.4,4.0,6.6,0.213161,not_computed,0.209566,1.281782,not_computed,not_computed,not_computed,not_computed,6.025,0.5,not_computed,separate_run_2026-09_staging
Italy,1890,Flow,5.0,5.0,6.0,4.4,6.2,0.208737,not_computed,0.209566,1.281782,not_computed,not_computed,not_computed,not_computed,6.025,0.5,not_computed,separate_run_2026-09_staging
Italy,1891,Helm,5.0,5.0,5.6,4.0,6.4,0.210648,not_computed,0.209566,1.281782,not_computed,not_computed,not_computed,not_computed,6.025,0.5,not_computed,separate_run_2026-09_staging
Italy,1891,Shield,5.0,5.0,5.6,4.0,6.4,0.210648,not_computed,0.209566,1.281782,not_computed,not_computed,not_computed,not_computed,6.025,0.5,not_computed,separate_run_2026-09_staging
Italy,1891,Lore,5.0,5.0,5.0,5.0,7.5,0.226088,not_computed,0.209566,1.281782,not_computed,not_computed,not_computed,not_computed,6.025,0.5,not_computed,separate_run_2026-09_staging
Italy,1891,Stewards,5.0,5.0,5.4,5.0,7.1,0.220856,not_computed,0.209566,1.281782,not_computed,not_computed,not_computed,not_computed,6.025,0.5,not_computed,separate_run_2026-09_staging
Italy,1891,Craft,5.0,5.0,5.0,5.0,7.5,0.226088,not_computed,0.209566,1.281782,not_computed,not_computed,not_computed,not_computed,6.025,0.5,not_computed,separate_run_2026-09_staging
Italy,1891,Hands,3.0,3.0,7.0,3.0,0.5,0.1603,not_computed,0.209566,1.281782,not_computed,not_computed,not_computed,not_computed,6.025,0.5,not_computed,separate_run_2026-09_staging
Italy,1891,Archive,5.0,5.0,5.4,4.0,6.6,0.213161,not_computed,0.209566,1.281782,not_computed,not_computed,not_computed,not_computed,6.025,0.5,not_computed,separate_run_2026-09_staging
Italy,1891,Flow,5.0,5.0,6.0,4.4,6.2,0.208737,not_computed,0.209566,1.281782,not_computed,not_computed,not_computed,not_computed,6.025,0.5,not_computed,separate_run_2026-09_staging
Italy,1892,Helm,4.0,4.0,7.0,4.0,3.0,0.169353,not_computed,0.183759,1.11724,not_computed,not_computed,not_computed,not_computed,4.75,-0.5,not_computed,separate_run_2026-09_staging
Italy,1892,Shield,5.0,5.0,5.6,4.0,6.4,0.19547,not_computed,0.183759,1.11724,not_computed,not_computed,not_computed,not_computed,4.75,-0.5,not_computed,separate_run_2026-09_staging
Italy,1892,Lore,5.0,5.0,5.0,5.0,7.5,0.209592,not_computed,0.183759,1.11724,not_computed,not_computed,not_computed,not_computed,4.75,-0.5,not_computed,separate_run_2026-09_staging
Italy,1892,Stewards,5.0,5.0,5.8,5.0,6.7,0.200108,not_computed,0.183759,1.11724,not_computed,not_computed,not_computed,not_computed,4.75,-0.5,not_computed,separate_run_2026-09_staging
Italy,1892,Craft,5.0,5.0,5.0,5.0,7.5,0.209592,not_computed,0.183759,1.11724,not_computed,not_computed,not_computed,not_computed,4.75,-0.5,not_computed,separate_run_2026-09_staging
Italy,1892,Hands,3.0,3.0,8.0,3.0,-0.5,0.140201,not_computed,0.183759,1.11724,not_computed,not_computed,not_computed,not_computed,4.75,-0.5,not_computed,separate_run_2026-09_staging
Italy,1892,Archive,4.0,4.4,6.6,4.0,3.8,0.173488,not_computed,0.183759,1.11724,not_computed,not_computed,not_computed,not_computed,4.75,-0.5,not_computed,separate_run_2026-09_staging
Italy,1892,Flow,4.0,4.4,7.0,4.4,3.6,0.172269,not_computed,0.183759,1.11724,not_computed,not_computed,not_computed,not_computed,4.75,-0.5,not_computed,separate_run_2026-09_staging
Italy,1893,Helm,4.0,4.0,7.0,4.0,3.0,0.169353,not_computed,0.183759,1.11724,not_computed,not_computed,not_computed,not_computed,4.75,-0.5,not_computed,separate_run_2026-09_staging
Italy,1893,Shield,5.0,5.0,5.6,4.0,6.4,0.19547,not_computed,0.183759,1.11724,not_computed,not_computed,not_computed,not_computed,4.75,-0.5,not_computed,separate_run_2026-09_staging
Italy,1893,Lore,5.0,5.0,5.0,5.0,7.5,0.209592,not_computed,0.183759,1.11724,not_computed,not_computed,not_computed,not_computed,4.75,-0.5,not_computed,separate_run_2026-09_staging
Italy,1893,Stewards,5.0,5.0,5.8,5.0,6.7,0.200108,not_computed,0.183759,1.11724,not_computed,not_computed,not_computed,not_computed,4.75,-0.5,not_computed,separate_run_2026-09_staging
Italy,1893,Craft,5.0,5.0,5.0,5.0,7.5,0.209592,not_computed,0.183759,1.11724,not_computed,not_computed,not_computed,not_computed,4.75,-0.5,not_computed,separate_run_2026-09_staging
Italy,1893,Hands,3.0,3.0,8.0,3.0,-0.5,0.140201,not_computed,0.183759,1.11724,not_computed,not_computed,not_computed,not_computed,4.75,-0.5,not_computed,separate_run_2026-09_staging
Italy,1893,Archive,4.0,4.4,6.6,4.0,3.8,0.173488,not_computed,0.183759,1.11724,not_computed,not_computed,not_computed,not_computed,4.75,-0.5,not_computed,separate_run_2026-09_staging
Italy,1893,Flow,4.0,4.4,7.0,4.4,3.6,0.172269,not_computed,0.183759,1.11724,not_computed,not_computed,not_computed,not_computed,4.75,-0.5,not_computed,separate_run_2026-09_staging
Italy,1894,Helm,5.0,5.0,6.0,4.0,6.0,0.204579,not_computed,0.207558,1.259194,not_computed,not_computed,not_computed,not_computed,6.075,0.3,not_computed,separate_run_2026-09_staging
Italy,1894,Shield,5.0,6.0,5.2,4.0,7.8,0.21452,not_computed,0.207558,1.259194,not_computed,not_computed,not_computed,not_computed,6.075,0.3,not_computed,separate_run_2026-09_staging
Italy,1894,Lore,5.0,5.0,5.0,5.0,7.5,0.224845,not_computed,0.207558,1.259194,not_computed,not_computed,not_computed,not_computed,6.075,0.3,not_computed,separate_run_2026-09_staging
Italy,1894,Stewards,5.0,5.0,5.6,5.0,6.9,0.217081,not_computed,0.207558,1.259194,not_computed,not_computed,not_computed,not_computed,6.075,0.3,not_computed,separate_run_2026-09_staging
Italy,1894,Craft,5.0,5.0,5.0,5.0,7.5,0.224845,not_computed,0.207558,1.259194,not_computed,not_computed,not_computed,not_computed,6.075,0.3,not_computed,separate_run_2026-09_staging
Italy,1894,Hands,3.0,3.0,7.2,3.0,0.3,0.157487,not_computed,0.207558,1.259194,not_computed,not_computed,not_computed,not_computed,6.075,0.3,not_computed,separate_run_2026-09_staging
Italy,1894,Archive,5.0,5.0,5.6,4.0,6.4,0.209504,not_computed,0.207558,1.259194,not_computed,not_computed,not_computed,not_computed,6.075,0.3,not_computed,separate_run_2026-09_staging
Italy,1894,Flow,5.0,5.0,6.0,4.4,6.2,0.207605,not_computed,0.207558,1.259194,not_computed,not_computed,not_computed,not_computed,6.075,0.3,not_computed,separate_run_2026-09_staging
Italy,1895,Helm,5.0,5.0,5.6,4.0,6.4,0.21107,not_computed,0.210301,1.284294,not_computed,not_computed,not_computed,not_computed,6.175,0.5,not_computed,separate_run_2026-09_staging
Italy,1895,Shield,5.0,6.0,5.0,4.0,8.0,0.218695,not_computed,0.210301,1.284294,not_computed,not_computed,not_computed,not_computed,6.175,0.5,not_computed,separate_run_2026-09_staging
Italy,1895,Lore,5.0,5.0,5.0,5.0,7.5,0.226547,not_computed,0.210301,1.284294,not_computed,not_computed,not_computed,not_computed,6.175,0.5,not_computed,separate_run_2026-09_staging
Italy,1895,Stewards,5.0,5.0,5.6,5.0,6.9,0.218714,not_computed,0.210301,1.284294,not_computed,not_computed,not_computed,not_computed,6.175,0.5,not_computed,separate_run_2026-09_staging
Italy,1895,Craft,5.0,5.0,5.0,5.0,7.5,0.226547,not_computed,0.210301,1.284294,not_computed,not_computed,not_computed,not_computed,6.175,0.5,not_computed,separate_run_2026-09_staging
Italy,1895,Hands,3.0,3.0,7.0,3.0,0.5,0.160609,not_computed,0.210301,1.284294,not_computed,not_computed,not_computed,not_computed,6.175,0.5,not_computed,separate_run_2026-09_staging
Italy,1895,Archive,5.0,5.0,5.6,4.0,6.4,0.21107,not_computed,0.210301,1.284294,not_computed,not_computed,not_computed,not_computed,6.175,0.5,not_computed,separate_run_2026-09_staging
Italy,1895,Flow,5.0,5.0,6.0,4.4,6.2,0.209154,not_computed,0.210301,1.284294,not_computed,not_computed,not_computed,not_computed,6.175,0.5,not_computed,separate_run_2026-09_staging
Italy,1896,Helm,3.0,4.0,8.0,3.0,0.5,0.1289,not_computed,0.157698,1.001264,not_computed,not_computed,not_computed,not_computed,3.7125,0.5,not_computed,separate_run_2026-09_staging
Italy,1896,Shield,3.0,4.0,8.0,3.0,0.5,0.1289,not_computed,0.157698,1.001264,not_computed,not_computed,not_computed,not_computed,3.7125,0.5,not_computed,separate_run_2026-09_staging
Italy,1896,Lore,5.0,5.0,6.0,4.4,6.2,0.177368,not_computed,0.157698,1.001264,not_computed,not_computed,not_computed,not_computed,3.7125,0.5,not_computed,separate_run_2026-09_staging
Italy,1896,Stewards,5.0,5.0,6.2,5.0,6.3,0.178958,not_computed,0.157698,1.001264,not_computed,not_computed,not_computed,not_computed,3.7125,0.5,not_computed,separate_run_2026-09_staging
Italy,1896,Craft,5.0,5.0,5.4,5.0,7.1,0.18734,not_computed,0.157698,1.001264,not_computed,not_computed,not_computed,not_computed,3.7125,0.5,not_computed,separate_run_2026-09_staging
Italy,1896,Hands,3.0,3.0,7.0,3.0,0.5,0.137064,not_computed,0.157698,1.001264,not_computed,not_computed,not_computed,not_computed,3.7125,0.5,not_computed,separate_run_2026-09_staging
Italy,1896,Archive,4.4,5.0,6.4,4.0,5.0,0.16505,not_computed,0.157698,1.001264,not_computed,not_computed,not_computed,not_computed,3.7125,0.5,not_computed,separate_run_2026-09_staging
Italy,1896,Flow,4.0,4.4,7.0,4.4,3.6,0.158007,not_computed,0.157698,1.001264,not_computed,not_computed,not_computed,not_computed,3.7125,0.5,not_computed,separate_run_2026-09_staging
Italy,1897,Helm,4.8,5.0,6.4,4.0,5.4,0.193239,not_computed,0.199762,1.246875,not_computed,not_computed,not_computed,not_computed,5.675,0.5,not_computed,separate_run_2026-09_staging
Italy,1897,Shield,4.0,5.0,6.0,4.0,5.0,0.188457,not_computed,0.199762,1.246875,not_computed,not_computed,not_computed,not_computed,5.675,0.5,not_computed,separate_run_2026-09_staging
Italy,1897,Lore,5.0,5.0,5.0,5.0,7.5,0.219915,not_computed,0.199762,1.246875,not_computed,not_computed,not_computed,not_computed,5.675,0.5,not_computed,separate_run_2026-09_staging
Italy,1897,Stewards,5.0,5.0,5.6,5.0,6.9,0.212352,not_computed,0.199762,1.246875,not_computed,not_computed,not_computed,not_computed,5.675,0.5,not_computed,separate_run_2026-09_staging
Italy,1897,Craft,5.0,5.0,5.0,5.0,7.5,0.219915,not_computed,0.199762,1.246875,not_computed,not_computed,not_computed,not_computed,5.675,0.5,not_computed,separate_run_2026-09_staging
Italy,1897,Hands,3.0,3.0,7.0,3.0,0.5,0.156137,not_computed,0.199762,1.246875,not_computed,not_computed,not_computed,not_computed,5.675,0.5,not_computed,separate_run_2026-09_staging
Italy,1897,Archive,5.0,5.0,5.6,4.0,6.4,0.204968,not_computed,0.199762,1.246875,not_computed,not_computed,not_computed,not_computed,5.675,0.5,not_computed,separate_run_2026-09_staging
Italy,1897,Flow,5.0,5.0,6.0,4.4,6.2,0.203117,not_computed,0.199762,1.246875,not_computed,not_computed,not_computed,not_computed,5.675,0.5,not_computed,separate_run_2026-09_staging
Italy,1898,Helm,4.2,4.2,6.8,4.4,3.8,0.182797,not_computed,0.195635,1.187876,not_computed,not_computed,not_computed,not_computed,5.35,-0.1,not_computed,separate_run_2026-09_staging
Italy,1898,Shield,5.0,5.0,5.8,4.4,6.4,0.203103,not_computed,0.195635,1.187876,not_computed,not_computed,not_computed,not_computed,5.35,-0.1,not_computed,separate_run_2026-09_staging
Italy,1898,Lore,5.0,5.0,5.4,4.6,6.9,0.209402,not_computed,0.195635,1.187876,not_computed,not_computed,not_computed,not_computed,5.35,-0.1,not_computed,separate_run_2026-09_staging
Italy,1898,Stewards,5.0,5.0,5.8,5.0,6.7,0.207384,not_computed,0.195635,1.187876,not_computed,not_computed,not_computed,not_computed,5.35,-0.1,not_computed,separate_run_2026-09_staging
Italy,1898,Craft,5.0,5.0,5.0,5.0,7.5,0.217282,not_computed,0.195635,1.187876,not_computed,not_computed,not_computed,not_computed,5.35,-0.1,not_computed,separate_run_2026-09_staging
Italy,1898,Hands,3.0,3.0,7.6,3.0,-0.1,0.148709,not_computed,0.195635,1.187876,not_computed,not_computed,not_computed,not_computed,5.35,-0.1,not_computed,separate_run_2026-09_staging
Italy,1898,Archive,4.4,4.6,5.8,4.0,5.2,0.193303,not_computed,0.195635,1.187876,not_computed,not_computed,not_computed,not_computed,5.35,-0.1,not_computed,separate_run_2026-09_staging
Italy,1898,Flow,5.0,5.0,5.8,4.4,6.4,0.203103,not_computed,0.195635,1.187876,not_computed,not_computed,not_computed,not_computed,5.35,-0.1,not_computed,separate_run_2026-09_staging
Italy,1899,Helm,4.8,5.0,6.2,4.2,5.7,0.198999,not_computed,0.203243,1.244394,not_computed,not_computed,not_computed,not_computed,5.7375,0.3,not_computed,separate_run_2026-09_staging
Italy,1899,Shield,5.0,5.0,5.8,4.4,6.4,0.207572,not_computed,0.203243,1.244394,not_computed,not_computed,not_computed,not_computed,5.7375,0.3,not_computed,separate_run_2026-09_staging
Italy,1899,Lore,5.0,5.0,5.0,5.0,7.5,0.222123,not_computed,0.203243,1.244394,not_computed,not_computed,not_computed,not_computed,5.7375,0.3,not_computed,separate_run_2026-09_staging
Italy,1899,Stewards,5.0,5.0,5.8,5.0,6.7,0.211964,not_computed,0.203243,1.244394,not_computed,not_computed,not_computed,not_computed,5.7375,0.3,not_computed,separate_run_2026-09_staging
Italy,1899,Craft,5.0,5.0,5.0,5.0,7.5,0.222123,not_computed,0.203243,1.244394,not_computed,not_computed,not_computed,not_computed,5.7375,0.3,not_computed,separate_run_2026-09_staging
Italy,1899,Hands,3.0,3.0,7.2,3.0,0.3,0.155677,not_computed,0.203243,1.244394,not_computed,not_computed,not_computed,not_computed,5.7375,0.3,not_computed,separate_run_2026-09_staging
Italy,1899,Archive,4.6,4.6,5.8,4.0,5.4,0.19991,not_computed,0.203243,1.244394,not_computed,not_computed,not_computed,not_computed,5.7375,0.3,not_computed,separate_run_2026-09_staging
Italy,1899,Flow,5.0,5.0,5.8,4.4,6.4,0.207572,not_computed,0.203243,1.244394,not_computed,not_computed,not_computed,not_computed,5.7375,0.3,not_computed,separate_run_2026-09_staging
Italy,1900,Helm,4.8,5.0,6.2,4.2,5.7,0.200216,not_computed,0.205512,1.316689,not_computed,not_computed,not_computed,not_computed,5.8875,1.5,not_computed,separate_run_2026-09_staging
Italy,1900,Shield,5.0,5.0,5.8,4.4,6.4,0.20885,not_computed,0.205512,1.316689,not_computed,not_computed,not_computed,not_computed,5.8875,1.5,not_computed,separate_run_2026-09_staging
Italy,1900,Lore,5.0,5.0,5.0,5.0,7.5,0.223508,not_computed,0.205512,1.316689,not_computed,not_computed,not_computed,not_computed,5.8875,1.5,not_computed,separate_run_2026-09_staging
Italy,1900,Stewards,5.0,5.0,5.8,5.0,6.7,0.213274,not_computed,0.205512,1.316689,not_computed,not_computed,not_computed,not_computed,5.8875,1.5,not_computed,separate_run_2026-09_staging
Italy,1900,Craft,5.0,5.0,5.0,5.0,7.5,0.223508,not_computed,0.205512,1.316689,not_computed,not_computed,not_computed,not_computed,5.8875,1.5,not_computed,separate_run_2026-09_staging
Italy,1900,Hands,3.6,3.6,7.2,3.0,1.5,0.164753,not_computed,0.205512,1.316689,not_computed,not_computed,not_computed,not_computed,5.8875,1.5,not_computed,separate_run_2026-09_staging
Italy,1900,Archive,4.6,4.6,5.8,4.0,5.4,0.201133,not_computed,0.205512,1.316689,not_computed,not_computed,not_computed,not_computed,5.8875,1.5,not_computed,separate_run_2026-09_staging
Italy,1900,Flow,5.0,5.0,5.8,4.4,6.4,0.20885,not_computed,0.205512,1.316689,not_computed,not_computed,not_computed,not_computed,5.8875,1.5,not_computed,separate_run_2026-09_staging
Italy,1901,Helm,4.8,5.0,6.0,4.2,5.9,0.203011,not_computed,0.20621,1.319307,not_computed,not_computed,not_computed,not_computed,5.9125,1.5,not_computed,separate_run_2026-09_staging
Italy,1901,Shield,5.0,5.0,5.8,4.4,6.4,0.209255,not_computed,0.20621,1.319307,not_computed,not_computed,not_computed,not_computed,5.9125,1.5,not_computed,separate_run_2026-09_staging
Italy,1901,Lore,5.0,5.0,5.0,5.0,7.5,0.223946,not_computed,0.20621,1.319307,not_computed,not_computed,not_computed,not_computed,5.9125,1.5,not_computed,separate_run_2026-09_staging
Italy,1901,Stewards,5.0,5.0,5.8,5.0,6.7,0.213688,not_computed,0.20621,1.319307,not_computed,not_computed,not_computed,not_computed,5.9125,1.5,not_computed,separate_run_2026-09_staging
Italy,1901,Craft,5.0,5.0,5.0,5.0,7.5,0.223946,not_computed,0.20621,1.319307,not_computed,not_computed,not_computed,not_computed,5.9125,1.5,not_computed,separate_run_2026-09_staging
Italy,1901,Hands,3.6,3.6,7.2,3.0,1.5,0.165061,not_computed,0.20621,1.319307,not_computed,not_computed,not_computed,not_computed,5.9125,1.5,not_computed,separate_run_2026-09_staging
Italy,1901,Archive,4.6,4.6,5.8,4.0,5.4,0.20152,not_computed,0.20621,1.319307,not_computed,not_computed,not_computed,not_computed,5.9125,1.5,not_computed,separate_run_2026-09_staging
Italy,1901,Flow,5.0,5.0,5.8,4.4,6.4,0.209255,not_computed,0.20621,1.319307,not_computed,not_computed,not_computed,not_computed,5.9125,1.5,not_computed,separate_run_2026-09_staging
Italy,1902,Helm,4.8,5.0,6.0,4.2,5.9,0.203011,not_computed,0.20621,1.319307,not_computed,not_computed,not_computed,not_computed,5.9125,1.5,not_computed,separate_run_2026-09_staging
Italy,1902,Shield,5.0,5.0,5.8,4.4,6.4,0.209255,not_computed,0.20621,1.319307,not_computed,not_computed,not_computed,not_computed,5.9125,1.5,not_computed,separate_run_2026-09_staging
Italy,1902,Lore,5.0,5.0,5.0,5.0,7.5,0.223946,not_computed,0.20621,1.319307,not_computed,not_computed,not_computed,not_computed,5.9125,1.5,not_computed,separate_run_2026-09_staging
Italy,1902,Stewards,5.0,5.0,5.8,5.0,6.7,0.213688,not_computed,0.20621,1.319307,not_computed,not_computed,not_computed,not_computed,5.9125,1.5,not_computed,separate_run_2026-09_staging
Italy,1902,Craft,5.0,5.0,5.0,5.0,7.5,0.223946,not_computed,0.20621,1.319307,not_computed,not_computed,not_computed,not_computed,5.9125,1.5,not_computed,separate_run_2026-09_staging
Italy,1902,Hands,3.6,3.6,7.2,3.0,1.5,0.165061,not_computed,0.20621,1.319307,not_computed,not_computed,not_computed,not_computed,5.9125,1.5,not_computed,separate_run_2026-09_staging
Italy,1902,Archive,4.6,4.6,5.8,4.0,5.4,0.20152,not_computed,0.20621,1.319307,not_computed,not_computed,not_computed,not_computed,5.9125,1.5,not_computed,separate_run_2026-09_staging
Italy,1902,Flow,5.0,5.0,5.8,4.4,6.4,0.209255,not_computed,0.20621,1.319307,not_computed,not_computed,not_computed,not_computed,5.9125,1.5,not_computed,separate_run_2026-09_staging
Italy,1903,Helm,4.8,5.0,6.0,4.2,5.9,0.203011,not_computed,0.20621,1.319307,not_computed,not_computed,not_computed,not_computed,5.9125,1.5,not_computed,separate_run_2026-09_staging
Italy,1903,Shield,5.0,5.0,5.8,4.4,6.4,0.209255,not_computed,0.20621,1.319307,not_computed,not_computed,not_computed,not_computed,5.9125,1.5,not_computed,separate_run_2026-09_staging
Italy,1903,Lore,5.0,5.0,5.0,5.0,7.5,0.223946,not_computed,0.20621,1.319307,not_computed,not_computed,not_computed,not_computed,5.9125,1.5,not_computed,separate_run_2026-09_staging
Italy,1903,Stewards,5.0,5.0,5.8,5.0,6.7,0.213688,not_computed,0.20621,1.319307,not_computed,not_computed,not_computed,not_computed,5.9125,1.5,not_computed,separate_run_2026-09_staging
Italy,1903,Craft,5.0,5.0,5.0,5.0,7.5,0.223946,not_computed,0.20621,1.319307,not_computed,not_computed,not_computed,not_computed,5.9125,1.5,not_computed,separate_run_2026-09_staging
Italy,1903,Hands,3.6,3.6,7.2,3.0,1.5,0.165061,not_computed,0.20621,1.319307,not_computed,not_computed,not_computed,not_computed,5.9125,1.5,not_computed,separate_run_2026-09_staging
Italy,1903,Archive,4.6,4.6,5.8,4.0,5.4,0.20152,not_computed,0.20621,1.319307,not_computed,not_computed,not_computed,not_computed,5.9125,1.5,not_computed,separate_run_2026-09_staging
Italy,1903,Flow,5.0,5.0,5.8,4.4,6.4,0.209255,not_computed,0.20621,1.319307,not_computed,not_computed,not_computed,not_computed,5.9125,1.5,not_computed,separate_run_2026-09_staging
Italy,1904,Helm,4.8,5.0,6.0,4.2,5.9,0.203858,not_computed,0.207712,1.32454,not_computed,not_computed,not_computed,not_computed,6.0375,1.5,not_computed,separate_run_2026-09_staging
Italy,1904,Shield,5.0,5.0,5.8,4.4,6.4,0.210131,not_computed,0.207712,1.32454,not_computed,not_computed,not_computed,not_computed,6.0375,1.5,not_computed,separate_run_2026-09_staging
Italy,1904,Lore,5.0,5.0,5.0,5.0,7.5,0.224896,not_computed,0.207712,1.32454,not_computed,not_computed,not_computed,not_computed,6.0375,1.5,not_computed,separate_run_2026-09_staging
Italy,1904,Stewards,5.0,5.6,5.4,5.0,7.7,0.219696,not_computed,0.207712,1.32454,not_computed,not_computed,not_computed,not_computed,6.0375,1.5,not_computed,separate_run_2026-09_staging
Italy,1904,Craft,5.0,5.0,5.0,5.0,7.5,0.224896,not_computed,0.207712,1.32454,not_computed,not_computed,not_computed,not_computed,6.0375,1.5,not_computed,separate_run_2026-09_staging
Italy,1904,Hands,3.6,3.6,7.2,3.0,1.5,0.16573,not_computed,0.207712,1.32454,not_computed,not_computed,not_computed,not_computed,6.0375,1.5,not_computed,separate_run_2026-09_staging
Italy,1904,Archive,4.6,4.6,5.8,4.0,5.4,0.202359,not_computed,0.207712,1.32454,not_computed,not_computed,not_computed,not_computed,6.0375,1.5,not_computed,separate_run_2026-09_staging
Italy,1904,Flow,5.0,5.0,5.8,4.4,6.4,0.210131,not_computed,0.207712,1.32454,not_computed,not_computed,not_computed,not_computed,6.0375,1.5,not_computed,separate_run_2026-09_staging
Italy,1905,Helm,4.8,5.0,6.0,4.2,5.9,0.203858,not_computed,0.207712,1.32454,not_computed,not_computed,not_computed,not_computed,6.0375,1.5,not_computed,separate_run_2026-09_staging
Italy,1905,Shield,5.0,5.0,5.8,4.4,6.4,0.210131,not_computed,0.207712,1.32454,not_computed,not_computed,not_computed,not_computed,6.0375,1.5,not_computed,separate_run_2026-09_staging
Italy,1905,Lore,5.0,5.0,5.0,5.0,7.5,0.224896,not_computed,0.207712,1.32454,not_computed,not_computed,not_computed,not_computed,6.0375,1.5,not_computed,separate_run_2026-09_staging
Italy,1905,Stewards,5.0,5.6,5.4,5.0,7.7,0.219696,not_computed,0.207712,1.32454,not_computed,not_computed,not_computed,not_computed,6.0375,1.5,not_computed,separate_run_2026-09_staging
Italy,1905,Craft,5.0,5.0,5.0,5.0,7.5,0.224896,not_computed,0.207712,1.32454,not_computed,not_computed,not_computed,not_computed,6.0375,1.5,not_computed,separate_run_2026-09_staging
Italy,1905,Hands,3.6,3.6,7.2,3.0,1.5,0.16573,not_computed,0.207712,1.32454,not_computed,not_computed,not_computed,not_computed,6.0375,1.5,not_computed,separate_run_2026-09_staging
Italy,1905,Archive,4.6,4.6,5.8,4.0,5.4,0.202359,not_computed,0.207712,1.32454,not_computed,not_computed,not_computed,not_computed,6.0375,1.5,not_computed,separate_run_2026-09_staging
Italy,1905,Flow,5.0,5.0,5.8,4.4,6.4,0.210131,not_computed,0.207712,1.32454,not_computed,not_computed,not_computed,not_computed,6.0375,1.5,not_computed,separate_run_2026-09_staging
Italy,1906,Helm,5.0,5.0,6.0,4.4,6.2,0.211674,not_computed,0.214899,1.416349,not_computed,not_computed,not_computed,not_computed,6.475,2.5,not_computed,separate_run_2026-09_staging
Italy,1906,Shield,5.0,5.0,5.8,4.4,6.4,0.21421,not_computed,0.214899,1.416349,not_computed,not_computed,not_computed,not_computed,6.475,2.5,not_computed,separate_run_2026-09_staging
Italy,1906,Lore,5.0,5.0,5.0,5.0,7.5,0.229314,not_computed,0.214899,1.416349,not_computed,not_computed,not_computed,not_computed,6.475,2.5,not_computed,separate_run_2026-09_staging
Italy,1906,Stewards,5.0,5.6,5.4,5.0,7.7,0.223993,not_computed,0.214899,1.416349,not_computed,not_computed,not_computed,not_computed,6.475,2.5,not_computed,separate_run_2026-09_staging
Italy,1906,Craft,5.0,5.4,5.0,5.0,7.9,0.229314,not_computed,0.214899,1.416349,not_computed,not_computed,not_computed,not_computed,6.475,2.5,not_computed,separate_run_2026-09_staging
Italy,1906,Hands,3.8,4.0,7.0,3.4,2.5,0.177153,not_computed,0.214899,1.416349,not_computed,not_computed,not_computed,not_computed,6.475,2.5,not_computed,separate_run_2026-09_staging
Italy,1906,Archive,5.0,5.0,5.6,4.4,6.6,0.216769,not_computed,0.214899,1.416349,not_computed,not_computed,not_computed,not_computed,6.475,2.5,not_computed,separate_run_2026-09_staging
Italy,1906,Flow,5.0,5.4,5.6,4.4,7.0,0.216769,not_computed,0.214899,1.416349,not_computed,not_computed,not_computed,not_computed,6.475,2.5,not_computed,separate_run_2026-09_staging
Italy,1907,Helm,5.0,5.0,6.0,4.4,6.2,0.211674,not_computed,0.214899,1.416349,not_computed,not_computed,not_computed,not_computed,6.475,2.5,not_computed,separate_run_2026-09_staging
Italy,1907,Shield,5.0,5.0,5.8,4.4,6.4,0.21421,not_computed,0.214899,1.416349,not_computed,not_computed,not_computed,not_computed,6.475,2.5,not_computed,separate_run_2026-09_staging
Italy,1907,Lore,5.0,5.0,5.0,5.0,7.5,0.229314,not_computed,0.214899,1.416349,not_computed,not_computed,not_computed,not_computed,6.475,2.5,not_computed,separate_run_2026-09_staging
Italy,1907,Stewards,5.0,5.6,5.4,5.0,7.7,0.223993,not_computed,0.214899,1.416349,not_computed,not_computed,not_computed,not_computed,6.475,2.5,not_computed,separate_run_2026-09_staging
Italy,1907,Craft,5.0,5.4,5.0,5.0,7.9,0.229314,not_computed,0.214899,1.416349,not_computed,not_computed,not_computed,not_computed,6.475,2.5,not_computed,separate_run_2026-09_staging
Italy,1907,Hands,3.8,4.0,7.0,3.4,2.5,0.177153,not_computed,0.214899,1.416349,not_computed,not_computed,not_computed,not_computed,6.475,2.5,not_computed,separate_run_2026-09_staging
Italy,1907,Archive,5.0,5.0,5.6,4.4,6.6,0.216769,not_computed,0.214899,1.416349,not_computed,not_computed,not_computed,not_computed,6.475,2.5,not_computed,separate_run_2026-09_staging
Italy,1907,Flow,5.0,5.4,5.6,4.4,7.0,0.216769,not_computed,0.214899,1.416349,not_computed,not_computed,not_computed,not_computed,6.475,2.5,not_computed,separate_run_2026-09_staging
Italy,1908,Helm,5.0,5.0,6.0,4.4,6.2,0.211674,not_computed,0.214899,1.416349,not_computed,not_computed,not_computed,not_computed,6.475,2.5,not_computed,separate_run_2026-09_staging
Italy,1908,Shield,5.0,5.0,5.8,4.4,6.4,0.21421,not_computed,0.214899,1.416349,not_computed,not_computed,not_computed,not_computed,6.475,2.5,not_computed,separate_run_2026-09_staging
Italy,1908,Lore,5.0,5.0,5.0,5.0,7.5,0.229314,not_computed,0.214899,1.416349,not_computed,not_computed,not_computed,not_computed,6.475,2.5,not_computed,separate_run_2026-09_staging
Italy,1908,Stewards,5.0,5.6,5.4,5.0,7.7,0.223993,not_computed,0.214899,1.416349,not_computed,not_computed,not_computed,not_computed,6.475,2.5,not_computed,separate_run_2026-09_staging
Italy,1908,Craft,5.0,5.4,5.0,5.0,7.9,0.229314,not_computed,0.214899,1.416349,not_computed,not_computed,not_computed,not_computed,6.475,2.5,not_computed,separate_run_2026-09_staging
Italy,1908,Hands,3.8,4.0,7.0,3.4,2.5,0.177153,not_computed,0.214899,1.416349,not_computed,not_computed,not_computed,not_computed,6.475,2.5,not_computed,separate_run_2026-09_staging
Italy,1908,Archive,5.0,5.0,5.6,4.4,6.6,0.216769,not_computed,0.214899,1.416349,not_computed,not_computed,not_computed,not_computed,6.475,2.5,not_computed,separate_run_2026-09_staging
Italy,1908,Flow,5.0,5.4,5.6,4.4,7.0,0.216769,not_computed,0.214899,1.416349,not_computed,not_computed,not_computed,not_computed,6.475,2.5,not_computed,separate_run_2026-09_staging
Italy,1909,Helm,5.0,5.0,6.0,4.4,6.2,0.211674,not_computed,0.214899,1.416349,not_computed,not_computed,not_computed,not_computed,6.475,2.5,not_computed,separate_run_2026-09_staging
Italy,1909,Shield,5.0,5.0,5.8,4.4,6.4,0.21421,not_computed,0.214899,1.416349,not_computed,not_computed,not_computed,not_computed,6.475,2.5,not_computed,separate_run_2026-09_staging
Italy,1909,Lore,5.0,5.0,5.0,5.0,7.5,0.229314,not_computed,0.214899,1.416349,not_computed,not_computed,not_computed,not_computed,6.475,2.5,not_computed,separate_run_2026-09_staging
Italy,1909,Stewards,5.0,5.6,5.4,5.0,7.7,0.223993,not_computed,0.214899,1.416349,not_computed,not_computed,not_computed,not_computed,6.475,2.5,not_computed,separate_run_2026-09_staging
Italy,1909,Craft,5.0,5.4,5.0,5.0,7.9,0.229314,not_computed,0.214899,1.416349,not_computed,not_computed,not_computed,not_computed,6.475,2.5,not_computed,separate_run_2026-09_staging
Italy,1909,Hands,3.8,4.0,7.0,3.4,2.5,0.177153,not_computed,0.214899,1.416349,not_computed,not_computed,not_computed,not_computed,6.475,2.5,not_computed,separate_run_2026-09_staging
Italy,1909,Archive,5.0,5.0,5.6,4.4,6.6,0.216769,not_computed,0.214899,1.416349,not_computed,not_computed,not_computed,not_computed,6.475,2.5,not_computed,separate_run_2026-09_staging
Italy,1909,Flow,5.0,5.4,5.6,4.4,7.0,0.216769,not_computed,0.214899,1.416349,not_computed,not_computed,not_computed,not_computed,6.475,2.5,not_computed,separate_run_2026-09_staging
Italy,1910,Helm,5.0,5.0,6.0,4.4,6.2,0.211674,not_computed,0.214899,1.416349,not_computed,not_computed,not_computed,not_computed,6.475,2.5,not_computed,separate_run_2026-09_staging
Italy,1910,Shield,5.0,5.0,5.8,4.4,6.4,0.21421,not_computed,0.214899,1.416349,not_computed,not_computed,not_computed,not_computed,6.475,2.5,not_computed,separate_run_2026-09_staging
Italy,1910,Lore,5.0,5.0,5.0,5.0,7.5,0.229314,not_computed,0.214899,1.416349,not_computed,not_computed,not_computed,not_computed,6.475,2.5,not_computed,separate_run_2026-09_staging
Italy,1910,Stewards,5.0,5.6,5.4,5.0,7.7,0.223993,not_computed,0.214899,1.416349,not_computed,not_computed,not_computed,not_computed,6.475,2.5,not_computed,separate_run_2026-09_staging
Italy,1910,Craft,5.0,5.4,5.0,5.0,7.9,0.229314,not_computed,0.214899,1.416349,not_computed,not_computed,not_computed,not_computed,6.475,2.5,not_computed,separate_run_2026-09_staging
Italy,1910,Hands,3.8,4.0,7.0,3.4,2.5,0.177153,not_computed,0.214899,1.416349,not_computed,not_computed,not_computed,not_computed,6.475,2.5,not_computed,separate_run_2026-09_staging
Italy,1910,Archive,5.0,5.0,5.6,4.4,6.6,0.216769,not_computed,0.214899,1.416349,not_computed,not_computed,not_computed,not_computed,6.475,2.5,not_computed,separate_run_2026-09_staging
Italy,1910,Flow,5.0,5.4,5.6,4.4,7.0,0.216769,not_computed,0.214899,1.416349,not_computed,not_computed,not_computed,not_computed,6.475,2.5,not_computed,separate_run_2026-09_staging
Italy,1911,Helm,5.0,5.0,6.0,4.4,6.2,0.211248,not_computed,0.214156,1.433665,not_computed,not_computed,not_computed,not_computed,6.475,2.7,not_computed,separate_run_2026-09_staging
Italy,1911,Shield,5.0,5.6,6.2,4.4,6.6,0.208741,not_computed,0.214156,1.433665,not_computed,not_computed,not_computed,not_computed,6.475,2.7,not_computed,separate_run_2026-09_staging
Italy,1911,Lore,5.0,5.0,5.0,5.0,7.5,0.228846,not_computed,0.214156,1.433665,not_computed,not_computed,not_computed,not_computed,6.475,2.7,not_computed,separate_run_2026-09_staging
Italy,1911,Stewards,5.0,5.6,5.4,5.0,7.7,0.223538,not_computed,0.214156,1.433665,not_computed,not_computed,not_computed,not_computed,6.475,2.7,not_computed,separate_run_2026-09_staging
Italy,1911,Craft,5.0,5.2,5.0,5.0,7.7,0.228846,not_computed,0.214156,1.433665,not_computed,not_computed,not_computed,not_computed,6.475,2.7,not_computed,separate_run_2026-09_staging
Italy,1911,Hands,4.0,4.0,7.0,3.4,2.7,0.179369,not_computed,0.214156,1.433665,not_computed,not_computed,not_computed,not_computed,6.475,2.7,not_computed,separate_run_2026-09_staging
Italy,1911,Archive,5.0,5.0,5.6,4.4,6.6,0.216331,not_computed,0.214156,1.433665,not_computed,not_computed,not_computed,not_computed,6.475,2.7,not_computed,separate_run_2026-09_staging
Italy,1911,Flow,5.0,5.2,5.6,4.4,6.8,0.216331,not_computed,0.214156,1.433665,not_computed,not_computed,not_computed,not_computed,6.475,2.7,not_computed,separate_run_2026-09_staging
Italy,1912,Helm,5.0,5.0,6.0,4.4,6.2,0.211655,not_computed,0.214885,1.436565,not_computed,not_computed,not_computed,not_computed,6.5,2.7,not_computed,separate_run_2026-09_staging
Italy,1912,Shield,5.0,5.6,6.0,4.4,6.8,0.211655,not_computed,0.214885,1.436565,not_computed,not_computed,not_computed,not_computed,6.5,2.7,not_computed,separate_run_2026-09_staging
Italy,1912,Lore,5.0,5.0,5.0,5.0,7.5,0.229294,not_computed,0.214885,1.436565,not_computed,not_computed,not_computed,not_computed,6.5,2.7,not_computed,separate_run_2026-09_staging
Italy,1912,Stewards,5.0,5.6,5.4,5.0,7.7,0.223974,not_computed,0.214885,1.436565,not_computed,not_computed,not_computed,not_computed,6.5,2.7,not_computed,separate_run_2026-09_staging
Italy,1912,Craft,5.0,5.2,5.0,5.0,7.7,0.229294,not_computed,0.214885,1.436565,not_computed,not_computed,not_computed,not_computed,6.5,2.7,not_computed,separate_run_2026-09_staging
Italy,1912,Hands,4.0,4.0,7.0,3.4,2.7,0.179707,not_computed,0.214885,1.436565,not_computed,not_computed,not_computed,not_computed,6.5,2.7,not_computed,separate_run_2026-09_staging
Italy,1912,Archive,5.0,5.0,5.6,4.4,6.6,0.21675,not_computed,0.214885,1.436565,not_computed,not_computed,not_computed,not_computed,6.5,2.7,not_computed,separate_run_2026-09_staging
Italy,1912,Flow,5.0,5.2,5.6,4.4,6.8,0.21675,not_computed,0.214885,1.436565,not_computed,not_computed,not_computed,not_computed,6.5,2.7,not_computed,separate_run_2026-09_staging
Italy,1913,Helm,5.0,5.0,6.0,4.4,6.2,0.211655,not_computed,0.214885,1.436565,not_computed,not_computed,not_computed,not_computed,6.5,2.7,not_computed,separate_run_2026-09_staging
Italy,1913,Shield,5.0,5.6,6.0,4.4,6.8,0.211655,not_computed,0.214885,1.436565,not_computed,not_computed,not_computed,not_computed,6.5,2.7,not_computed,separate_run_2026-09_staging
Italy,1913,Lore,5.0,5.0,5.0,5.0,7.5,0.229294,not_computed,0.214885,1.436565,not_computed,not_computed,not_computed,not_computed,6.5,2.7,not_computed,separate_run_2026-09_staging
Italy,1913,Stewards,5.0,5.6,5.4,5.0,7.7,0.223974,not_computed,0.214885,1.436565,not_computed,not_computed,not_computed,not_computed,6.5,2.7,not_computed,separate_run_2026-09_staging
Italy,1913,Craft,5.0,5.2,5.0,5.0,7.7,0.229294,not_computed,0.214885,1.436565,not_computed,not_computed,not_computed,not_computed,6.5,2.7,not_computed,separate_run_2026-09_staging
Italy,1913,Hands,4.0,4.0,7.0,3.4,2.7,0.179707,not_computed,0.214885,1.436565,not_computed,not_computed,not_computed,not_computed,6.5,2.7,not_computed,separate_run_2026-09_staging
Italy,1913,Archive,5.0,5.0,5.6,4.4,6.6,0.21675,not_computed,0.214885,1.436565,not_computed,not_computed,not_computed,not_computed,6.5,2.7,not_computed,separate_run_2026-09_staging
Italy,1913,Flow,5.0,5.2,5.6,4.4,6.8,0.21675,not_computed,0.214885,1.436565,not_computed,not_computed,not_computed,not_computed,6.5,2.7,not_computed,separate_run_2026-09_staging
Italy,1914,Helm,5.0,5.0,6.0,4.4,6.2,0.209564,not_computed,0.211161,1.40241,not_computed,not_computed,not_computed,not_computed,6.325,2.5,not_computed,separate_run_2026-09_staging
Italy,1914,Shield,5.0,5.6,6.0,4.4,6.8,0.209564,not_computed,0.211161,1.40241,not_computed,not_computed,not_computed,not_computed,6.325,2.5,not_computed,separate_run_2026-09_staging
Italy,1914,Lore,5.0,5.0,5.0,5.0,7.5,0.226996,not_computed,0.211161,1.40241,not_computed,not_computed,not_computed,not_computed,6.325,2.5,not_computed,separate_run_2026-09_staging
Italy,1914,Stewards,5.0,5.6,5.8,5.0,7.3,0.216574,not_computed,0.211161,1.40241,not_computed,not_computed,not_computed,not_computed,6.325,2.5,not_computed,separate_run_2026-09_staging
Italy,1914,Craft,5.0,5.0,5.0,5.0,7.5,0.226996,not_computed,0.211161,1.40241,not_computed,not_computed,not_computed,not_computed,6.325,2.5,not_computed,separate_run_2026-09_staging
Italy,1914,Hands,3.8,4.0,7.0,3.4,2.5,0.175431,not_computed,0.211161,1.40241,not_computed,not_computed,not_computed,not_computed,6.325,2.5,not_computed,separate_run_2026-09_staging
Italy,1914,Archive,5.0,5.0,5.6,4.4,6.6,0.2146,not_computed,0.211161,1.40241,not_computed,not_computed,not_computed,not_computed,6.325,2.5,not_computed,separate_run_2026-09_staging
Italy,1914,Flow,5.0,5.0,6.0,4.4,6.2,0.209564,not_computed,0.211161,1.40241,not_computed,not_computed,not_computed,not_computed,6.325,2.5,not_computed,separate_run_2026-09_staging
Italy,1915,Helm,4.6,4.6,7.0,4.4,4.4,0.172414,not_computed,0.173002,1.124093,not_computed,not_computed,not_computed,not_computed,4.6,0.1,not_computed,separate_run_2026-09_staging
Italy,1915,Shield,4.8,5.6,7.0,4.4,5.6,0.174361,not_computed,0.173002,1.124093,not_computed,not_computed,not_computed,not_computed,4.6,0.1,not_computed,separate_run_2026-09_staging
Italy,1915,Lore,5.0,5.0,5.6,4.6,6.7,0.192682,not_computed,0.173002,1.124093,not_computed,not_computed,not_computed,not_computed,4.6,0.1,not_computed,separate_run_2026-09_staging
Italy,1915,Stewards,4.8,5.6,7.0,5.0,5.9,0.178156,not_computed,0.173002,1.124093,not_computed,not_computed,not_computed,not_computed,4.6,0.1,not_computed,separate_run_2026-09_staging
Italy,1915,Craft,5.0,5.0,6.0,4.6,6.3,0.188259,not_computed,0.173002,1.124093,not_computed,not_computed,not_computed,not_computed,4.6,0.1,not_computed,separate_run_2026-09_staging
Italy,1915,Hands,3.2,3.2,8.0,3.4,0.1,0.141028,not_computed,0.173002,1.124093,not_computed,not_computed,not_computed,not_computed,4.6,0.1,not_computed,separate_run_2026-09_staging
Italy,1915,Archive,5.0,5.0,6.6,4.4,5.6,0.180486,not_computed,0.173002,1.124093,not_computed,not_computed,not_computed,not_computed,4.6,0.1,not_computed,separate_run_2026-09_staging
Italy,1915,Flow,4.0,4.0,8.0,4.4,2.2,0.156627,not_computed,0.173002,1.124093,not_computed,not_computed,not_computed,not_computed,4.6,0.1,not_computed,separate_run_2026-09_staging
Italy,1916,Helm,4.6,4.6,7.0,4.4,4.4,0.172055,not_computed,0.172351,1.103804,not_computed,not_computed,not_computed,not_computed,4.575,-0.1,not_computed,separate_run_2026-09_staging
Italy,1916,Shield,4.8,5.6,7.0,4.4,5.6,0.173997,not_computed,0.172351,1.103804,not_computed,not_computed,not_computed,not_computed,4.575,-0.1,not_computed,separate_run_2026-09_staging
Italy,1916,Lore,5.0,5.0,5.6,4.6,6.7,0.192272,not_computed,0.172351,1.103804,not_computed,not_computed,not_computed,not_computed,4.575,-0.1,not_computed,separate_run_2026-09_staging
Italy,1916,Stewards,4.8,5.6,7.0,5.0,5.9,0.177783,not_computed,0.172351,1.103804,not_computed,not_computed,not_computed,not_computed,4.575,-0.1,not_computed,separate_run_2026-09_staging
Italy,1916,Craft,5.0,5.0,6.0,4.6,6.3,0.187861,not_computed,0.172351,1.103804,not_computed,not_computed,not_computed,not_computed,4.575,-0.1,not_computed,separate_run_2026-09_staging
Italy,1916,Hands,3.0,3.2,8.0,3.4,-0.1,0.138424,not_computed,0.172351,1.103804,not_computed,not_computed,not_computed,not_computed,4.575,-0.1,not_computed,separate_run_2026-09_staging
Italy,1916,Archive,5.0,5.0,6.6,4.4,5.6,0.180107,not_computed,0.172351,1.103804,not_computed,not_computed,not_computed,not_computed,4.575,-0.1,not_computed,separate_run_2026-09_staging
Italy,1916,Flow,4.0,4.0,8.0,4.4,2.2,0.156305,not_computed,0.172351,1.103804,not_computed,not_computed,not_computed,not_computed,4.575,-0.1,not_computed,separate_run_2026-09_staging
Italy,1917,Helm,3.6,4.0,8.0,4.0,1.6,0.128575,not_computed,0.131846,0.85715,not_computed,not_computed,not_computed,not_computed,2.2125,-1.4,not_computed,separate_run_2026-09_staging
Italy,1917,Shield,4.6,5.0,7.4,4.4,4.4,0.144063,not_computed,0.131846,0.85715,not_computed,not_computed,not_computed,not_computed,2.2125,-1.4,not_computed,separate_run_2026-09_staging
Italy,1917,Lore,4.0,4.4,6.6,4.4,4.0,0.145757,not_computed,0.131846,0.85715,not_computed,not_computed,not_computed,not_computed,2.2125,-1.4,not_computed,separate_run_2026-09_staging
Italy,1917,Stewards,3.8,4.8,8.0,4.0,2.6,0.130326,not_computed,0.131846,0.85715,not_computed,not_computed,not_computed,not_computed,2.2125,-1.4,not_computed,separate_run_2026-09_staging
Italy,1917,Craft,4.2,4.4,7.0,4.4,3.8,0.144117,not_computed,0.131846,0.85715,not_computed,not_computed,not_computed,not_computed,2.2125,-1.4,not_computed,separate_run_2026-09_staging
Italy,1917,Hands,3.0,3.2,9.0,2.8,-1.4,0.108309,not_computed,0.131846,0.85715,not_computed,not_computed,not_computed,not_computed,2.2125,-1.4,not_computed,separate_run_2026-09_staging
Italy,1917,Archive,4.0,4.4,7.0,4.0,3.4,0.140068,not_computed,0.131846,0.85715,not_computed,not_computed,not_computed,not_computed,2.2125,-1.4,not_computed,separate_run_2026-09_staging
Italy,1917,Flow,3.0,3.4,8.8,3.4,-0.7,0.113552,not_computed,0.131846,0.85715,not_computed,not_computed,not_computed,not_computed,2.2125,-1.4,not_computed,separate_run_2026-09_staging
Italy,1918,Helm,3.6,4.0,8.0,4.0,1.6,0.134975,not_computed,0.14375,0.952209,not_computed,not_computed,not_computed,not_computed,3.075,-0.9,not_computed,separate_run_2026-09_staging
Italy,1918,Shield,4.6,5.0,7.4,4.4,4.4,0.151378,not_computed,0.14375,0.952209,not_computed,not_computed,not_computed,not_computed,3.075,-0.9,not_computed,separate_run_2026-09_staging
Italy,1918,Lore,4.0,5.0,6.6,4.4,4.6,0.153175,not_computed,0.14375,0.952209,not_computed,not_computed,not_computed,not_computed,3.075,-0.9,not_computed,separate_run_2026-09_staging
Italy,1918,Stewards,4.4,4.8,7.4,4.6,4.1,0.150809,not_computed,0.14375,0.952209,not_computed,not_computed,not_computed,not_computed,3.075,-0.9,not_computed,separate_run_2026-09_staging
Italy,1918,Craft,4.0,5.0,6.4,4.4,4.8,0.154977,not_computed,0.14375,0.952209,not_computed,not_computed,not_computed,not_computed,3.075,-0.9,not_computed,separate_run_2026-09_staging
Italy,1918,Hands,3.0,3.0,8.4,3.0,-0.9,0.119288,not_computed,0.14375,0.952209,not_computed,not_computed,not_computed,not_computed,3.075,-0.9,not_computed,separate_run_2026-09_staging
Italy,1918,Archive,4.0,5.0,7.0,4.0,4.0,0.147143,not_computed,0.14375,0.952209,not_computed,not_computed,not_computed,not_computed,3.075,-0.9,not_computed,separate_run_2026-09_staging
Italy,1918,Flow,3.6,4.0,7.6,4.0,2.0,0.138258,not_computed,0.14375,0.952209,not_computed,not_computed,not_computed,not_computed,3.075,-0.9,not_computed,separate_run_2026-09_staging
Italy,1919,Helm,3.6,4.0,8.4,4.0,1.2,0.12657,not_computed,0.133785,0.903849,not_computed,not_computed,not_computed,not_computed,2.5375,-0.9,not_computed,separate_run_2026-09_staging
Italy,1919,Shield,4.6,5.0,7.4,4.4,4.4,0.145284,not_computed,0.133785,0.903849,not_computed,not_computed,not_computed,not_computed,2.5375,-0.9,not_computed,separate_run_2026-09_staging
Italy,1919,Lore,4.0,5.0,6.2,4.4,5.0,0.150441,not_computed,0.133785,0.903849,not_computed,not_computed,not_computed,not_computed,2.5375,-0.9,not_computed,separate_run_2026-09_staging
Italy,1919,Stewards,3.6,4.6,8.4,4.0,1.8,0.12657,not_computed,0.133785,0.903849,not_computed,not_computed,not_computed,not_computed,2.5375,-0.9,not_computed,separate_run_2026-09_staging
Italy,1919,Craft,4.0,5.0,6.4,4.4,4.8,0.148711,not_computed,0.133785,0.903849,not_computed,not_computed,not_computed,not_computed,2.5375,-0.9,not_computed,separate_run_2026-09_staging
Italy,1919,Hands,3.0,3.0,8.4,3.0,-0.9,0.114656,not_computed,0.133785,0.903849,not_computed,not_computed,not_computed,not_computed,2.5375,-0.9,not_computed,separate_run_2026-09_staging
Italy,1919,Archive,4.0,5.0,7.0,4.0,4.0,0.14125,not_computed,0.133785,0.903849,not_computed,not_computed,not_computed,not_computed,2.5375,-0.9,not_computed,separate_run_2026-09_staging
Italy,1919,Flow,3.0,4.0,9.0,4.0,0.0,0.116798,not_computed,0.133785,0.903849,not_computed,not_computed,not_computed,not_computed,2.5375,-0.9,not_computed,separate_run_2026-09_staging
Italy,1920,Helm,3.6,4.0,8.4,4.0,1.2,0.126364,not_computed,0.133369,0.9025,not_computed,not_computed,not_computed,not_computed,2.45,-0.9,not_computed,separate_run_2026-09_staging
Italy,1920,Shield,4.6,5.0,7.4,4.4,4.4,0.145042,not_computed,0.133369,0.9025,not_computed,not_computed,not_computed,not_computed,2.45,-0.9,not_computed,separate_run_2026-09_staging
Italy,1920,Lore,4.0,5.0,6.0,5.0,5.5,0.155492,not_computed,0.133369,0.9025,not_computed,not_computed,not_computed,not_computed,2.45,-0.9,not_computed,separate_run_2026-09_staging
Italy,1920,Stewards,3.6,4.6,8.4,4.0,1.8,0.126364,not_computed,0.133369,0.9025,not_computed,not_computed,not_computed,not_computed,2.45,-0.9,not_computed,separate_run_2026-09_staging
Italy,1920,Craft,4.0,5.0,6.4,4.4,4.8,0.148462,not_computed,0.133369,0.9025,not_computed,not_computed,not_computed,not_computed,2.45,-0.9,not_computed,separate_run_2026-09_staging
Italy,1920,Hands,3.0,3.0,8.4,3.0,-0.9,0.114471,not_computed,0.133369,0.9025,not_computed,not_computed,not_computed,not_computed,2.45,-0.9,not_computed,separate_run_2026-09_staging
Italy,1920,Archive,3.6,4.6,7.4,4.0,2.8,0.134144,not_computed,0.133369,0.9025,not_computed,not_computed,not_computed,not_computed,2.45,-0.9,not_computed,separate_run_2026-09_staging
Italy,1920,Flow,3.0,4.0,9.0,4.0,0.0,0.11661,not_computed,0.133369,0.9025,not_computed,not_computed,not_computed,not_computed,2.45,-0.9,not_computed,separate_run_2026-09_staging
Italy,1921,Helm,4.0,5.0,8.0,5.0,3.5,0.141699,not_computed,0.138924,0.935542,not_computed,not_computed,not_computed,not_computed,2.6875,-0.5,not_computed,separate_run_2026-09_staging
Italy,1921,Shield,4.0,5.0,7.0,5.0,4.5,0.150274,not_computed,0.138924,0.935542,not_computed,not_computed,not_computed,not_computed,2.6875,-0.5,not_computed,separate_run_2026-09_staging
Italy,1921,Lore,4.0,5.0,6.0,5.0,5.5,0.159227,not_computed,0.138924,0.935542,not_computed,not_computed,not_computed,not_computed,2.6875,-0.5,not_computed,separate_run_2026-09_staging
Italy,1921,Stewards,3.0,4.0,9.0,4.0,0.0,0.119277,not_computed,0.138924,0.935542,not_computed,not_computed,not_computed,not_computed,2.6875,-0.5,not_computed,separate_run_2026-09_staging
Italy,1921,Craft,4.0,5.0,7.0,5.0,4.5,0.150274,not_computed,0.138924,0.935542,not_computed,not_computed,not_computed,not_computed,2.6875,-0.5,not_computed,separate_run_2026-09_staging
Italy,1921,Hands,3.0,3.0,8.0,3.0,-0.5,0.119988,not_computed,0.138924,0.935542,not_computed,not_computed,not_computed,not_computed,2.6875,-0.5,not_computed,separate_run_2026-09_staging
Italy,1921,Archive,3.0,4.0,7.0,4.0,2.0,0.134631,not_computed,0.138924,0.935542,not_computed,not_computed,not_computed,not_computed,2.6875,-0.5,not_computed,separate_run_2026-09_staging
Italy,1921,Flow,4.0,4.0,8.0,4.0,2.0,0.136024,not_computed,0.138924,0.935542,not_computed,not_computed,not_computed,not_computed,2.6875,-0.5,not_computed,separate_run_2026-09_staging
Italy,1922,Helm,5.0,5.0,7.0,5.0,5.5,0.170631,not_computed,0.157702,1.026723,not_computed,not_computed,not_computed,not_computed,3.6875,-0.5,not_computed,separate_run_2026-09_staging
Italy,1922,Shield,5.0,5.0,7.0,5.0,5.5,0.170631,not_computed,0.157702,1.026723,not_computed,not_computed,not_computed,not_computed,3.6875,-0.5,not_computed,separate_run_2026-09_staging
Italy,1922,Lore,4.0,5.0,6.0,5.0,5.5,0.171408,not_computed,0.157702,1.026723,not_computed,not_computed,not_computed,not_computed,3.6875,-0.5,not_computed,separate_run_2026-09_staging
Italy,1922,Stewards,4.0,5.0,8.0,5.0,3.5,0.152302,not_computed,0.157702,1.026723,not_computed,not_computed,not_computed,not_computed,3.6875,-0.5,not_computed,separate_run_2026-09_staging
Italy,1922,Craft,4.0,5.0,7.0,5.0,4.5,0.161639,not_computed,0.157702,1.026723,not_computed,not_computed,not_computed,not_computed,3.6875,-0.5,not_computed,separate_run_2026-09_staging
Italy,1922,Hands,3.0,3.0,8.0,3.0,-0.5,0.128743,not_computed,0.157702,1.026723,not_computed,not_computed,not_computed,not_computed,3.6875,-0.5,not_computed,separate_run_2026-09_staging
Italy,1922,Archive,3.0,4.0,7.0,4.0,2.0,0.144621,not_computed,0.157702,1.026723,not_computed,not_computed,not_computed,not_computed,3.6875,-0.5,not_computed,separate_run_2026-09_staging
Italy,1922,Flow,4.0,4.0,7.0,5.0,3.5,0.161639,not_computed,0.157702,1.026723,not_computed,not_computed,not_computed,not_computed,3.6875,-0.5,not_computed,separate_run_2026-09_staging
Italy,1923,Helm,6.0,6.0,6.0,5.0,8.5,0.217444,not_computed,0.199553,1.24647,not_computed,not_computed,not_computed,not_computed,5.8125,0.5,not_computed,separate_run_2026-09_staging
Italy,1923,Shield,6.0,6.0,6.0,5.0,8.5,0.217444,not_computed,0.199553,1.24647,not_computed,not_computed,not_computed,not_computed,5.8125,0.5,not_computed,separate_run_2026-09_staging
Italy,1923,Lore,5.0,5.0,6.0,5.0,6.5,0.207278,not_computed,0.199553,1.24647,not_computed,not_computed,not_computed,not_computed,5.8125,0.5,not_computed,separate_run_2026-09_staging
Italy,1923,Stewards,5.0,5.0,7.0,5.0,5.5,0.19534,not_computed,0.199553,1.24647,not_computed,not_computed,not_computed,not_computed,5.8125,0.5,not_computed,separate_run_2026-09_staging
Italy,1923,Craft,5.0,5.0,6.0,5.0,6.5,0.207278,not_computed,0.199553,1.24647,not_computed,not_computed,not_computed,not_computed,5.8125,0.5,not_computed,separate_run_2026-09_staging
Italy,1923,Hands,3.0,3.0,7.0,3.0,0.5,0.156035,not_computed,0.199553,1.24647,not_computed,not_computed,not_computed,not_computed,5.8125,0.5,not_computed,separate_run_2026-09_staging
Italy,1923,Archive,4.0,4.0,6.0,4.0,4.0,0.188331,not_computed,0.199553,1.24647,not_computed,not_computed,not_computed,not_computed,5.8125,0.5,not_computed,separate_run_2026-09_staging
Italy,1923,Flow,5.0,5.0,6.0,5.0,6.5,0.207278,not_computed,0.199553,1.24647,not_computed,not_computed,not_computed,not_computed,5.8125,0.5,not_computed,separate_run_2026-09_staging
Italy,1924,Helm,6.0,6.0,6.0,5.0,8.5,0.217444,not_computed,0.199553,1.24647,not_computed,not_computed,not_computed,not_computed,5.8125,0.5,not_computed,separate_run_2026-09_staging
Italy,1924,Shield,6.0,6.0,6.0,5.0,8.5,0.217444,not_computed,0.199553,1.24647,not_computed,not_computed,not_computed,not_computed,5.8125,0.5,not_computed,separate_run_2026-09_staging
Italy,1924,Lore,5.0,5.0,6.0,5.0,6.5,0.207278,not_computed,0.199553,1.24647,not_computed,not_computed,not_computed,not_computed,5.8125,0.5,not_computed,separate_run_2026-09_staging
Italy,1924,Stewards,5.0,5.0,7.0,5.0,5.5,0.19534,not_computed,0.199553,1.24647,not_computed,not_computed,not_computed,not_computed,5.8125,0.5,not_computed,separate_run_2026-09_staging
Italy,1924,Craft,5.0,5.0,6.0,5.0,6.5,0.207278,not_computed,0.199553,1.24647,not_computed,not_computed,not_computed,not_computed,5.8125,0.5,not_computed,separate_run_2026-09_staging
Italy,1924,Hands,3.0,3.0,7.0,3.0,0.5,0.156035,not_computed,0.199553,1.24647,not_computed,not_computed,not_computed,not_computed,5.8125,0.5,not_computed,separate_run_2026-09_staging
Italy,1924,Archive,4.0,4.0,6.0,4.0,4.0,0.188331,not_computed,0.199553,1.24647,not_computed,not_computed,not_computed,not_computed,5.8125,0.5,not_computed,separate_run_2026-09_staging
Italy,1924,Flow,5.0,5.0,6.0,5.0,6.5,0.207278,not_computed,0.199553,1.24647,not_computed,not_computed,not_computed,not_computed,5.8125,0.5,not_computed,separate_run_2026-09_staging
Italy,1925,Helm,6.0,6.0,6.0,5.0,8.5,0.202805,not_computed,0.176826,1.154278,not_computed,not_computed,not_computed,not_computed,4.6875,0.5,not_computed,separate_run_2026-09_staging
Italy,1925,Shield,6.0,6.0,6.0,5.0,8.5,0.202805,not_computed,0.176826,1.154278,not_computed,not_computed,not_computed,not_computed,4.6875,0.5,not_computed,separate_run_2026-09_staging
Italy,1925,Lore,4.0,4.0,7.0,4.0,3.0,0.16573,not_computed,0.176826,1.154278,not_computed,not_computed,not_computed,not_computed,4.6875,0.5,not_computed,separate_run_2026-09_staging
Italy,1925,Stewards,4.0,4.0,8.0,4.0,2.0,0.155984,not_computed,0.176826,1.154278,not_computed,not_computed,not_computed,not_computed,4.6875,0.5,not_computed,separate_run_2026-09_staging
Italy,1925,Craft,5.0,5.0,6.0,5.0,6.5,0.193446,not_computed,0.176826,1.154278,not_computed,not_computed,not_computed,not_computed,4.6875,0.5,not_computed,separate_run_2026-09_staging
Italy,1925,Hands,3.0,3.0,7.0,3.0,0.5,0.146038,not_computed,0.176826,1.154278,not_computed,not_computed,not_computed,not_computed,4.6875,0.5,not_computed,separate_run_2026-09_staging
Italy,1925,Archive,3.0,4.0,7.0,4.0,2.0,0.154353,not_computed,0.176826,1.154278,not_computed,not_computed,not_computed,not_computed,4.6875,0.5,not_computed,separate_run_2026-09_staging
Italy,1925,Flow,5.0,5.0,6.0,5.0,6.5,0.193446,not_computed,0.176826,1.154278,not_computed,not_computed,not_computed,not_computed,4.6875,0.5,not_computed,separate_run_2026-09_staging
Italy,1926,Helm,6.0,6.0,6.0,5.0,8.5,0.187145,not_computed,0.153634,0.899145,not_computed,not_computed,not_computed,not_computed,3.625,-1.5,not_computed,separate_run_2026-09_staging
Italy,1926,Shield,6.0,6.0,6.0,5.0,8.5,0.187145,not_computed,0.153634,0.899145,not_computed,not_computed,not_computed,not_computed,3.625,-1.5,not_computed,separate_run_2026-09_staging
Italy,1926,Lore,3.0,4.0,8.0,3.0,0.5,0.127295,not_computed,0.153634,0.899145,not_computed,not_computed,not_computed,not_computed,3.625,-1.5,not_computed,separate_run_2026-09_staging
Italy,1926,Stewards,3.0,4.0,9.0,3.0,-0.5,0.119654,not_computed,0.153634,0.899145,not_computed,not_computed,not_computed,not_computed,3.625,-1.5,not_computed,separate_run_2026-09_staging
Italy,1926,Craft,5.0,5.0,6.0,5.0,6.5,0.178648,not_computed,0.153634,0.899145,not_computed,not_computed,not_computed,not_computed,3.625,-1.5,not_computed,separate_run_2026-09_staging
Italy,1926,Hands,3.0,3.0,7.0,3.0,0.5,0.135344,not_computed,0.153634,0.899145,not_computed,not_computed,not_computed,not_computed,3.625,-1.5,not_computed,separate_run_2026-09_staging
Italy,1926,Archive,2.0,3.0,8.0,3.0,-1.5,0.115191,not_computed,0.153634,0.899145,not_computed,not_computed,not_computed,not_computed,3.625,-1.5,not_computed,separate_run_2026-09_staging
Italy,1926,Flow,5.0,5.0,6.0,5.0,6.5,0.178648,not_computed,0.153634,0.899145,not_computed,not_computed,not_computed,not_computed,3.625,-1.5,not_computed,separate_run_2026-09_staging
Italy,1927,Helm,6.0,6.0,6.0,5.0,8.5,0.187145,not_computed,0.153634,0.899145,not_computed,not_computed,not_computed,not_computed,3.5,-1.5,not_computed,separate_run_2026-09_staging
Italy,1927,Shield,6.0,6.0,6.0,5.0,8.5,0.187145,not_computed,0.153634,0.899145,not_computed,not_computed,not_computed,not_computed,3.5,-1.5,not_computed,separate_run_2026-09_staging
Italy,1927,Lore,3.0,3.0,8.0,3.0,-0.5,0.127295,not_computed,0.153634,0.899145,not_computed,not_computed,not_computed,not_computed,3.5,-1.5,not_computed,separate_run_2026-09_staging
Italy,1927,Stewards,3.0,4.0,9.0,3.0,-0.5,0.119654,not_computed,0.153634,0.899145,not_computed,not_computed,not_computed,not_computed,3.5,-1.5,not_computed,separate_run_2026-09_staging
Italy,1927,Craft,5.0,5.0,6.0,5.0,6.5,0.178648,not_computed,0.153634,0.899145,not_computed,not_computed,not_computed,not_computed,3.5,-1.5,not_computed,separate_run_2026-09_staging
Italy,1927,Hands,3.0,3.0,7.0,3.0,0.5,0.135344,not_computed,0.153634,0.899145,not_computed,not_computed,not_computed,not_computed,3.5,-1.5,not_computed,separate_run_2026-09_staging
Italy,1927,Archive,2.0,3.0,8.0,3.0,-1.5,0.115191,not_computed,0.153634,0.899145,not_computed,not_computed,not_computed,not_computed,3.5,-1.5,not_computed,separate_run_2026-09_staging
Italy,1927,Flow,5.0,5.0,6.0,5.0,6.5,0.178648,not_computed,0.153634,0.899145,not_computed,not_computed,not_computed,not_computed,3.5,-1.5,not_computed,separate_run_2026-09_staging
Italy,1928,Helm,6.0,6.0,6.0,5.0,8.5,0.187145,not_computed,0.153634,0.899145,not_computed,not_computed,not_computed,not_computed,3.5,-1.5,not_computed,separate_run_2026-09_staging
Italy,1928,Shield,6.0,6.0,6.0,5.0,8.5,0.187145,not_computed,0.153634,0.899145,not_computed,not_computed,not_computed,not_computed,3.5,-1.5,not_computed,separate_run_2026-09_staging
Italy,1928,Lore,3.0,3.0,8.0,3.0,-0.5,0.127295,not_computed,0.153634,0.899145,not_computed,not_computed,not_computed,not_computed,3.5,-1.5,not_computed,separate_run_2026-09_staging
Italy,1928,Stewards,3.0,4.0,9.0,3.0,-0.5,0.119654,not_computed,0.153634,0.899145,not_computed,not_computed,not_computed,not_computed,3.5,-1.5,not_computed,separate_run_2026-09_staging
Italy,1928,Craft,5.0,5.0,6.0,5.0,6.5,0.178648,not_computed,0.153634,0.899145,not_computed,not_computed,not_computed,not_computed,3.5,-1.5,not_computed,separate_run_2026-09_staging
Italy,1928,Hands,3.0,3.0,7.0,3.0,0.5,0.135344,not_computed,0.153634,0.899145,not_computed,not_computed,not_computed,not_computed,3.5,-1.5,not_computed,separate_run_2026-09_staging
Italy,1928,Archive,2.0,3.0,8.0,3.0,-1.5,0.115191,not_computed,0.153634,0.899145,not_computed,not_computed,not_computed,not_computed,3.5,-1.5,not_computed,separate_run_2026-09_staging
Italy,1928,Flow,5.0,5.0,6.0,5.0,6.5,0.178648,not_computed,0.153634,0.899145,not_computed,not_computed,not_computed,not_computed,3.5,-1.5,not_computed,separate_run_2026-09_staging
Italy,1929,Helm,6.0,6.0,6.0,5.0,8.5,0.183041,not_computed,0.148063,0.882406,not_computed,not_computed,not_computed,not_computed,3.25,-1.5,not_computed,separate_run_2026-09_staging
Italy,1929,Shield,6.0,6.0,6.0,5.0,8.5,0.183041,not_computed,0.148063,0.882406,not_computed,not_computed,not_computed,not_computed,3.25,-1.5,not_computed,separate_run_2026-09_staging
Italy,1929,Lore,3.0,3.0,8.0,3.0,-0.5,0.12468,not_computed,0.148063,0.882406,not_computed,not_computed,not_computed,not_computed,3.25,-1.5,not_computed,separate_run_2026-09_staging
Italy,1929,Stewards,3.0,4.0,9.0,3.0,-0.5,0.117214,not_computed,0.148063,0.882406,not_computed,not_computed,not_computed,not_computed,3.25,-1.5,not_computed,separate_run_2026-09_staging
Italy,1929,Craft,5.0,5.0,6.0,5.0,6.5,0.17477,not_computed,0.148063,0.882406,not_computed,not_computed,not_computed,not_computed,3.25,-1.5,not_computed,separate_run_2026-09_staging
Italy,1929,Hands,3.0,3.0,7.0,3.0,0.5,0.132541,not_computed,0.148063,0.882406,not_computed,not_computed,not_computed,not_computed,3.25,-1.5,not_computed,separate_run_2026-09_staging
Italy,1929,Archive,2.0,3.0,8.0,3.0,-1.5,0.112852,not_computed,0.148063,0.882406,not_computed,not_computed,not_computed,not_computed,3.25,-1.5,not_computed,separate_run_2026-09_staging
Italy,1929,Flow,4.0,5.0,7.0,5.0,4.5,0.156364,not_computed,0.148063,0.882406,not_computed,not_computed,not_computed,not_computed,3.25,-1.5,not_computed,separate_run_2026-09_staging
Italy,1930,Helm,6.0,6.0,6.0,5.0,8.5,0.177344,not_computed,0.14044,0.858624,not_computed,not_computed,not_computed,not_computed,2.875,-1.5,not_computed,separate_run_2026-09_staging
Italy,1930,Shield,6.0,6.0,6.0,5.0,8.5,0.177344,not_computed,0.14044,0.858624,not_computed,not_computed,not_computed,not_computed,2.875,-1.5,not_computed,separate_run_2026-09_staging
Italy,1930,Lore,3.0,3.0,8.0,3.0,-0.5,0.12105,not_computed,0.14044,0.858624,not_computed,not_computed,not_computed,not_computed,2.875,-1.5,not_computed,separate_run_2026-09_staging
Italy,1930,Stewards,3.0,4.0,9.0,3.0,-0.5,0.113827,not_computed,0.14044,0.858624,not_computed,not_computed,not_computed,not_computed,2.875,-1.5,not_computed,separate_run_2026-09_staging
Italy,1930,Craft,4.0,5.0,7.0,5.0,4.5,0.151652,not_computed,0.14044,0.858624,not_computed,not_computed,not_computed,not_computed,2.875,-1.5,not_computed,separate_run_2026-09_staging
Italy,1930,Hands,3.0,3.0,8.0,3.0,-0.5,0.12105,not_computed,0.14044,0.858624,not_computed,not_computed,not_computed,not_computed,2.875,-1.5,not_computed,separate_run_2026-09_staging
Italy,1930,Archive,2.0,3.0,8.0,3.0,-1.5,0.109605,not_computed,0.14044,0.858624,not_computed,not_computed,not_computed,not_computed,2.875,-1.5,not_computed,separate_run_2026-09_staging
Italy,1930,Flow,4.0,5.0,7.0,5.0,4.5,0.151652,not_computed,0.14044,0.858624,not_computed,not_computed,not_computed,not_computed,2.875,-1.5,not_computed,separate_run_2026-09_staging
Italy,1931,Helm,6.0,6.0,6.0,5.0,8.5,0.177344,not_computed,0.14044,0.858624,not_computed,not_computed,not_computed,not_computed,2.625,-1.5,not_computed,separate_run_2026-09_staging
Italy,1931,Shield,6.0,6.0,6.0,5.0,8.5,0.177344,not_computed,0.14044,0.858624,not_computed,not_computed,not_computed,not_computed,2.625,-1.5,not_computed,separate_run_2026-09_staging
Italy,1931,Lore,3.0,3.0,8.0,3.0,-0.5,0.12105,not_computed,0.14044,0.858624,not_computed,not_computed,not_computed,not_computed,2.625,-1.5,not_computed,separate_run_2026-09_staging
Italy,1931,Stewards,3.0,4.0,9.0,3.0,-0.5,0.113827,not_computed,0.14044,0.858624,not_computed,not_computed,not_computed,not_computed,2.625,-1.5,not_computed,separate_run_2026-09_staging
Italy,1931,Craft,4.0,4.0,7.0,5.0,3.5,0.151652,not_computed,0.14044,0.858624,not_computed,not_computed,not_computed,not_computed,2.625,-1.5,not_computed,separate_run_2026-09_staging
Italy,1931,Hands,3.0,3.0,8.0,3.0,-0.5,0.12105,not_computed,0.14044,0.858624,not_computed,not_computed,not_computed,not_computed,2.625,-1.5,not_computed,separate_run_2026-09_staging
Italy,1931,Archive,2.0,3.0,8.0,3.0,-1.5,0.109605,not_computed,0.14044,0.858624,not_computed,not_computed,not_computed,not_computed,2.625,-1.5,not_computed,separate_run_2026-09_staging
Italy,1931,Flow,4.0,4.0,7.0,5.0,3.5,0.151652,not_computed,0.14044,0.858624,not_computed,not_computed,not_computed,not_computed,2.625,-1.5,not_computed,separate_run_2026-09_staging
Italy,1932,Helm,6.0,6.0,6.0,5.0,8.5,0.177344,not_computed,0.14044,0.858624,not_computed,not_computed,not_computed,not_computed,2.625,-1.5,not_computed,separate_run_2026-09_staging
Italy,1932,Shield,6.0,6.0,6.0,5.0,8.5,0.177344,not_computed,0.14044,0.858624,not_computed,not_computed,not_computed,not_computed,2.625,-1.5,not_computed,separate_run_2026-09_staging
Italy,1932,Lore,3.0,3.0,8.0,3.0,-0.5,0.12105,not_computed,0.14044,0.858624,not_computed,not_computed,not_computed,not_computed,2.625,-1.5,not_computed,separate_run_2026-09_staging
Italy,1932,Stewards,3.0,4.0,9.0,3.0,-0.5,0.113827,not_computed,0.14044,0.858624,not_computed,not_computed,not_computed,not_computed,2.625,-1.5,not_computed,separate_run_2026-09_staging
Italy,1932,Craft,4.0,4.0,7.0,5.0,3.5,0.151652,not_computed,0.14044,0.858624,not_computed,not_computed,not_computed,not_computed,2.625,-1.5,not_computed,separate_run_2026-09_staging
Italy,1932,Hands,3.0,3.0,8.0,3.0,-0.5,0.12105,not_computed,0.14044,0.858624,not_computed,not_computed,not_computed,not_computed,2.625,-1.5,not_computed,separate_run_2026-09_staging
Italy,1932,Archive,2.0,3.0,8.0,3.0,-1.5,0.109605,not_computed,0.14044,0.858624,not_computed,not_computed,not_computed,not_computed,2.625,-1.5,not_computed,separate_run_2026-09_staging
Italy,1932,Flow,4.0,4.0,7.0,5.0,3.5,0.151652,not_computed,0.14044,0.858624,not_computed,not_computed,not_computed,not_computed,2.625,-1.5,not_computed,separate_run_2026-09_staging
Italy,1933,Helm,6.0,6.0,6.0,5.0,8.5,0.177344,not_computed,0.14044,0.858624,not_computed,not_computed,not_computed,not_computed,2.625,-1.5,not_computed,separate_run_2026-09_staging
Italy,1933,Shield,6.0,6.0,6.0,5.0,8.5,0.177344,not_computed,0.14044,0.858624,not_computed,not_computed,not_computed,not_computed,2.625,-1.5,not_computed,separate_run_2026-09_staging
Italy,1933,Lore,3.0,3.0,8.0,3.0,-0.5,0.12105,not_computed,0.14044,0.858624,not_computed,not_computed,not_computed,not_computed,2.625,-1.5,not_computed,separate_run_2026-09_staging
Italy,1933,Stewards,3.0,4.0,9.0,3.0,-0.5,0.113827,not_computed,0.14044,0.858624,not_computed,not_computed,not_computed,not_computed,2.625,-1.5,not_computed,separate_run_2026-09_staging
Italy,1933,Craft,4.0,4.0,7.0,5.0,3.5,0.151652,not_computed,0.14044,0.858624,not_computed,not_computed,not_computed,not_computed,2.625,-1.5,not_computed,separate_run_2026-09_staging
Italy,1933,Hands,3.0,3.0,8.0,3.0,-0.5,0.12105,not_computed,0.14044,0.858624,not_computed,not_computed,not_computed,not_computed,2.625,-1.5,not_computed,separate_run_2026-09_staging
Italy,1933,Archive,2.0,3.0,8.0,3.0,-1.5,0.109605,not_computed,0.14044,0.858624,not_computed,not_computed,not_computed,not_computed,2.625,-1.5,not_computed,separate_run_2026-09_staging
Italy,1933,Flow,4.0,4.0,7.0,5.0,3.5,0.151652,not_computed,0.14044,0.858624,not_computed,not_computed,not_computed,not_computed,2.625,-1.5,not_computed,separate_run_2026-09_staging
Italy,1934,Helm,6.0,6.0,6.0,5.0,8.5,0.184859,not_computed,0.150452,0.889792,not_computed,not_computed,not_computed,not_computed,3.375,-1.5,not_computed,separate_run_2026-09_staging
Italy,1934,Shield,7.0,7.0,6.0,5.0,10.5,0.192597,not_computed,0.150452,0.889792,not_computed,not_computed,not_computed,not_computed,3.375,-1.5,not_computed,separate_run_2026-09_staging
Italy,1934,Lore,3.0,3.0,8.0,3.0,-0.5,0.125838,not_computed,0.150452,0.889792,not_computed,not_computed,not_computed,not_computed,3.375,-1.5,not_computed,separate_run_2026-09_staging
Italy,1934,Stewards,3.0,4.0,9.0,3.0,-0.5,0.118294,not_computed,0.150452,0.889792,not_computed,not_computed,not_computed,not_computed,3.375,-1.5,not_computed,separate_run_2026-09_staging
Italy,1934,Craft,5.0,5.0,6.0,5.0,6.5,0.176488,not_computed,0.150452,0.889792,not_computed,not_computed,not_computed,not_computed,3.375,-1.5,not_computed,separate_run_2026-09_staging
Italy,1934,Hands,3.0,3.0,7.0,3.0,0.5,0.133782,not_computed,0.150452,0.889792,not_computed,not_computed,not_computed,not_computed,3.375,-1.5,not_computed,separate_run_2026-09_staging
Italy,1934,Archive,2.0,3.0,8.0,3.0,-1.5,0.113888,not_computed,0.150452,0.889792,not_computed,not_computed,not_computed,not_computed,3.375,-1.5,not_computed,separate_run_2026-09_staging
Italy,1934,Flow,4.0,4.0,7.0,5.0,3.5,0.157867,not_computed,0.150452,0.889792,not_computed,not_computed,not_computed,not_computed,3.375,-1.5,not_computed,separate_run_2026-09_staging
Italy,1935,Helm,6.0,6.0,6.0,5.0,8.5,0.184859,not_computed,0.150452,0.889792,not_computed,not_computed,not_computed,not_computed,3.375,-1.5,not_computed,separate_run_2026-09_staging
Italy,1935,Shield,7.0,7.0,6.0,5.0,10.5,0.192597,not_computed,0.150452,0.889792,not_computed,not_computed,not_computed,not_computed,3.375,-1.5,not_computed,separate_run_2026-09_staging
Italy,1935,Lore,3.0,3.0,8.0,3.0,-0.5,0.125838,not_computed,0.150452,0.889792,not_computed,not_computed,not_computed,not_computed,3.375,-1.5,not_computed,separate_run_2026-09_staging
Italy,1935,Stewards,3.0,4.0,9.0,3.0,-0.5,0.118294,not_computed,0.150452,0.889792,not_computed,not_computed,not_computed,not_computed,3.375,-1.5,not_computed,separate_run_2026-09_staging
Italy,1935,Craft,5.0,5.0,6.0,5.0,6.5,0.176488,not_computed,0.150452,0.889792,not_computed,not_computed,not_computed,not_computed,3.375,-1.5,not_computed,separate_run_2026-09_staging
Italy,1935,Hands,3.0,3.0,7.0,3.0,0.5,0.133782,not_computed,0.150452,0.889792,not_computed,not_computed,not_computed,not_computed,3.375,-1.5,not_computed,separate_run_2026-09_staging
Italy,1935,Archive,2.0,3.0,8.0,3.0,-1.5,0.113888,not_computed,0.150452,0.889792,not_computed,not_computed,not_computed,not_computed,3.375,-1.5,not_computed,separate_run_2026-09_staging
Italy,1935,Flow,4.0,4.0,7.0,5.0,3.5,0.157867,not_computed,0.150452,0.889792,not_computed,not_computed,not_computed,not_computed,3.375,-1.5,not_computed,separate_run_2026-09_staging
Italy,1936,Helm,6.0,6.0,6.0,5.0,8.5,0.184859,not_computed,0.150452,0.889792,not_computed,not_computed,not_computed,not_computed,3.375,-1.5,not_computed,separate_run_2026-09_staging
Italy,1936,Shield,7.0,7.0,6.0,5.0,10.5,0.192597,not_computed,0.150452,0.889792,not_computed,not_computed,not_computed,not_computed,3.375,-1.5,not_computed,separate_run_2026-09_staging
Italy,1936,Lore,3.0,3.0,8.0,3.0,-0.5,0.125838,not_computed,0.150452,0.889792,not_computed,not_computed,not_computed,not_computed,3.375,-1.5,not_computed,separate_run_2026-09_staging
Italy,1936,Stewards,3.0,4.0,9.0,3.0,-0.5,0.118294,not_computed,0.150452,0.889792,not_computed,not_computed,not_computed,not_computed,3.375,-1.5,not_computed,separate_run_2026-09_staging
Italy,1936,Craft,5.0,5.0,6.0,5.0,6.5,0.176488,not_computed,0.150452,0.889792,not_computed,not_computed,not_computed,not_computed,3.375,-1.5,not_computed,separate_run_2026-09_staging
Italy,1936,Hands,3.0,3.0,7.0,3.0,0.5,0.133782,not_computed,0.150452,0.889792,not_computed,not_computed,not_computed,not_computed,3.375,-1.5,not_computed,separate_run_2026-09_staging
Italy,1936,Archive,2.0,3.0,8.0,3.0,-1.5,0.113888,not_computed,0.150452,0.889792,not_computed,not_computed,not_computed,not_computed,3.375,-1.5,not_computed,separate_run_2026-09_staging
Italy,1936,Flow,4.0,4.0,7.0,5.0,3.5,0.157867,not_computed,0.150452,0.889792,not_computed,not_computed,not_computed,not_computed,3.375,-1.5,not_computed,separate_run_2026-09_staging
Italy,1937,Helm,6.0,6.0,7.0,5.0,7.5,0.17019,not_computed,0.144173,0.870339,not_computed,not_computed,not_computed,not_computed,3.125,-1.5,not_computed,separate_run_2026-09_staging
Italy,1937,Shield,7.0,7.0,7.0,5.0,9.5,0.17741,not_computed,0.144173,0.870339,not_computed,not_computed,not_computed,not_computed,3.125,-1.5,not_computed,separate_run_2026-09_staging
Italy,1937,Lore,3.0,3.0,8.0,3.0,-0.5,0.122789,not_computed,0.144173,0.870339,not_computed,not_computed,not_computed,not_computed,3.125,-1.5,not_computed,separate_run_2026-09_staging
Italy,1937,Stewards,3.0,4.0,9.0,3.0,-0.5,0.115449,not_computed,0.144173,0.870339,not_computed,not_computed,not_computed,not_computed,3.125,-1.5,not_computed,separate_run_2026-09_staging
Italy,1937,Craft,5.0,5.0,6.0,5.0,6.5,0.171966,not_computed,0.144173,0.870339,not_computed,not_computed,not_computed,not_computed,3.125,-1.5,not_computed,separate_run_2026-09_staging
Italy,1937,Hands,3.0,3.0,7.0,3.0,0.5,0.130514,not_computed,0.144173,0.870339,not_computed,not_computed,not_computed,not_computed,3.125,-1.5,not_computed,separate_run_2026-09_staging
Italy,1937,Archive,2.0,3.0,8.0,3.0,-1.5,0.111161,not_computed,0.144173,0.870339,not_computed,not_computed,not_computed,not_computed,3.125,-1.5,not_computed,separate_run_2026-09_staging
Italy,1937,Flow,4.0,4.0,7.0,5.0,3.5,0.15391,not_computed,0.144173,0.870339,not_computed,not_computed,not_computed,not_computed,3.125,-1.5,not_computed,separate_run_2026-09_staging
Italy,1938,Helm,6.0,6.0,7.0,5.0,7.5,0.17019,not_computed,0.144173,0.870339,not_computed,not_computed,not_computed,not_computed,3.125,-1.5,not_computed,separate_run_2026-09_staging
Italy,1938,Shield,7.0,7.0,7.0,5.0,9.5,0.17741,not_computed,0.144173,0.870339,not_computed,not_computed,not_computed,not_computed,3.125,-1.5,not_computed,separate_run_2026-09_staging
Italy,1938,Lore,3.0,3.0,8.0,3.0,-0.5,0.122789,not_computed,0.144173,0.870339,not_computed,not_computed,not_computed,not_computed,3.125,-1.5,not_computed,separate_run_2026-09_staging
Italy,1938,Stewards,3.0,4.0,9.0,3.0,-0.5,0.115449,not_computed,0.144173,0.870339,not_computed,not_computed,not_computed,not_computed,3.125,-1.5,not_computed,separate_run_2026-09_staging
Italy,1938,Craft,5.0,5.0,6.0,5.0,6.5,0.171966,not_computed,0.144173,0.870339,not_computed,not_computed,not_computed,not_computed,3.125,-1.5,not_computed,separate_run_2026-09_staging
Italy,1938,Hands,3.0,3.0,7.0,3.0,0.5,0.130514,not_computed,0.144173,0.870339,not_computed,not_computed,not_computed,not_computed,3.125,-1.5,not_computed,separate_run_2026-09_staging
Italy,1938,Archive,2.0,3.0,8.0,3.0,-1.5,0.111161,not_computed,0.144173,0.870339,not_computed,not_computed,not_computed,not_computed,3.125,-1.5,not_computed,separate_run_2026-09_staging
Italy,1938,Flow,4.0,4.0,7.0,5.0,3.5,0.15391,not_computed,0.144173,0.870339,not_computed,not_computed,not_computed,not_computed,3.125,-1.5,not_computed,separate_run_2026-09_staging
Italy,1939,Helm,6.0,6.0,7.0,5.0,7.5,0.17019,not_computed,0.144173,0.870339,not_computed,not_computed,not_computed,not_computed,3.125,-1.5,not_computed,separate_run_2026-09_staging
Italy,1939,Shield,7.0,7.0,7.0,5.0,9.5,0.17741,not_computed,0.144173,0.870339,not_computed,not_computed,not_computed,not_computed,3.125,-1.5,not_computed,separate_run_2026-09_staging
Italy,1939,Lore,3.0,3.0,8.0,3.0,-0.5,0.122789,not_computed,0.144173,0.870339,not_computed,not_computed,not_computed,not_computed,3.125,-1.5,not_computed,separate_run_2026-09_staging
Italy,1939,Stewards,3.0,4.0,9.0,3.0,-0.5,0.115449,not_computed,0.144173,0.870339,not_computed,not_computed,not_computed,not_computed,3.125,-1.5,not_computed,separate_run_2026-09_staging
Italy,1939,Craft,5.0,5.0,6.0,5.0,6.5,0.171966,not_computed,0.144173,0.870339,not_computed,not_computed,not_computed,not_computed,3.125,-1.5,not_computed,separate_run_2026-09_staging
Italy,1939,Hands,3.0,3.0,7.0,3.0,0.5,0.130514,not_computed,0.144173,0.870339,not_computed,not_computed,not_computed,not_computed,3.125,-1.5,not_computed,separate_run_2026-09_staging
Italy,1939,Archive,2.0,3.0,8.0,3.0,-1.5,0.111161,not_computed,0.144173,0.870339,not_computed,not_computed,not_computed,not_computed,3.125,-1.5,not_computed,separate_run_2026-09_staging
Italy,1939,Flow,4.0,4.0,7.0,5.0,3.5,0.15391,not_computed,0.144173,0.870339,not_computed,not_computed,not_computed,not_computed,3.125,-1.5,not_computed,separate_run_2026-09_staging
Italy,1940,Helm,5.0,5.0,8.0,4.0,4.0,0.130749,not_computed,0.116724,0.733965,not_computed,not_computed,not_computed,not_computed,1.3125,-2.5,not_computed,separate_run_2026-09_staging
Italy,1940,Shield,7.0,7.0,8.0,5.0,8.5,0.147744,not_computed,0.116724,0.733965,not_computed,not_computed,not_computed,not_computed,1.3125,-2.5,not_computed,separate_run_2026-09_staging
Italy,1940,Lore,3.0,3.0,8.0,3.0,-0.5,0.108958,not_computed,0.116724,0.733965,not_computed,not_computed,not_computed,not_computed,1.3125,-2.5,not_computed,separate_run_2026-09_staging
Italy,1940,Stewards,2.0,3.0,9.0,3.0,-2.5,0.092881,not_computed,0.116724,0.733965,not_computed,not_computed,not_computed,not_computed,1.3125,-2.5,not_computed,separate_run_2026-09_staging
Italy,1940,Craft,4.0,4.0,7.0,4.0,3.0,0.130687,not_computed,0.116724,0.733965,not_computed,not_computed,not_computed,not_computed,1.3125,-2.5,not_computed,separate_run_2026-09_staging
Italy,1940,Hands,3.0,3.0,8.0,3.0,-0.5,0.108958,not_computed,0.116724,0.733965,not_computed,not_computed,not_computed,not_computed,1.3125,-2.5,not_computed,separate_run_2026-09_staging
Italy,1940,Archive,2.0,3.0,8.0,3.0,-1.5,0.09879,not_computed,0.116724,0.733965,not_computed,not_computed,not_computed,not_computed,1.3125,-2.5,not_computed,separate_run_2026-09_staging
Italy,1940,Flow,3.0,3.0,8.0,4.0,0.0,0.115023,not_computed,0.116724,0.733965,not_computed,not_computed,not_computed,not_computed,1.3125,-2.5,not_computed,separate_run_2026-09_staging
Italy,1941,Helm,4.0,4.0,9.0,4.0,1.0,0.103933,not_computed,0.096313,0.660326,not_computed,not_computed,not_computed,not_computed,-0.125,-2.5,not_computed,separate_run_2026-09_staging
Italy,1941,Shield,6.0,6.0,9.0,4.0,5.0,0.115879,not_computed,0.096313,0.660326,not_computed,not_computed,not_computed,not_computed,-0.125,-2.5,not_computed,separate_run_2026-09_staging
Italy,1941,Lore,3.0,3.0,8.0,3.0,-0.5,0.097563,not_computed,0.096313,0.660326,not_computed,not_computed,not_computed,not_computed,-0.125,-2.5,not_computed,separate_run_2026-09_staging
Italy,1941,Stewards,2.0,3.0,9.0,3.0,-2.5,0.083371,not_computed,0.096313,0.660326,not_computed,not_computed,not_computed,not_computed,-0.125,-2.5,not_computed,separate_run_2026-09_staging
Italy,1941,Craft,3.0,4.0,8.0,4.0,1.0,0.102891,not_computed,0.096313,0.660326,not_computed,not_computed,not_computed,not_computed,-0.125,-2.5,not_computed,separate_run_2026-09_staging
Italy,1941,Hands,3.0,3.0,9.0,2.0,-2.0,0.086357,not_computed,0.096313,0.660326,not_computed,not_computed,not_computed,not_computed,-0.125,-2.5,not_computed,separate_run_2026-09_staging
Italy,1941,Archive,2.0,3.0,8.0,3.0,-1.5,0.088598,not_computed,0.096313,0.660326,not_computed,not_computed,not_computed,not_computed,-0.125,-2.5,not_computed,separate_run_2026-09_staging
Italy,1941,Flow,3.0,3.0,9.0,3.0,-1.5,0.091913,not_computed,0.096313,0.660326,not_computed,not_computed,not_computed,not_computed,-0.125,-2.5,not_computed,separate_run_2026-09_staging
Italy,1942,Helm,3.0,4.0,9.0,3.0,-0.5,0.084874,not_computed,0.083667,0.531878,not_computed,not_computed,not_computed,not_computed,-1.1875,-5.0,not_computed,separate_run_2026-09_staging
Italy,1942,Shield,5.0,5.0,9.0,4.0,3.0,0.101466,not_computed,0.083667,0.531878,not_computed,not_computed,not_computed,not_computed,-1.1875,-5.0,not_computed,separate_run_2026-09_staging
Italy,1942,Lore,3.0,3.0,8.0,3.0,-0.5,0.090019,not_computed,0.083667,0.531878,not_computed,not_computed,not_computed,not_computed,-1.1875,-5.0,not_computed,separate_run_2026-09_staging
Italy,1942,Stewards,2.0,3.0,9.0,3.0,-2.5,0.077076,not_computed,0.083667,0.531878,not_computed,not_computed,not_computed,not_computed,-1.1875,-5.0,not_computed,separate_run_2026-09_staging
Italy,1942,Craft,3.0,4.0,8.0,4.0,1.0,0.094861,not_computed,0.083667,0.531878,not_computed,not_computed,not_computed,not_computed,-1.1875,-5.0,not_computed,separate_run_2026-09_staging
Italy,1942,Hands,2.0,2.0,10.0,2.0,-5.0,0.066892,not_computed,0.083667,0.531878,not_computed,not_computed,not_computed,not_computed,-1.1875,-5.0,not_computed,separate_run_2026-09_staging
Italy,1942,Archive,2.0,3.0,9.0,3.0,-2.5,0.077076,not_computed,0.083667,0.531878,not_computed,not_computed,not_computed,not_computed,-1.1875,-5.0,not_computed,separate_run_2026-09_staging
Italy,1942,Flow,2.0,3.0,9.0,3.0,-2.5,0.077076,not_computed,0.083667,0.531878,not_computed,not_computed,not_computed,not_computed,-1.1875,-5.0,not_computed,separate_run_2026-09_staging
Italy,1943,Helm,2.0,3.0,10.0,2.0,-4.0,0.05435,not_computed,0.057777,0.392142,not_computed,not_computed,not_computed,not_computed,-3.3125,-5.5,not_computed,separate_run_2026-09_staging
Italy,1943,Shield,3.0,4.0,9.0,3.0,-0.5,0.068411,not_computed,0.057777,0.392142,not_computed,not_computed,not_computed,not_computed,-3.3125,-5.5,not_computed,separate_run_2026-09_staging
Italy,1943,Lore,2.0,3.0,9.0,2.0,-3.0,0.057701,not_computed,0.057777,0.392142,not_computed,not_computed,not_computed,not_computed,-3.3125,-5.5,not_computed,separate_run_2026-09_staging
Italy,1943,Stewards,2.0,3.0,10.0,2.0,-4.0,0.05435,not_computed,0.057777,0.392142,not_computed,not_computed,not_computed,not_computed,-3.3125,-5.5,not_computed,separate_run_2026-09_staging
Italy,1943,Craft,2.0,3.0,8.0,3.0,-1.5,0.066068,not_computed,0.057777,0.392142,not_computed,not_computed,not_computed,not_computed,-3.3125,-5.5,not_computed,separate_run_2026-09_staging
Italy,1943,Hands,2.0,2.0,10.0,1.0,-5.5,0.049286,not_computed,0.057777,0.392142,not_computed,not_computed,not_computed,not_computed,-3.3125,-5.5,not_computed,separate_run_2026-09_staging
Italy,1943,Archive,2.0,3.0,9.0,2.0,-3.0,0.057701,not_computed,0.057777,0.392142,not_computed,not_computed,not_computed,not_computed,-3.3125,-5.5,not_computed,separate_run_2026-09_staging
Italy,1943,Flow,2.0,2.0,10.0,2.0,-5.0,0.05435,not_computed,0.057777,0.392142,not_computed,not_computed,not_computed,not_computed,-3.3125,-5.5,not_computed,separate_run_2026-09_staging
Italy,1944,Helm,2.0,3.0,10.0,2.0,-4.0,0.054862,not_computed,0.058752,0.395994,not_computed,not_computed,not_computed,not_computed,-3.0625,-5.5,not_computed,separate_run_2026-09_staging
Italy,1944,Shield,3.0,4.0,9.0,3.0,-0.5,0.069084,not_computed,0.058752,0.395994,not_computed,not_computed,not_computed,not_computed,-3.0625,-5.5,not_computed,separate_run_2026-09_staging
Italy,1944,Lore,2.0,3.0,9.0,2.0,-3.0,0.058251,not_computed,0.058752,0.395994,not_computed,not_computed,not_computed,not_computed,-3.0625,-5.5,not_computed,separate_run_2026-09_staging
Italy,1944,Stewards,2.0,3.0,10.0,2.0,-4.0,0.054862,not_computed,0.058752,0.395994,not_computed,not_computed,not_computed,not_computed,-3.0625,-5.5,not_computed,separate_run_2026-09_staging
Italy,1944,Craft,2.0,3.0,8.0,3.0,-1.5,0.066713,not_computed,0.058752,0.395994,not_computed,not_computed,not_computed,not_computed,-3.0625,-5.5,not_computed,separate_run_2026-09_staging
Italy,1944,Hands,2.0,2.0,10.0,1.0,-5.5,0.049745,not_computed,0.058752,0.395994,not_computed,not_computed,not_computed,not_computed,-3.0625,-5.5,not_computed,separate_run_2026-09_staging
Italy,1944,Archive,2.0,3.0,9.0,2.0,-3.0,0.058251,not_computed,0.058752,0.395994,not_computed,not_computed,not_computed,not_computed,-3.0625,-5.5,not_computed,separate_run_2026-09_staging
Italy,1944,Flow,2.0,3.0,9.0,2.0,-3.0,0.058251,not_computed,0.058752,0.395994,not_computed,not_computed,not_computed,not_computed,-3.0625,-5.5,not_computed,separate_run_2026-09_staging
Italy,1945,Helm,3.0,4.0,9.0,3.0,-0.5,0.092747,not_computed,0.098031,0.734273,not_computed,not_computed,not_computed,not_computed,0.3125,-1.0,not_computed,separate_run_2026-09_staging
Italy,1945,Shield,4.0,4.0,8.0,3.0,1.5,0.106377,not_computed,0.098031,0.734273,not_computed,not_computed,not_computed,not_computed,0.3125,-1.0,not_computed,separate_run_2026-09_staging
Italy,1945,Lore,3.0,4.0,8.0,3.0,0.5,0.098457,not_computed,0.098031,0.734273,not_computed,not_computed,not_computed,not_computed,0.3125,-1.0,not_computed,separate_run_2026-09_staging
Italy,1945,Stewards,3.0,4.0,9.0,3.0,-0.5,0.092747,not_computed,0.098031,0.734273,not_computed,not_computed,not_computed,not_computed,0.3125,-1.0,not_computed,separate_run_2026-09_staging
Italy,1945,Craft,3.0,4.0,7.0,3.0,1.5,0.104437,not_computed,0.098031,0.734273,not_computed,not_computed,not_computed,not_computed,0.3125,-1.0,not_computed,separate_run_2026-09_staging
Italy,1945,Hands,3.0,3.0,8.0,2.0,-1.0,0.092568,not_computed,0.098031,0.734273,not_computed,not_computed,not_computed,not_computed,0.3125,-1.0,not_computed,separate_run_2026-09_staging
Italy,1945,Archive,3.0,4.0,8.0,3.0,0.5,0.098457,not_computed,0.098031,0.734273,not_computed,not_computed,not_computed,not_computed,0.3125,-1.0,not_computed,separate_run_2026-09_staging
Italy,1945,Flow,3.0,4.0,8.0,3.0,0.5,0.098457,not_computed,0.098031,0.734273,not_computed,not_computed,not_computed,not_computed,0.3125,-1.0,not_computed,separate_run_2026-09_staging
Italy,1946,Helm,5.0,5.0,7.0,5.0,5.5,0.184167,not_computed,0.180163,1.272481,not_computed,not_computed,not_computed,not_computed,5.0625,2.5,not_computed,separate_run_2026-09_staging
Italy,1946,Shield,5.0,5.0,7.0,4.0,5.0,0.177707,not_computed,0.180163,1.272481,not_computed,not_computed,not_computed,not_computed,5.0625,2.5,not_computed,separate_run_2026-09_staging
Italy,1946,Lore,5.0,5.0,6.0,5.0,6.5,0.195304,not_computed,0.180163,1.272481,not_computed,not_computed,not_computed,not_computed,5.0625,2.5,not_computed,separate_run_2026-09_staging
Italy,1946,Stewards,5.0,5.0,7.0,5.0,5.5,0.184167,not_computed,0.180163,1.272481,not_computed,not_computed,not_computed,not_computed,5.0625,2.5,not_computed,separate_run_2026-09_staging
Italy,1946,Craft,4.0,5.0,6.0,4.0,5.0,0.177621,not_computed,0.180163,1.272481,not_computed,not_computed,not_computed,not_computed,5.0625,2.5,not_computed,separate_run_2026-09_staging
Italy,1946,Hands,4.0,4.0,7.0,3.0,2.5,0.15975,not_computed,0.180163,1.272481,not_computed,not_computed,not_computed,not_computed,5.0625,2.5,not_computed,separate_run_2026-09_staging
Italy,1946,Archive,4.0,5.0,7.0,4.0,4.0,0.16728,not_computed,0.180163,1.272481,not_computed,not_computed,not_computed,not_computed,5.0625,2.5,not_computed,separate_run_2026-09_staging
Italy,1946,Flow,5.0,5.0,6.0,5.0,6.5,0.195304,not_computed,0.180163,1.272481,not_computed,not_computed,not_computed,not_computed,5.0625,2.5,not_computed,separate_run_2026-09_staging
Italy,1947,Helm,6.0,6.0,6.0,5.0,8.5,0.228722,not_computed,0.218008,1.509571,not_computed,not_computed,not_computed,not_computed,6.5625,3.5,not_computed,separate_run_2026-09_staging
Italy,1947,Shield,5.0,5.0,6.0,4.0,6.0,0.210253,not_computed,0.218008,1.509571,not_computed,not_computed,not_computed,not_computed,6.5625,3.5,not_computed,separate_run_2026-09_staging
Italy,1947,Lore,5.0,5.0,6.0,5.0,6.5,0.217934,not_computed,0.218008,1.509571,not_computed,not_computed,not_computed,not_computed,6.5625,3.5,not_computed,separate_run_2026-09_staging
Italy,1947,Stewards,5.0,5.0,6.0,5.0,6.5,0.217934,not_computed,0.218008,1.509571,not_computed,not_computed,not_computed,not_computed,6.5625,3.5,not_computed,separate_run_2026-09_staging
Italy,1947,Craft,5.0,5.0,5.0,5.0,7.5,0.231185,not_computed,0.218008,1.509571,not_computed,not_computed,not_computed,not_computed,6.5625,3.5,not_computed,separate_run_2026-09_staging
Italy,1947,Hands,4.0,4.0,6.0,3.0,3.5,0.188919,not_computed,0.218008,1.509571,not_computed,not_computed,not_computed,not_computed,6.5625,3.5,not_computed,separate_run_2026-09_staging
Italy,1947,Archive,5.0,5.0,6.0,5.0,6.5,0.217934,not_computed,0.218008,1.509571,not_computed,not_computed,not_computed,not_computed,6.5625,3.5,not_computed,separate_run_2026-09_staging
Italy,1947,Flow,5.0,5.0,5.0,5.0,7.5,0.231185,not_computed,0.218008,1.509571,not_computed,not_computed,not_computed,not_computed,6.5625,3.5,not_computed,separate_run_2026-09_staging
Italy,1948,Helm,6.0,6.0,5.0,5.0,9.5,0.256345,not_computed,0.240005,1.67373,not_computed,not_computed,not_computed,not_computed,7.2625,4.3,not_computed,separate_run_2026-09_staging
Italy,1948,Shield,5.0,5.0,5.0,4.0,7.0,0.235728,not_computed,0.240005,1.67373,not_computed,not_computed,not_computed,not_computed,7.2625,4.3,not_computed,separate_run_2026-09_staging
Italy,1948,Lore,5.0,5.0,5.0,5.0,7.5,0.244305,not_computed,0.240005,1.67373,not_computed,not_computed,not_computed,not_computed,7.2625,4.3,not_computed,separate_run_2026-09_staging
Italy,1948,Stewards,5.0,5.0,5.2,5.0,7.3,0.241427,not_computed,0.240005,1.67373,not_computed,not_computed,not_computed,not_computed,7.2625,4.3,not_computed,separate_run_2026-09_staging
Italy,1948,Craft,5.0,5.0,5.0,5.0,7.5,0.244305,not_computed,0.240005,1.67373,not_computed,not_computed,not_computed,not_computed,7.2625,4.3,not_computed,separate_run_2026-09_staging
Italy,1948,Hands,4.0,4.0,5.2,3.0,4.3,0.209322,not_computed,0.240005,1.67373,not_computed,not_computed,not_computed,not_computed,7.2625,4.3,not_computed,separate_run_2026-09_staging
Italy,1948,Archive,5.0,5.0,5.0,5.0,7.5,0.244305,not_computed,0.240005,1.67373,not_computed,not_computed,not_computed,not_computed,7.2625,4.3,not_computed,separate_run_2026-09_staging
Italy,1948,Flow,5.0,5.0,5.0,5.0,7.5,0.244305,not_computed,0.240005,1.67373,not_computed,not_computed,not_computed,not_computed,7.2625,4.3,not_computed,separate_run_2026-09_staging
Italy,1949,Helm,6.0,6.0,5.0,5.0,9.5,0.257307,not_computed,0.24158,1.700375,not_computed,not_computed,not_computed,not_computed,7.3125,4.5,not_computed,separate_run_2026-09_staging
Italy,1949,Shield,5.0,5.0,5.0,4.0,7.0,0.2366,not_computed,0.24158,1.700375,not_computed,not_computed,not_computed,not_computed,7.3125,4.5,not_computed,separate_run_2026-09_staging
Italy,1949,Lore,5.0,5.0,5.0,5.0,7.5,0.245214,not_computed,0.24158,1.700375,not_computed,not_computed,not_computed,not_computed,7.3125,4.5,not_computed,separate_run_2026-09_staging
Italy,1949,Stewards,5.0,5.0,5.0,5.0,7.5,0.245214,not_computed,0.24158,1.700375,not_computed,not_computed,not_computed,not_computed,7.3125,4.5,not_computed,separate_run_2026-09_staging
Italy,1949,Craft,5.0,5.0,5.0,5.0,7.5,0.245214,not_computed,0.24158,1.700375,not_computed,not_computed,not_computed,not_computed,7.3125,4.5,not_computed,separate_run_2026-09_staging
Italy,1949,Hands,4.0,4.0,5.0,3.0,4.5,0.212661,not_computed,0.24158,1.700375,not_computed,not_computed,not_computed,not_computed,7.3125,4.5,not_computed,separate_run_2026-09_staging
Italy,1949,Archive,5.0,5.0,5.0,5.0,7.5,0.245214,not_computed,0.24158,1.700375,not_computed,not_computed,not_computed,not_computed,7.3125,4.5,not_computed,separate_run_2026-09_staging
Italy,1949,Flow,5.0,5.0,5.0,5.0,7.5,0.245214,not_computed,0.24158,1.700375,not_computed,not_computed,not_computed,not_computed,7.3125,4.5,not_computed,separate_run_2026-09_staging
Italy,1950,Helm,6.0,6.0,5.0,5.0,9.5,0.25951,not_computed,0.245154,1.714056,not_computed,not_computed,not_computed,not_computed,7.8125,5.5,not_computed,separate_run_2026-09_staging
Italy,1950,Shield,5.0,5.0,5.0,4.0,7.0,0.238597,not_computed,0.245154,1.714056,not_computed,not_computed,not_computed,not_computed,7.8125,5.5,not_computed,separate_run_2026-09_staging
Italy,1950,Lore,5.0,5.0,5.0,5.0,7.5,0.247296,not_computed,0.245154,1.714056,not_computed,not_computed,not_computed,not_computed,7.8125,5.5,not_computed,separate_run_2026-09_staging
Italy,1950,Stewards,5.0,5.0,5.0,5.0,7.5,0.247296,not_computed,0.245154,1.714056,not_computed,not_computed,not_computed,not_computed,7.8125,5.5,not_computed,separate_run_2026-09_staging
Italy,1950,Craft,5.0,6.0,5.0,5.0,8.5,0.247296,not_computed,0.245154,1.714056,not_computed,not_computed,not_computed,not_computed,7.8125,5.5,not_computed,separate_run_2026-09_staging
Italy,1950,Hands,4.0,5.0,5.0,3.0,5.5,0.214428,not_computed,0.245154,1.714056,not_computed,not_computed,not_computed,not_computed,7.8125,5.5,not_computed,separate_run_2026-09_staging
Italy,1950,Archive,5.0,5.0,5.0,5.0,7.5,0.247296,not_computed,0.245154,1.714056,not_computed,not_computed,not_computed,not_computed,7.8125,5.5,not_computed,separate_run_2026-09_staging
Italy,1950,Flow,6.0,6.0,5.0,5.0,9.5,0.25951,not_computed,0.245154,1.714056,not_computed,not_computed,not_computed,not_computed,7.8125,5.5,not_computed,separate_run_2026-09_staging
Italy,1951,Helm,6.0,6.0,5.0,5.0,9.5,0.267652,not_computed,0.258706,1.935492,not_computed,not_computed,not_computed,not_computed,8.175,6.8,not_computed,separate_run_2026-09_staging
Italy,1951,Shield,5.0,5.0,5.0,4.0,7.0,0.245976,not_computed,0.258706,1.935492,not_computed,not_computed,not_computed,not_computed,8.175,6.8,not_computed,separate_run_2026-09_staging
Italy,1951,Lore,5.0,5.0,5.0,5.0,7.5,0.254989,not_computed,0.258706,1.935492,not_computed,not_computed,not_computed,not_computed,8.175,6.8,not_computed,separate_run_2026-09_staging
Italy,1951,Stewards,5.0,5.0,5.0,5.0,7.5,0.254989,not_computed,0.258706,1.935492,not_computed,not_computed,not_computed,not_computed,8.175,6.8,not_computed,separate_run_2026-09_staging
Italy,1951,Craft,5.0,6.0,4.2,5.0,9.3,0.267376,not_computed,0.258706,1.935492,not_computed,not_computed,not_computed,not_computed,8.175,6.8,not_computed,separate_run_2026-09_staging
Italy,1951,Hands,4.8,5.0,5.0,4.0,6.8,0.243172,not_computed,0.258706,1.935492,not_computed,not_computed,not_computed,not_computed,8.175,6.8,not_computed,separate_run_2026-09_staging
Italy,1951,Archive,5.0,5.0,5.0,5.0,7.5,0.254989,not_computed,0.258706,1.935492,not_computed,not_computed,not_computed,not_computed,8.175,6.8,not_computed,separate_run_2026-09_staging
Italy,1951,Flow,6.0,6.0,4.2,5.0,10.3,0.280502,not_computed,0.258706,1.935492,not_computed,not_computed,not_computed,not_computed,8.175,6.8,not_computed,separate_run_2026-09_staging
Italy,1952,Helm,6.0,6.0,5.0,5.0,9.5,0.278568,not_computed,0.27731,2.021085,not_computed,not_computed,not_computed,not_computed,8.6875,7.0,not_computed,separate_run_2026-09_staging
Italy,1952,Shield,5.0,5.0,5.0,4.0,7.0,0.255869,not_computed,0.27731,2.021085,not_computed,not_computed,not_computed,not_computed,8.6875,7.0,not_computed,separate_run_2026-09_staging
Italy,1952,Lore,5.0,5.0,4.0,5.0,8.5,0.281598,not_computed,0.27731,2.021085,not_computed,not_computed,not_computed,not_computed,8.6875,7.0,not_computed,separate_run_2026-09_staging
Italy,1952,Stewards,5.0,5.0,5.0,5.0,7.5,0.265304,not_computed,0.27731,2.021085,not_computed,not_computed,not_computed,not_computed,8.6875,7.0,not_computed,separate_run_2026-09_staging
Italy,1952,Craft,6.0,6.0,4.0,5.0,10.5,0.295484,not_computed,0.27731,2.021085,not_computed,not_computed,not_computed,not_computed,8.6875,7.0,not_computed,separate_run_2026-09_staging
Italy,1952,Hands,5.0,5.0,5.0,4.0,7.0,0.255869,not_computed,0.27731,2.021085,not_computed,not_computed,not_computed,not_computed,8.6875,7.0,not_computed,separate_run_2026-09_staging
Italy,1952,Archive,5.0,5.0,4.0,5.0,8.5,0.281598,not_computed,0.27731,2.021085,not_computed,not_computed,not_computed,not_computed,8.6875,7.0,not_computed,separate_run_2026-09_staging
Italy,1952,Flow,6.0,6.0,4.0,6.0,11.0,0.304186,not_computed,0.27731,2.021085,not_computed,not_computed,not_computed,not_computed,8.6875,7.0,not_computed,separate_run_2026-09_staging
Italy,1953,Helm,6.0,6.0,5.0,5.0,9.5,0.278568,not_computed,0.27731,2.021085,not_computed,not_computed,not_computed,not_computed,8.6875,7.0,not_computed,separate_run_2026-09_staging
Italy,1953,Shield,5.0,5.0,5.0,4.0,7.0,0.255869,not_computed,0.27731,2.021085,not_computed,not_computed,not_computed,not_computed,8.6875,7.0,not_computed,separate_run_2026-09_staging
Italy,1953,Lore,5.0,5.0,4.0,5.0,8.5,0.281598,not_computed,0.27731,2.021085,not_computed,not_computed,not_computed,not_computed,8.6875,7.0,not_computed,separate_run_2026-09_staging
Italy,1953,Stewards,5.0,5.0,5.0,5.0,7.5,0.265304,not_computed,0.27731,2.021085,not_computed,not_computed,not_computed,not_computed,8.6875,7.0,not_computed,separate_run_2026-09_staging
Italy,1953,Craft,6.0,6.0,4.0,5.0,10.5,0.295484,not_computed,0.27731,2.021085,not_computed,not_computed,not_computed,not_computed,8.6875,7.0,not_computed,separate_run_2026-09_staging
Italy,1953,Hands,5.0,5.0,5.0,4.0,7.0,0.255869,not_computed,0.27731,2.021085,not_computed,not_computed,not_computed,not_computed,8.6875,7.0,not_computed,separate_run_2026-09_staging
Italy,1953,Archive,5.0,5.0,4.0,5.0,8.5,0.281598,not_computed,0.27731,2.021085,not_computed,not_computed,not_computed,not_computed,8.6875,7.0,not_computed,separate_run_2026-09_staging
Italy,1953,Flow,6.0,6.0,4.0,6.0,11.0,0.304186,not_computed,0.27731,2.021085,not_computed,not_computed,not_computed,not_computed,8.6875,7.0,not_computed,separate_run_2026-09_staging
Italy,1954,Helm,6.0,6.0,5.0,5.0,9.5,0.28117,not_computed,0.281901,2.058959,not_computed,not_computed,not_computed,not_computed,8.8125,7.0,not_computed,separate_run_2026-09_staging
Italy,1954,Shield,5.0,5.0,5.0,4.0,7.0,0.258228,not_computed,0.281901,2.058959,not_computed,not_computed,not_computed,not_computed,8.8125,7.0,not_computed,separate_run_2026-09_staging
Italy,1954,Lore,5.0,5.0,4.0,5.0,8.5,0.284233,not_computed,0.281901,2.058959,not_computed,not_computed,not_computed,not_computed,8.8125,7.0,not_computed,separate_run_2026-09_staging
Italy,1954,Stewards,5.0,5.0,5.0,5.0,7.5,0.267763,not_computed,0.281901,2.058959,not_computed,not_computed,not_computed,not_computed,8.8125,7.0,not_computed,separate_run_2026-09_staging
Italy,1954,Craft,6.0,6.0,4.0,5.0,10.5,0.298273,not_computed,0.281901,2.058959,not_computed,not_computed,not_computed,not_computed,8.8125,7.0,not_computed,separate_run_2026-09_staging
Italy,1954,Hands,5.0,5.0,4.0,4.0,8.0,0.274234,not_computed,0.281901,2.058959,not_computed,not_computed,not_computed,not_computed,8.8125,7.0,not_computed,separate_run_2026-09_staging
Italy,1954,Archive,5.0,5.0,4.0,5.0,8.5,0.284233,not_computed,0.281901,2.058959,not_computed,not_computed,not_computed,not_computed,8.8125,7.0,not_computed,separate_run_2026-09_staging
Italy,1954,Flow,6.0,6.0,4.0,6.0,11.0,0.307073,not_computed,0.281901,2.058959,not_computed,not_computed,not_computed,not_computed,8.8125,7.0,not_computed,separate_run_2026-09_staging
Italy,1955,Helm,6.0,6.0,5.0,5.0,9.5,0.28117,not_computed,0.281901,2.058959,not_computed,not_computed,not_computed,not_computed,9.0625,7.0,not_computed,separate_run_2026-09_staging
Italy,1955,Shield,5.0,5.0,5.0,4.0,7.0,0.258228,not_computed,0.281901,2.058959,not_computed,not_computed,not_computed,not_computed,9.0625,7.0,not_computed,separate_run_2026-09_staging
Italy,1955,Lore,5.0,5.0,4.0,5.0,8.5,0.284233,not_computed,0.281901,2.058959,not_computed,not_computed,not_computed,not_computed,9.0625,7.0,not_computed,separate_run_2026-09_staging
Italy,1955,Stewards,5.0,5.0,5.0,5.0,7.5,0.267763,not_computed,0.281901,2.058959,not_computed,not_computed,not_computed,not_computed,9.0625,7.0,not_computed,separate_run_2026-09_staging
Italy,1955,Craft,6.0,7.0,4.0,5.0,11.5,0.298273,not_computed,0.281901,2.058959,not_computed,not_computed,not_computed,not_computed,9.0625,7.0,not_computed,separate_run_2026-09_staging
Italy,1955,Hands,5.0,5.0,4.0,4.0,8.0,0.274234,not_computed,0.281901,2.058959,not_computed,not_computed,not_computed,not_computed,9.0625,7.0,not_computed,separate_run_2026-09_staging
Italy,1955,Archive,5.0,5.0,4.0,5.0,8.5,0.284233,not_computed,0.281901,2.058959,not_computed,not_computed,not_computed,not_computed,9.0625,7.0,not_computed,separate_run_2026-09_staging
Italy,1955,Flow,6.0,7.0,4.0,6.0,12.0,0.307073,not_computed,0.281901,2.058959,not_computed,not_computed,not_computed,not_computed,9.0625,7.0,not_computed,separate_run_2026-09_staging
Italy,1956,Helm,6.0,6.0,5.0,5.0,9.5,0.282674,not_computed,0.284518,2.068824,not_computed,not_computed,not_computed,not_computed,9.25,7.0,not_computed,separate_run_2026-09_staging
Italy,1956,Shield,5.0,5.0,5.0,4.0,7.0,0.259591,not_computed,0.284518,2.068824,not_computed,not_computed,not_computed,not_computed,9.25,7.0,not_computed,separate_run_2026-09_staging
Italy,1956,Lore,5.0,5.0,4.0,5.0,8.5,0.285757,not_computed,0.284518,2.068824,not_computed,not_computed,not_computed,not_computed,9.25,7.0,not_computed,separate_run_2026-09_staging
Italy,1956,Stewards,5.0,5.0,5.0,5.0,7.5,0.269184,not_computed,0.284518,2.068824,not_computed,not_computed,not_computed,not_computed,9.25,7.0,not_computed,separate_run_2026-09_staging
Italy,1956,Craft,6.0,7.0,4.0,6.0,12.0,0.308742,not_computed,0.284518,2.068824,not_computed,not_computed,not_computed,not_computed,9.25,7.0,not_computed,separate_run_2026-09_staging
Italy,1956,Hands,5.0,6.0,4.0,4.0,9.0,0.275696,not_computed,0.284518,2.068824,not_computed,not_computed,not_computed,not_computed,9.25,7.0,not_computed,separate_run_2026-09_staging
Italy,1956,Archive,5.0,5.0,4.0,5.0,8.5,0.285757,not_computed,0.284518,2.068824,not_computed,not_computed,not_computed,not_computed,9.25,7.0,not_computed,separate_run_2026-09_staging
Italy,1956,Flow,6.0,7.0,4.0,6.0,12.0,0.308742,not_computed,0.284518,2.068824,not_computed,not_computed,not_computed,not_computed,9.25,7.0,not_computed,separate_run_2026-09_staging
Italy,1957,Helm,6.0,6.0,5.0,5.0,9.5,0.282674,not_computed,0.284518,2.068824,not_computed,not_computed,not_computed,not_computed,9.25,7.0,not_computed,separate_run_2026-09_staging
Italy,1957,Shield,5.0,5.0,5.0,4.0,7.0,0.259591,not_computed,0.284518,2.068824,not_computed,not_computed,not_computed,not_computed,9.25,7.0,not_computed,separate_run_2026-09_staging
Italy,1957,Lore,5.0,5.0,4.0,5.0,8.5,0.285757,not_computed,0.284518,2.068824,not_computed,not_computed,not_computed,not_computed,9.25,7.0,not_computed,separate_run_2026-09_staging
Italy,1957,Stewards,5.0,5.0,5.0,5.0,7.5,0.269184,not_computed,0.284518,2.068824,not_computed,not_computed,not_computed,not_computed,9.25,7.0,not_computed,separate_run_2026-09_staging
Italy,1957,Craft,6.0,7.0,4.0,6.0,12.0,0.308742,not_computed,0.284518,2.068824,not_computed,not_computed,not_computed,not_computed,9.25,7.0,not_computed,separate_run_2026-09_staging
Italy,1957,Hands,5.0,6.0,4.0,4.0,9.0,0.275696,not_computed,0.284518,2.068824,not_computed,not_computed,not_computed,not_computed,9.25,7.0,not_computed,separate_run_2026-09_staging
Italy,1957,Archive,5.0,5.0,4.0,5.0,8.5,0.285757,not_computed,0.284518,2.068824,not_computed,not_computed,not_computed,not_computed,9.25,7.0,not_computed,separate_run_2026-09_staging
Italy,1957,Flow,6.0,7.0,4.0,6.0,12.0,0.308742,not_computed,0.284518,2.068824,not_computed,not_computed,not_computed,not_computed,9.25,7.0,not_computed,separate_run_2026-09_staging
Italy,1958,Helm,6.0,6.0,5.0,5.0,9.5,0.282674,not_computed,0.284518,2.068824,not_computed,not_computed,not_computed,not_computed,9.25,7.0,not_computed,separate_run_2026-09_staging
Italy,1958,Shield,5.0,5.0,5.0,4.0,7.0,0.259591,not_computed,0.284518,2.068824,not_computed,not_computed,not_computed,not_computed,9.25,7.0,not_computed,separate_run_2026-09_staging
Italy,1958,Lore,5.0,5.0,4.0,5.0,8.5,0.285757,not_computed,0.284518,2.068824,not_computed,not_computed,not_computed,not_computed,9.25,7.0,not_computed,separate_run_2026-09_staging
Italy,1958,Stewards,5.0,5.0,5.0,5.0,7.5,0.269184,not_computed,0.284518,2.068824,not_computed,not_computed,not_computed,not_computed,9.25,7.0,not_computed,separate_run_2026-09_staging
Italy,1958,Craft,6.0,7.0,4.0,6.0,12.0,0.308742,not_computed,0.284518,2.068824,not_computed,not_computed,not_computed,not_computed,9.25,7.0,not_computed,separate_run_2026-09_staging
Italy,1958,Hands,5.0,6.0,4.0,4.0,9.0,0.275696,not_computed,0.284518,2.068824,not_computed,not_computed,not_computed,not_computed,9.25,7.0,not_computed,separate_run_2026-09_staging
Italy,1958,Archive,5.0,5.0,4.0,5.0,8.5,0.285757,not_computed,0.284518,2.068824,not_computed,not_computed,not_computed,not_computed,9.25,7.0,not_computed,separate_run_2026-09_staging
Italy,1958,Flow,6.0,7.0,4.0,6.0,12.0,0.308742,not_computed,0.284518,2.068824,not_computed,not_computed,not_computed,not_computed,9.25,7.0,not_computed,separate_run_2026-09_staging
Italy,1959,Helm,6.0,6.0,5.0,5.0,9.5,0.287006,not_computed,0.292082,2.097009,not_computed,not_computed,not_computed,not_computed,9.75,7.0,not_computed,separate_run_2026-09_staging
Italy,1959,Shield,5.0,5.0,5.0,4.0,7.0,0.263517,not_computed,0.292082,2.097009,not_computed,not_computed,not_computed,not_computed,9.75,7.0,not_computed,separate_run_2026-09_staging
Italy,1959,Lore,5.0,6.0,4.0,5.0,9.5,0.290144,not_computed,0.292082,2.097009,not_computed,not_computed,not_computed,not_computed,9.75,7.0,not_computed,separate_run_2026-09_staging
Italy,1959,Stewards,5.0,5.0,5.0,5.0,7.5,0.273278,not_computed,0.292082,2.097009,not_computed,not_computed,not_computed,not_computed,9.75,7.0,not_computed,separate_run_2026-09_staging
Italy,1959,Craft,7.0,7.0,4.0,6.0,13.0,0.326332,not_computed,0.292082,2.097009,not_computed,not_computed,not_computed,not_computed,9.75,7.0,not_computed,separate_run_2026-09_staging
Italy,1959,Hands,5.0,6.0,4.0,4.0,9.0,0.279903,not_computed,0.292082,2.097009,not_computed,not_computed,not_computed,not_computed,9.75,7.0,not_computed,separate_run_2026-09_staging
Italy,1959,Archive,5.0,6.0,4.0,5.0,9.5,0.290144,not_computed,0.292082,2.097009,not_computed,not_computed,not_computed,not_computed,9.75,7.0,not_computed,separate_run_2026-09_staging
Italy,1959,Flow,7.0,7.0,4.0,6.0,13.0,0.326332,not_computed,0.292082,2.097009,not_computed,not_computed,not_computed,not_computed,9.75,7.0,not_computed,separate_run_2026-09_staging
Italy,1960,Helm,6.0,6.0,5.0,5.0,9.5,0.294362,not_computed,0.305254,2.146877,not_computed,not_computed,not_computed,not_computed,10.0625,7.0,not_computed,separate_run_2026-09_staging
Italy,1960,Shield,5.0,5.0,5.0,4.0,7.0,0.270185,not_computed,0.305254,2.146877,not_computed,not_computed,not_computed,not_computed,10.0625,7.0,not_computed,separate_run_2026-09_staging
Italy,1960,Lore,5.0,6.0,4.0,5.0,9.5,0.297594,not_computed,0.305254,2.146877,not_computed,not_computed,not_computed,not_computed,10.0625,7.0,not_computed,separate_run_2026-09_staging
Italy,1960,Stewards,5.0,5.0,5.0,5.0,7.5,0.280229,not_computed,0.305254,2.146877,not_computed,not_computed,not_computed,not_computed,10.0625,7.0,not_computed,separate_run_2026-09_staging
Italy,1960,Craft,7.0,7.0,3.0,6.0,14.0,0.354761,not_computed,0.305254,2.146877,not_computed,not_computed,not_computed,not_computed,10.0625,7.0,not_computed,separate_run_2026-09_staging
Italy,1960,Hands,6.0,6.0,4.0,5.0,10.5,0.312413,not_computed,0.305254,2.146877,not_computed,not_computed,not_computed,not_computed,10.0625,7.0,not_computed,separate_run_2026-09_staging
Italy,1960,Archive,5.0,6.0,4.0,5.0,9.5,0.297594,not_computed,0.305254,2.146877,not_computed,not_computed,not_computed,not_computed,10.0625,7.0,not_computed,separate_run_2026-09_staging
Italy,1960,Flow,7.0,7.0,4.0,6.0,13.0,0.334891,not_computed,0.305254,2.146877,not_computed,not_computed,not_computed,not_computed,10.0625,7.0,not_computed,separate_run_2026-09_staging
Italy,1961,Helm,6.0,6.0,5.0,5.0,9.5,0.294362,not_computed,0.305254,2.146877,not_computed,not_computed,not_computed,not_computed,10.0625,7.0,not_computed,separate_run_2026-09_staging
Italy,1961,Shield,5.0,5.0,5.0,4.0,7.0,0.270185,not_computed,0.305254,2.146877,not_computed,not_computed,not_computed,not_computed,10.0625,7.0,not_computed,separate_run_2026-09_staging
Italy,1961,Lore,5.0,6.0,4.0,5.0,9.5,0.297594,not_computed,0.305254,2.146877,not_computed,not_computed,not_computed,not_computed,10.0625,7.0,not_computed,separate_run_2026-09_staging
Italy,1961,Stewards,5.0,5.0,5.0,5.0,7.5,0.280229,not_computed,0.305254,2.146877,not_computed,not_computed,not_computed,not_computed,10.0625,7.0,not_computed,separate_run_2026-09_staging
Italy,1961,Craft,7.0,7.0,3.0,6.0,14.0,0.354761,not_computed,0.305254,2.146877,not_computed,not_computed,not_computed,not_computed,10.0625,7.0,not_computed,separate_run_2026-09_staging
Italy,1961,Hands,6.0,6.0,4.0,5.0,10.5,0.312413,not_computed,0.305254,2.146877,not_computed,not_computed,not_computed,not_computed,10.0625,7.0,not_computed,separate_run_2026-09_staging
Italy,1961,Archive,5.0,6.0,4.0,5.0,9.5,0.297594,not_computed,0.305254,2.146877,not_computed,not_computed,not_computed,not_computed,10.0625,7.0,not_computed,separate_run_2026-09_staging
Italy,1961,Flow,7.0,7.0,4.0,6.0,13.0,0.334891,not_computed,0.305254,2.146877,not_computed,not_computed,not_computed,not_computed,10.0625,7.0,not_computed,separate_run_2026-09_staging
Italy,1962,Helm,6.0,6.0,5.0,5.0,9.5,0.299818,not_computed,0.315312,2.184023,not_computed,not_computed,not_computed,not_computed,10.4375,7.0,not_computed,separate_run_2026-09_staging
Italy,1962,Shield,5.0,5.0,5.0,4.0,7.0,0.275129,not_computed,0.315312,2.184023,not_computed,not_computed,not_computed,not_computed,10.4375,7.0,not_computed,separate_run_2026-09_staging
Italy,1962,Lore,5.0,6.0,4.0,6.0,10.0,0.313338,not_computed,0.315312,2.184023,not_computed,not_computed,not_computed,not_computed,10.4375,7.0,not_computed,separate_run_2026-09_staging
Italy,1962,Stewards,5.0,6.0,5.0,5.0,8.5,0.285384,not_computed,0.315312,2.184023,not_computed,not_computed,not_computed,not_computed,10.4375,7.0,not_computed,separate_run_2026-09_staging
Italy,1962,Craft,7.0,7.0,3.0,6.0,14.0,0.361565,not_computed,0.315312,2.184023,not_computed,not_computed,not_computed,not_computed,10.4375,7.0,not_computed,separate_run_2026-09_staging
Italy,1962,Hands,6.0,6.0,4.0,5.0,10.5,0.31826,not_computed,0.315312,2.184023,not_computed,not_computed,not_computed,not_computed,10.4375,7.0,not_computed,separate_run_2026-09_staging
Italy,1962,Archive,6.0,6.0,4.0,6.0,11.0,0.327761,not_computed,0.315312,2.184023,not_computed,not_computed,not_computed,not_computed,10.4375,7.0,not_computed,separate_run_2026-09_staging
Italy,1962,Flow,7.0,7.0,4.0,6.0,13.0,0.341239,not_computed,0.315312,2.184023,not_computed,not_computed,not_computed,not_computed,10.4375,7.0,not_computed,separate_run_2026-09_staging
Italy,1963,Helm,6.0,6.0,5.0,5.0,9.5,0.279585,not_computed,0.279085,2.027537,not_computed,not_computed,not_computed,not_computed,9.5,7.0,not_computed,separate_run_2026-09_staging
Italy,1963,Shield,5.0,5.0,5.0,4.0,7.0,0.256791,not_computed,0.279085,2.027537,not_computed,not_computed,not_computed,not_computed,9.5,7.0,not_computed,separate_run_2026-09_staging
Italy,1963,Lore,5.0,6.0,4.0,6.0,10.0,0.292043,not_computed,0.279085,2.027537,not_computed,not_computed,not_computed,not_computed,9.5,7.0,not_computed,separate_run_2026-09_staging
Italy,1963,Stewards,5.0,6.0,5.0,5.0,8.5,0.266265,not_computed,0.279085,2.027537,not_computed,not_computed,not_computed,not_computed,9.5,7.0,not_computed,separate_run_2026-09_staging
Italy,1963,Craft,6.0,7.0,4.0,6.0,12.0,0.305314,not_computed,0.279085,2.027537,not_computed,not_computed,not_computed,not_computed,9.5,7.0,not_computed,separate_run_2026-09_staging
Italy,1963,Hands,5.0,6.0,5.0,4.0,8.0,0.256791,not_computed,0.279085,2.027537,not_computed,not_computed,not_computed,not_computed,9.5,7.0,not_computed,separate_run_2026-09_staging
Italy,1963,Archive,6.0,6.0,5.0,6.0,10.0,0.287944,not_computed,0.279085,2.027537,not_computed,not_computed,not_computed,not_computed,9.5,7.0,not_computed,separate_run_2026-09_staging
Italy,1963,Flow,6.0,7.0,5.0,6.0,11.0,0.287944,not_computed,0.279085,2.027537,not_computed,not_computed,not_computed,not_computed,9.5,7.0,not_computed,separate_run_2026-09_staging
Italy,1964,Helm,6.0,6.0,5.0,5.0,9.5,0.279585,not_computed,0.279085,2.027537,not_computed,not_computed,not_computed,not_computed,9.5,7.0,not_computed,separate_run_2026-09_staging
Italy,1964,Shield,5.0,5.0,5.0,4.0,7.0,0.256791,not_computed,0.279085,2.027537,not_computed,not_computed,not_computed,not_computed,9.5,7.0,not_computed,separate_run_2026-09_staging
Italy,1964,Lore,5.0,6.0,4.0,6.0,10.0,0.292043,not_computed,0.279085,2.027537,not_computed,not_computed,not_computed,not_computed,9.5,7.0,not_computed,separate_run_2026-09_staging
Italy,1964,Stewards,5.0,6.0,5.0,5.0,8.5,0.266265,not_computed,0.279085,2.027537,not_computed,not_computed,not_computed,not_computed,9.5,7.0,not_computed,separate_run_2026-09_staging
Italy,1964,Craft,6.0,7.0,4.0,6.0,12.0,0.305314,not_computed,0.279085,2.027537,not_computed,not_computed,not_computed,not_computed,9.5,7.0,not_computed,separate_run_2026-09_staging
Italy,1964,Hands,5.0,6.0,5.0,4.0,8.0,0.256791,not_computed,0.279085,2.027537,not_computed,not_computed,not_computed,not_computed,9.5,7.0,not_computed,separate_run_2026-09_staging
Italy,1964,Archive,6.0,6.0,5.0,6.0,10.0,0.287944,not_computed,0.279085,2.027537,not_computed,not_computed,not_computed,not_computed,9.5,7.0,not_computed,separate_run_2026-09_staging
Italy,1964,Flow,6.0,7.0,5.0,6.0,11.0,0.287944,not_computed,0.279085,2.027537,not_computed,not_computed,not_computed,not_computed,9.5,7.0,not_computed,separate_run_2026-09_staging
Italy,1965,Helm,6.0,6.0,5.0,5.0,9.5,0.279585,not_computed,0.279085,2.027537,not_computed,not_computed,not_computed,not_computed,9.5,7.0,not_computed,separate_run_2026-09_staging
Italy,1965,Shield,5.0,5.0,5.0,4.0,7.0,0.256791,not_computed,0.279085,2.027537,not_computed,not_computed,not_computed,not_computed,9.5,7.0,not_computed,separate_run_2026-09_staging
Italy,1965,Lore,5.0,6.0,4.0,6.0,10.0,0.292043,not_computed,0.279085,2.027537,not_computed,not_computed,not_computed,not_computed,9.5,7.0,not_computed,separate_run_2026-09_staging
Italy,1965,Stewards,5.0,6.0,5.0,5.0,8.5,0.266265,not_computed,0.279085,2.027537,not_computed,not_computed,not_computed,not_computed,9.5,7.0,not_computed,separate_run_2026-09_staging
Italy,1965,Craft,6.0,7.0,4.0,6.0,12.0,0.305314,not_computed,0.279085,2.027537,not_computed,not_computed,not_computed,not_computed,9.5,7.0,not_computed,separate_run_2026-09_staging
Italy,1965,Hands,5.0,6.0,5.0,4.0,8.0,0.256791,not_computed,0.279085,2.027537,not_computed,not_computed,not_computed,not_computed,9.5,7.0,not_computed,separate_run_2026-09_staging
Italy,1965,Archive,6.0,6.0,5.0,6.0,10.0,0.287944,not_computed,0.279085,2.027537,not_computed,not_computed,not_computed,not_computed,9.5,7.0,not_computed,separate_run_2026-09_staging
Italy,1965,Flow,6.0,7.0,5.0,6.0,11.0,0.287944,not_computed,0.279085,2.027537,not_computed,not_computed,not_computed,not_computed,9.5,7.0,not_computed,separate_run_2026-09_staging
Italy,1966,Helm,6.0,6.0,5.0,5.0,9.5,0.279585,not_computed,0.279085,2.027537,not_computed,not_computed,not_computed,not_computed,9.5,7.0,not_computed,separate_run_2026-09_staging
Italy,1966,Shield,5.0,5.0,5.0,4.0,7.0,0.256791,not_computed,0.279085,2.027537,not_computed,not_computed,not_computed,not_computed,9.5,7.0,not_computed,separate_run_2026-09_staging
Italy,1966,Lore,5.0,6.0,4.0,6.0,10.0,0.292043,not_computed,0.279085,2.027537,not_computed,not_computed,not_computed,not_computed,9.5,7.0,not_computed,separate_run_2026-09_staging
Italy,1966,Stewards,5.0,6.0,5.0,5.0,8.5,0.266265,not_computed,0.279085,2.027537,not_computed,not_computed,not_computed,not_computed,9.5,7.0,not_computed,separate_run_2026-09_staging
Italy,1966,Craft,6.0,7.0,4.0,6.0,12.0,0.305314,not_computed,0.279085,2.027537,not_computed,not_computed,not_computed,not_computed,9.5,7.0,not_computed,separate_run_2026-09_staging
Italy,1966,Hands,5.0,6.0,5.0,4.0,8.0,0.256791,not_computed,0.279085,2.027537,not_computed,not_computed,not_computed,not_computed,9.5,7.0,not_computed,separate_run_2026-09_staging
Italy,1966,Archive,6.0,6.0,5.0,6.0,10.0,0.287944,not_computed,0.279085,2.027537,not_computed,not_computed,not_computed,not_computed,9.5,7.0,not_computed,separate_run_2026-09_staging
Italy,1966,Flow,6.0,7.0,5.0,6.0,11.0,0.287944,not_computed,0.279085,2.027537,not_computed,not_computed,not_computed,not_computed,9.5,7.0,not_computed,separate_run_2026-09_staging
Italy,1967,Helm,6.0,6.0,5.0,5.0,9.5,0.279585,not_computed,0.279085,2.027537,not_computed,not_computed,not_computed,not_computed,9.5,7.0,not_computed,separate_run_2026-09_staging
Italy,1967,Shield,5.0,5.0,5.0,4.0,7.0,0.256791,not_computed,0.279085,2.027537,not_computed,not_computed,not_computed,not_computed,9.5,7.0,not_computed,separate_run_2026-09_staging
Italy,1967,Lore,5.0,6.0,4.0,6.0,10.0,0.292043,not_computed,0.279085,2.027537,not_computed,not_computed,not_computed,not_computed,9.5,7.0,not_computed,separate_run_2026-09_staging
Italy,1967,Stewards,5.0,6.0,5.0,5.0,8.5,0.266265,not_computed,0.279085,2.027537,not_computed,not_computed,not_computed,not_computed,9.5,7.0,not_computed,separate_run_2026-09_staging
Italy,1967,Craft,6.0,7.0,4.0,6.0,12.0,0.305314,not_computed,0.279085,2.027537,not_computed,not_computed,not_computed,not_computed,9.5,7.0,not_computed,separate_run_2026-09_staging
Italy,1967,Hands,5.0,6.0,5.0,4.0,8.0,0.256791,not_computed,0.279085,2.027537,not_computed,not_computed,not_computed,not_computed,9.5,7.0,not_computed,separate_run_2026-09_staging
Italy,1967,Archive,6.0,6.0,5.0,6.0,10.0,0.287944,not_computed,0.279085,2.027537,not_computed,not_computed,not_computed,not_computed,9.5,7.0,not_computed,separate_run_2026-09_staging
Italy,1967,Flow,6.0,7.0,5.0,6.0,11.0,0.287944,not_computed,0.279085,2.027537,not_computed,not_computed,not_computed,not_computed,9.5,7.0,not_computed,separate_run_2026-09_staging
Italy,1968,Helm,6.0,6.0,5.0,5.0,9.5,0.279585,not_computed,0.279085,2.027537,not_computed,not_computed,not_computed,not_computed,9.25,7.0,not_computed,separate_run_2026-09_staging
Italy,1968,Shield,5.0,5.0,5.0,4.0,7.0,0.256791,not_computed,0.279085,2.027537,not_computed,not_computed,not_computed,not_computed,9.25,7.0,not_computed,separate_run_2026-09_staging
Italy,1968,Lore,5.0,6.0,4.0,6.0,10.0,0.292043,not_computed,0.279085,2.027537,not_computed,not_computed,not_computed,not_computed,9.25,7.0,not_computed,separate_run_2026-09_staging
Italy,1968,Stewards,5.0,6.0,5.0,5.0,8.5,0.266265,not_computed,0.279085,2.027537,not_computed,not_computed,not_computed,not_computed,9.25,7.0,not_computed,separate_run_2026-09_staging
Italy,1968,Craft,6.0,6.0,4.0,6.0,11.0,0.305314,not_computed,0.279085,2.027537,not_computed,not_computed,not_computed,not_computed,9.25,7.0,not_computed,separate_run_2026-09_staging
Italy,1968,Hands,5.0,6.0,5.0,4.0,8.0,0.256791,not_computed,0.279085,2.027537,not_computed,not_computed,not_computed,not_computed,9.25,7.0,not_computed,separate_run_2026-09_staging
Italy,1968,Archive,6.0,6.0,5.0,6.0,10.0,0.287944,not_computed,0.279085,2.027537,not_computed,not_computed,not_computed,not_computed,9.25,7.0,not_computed,separate_run_2026-09_staging
Italy,1968,Flow,6.0,6.0,5.0,6.0,10.0,0.287944,not_computed,0.279085,2.027537,not_computed,not_computed,not_computed,not_computed,9.25,7.0,not_computed,separate_run_2026-09_staging
Italy,1969,Helm,6.0,6.0,5.0,5.0,9.5,0.274657,not_computed,0.270546,1.915735,not_computed,not_computed,not_computed,not_computed,9.025,7.0,not_computed,separate_run_2026-09_staging
Italy,1969,Shield,5.0,5.0,5.0,4.0,7.0,0.252325,not_computed,0.270546,1.915735,not_computed,not_computed,not_computed,not_computed,9.025,7.0,not_computed,separate_run_2026-09_staging
Italy,1969,Lore,5.0,6.0,4.0,6.0,10.0,0.286857,not_computed,0.270546,1.915735,not_computed,not_computed,not_computed,not_computed,9.025,7.0,not_computed,separate_run_2026-09_staging
Italy,1969,Stewards,5.0,6.0,5.0,5.0,8.5,0.261609,not_computed,0.270546,1.915735,not_computed,not_computed,not_computed,not_computed,9.025,7.0,not_computed,separate_run_2026-09_staging
Italy,1969,Craft,6.0,6.0,5.0,6.0,10.0,0.282844,not_computed,0.270546,1.915735,not_computed,not_computed,not_computed,not_computed,9.025,7.0,not_computed,separate_run_2026-09_staging
Italy,1969,Hands,5.0,6.0,5.8,4.0,7.2,0.240391,not_computed,0.270546,1.915735,not_computed,not_computed,not_computed,not_computed,9.025,7.0,not_computed,separate_run_2026-09_staging
Italy,1969,Archive,6.0,6.0,5.0,6.0,10.0,0.282844,not_computed,0.270546,1.915735,not_computed,not_computed,not_computed,not_computed,9.025,7.0,not_computed,separate_run_2026-09_staging
Italy,1969,Flow,6.0,6.0,5.0,6.0,10.0,0.282844,not_computed,0.270546,1.915735,not_computed,not_computed,not_computed,not_computed,9.025,7.0,not_computed,separate_run_2026-09_staging
Italy,1970,Helm,6.0,6.0,5.0,5.0,9.5,0.274185,not_computed,0.269719,1.890427,not_computed,not_computed,not_computed,not_computed,9.0,7.0,not_computed,separate_run_2026-09_staging
Italy,1970,Shield,5.0,5.0,5.0,4.0,7.0,0.251897,not_computed,0.269719,1.890427,not_computed,not_computed,not_computed,not_computed,9.0,7.0,not_computed,separate_run_2026-09_staging
Italy,1970,Lore,5.0,6.0,4.0,6.0,10.0,0.28636,not_computed,0.269719,1.890427,not_computed,not_computed,not_computed,not_computed,9.0,7.0,not_computed,separate_run_2026-09_staging
Italy,1970,Stewards,5.0,6.0,5.0,5.0,8.5,0.261163,not_computed,0.269719,1.890427,not_computed,not_computed,not_computed,not_computed,9.0,7.0,not_computed,separate_run_2026-09_staging
Italy,1970,Craft,6.0,6.0,5.0,6.0,10.0,0.282355,not_computed,0.269719,1.890427,not_computed,not_computed,not_computed,not_computed,9.0,7.0,not_computed,separate_run_2026-09_staging
Italy,1970,Hands,5.0,6.0,6.0,4.0,7.0,0.237081,not_computed,0.269719,1.890427,not_computed,not_computed,not_computed,not_computed,9.0,7.0,not_computed,separate_run_2026-09_staging
Italy,1970,Archive,6.0,6.0,5.0,6.0,10.0,0.282355,not_computed,0.269719,1.890427,not_computed,not_computed,not_computed,not_computed,9.0,7.0,not_computed,separate_run_2026-09_staging
Italy,1970,Flow,6.0,6.0,5.0,6.0,10.0,0.282355,not_computed,0.269719,1.890427,not_computed,not_computed,not_computed,not_computed,9.0,7.0,not_computed,separate_run_2026-09_staging
Italy,1971,Helm,6.0,6.0,5.0,5.0,9.5,0.274185,not_computed,0.269719,1.890427,not_computed,not_computed,not_computed,not_computed,9.0,7.0,not_computed,separate_run_2026-09_staging
Italy,1971,Shield,5.0,5.0,5.0,4.0,7.0,0.251897,not_computed,0.269719,1.890427,not_computed,not_computed,not_computed,not_computed,9.0,7.0,not_computed,separate_run_2026-09_staging
Italy,1971,Lore,5.0,6.0,4.0,6.0,10.0,0.28636,not_computed,0.269719,1.890427,not_computed,not_computed,not_computed,not_computed,9.0,7.0,not_computed,separate_run_2026-09_staging
Italy,1971,Stewards,5.0,6.0,5.0,5.0,8.5,0.261163,not_computed,0.269719,1.890427,not_computed,not_computed,not_computed,not_computed,9.0,7.0,not_computed,separate_run_2026-09_staging
Italy,1971,Craft,6.0,6.0,5.0,6.0,10.0,0.282355,not_computed,0.269719,1.890427,not_computed,not_computed,not_computed,not_computed,9.0,7.0,not_computed,separate_run_2026-09_staging
Italy,1971,Hands,5.0,6.0,6.0,4.0,7.0,0.237081,not_computed,0.269719,1.890427,not_computed,not_computed,not_computed,not_computed,9.0,7.0,not_computed,separate_run_2026-09_staging
Italy,1971,Archive,6.0,6.0,5.0,6.0,10.0,0.282355,not_computed,0.269719,1.890427,not_computed,not_computed,not_computed,not_computed,9.0,7.0,not_computed,separate_run_2026-09_staging
Italy,1971,Flow,6.0,6.0,5.0,6.0,10.0,0.282355,not_computed,0.269719,1.890427,not_computed,not_computed,not_computed,not_computed,9.0,7.0,not_computed,separate_run_2026-09_staging
Italy,1972,Helm,6.0,6.0,5.0,5.0,9.5,0.274185,not_computed,0.269719,1.890427,not_computed,not_computed,not_computed,not_computed,9.0,7.0,not_computed,separate_run_2026-09_staging
Italy,1972,Shield,5.0,5.0,5.0,4.0,7.0,0.251897,not_computed,0.269719,1.890427,not_computed,not_computed,not_computed,not_computed,9.0,7.0,not_computed,separate_run_2026-09_staging
Italy,1972,Lore,5.0,6.0,4.0,6.0,10.0,0.28636,not_computed,0.269719,1.890427,not_computed,not_computed,not_computed,not_computed,9.0,7.0,not_computed,separate_run_2026-09_staging
Italy,1972,Stewards,5.0,6.0,5.0,5.0,8.5,0.261163,not_computed,0.269719,1.890427,not_computed,not_computed,not_computed,not_computed,9.0,7.0,not_computed,separate_run_2026-09_staging
Italy,1972,Craft,6.0,6.0,5.0,6.0,10.0,0.282355,not_computed,0.269719,1.890427,not_computed,not_computed,not_computed,not_computed,9.0,7.0,not_computed,separate_run_2026-09_staging
Italy,1972,Hands,5.0,6.0,6.0,4.0,7.0,0.237081,not_computed,0.269719,1.890427,not_computed,not_computed,not_computed,not_computed,9.0,7.0,not_computed,separate_run_2026-09_staging
Italy,1972,Archive,6.0,6.0,5.0,6.0,10.0,0.282355,not_computed,0.269719,1.890427,not_computed,not_computed,not_computed,not_computed,9.0,7.0,not_computed,separate_run_2026-09_staging
Italy,1972,Flow,6.0,6.0,5.0,6.0,10.0,0.282355,not_computed,0.269719,1.890427,not_computed,not_computed,not_computed,not_computed,9.0,7.0,not_computed,separate_run_2026-09_staging
Italy,1973,Helm,5.2,6.0,5.8,5.0,7.9,0.242476,not_computed,0.252861,1.819773,not_computed,not_computed,not_computed,not_computed,8.4875,7.0,not_computed,separate_run_2026-09_staging
Italy,1973,Shield,5.0,5.0,5.0,4.0,7.0,0.242875,not_computed,0.252861,1.819773,not_computed,not_computed,not_computed,not_computed,8.4875,7.0,not_computed,separate_run_2026-09_staging
Italy,1973,Lore,5.0,6.0,4.0,6.0,10.0,0.275884,not_computed,0.252861,1.819773,not_computed,not_computed,not_computed,not_computed,8.4875,7.0,not_computed,separate_run_2026-09_staging
Italy,1973,Stewards,5.0,6.0,5.0,5.0,8.5,0.251757,not_computed,0.252861,1.819773,not_computed,not_computed,not_computed,not_computed,8.4875,7.0,not_computed,separate_run_2026-09_staging
Italy,1973,Craft,6.0,6.0,5.0,6.0,10.0,0.272051,not_computed,0.252861,1.819773,not_computed,not_computed,not_computed,not_computed,8.4875,7.0,not_computed,separate_run_2026-09_staging
Italy,1973,Hands,5.0,6.0,6.0,4.0,7.0,0.228664,not_computed,0.252861,1.819773,not_computed,not_computed,not_computed,not_computed,8.4875,7.0,not_computed,separate_run_2026-09_staging
Italy,1973,Archive,6.0,6.0,5.0,6.0,10.0,0.272051,not_computed,0.252861,1.819773,not_computed,not_computed,not_computed,not_computed,8.4875,7.0,not_computed,separate_run_2026-09_staging
Italy,1973,Flow,5.0,6.0,6.0,5.0,7.5,0.237129,not_computed,0.252861,1.819773,not_computed,not_computed,not_computed,not_computed,8.4875,7.0,not_computed,separate_run_2026-09_staging
Italy,1974,Helm,5.0,6.0,6.0,5.0,7.5,0.231693,not_computed,0.24271,1.764374,not_computed,not_computed,not_computed,not_computed,8.1875,6.0,not_computed,separate_run_2026-09_staging
Italy,1974,Shield,5.0,5.0,6.0,4.0,6.0,0.22345,not_computed,0.24271,1.764374,not_computed,not_computed,not_computed,not_computed,8.1875,6.0,not_computed,separate_run_2026-09_staging
Italy,1974,Lore,5.0,6.0,5.0,6.0,9.0,0.254122,not_computed,0.24271,1.764374,not_computed,not_computed,not_computed,not_computed,8.1875,6.0,not_computed,separate_run_2026-09_staging
Italy,1974,Stewards,5.0,6.0,5.0,5.0,8.5,0.245931,not_computed,0.24271,1.764374,not_computed,not_computed,not_computed,not_computed,8.1875,6.0,not_computed,separate_run_2026-09_staging
Italy,1974,Craft,6.0,6.0,5.0,6.0,10.0,0.265669,not_computed,0.24271,1.764374,not_computed,not_computed,not_computed,not_computed,8.1875,6.0,not_computed,separate_run_2026-09_staging
Italy,1974,Hands,5.0,6.0,6.0,4.0,7.0,0.22345,not_computed,0.24271,1.764374,not_computed,not_computed,not_computed,not_computed,8.1875,6.0,not_computed,separate_run_2026-09_staging
Italy,1974,Archive,6.0,6.0,5.0,6.0,10.0,0.265669,not_computed,0.24271,1.764374,not_computed,not_computed,not_computed,not_computed,8.1875,6.0,not_computed,separate_run_2026-09_staging
Italy,1974,Flow,5.0,6.0,6.0,5.0,7.5,0.231693,not_computed,0.24271,1.764374,not_computed,not_computed,not_computed,not_computed,8.1875,6.0,not_computed,separate_run_2026-09_staging
Italy,1975,Helm,5.0,6.0,6.0,5.0,7.5,0.231693,not_computed,0.24271,1.764374,not_computed,not_computed,not_computed,not_computed,8.1875,6.0,not_computed,separate_run_2026-09_staging
Italy,1975,Shield,5.0,5.0,6.0,4.0,6.0,0.22345,not_computed,0.24271,1.764374,not_computed,not_computed,not_computed,not_computed,8.1875,6.0,not_computed,separate_run_2026-09_staging
Italy,1975,Lore,5.0,6.0,5.0,6.0,9.0,0.254122,not_computed,0.24271,1.764374,not_computed,not_computed,not_computed,not_computed,8.1875,6.0,not_computed,separate_run_2026-09_staging
Italy,1975,Stewards,5.0,6.0,5.0,5.0,8.5,0.245931,not_computed,0.24271,1.764374,not_computed,not_computed,not_computed,not_computed,8.1875,6.0,not_computed,separate_run_2026-09_staging
Italy,1975,Craft,6.0,6.0,5.0,6.0,10.0,0.265669,not_computed,0.24271,1.764374,not_computed,not_computed,not_computed,not_computed,8.1875,6.0,not_computed,separate_run_2026-09_staging
Italy,1975,Hands,5.0,6.0,6.0,4.0,7.0,0.22345,not_computed,0.24271,1.764374,not_computed,not_computed,not_computed,not_computed,8.1875,6.0,not_computed,separate_run_2026-09_staging
Italy,1975,Archive,6.0,6.0,5.0,6.0,10.0,0.265669,not_computed,0.24271,1.764374,not_computed,not_computed,not_computed,not_computed,8.1875,6.0,not_computed,separate_run_2026-09_staging
Italy,1975,Flow,5.0,6.0,6.0,5.0,7.5,0.231693,not_computed,0.24271,1.764374,not_computed,not_computed,not_computed,not_computed,8.1875,6.0,not_computed,separate_run_2026-09_staging
Italy,1976,Helm,5.0,6.0,6.0,5.0,7.5,0.229461,not_computed,0.238592,1.749391,not_computed,not_computed,not_computed,not_computed,7.9375,6.0,not_computed,separate_run_2026-09_staging
Italy,1976,Shield,5.0,5.0,6.0,4.0,6.0,0.221309,not_computed,0.238592,1.749391,not_computed,not_computed,not_computed,not_computed,7.9375,6.0,not_computed,separate_run_2026-09_staging
Italy,1976,Lore,5.0,6.0,5.0,6.0,9.0,0.251637,not_computed,0.238592,1.749391,not_computed,not_computed,not_computed,not_computed,7.9375,6.0,not_computed,separate_run_2026-09_staging
Italy,1976,Stewards,5.0,5.0,6.0,5.0,6.5,0.229461,not_computed,0.238592,1.749391,not_computed,not_computed,not_computed,not_computed,7.9375,6.0,not_computed,separate_run_2026-09_staging
Italy,1976,Craft,6.0,6.0,5.0,6.0,10.0,0.263049,not_computed,0.238592,1.749391,not_computed,not_computed,not_computed,not_computed,7.9375,6.0,not_computed,separate_run_2026-09_staging
Italy,1976,Hands,5.0,6.0,6.0,4.0,7.0,0.221309,not_computed,0.238592,1.749391,not_computed,not_computed,not_computed,not_computed,7.9375,6.0,not_computed,separate_run_2026-09_staging
Italy,1976,Archive,6.0,6.0,5.0,6.0,10.0,0.263049,not_computed,0.238592,1.749391,not_computed,not_computed,not_computed,not_computed,7.9375,6.0,not_computed,separate_run_2026-09_staging
Italy,1976,Flow,5.0,6.0,6.0,5.0,7.5,0.229461,not_computed,0.238592,1.749391,not_computed,not_computed,not_computed,not_computed,7.9375,6.0,not_computed,separate_run_2026-09_staging
Italy,1977,Helm,5.0,6.0,6.0,5.0,7.5,0.229461,not_computed,0.238592,1.749391,not_computed,not_computed,not_computed,not_computed,7.9375,6.0,not_computed,separate_run_2026-09_staging
Italy,1977,Shield,5.0,5.0,6.0,4.0,6.0,0.221309,not_computed,0.238592,1.749391,not_computed,not_computed,not_computed,not_computed,7.9375,6.0,not_computed,separate_run_2026-09_staging
Italy,1977,Lore,5.0,6.0,5.0,6.0,9.0,0.251637,not_computed,0.238592,1.749391,not_computed,not_computed,not_computed,not_computed,7.9375,6.0,not_computed,separate_run_2026-09_staging
Italy,1977,Stewards,5.0,5.0,6.0,5.0,6.5,0.229461,not_computed,0.238592,1.749391,not_computed,not_computed,not_computed,not_computed,7.9375,6.0,not_computed,separate_run_2026-09_staging
Italy,1977,Craft,6.0,6.0,5.0,6.0,10.0,0.263049,not_computed,0.238592,1.749391,not_computed,not_computed,not_computed,not_computed,7.9375,6.0,not_computed,separate_run_2026-09_staging
Italy,1977,Hands,5.0,6.0,6.0,4.0,7.0,0.221309,not_computed,0.238592,1.749391,not_computed,not_computed,not_computed,not_computed,7.9375,6.0,not_computed,separate_run_2026-09_staging
Italy,1977,Archive,6.0,6.0,5.0,6.0,10.0,0.263049,not_computed,0.238592,1.749391,not_computed,not_computed,not_computed,not_computed,7.9375,6.0,not_computed,separate_run_2026-09_staging
Italy,1977,Flow,5.0,6.0,6.0,5.0,7.5,0.229461,not_computed,0.238592,1.749391,not_computed,not_computed,not_computed,not_computed,7.9375,6.0,not_computed,separate_run_2026-09_staging
Italy,1978,Helm,5.0,5.0,7.0,5.0,5.5,0.214095,not_computed,0.234751,1.699655,not_computed,not_computed,not_computed,not_computed,7.5625,5.5,not_computed,separate_run_2026-09_staging
Italy,1978,Shield,5.0,5.0,6.0,4.0,6.0,0.219312,not_computed,0.234751,1.699655,not_computed,not_computed,not_computed,not_computed,7.5625,5.5,not_computed,separate_run_2026-09_staging
Italy,1978,Lore,5.0,6.0,5.0,6.0,9.0,0.249318,not_computed,0.234751,1.699655,not_computed,not_computed,not_computed,not_computed,7.5625,5.5,not_computed,separate_run_2026-09_staging
Italy,1978,Stewards,5.0,5.0,6.0,5.0,6.5,0.227379,not_computed,0.234751,1.699655,not_computed,not_computed,not_computed,not_computed,7.5625,5.5,not_computed,separate_run_2026-09_staging
Italy,1978,Craft,6.0,6.0,5.0,6.0,10.0,0.260605,not_computed,0.234751,1.699655,not_computed,not_computed,not_computed,not_computed,7.5625,5.5,not_computed,separate_run_2026-09_staging
Italy,1978,Hands,5.0,6.0,6.0,4.0,7.0,0.219312,not_computed,0.234751,1.699655,not_computed,not_computed,not_computed,not_computed,7.5625,5.5,not_computed,separate_run_2026-09_staging
Italy,1978,Archive,6.0,6.0,5.0,6.0,10.0,0.260605,not_computed,0.234751,1.699655,not_computed,not_computed,not_computed,not_computed,7.5625,5.5,not_computed,separate_run_2026-09_staging
Italy,1978,Flow,5.0,5.0,6.0,5.0,6.5,0.227379,not_computed,0.234751,1.699655,not_computed,not_computed,not_computed,not_computed,7.5625,5.5,not_computed,separate_run_2026-09_staging
Italy,1979,Helm,5.0,6.0,6.0,5.0,7.5,0.229461,not_computed,0.238592,1.749391,not_computed,not_computed,not_computed,not_computed,7.9375,6.0,not_computed,separate_run_2026-09_staging
Italy,1979,Shield,5.0,5.0,6.0,4.0,6.0,0.221309,not_computed,0.238592,1.749391,not_computed,not_computed,not_computed,not_computed,7.9375,6.0,not_computed,separate_run_2026-09_staging
Italy,1979,Lore,5.0,6.0,5.0,6.0,9.0,0.251637,not_computed,0.238592,1.749391,not_computed,not_computed,not_computed,not_computed,7.9375,6.0,not_computed,separate_run_2026-09_staging
Italy,1979,Stewards,5.0,5.0,6.0,5.0,6.5,0.229461,not_computed,0.238592,1.749391,not_computed,not_computed,not_computed,not_computed,7.9375,6.0,not_computed,separate_run_2026-09_staging
Italy,1979,Craft,6.0,6.0,5.0,6.0,10.0,0.263049,not_computed,0.238592,1.749391,not_computed,not_computed,not_computed,not_computed,7.9375,6.0,not_computed,separate_run_2026-09_staging
Italy,1979,Hands,5.0,6.0,6.0,4.0,7.0,0.221309,not_computed,0.238592,1.749391,not_computed,not_computed,not_computed,not_computed,7.9375,6.0,not_computed,separate_run_2026-09_staging
Italy,1979,Archive,6.0,6.0,5.0,6.0,10.0,0.263049,not_computed,0.238592,1.749391,not_computed,not_computed,not_computed,not_computed,7.9375,6.0,not_computed,separate_run_2026-09_staging
Italy,1979,Flow,5.0,6.0,6.0,5.0,7.5,0.229461,not_computed,0.238592,1.749391,not_computed,not_computed,not_computed,not_computed,7.9375,6.0,not_computed,separate_run_2026-09_staging
Italy,1980,Helm,5.0,6.0,6.0,5.0,7.5,0.229461,not_computed,0.238592,1.749391,not_computed,not_computed,not_computed,not_computed,7.9375,6.0,not_computed,separate_run_2026-09_staging
Italy,1980,Shield,5.0,5.0,6.0,4.0,6.0,0.221309,not_computed,0.238592,1.749391,not_computed,not_computed,not_computed,not_computed,7.9375,6.0,not_computed,separate_run_2026-09_staging
Italy,1980,Lore,5.0,6.0,5.0,6.0,9.0,0.251637,not_computed,0.238592,1.749391,not_computed,not_computed,not_computed,not_computed,7.9375,6.0,not_computed,separate_run_2026-09_staging
Italy,1980,Stewards,5.0,5.0,6.0,5.0,6.5,0.229461,not_computed,0.238592,1.749391,not_computed,not_computed,not_computed,not_computed,7.9375,6.0,not_computed,separate_run_2026-09_staging
Italy,1980,Craft,6.0,6.0,5.0,6.0,10.0,0.263049,not_computed,0.238592,1.749391,not_computed,not_computed,not_computed,not_computed,7.9375,6.0,not_computed,separate_run_2026-09_staging
Italy,1980,Hands,5.0,6.0,6.0,4.0,7.0,0.221309,not_computed,0.238592,1.749391,not_computed,not_computed,not_computed,not_computed,7.9375,6.0,not_computed,separate_run_2026-09_staging
Italy,1980,Archive,6.0,6.0,5.0,6.0,10.0,0.263049,not_computed,0.238592,1.749391,not_computed,not_computed,not_computed,not_computed,7.9375,6.0,not_computed,separate_run_2026-09_staging
Italy,1980,Flow,5.0,6.0,6.0,5.0,7.5,0.229461,not_computed,0.238592,1.749391,not_computed,not_computed,not_computed,not_computed,7.9375,6.0,not_computed,separate_run_2026-09_staging
Italy,1981,Helm,5.0,6.0,6.0,5.0,7.5,0.229461,not_computed,0.238592,1.749391,not_computed,not_computed,not_computed,not_computed,8.1875,6.0,not_computed,separate_run_2026-09_staging
Italy,1981,Shield,5.0,5.0,6.0,4.0,6.0,0.221309,not_computed,0.238592,1.749391,not_computed,not_computed,not_computed,not_computed,8.1875,6.0,not_computed,separate_run_2026-09_staging
Italy,1981,Lore,5.0,6.0,5.0,6.0,9.0,0.251637,not_computed,0.238592,1.749391,not_computed,not_computed,not_computed,not_computed,8.1875,6.0,not_computed,separate_run_2026-09_staging
Italy,1981,Stewards,5.0,5.0,6.0,5.0,6.5,0.229461,not_computed,0.238592,1.749391,not_computed,not_computed,not_computed,not_computed,8.1875,6.0,not_computed,separate_run_2026-09_staging
Italy,1981,Craft,6.0,7.0,5.0,6.0,11.0,0.263049,not_computed,0.238592,1.749391,not_computed,not_computed,not_computed,not_computed,8.1875,6.0,not_computed,separate_run_2026-09_staging
Italy,1981,Hands,5.0,6.0,6.0,4.0,7.0,0.221309,not_computed,0.238592,1.749391,not_computed,not_computed,not_computed,not_computed,8.1875,6.0,not_computed,separate_run_2026-09_staging
Italy,1981,Archive,6.0,7.0,5.0,6.0,11.0,0.263049,not_computed,0.238592,1.749391,not_computed,not_computed,not_computed,not_computed,8.1875,6.0,not_computed,separate_run_2026-09_staging
Italy,1981,Flow,5.0,6.0,6.0,5.0,7.5,0.229461,not_computed,0.238592,1.749391,not_computed,not_computed,not_computed,not_computed,8.1875,6.0,not_computed,separate_run_2026-09_staging
Italy,1982,Helm,5.0,6.0,6.0,5.0,7.5,0.229461,not_computed,0.238592,1.749391,not_computed,not_computed,not_computed,not_computed,8.1875,6.0,not_computed,separate_run_2026-09_staging
Italy,1982,Shield,5.0,5.0,6.0,4.0,6.0,0.221309,not_computed,0.238592,1.749391,not_computed,not_computed,not_computed,not_computed,8.1875,6.0,not_computed,separate_run_2026-09_staging
Italy,1982,Lore,5.0,6.0,5.0,6.0,9.0,0.251637,not_computed,0.238592,1.749391,not_computed,not_computed,not_computed,not_computed,8.1875,6.0,not_computed,separate_run_2026-09_staging
Italy,1982,Stewards,5.0,5.0,6.0,5.0,6.5,0.229461,not_computed,0.238592,1.749391,not_computed,not_computed,not_computed,not_computed,8.1875,6.0,not_computed,separate_run_2026-09_staging
Italy,1982,Craft,6.0,7.0,5.0,6.0,11.0,0.263049,not_computed,0.238592,1.749391,not_computed,not_computed,not_computed,not_computed,8.1875,6.0,not_computed,separate_run_2026-09_staging
Italy,1982,Hands,5.0,6.0,6.0,4.0,7.0,0.221309,not_computed,0.238592,1.749391,not_computed,not_computed,not_computed,not_computed,8.1875,6.0,not_computed,separate_run_2026-09_staging
Italy,1982,Archive,6.0,7.0,5.0,6.0,11.0,0.263049,not_computed,0.238592,1.749391,not_computed,not_computed,not_computed,not_computed,8.1875,6.0,not_computed,separate_run_2026-09_staging
Italy,1982,Flow,5.0,6.0,6.0,5.0,7.5,0.229461,not_computed,0.238592,1.749391,not_computed,not_computed,not_computed,not_computed,8.1875,6.0,not_computed,separate_run_2026-09_staging
Italy,1983,Helm,5.0,6.0,6.0,5.0,7.5,0.229461,not_computed,0.238592,1.749391,not_computed,not_computed,not_computed,not_computed,8.1875,6.0,not_computed,separate_run_2026-09_staging
Italy,1983,Shield,5.0,5.0,6.0,4.0,6.0,0.221309,not_computed,0.238592,1.749391,not_computed,not_computed,not_computed,not_computed,8.1875,6.0,not_computed,separate_run_2026-09_staging
Italy,1983,Lore,5.0,6.0,5.0,6.0,9.0,0.251637,not_computed,0.238592,1.749391,not_computed,not_computed,not_computed,not_computed,8.1875,6.0,not_computed,separate_run_2026-09_staging
Italy,1983,Stewards,5.0,5.0,6.0,5.0,6.5,0.229461,not_computed,0.238592,1.749391,not_computed,not_computed,not_computed,not_computed,8.1875,6.0,not_computed,separate_run_2026-09_staging
Italy,1983,Craft,6.0,7.0,5.0,6.0,11.0,0.263049,not_computed,0.238592,1.749391,not_computed,not_computed,not_computed,not_computed,8.1875,6.0,not_computed,separate_run_2026-09_staging
Italy,1983,Hands,5.0,6.0,6.0,4.0,7.0,0.221309,not_computed,0.238592,1.749391,not_computed,not_computed,not_computed,not_computed,8.1875,6.0,not_computed,separate_run_2026-09_staging
Italy,1983,Archive,6.0,7.0,5.0,6.0,11.0,0.263049,not_computed,0.238592,1.749391,not_computed,not_computed,not_computed,not_computed,8.1875,6.0,not_computed,separate_run_2026-09_staging
Italy,1983,Flow,5.0,6.0,6.0,5.0,7.5,0.229461,not_computed,0.238592,1.749391,not_computed,not_computed,not_computed,not_computed,8.1875,6.0,not_computed,separate_run_2026-09_staging
Italy,1984,Helm,5.0,6.0,6.0,5.0,7.5,0.234905,not_computed,0.248692,1.801133,not_computed,not_computed,not_computed,not_computed,8.5,6.0,not_computed,separate_run_2026-09_staging
Italy,1984,Shield,5.0,5.0,6.0,4.0,6.0,0.226531,not_computed,0.248692,1.801133,not_computed,not_computed,not_computed,not_computed,8.5,6.0,not_computed,separate_run_2026-09_staging
Italy,1984,Lore,5.0,6.0,5.0,6.0,9.0,0.2577,not_computed,0.248692,1.801133,not_computed,not_computed,not_computed,not_computed,8.5,6.0,not_computed,separate_run_2026-09_staging
Italy,1984,Stewards,5.0,5.0,6.0,5.0,6.5,0.234905,not_computed,0.248692,1.801133,not_computed,not_computed,not_computed,not_computed,8.5,6.0,not_computed,separate_run_2026-09_staging
Italy,1984,Craft,6.0,7.0,5.0,6.0,11.0,0.269441,not_computed,0.248692,1.801133,not_computed,not_computed,not_computed,not_computed,8.5,6.0,not_computed,separate_run_2026-09_staging
Italy,1984,Hands,6.0,6.0,5.0,5.0,9.5,0.261708,not_computed,0.248692,1.801133,not_computed,not_computed,not_computed,not_computed,8.5,6.0,not_computed,separate_run_2026-09_staging
Italy,1984,Archive,6.0,7.0,5.0,6.0,11.0,0.269441,not_computed,0.248692,1.801133,not_computed,not_computed,not_computed,not_computed,8.5,6.0,not_computed,separate_run_2026-09_staging
Italy,1984,Flow,5.0,6.0,6.0,5.0,7.5,0.234905,not_computed,0.248692,1.801133,not_computed,not_computed,not_computed,not_computed,8.5,6.0,not_computed,separate_run_2026-09_staging
Italy,1985,Helm,5.0,6.0,6.0,5.0,7.5,0.237525,not_computed,0.253527,1.819021,not_computed,not_computed,not_computed,not_computed,8.625,6.0,not_computed,separate_run_2026-09_staging
Italy,1985,Shield,5.0,5.0,6.0,4.0,6.0,0.229044,not_computed,0.253527,1.819021,not_computed,not_computed,not_computed,not_computed,8.625,6.0,not_computed,separate_run_2026-09_staging
Italy,1985,Lore,5.0,6.0,5.0,6.0,9.0,0.260618,not_computed,0.253527,1.819021,not_computed,not_computed,not_computed,not_computed,8.625,6.0,not_computed,separate_run_2026-09_staging
Italy,1985,Stewards,5.0,5.0,6.0,5.0,6.5,0.237525,not_computed,0.253527,1.819021,not_computed,not_computed,not_computed,not_computed,8.625,6.0,not_computed,separate_run_2026-09_staging
Italy,1985,Craft,6.0,7.0,4.0,6.0,12.0,0.288779,not_computed,0.253527,1.819021,not_computed,not_computed,not_computed,not_computed,8.625,6.0,not_computed,separate_run_2026-09_staging
Italy,1985,Hands,6.0,6.0,5.0,5.0,9.5,0.26468,not_computed,0.253527,1.819021,not_computed,not_computed,not_computed,not_computed,8.625,6.0,not_computed,separate_run_2026-09_staging
Italy,1985,Archive,6.0,7.0,5.0,6.0,11.0,0.272517,not_computed,0.253527,1.819021,not_computed,not_computed,not_computed,not_computed,8.625,6.0,not_computed,separate_run_2026-09_staging
Italy,1985,Flow,5.0,6.0,6.0,5.0,7.5,0.237525,not_computed,0.253527,1.819021,not_computed,not_computed,not_computed,not_computed,8.625,6.0,not_computed,separate_run_2026-09_staging
Italy,1986,Helm,5.0,6.0,6.0,5.0,7.5,0.237525,not_computed,0.253527,1.819021,not_computed,not_computed,not_computed,not_computed,8.625,6.0,not_computed,separate_run_2026-09_staging
Italy,1986,Shield,5.0,5.0,6.0,4.0,6.0,0.229044,not_computed,0.253527,1.819021,not_computed,not_computed,not_computed,not_computed,8.625,6.0,not_computed,separate_run_2026-09_staging
Italy,1986,Lore,5.0,6.0,5.0,6.0,9.0,0.260618,not_computed,0.253527,1.819021,not_computed,not_computed,not_computed,not_computed,8.625,6.0,not_computed,separate_run_2026-09_staging
Italy,1986,Stewards,5.0,5.0,6.0,5.0,6.5,0.237525,not_computed,0.253527,1.819021,not_computed,not_computed,not_computed,not_computed,8.625,6.0,not_computed,separate_run_2026-09_staging
Italy,1986,Craft,6.0,7.0,4.0,6.0,12.0,0.288779,not_computed,0.253527,1.819021,not_computed,not_computed,not_computed,not_computed,8.625,6.0,not_computed,separate_run_2026-09_staging
Italy,1986,Hands,6.0,6.0,5.0,5.0,9.5,0.26468,not_computed,0.253527,1.819021,not_computed,not_computed,not_computed,not_computed,8.625,6.0,not_computed,separate_run_2026-09_staging
Italy,1986,Archive,6.0,7.0,5.0,6.0,11.0,0.272517,not_computed,0.253527,1.819021,not_computed,not_computed,not_computed,not_computed,8.625,6.0,not_computed,separate_run_2026-09_staging
Italy,1986,Flow,5.0,6.0,6.0,5.0,7.5,0.237525,not_computed,0.253527,1.819021,not_computed,not_computed,not_computed,not_computed,8.625,6.0,not_computed,separate_run_2026-09_staging
Italy,1987,Helm,5.0,6.0,6.0,5.0,7.5,0.237525,not_computed,0.253527,1.819021,not_computed,not_computed,not_computed,not_computed,8.625,6.0,not_computed,separate_run_2026-09_staging
Italy,1987,Shield,5.0,5.0,6.0,4.0,6.0,0.229044,not_computed,0.253527,1.819021,not_computed,not_computed,not_computed,not_computed,8.625,6.0,not_computed,separate_run_2026-09_staging
Italy,1987,Lore,5.0,6.0,5.0,6.0,9.0,0.260618,not_computed,0.253527,1.819021,not_computed,not_computed,not_computed,not_computed,8.625,6.0,not_computed,separate_run_2026-09_staging
Italy,1987,Stewards,5.0,5.0,6.0,5.0,6.5,0.237525,not_computed,0.253527,1.819021,not_computed,not_computed,not_computed,not_computed,8.625,6.0,not_computed,separate_run_2026-09_staging
Italy,1987,Craft,6.0,7.0,4.0,6.0,12.0,0.288779,not_computed,0.253527,1.819021,not_computed,not_computed,not_computed,not_computed,8.625,6.0,not_computed,separate_run_2026-09_staging
Italy,1987,Hands,6.0,6.0,5.0,5.0,9.5,0.26468,not_computed,0.253527,1.819021,not_computed,not_computed,not_computed,not_computed,8.625,6.0,not_computed,separate_run_2026-09_staging
Italy,1987,Archive,6.0,7.0,5.0,6.0,11.0,0.272517,not_computed,0.253527,1.819021,not_computed,not_computed,not_computed,not_computed,8.625,6.0,not_computed,separate_run_2026-09_staging
Italy,1987,Flow,5.0,6.0,6.0,5.0,7.5,0.237525,not_computed,0.253527,1.819021,not_computed,not_computed,not_computed,not_computed,8.625,6.0,not_computed,separate_run_2026-09_staging
Italy,1988,Helm,5.0,6.0,6.0,5.0,7.5,0.242937,not_computed,0.263863,1.859161,not_computed,not_computed,not_computed,not_computed,8.9375,6.0,not_computed,separate_run_2026-09_staging
Italy,1988,Shield,5.0,5.0,6.0,4.0,6.0,0.234235,not_computed,0.263863,1.859161,not_computed,not_computed,not_computed,not_computed,8.9375,6.0,not_computed,separate_run_2026-09_staging
Italy,1988,Lore,5.0,6.0,5.0,6.0,9.0,0.266646,not_computed,0.263863,1.859161,not_computed,not_computed,not_computed,not_computed,8.9375,6.0,not_computed,separate_run_2026-09_staging
Italy,1988,Stewards,5.0,5.0,6.0,5.0,6.5,0.242937,not_computed,0.263863,1.859161,not_computed,not_computed,not_computed,not_computed,8.9375,6.0,not_computed,separate_run_2026-09_staging
Italy,1988,Craft,6.0,7.0,4.0,6.0,12.0,0.29559,not_computed,0.263863,1.859161,not_computed,not_computed,not_computed,not_computed,8.9375,6.0,not_computed,separate_run_2026-09_staging
Italy,1988,Hands,6.0,6.0,5.0,5.0,9.5,0.270819,not_computed,0.263863,1.859161,not_computed,not_computed,not_computed,not_computed,8.9375,6.0,not_computed,separate_run_2026-09_staging
Italy,1988,Archive,6.0,7.0,5.0,6.0,11.0,0.278871,not_computed,0.263863,1.859161,not_computed,not_computed,not_computed,not_computed,8.9375,6.0,not_computed,separate_run_2026-09_staging
Italy,1988,Flow,6.0,6.0,5.0,6.0,10.0,0.278871,not_computed,0.263863,1.859161,not_computed,not_computed,not_computed,not_computed,8.9375,6.0,not_computed,separate_run_2026-09_staging
Italy,1989,Helm,5.0,6.0,6.0,5.0,7.5,0.242937,not_computed,0.263863,1.859161,not_computed,not_computed,not_computed,not_computed,8.9375,6.0,not_computed,separate_run_2026-09_staging
Italy,1989,Shield,5.0,5.0,6.0,4.0,6.0,0.234235,not_computed,0.263863,1.859161,not_computed,not_computed,not_computed,not_computed,8.9375,6.0,not_computed,separate_run_2026-09_staging
Italy,1989,Lore,5.0,6.0,5.0,6.0,9.0,0.266646,not_computed,0.263863,1.859161,not_computed,not_computed,not_computed,not_computed,8.9375,6.0,not_computed,separate_run_2026-09_staging
Italy,1989,Stewards,5.0,5.0,6.0,5.0,6.5,0.242937,not_computed,0.263863,1.859161,not_computed,not_computed,not_computed,not_computed,8.9375,6.0,not_computed,separate_run_2026-09_staging
Italy,1989,Craft,6.0,7.0,4.0,6.0,12.0,0.29559,not_computed,0.263863,1.859161,not_computed,not_computed,not_computed,not_computed,8.9375,6.0,not_computed,separate_run_2026-09_staging
Italy,1989,Hands,6.0,6.0,5.0,5.0,9.5,0.270819,not_computed,0.263863,1.859161,not_computed,not_computed,not_computed,not_computed,8.9375,6.0,not_computed,separate_run_2026-09_staging
Italy,1989,Archive,6.0,7.0,5.0,6.0,11.0,0.278871,not_computed,0.263863,1.859161,not_computed,not_computed,not_computed,not_computed,8.9375,6.0,not_computed,separate_run_2026-09_staging
Italy,1989,Flow,6.0,6.0,5.0,6.0,10.0,0.278871,not_computed,0.263863,1.859161,not_computed,not_computed,not_computed,not_computed,8.9375,6.0,not_computed,separate_run_2026-09_staging
Italy,1990,Helm,5.0,5.0,7.0,5.0,5.5,0.220605,not_computed,0.247462,1.654457,not_computed,not_computed,not_computed,not_computed,8.1875,4.5,not_computed,separate_run_2026-09_staging
Italy,1990,Shield,5.0,5.0,6.0,4.0,6.0,0.226005,not_computed,0.247462,1.654457,not_computed,not_computed,not_computed,not_computed,8.1875,4.5,not_computed,separate_run_2026-09_staging
Italy,1990,Lore,5.0,6.0,5.0,6.0,9.0,0.25709,not_computed,0.247462,1.654457,not_computed,not_computed,not_computed,not_computed,8.1875,4.5,not_computed,separate_run_2026-09_staging
Italy,1990,Stewards,4.0,5.0,7.0,5.0,4.5,0.208518,not_computed,0.247462,1.654457,not_computed,not_computed,not_computed,not_computed,8.1875,4.5,not_computed,separate_run_2026-09_staging
Italy,1990,Craft,6.0,7.0,5.0,6.0,11.0,0.268797,not_computed,0.247462,1.654457,not_computed,not_computed,not_computed,not_computed,8.1875,4.5,not_computed,separate_run_2026-09_staging
Italy,1990,Hands,6.0,6.0,5.0,5.0,9.5,0.261086,not_computed,0.247462,1.654457,not_computed,not_computed,not_computed,not_computed,8.1875,4.5,not_computed,separate_run_2026-09_staging
Italy,1990,Archive,6.0,6.0,5.0,6.0,10.0,0.268797,not_computed,0.247462,1.654457,not_computed,not_computed,not_computed,not_computed,8.1875,4.5,not_computed,separate_run_2026-09_staging
Italy,1990,Flow,6.0,6.0,5.0,6.0,10.0,0.268797,not_computed,0.247462,1.654457,not_computed,not_computed,not_computed,not_computed,8.1875,4.5,not_computed,separate_run_2026-09_staging
Italy,1991,Helm,5.0,5.0,7.0,5.0,5.5,0.220605,not_computed,0.247462,1.654457,not_computed,not_computed,not_computed,not_computed,8.1875,4.5,not_computed,separate_run_2026-09_staging
Italy,1991,Shield,5.0,5.0,6.0,4.0,6.0,0.226005,not_computed,0.247462,1.654457,not_computed,not_computed,not_computed,not_computed,8.1875,4.5,not_computed,separate_run_2026-09_staging
Italy,1991,Lore,5.0,6.0,5.0,6.0,9.0,0.25709,not_computed,0.247462,1.654457,not_computed,not_computed,not_computed,not_computed,8.1875,4.5,not_computed,separate_run_2026-09_staging
Italy,1991,Stewards,4.0,5.0,7.0,5.0,4.5,0.208518,not_computed,0.247462,1.654457,not_computed,not_computed,not_computed,not_computed,8.1875,4.5,not_computed,separate_run_2026-09_staging
Italy,1991,Craft,6.0,7.0,5.0,6.0,11.0,0.268797,not_computed,0.247462,1.654457,not_computed,not_computed,not_computed,not_computed,8.1875,4.5,not_computed,separate_run_2026-09_staging
Italy,1991,Hands,6.0,6.0,5.0,5.0,9.5,0.261086,not_computed,0.247462,1.654457,not_computed,not_computed,not_computed,not_computed,8.1875,4.5,not_computed,separate_run_2026-09_staging
Italy,1991,Archive,6.0,6.0,5.0,6.0,10.0,0.268797,not_computed,0.247462,1.654457,not_computed,not_computed,not_computed,not_computed,8.1875,4.5,not_computed,separate_run_2026-09_staging
Italy,1991,Flow,6.0,6.0,5.0,6.0,10.0,0.268797,not_computed,0.247462,1.654457,not_computed,not_computed,not_computed,not_computed,8.1875,4.5,not_computed,separate_run_2026-09_staging
Italy,1992,Helm,4.0,5.0,8.0,4.0,3.0,0.180292,not_computed,0.229151,1.319914,not_computed,not_computed,not_computed,not_computed,7.4375,1.0,not_computed,separate_run_2026-09_staging
Italy,1992,Shield,5.0,5.0,6.0,4.0,6.0,0.216707,not_computed,0.229151,1.319914,not_computed,not_computed,not_computed,not_computed,7.4375,1.0,not_computed,separate_run_2026-09_staging
Italy,1992,Lore,5.0,6.0,5.0,6.0,9.0,0.246293,not_computed,0.229151,1.319914,not_computed,not_computed,not_computed,not_computed,7.4375,1.0,not_computed,separate_run_2026-09_staging
Italy,1992,Stewards,3.0,4.0,8.0,4.0,1.0,0.167577,not_computed,0.229151,1.319914,not_computed,not_computed,not_computed,not_computed,7.4375,1.0,not_computed,separate_run_2026-09_staging
Italy,1992,Craft,6.0,7.0,5.0,6.0,11.0,0.257416,not_computed,0.229151,1.319914,not_computed,not_computed,not_computed,not_computed,7.4375,1.0,not_computed,separate_run_2026-09_staging
Italy,1992,Hands,6.0,6.0,5.0,5.0,9.5,0.250092,not_computed,0.229151,1.319914,not_computed,not_computed,not_computed,not_computed,7.4375,1.0,not_computed,separate_run_2026-09_staging
Italy,1992,Archive,6.0,6.0,5.0,6.0,10.0,0.257416,not_computed,0.229151,1.319914,not_computed,not_computed,not_computed,not_computed,7.4375,1.0,not_computed,separate_run_2026-09_staging
Italy,1992,Flow,6.0,6.0,5.0,6.0,10.0,0.257416,not_computed,0.229151,1.319914,not_computed,not_computed,not_computed,not_computed,7.4375,1.0,not_computed,separate_run_2026-09_staging
Italy,1993,Helm,4.0,5.0,8.0,4.0,3.0,0.180292,not_computed,0.229151,1.319914,not_computed,not_computed,not_computed,not_computed,7.4375,1.0,not_computed,separate_run_2026-09_staging
Italy,1993,Shield,5.0,5.0,6.0,4.0,6.0,0.216707,not_computed,0.229151,1.319914,not_computed,not_computed,not_computed,not_computed,7.4375,1.0,not_computed,separate_run_2026-09_staging
Italy,1993,Lore,5.0,6.0,5.0,6.0,9.0,0.246293,not_computed,0.229151,1.319914,not_computed,not_computed,not_computed,not_computed,7.4375,1.0,not_computed,separate_run_2026-09_staging
Italy,1993,Stewards,3.0,4.0,8.0,4.0,1.0,0.167577,not_computed,0.229151,1.319914,not_computed,not_computed,not_computed,not_computed,7.4375,1.0,not_computed,separate_run_2026-09_staging
Italy,1993,Craft,6.0,7.0,5.0,6.0,11.0,0.257416,not_computed,0.229151,1.319914,not_computed,not_computed,not_computed,not_computed,7.4375,1.0,not_computed,separate_run_2026-09_staging
Italy,1993,Hands,6.0,6.0,5.0,5.0,9.5,0.250092,not_computed,0.229151,1.319914,not_computed,not_computed,not_computed,not_computed,7.4375,1.0,not_computed,separate_run_2026-09_staging
Italy,1993,Archive,6.0,6.0,5.0,6.0,10.0,0.257416,not_computed,0.229151,1.319914,not_computed,not_computed,not_computed,not_computed,7.4375,1.0,not_computed,separate_run_2026-09_staging
Italy,1993,Flow,6.0,6.0,5.0,6.0,10.0,0.257416,not_computed,0.229151,1.319914,not_computed,not_computed,not_computed,not_computed,7.4375,1.0,not_computed,separate_run_2026-09_staging
Italy,1994,Helm,5.0,5.0,7.0,5.0,5.5,0.226668,not_computed,0.259796,1.793779,not_computed,not_computed,not_computed,not_computed,8.6875,5.5,not_computed,separate_run_2026-09_staging
Italy,1994,Shield,5.0,5.0,6.0,4.0,6.0,0.232238,not_computed,0.259796,1.793779,not_computed,not_computed,not_computed,not_computed,8.6875,5.5,not_computed,separate_run_2026-09_staging
Italy,1994,Lore,5.0,6.0,5.0,6.0,9.0,0.264327,not_computed,0.259796,1.793779,not_computed,not_computed,not_computed,not_computed,8.6875,5.5,not_computed,separate_run_2026-09_staging
Italy,1994,Stewards,5.0,5.0,6.0,5.0,6.5,0.240855,not_computed,0.259796,1.793779,not_computed,not_computed,not_computed,not_computed,8.6875,5.5,not_computed,separate_run_2026-09_staging
Italy,1994,Craft,6.0,7.0,4.0,6.0,12.0,0.29297,not_computed,0.259796,1.793779,not_computed,not_computed,not_computed,not_computed,8.6875,5.5,not_computed,separate_run_2026-09_staging
Italy,1994,Hands,6.0,6.0,5.0,5.0,9.5,0.268457,not_computed,0.259796,1.793779,not_computed,not_computed,not_computed,not_computed,8.6875,5.5,not_computed,separate_run_2026-09_staging
Italy,1994,Archive,6.0,7.0,5.0,6.0,11.0,0.276426,not_computed,0.259796,1.793779,not_computed,not_computed,not_computed,not_computed,8.6875,5.5,not_computed,separate_run_2026-09_staging
Italy,1994,Flow,6.0,6.0,5.0,6.0,10.0,0.276426,not_computed,0.259796,1.793779,not_computed,not_computed,not_computed,not_computed,8.6875,5.5,not_computed,separate_run_2026-09_staging
Italy,1995,Helm,5.0,5.0,6.0,5.0,6.5,0.242937,not_computed,0.263863,1.859161,not_computed,not_computed,not_computed,not_computed,8.8125,6.0,not_computed,separate_run_2026-09_staging
Italy,1995,Shield,5.0,5.0,6.0,4.0,6.0,0.234235,not_computed,0.263863,1.859161,not_computed,not_computed,not_computed,not_computed,8.8125,6.0,not_computed,separate_run_2026-09_staging
Italy,1995,Lore,5.0,6.0,5.0,6.0,9.0,0.266646,not_computed,0.263863,1.859161,not_computed,not_computed,not_computed,not_computed,8.8125,6.0,not_computed,separate_run_2026-09_staging
Italy,1995,Stewards,5.0,5.0,6.0,5.0,6.5,0.242937,not_computed,0.263863,1.859161,not_computed,not_computed,not_computed,not_computed,8.8125,6.0,not_computed,separate_run_2026-09_staging
Italy,1995,Craft,6.0,7.0,4.0,6.0,12.0,0.29559,not_computed,0.263863,1.859161,not_computed,not_computed,not_computed,not_computed,8.8125,6.0,not_computed,separate_run_2026-09_staging
Italy,1995,Hands,6.0,6.0,5.0,5.0,9.5,0.270819,not_computed,0.263863,1.859161,not_computed,not_computed,not_computed,not_computed,8.8125,6.0,not_computed,separate_run_2026-09_staging
Italy,1995,Archive,6.0,7.0,5.0,6.0,11.0,0.278871,not_computed,0.263863,1.859161,not_computed,not_computed,not_computed,not_computed,8.8125,6.0,not_computed,separate_run_2026-09_staging
Italy,1995,Flow,6.0,6.0,5.0,6.0,10.0,0.278871,not_computed,0.263863,1.859161,not_computed,not_computed,not_computed,not_computed,8.8125,6.0,not_computed,separate_run_2026-09_staging
Italy,1996,Helm,5.0,5.0,6.0,5.0,6.5,0.242937,not_computed,0.263863,1.859161,not_computed,not_computed,not_computed,not_computed,8.8125,6.0,not_computed,separate_run_2026-09_staging
Italy,1996,Shield,5.0,5.0,6.0,4.0,6.0,0.234235,not_computed,0.263863,1.859161,not_computed,not_computed,not_computed,not_computed,8.8125,6.0,not_computed,separate_run_2026-09_staging
Italy,1996,Lore,5.0,6.0,5.0,6.0,9.0,0.266646,not_computed,0.263863,1.859161,not_computed,not_computed,not_computed,not_computed,8.8125,6.0,not_computed,separate_run_2026-09_staging
Italy,1996,Stewards,5.0,5.0,6.0,5.0,6.5,0.242937,not_computed,0.263863,1.859161,not_computed,not_computed,not_computed,not_computed,8.8125,6.0,not_computed,separate_run_2026-09_staging
Italy,1996,Craft,6.0,7.0,4.0,6.0,12.0,0.29559,not_computed,0.263863,1.859161,not_computed,not_computed,not_computed,not_computed,8.8125,6.0,not_computed,separate_run_2026-09_staging
Italy,1996,Hands,6.0,6.0,5.0,5.0,9.5,0.270819,not_computed,0.263863,1.859161,not_computed,not_computed,not_computed,not_computed,8.8125,6.0,not_computed,separate_run_2026-09_staging
Italy,1996,Archive,6.0,7.0,5.0,6.0,11.0,0.278871,not_computed,0.263863,1.859161,not_computed,not_computed,not_computed,not_computed,8.8125,6.0,not_computed,separate_run_2026-09_staging
Italy,1996,Flow,6.0,6.0,5.0,6.0,10.0,0.278871,not_computed,0.263863,1.859161,not_computed,not_computed,not_computed,not_computed,8.8125,6.0,not_computed,separate_run_2026-09_staging
Italy,1997,Helm,5.0,5.0,6.0,5.0,6.5,0.242937,not_computed,0.263863,1.859161,not_computed,not_computed,not_computed,not_computed,8.8125,6.0,not_computed,separate_run_2026-09_staging
Italy,1997,Shield,5.0,5.0,6.0,4.0,6.0,0.234235,not_computed,0.263863,1.859161,not_computed,not_computed,not_computed,not_computed,8.8125,6.0,not_computed,separate_run_2026-09_staging
Italy,1997,Lore,5.0,6.0,5.0,6.0,9.0,0.266646,not_computed,0.263863,1.859161,not_computed,not_computed,not_computed,not_computed,8.8125,6.0,not_computed,separate_run_2026-09_staging
Italy,1997,Stewards,5.0,5.0,6.0,5.0,6.5,0.242937,not_computed,0.263863,1.859161,not_computed,not_computed,not_computed,not_computed,8.8125,6.0,not_computed,separate_run_2026-09_staging
Italy,1997,Craft,6.0,7.0,4.0,6.0,12.0,0.29559,not_computed,0.263863,1.859161,not_computed,not_computed,not_computed,not_computed,8.8125,6.0,not_computed,separate_run_2026-09_staging
Italy,1997,Hands,6.0,6.0,5.0,5.0,9.5,0.270819,not_computed,0.263863,1.859161,not_computed,not_computed,not_computed,not_computed,8.8125,6.0,not_computed,separate_run_2026-09_staging
Italy,1997,Archive,6.0,7.0,5.0,6.0,11.0,0.278871,not_computed,0.263863,1.859161,not_computed,not_computed,not_computed,not_computed,8.8125,6.0,not_computed,separate_run_2026-09_staging
Italy,1997,Flow,6.0,6.0,5.0,6.0,10.0,0.278871,not_computed,0.263863,1.859161,not_computed,not_computed,not_computed,not_computed,8.8125,6.0,not_computed,separate_run_2026-09_staging
Italy,1998,Helm,5.0,5.0,6.0,5.0,6.5,0.242937,not_computed,0.263863,1.859161,not_computed,not_computed,not_computed,not_computed,8.8125,6.0,not_computed,separate_run_2026-09_staging
Italy,1998,Shield,5.0,5.0,6.0,4.0,6.0,0.234235,not_computed,0.263863,1.859161,not_computed,not_computed,not_computed,not_computed,8.8125,6.0,not_computed,separate_run_2026-09_staging
Italy,1998,Lore,5.0,6.0,5.0,6.0,9.0,0.266646,not_computed,0.263863,1.859161,not_computed,not_computed,not_computed,not_computed,8.8125,6.0,not_computed,separate_run_2026-09_staging
Italy,1998,Stewards,5.0,5.0,6.0,5.0,6.5,0.242937,not_computed,0.263863,1.859161,not_computed,not_computed,not_computed,not_computed,8.8125,6.0,not_computed,separate_run_2026-09_staging
Italy,1998,Craft,6.0,7.0,4.0,6.0,12.0,0.29559,not_computed,0.263863,1.859161,not_computed,not_computed,not_computed,not_computed,8.8125,6.0,not_computed,separate_run_2026-09_staging
Italy,1998,Hands,6.0,6.0,5.0,5.0,9.5,0.270819,not_computed,0.263863,1.859161,not_computed,not_computed,not_computed,not_computed,8.8125,6.0,not_computed,separate_run_2026-09_staging
Italy,1998,Archive,6.0,7.0,5.0,6.0,11.0,0.278871,not_computed,0.263863,1.859161,not_computed,not_computed,not_computed,not_computed,8.8125,6.0,not_computed,separate_run_2026-09_staging
Italy,1998,Flow,6.0,6.0,5.0,6.0,10.0,0.278871,not_computed,0.263863,1.859161,not_computed,not_computed,not_computed,not_computed,8.8125,6.0,not_computed,separate_run_2026-09_staging
Italy,1999,Helm,5.0,5.0,6.0,5.0,6.5,0.242937,not_computed,0.263863,1.859161,not_computed,not_computed,not_computed,not_computed,8.8125,6.0,not_computed,separate_run_2026-09_staging
Italy,1999,Shield,5.0,5.0,6.0,4.0,6.0,0.234235,not_computed,0.263863,1.859161,not_computed,not_computed,not_computed,not_computed,8.8125,6.0,not_computed,separate_run_2026-09_staging
Italy,1999,Lore,5.0,6.0,5.0,6.0,9.0,0.266646,not_computed,0.263863,1.859161,not_computed,not_computed,not_computed,not_computed,8.8125,6.0,not_computed,separate_run_2026-09_staging
Italy,1999,Stewards,5.0,5.0,6.0,5.0,6.5,0.242937,not_computed,0.263863,1.859161,not_computed,not_computed,not_computed,not_computed,8.8125,6.0,not_computed,separate_run_2026-09_staging
Italy,1999,Craft,6.0,7.0,4.0,6.0,12.0,0.29559,not_computed,0.263863,1.859161,not_computed,not_computed,not_computed,not_computed,8.8125,6.0,not_computed,separate_run_2026-09_staging
Italy,1999,Hands,6.0,6.0,5.0,5.0,9.5,0.270819,not_computed,0.263863,1.859161,not_computed,not_computed,not_computed,not_computed,8.8125,6.0,not_computed,separate_run_2026-09_staging
Italy,1999,Archive,6.0,7.0,5.0,6.0,11.0,0.278871,not_computed,0.263863,1.859161,not_computed,not_computed,not_computed,not_computed,8.8125,6.0,not_computed,separate_run_2026-09_staging
Italy,1999,Flow,6.0,6.0,5.0,6.0,10.0,0.278871,not_computed,0.263863,1.859161,not_computed,not_computed,not_computed,not_computed,8.8125,6.0,not_computed,separate_run_2026-09_staging
Italy,2000,Helm,5.0,5.0,6.0,5.0,6.5,0.242937,not_computed,0.263863,1.859161,not_computed,not_computed,not_computed,not_computed,8.8125,6.0,not_computed,separate_run_2026-09_staging
Italy,2000,Shield,5.0,5.0,6.0,4.0,6.0,0.234235,not_computed,0.263863,1.859161,not_computed,not_computed,not_computed,not_computed,8.8125,6.0,not_computed,separate_run_2026-09_staging
Italy,2000,Lore,5.0,6.0,5.0,6.0,9.0,0.266646,not_computed,0.263863,1.859161,not_computed,not_computed,not_computed,not_computed,8.8125,6.0,not_computed,separate_run_2026-09_staging
Italy,2000,Stewards,5.0,5.0,6.0,5.0,6.5,0.242937,not_computed,0.263863,1.859161,not_computed,not_computed,not_computed,not_computed,8.8125,6.0,not_computed,separate_run_2026-09_staging
Italy,2000,Craft,6.0,7.0,4.0,6.0,12.0,0.29559,not_computed,0.263863,1.859161,not_computed,not_computed,not_computed,not_computed,8.8125,6.0,not_computed,separate_run_2026-09_staging
Italy,2000,Hands,6.0,6.0,5.0,5.0,9.5,0.270819,not_computed,0.263863,1.859161,not_computed,not_computed,not_computed,not_computed,8.8125,6.0,not_computed,separate_run_2026-09_staging
Italy,2000,Archive,6.0,7.0,5.0,6.0,11.0,0.278871,not_computed,0.263863,1.859161,not_computed,not_computed,not_computed,not_computed,8.8125,6.0,not_computed,separate_run_2026-09_staging
Italy,2000,Flow,6.0,6.0,5.0,6.0,10.0,0.278871,not_computed,0.263863,1.859161,not_computed,not_computed,not_computed,not_computed,8.8125,6.0,not_computed,separate_run_2026-09_staging
Italy,2001,Helm,5.0,5.0,6.0,5.0,6.5,0.240317,not_computed,0.258914,1.841165,not_computed,not_computed,not_computed,not_computed,8.4375,6.0,not_computed,separate_run_2026-09_staging
Italy,2001,Shield,5.0,5.0,6.0,4.0,6.0,0.231722,not_computed,0.258914,1.841165,not_computed,not_computed,not_computed,not_computed,8.4375,6.0,not_computed,separate_run_2026-09_staging
Italy,2001,Lore,5.0,6.0,5.0,6.0,9.0,0.263728,not_computed,0.258914,1.841165,not_computed,not_computed,not_computed,not_computed,8.4375,6.0,not_computed,separate_run_2026-09_staging
Italy,2001,Stewards,5.0,5.0,6.0,5.0,6.5,0.240317,not_computed,0.258914,1.841165,not_computed,not_computed,not_computed,not_computed,8.4375,6.0,not_computed,separate_run_2026-09_staging
Italy,2001,Craft,6.0,6.0,5.0,6.0,10.0,0.275795,not_computed,0.258914,1.841165,not_computed,not_computed,not_computed,not_computed,8.4375,6.0,not_computed,separate_run_2026-09_staging
Italy,2001,Hands,6.0,6.0,5.0,5.0,9.5,0.267847,not_computed,0.258914,1.841165,not_computed,not_computed,not_computed,not_computed,8.4375,6.0,not_computed,separate_run_2026-09_staging
Italy,2001,Archive,6.0,6.0,5.0,6.0,10.0,0.275795,not_computed,0.258914,1.841165,not_computed,not_computed,not_computed,not_computed,8.4375,6.0,not_computed,separate_run_2026-09_staging
Italy,2001,Flow,6.0,6.0,5.0,6.0,10.0,0.275795,not_computed,0.258914,1.841165,not_computed,not_computed,not_computed,not_computed,8.4375,6.0,not_computed,separate_run_2026-09_staging
Italy,2002,Helm,5.0,5.0,6.0,5.0,6.5,0.228858,not_computed,0.237554,1.757925,not_computed,not_computed,not_computed,not_computed,7.75,6.0,not_computed,separate_run_2026-09_staging
Italy,2002,Shield,5.0,5.0,6.0,4.0,6.0,0.22073,not_computed,0.237554,1.757925,not_computed,not_computed,not_computed,not_computed,7.75,6.0,not_computed,separate_run_2026-09_staging
Italy,2002,Lore,5.0,6.0,5.0,6.0,9.0,0.250965,not_computed,0.237554,1.757925,not_computed,not_computed,not_computed,not_computed,7.75,6.0,not_computed,separate_run_2026-09_staging
Italy,2002,Stewards,5.0,5.0,6.0,5.0,6.5,0.228858,not_computed,0.237554,1.757925,not_computed,not_computed,not_computed,not_computed,7.75,6.0,not_computed,separate_run_2026-09_staging
Italy,2002,Craft,5.0,6.0,5.0,6.0,9.0,0.250965,not_computed,0.237554,1.757925,not_computed,not_computed,not_computed,not_computed,7.75,6.0,not_computed,separate_run_2026-09_staging
Italy,2002,Hands,5.0,6.0,6.0,5.0,7.5,0.228858,not_computed,0.237554,1.757925,not_computed,not_computed,not_computed,not_computed,7.75,6.0,not_computed,separate_run_2026-09_staging
Italy,2002,Archive,6.0,6.0,5.0,6.0,10.0,0.262341,not_computed,0.237554,1.757925,not_computed,not_computed,not_computed,not_computed,7.75,6.0,not_computed,separate_run_2026-09_staging
Italy,2002,Flow,5.0,6.0,6.0,5.0,7.5,0.228858,not_computed,0.237554,1.757925,not_computed,not_computed,not_computed,not_computed,7.75,6.0,not_computed,separate_run_2026-09_staging
Italy,2003,Helm,5.0,5.0,6.0,5.0,6.5,0.228858,not_computed,0.237554,1.757925,not_computed,not_computed,not_computed,not_computed,7.75,6.0,not_computed,separate_run_2026-09_staging
Italy,2003,Shield,5.0,5.0,6.0,4.0,6.0,0.22073,not_computed,0.237554,1.757925,not_computed,not_computed,not_computed,not_computed,7.75,6.0,not_computed,separate_run_2026-09_staging
Italy,2003,Lore,5.0,6.0,5.0,6.0,9.0,0.250965,not_computed,0.237554,1.757925,not_computed,not_computed,not_computed,not_computed,7.75,6.0,not_computed,separate_run_2026-09_staging
Italy,2003,Stewards,5.0,5.0,6.0,5.0,6.5,0.228858,not_computed,0.237554,1.757925,not_computed,not_computed,not_computed,not_computed,7.75,6.0,not_computed,separate_run_2026-09_staging
Italy,2003,Craft,5.0,6.0,5.0,6.0,9.0,0.250965,not_computed,0.237554,1.757925,not_computed,not_computed,not_computed,not_computed,7.75,6.0,not_computed,separate_run_2026-09_staging
Italy,2003,Hands,5.0,6.0,6.0,5.0,7.5,0.228858,not_computed,0.237554,1.757925,not_computed,not_computed,not_computed,not_computed,7.75,6.0,not_computed,separate_run_2026-09_staging
Italy,2003,Archive,6.0,6.0,5.0,6.0,10.0,0.262341,not_computed,0.237554,1.757925,not_computed,not_computed,not_computed,not_computed,7.75,6.0,not_computed,separate_run_2026-09_staging
Italy,2003,Flow,5.0,6.0,6.0,5.0,7.5,0.228858,not_computed,0.237554,1.757925,not_computed,not_computed,not_computed,not_computed,7.75,6.0,not_computed,separate_run_2026-09_staging
Italy,2004,Helm,5.0,5.0,6.0,5.0,6.5,0.228858,not_computed,0.237554,1.757925,not_computed,not_computed,not_computed,not_computed,7.75,6.0,not_computed,separate_run_2026-09_staging
Italy,2004,Shield,5.0,5.0,6.0,4.0,6.0,0.22073,not_computed,0.237554,1.757925,not_computed,not_computed,not_computed,not_computed,7.75,6.0,not_computed,separate_run_2026-09_staging
Italy,2004,Lore,5.0,6.0,5.0,6.0,9.0,0.250965,not_computed,0.237554,1.757925,not_computed,not_computed,not_computed,not_computed,7.75,6.0,not_computed,separate_run_2026-09_staging
Italy,2004,Stewards,5.0,5.0,6.0,5.0,6.5,0.228858,not_computed,0.237554,1.757925,not_computed,not_computed,not_computed,not_computed,7.75,6.0,not_computed,separate_run_2026-09_staging
Italy,2004,Craft,5.0,6.0,5.0,6.0,9.0,0.250965,not_computed,0.237554,1.757925,not_computed,not_computed,not_computed,not_computed,7.75,6.0,not_computed,separate_run_2026-09_staging
Italy,2004,Hands,5.0,6.0,6.0,5.0,7.5,0.228858,not_computed,0.237554,1.757925,not_computed,not_computed,not_computed,not_computed,7.75,6.0,not_computed,separate_run_2026-09_staging
Italy,2004,Archive,6.0,6.0,5.0,6.0,10.0,0.262341,not_computed,0.237554,1.757925,not_computed,not_computed,not_computed,not_computed,7.75,6.0,not_computed,separate_run_2026-09_staging
Italy,2004,Flow,5.0,6.0,6.0,5.0,7.5,0.228858,not_computed,0.237554,1.757925,not_computed,not_computed,not_computed,not_computed,7.75,6.0,not_computed,separate_run_2026-09_staging
Italy,2005,Helm,5.0,5.0,6.0,5.0,6.5,0.228858,not_computed,0.237554,1.757925,not_computed,not_computed,not_computed,not_computed,7.75,6.0,not_computed,separate_run_2026-09_staging
Italy,2005,Shield,5.0,5.0,6.0,4.0,6.0,0.22073,not_computed,0.237554,1.757925,not_computed,not_computed,not_computed,not_computed,7.75,6.0,not_computed,separate_run_2026-09_staging
Italy,2005,Lore,5.0,6.0,5.0,6.0,9.0,0.250965,not_computed,0.237554,1.757925,not_computed,not_computed,not_computed,not_computed,7.75,6.0,not_computed,separate_run_2026-09_staging
Italy,2005,Stewards,5.0,5.0,6.0,5.0,6.5,0.228858,not_computed,0.237554,1.757925,not_computed,not_computed,not_computed,not_computed,7.75,6.0,not_computed,separate_run_2026-09_staging
Italy,2005,Craft,5.0,6.0,5.0,6.0,9.0,0.250965,not_computed,0.237554,1.757925,not_computed,not_computed,not_computed,not_computed,7.75,6.0,not_computed,separate_run_2026-09_staging
Italy,2005,Hands,5.0,6.0,6.0,5.0,7.5,0.228858,not_computed,0.237554,1.757925,not_computed,not_computed,not_computed,not_computed,7.75,6.0,not_computed,separate_run_2026-09_staging
Italy,2005,Archive,6.0,6.0,5.0,6.0,10.0,0.262341,not_computed,0.237554,1.757925,not_computed,not_computed,not_computed,not_computed,7.75,6.0,not_computed,separate_run_2026-09_staging
Italy,2005,Flow,5.0,6.0,6.0,5.0,7.5,0.228858,not_computed,0.237554,1.757925,not_computed,not_computed,not_computed,not_computed,7.75,6.0,not_computed,separate_run_2026-09_staging
Italy,2006,Helm,5.0,5.0,6.0,5.0,6.5,0.228858,not_computed,0.237554,1.757925,not_computed,not_computed,not_computed,not_computed,7.75,6.0,not_computed,separate_run_2026-09_staging
Italy,2006,Shield,5.0,5.0,6.0,4.0,6.0,0.22073,not_computed,0.237554,1.757925,not_computed,not_computed,not_computed,not_computed,7.75,6.0,not_computed,separate_run_2026-09_staging
Italy,2006,Lore,5.0,6.0,5.0,6.0,9.0,0.250965,not_computed,0.237554,1.757925,not_computed,not_computed,not_computed,not_computed,7.75,6.0,not_computed,separate_run_2026-09_staging
Italy,2006,Stewards,5.0,5.0,6.0,5.0,6.5,0.228858,not_computed,0.237554,1.757925,not_computed,not_computed,not_computed,not_computed,7.75,6.0,not_computed,separate_run_2026-09_staging
Italy,2006,Craft,5.0,6.0,5.0,6.0,9.0,0.250965,not_computed,0.237554,1.757925,not_computed,not_computed,not_computed,not_computed,7.75,6.0,not_computed,separate_run_2026-09_staging
Italy,2006,Hands,5.0,6.0,6.0,5.0,7.5,0.228858,not_computed,0.237554,1.757925,not_computed,not_computed,not_computed,not_computed,7.75,6.0,not_computed,separate_run_2026-09_staging
Italy,2006,Archive,6.0,6.0,5.0,6.0,10.0,0.262341,not_computed,0.237554,1.757925,not_computed,not_computed,not_computed,not_computed,7.75,6.0,not_computed,separate_run_2026-09_staging
Italy,2006,Flow,5.0,6.0,6.0,5.0,7.5,0.228858,not_computed,0.237554,1.757925,not_computed,not_computed,not_computed,not_computed,7.75,6.0,not_computed,separate_run_2026-09_staging
Italy,2007,Helm,5.0,5.0,6.0,5.0,6.5,0.228858,not_computed,0.237554,1.757925,not_computed,not_computed,not_computed,not_computed,7.75,6.0,not_computed,separate_run_2026-09_staging
Italy,2007,Shield,5.0,5.0,6.0,4.0,6.0,0.22073,not_computed,0.237554,1.757925,not_computed,not_computed,not_computed,not_computed,7.75,6.0,not_computed,separate_run_2026-09_staging
Italy,2007,Lore,5.0,6.0,5.0,6.0,9.0,0.250965,not_computed,0.237554,1.757925,not_computed,not_computed,not_computed,not_computed,7.75,6.0,not_computed,separate_run_2026-09_staging
Italy,2007,Stewards,5.0,5.0,6.0,5.0,6.5,0.228858,not_computed,0.237554,1.757925,not_computed,not_computed,not_computed,not_computed,7.75,6.0,not_computed,separate_run_2026-09_staging
Italy,2007,Craft,5.0,6.0,5.0,6.0,9.0,0.250965,not_computed,0.237554,1.757925,not_computed,not_computed,not_computed,not_computed,7.75,6.0,not_computed,separate_run_2026-09_staging
Italy,2007,Hands,5.0,6.0,6.0,5.0,7.5,0.228858,not_computed,0.237554,1.757925,not_computed,not_computed,not_computed,not_computed,7.75,6.0,not_computed,separate_run_2026-09_staging
Italy,2007,Archive,6.0,6.0,5.0,6.0,10.0,0.262341,not_computed,0.237554,1.757925,not_computed,not_computed,not_computed,not_computed,7.75,6.0,not_computed,separate_run_2026-09_staging
Italy,2007,Flow,5.0,6.0,6.0,5.0,7.5,0.228858,not_computed,0.237554,1.757925,not_computed,not_computed,not_computed,not_computed,7.75,6.0,not_computed,separate_run_2026-09_staging
Italy,2008,Helm,5.0,5.0,7.0,5.0,5.5,0.205434,not_computed,0.218275,1.577923,not_computed,not_computed,not_computed,not_computed,6.75,5.0,not_computed,separate_run_2026-09_staging
Italy,2008,Shield,5.0,5.0,6.0,4.0,6.0,0.210409,not_computed,0.218275,1.577923,not_computed,not_computed,not_computed,not_computed,6.75,5.0,not_computed,separate_run_2026-09_staging
Italy,2008,Lore,5.0,6.0,5.0,6.0,9.0,0.238979,not_computed,0.218275,1.577923,not_computed,not_computed,not_computed,not_computed,6.75,5.0,not_computed,separate_run_2026-09_staging
Italy,2008,Stewards,5.0,5.0,6.0,5.0,6.5,0.218097,not_computed,0.218275,1.577923,not_computed,not_computed,not_computed,not_computed,6.75,5.0,not_computed,separate_run_2026-09_staging
Italy,2008,Craft,5.0,5.0,6.0,5.0,6.5,0.218097,not_computed,0.218275,1.577923,not_computed,not_computed,not_computed,not_computed,6.75,5.0,not_computed,separate_run_2026-09_staging
Italy,2008,Hands,5.0,5.0,7.0,4.0,5.0,0.198106,not_computed,0.218275,1.577923,not_computed,not_computed,not_computed,not_computed,6.75,5.0,not_computed,separate_run_2026-09_staging
Italy,2008,Archive,5.0,6.0,5.0,6.0,9.0,0.238979,not_computed,0.218275,1.577923,not_computed,not_computed,not_computed,not_computed,6.75,5.0,not_computed,separate_run_2026-09_staging
Italy,2008,Flow,5.0,5.0,6.0,5.0,6.5,0.218097,not_computed,0.218275,1.577923,not_computed,not_computed,not_computed,not_computed,6.75,5.0,not_computed,separate_run_2026-09_staging
Italy,2009,Helm,5.0,5.0,7.0,5.0,5.5,0.205434,not_computed,0.218275,1.577923,not_computed,not_computed,not_computed,not_computed,6.75,5.0,not_computed,separate_run_2026-09_staging
Italy,2009,Shield,5.0,5.0,6.0,4.0,6.0,0.210409,not_computed,0.218275,1.577923,not_computed,not_computed,not_computed,not_computed,6.75,5.0,not_computed,separate_run_2026-09_staging
Italy,2009,Lore,5.0,6.0,5.0,6.0,9.0,0.238979,not_computed,0.218275,1.577923,not_computed,not_computed,not_computed,not_computed,6.75,5.0,not_computed,separate_run_2026-09_staging
Italy,2009,Stewards,5.0,5.0,6.0,5.0,6.5,0.218097,not_computed,0.218275,1.577923,not_computed,not_computed,not_computed,not_computed,6.75,5.0,not_computed,separate_run_2026-09_staging
Italy,2009,Craft,5.0,5.0,6.0,5.0,6.5,0.218097,not_computed,0.218275,1.577923,not_computed,not_computed,not_computed,not_computed,6.75,5.0,not_computed,separate_run_2026-09_staging
Italy,2009,Hands,5.0,5.0,7.0,4.0,5.0,0.198106,not_computed,0.218275,1.577923,not_computed,not_computed,not_computed,not_computed,6.75,5.0,not_computed,separate_run_2026-09_staging
Italy,2009,Archive,5.0,6.0,5.0,6.0,9.0,0.238979,not_computed,0.218275,1.577923,not_computed,not_computed,not_computed,not_computed,6.75,5.0,not_computed,separate_run_2026-09_staging
Italy,2009,Flow,5.0,5.0,6.0,5.0,6.5,0.218097,not_computed,0.218275,1.577923,not_computed,not_computed,not_computed,not_computed,6.75,5.0,not_computed,separate_run_2026-09_staging
Italy,2010,Helm,5.0,5.0,7.0,5.0,5.5,0.201549,not_computed,0.211007,1.546997,not_computed,not_computed,not_computed,not_computed,6.5,5.0,not_computed,separate_run_2026-09_staging
Italy,2010,Shield,5.0,5.0,6.0,4.0,6.0,0.206415,not_computed,0.211007,1.546997,not_computed,not_computed,not_computed,not_computed,6.5,5.0,not_computed,separate_run_2026-09_staging
Italy,2010,Lore,5.0,6.0,5.0,6.0,9.0,0.234341,not_computed,0.211007,1.546997,not_computed,not_computed,not_computed,not_computed,6.5,5.0,not_computed,separate_run_2026-09_staging
Italy,2010,Stewards,5.0,5.0,7.0,5.0,5.5,0.201549,not_computed,0.211007,1.546997,not_computed,not_computed,not_computed,not_computed,6.5,5.0,not_computed,separate_run_2026-09_staging
Italy,2010,Craft,5.0,5.0,6.0,5.0,6.5,0.213933,not_computed,0.211007,1.546997,not_computed,not_computed,not_computed,not_computed,6.5,5.0,not_computed,separate_run_2026-09_staging
Italy,2010,Hands,5.0,5.0,7.0,4.0,5.0,0.194379,not_computed,0.211007,1.546997,not_computed,not_computed,not_computed,not_computed,6.5,5.0,not_computed,separate_run_2026-09_staging
Italy,2010,Archive,5.0,6.0,5.0,6.0,9.0,0.234341,not_computed,0.211007,1.546997,not_computed,not_computed,not_computed,not_computed,6.5,5.0,not_computed,separate_run_2026-09_staging
Italy,2010,Flow,5.0,5.0,7.0,5.0,5.5,0.201549,not_computed,0.211007,1.546997,not_computed,not_computed,not_computed,not_computed,6.5,5.0,not_computed,separate_run_2026-09_staging
Italy,2011,Helm,5.0,5.0,7.0,5.0,5.5,0.19793,not_computed,0.204336,1.487841,not_computed,not_computed,not_computed,not_computed,6.25,4.5,not_computed,separate_run_2026-09_staging
Italy,2011,Shield,5.0,5.0,6.0,4.0,6.0,0.202695,not_computed,0.204336,1.487841,not_computed,not_computed,not_computed,not_computed,6.25,4.5,not_computed,separate_run_2026-09_staging
Italy,2011,Lore,5.0,6.0,5.0,6.0,9.0,0.230021,not_computed,0.204336,1.487841,not_computed,not_computed,not_computed,not_computed,6.25,4.5,not_computed,separate_run_2026-09_staging
Italy,2011,Stewards,4.0,5.0,7.0,5.0,4.5,0.187247,not_computed,0.204336,1.487841,not_computed,not_computed,not_computed,not_computed,6.25,4.5,not_computed,separate_run_2026-09_staging
Italy,2011,Craft,5.0,5.0,7.0,5.0,5.5,0.19793,not_computed,0.204336,1.487841,not_computed,not_computed,not_computed,not_computed,6.25,4.5,not_computed,separate_run_2026-09_staging
Italy,2011,Hands,5.0,5.0,7.0,4.0,5.0,0.190908,not_computed,0.204336,1.487841,not_computed,not_computed,not_computed,not_computed,6.25,4.5,not_computed,separate_run_2026-09_staging
Italy,2011,Archive,5.0,6.0,5.0,6.0,9.0,0.230021,not_computed,0.204336,1.487841,not_computed,not_computed,not_computed,not_computed,6.25,4.5,not_computed,separate_run_2026-09_staging
Italy,2011,Flow,5.0,5.0,7.0,5.0,5.5,0.19793,not_computed,0.204336,1.487841,not_computed,not_computed,not_computed,not_computed,6.25,4.5,not_computed,separate_run_2026-09_staging
Italy,2012,Helm,5.0,5.0,7.0,5.0,5.5,0.191754,not_computed,0.193054,1.278287,not_computed,not_computed,not_computed,not_computed,5.8125,3.0,not_computed,separate_run_2026-09_staging
Italy,2012,Shield,5.0,5.0,6.0,4.0,6.0,0.196346,not_computed,0.193054,1.278287,not_computed,not_computed,not_computed,not_computed,5.8125,3.0,not_computed,separate_run_2026-09_staging
Italy,2012,Lore,5.0,6.0,5.0,6.0,9.0,0.222648,not_computed,0.193054,1.278287,not_computed,not_computed,not_computed,not_computed,5.8125,3.0,not_computed,separate_run_2026-09_staging
Italy,2012,Stewards,4.0,5.0,8.0,4.0,3.0,0.163762,not_computed,0.193054,1.278287,not_computed,not_computed,not_computed,not_computed,5.8125,3.0,not_computed,separate_run_2026-09_staging
Italy,2012,Craft,5.0,5.0,7.0,5.0,5.5,0.191754,not_computed,0.193054,1.278287,not_computed,not_computed,not_computed,not_computed,5.8125,3.0,not_computed,separate_run_2026-09_staging
Italy,2012,Hands,4.0,5.0,8.0,4.0,3.0,0.163762,not_computed,0.193054,1.278287,not_computed,not_computed,not_computed,not_computed,5.8125,3.0,not_computed,separate_run_2026-09_staging
Italy,2012,Archive,5.0,6.0,5.0,6.0,9.0,0.222648,not_computed,0.193054,1.278287,not_computed,not_computed,not_computed,not_computed,5.8125,3.0,not_computed,separate_run_2026-09_staging
Italy,2012,Flow,5.0,5.0,7.0,5.0,5.5,0.191754,not_computed,0.193054,1.278287,not_computed,not_computed,not_computed,not_computed,5.8125,3.0,not_computed,separate_run_2026-09_staging
Italy,2013,Helm,5.0,5.0,7.0,5.0,5.5,0.191754,not_computed,0.193054,1.278287,not_computed,not_computed,not_computed,not_computed,5.8125,3.0,not_computed,separate_run_2026-09_staging
Italy,2013,Shield,5.0,5.0,6.0,4.0,6.0,0.196346,not_computed,0.193054,1.278287,not_computed,not_computed,not_computed,not_computed,5.8125,3.0,not_computed,separate_run_2026-09_staging
Italy,2013,Lore,5.0,6.0,5.0,6.0,9.0,0.222648,not_computed,0.193054,1.278287,not_computed,not_computed,not_computed,not_computed,5.8125,3.0,not_computed,separate_run_2026-09_staging
Italy,2013,Stewards,4.0,5.0,8.0,4.0,3.0,0.163762,not_computed,0.193054,1.278287,not_computed,not_computed,not_computed,not_computed,5.8125,3.0,not_computed,separate_run_2026-09_staging
Italy,2013,Craft,5.0,5.0,7.0,5.0,5.5,0.191754,not_computed,0.193054,1.278287,not_computed,not_computed,not_computed,not_computed,5.8125,3.0,not_computed,separate_run_2026-09_staging
Italy,2013,Hands,4.0,5.0,8.0,4.0,3.0,0.163762,not_computed,0.193054,1.278287,not_computed,not_computed,not_computed,not_computed,5.8125,3.0,not_computed,separate_run_2026-09_staging
Italy,2013,Archive,5.0,6.0,5.0,6.0,9.0,0.222648,not_computed,0.193054,1.278287,not_computed,not_computed,not_computed,not_computed,5.8125,3.0,not_computed,separate_run_2026-09_staging
Italy,2013,Flow,5.0,5.0,7.0,5.0,5.5,0.191754,not_computed,0.193054,1.278287,not_computed,not_computed,not_computed,not_computed,5.8125,3.0,not_computed,separate_run_2026-09_staging
Italy,2014,Helm,5.0,5.0,7.0,5.0,5.5,0.200064,not_computed,0.208189,1.442135,not_computed,not_computed,not_computed,not_computed,6.375,4.0,not_computed,separate_run_2026-09_staging
Italy,2014,Shield,5.0,5.0,6.0,4.0,6.0,0.204888,not_computed,0.208189,1.442135,not_computed,not_computed,not_computed,not_computed,6.375,4.0,not_computed,separate_run_2026-09_staging
Italy,2014,Lore,5.0,6.0,5.0,6.0,9.0,0.232568,not_computed,0.208189,1.442135,not_computed,not_computed,not_computed,not_computed,6.375,4.0,not_computed,separate_run_2026-09_staging
Italy,2014,Stewards,4.0,5.0,7.0,5.0,4.5,0.189248,not_computed,0.208189,1.442135,not_computed,not_computed,not_computed,not_computed,6.375,4.0,not_computed,separate_run_2026-09_staging
Italy,2014,Craft,5.0,5.0,6.0,5.0,6.5,0.212341,not_computed,0.208189,1.442135,not_computed,not_computed,not_computed,not_computed,6.375,4.0,not_computed,separate_run_2026-09_staging
Italy,2014,Hands,4.0,5.0,7.0,4.0,4.0,0.181498,not_computed,0.208189,1.442135,not_computed,not_computed,not_computed,not_computed,6.375,4.0,not_computed,separate_run_2026-09_staging
Italy,2014,Archive,5.0,6.0,5.0,6.0,9.0,0.232568,not_computed,0.208189,1.442135,not_computed,not_computed,not_computed,not_computed,6.375,4.0,not_computed,separate_run_2026-09_staging
Italy,2014,Flow,5.0,5.0,6.0,5.0,6.5,0.212341,not_computed,0.208189,1.442135,not_computed,not_computed,not_computed,not_computed,6.375,4.0,not_computed,separate_run_2026-09_staging
Italy,2015,Helm,5.0,5.0,6.0,5.0,6.5,0.220533,not_computed,0.222504,1.503993,not_computed,not_computed,not_computed,not_computed,7.0,4.0,not_computed,separate_run_2026-09_staging
Italy,2015,Shield,5.0,5.0,6.0,4.0,6.0,0.212745,not_computed,0.222504,1.503993,not_computed,not_computed,not_computed,not_computed,7.0,4.0,not_computed,separate_run_2026-09_staging
Italy,2015,Lore,5.0,6.0,5.0,6.0,9.0,0.241692,not_computed,0.222504,1.503993,not_computed,not_computed,not_computed,not_computed,7.0,4.0,not_computed,separate_run_2026-09_staging
Italy,2015,Stewards,5.0,5.0,6.0,5.0,6.5,0.220533,not_computed,0.222504,1.503993,not_computed,not_computed,not_computed,not_computed,7.0,4.0,not_computed,separate_run_2026-09_staging
Italy,2015,Craft,5.0,6.0,5.0,5.0,8.5,0.233969,not_computed,0.222504,1.503993,not_computed,not_computed,not_computed,not_computed,7.0,4.0,not_computed,separate_run_2026-09_staging
Italy,2015,Hands,4.0,5.0,7.0,4.0,4.0,0.188334,not_computed,0.222504,1.503993,not_computed,not_computed,not_computed,not_computed,7.0,4.0,not_computed,separate_run_2026-09_staging
Italy,2015,Archive,5.0,6.0,5.0,6.0,9.0,0.241692,not_computed,0.222504,1.503993,not_computed,not_computed,not_computed,not_computed,7.0,4.0,not_computed,separate_run_2026-09_staging
Italy,2015,Flow,5.0,5.0,6.0,5.0,6.5,0.220533,not_computed,0.222504,1.503993,not_computed,not_computed,not_computed,not_computed,7.0,4.0,not_computed,separate_run_2026-09_staging
Italy,2016,Helm,5.0,5.0,6.0,5.0,6.5,0.220533,not_computed,0.222504,1.503993,not_computed,not_computed,not_computed,not_computed,7.0,4.0,not_computed,separate_run_2026-09_staging
Italy,2016,Shield,5.0,5.0,6.0,4.0,6.0,0.212745,not_computed,0.222504,1.503993,not_computed,not_computed,not_computed,not_computed,7.0,4.0,not_computed,separate_run_2026-09_staging
Italy,2016,Lore,5.0,6.0,5.0,6.0,9.0,0.241692,not_computed,0.222504,1.503993,not_computed,not_computed,not_computed,not_computed,7.0,4.0,not_computed,separate_run_2026-09_staging
Italy,2016,Stewards,5.0,5.0,6.0,5.0,6.5,0.220533,not_computed,0.222504,1.503993,not_computed,not_computed,not_computed,not_computed,7.0,4.0,not_computed,separate_run_2026-09_staging
Italy,2016,Craft,5.0,6.0,5.0,5.0,8.5,0.233969,not_computed,0.222504,1.503993,not_computed,not_computed,not_computed,not_computed,7.0,4.0,not_computed,separate_run_2026-09_staging
Italy,2016,Hands,4.0,5.0,7.0,4.0,4.0,0.188334,not_computed,0.222504,1.503993,not_computed,not_computed,not_computed,not_computed,7.0,4.0,not_computed,separate_run_2026-09_staging
Italy,2016,Archive,5.0,6.0,5.0,6.0,9.0,0.241692,not_computed,0.222504,1.503993,not_computed,not_computed,not_computed,not_computed,7.0,4.0,not_computed,separate_run_2026-09_staging
Italy,2016,Flow,5.0,5.0,6.0,5.0,6.5,0.220533,not_computed,0.222504,1.503993,not_computed,not_computed,not_computed,not_computed,7.0,4.0,not_computed,separate_run_2026-09_staging
Italy,2017,Helm,5.0,5.0,6.0,5.0,6.5,0.220533,not_computed,0.222504,1.503993,not_computed,not_computed,not_computed,not_computed,7.0,4.0,not_computed,separate_run_2026-09_staging
Italy,2017,Shield,5.0,5.0,6.0,4.0,6.0,0.212745,not_computed,0.222504,1.503993,not_computed,not_computed,not_computed,not_computed,7.0,4.0,not_computed,separate_run_2026-09_staging
Italy,2017,Lore,5.0,6.0,5.0,6.0,9.0,0.241692,not_computed,0.222504,1.503993,not_computed,not_computed,not_computed,not_computed,7.0,4.0,not_computed,separate_run_2026-09_staging
Italy,2017,Stewards,5.0,5.0,6.0,5.0,6.5,0.220533,not_computed,0.222504,1.503993,not_computed,not_computed,not_computed,not_computed,7.0,4.0,not_computed,separate_run_2026-09_staging
Italy,2017,Craft,5.0,6.0,5.0,5.0,8.5,0.233969,not_computed,0.222504,1.503993,not_computed,not_computed,not_computed,not_computed,7.0,4.0,not_computed,separate_run_2026-09_staging
Italy,2017,Hands,4.0,5.0,7.0,4.0,4.0,0.188334,not_computed,0.222504,1.503993,not_computed,not_computed,not_computed,not_computed,7.0,4.0,not_computed,separate_run_2026-09_staging
Italy,2017,Archive,5.0,6.0,5.0,6.0,9.0,0.241692,not_computed,0.222504,1.503993,not_computed,not_computed,not_computed,not_computed,7.0,4.0,not_computed,separate_run_2026-09_staging
Italy,2017,Flow,5.0,5.0,6.0,5.0,6.5,0.220533,not_computed,0.222504,1.503993,not_computed,not_computed,not_computed,not_computed,7.0,4.0,not_computed,separate_run_2026-09_staging
Italy,2018,Helm,5.0,5.0,6.0,5.0,6.5,0.215388,not_computed,0.213381,1.439859,not_computed,not_computed,not_computed,not_computed,6.6875,4.0,not_computed,separate_run_2026-09_staging
Italy,2018,Shield,5.0,5.0,6.0,4.0,6.0,0.207811,not_computed,0.213381,1.439859,not_computed,not_computed,not_computed,not_computed,6.6875,4.0,not_computed,separate_run_2026-09_staging
Italy,2018,Lore,5.0,6.0,5.0,6.0,9.0,0.235962,not_computed,0.213381,1.439859,not_computed,not_computed,not_computed,not_computed,6.6875,4.0,not_computed,separate_run_2026-09_staging
Italy,2018,Stewards,4.0,5.0,7.0,4.0,4.0,0.184041,not_computed,0.213381,1.439859,not_computed,not_computed,not_computed,not_computed,6.6875,4.0,not_computed,separate_run_2026-09_staging
Italy,2018,Craft,5.0,6.0,5.0,5.0,8.5,0.228455,not_computed,0.213381,1.439859,not_computed,not_computed,not_computed,not_computed,6.6875,4.0,not_computed,separate_run_2026-09_staging
Italy,2018,Hands,4.0,5.0,7.0,4.0,4.0,0.184041,not_computed,0.213381,1.439859,not_computed,not_computed,not_computed,not_computed,6.6875,4.0,not_computed,separate_run_2026-09_staging
Italy,2018,Archive,5.0,6.0,5.0,6.0,9.0,0.235962,not_computed,0.213381,1.439859,not_computed,not_computed,not_computed,not_computed,6.6875,4.0,not_computed,separate_run_2026-09_staging
Italy,2018,Flow,5.0,5.0,6.0,5.0,6.5,0.215388,not_computed,0.213381,1.439859,not_computed,not_computed,not_computed,not_computed,6.6875,4.0,not_computed,separate_run_2026-09_staging
Italy,2019,Helm,5.0,5.0,6.0,5.0,6.5,0.215388,not_computed,0.213381,1.439859,not_computed,not_computed,not_computed,not_computed,6.6875,4.0,not_computed,separate_run_2026-09_staging
Italy,2019,Shield,5.0,5.0,6.0,4.0,6.0,0.207811,not_computed,0.213381,1.439859,not_computed,not_computed,not_computed,not_computed,6.6875,4.0,not_computed,separate_run_2026-09_staging
Italy,2019,Lore,5.0,6.0,5.0,6.0,9.0,0.235962,not_computed,0.213381,1.439859,not_computed,not_computed,not_computed,not_computed,6.6875,4.0,not_computed,separate_run_2026-09_staging
Italy,2019,Stewards,4.0,5.0,7.0,4.0,4.0,0.184041,not_computed,0.213381,1.439859,not_computed,not_computed,not_computed,not_computed,6.6875,4.0,not_computed,separate_run_2026-09_staging
Italy,2019,Craft,5.0,6.0,5.0,5.0,8.5,0.228455,not_computed,0.213381,1.439859,not_computed,not_computed,not_computed,not_computed,6.6875,4.0,not_computed,separate_run_2026-09_staging
Italy,2019,Hands,4.0,5.0,7.0,4.0,4.0,0.184041,not_computed,0.213381,1.439859,not_computed,not_computed,not_computed,not_computed,6.6875,4.0,not_computed,separate_run_2026-09_staging
Italy,2019,Archive,5.0,6.0,5.0,6.0,9.0,0.235962,not_computed,0.213381,1.439859,not_computed,not_computed,not_computed,not_computed,6.6875,4.0,not_computed,separate_run_2026-09_staging
Italy,2019,Flow,5.0,5.0,6.0,5.0,6.5,0.215388,not_computed,0.213381,1.439859,not_computed,not_computed,not_computed,not_computed,6.6875,4.0,not_computed,separate_run_2026-09_staging
Italy,2020,Helm,4.0,4.0,8.0,4.0,2.0,0.143218,not_computed,0.151978,0.945482,not_computed,not_computed,not_computed,not_computed,3.5625,-0.5,not_computed,separate_run_2026-09_staging
Italy,2020,Shield,5.0,5.0,7.0,4.0,5.0,0.161372,not_computed,0.151978,0.945482,not_computed,not_computed,not_computed,not_computed,3.5625,-0.5,not_computed,separate_run_2026-09_staging
Italy,2020,Lore,5.0,6.0,6.0,5.0,7.5,0.17705,not_computed,0.151978,0.945482,not_computed,not_computed,not_computed,not_computed,3.5625,-0.5,not_computed,separate_run_2026-09_staging
Italy,2020,Stewards,4.0,4.0,8.0,4.0,2.0,0.143218,not_computed,0.151978,0.945482,not_computed,not_computed,not_computed,not_computed,3.5625,-0.5,not_computed,separate_run_2026-09_staging
Italy,2020,Craft,4.0,5.0,7.0,4.0,4.0,0.152047,not_computed,0.151978,0.945482,not_computed,not_computed,not_computed,not_computed,3.5625,-0.5,not_computed,separate_run_2026-09_staging
Italy,2020,Hands,3.0,4.0,9.0,3.0,-0.5,0.118648,not_computed,0.151978,0.945482,not_computed,not_computed,not_computed,not_computed,3.5625,-0.5,not_computed,separate_run_2026-09_staging
Italy,2020,Archive,5.0,5.0,6.0,5.0,6.5,0.17705,not_computed,0.151978,0.945482,not_computed,not_computed,not_computed,not_computed,3.5625,-0.5,not_computed,separate_run_2026-09_staging
Italy,2020,Flow,4.0,4.0,8.0,4.0,2.0,0.143218,not_computed,0.151978,0.945482,not_computed,not_computed,not_computed,not_computed,3.5625,-0.5,not_computed,separate_run_2026-09_staging
Italy,2021,Helm,5.0,5.0,7.0,5.0,5.5,0.1993,not_computed,0.206898,1.443416,not_computed,not_computed,not_computed,not_computed,6.375,4.0,not_computed,separate_run_2026-09_staging
Italy,2021,Shield,5.0,5.0,6.0,4.0,6.0,0.204103,not_computed,0.206898,1.443416,not_computed,not_computed,not_computed,not_computed,6.375,4.0,not_computed,separate_run_2026-09_staging
Italy,2021,Lore,5.0,6.0,5.0,5.0,8.5,0.224312,not_computed,0.206898,1.443416,not_computed,not_computed,not_computed,not_computed,6.375,4.0,not_computed,separate_run_2026-09_staging
Italy,2021,Stewards,5.0,5.0,7.0,5.0,5.5,0.1993,not_computed,0.206898,1.443416,not_computed,not_computed,not_computed,not_computed,6.375,4.0,not_computed,separate_run_2026-09_staging
Italy,2021,Craft,5.0,5.0,6.0,5.0,6.5,0.211522,not_computed,0.206898,1.443416,not_computed,not_computed,not_computed,not_computed,6.375,4.0,not_computed,separate_run_2026-09_staging
Italy,2021,Hands,4.0,5.0,7.0,4.0,4.0,0.180815,not_computed,0.206898,1.443416,not_computed,not_computed,not_computed,not_computed,6.375,4.0,not_computed,separate_run_2026-09_staging
Italy,2021,Archive,5.0,6.0,5.0,5.0,8.5,0.224312,not_computed,0.206898,1.443416,not_computed,not_computed,not_computed,not_computed,6.375,4.0,not_computed,separate_run_2026-09_staging
Italy,2021,Flow,5.0,5.0,6.0,5.0,6.5,0.211522,not_computed,0.206898,1.443416,not_computed,not_computed,not_computed,not_computed,6.375,4.0,not_computed,separate_run_2026-09_staging
Italy,2022,Helm,5.0,5.0,7.0,5.0,5.5,0.1945,not_computed,0.198148,1.387224,not_computed,not_computed,not_computed,not_computed,6.0625,4.0,not_computed,separate_run_2026-09_staging
Italy,2022,Shield,5.0,5.0,6.0,4.0,6.0,0.199168,not_computed,0.198148,1.387224,not_computed,not_computed,not_computed,not_computed,6.0625,4.0,not_computed,separate_run_2026-09_staging
Italy,2022,Lore,5.0,6.0,5.0,5.0,8.5,0.218798,not_computed,0.198148,1.387224,not_computed,not_computed,not_computed,not_computed,6.0625,4.0,not_computed,separate_run_2026-09_staging
Italy,2022,Stewards,4.0,5.0,7.0,4.0,4.0,0.176522,not_computed,0.198148,1.387224,not_computed,not_computed,not_computed,not_computed,6.0625,4.0,not_computed,separate_run_2026-09_staging
Italy,2022,Craft,5.0,5.0,6.0,5.0,6.5,0.206378,not_computed,0.198148,1.387224,not_computed,not_computed,not_computed,not_computed,6.0625,4.0,not_computed,separate_run_2026-09_staging
Italy,2022,Hands,4.0,5.0,7.0,4.0,4.0,0.176522,not_computed,0.198148,1.387224,not_computed,not_computed,not_computed,not_computed,6.0625,4.0,not_computed,separate_run_2026-09_staging
Italy,2022,Archive,5.0,6.0,5.0,5.0,8.5,0.218798,not_computed,0.198148,1.387224,not_computed,not_computed,not_computed,not_computed,6.0625,4.0,not_computed,separate_run_2026-09_staging
Italy,2022,Flow,5.0,5.0,7.0,5.0,5.5,0.1945,not_computed,0.198148,1.387224,not_computed,not_computed,not_computed,not_computed,6.0625,4.0,not_computed,separate_run_2026-09_staging
Italy,2023,Helm,5.0,5.0,7.0,5.0,5.5,0.1945,not_computed,0.198148,1.387224,not_computed,not_computed,not_computed,not_computed,6.0625,4.0,not_computed,separate_run_2026-09_staging
Italy,2023,Shield,5.0,5.0,6.0,4.0,6.0,0.199168,not_computed,0.198148,1.387224,not_computed,not_computed,not_computed,not_computed,6.0625,4.0,not_computed,separate_run_2026-09_staging
Italy,2023,Lore,5.0,6.0,5.0,5.0,8.5,0.218798,not_computed,0.198148,1.387224,not_computed,not_computed,not_computed,not_computed,6.0625,4.0,not_computed,separate_run_2026-09_staging
Italy,2023,Stewards,4.0,5.0,7.0,4.0,4.0,0.176522,not_computed,0.198148,1.387224,not_computed,not_computed,not_computed,not_computed,6.0625,4.0,not_computed,separate_run_2026-09_staging
Italy,2023,Craft,5.0,5.0,6.0,5.0,6.5,0.206378,not_computed,0.198148,1.387224,not_computed,not_computed,not_computed,not_computed,6.0625,4.0,not_computed,separate_run_2026-09_staging
Italy,2023,Hands,4.0,5.0,7.0,4.0,4.0,0.176522,not_computed,0.198148,1.387224,not_computed,not_computed,not_computed,not_computed,6.0625,4.0,not_computed,separate_run_2026-09_staging
Italy,2023,Archive,5.0,6.0,5.0,5.0,8.5,0.218798,not_computed,0.198148,1.387224,not_computed,not_computed,not_computed,not_computed,6.0625,4.0,not_computed,separate_run_2026-09_staging
Italy,2023,Flow,5.0,5.0,7.0,5.0,5.5,0.1945,not_computed,0.198148,1.387224,not_computed,not_computed,not_computed,not_computed,6.0625,4.0,not_computed,separate_run_2026-09_staging
Italy,2024,Helm,5.0,5.0,7.0,5.0,5.5,0.1945,not_computed,0.198148,1.387224,not_computed,not_computed,not_computed,not_computed,6.0625,4.0,not_computed,separate_run_2026-09_staging
Italy,2024,Shield,5.0,5.0,6.0,4.0,6.0,0.199168,not_computed,0.198148,1.387224,not_computed,not_computed,not_computed,not_computed,6.0625,4.0,not_computed,separate_run_2026-09_staging
Italy,2024,Lore,5.0,6.0,5.0,5.0,8.5,0.218798,not_computed,0.198148,1.387224,not_computed,not_computed,not_computed,not_computed,6.0625,4.0,not_computed,separate_run_2026-09_staging
Italy,2024,Stewards,4.0,5.0,7.0,4.0,4.0,0.176522,not_computed,0.198148,1.387224,not_computed,not_computed,not_computed,not_computed,6.0625,4.0,not_computed,separate_run_2026-09_staging
Italy,2024,Craft,5.0,5.0,6.0,5.0,6.5,0.206378,not_computed,0.198148,1.387224,not_computed,not_computed,not_computed,not_computed,6.0625,4.0,not_computed,separate_run_2026-09_staging
Italy,2024,Hands,4.0,5.0,7.0,4.0,4.0,0.176522,not_computed,0.198148,1.387224,not_computed,not_computed,not_computed,not_computed,6.0625,4.0,not_computed,separate_run_2026-09_staging
Italy,2024,Archive,5.0,6.0,5.0,5.0,8.5,0.218798,not_computed,0.198148,1.387224,not_computed,not_computed,not_computed,not_computed,6.0625,4.0,not_computed,separate_run_2026-09_staging
Italy,2024,Flow,5.0,5.0,7.0,5.0,5.5,0.1945,not_computed,0.198148,1.387224,not_computed,not_computed,not_computed,not_computed,6.0625,4.0,not_computed,separate_run_2026-09_staging
Italy,2025,Helm,5.0,5.0,7.0,5.0,5.5,0.1945,not_computed,0.198148,1.387224,not_computed,not_computed,not_computed,not_computed,6.0625,4.0,not_computed,separate_run_2026-09_staging
Italy,2025,Shield,5.0,5.0,6.0,4.0,6.0,0.199168,not_computed,0.198148,1.387224,not_computed,not_computed,not_computed,not_computed,6.0625,4.0,not_computed,separate_run_2026-09_staging
Italy,2025,Lore,5.0,6.0,5.0,5.0,8.5,0.218798,not_computed,0.198148,1.387224,not_computed,not_computed,not_computed,not_computed,6.0625,4.0,not_computed,separate_run_2026-09_staging
Italy,2025,Stewards,4.0,5.0,7.0,4.0,4.0,0.176522,not_computed,0.198148,1.387224,not_computed,not_computed,not_computed,not_computed,6.0625,4.0,not_computed,separate_run_2026-09_staging
Italy,2025,Craft,5.0,5.0,6.0,5.0,6.5,0.206378,not_computed,0.198148,1.387224,not_computed,not_computed,not_computed,not_computed,6.0625,4.0,not_computed,separate_run_2026-09_staging
Italy,2025,Hands,4.0,5.0,7.0,4.0,4.0,0.176522,not_computed,0.198148,1.387224,not_computed,not_computed,not_computed,not_computed,6.0625,4.0,not_computed,separate_run_2026-09_staging
Italy,2025,Archive,5.0,6.0,5.0,5.0,8.5,0.218798,not_computed,0.198148,1.387224,not_computed,not_computed,not_computed,not_computed,6.0625,4.0,not_computed,separate_run_2026-09_staging
Italy,2025,Flow,5.0,5.0,7.0,5.0,5.5,0.1945,not_computed,0.198148,1.387224,not_computed,not_computed,not_computed,not_computed,6.0625,4.0,not_computed,separate_run_2026-09_staging
Italy,2026,Helm,5.0,5.0,7.0,5.0,5.5,0.1945,not_computed,0.198148,1.387224,not_computed,not_computed,not_computed,not_computed,6.0625,4.0,not_computed,separate_run_2026-09_staging
Italy,2026,Shield,5.0,5.0,6.0,4.0,6.0,0.199168,not_computed,0.198148,1.387224,not_computed,not_computed,not_computed,not_computed,6.0625,4.0,not_computed,separate_run_2026-09_staging
Italy,2026,Lore,5.0,6.0,5.0,5.0,8.5,0.218798,not_computed,0.198148,1.387224,not_computed,not_computed,not_computed,not_computed,6.0625,4.0,not_computed,separate_run_2026-09_staging
Italy,2026,Stewards,4.0,5.0,7.0,4.0,4.0,0.176522,not_computed,0.198148,1.387224,not_computed,not_computed,not_computed,not_computed,6.0625,4.0,not_computed,separate_run_2026-09_staging
Italy,2026,Craft,5.0,5.0,6.0,5.0,6.5,0.206378,not_computed,0.198148,1.387224,not_computed,not_computed,not_computed,not_computed,6.0625,4.0,not_computed,separate_run_2026-09_staging
Italy,2026,Hands,4.0,5.0,7.0,4.0,4.0,0.176522,not_computed,0.198148,1.387224,not_computed,not_computed,not_computed,not_computed,6.0625,4.0,not_computed,separate_run_2026-09_staging
Italy,2026,Archive,5.0,6.0,5.0,5.0,8.5,0.218798,not_computed,0.198148,1.387224,not_computed,not_computed,not_computed,not_computed,6.0625,4.0,not_computed,separate_run_2026-09_staging
Italy,2026,Flow,5.0,5.0,7.0,5.0,5.5,0.1945,not_computed,0.198148,1.387224,not_computed,not_computed,not_computed,not_computed,6.0625,4.0,not_computed,separate_run_2026-09_staging
Netherlands,1850,Helm,6.8,7.0,4.4,5.8,12.3,0.329413,not_computed,0.315469,1.828467,not_computed,not_computed,not_computed,not_computed,10.4375,4.1,not_computed,separate_run_2026-09_staging
Netherlands,1850,Shield,6.0,5.6,3.2,4.2,10.5,0.325789,not_computed,0.315469,1.828467,not_computed,not_computed,not_computed,not_computed,10.4375,4.1,not_computed,separate_run_2026-09_staging
Netherlands,1850,Lore,5.6,6.2,4.6,5.8,10.1,0.309331,not_computed,0.315469,1.828467,not_computed,not_computed,not_computed,not_computed,10.4375,4.1,not_computed,separate_run_2026-09_staging
Netherlands,1850,Stewards,7.0,7.0,3.0,5.6,13.8,0.35833,not_computed,0.315469,1.828467,not_computed,not_computed,not_computed,not_computed,10.4375,4.1,not_computed,separate_run_2026-09_staging
Netherlands,1850,Craft,5.2,5.0,5.0,4.4,7.4,0.282686,not_computed,0.315469,1.828467,not_computed,not_computed,not_computed,not_computed,10.4375,4.1,not_computed,separate_run_2026-09_staging
Netherlands,1850,Hands,4.0,4.8,6.2,3.0,4.1,0.229196,not_computed,0.315469,1.828467,not_computed,not_computed,not_computed,not_computed,10.4375,4.1,not_computed,separate_run_2026-09_staging
Netherlands,1850,Archive,6.6,6.2,3.8,5.2,11.6,0.332964,not_computed,0.315469,1.828467,not_computed,not_computed,not_computed,not_computed,10.4375,4.1,not_computed,separate_run_2026-09_staging
Netherlands,1850,Flow,7.0,7.0,3.2,5.8,13.7,0.356046,not_computed,0.315469,1.828467,not_computed,not_computed,not_computed,not_computed,10.4375,4.1,not_computed,separate_run_2026-09_staging
Netherlands,1851,Helm,7.0,7.0,4.0,6.0,13.0,0.345985,not_computed,0.322378,1.849897,not_computed,not_computed,not_computed,not_computed,10.6875,4.1,not_computed,separate_run_2026-09_staging
Netherlands,1851,Shield,6.0,5.6,3.2,4.2,10.5,0.329897,not_computed,0.322378,1.849897,not_computed,not_computed,not_computed,not_computed,10.6875,4.1,not_computed,separate_run_2026-09_staging
Netherlands,1851,Lore,5.6,6.2,4.6,5.8,10.1,0.313197,not_computed,0.322378,1.849897,not_computed,not_computed,not_computed,not_computed,10.6875,4.1,not_computed,separate_run_2026-09_staging
Netherlands,1851,Stewards,7.0,7.0,3.0,5.6,13.8,0.362929,not_computed,0.322378,1.849897,not_computed,not_computed,not_computed,not_computed,10.6875,4.1,not_computed,separate_run_2026-09_staging
Netherlands,1851,Craft,5.2,5.0,5.0,4.4,7.4,0.286172,not_computed,0.322378,1.849897,not_computed,not_computed,not_computed,not_computed,10.6875,4.1,not_computed,separate_run_2026-09_staging
Netherlands,1851,Hands,4.0,4.8,6.2,3.0,4.1,0.231951,not_computed,0.322378,1.849897,not_computed,not_computed,not_computed,not_computed,10.6875,4.1,not_computed,separate_run_2026-09_staging
Netherlands,1851,Archive,7.0,6.8,3.8,5.6,12.8,0.346449,not_computed,0.322378,1.849897,not_computed,not_computed,not_computed,not_computed,10.6875,4.1,not_computed,separate_run_2026-09_staging
Netherlands,1851,Flow,7.0,7.0,3.2,6.0,13.8,0.362448,not_computed,0.322378,1.849897,not_computed,not_computed,not_computed,not_computed,10.6875,4.1,not_computed,separate_run_2026-09_staging
Netherlands,1852,Helm,7.0,7.0,4.0,6.0,13.0,0.349723,not_computed,0.328414,1.869257,not_computed,not_computed,not_computed,not_computed,10.825,4.1,not_computed,separate_run_2026-09_staging
Netherlands,1852,Shield,6.0,5.6,3.0,4.2,10.7,0.337401,not_computed,0.328414,1.869257,not_computed,not_computed,not_computed,not_computed,10.825,4.1,not_computed,separate_run_2026-09_staging
Netherlands,1852,Lore,5.8,6.2,4.6,5.8,10.3,0.319395,not_computed,0.328414,1.869257,not_computed,not_computed,not_computed,not_computed,10.825,4.1,not_computed,separate_run_2026-09_staging
Netherlands,1852,Stewards,7.0,7.0,3.0,5.8,13.9,0.368781,not_computed,0.328414,1.869257,not_computed,not_computed,not_computed,not_computed,10.825,4.1,not_computed,separate_run_2026-09_staging
Netherlands,1852,Craft,5.2,5.0,4.8,4.4,7.6,0.292715,not_computed,0.328414,1.869257,not_computed,not_computed,not_computed,not_computed,10.825,4.1,not_computed,separate_run_2026-09_staging
Netherlands,1852,Hands,4.0,4.8,6.2,3.0,4.1,0.234321,not_computed,0.328414,1.869257,not_computed,not_computed,not_computed,not_computed,10.825,4.1,not_computed,separate_run_2026-09_staging
Netherlands,1852,Archive,7.0,6.8,3.6,5.6,13.0,0.354314,not_computed,0.328414,1.869257,not_computed,not_computed,not_computed,not_computed,10.825,4.1,not_computed,separate_run_2026-09_staging
Netherlands,1852,Flow,7.0,7.0,3.0,6.0,14.0,0.370658,not_computed,0.328414,1.869257,not_computed,not_computed,not_computed,not_computed,10.825,4.1,not_computed,separate_run_2026-09_staging
Netherlands,1853,Helm,5.0,5.8,6.6,5.0,6.7,0.2391,not_computed,0.272804,1.678031,not_computed,not_computed,not_computed,not_computed,9.05,4.1,not_computed,separate_run_2026-09_staging
Netherlands,1853,Shield,6.0,5.6,4.0,4.2,9.7,0.286108,not_computed,0.272804,1.678031,not_computed,not_computed,not_computed,not_computed,9.05,4.1,not_computed,separate_run_2026-09_staging
Netherlands,1853,Lore,4.6,5.8,6.4,5.0,6.5,0.23685,not_computed,0.272804,1.678031,not_computed,not_computed,not_computed,not_computed,9.05,4.1,not_computed,separate_run_2026-09_staging
Netherlands,1853,Stewards,7.0,7.0,3.0,5.8,13.9,0.330899,not_computed,0.272804,1.678031,not_computed,not_computed,not_computed,not_computed,9.05,4.1,not_computed,separate_run_2026-09_staging
Netherlands,1853,Craft,5.2,5.0,5.0,4.4,7.4,0.26064,not_computed,0.272804,1.678031,not_computed,not_computed,not_computed,not_computed,9.05,4.1,not_computed,separate_run_2026-09_staging
Netherlands,1853,Hands,4.0,4.8,6.2,3.0,4.1,0.211772,not_computed,0.272804,1.678031,not_computed,not_computed,not_computed,not_computed,9.05,4.1,not_computed,separate_run_2026-09_staging
Netherlands,1853,Archive,6.4,6.2,4.6,5.0,10.5,0.288254,not_computed,0.272804,1.678031,not_computed,not_computed,not_computed,not_computed,9.05,4.1,not_computed,separate_run_2026-09_staging
Netherlands,1853,Flow,7.0,6.8,3.2,6.0,13.6,0.328811,not_computed,0.272804,1.678031,not_computed,not_computed,not_computed,not_computed,9.05,4.1,not_computed,separate_run_2026-09_staging
Netherlands,1854,Helm,5.8,6.2,5.2,5.0,9.3,0.286335,not_computed,0.30128,1.78088,not_computed,not_computed,not_computed,not_computed,9.925,4.1,not_computed,separate_run_2026-09_staging
Netherlands,1854,Shield,6.0,5.6,3.0,4.2,10.7,0.321125,not_computed,0.30128,1.78088,not_computed,not_computed,not_computed,not_computed,9.925,4.1,not_computed,separate_run_2026-09_staging
Netherlands,1854,Lore,5.2,6.0,5.2,5.0,8.5,0.278,not_computed,0.30128,1.78088,not_computed,not_computed,not_computed,not_computed,9.925,4.1,not_computed,separate_run_2026-09_staging
Netherlands,1854,Stewards,7.0,7.0,3.0,5.8,13.9,0.350695,not_computed,0.30128,1.78088,not_computed,not_computed,not_computed,not_computed,9.925,4.1,not_computed,separate_run_2026-09_staging
Netherlands,1854,Craft,5.2,5.0,5.0,4.4,7.4,0.27555,not_computed,0.30128,1.78088,not_computed,not_computed,not_computed,not_computed,9.925,4.1,not_computed,separate_run_2026-09_staging
Netherlands,1854,Hands,4.0,4.8,6.2,3.0,4.1,0.223556,not_computed,0.30128,1.78088,not_computed,not_computed,not_computed,not_computed,9.925,4.1,not_computed,separate_run_2026-09_staging
Netherlands,1854,Archive,6.6,6.2,3.8,5.0,11.5,0.322517,not_computed,0.30128,1.78088,not_computed,not_computed,not_computed,not_computed,9.925,4.1,not_computed,separate_run_2026-09_staging
Netherlands,1854,Flow,7.0,7.0,3.0,6.0,14.0,0.352462,not_computed,0.30128,1.78088,not_computed,not_computed,not_computed,not_computed,9.925,4.1,not_computed,separate_run_2026-09_staging
Netherlands,1855,Helm,5.8,6.2,4.8,5.0,9.7,0.295743,not_computed,0.305806,1.796554,not_computed,not_computed,not_computed,not_computed,10.0625,4.1,not_computed,separate_run_2026-09_staging
Netherlands,1855,Shield,6.0,5.6,3.0,4.2,10.7,0.323859,not_computed,0.305806,1.796554,not_computed,not_computed,not_computed,not_computed,10.0625,4.1,not_computed,separate_run_2026-09_staging
Netherlands,1855,Lore,5.2,6.0,5.2,5.4,8.7,0.284097,not_computed,0.305806,1.796554,not_computed,not_computed,not_computed,not_computed,10.0625,4.1,not_computed,separate_run_2026-09_staging
Netherlands,1855,Stewards,7.0,7.0,3.2,5.8,13.7,0.349697,not_computed,0.305806,1.796554,not_computed,not_computed,not_computed,not_computed,10.0625,4.1,not_computed,separate_run_2026-09_staging
Netherlands,1855,Craft,5.2,5.0,4.8,4.4,7.6,0.281223,not_computed,0.305806,1.796554,not_computed,not_computed,not_computed,not_computed,10.0625,4.1,not_computed,separate_run_2026-09_staging
Netherlands,1855,Hands,4.0,4.8,6.2,3.0,4.1,0.225364,not_computed,0.305806,1.796554,not_computed,not_computed,not_computed,not_computed,10.0625,4.1,not_computed,separate_run_2026-09_staging
Netherlands,1855,Archive,6.6,6.4,3.6,5.2,12.0,0.330947,not_computed,0.305806,1.796554,not_computed,not_computed,not_computed,not_computed,10.0625,4.1,not_computed,separate_run_2026-09_staging
Netherlands,1855,Flow,7.0,7.0,3.0,6.0,14.0,0.355518,not_computed,0.305806,1.796554,not_computed,not_computed,not_computed,not_computed,10.0625,4.1,not_computed,separate_run_2026-09_staging
Netherlands,1856,Helm,5.8,6.0,4.8,5.0,9.5,0.296264,not_computed,0.306783,1.800162,not_computed,not_computed,not_computed,not_computed,10.1125,4.1,not_computed,separate_run_2026-09_staging
Netherlands,1856,Shield,6.0,5.6,3.0,4.2,10.7,0.324438,not_computed,0.306783,1.800162,not_computed,not_computed,not_computed,not_computed,10.1125,4.1,not_computed,separate_run_2026-09_staging
Netherlands,1856,Lore,5.2,6.0,5.0,5.6,9.0,0.289935,not_computed,0.306783,1.800162,not_computed,not_computed,not_computed,not_computed,10.1125,4.1,not_computed,separate_run_2026-09_staging
Netherlands,1856,Stewards,7.0,7.0,3.0,5.8,13.9,0.354377,not_computed,0.306783,1.800162,not_computed,not_computed,not_computed,not_computed,10.1125,4.1,not_computed,separate_run_2026-09_staging
Netherlands,1856,Craft,5.2,5.4,4.8,4.4,8.0,0.281715,not_computed,0.306783,1.800162,not_computed,not_computed,not_computed,not_computed,10.1125,4.1,not_computed,separate_run_2026-09_staging
Netherlands,1856,Hands,4.0,4.8,6.2,3.0,4.1,0.225747,not_computed,0.306783,1.800162,not_computed,not_computed,not_computed,not_computed,10.1125,4.1,not_computed,separate_run_2026-09_staging
Netherlands,1856,Archive,6.6,6.4,3.6,5.0,11.9,0.329684,not_computed,0.306783,1.800162,not_computed,not_computed,not_computed,not_computed,10.1125,4.1,not_computed,separate_run_2026-09_staging
Netherlands,1856,Flow,7.0,7.0,3.2,6.0,13.8,0.352107,not_computed,0.306783,1.800162,not_computed,not_computed,not_computed,not_computed,10.1125,4.1,not_computed,separate_run_2026-09_staging
Netherlands,1857,Helm,6.4,6.4,4.6,5.8,11.1,0.319625,not_computed,0.314404,1.8259,not_computed,not_computed,not_computed,not_computed,10.55,4.1,not_computed,separate_run_2026-09_staging
Netherlands,1857,Shield,6.0,5.6,3.0,4.2,10.7,0.328967,not_computed,0.314404,1.8259,not_computed,not_computed,not_computed,not_computed,10.55,4.1,not_computed,separate_run_2026-09_staging
Netherlands,1857,Lore,6.2,6.8,5.0,6.0,11.0,0.31125,not_computed,0.314404,1.8259,not_computed,not_computed,not_computed,not_computed,10.55,4.1,not_computed,separate_run_2026-09_staging
Netherlands,1857,Stewards,6.8,7.0,3.4,5.8,13.3,0.348501,not_computed,0.314404,1.8259,not_computed,not_computed,not_computed,not_computed,10.55,4.1,not_computed,separate_run_2026-09_staging
Netherlands,1857,Craft,5.2,5.4,4.8,4.4,8.0,0.285558,not_computed,0.314404,1.8259,not_computed,not_computed,not_computed,not_computed,10.55,4.1,not_computed,separate_run_2026-09_staging
Netherlands,1857,Hands,4.0,4.8,6.2,3.0,4.1,0.228743,not_computed,0.314404,1.8259,not_computed,not_computed,not_computed,not_computed,10.55,4.1,not_computed,separate_run_2026-09_staging
Netherlands,1857,Archive,6.8,6.8,3.8,6.0,12.8,0.342272,not_computed,0.314404,1.8259,not_computed,not_computed,not_computed,not_computed,10.55,4.1,not_computed,separate_run_2026-09_staging
Netherlands,1857,Flow,6.8,7.0,3.4,6.0,13.4,0.350315,not_computed,0.314404,1.8259,not_computed,not_computed,not_computed,not_computed,10.55,4.1,not_computed,separate_run_2026-09_staging
Netherlands,1858,Helm,6.0,6.0,4.6,5.2,10.0,0.31026,not_computed,0.317081,1.833744,not_computed,not_computed,not_computed,not_computed,10.4625,4.1,not_computed,separate_run_2026-09_staging
Netherlands,1858,Shield,6.0,5.6,3.0,4.2,10.7,0.330653,not_computed,0.317081,1.833744,not_computed,not_computed,not_computed,not_computed,10.4625,4.1,not_computed,separate_run_2026-09_staging
Netherlands,1858,Lore,6.2,6.6,5.0,6.0,10.8,0.312829,not_computed,0.317081,1.833744,not_computed,not_computed,not_computed,not_computed,10.4625,4.1,not_computed,separate_run_2026-09_staging
Netherlands,1858,Stewards,7.0,7.0,3.0,5.8,13.9,0.361282,not_computed,0.317081,1.833744,not_computed,not_computed,not_computed,not_computed,10.4625,4.1,not_computed,separate_run_2026-09_staging
Netherlands,1858,Craft,5.2,5.4,4.8,4.4,8.0,0.286988,not_computed,0.317081,1.833744,not_computed,not_computed,not_computed,not_computed,10.4625,4.1,not_computed,separate_run_2026-09_staging
Netherlands,1858,Hands,4.0,4.8,6.2,3.0,4.1,0.229858,not_computed,0.317081,1.833744,not_computed,not_computed,not_computed,not_computed,10.4625,4.1,not_computed,separate_run_2026-09_staging
Netherlands,1858,Archive,6.6,6.4,3.6,5.6,12.2,0.341665,not_computed,0.317081,1.833744,not_computed,not_computed,not_computed,not_computed,10.4625,4.1,not_computed,separate_run_2026-09_staging
Netherlands,1858,Flow,7.0,7.0,3.0,6.0,14.0,0.363114,not_computed,0.317081,1.833744,not_computed,not_computed,not_computed,not_computed,10.4625,4.1,not_computed,separate_run_2026-09_staging
Netherlands,1859,Helm,6.0,6.0,4.6,5.2,10.0,0.312225,not_computed,0.320681,1.846466,not_computed,not_computed,not_computed,not_computed,10.55,4.1,not_computed,separate_run_2026-09_staging
Netherlands,1859,Shield,6.0,5.6,3.0,4.2,10.7,0.33277,not_computed,0.320681,1.846466,not_computed,not_computed,not_computed,not_computed,10.55,4.1,not_computed,separate_run_2026-09_staging
Netherlands,1859,Lore,6.2,6.4,4.8,6.0,10.8,0.31859,not_computed,0.320681,1.846466,not_computed,not_computed,not_computed,not_computed,10.55,4.1,not_computed,separate_run_2026-09_staging
Netherlands,1859,Stewards,7.0,7.0,3.0,5.8,13.9,0.363635,not_computed,0.320681,1.846466,not_computed,not_computed,not_computed,not_computed,10.55,4.1,not_computed,separate_run_2026-09_staging
Netherlands,1859,Craft,5.4,5.6,4.6,4.8,8.8,0.299506,not_computed,0.320681,1.846466,not_computed,not_computed,not_computed,not_computed,10.55,4.1,not_computed,separate_run_2026-09_staging
Netherlands,1859,Hands,4.0,4.8,6.2,3.0,4.1,0.231258,not_computed,0.320681,1.846466,not_computed,not_computed,not_computed,not_computed,10.55,4.1,not_computed,separate_run_2026-09_staging
Netherlands,1859,Archive,6.6,6.4,3.6,5.4,12.1,0.341986,not_computed,0.320681,1.846466,not_computed,not_computed,not_computed,not_computed,10.55,4.1,not_computed,separate_run_2026-09_staging
Netherlands,1859,Flow,7.0,7.0,3.0,6.0,14.0,0.365481,not_computed,0.320681,1.846466,not_computed,not_computed,not_computed,not_computed,10.55,4.1,not_computed,separate_run_2026-09_staging
Netherlands,1860,Helm,6.2,6.2,4.6,5.2,10.4,0.311254,not_computed,0.314071,1.826256,not_computed,not_computed,not_computed,not_computed,10.4875,4.1,not_computed,separate_run_2026-09_staging
Netherlands,1860,Shield,6.0,5.6,3.0,4.2,10.7,0.328723,not_computed,0.314071,1.826256,not_computed,not_computed,not_computed,not_computed,10.4875,4.1,not_computed,separate_run_2026-09_staging
Netherlands,1860,Lore,6.4,6.6,4.8,6.6,11.5,0.322528,not_computed,0.314071,1.826256,not_computed,not_computed,not_computed,not_computed,10.4875,4.1,not_computed,separate_run_2026-09_staging
Netherlands,1860,Stewards,6.2,7.0,4.0,5.8,12.1,0.328144,not_computed,0.314071,1.826256,not_computed,not_computed,not_computed,not_computed,10.4875,4.1,not_computed,separate_run_2026-09_staging
Netherlands,1860,Craft,5.4,5.6,4.6,4.8,8.8,0.295925,not_computed,0.314071,1.826256,not_computed,not_computed,not_computed,not_computed,10.4875,4.1,not_computed,separate_run_2026-09_staging
Netherlands,1860,Hands,4.0,4.8,6.2,3.0,4.1,0.228581,not_computed,0.314071,1.826256,not_computed,not_computed,not_computed,not_computed,10.4875,4.1,not_computed,separate_run_2026-09_staging
Netherlands,1860,Archive,6.8,6.6,3.6,5.4,12.5,0.340579,not_computed,0.314071,1.826256,not_computed,not_computed,not_computed,not_computed,10.4875,4.1,not_computed,separate_run_2026-09_staging
Netherlands,1860,Flow,7.0,7.0,3.2,6.0,13.8,0.356831,not_computed,0.314071,1.826256,not_computed,not_computed,not_computed,not_computed,10.4875,4.1,not_computed,separate_run_2026-09_staging
Netherlands,1861,Helm,5.8,6.4,4.8,5.4,10.1,0.303552,not_computed,0.313442,1.824004,not_computed,not_computed,not_computed,not_computed,10.425,4.1,not_computed,separate_run_2026-09_staging
Netherlands,1861,Shield,6.0,5.6,3.0,4.2,10.7,0.328369,not_computed,0.313442,1.824004,not_computed,not_computed,not_computed,not_computed,10.425,4.1,not_computed,separate_run_2026-09_staging
Netherlands,1861,Lore,6.2,6.4,4.8,6.0,10.8,0.314407,not_computed,0.313442,1.824004,not_computed,not_computed,not_computed,not_computed,10.425,4.1,not_computed,separate_run_2026-09_staging
Netherlands,1861,Stewards,6.4,7.0,3.8,5.8,12.5,0.334435,not_computed,0.313442,1.824004,not_computed,not_computed,not_computed,not_computed,10.425,4.1,not_computed,separate_run_2026-09_staging
Netherlands,1861,Craft,5.6,5.6,4.6,4.8,9.0,0.298574,not_computed,0.313442,1.824004,not_computed,not_computed,not_computed,not_computed,10.425,4.1,not_computed,separate_run_2026-09_staging
Netherlands,1861,Hands,4.0,4.8,6.2,3.0,4.1,0.228347,not_computed,0.313442,1.824004,not_computed,not_computed,not_computed,not_computed,10.425,4.1,not_computed,separate_run_2026-09_staging
Netherlands,1861,Archive,6.6,6.4,3.6,5.6,12.2,0.339292,not_computed,0.313442,1.824004,not_computed,not_computed,not_computed,not_computed,10.425,4.1,not_computed,separate_run_2026-09_staging
Netherlands,1861,Flow,7.0,7.0,3.0,6.0,14.0,0.360561,not_computed,0.313442,1.824004,not_computed,not_computed,not_computed,not_computed,10.425,4.1,not_computed,separate_run_2026-09_staging
Netherlands,1862,Helm,7.0,7.0,3.8,6.4,13.4,0.361344,not_computed,0.334841,1.943371,not_computed,not_computed,not_computed,not_computed,11.175,4.5,not_computed,separate_run_2026-09_staging
Netherlands,1862,Shield,6.0,5.6,3.2,4.2,10.5,0.337044,not_computed,0.334841,1.943371,not_computed,not_computed,not_computed,not_computed,11.175,4.5,not_computed,separate_run_2026-09_staging
Netherlands,1862,Lore,6.2,6.6,4.8,6.2,11.1,0.328304,not_computed,0.334841,1.943371,not_computed,not_computed,not_computed,not_computed,11.175,4.5,not_computed,separate_run_2026-09_staging
Netherlands,1862,Stewards,6.6,7.0,3.6,6.0,13.0,0.356309,not_computed,0.334841,1.943371,not_computed,not_computed,not_computed,not_computed,11.175,4.5,not_computed,separate_run_2026-09_staging
Netherlands,1862,Craft,5.6,5.8,4.6,5.0,9.3,0.311972,not_computed,0.334841,1.943371,not_computed,not_computed,not_computed,not_computed,11.175,4.5,not_computed,separate_run_2026-09_staging
Netherlands,1862,Hands,4.2,4.8,6.0,3.0,4.5,0.243328,not_computed,0.334841,1.943371,not_computed,not_computed,not_computed,not_computed,11.175,4.5,not_computed,separate_run_2026-09_staging
Netherlands,1862,Archive,7.0,7.0,3.6,6.0,13.4,0.361919,not_computed,0.334841,1.943371,not_computed,not_computed,not_computed,not_computed,11.175,4.5,not_computed,separate_run_2026-09_staging
Netherlands,1862,Flow,7.0,7.0,3.0,6.4,14.2,0.378511,not_computed,0.334841,1.943371,not_computed,not_computed,not_computed,not_computed,11.175,4.5,not_computed,separate_run_2026-09_staging
Netherlands,1863,Helm,7.0,7.0,4.0,6.6,13.3,0.354768,not_computed,0.328315,1.965452,not_computed,not_computed,not_computed,not_computed,10.9875,4.8,not_computed,separate_run_2026-09_staging
Netherlands,1863,Shield,6.0,5.6,3.0,4.2,10.7,0.337153,not_computed,0.328315,1.965452,not_computed,not_computed,not_computed,not_computed,10.9875,4.8,not_computed,separate_run_2026-09_staging
Netherlands,1863,Lore,6.4,6.6,4.8,6.4,11.4,0.329016,not_computed,0.328315,1.965452,not_computed,not_computed,not_computed,not_computed,10.9875,4.8,not_computed,separate_run_2026-09_staging
Netherlands,1863,Stewards,6.2,6.6,4.4,5.8,11.3,0.328671,not_computed,0.328315,1.965452,not_computed,not_computed,not_computed,not_computed,10.9875,4.8,not_computed,separate_run_2026-09_staging
Netherlands,1863,Craft,5.6,5.8,4.6,5.0,9.3,0.308445,not_computed,0.328315,1.965452,not_computed,not_computed,not_computed,not_computed,10.9875,4.8,not_computed,separate_run_2026-09_staging
Netherlands,1863,Hands,4.2,4.8,5.8,3.2,4.8,0.246043,not_computed,0.328315,1.965452,not_computed,not_computed,not_computed,not_computed,10.9875,4.8,not_computed,separate_run_2026-09_staging
Netherlands,1863,Archive,7.0,7.0,3.8,6.2,13.3,0.355374,not_computed,0.328315,1.965452,not_computed,not_computed,not_computed,not_computed,10.9875,4.8,not_computed,separate_run_2026-09_staging
Netherlands,1863,Flow,6.8,7.0,3.2,6.4,13.8,0.36705,not_computed,0.328315,1.965452,not_computed,not_computed,not_computed,not_computed,10.9875,4.8,not_computed,separate_run_2026-09_staging
Netherlands,1864,Helm,7.0,7.0,3.8,6.4,13.4,0.363305,not_computed,0.338029,1.972489,not_computed,not_computed,not_computed,not_computed,11.275,4.6,not_computed,separate_run_2026-09_staging
Netherlands,1864,Shield,6.0,5.6,3.0,4.2,10.7,0.342896,not_computed,0.338029,1.972489,not_computed,not_computed,not_computed,not_computed,11.275,4.6,not_computed,separate_run_2026-09_staging
Netherlands,1864,Lore,6.4,6.6,4.8,6.2,11.3,0.332792,not_computed,0.338029,1.972489,not_computed,not_computed,not_computed,not_computed,11.275,4.6,not_computed,separate_run_2026-09_staging
Netherlands,1864,Stewards,6.6,7.0,3.6,5.8,12.9,0.356323,not_computed,0.338029,1.972489,not_computed,not_computed,not_computed,not_computed,11.275,4.6,not_computed,separate_run_2026-09_staging
Netherlands,1864,Craft,5.6,6.0,4.6,5.2,9.6,0.315653,not_computed,0.338029,1.972489,not_computed,not_computed,not_computed,not_computed,11.275,4.6,not_computed,separate_run_2026-09_staging
Netherlands,1864,Hands,4.2,4.8,6.0,3.2,4.6,0.246943,not_computed,0.338029,1.972489,not_computed,not_computed,not_computed,not_computed,11.275,4.6,not_computed,separate_run_2026-09_staging
Netherlands,1864,Archive,7.0,7.0,3.6,6.2,13.5,0.365734,not_computed,0.338029,1.972489,not_computed,not_computed,not_computed,not_computed,11.275,4.6,not_computed,separate_run_2026-09_staging
Netherlands,1864,Flow,7.0,7.0,3.0,6.4,14.2,0.380584,not_computed,0.338029,1.972489,not_computed,not_computed,not_computed,not_computed,11.275,4.6,not_computed,separate_run_2026-09_staging
Netherlands,1865,Helm,6.8,7.0,4.0,6.2,12.9,0.353415,not_computed,0.336291,2.012946,not_computed,not_computed,not_computed,not_computed,11.2375,4.9,not_computed,separate_run_2026-09_staging
Netherlands,1865,Shield,6.0,5.6,3.0,4.2,10.7,0.341814,not_computed,0.336291,2.012946,not_computed,not_computed,not_computed,not_computed,11.2375,4.9,not_computed,separate_run_2026-09_staging
Netherlands,1865,Lore,6.4,6.6,4.8,6.2,11.3,0.331747,not_computed,0.336291,2.012946,not_computed,not_computed,not_computed,not_computed,11.2375,4.9,not_computed,separate_run_2026-09_staging
Netherlands,1865,Stewards,6.6,7.0,3.4,5.8,13.1,0.359378,not_computed,0.336291,2.012946,not_computed,not_computed,not_computed,not_computed,11.2375,4.9,not_computed,separate_run_2026-09_staging
Netherlands,1865,Craft,5.6,6.0,4.6,5.4,9.7,0.316672,not_computed,0.336291,2.012946,not_computed,not_computed,not_computed,not_computed,11.2375,4.9,not_computed,separate_run_2026-09_staging
Netherlands,1865,Hands,4.4,4.8,6.0,3.4,4.9,0.251963,not_computed,0.336291,2.012946,not_computed,not_computed,not_computed,not_computed,11.2375,4.9,not_computed,separate_run_2026-09_staging
Netherlands,1865,Archive,7.0,7.0,3.8,6.2,13.3,0.360334,not_computed,0.336291,2.012946,not_computed,not_computed,not_computed,not_computed,11.2375,4.9,not_computed,separate_run_2026-09_staging
Netherlands,1865,Flow,7.0,7.0,3.2,6.4,14.0,0.375002,not_computed,0.336291,2.012946,not_computed,not_computed,not_computed,not_computed,11.2375,4.9,not_computed,separate_run_2026-09_staging
Netherlands,1866,Helm,4.8,5.8,6.8,5.2,6.4,0.24281,not_computed,0.288948,1.790539,not_computed,not_computed,not_computed,not_computed,9.6625,4.3,not_computed,separate_run_2026-09_staging
Netherlands,1866,Shield,5.8,5.6,3.8,4.2,9.7,0.296038,not_computed,0.288948,1.790539,not_computed,not_computed,not_computed,not_computed,9.6625,4.3,not_computed,separate_run_2026-09_staging
Netherlands,1866,Lore,6.4,6.4,4.8,6.0,11.0,0.302584,not_computed,0.288948,1.790539,not_computed,not_computed,not_computed,not_computed,9.6625,4.3,not_computed,separate_run_2026-09_staging
Netherlands,1866,Stewards,6.6,7.0,3.6,5.8,12.9,0.325374,not_computed,0.288948,1.790539,not_computed,not_computed,not_computed,not_computed,9.6625,4.3,not_computed,separate_run_2026-09_staging
Netherlands,1866,Craft,5.6,5.8,4.8,5.2,9.2,0.285359,not_computed,0.288948,1.790539,not_computed,not_computed,not_computed,not_computed,9.6625,4.3,not_computed,separate_run_2026-09_staging
Netherlands,1866,Hands,4.4,4.6,6.4,3.4,4.3,0.226136,not_computed,0.288948,1.790539,not_computed,not_computed,not_computed,not_computed,9.6625,4.3,not_computed,separate_run_2026-09_staging
Netherlands,1866,Archive,6.2,6.4,4.6,5.8,10.9,0.301962,not_computed,0.288948,1.790539,not_computed,not_computed,not_computed,not_computed,9.6625,4.3,not_computed,separate_run_2026-09_staging
Netherlands,1866,Flow,6.8,6.6,3.6,6.2,12.9,0.331321,not_computed,0.288948,1.790539,not_computed,not_computed,not_computed,not_computed,9.6625,4.3,not_computed,separate_run_2026-09_staging
Netherlands,1867,Helm,4.8,5.6,6.6,5.0,6.3,0.242702,not_computed,0.286148,1.80294,not_computed,not_computed,not_computed,not_computed,9.5875,4.7,not_computed,separate_run_2026-09_staging
Netherlands,1867,Shield,5.8,5.6,4.4,4.4,9.2,0.28595,not_computed,0.286148,1.80294,not_computed,not_computed,not_computed,not_computed,9.5875,4.7,not_computed,separate_run_2026-09_staging
Netherlands,1867,Lore,6.2,6.4,5.0,6.0,10.6,0.294894,not_computed,0.286148,1.80294,not_computed,not_computed,not_computed,not_computed,9.5875,4.7,not_computed,separate_run_2026-09_staging
Netherlands,1867,Stewards,6.6,7.0,3.4,5.8,13.1,0.32724,not_computed,0.286148,1.80294,not_computed,not_computed,not_computed,not_computed,9.5875,4.7,not_computed,separate_run_2026-09_staging
Netherlands,1867,Craft,5.6,5.8,4.8,5.2,9.2,0.28375,not_computed,0.286148,1.80294,not_computed,not_computed,not_computed,not_computed,9.5875,4.7,not_computed,separate_run_2026-09_staging
Netherlands,1867,Hands,4.4,4.8,6.2,3.4,4.7,0.227707,not_computed,0.286148,1.80294,not_computed,not_computed,not_computed,not_computed,9.5875,4.7,not_computed,separate_run_2026-09_staging
Netherlands,1867,Archive,6.2,6.4,4.4,5.8,11.1,0.303788,not_computed,0.286148,1.80294,not_computed,not_computed,not_computed,not_computed,9.5875,4.7,not_computed,separate_run_2026-09_staging
Netherlands,1867,Flow,6.6,6.6,3.8,6.2,12.5,0.32315,not_computed,0.286148,1.80294,not_computed,not_computed,not_computed,not_computed,9.5875,4.7,not_computed,separate_run_2026-09_staging
Netherlands,1868,Helm,5.8,6.0,5.6,5.8,9.1,0.292399,not_computed,0.312759,1.932436,not_computed,not_computed,not_computed,not_computed,10.3875,4.9,not_computed,separate_run_2026-09_staging
Netherlands,1868,Shield,5.8,5.6,3.4,4.4,10.2,0.319189,not_computed,0.312759,1.932436,not_computed,not_computed,not_computed,not_computed,10.3875,4.9,not_computed,separate_run_2026-09_staging
Netherlands,1868,Lore,6.2,6.4,4.8,6.0,10.8,0.313931,not_computed,0.312759,1.932436,not_computed,not_computed,not_computed,not_computed,10.3875,4.9,not_computed,separate_run_2026-09_staging
Netherlands,1868,Stewards,6.6,7.0,3.2,5.8,13.3,0.348603,not_computed,0.312759,1.932436,not_computed,not_computed,not_computed,not_computed,10.3875,4.9,not_computed,separate_run_2026-09_staging
Netherlands,1868,Craft,5.6,5.8,4.6,5.2,9.4,0.302001,not_computed,0.312759,1.932436,not_computed,not_computed,not_computed,not_computed,10.3875,4.9,not_computed,separate_run_2026-09_staging
Netherlands,1868,Hands,4.4,4.8,6.0,3.4,4.9,0.242104,not_computed,0.312759,1.932436,not_computed,not_computed,not_computed,not_computed,10.3875,4.9,not_computed,separate_run_2026-09_staging
Netherlands,1868,Archive,6.6,6.4,4.2,5.8,11.7,0.328855,not_computed,0.312759,1.932436,not_computed,not_computed,not_computed,not_computed,10.3875,4.9,not_computed,separate_run_2026-09_staging
Netherlands,1868,Flow,6.8,7.0,3.2,6.2,13.7,0.354992,not_computed,0.312759,1.932436,not_computed,not_computed,not_computed,not_computed,10.3875,4.9,not_computed,separate_run_2026-09_staging
Netherlands,1869,Helm,6.4,6.8,4.2,6.0,12.0,0.342256,not_computed,0.336827,2.014258,not_computed,not_computed,not_computed,not_computed,11.175,5.1,not_computed,separate_run_2026-09_staging
Netherlands,1869,Shield,6.0,5.6,3.0,4.4,10.8,0.344358,not_computed,0.336827,2.014258,not_computed,not_computed,not_computed,not_computed,11.175,5.1,not_computed,separate_run_2026-09_staging
Netherlands,1869,Lore,6.4,6.6,4.8,6.2,11.3,0.332076,not_computed,0.336827,2.014258,not_computed,not_computed,not_computed,not_computed,11.175,5.1,not_computed,separate_run_2026-09_staging
Netherlands,1869,Stewards,6.6,7.0,3.2,6.0,13.4,0.365911,not_computed,0.336827,2.014258,not_computed,not_computed,not_computed,not_computed,11.175,5.1,not_computed,separate_run_2026-09_staging
Netherlands,1869,Craft,5.6,5.8,4.6,5.2,9.4,0.314979,not_computed,0.336827,2.014258,not_computed,not_computed,not_computed,not_computed,11.175,5.1,not_computed,separate_run_2026-09_staging
Netherlands,1869,Hands,4.4,5.0,6.0,3.4,5.1,0.252204,not_computed,0.336827,2.014258,not_computed,not_computed,not_computed,not_computed,11.175,5.1,not_computed,separate_run_2026-09_staging
Netherlands,1869,Archive,7.0,6.8,3.6,6.0,13.2,0.363088,not_computed,0.336827,2.014258,not_computed,not_computed,not_computed,not_computed,11.175,5.1,not_computed,separate_run_2026-09_staging
Netherlands,1869,Flow,7.0,7.0,3.0,6.4,14.2,0.379744,not_computed,0.336827,2.014258,not_computed,not_computed,not_computed,not_computed,11.175,5.1,not_computed,separate_run_2026-09_staging
Netherlands,1870,Helm,6.8,6.8,4.6,6.0,12.0,0.33044,not_computed,0.321105,1.961921,not_computed,not_computed,not_computed,not_computed,10.8875,5.1,not_computed,separate_run_2026-09_staging
Netherlands,1870,Shield,6.0,5.8,4.4,4.4,9.6,0.308236,not_computed,0.321105,1.961921,not_computed,not_computed,not_computed,not_computed,10.8875,5.1,not_computed,separate_run_2026-09_staging
Netherlands,1870,Lore,6.4,6.6,4.6,6.2,11.5,0.326935,not_computed,0.321105,1.961921,not_computed,not_computed,not_computed,not_computed,10.8875,5.1,not_computed,separate_run_2026-09_staging
Netherlands,1870,Stewards,6.8,7.0,3.6,6.0,13.2,0.350393,not_computed,0.321105,1.961921,not_computed,not_computed,not_computed,not_computed,10.8875,5.1,not_computed,separate_run_2026-09_staging
Netherlands,1870,Craft,5.6,6.0,4.6,5.2,9.6,0.306519,not_computed,0.321105,1.961921,not_computed,not_computed,not_computed,not_computed,10.8875,5.1,not_computed,separate_run_2026-09_staging
Netherlands,1870,Hands,4.4,5.0,6.0,3.4,5.1,0.24562,not_computed,0.321105,1.961921,not_computed,not_computed,not_computed,not_computed,10.8875,5.1,not_computed,separate_run_2026-09_staging
Netherlands,1870,Archive,7.0,6.8,3.6,6.0,13.2,0.3531,not_computed,0.321105,1.961921,not_computed,not_computed,not_computed,not_computed,10.8875,5.1,not_computed,separate_run_2026-09_staging
Netherlands,1870,Flow,6.8,6.8,4.0,6.6,12.9,0.347595,not_computed,0.321105,1.961921,not_computed,not_computed,not_computed,not_computed,10.8875,5.1,not_computed,separate_run_2026-09_staging
Netherlands,1871,Helm,7.0,6.8,4.0,6.2,12.9,0.360575,not_computed,0.343584,2.098327,not_computed,not_computed,not_computed,not_computed,11.425,5.5,not_computed,separate_run_2026-09_staging
Netherlands,1871,Shield,6.0,5.8,3.2,4.6,10.9,0.346356,not_computed,0.343584,2.098327,not_computed,not_computed,not_computed,not_computed,11.425,5.5,not_computed,separate_run_2026-09_staging
Netherlands,1871,Lore,6.2,6.6,5.0,6.2,10.9,0.329097,not_computed,0.343584,2.098327,not_computed,not_computed,not_computed,not_computed,11.425,5.5,not_computed,separate_run_2026-09_staging
Netherlands,1871,Stewards,6.8,7.0,3.2,6.2,13.7,0.374969,not_computed,0.343584,2.098327,not_computed,not_computed,not_computed,not_computed,11.425,5.5,not_computed,separate_run_2026-09_staging
Netherlands,1871,Craft,5.8,6.2,4.6,5.2,10.0,0.321549,not_computed,0.343584,2.098327,not_computed,not_computed,not_computed,not_computed,11.425,5.5,not_computed,separate_run_2026-09_staging
Netherlands,1871,Hands,4.6,5.0,6.0,3.8,5.5,0.262839,not_computed,0.343584,2.098327,not_computed,not_computed,not_computed,not_computed,11.425,5.5,not_computed,separate_run_2026-09_staging
Netherlands,1871,Archive,7.0,6.8,3.6,6.0,13.2,0.367256,not_computed,0.343584,2.098327,not_computed,not_computed,not_computed,not_computed,11.425,5.5,not_computed,separate_run_2026-09_staging
Netherlands,1871,Flow,7.0,7.0,3.0,6.6,14.3,0.38603,not_computed,0.343584,2.098327,not_computed,not_computed,not_computed,not_computed,11.425,5.5,not_computed,separate_run_2026-09_staging
Netherlands,1872,Helm,5.8,6.4,5.0,5.8,10.1,0.308014,not_computed,0.32174,1.998585,not_computed,not_computed,not_computed,not_computed,10.7375,5.1,not_computed,separate_run_2026-09_staging
Netherlands,1872,Shield,6.0,5.6,3.2,4.4,10.6,0.331429,not_computed,0.32174,1.998585,not_computed,not_computed,not_computed,not_computed,10.7375,5.1,not_computed,separate_run_2026-09_staging
Netherlands,1872,Lore,6.2,6.6,5.0,6.2,10.9,0.317006,not_computed,0.32174,1.998585,not_computed,not_computed,not_computed,not_computed,10.7375,5.1,not_computed,separate_run_2026-09_staging
Netherlands,1872,Stewards,6.6,7.0,3.4,6.2,13.3,0.353982,not_computed,0.32174,1.998585,not_computed,not_computed,not_computed,not_computed,10.7375,5.1,not_computed,separate_run_2026-09_staging
Netherlands,1872,Craft,5.8,6.0,4.8,5.2,9.6,0.306082,not_computed,0.32174,1.998585,not_computed,not_computed,not_computed,not_computed,10.7375,5.1,not_computed,separate_run_2026-09_staging
Netherlands,1872,Hands,4.6,4.8,6.2,3.8,5.1,0.250337,not_computed,0.32174,1.998585,not_computed,not_computed,not_computed,not_computed,10.7375,5.1,not_computed,separate_run_2026-09_staging
Netherlands,1872,Archive,6.8,6.8,3.8,6.0,12.8,0.346733,not_computed,0.32174,1.998585,not_computed,not_computed,not_computed,not_computed,10.7375,5.1,not_computed,separate_run_2026-09_staging
Netherlands,1872,Flow,6.8,6.8,3.4,6.6,13.5,0.360334,not_computed,0.32174,1.998585,not_computed,not_computed,not_computed,not_computed,10.7375,5.1,not_computed,separate_run_2026-09_staging
Netherlands,1873,Helm,6.0,6.2,5.0,5.6,10.0,0.295129,not_computed,0.2969,1.921893,not_computed,not_computed,not_computed,not_computed,10.0,5.3,not_computed,separate_run_2026-09_staging
Netherlands,1873,Shield,5.2,5.2,6.0,4.4,6.6,0.256951,not_computed,0.2969,1.921893,not_computed,not_computed,not_computed,not_computed,10.0,5.3,not_computed,separate_run_2026-09_staging
Netherlands,1873,Lore,6.2,6.6,5.0,6.2,10.9,0.302785,not_computed,0.2969,1.921893,not_computed,not_computed,not_computed,not_computed,10.0,5.3,not_computed,separate_run_2026-09_staging
Netherlands,1873,Stewards,6.2,6.8,4.0,6.0,12.0,0.319359,not_computed,0.2969,1.921893,not_computed,not_computed,not_computed,not_computed,10.0,5.3,not_computed,separate_run_2026-09_staging
Netherlands,1873,Craft,5.8,6.0,4.6,5.2,9.8,0.295931,not_computed,0.2969,1.921893,not_computed,not_computed,not_computed,not_computed,10.0,5.3,not_computed,separate_run_2026-09_staging
Netherlands,1873,Hands,4.6,4.8,6.0,3.8,5.3,0.242441,not_computed,0.2969,1.921893,not_computed,not_computed,not_computed,not_computed,10.0,5.3,not_computed,separate_run_2026-09_staging
Netherlands,1873,Archive,6.6,6.6,3.8,5.8,12.3,0.326623,not_computed,0.2969,1.921893,not_computed,not_computed,not_computed,not_computed,10.0,5.3,not_computed,separate_run_2026-09_staging
Netherlands,1873,Flow,6.8,6.8,3.8,6.6,13.1,0.335985,not_computed,0.2969,1.921893,not_computed,not_computed,not_computed,not_computed,10.0,5.3,not_computed,separate_run_2026-09_staging
Netherlands,1874,Helm,6.0,6.0,4.8,5.2,9.8,0.277938,not_computed,0.26706,1.544043,not_computed,not_computed,not_computed,not_computed,8.6,1.9,not_computed,separate_run_2026-09_staging
Netherlands,1874,Shield,5.5,5.0,5.8,4.5,6.95,0.250002,not_computed,0.26706,1.544043,not_computed,not_computed,not_computed,not_computed,8.6,1.9,not_computed,separate_run_2026-09_staging
Netherlands,1874,Lore,4.8,6.0,5.5,5.8,8.2,0.256705,not_computed,0.26706,1.544043,not_computed,not_computed,not_computed,not_computed,8.6,1.9,not_computed,separate_run_2026-09_staging
Netherlands,1874,Stewards,6.5,6.5,3.8,5.8,12.1,0.306038,not_computed,0.26706,1.544043,not_computed,not_computed,not_computed,not_computed,8.6,1.9,not_computed,separate_run_2026-09_staging
Netherlands,1874,Craft,5.0,5.0,5.2,4.5,7.05,0.252463,not_computed,0.26706,1.544043,not_computed,not_computed,not_computed,not_computed,8.6,1.9,not_computed,separate_run_2026-09_staging
Netherlands,1874,Hands,3.8,3.8,7.2,3.0,1.9,0.193534,not_computed,0.26706,1.544043,not_computed,not_computed,not_computed,not_computed,8.6,1.9,not_computed,separate_run_2026-09_staging
Netherlands,1874,Archive,6.2,6.2,3.8,5.2,11.2,0.297265,not_computed,0.26706,1.544043,not_computed,not_computed,not_computed,not_computed,8.6,1.9,not_computed,separate_run_2026-09_staging
Netherlands,1874,Flow,6.5,6.2,4.0,5.8,11.6,0.302537,not_computed,0.26706,1.544043,not_computed,not_computed,not_computed,not_computed,8.6,1.9,not_computed,separate_run_2026-09_staging
Netherlands,1875,Helm,6.0,5.8,4.5,5.0,9.8,0.277416,not_computed,0.260995,1.543845,not_computed,not_computed,not_computed,not_computed,8.38125,2.1,not_computed,separate_run_2026-09_staging
Netherlands,1875,Shield,5.5,5.2,5.8,4.5,7.15,0.246712,not_computed,0.260995,1.543845,not_computed,not_computed,not_computed,not_computed,8.38125,2.1,not_computed,separate_run_2026-09_staging
Netherlands,1875,Lore,4.8,5.8,5.5,5.8,8.0,0.253312,not_computed,0.260995,1.543845,not_computed,not_computed,not_computed,not_computed,8.38125,2.1,not_computed,separate_run_2026-09_staging
Netherlands,1875,Stewards,6.2,6.2,4.2,5.5,10.95,0.288985,not_computed,0.260995,1.543845,not_computed,not_computed,not_computed,not_computed,8.38125,2.1,not_computed,separate_run_2026-09_staging
Netherlands,1875,Craft,5.0,5.0,5.5,4.5,6.75,0.244681,not_computed,0.260995,1.543845,not_computed,not_computed,not_computed,not_computed,8.38125,2.1,not_computed,separate_run_2026-09_staging
Netherlands,1875,Hands,3.8,3.8,7.0,3.0,2.1,0.193475,not_computed,0.260995,1.543845,not_computed,not_computed,not_computed,not_computed,8.38125,2.1,not_computed,separate_run_2026-09_staging
Netherlands,1875,Archive,6.5,6.2,3.8,5.2,11.5,0.296985,not_computed,0.260995,1.543845,not_computed,not_computed,not_computed,not_computed,8.38125,2.1,not_computed,separate_run_2026-09_staging
Netherlands,1875,Flow,6.2,6.2,4.5,5.8,10.8,0.286392,not_computed,0.260995,1.543845,not_computed,not_computed,not_computed,not_computed,8.38125,2.1,not_computed,separate_run_2026-09_staging
Netherlands,1876,Helm,6.2,5.8,4.5,5.0,10.0,0.286453,not_computed,0.271472,1.57669,not_computed,not_computed,not_computed,not_computed,8.9125,2.1,not_computed,separate_run_2026-09_staging
Netherlands,1876,Shield,5.5,5.5,6.0,4.5,7.25,0.249326,not_computed,0.271472,1.57669,not_computed,not_computed,not_computed,not_computed,8.9125,2.1,not_computed,separate_run_2026-09_staging
Netherlands,1876,Lore,4.8,6.0,5.5,5.8,8.2,0.259133,not_computed,0.271472,1.57669,not_computed,not_computed,not_computed,not_computed,8.9125,2.1,not_computed,separate_run_2026-09_staging
Netherlands,1876,Stewards,6.5,6.5,4.2,5.8,11.7,0.301971,not_computed,0.271472,1.57669,not_computed,not_computed,not_computed,not_computed,8.9125,2.1,not_computed,separate_run_2026-09_staging
Netherlands,1876,Craft,5.0,5.0,5.2,4.5,7.05,0.254845,not_computed,0.271472,1.57669,not_computed,not_computed,not_computed,not_computed,8.9125,2.1,not_computed,separate_run_2026-09_staging
Netherlands,1876,Hands,3.8,3.8,7.0,3.0,2.1,0.197766,not_computed,0.271472,1.57669,not_computed,not_computed,not_computed,not_computed,8.9125,2.1,not_computed,separate_run_2026-09_staging
Netherlands,1876,Archive,6.5,6.2,3.8,5.2,11.5,0.304007,not_computed,0.271472,1.57669,not_computed,not_computed,not_computed,not_computed,8.9125,2.1,not_computed,separate_run_2026-09_staging
Netherlands,1876,Flow,7.0,7.2,3.8,6.2,13.5,0.318274,not_computed,0.271472,1.57669,not_computed,not_computed,not_computed,not_computed,8.9125,2.1,not_computed,separate_run_2026-09_staging
Netherlands,1877,Helm,6.5,6.0,5.0,6.0,10.5,0.282175,not_computed,0.259363,1.518892,not_computed,not_computed,not_computed,not_computed,8.4625,2.1,not_computed,separate_run_2026-09_staging
Netherlands,1877,Shield,5.5,5.2,6.2,4.5,6.75,0.240031,not_computed,0.259363,1.518892,not_computed,not_computed,not_computed,not_computed,8.4625,2.1,not_computed,separate_run_2026-09_staging
Netherlands,1877,Lore,4.5,6.0,6.0,6.2,7.6,0.244593,not_computed,0.259363,1.518892,not_computed,not_computed,not_computed,not_computed,8.4625,2.1,not_computed,separate_run_2026-09_staging
Netherlands,1877,Stewards,6.0,6.0,4.8,5.8,10.1,0.278107,not_computed,0.259363,1.518892,not_computed,not_computed,not_computed,not_computed,8.4625,2.1,not_computed,separate_run_2026-09_staging
Netherlands,1877,Craft,5.0,5.0,5.2,4.5,7.05,0.248302,not_computed,0.259363,1.518892,not_computed,not_computed,not_computed,not_computed,8.4625,2.1,not_computed,separate_run_2026-09_staging
Netherlands,1877,Hands,3.8,4.0,7.2,3.0,2.1,0.190449,not_computed,0.259363,1.518892,not_computed,not_computed,not_computed,not_computed,8.4625,2.1,not_computed,separate_run_2026-09_staging
Netherlands,1877,Archive,6.2,6.2,3.8,5.2,11.2,0.292225,not_computed,0.259363,1.518892,not_computed,not_computed,not_computed,not_computed,8.4625,2.1,not_computed,separate_run_2026-09_staging
Netherlands,1877,Flow,6.8,6.8,4.2,6.0,12.4,0.299021,not_computed,0.259363,1.518892,not_computed,not_computed,not_computed,not_computed,8.4625,2.1,not_computed,separate_run_2026-09_staging
Netherlands,1878,Helm,6.5,6.2,5.5,6.5,10.45,0.272517,not_computed,0.251079,1.505102,not_computed,not_computed,not_computed,not_computed,8.30625,2.2,not_computed,separate_run_2026-09_staging
Netherlands,1878,Shield,5.5,5.2,6.2,4.5,6.75,0.235667,not_computed,0.251079,1.505102,not_computed,not_computed,not_computed,not_computed,8.30625,2.2,not_computed,separate_run_2026-09_staging
Netherlands,1878,Lore,4.0,6.5,6.8,6.2,6.8,0.222922,not_computed,0.251079,1.505102,not_computed,not_computed,not_computed,not_computed,8.30625,2.2,not_computed,separate_run_2026-09_staging
Netherlands,1878,Stewards,6.0,6.0,4.8,5.8,10.1,0.272926,not_computed,0.251079,1.505102,not_computed,not_computed,not_computed,not_computed,8.30625,2.2,not_computed,separate_run_2026-09_staging
Netherlands,1878,Craft,5.0,5.0,5.2,4.5,7.05,0.243764,not_computed,0.251079,1.505102,not_computed,not_computed,not_computed,not_computed,8.30625,2.2,not_computed,separate_run_2026-09_staging
Netherlands,1878,Hands,3.8,4.0,7.2,3.2,2.2,0.189012,not_computed,0.251079,1.505102,not_computed,not_computed,not_computed,not_computed,8.30625,2.2,not_computed,separate_run_2026-09_staging
Netherlands,1878,Archive,6.2,6.5,4.0,5.2,11.3,0.283446,not_computed,0.251079,1.505102,not_computed,not_computed,not_computed,not_computed,8.30625,2.2,not_computed,separate_run_2026-09_staging
Netherlands,1878,Flow,6.8,6.5,4.5,6.0,11.8,0.288376,not_computed,0.251079,1.505102,not_computed,not_computed,not_computed,not_computed,8.30625,2.2,not_computed,separate_run_2026-09_staging
Netherlands,1879,Helm,5.5,6.0,5.2,5.5,9.05,0.25387,not_computed,0.243431,1.464093,not_computed,not_computed,not_computed,not_computed,7.86875,2.1,not_computed,separate_run_2026-09_staging
Netherlands,1879,Shield,5.5,5.2,6.2,4.5,6.75,0.231579,not_computed,0.243431,1.464093,not_computed,not_computed,not_computed,not_computed,7.86875,2.1,not_computed,separate_run_2026-09_staging
Netherlands,1879,Lore,3.5,6.0,6.5,5.8,5.9,0.213632,not_computed,0.243431,1.464093,not_computed,not_computed,not_computed,not_computed,7.86875,2.1,not_computed,separate_run_2026-09_staging
Netherlands,1879,Stewards,6.0,5.8,5.0,5.8,9.7,0.264973,not_computed,0.243431,1.464093,not_computed,not_computed,not_computed,not_computed,7.86875,2.1,not_computed,separate_run_2026-09_staging
Netherlands,1879,Craft,5.0,5.0,5.2,4.5,7.05,0.239514,not_computed,0.243431,1.464093,not_computed,not_computed,not_computed,not_computed,7.86875,2.1,not_computed,separate_run_2026-09_staging
Netherlands,1879,Hands,3.8,4.0,7.2,3.0,2.1,0.183935,not_computed,0.243431,1.464093,not_computed,not_computed,not_computed,not_computed,7.86875,2.1,not_computed,separate_run_2026-09_staging
Netherlands,1879,Archive,6.2,6.2,3.8,5.2,11.2,0.28158,not_computed,0.243431,1.464093,not_computed,not_computed,not_computed,not_computed,7.86875,2.1,not_computed,separate_run_2026-09_staging
Netherlands,1879,Flow,6.8,6.2,4.8,6.0,11.2,0.278363,not_computed,0.243431,1.464093,not_computed,not_computed,not_computed,not_computed,7.86875,2.1,not_computed,separate_run_2026-09_staging
Netherlands,1880,Helm,6.0,5.6,4.8,5.4,9.5,0.271507,not_computed,0.253926,1.501958,not_computed,not_computed,not_computed,not_computed,8.25,2.1,not_computed,separate_run_2026-09_staging
Netherlands,1880,Shield,5.8,5.4,6.0,4.8,7.6,0.246013,not_computed,0.253926,1.501958,not_computed,not_computed,not_computed,not_computed,8.25,2.1,not_computed,separate_run_2026-09_staging
Netherlands,1880,Lore,4.2,6.2,6.2,6.2,7.3,0.235092,not_computed,0.253926,1.501958,not_computed,not_computed,not_computed,not_computed,8.25,2.1,not_computed,separate_run_2026-09_staging
Netherlands,1880,Stewards,5.8,6.0,5.0,5.6,9.6,0.267553,not_computed,0.253926,1.501958,not_computed,not_computed,not_computed,not_computed,8.25,2.1,not_computed,separate_run_2026-09_staging
Netherlands,1880,Craft,5.0,5.0,5.0,4.4,7.2,0.247341,not_computed,0.253926,1.501958,not_computed,not_computed,not_computed,not_computed,8.25,2.1,not_computed,separate_run_2026-09_staging
Netherlands,1880,Hands,3.8,4.0,7.2,3.0,2.1,0.188212,not_computed,0.253926,1.501958,not_computed,not_computed,not_computed,not_computed,8.25,2.1,not_computed,separate_run_2026-09_staging
Netherlands,1880,Archive,6.4,6.2,3.8,5.4,11.5,0.292651,not_computed,0.253926,1.501958,not_computed,not_computed,not_computed,not_computed,8.25,2.1,not_computed,separate_run_2026-09_staging
Netherlands,1880,Flow,6.6,6.4,4.8,6.0,11.2,0.28304,not_computed,0.253926,1.501958,not_computed,not_computed,not_computed,not_computed,8.25,2.1,not_computed,separate_run_2026-09_staging
Netherlands,1881,Helm,5.6,5.6,4.8,5.2,9.0,0.263951,not_computed,0.252209,1.547694,not_computed,not_computed,not_computed,not_computed,8.175,2.5,not_computed,separate_run_2026-09_staging
Netherlands,1881,Shield,5.8,5.4,5.6,4.8,8.0,0.250956,not_computed,0.252209,1.547694,not_computed,not_computed,not_computed,not_computed,8.175,2.5,not_computed,separate_run_2026-09_staging
Netherlands,1881,Lore,4.2,6.2,6.2,5.6,7.0,0.229194,not_computed,0.252209,1.547694,not_computed,not_computed,not_computed,not_computed,8.175,2.5,not_computed,separate_run_2026-09_staging
Netherlands,1881,Stewards,5.8,5.8,5.2,5.6,9.2,0.263363,not_computed,0.252209,1.547694,not_computed,not_computed,not_computed,not_computed,8.175,2.5,not_computed,separate_run_2026-09_staging
Netherlands,1881,Craft,5.0,5.0,5.4,4.4,6.8,0.240527,not_computed,0.252209,1.547694,not_computed,not_computed,not_computed,not_computed,8.175,2.5,not_computed,separate_run_2026-09_staging
Netherlands,1881,Hands,4.0,4.0,7.2,3.4,2.5,0.194137,not_computed,0.252209,1.547694,not_computed,not_computed,not_computed,not_computed,8.175,2.5,not_computed,separate_run_2026-09_staging
Netherlands,1881,Archive,6.4,6.2,3.8,5.4,11.5,0.291453,not_computed,0.252209,1.547694,not_computed,not_computed,not_computed,not_computed,8.175,2.5,not_computed,separate_run_2026-09_staging
Netherlands,1881,Flow,6.8,6.4,4.8,6.0,11.4,0.284094,not_computed,0.252209,1.547694,not_computed,not_computed,not_computed,not_computed,8.175,2.5,not_computed,separate_run_2026-09_staging
Netherlands,1882,Helm,5.2,5.6,5.0,5.2,8.4,0.249639,not_computed,0.241592,1.461551,not_computed,not_computed,not_computed,not_computed,7.825,1.6,not_computed,separate_run_2026-09_staging
Netherlands,1882,Shield,5.8,5.6,5.6,4.8,8.2,0.244847,not_computed,0.241592,1.461551,not_computed,not_computed,not_computed,not_computed,7.825,1.6,not_computed,separate_run_2026-09_staging
Netherlands,1882,Lore,4.4,6.4,6.0,5.8,7.7,0.230487,not_computed,0.241592,1.461551,not_computed,not_computed,not_computed,not_computed,7.825,1.6,not_computed,separate_run_2026-09_staging
Netherlands,1882,Stewards,5.8,5.6,5.4,5.4,8.7,0.252389,not_computed,0.241592,1.461551,not_computed,not_computed,not_computed,not_computed,7.825,1.6,not_computed,separate_run_2026-09_staging
Netherlands,1882,Craft,4.8,5.0,5.8,4.2,6.1,0.224916,not_computed,0.241592,1.461551,not_computed,not_computed,not_computed,not_computed,7.825,1.6,not_computed,separate_run_2026-09_staging
Netherlands,1882,Hands,4.0,3.6,7.6,3.2,1.6,0.183137,not_computed,0.241592,1.461551,not_computed,not_computed,not_computed,not_computed,7.825,1.6,not_computed,separate_run_2026-09_staging
Netherlands,1882,Archive,6.4,6.2,4.2,5.4,11.1,0.277734,not_computed,0.241592,1.461551,not_computed,not_computed,not_computed,not_computed,7.825,1.6,not_computed,separate_run_2026-09_staging
Netherlands,1882,Flow,6.4,6.4,5.0,6.0,10.8,0.269583,not_computed,0.241592,1.461551,not_computed,not_computed,not_computed,not_computed,7.825,1.6,not_computed,separate_run_2026-09_staging
Netherlands,1883,Helm,5.6,5.8,5.0,5.2,9.0,0.252937,not_computed,0.239025,1.414263,not_computed,not_computed,not_computed,not_computed,7.65,1.2,not_computed,separate_run_2026-09_staging
Netherlands,1883,Shield,5.8,5.2,6.0,4.6,7.3,0.236153,not_computed,0.239025,1.414263,not_computed,not_computed,not_computed,not_computed,7.65,1.2,not_computed,separate_run_2026-09_staging
Netherlands,1883,Lore,4.4,6.4,5.8,5.8,7.9,0.231884,not_computed,0.239025,1.414263,not_computed,not_computed,not_computed,not_computed,7.65,1.2,not_computed,separate_run_2026-09_staging
Netherlands,1883,Stewards,5.8,5.6,5.6,5.4,8.5,0.247936,not_computed,0.239025,1.414263,not_computed,not_computed,not_computed,not_computed,7.65,1.2,not_computed,separate_run_2026-09_staging
Netherlands,1883,Craft,4.8,4.6,5.8,4.2,5.7,0.22359,not_computed,0.239025,1.414263,not_computed,not_computed,not_computed,not_computed,7.65,1.2,not_computed,separate_run_2026-09_staging
Netherlands,1883,Hands,3.8,3.6,7.8,3.2,1.2,0.17716,not_computed,0.239025,1.414263,not_computed,not_computed,not_computed,not_computed,7.65,1.2,not_computed,separate_run_2026-09_staging
Netherlands,1883,Archive,6.4,6.2,4.2,5.4,11.1,0.276034,not_computed,0.239025,1.414263,not_computed,not_computed,not_computed,not_computed,7.65,1.2,not_computed,separate_run_2026-09_staging
Netherlands,1883,Flow,6.4,6.2,5.0,5.8,10.5,0.266504,not_computed,0.239025,1.414263,not_computed,not_computed,not_computed,not_computed,7.65,1.2,not_computed,separate_run_2026-09_staging
Netherlands,1884,Helm,5.4,5.6,4.8,5.2,8.8,0.255692,not_computed,0.242578,1.439958,not_computed,not_computed,not_computed,not_computed,7.6625,1.3,not_computed,separate_run_2026-09_staging
Netherlands,1884,Shield,5.6,5.2,5.6,4.6,7.5,0.241519,not_computed,0.242578,1.439958,not_computed,not_computed,not_computed,not_computed,7.6625,1.3,not_computed,separate_run_2026-09_staging
Netherlands,1884,Lore,4.4,6.0,6.0,5.6,7.2,0.229431,not_computed,0.242578,1.439958,not_computed,not_computed,not_computed,not_computed,7.6625,1.3,not_computed,separate_run_2026-09_staging
Netherlands,1884,Stewards,5.8,5.4,5.6,5.4,8.3,0.250054,not_computed,0.242578,1.439958,not_computed,not_computed,not_computed,not_computed,7.6625,1.3,not_computed,separate_run_2026-09_staging
Netherlands,1884,Craft,4.8,4.8,5.6,4.4,6.2,0.229931,not_computed,0.242578,1.439958,not_computed,not_computed,not_computed,not_computed,7.6625,1.3,not_computed,separate_run_2026-09_staging
Netherlands,1884,Hands,3.8,3.6,7.8,3.4,1.3,0.180405,not_computed,0.242578,1.439958,not_computed,not_computed,not_computed,not_computed,7.6625,1.3,not_computed,separate_run_2026-09_staging
Netherlands,1884,Archive,6.4,6.0,4.0,5.4,11.1,0.28165,not_computed,0.242578,1.439958,not_computed,not_computed,not_computed,not_computed,7.6625,1.3,not_computed,separate_run_2026-09_staging
Netherlands,1884,Flow,6.4,6.4,4.8,5.8,10.9,0.271941,not_computed,0.242578,1.439958,not_computed,not_computed,not_computed,not_computed,7.6625,1.3,not_computed,separate_run_2026-09_staging
Netherlands,1885,Helm,5.2,5.6,5.0,5.0,8.3,0.247798,not_computed,0.241219,1.439481,not_computed,not_computed,not_computed,not_computed,7.6375,1.6,not_computed,separate_run_2026-09_staging
Netherlands,1885,Shield,5.6,5.2,5.6,4.6,7.5,0.24073,not_computed,0.241219,1.439481,not_computed,not_computed,not_computed,not_computed,7.6375,1.6,not_computed,separate_run_2026-09_staging
Netherlands,1885,Lore,4.6,6.0,6.0,5.6,7.4,0.231107,not_computed,0.241219,1.439481,not_computed,not_computed,not_computed,not_computed,7.6375,1.6,not_computed,separate_run_2026-09_staging
Netherlands,1885,Stewards,5.6,5.4,5.6,5.4,8.1,0.246959,not_computed,0.241219,1.439481,not_computed,not_computed,not_computed,not_computed,7.6375,1.6,not_computed,separate_run_2026-09_staging
Netherlands,1885,Craft,4.8,4.8,5.4,4.4,6.4,0.231954,not_computed,0.241219,1.439481,not_computed,not_computed,not_computed,not_computed,7.6375,1.6,not_computed,separate_run_2026-09_staging
Netherlands,1885,Hands,3.8,3.8,7.6,3.2,1.6,0.180285,not_computed,0.241219,1.439481,not_computed,not_computed,not_computed,not_computed,7.6375,1.6,not_computed,separate_run_2026-09_staging
Netherlands,1885,Archive,6.6,6.0,4.0,5.4,11.3,0.283002,not_computed,0.241219,1.439481,not_computed,not_computed,not_computed,not_computed,7.6375,1.6,not_computed,separate_run_2026-09_staging
Netherlands,1885,Flow,6.4,6.2,5.0,5.8,10.5,0.267916,not_computed,0.241219,1.439481,not_computed,not_computed,not_computed,not_computed,7.6375,1.6,not_computed,separate_run_2026-09_staging
Netherlands,1886,Helm,5.2,5.6,5.4,5.0,7.9,0.232728,not_computed,0.225192,1.27942,not_computed,not_computed,not_computed,not_computed,7.0625,0.1,not_computed,separate_run_2026-09_staging
Netherlands,1886,Shield,5.4,5.4,6.2,4.6,6.9,0.221192,not_computed,0.225192,1.27942,not_computed,not_computed,not_computed,not_computed,7.0625,0.1,not_computed,separate_run_2026-09_staging
Netherlands,1886,Lore,4.6,6.0,5.8,5.6,7.6,0.224987,not_computed,0.225192,1.27942,not_computed,not_computed,not_computed,not_computed,7.0625,0.1,not_computed,separate_run_2026-09_staging
Netherlands,1886,Stewards,5.6,5.4,5.4,5.4,8.3,0.240271,not_computed,0.225192,1.27942,not_computed,not_computed,not_computed,not_computed,7.0625,0.1,not_computed,separate_run_2026-09_staging
Netherlands,1886,Craft,4.4,4.8,6.2,4.2,5.1,0.206181,not_computed,0.225192,1.27942,not_computed,not_computed,not_computed,not_computed,7.0625,0.1,not_computed,separate_run_2026-09_staging
Netherlands,1886,Hands,3.4,3.4,8.2,3.0,0.1,0.160292,not_computed,0.225192,1.27942,not_computed,not_computed,not_computed,not_computed,7.0625,0.1,not_computed,separate_run_2026-09_staging
Netherlands,1886,Archive,6.2,6.0,4.6,5.4,10.3,0.258421,not_computed,0.225192,1.27942,not_computed,not_computed,not_computed,not_computed,7.0625,0.1,not_computed,separate_run_2026-09_staging
Netherlands,1886,Flow,6.4,6.0,5.0,5.8,10.3,0.257467,not_computed,0.225192,1.27942,not_computed,not_computed,not_computed,not_computed,7.0625,0.1,not_computed,separate_run_2026-09_staging
Netherlands,1887,Helm,6.8,6.4,4.6,6.2,11.7,0.30549,not_computed,0.277421,1.596536,not_computed,not_computed,not_computed,not_computed,9.15,2.5,not_computed,separate_run_2026-09_staging
Netherlands,1887,Shield,5.8,5.6,5.0,4.8,8.8,0.274725,not_computed,0.277421,1.596536,not_computed,not_computed,not_computed,not_computed,9.15,2.5,not_computed,separate_run_2026-09_staging
Netherlands,1887,Lore,4.6,6.2,5.4,5.6,8.2,0.259438,not_computed,0.277421,1.596536,not_computed,not_computed,not_computed,not_computed,9.15,2.5,not_computed,separate_run_2026-09_staging
Netherlands,1887,Stewards,5.8,5.8,4.8,5.6,9.6,0.284941,not_computed,0.277421,1.596536,not_computed,not_computed,not_computed,not_computed,9.15,2.5,not_computed,separate_run_2026-09_staging
Netherlands,1887,Craft,5.0,5.0,5.2,4.6,7.1,0.258897,not_computed,0.277421,1.596536,not_computed,not_computed,not_computed,not_computed,9.15,2.5,not_computed,separate_run_2026-09_staging
Netherlands,1887,Hands,3.8,4.2,7.0,3.0,2.5,0.20011,not_computed,0.277421,1.596536,not_computed,not_computed,not_computed,not_computed,9.15,2.5,not_computed,separate_run_2026-09_staging
Netherlands,1887,Archive,7.0,6.6,3.8,6.2,12.9,0.322328,not_computed,0.277421,1.596536,not_computed,not_computed,not_computed,not_computed,9.15,2.5,not_computed,separate_run_2026-09_staging
Netherlands,1887,Flow,7.0,6.6,4.2,6.0,12.4,0.313439,not_computed,0.277421,1.596536,not_computed,not_computed,not_computed,not_computed,9.15,2.5,not_computed,separate_run_2026-09_staging
Netherlands,1888,Helm,5.6,6.0,4.6,5.4,9.7,0.284763,not_computed,0.278895,1.622545,not_computed,not_computed,not_computed,not_computed,9.15,2.7,not_computed,separate_run_2026-09_staging
Netherlands,1888,Shield,5.8,5.4,5.0,4.8,8.6,0.275472,not_computed,0.278895,1.622545,not_computed,not_computed,not_computed,not_computed,9.15,2.7,not_computed,separate_run_2026-09_staging
Netherlands,1888,Lore,5.4,6.2,5.4,5.6,9.0,0.270679,not_computed,0.278895,1.622545,not_computed,not_computed,not_computed,not_computed,9.15,2.7,not_computed,separate_run_2026-09_staging
Netherlands,1888,Stewards,6.2,6.0,4.4,5.6,10.6,0.297672,not_computed,0.278895,1.622545,not_computed,not_computed,not_computed,not_computed,9.15,2.7,not_computed,separate_run_2026-09_staging
Netherlands,1888,Craft,5.0,5.2,5.0,5.0,7.7,0.266474,not_computed,0.278895,1.622545,not_computed,not_computed,not_computed,not_computed,9.15,2.7,not_computed,separate_run_2026-09_staging
Netherlands,1888,Hands,3.8,4.2,6.8,3.0,2.7,0.203166,not_computed,0.278895,1.622545,not_computed,not_computed,not_computed,not_computed,9.15,2.7,not_computed,separate_run_2026-09_staging
Netherlands,1888,Archive,6.6,6.4,3.8,5.6,12.0,0.313388,not_computed,0.278895,1.622545,not_computed,not_computed,not_computed,not_computed,9.15,2.7,not_computed,separate_run_2026-09_staging
Netherlands,1888,Flow,7.0,6.8,4.0,6.2,12.9,0.319546,not_computed,0.278895,1.622545,not_computed,not_computed,not_computed,not_computed,9.15,2.7,not_computed,separate_run_2026-09_staging
Netherlands,1889,Helm,6.2,6.0,4.2,5.6,10.8,0.308037,not_computed,0.290066,1.724615,not_computed,not_computed,not_computed,not_computed,9.5375,3.2,not_computed,separate_run_2026-09_staging
Netherlands,1889,Shield,5.8,5.4,5.0,4.6,8.5,0.279844,not_computed,0.290066,1.724615,not_computed,not_computed,not_computed,not_computed,9.5375,3.2,not_computed,separate_run_2026-09_staging
Netherlands,1889,Lore,5.6,6.6,5.2,6.0,10.0,0.286155,not_computed,0.290066,1.724615,not_computed,not_computed,not_computed,not_computed,9.5375,3.2,not_computed,separate_run_2026-09_staging
Netherlands,1889,Stewards,6.2,6.0,4.4,5.6,10.6,0.304442,not_computed,0.290066,1.724615,not_computed,not_computed,not_computed,not_computed,9.5375,3.2,not_computed,separate_run_2026-09_staging
Netherlands,1889,Craft,5.2,5.2,5.0,5.0,7.9,0.27524,not_computed,0.290066,1.724615,not_computed,not_computed,not_computed,not_computed,9.5375,3.2,not_computed,separate_run_2026-09_staging
Netherlands,1889,Hands,4.2,4.2,6.8,3.2,3.2,0.215969,not_computed,0.290066,1.724615,not_computed,not_computed,not_computed,not_computed,9.5375,3.2,not_computed,separate_run_2026-09_staging
Netherlands,1889,Archive,6.6,6.6,3.8,5.8,12.3,0.322309,not_computed,0.290066,1.724615,not_computed,not_computed,not_computed,not_computed,9.5375,3.2,not_computed,separate_run_2026-09_staging
Netherlands,1889,Flow,7.0,6.8,4.0,6.4,13.0,0.328537,not_computed,0.290066,1.724615,not_computed,not_computed,not_computed,not_computed,9.5375,3.2,not_computed,separate_run_2026-09_staging
Netherlands,1890,Helm,5.6,5.8,5.0,5.2,9.0,0.280464,not_computed,0.286305,1.727852,not_computed,not_computed,not_computed,not_computed,9.375,3.3,not_computed,separate_run_2026-09_staging
Netherlands,1890,Shield,5.8,5.4,4.8,4.6,8.7,0.28112,not_computed,0.286305,1.727852,not_computed,not_computed,not_computed,not_computed,9.375,3.3,not_computed,separate_run_2026-09_staging
Netherlands,1890,Lore,5.6,6.4,5.2,6.0,9.8,0.284038,not_computed,0.286305,1.727852,not_computed,not_computed,not_computed,not_computed,9.375,3.3,not_computed,separate_run_2026-09_staging
Netherlands,1890,Stewards,6.4,6.0,4.0,5.8,11.3,0.313642,not_computed,0.286305,1.727852,not_computed,not_computed,not_computed,not_computed,9.375,3.3,not_computed,separate_run_2026-09_staging
Netherlands,1890,Craft,5.0,5.4,5.0,5.0,7.9,0.270421,not_computed,0.286305,1.727852,not_computed,not_computed,not_computed,not_computed,9.375,3.3,not_computed,separate_run_2026-09_staging
Netherlands,1890,Hands,4.2,4.2,6.8,3.4,3.3,0.216451,not_computed,0.286305,1.727852,not_computed,not_computed,not_computed,not_computed,9.375,3.3,not_computed,separate_run_2026-09_staging
Netherlands,1890,Archive,6.6,6.4,4.0,5.6,11.8,0.314495,not_computed,0.286305,1.727852,not_computed,not_computed,not_computed,not_computed,9.375,3.3,not_computed,separate_run_2026-09_staging
Netherlands,1890,Flow,7.0,6.8,3.8,6.4,13.2,0.32981,not_computed,0.286305,1.727852,not_computed,not_computed,not_computed,not_computed,9.375,3.3,not_computed,separate_run_2026-09_staging
Netherlands,1891,Helm,6.2,6.0,4.6,5.4,10.3,0.301422,not_computed,0.293924,1.769378,not_computed,not_computed,not_computed,not_computed,9.6,3.4,not_computed,separate_run_2026-09_staging
Netherlands,1891,Shield,5.6,5.4,5.0,4.6,8.3,0.279171,not_computed,0.293924,1.769378,not_computed,not_computed,not_computed,not_computed,9.6,3.4,not_computed,separate_run_2026-09_staging
Netherlands,1891,Lore,5.4,6.4,5.2,6.0,9.6,0.285705,not_computed,0.293924,1.769378,not_computed,not_computed,not_computed,not_computed,9.6,3.4,not_computed,separate_run_2026-09_staging
Netherlands,1891,Stewards,6.4,6.0,4.0,5.8,11.3,0.318443,not_computed,0.293924,1.769378,not_computed,not_computed,not_computed,not_computed,9.6,3.4,not_computed,separate_run_2026-09_staging
Netherlands,1891,Craft,5.4,5.4,4.8,5.2,8.6,0.28534,not_computed,0.293924,1.769378,not_computed,not_computed,not_computed,not_computed,9.6,3.4,not_computed,separate_run_2026-09_staging
Netherlands,1891,Hands,4.2,4.2,6.8,3.6,3.4,0.221617,not_computed,0.293924,1.769378,not_computed,not_computed,not_computed,not_computed,9.6,3.4,not_computed,separate_run_2026-09_staging
Netherlands,1891,Archive,6.6,6.4,3.8,5.8,12.1,0.324787,not_computed,0.293924,1.769378,not_computed,not_computed,not_computed,not_computed,9.6,3.4,not_computed,separate_run_2026-09_staging
Netherlands,1891,Flow,7.0,6.8,3.8,6.4,13.2,0.334909,not_computed,0.293924,1.769378,not_computed,not_computed,not_computed,not_computed,9.6,3.4,not_computed,separate_run_2026-09_staging
Netherlands,1892,Helm,6.0,6.0,4.6,5.4,10.1,0.288263,not_computed,0.276328,1.712781,not_computed,not_computed,not_computed,not_computed,9.125,3.4,not_computed,separate_run_2026-09_staging
Netherlands,1892,Shield,5.6,5.4,5.0,4.6,8.3,0.269451,not_computed,0.276328,1.712781,not_computed,not_computed,not_computed,not_computed,9.125,3.4,not_computed,separate_run_2026-09_staging
Netherlands,1892,Lore,5.4,6.4,5.4,6.0,9.4,0.272457,not_computed,0.276328,1.712781,not_computed,not_computed,not_computed,not_computed,9.125,3.4,not_computed,separate_run_2026-09_staging
Netherlands,1892,Stewards,6.0,6.0,4.6,5.6,10.2,0.289955,not_computed,0.276328,1.712781,not_computed,not_computed,not_computed,not_computed,9.125,3.4,not_computed,separate_run_2026-09_staging
Netherlands,1892,Craft,5.6,5.6,5.2,5.2,8.6,0.271477,not_computed,0.276328,1.712781,not_computed,not_computed,not_computed,not_computed,9.125,3.4,not_computed,separate_run_2026-09_staging
Netherlands,1892,Hands,4.4,4.2,7.0,3.6,3.4,0.214334,not_computed,0.276328,1.712781,not_computed,not_computed,not_computed,not_computed,9.125,3.4,not_computed,separate_run_2026-09_staging
Netherlands,1892,Archive,6.6,6.4,4.2,5.8,11.7,0.306024,not_computed,0.276328,1.712781,not_computed,not_computed,not_computed,not_computed,9.125,3.4,not_computed,separate_run_2026-09_staging
Netherlands,1892,Flow,6.6,6.4,4.8,6.2,11.3,0.298666,not_computed,0.276328,1.712781,not_computed,not_computed,not_computed,not_computed,9.125,3.4,not_computed,separate_run_2026-09_staging
Netherlands,1893,Helm,5.6,5.8,4.8,5.4,9.3,0.285026,not_computed,0.285426,1.786349,not_computed,not_computed,not_computed,not_computed,9.35,3.8,not_computed,separate_run_2026-09_staging
Netherlands,1893,Shield,5.6,5.4,5.0,4.6,8.3,0.274493,not_computed,0.285426,1.786349,not_computed,not_computed,not_computed,not_computed,9.35,3.8,not_computed,separate_run_2026-09_staging
Netherlands,1893,Lore,5.4,6.4,5.2,6.0,9.6,0.2809,not_computed,0.285426,1.786349,not_computed,not_computed,not_computed,not_computed,9.35,3.8,not_computed,separate_run_2026-09_staging
Netherlands,1893,Stewards,6.2,6.0,4.4,5.6,10.6,0.301537,not_computed,0.285426,1.786349,not_computed,not_computed,not_computed,not_computed,9.35,3.8,not_computed,separate_run_2026-09_staging
Netherlands,1893,Craft,5.4,5.6,5.0,5.2,8.6,0.277211,not_computed,0.285426,1.786349,not_computed,not_computed,not_computed,not_computed,9.35,3.8,not_computed,separate_run_2026-09_staging
Netherlands,1893,Hands,4.4,4.2,6.6,3.6,3.8,0.223719,not_computed,0.285426,1.786349,not_computed,not_computed,not_computed,not_computed,9.35,3.8,not_computed,separate_run_2026-09_staging
Netherlands,1893,Archive,6.6,6.4,3.8,5.8,12.1,0.3192,not_computed,0.285426,1.786349,not_computed,not_computed,not_computed,not_computed,9.35,3.8,not_computed,separate_run_2026-09_staging
Netherlands,1893,Flow,6.8,6.6,4.0,6.2,12.5,0.321321,not_computed,0.285426,1.786349,not_computed,not_computed,not_computed,not_computed,9.35,3.8,not_computed,separate_run_2026-09_staging
Netherlands,1894,Helm,5.6,5.6,5.0,5.4,8.9,0.285426,not_computed,0.29229,1.970044,not_computed,not_computed,not_computed,not_computed,9.65,5.5,not_computed,separate_run_2026-09_staging
Netherlands,1894,Shield,5.6,5.6,5.4,4.6,8.1,0.271537,not_computed,0.29229,1.970044,not_computed,not_computed,not_computed,not_computed,9.65,5.5,not_computed,separate_run_2026-09_staging
Netherlands,1894,Lore,5.2,6.4,5.2,6.0,9.4,0.282032,not_computed,0.29229,1.970044,not_computed,not_computed,not_computed,not_computed,9.65,5.5,not_computed,separate_run_2026-09_staging
Netherlands,1894,Stewards,6.4,6.2,4.4,5.8,11.1,0.309927,not_computed,0.29229,1.970044,not_computed,not_computed,not_computed,not_computed,9.65,5.5,not_computed,separate_run_2026-09_staging
Netherlands,1894,Craft,5.6,5.6,4.8,5.2,9.0,0.287044,not_computed,0.29229,1.970044,not_computed,not_computed,not_computed,not_computed,9.65,5.5,not_computed,separate_run_2026-09_staging
Netherlands,1894,Hands,5.2,4.6,6.6,4.6,5.5,0.24723,not_computed,0.29229,1.970044,not_computed,not_computed,not_computed,not_computed,9.65,5.5,not_computed,separate_run_2026-09_staging
Netherlands,1894,Archive,6.6,6.4,3.8,6.0,12.2,0.32529,not_computed,0.29229,1.970044,not_computed,not_computed,not_computed,not_computed,9.65,5.5,not_computed,separate_run_2026-09_staging
Netherlands,1894,Flow,7.0,6.8,4.0,6.4,13.0,0.329831,not_computed,0.29229,1.970044,not_computed,not_computed,not_computed,not_computed,9.65,5.5,not_computed,separate_run_2026-09_staging
Netherlands,1895,Helm,5.8,5.8,4.6,5.4,9.7,0.301527,not_computed,0.303632,1.999063,not_computed,not_computed,not_computed,not_computed,9.9625,5.2,not_computed,separate_run_2026-09_staging
Netherlands,1895,Shield,5.6,5.4,5.0,4.6,8.3,0.284237,not_computed,0.303632,1.999063,not_computed,not_computed,not_computed,not_computed,9.9625,5.2,not_computed,separate_run_2026-09_staging
Netherlands,1895,Lore,5.2,6.4,5.2,6.0,9.4,0.288212,not_computed,0.303632,1.999063,not_computed,not_computed,not_computed,not_computed,9.9625,5.2,not_computed,separate_run_2026-09_staging
Netherlands,1895,Stewards,6.6,6.4,4.0,5.8,11.9,0.327002,not_computed,0.303632,1.999063,not_computed,not_computed,not_computed,not_computed,9.9625,5.2,not_computed,separate_run_2026-09_staging
Netherlands,1895,Craft,5.8,5.8,4.6,5.2,9.6,0.299682,not_computed,0.303632,1.999063,not_computed,not_computed,not_computed,not_computed,9.9625,5.2,not_computed,separate_run_2026-09_staging
Netherlands,1895,Hands,5.2,4.4,6.6,4.4,5.2,0.250729,not_computed,0.303632,1.999063,not_computed,not_computed,not_computed,not_computed,9.9625,5.2,not_computed,separate_run_2026-09_staging
Netherlands,1895,Archive,6.6,6.4,3.6,6.0,12.4,0.336483,not_computed,0.303632,1.999063,not_computed,not_computed,not_computed,not_computed,9.9625,5.2,not_computed,separate_run_2026-09_staging
Netherlands,1895,Flow,7.0,6.8,3.8,6.4,13.2,0.341186,not_computed,0.303632,1.999063,not_computed,not_computed,not_computed,not_computed,9.9625,5.2,not_computed,separate_run_2026-09_staging
Netherlands,1896,Helm,6.0,6.0,4.6,5.6,10.2,0.308292,not_computed,0.307584,2.085499,not_computed,not_computed,not_computed,not_computed,10.225,6.0,not_computed,separate_run_2026-09_staging
Netherlands,1896,Shield,5.6,5.6,5.4,4.8,8.2,0.28131,not_computed,0.307584,2.085499,not_computed,not_computed,not_computed,not_computed,10.225,6.0,not_computed,separate_run_2026-09_staging
Netherlands,1896,Lore,5.4,6.4,5.2,6.0,9.6,0.293008,not_computed,0.307584,2.085499,not_computed,not_computed,not_computed,not_computed,10.225,6.0,not_computed,separate_run_2026-09_staging
Netherlands,1896,Stewards,6.8,6.6,4.2,5.8,12.1,0.328189,not_computed,0.307584,2.085499,not_computed,not_computed,not_computed,not_computed,10.225,6.0,not_computed,separate_run_2026-09_staging
Netherlands,1896,Craft,6.0,5.8,4.6,5.4,9.9,0.306474,not_computed,0.307584,2.085499,not_computed,not_computed,not_computed,not_computed,10.225,6.0,not_computed,separate_run_2026-09_staging
Netherlands,1896,Hands,5.2,4.6,6.0,4.4,6.0,0.261987,not_computed,0.307584,2.085499,not_computed,not_computed,not_computed,not_computed,10.225,6.0,not_computed,separate_run_2026-09_staging
Netherlands,1896,Archive,6.8,6.4,3.8,6.0,12.4,0.337693,not_computed,0.307584,2.085499,not_computed,not_computed,not_computed,not_computed,10.225,6.0,not_computed,separate_run_2026-09_staging
Netherlands,1896,Flow,7.0,7.0,3.8,6.4,13.4,0.343719,not_computed,0.307584,2.085499,not_computed,not_computed,not_computed,not_computed,10.225,6.0,not_computed,separate_run_2026-09_staging
Netherlands,1897,Helm,6.6,6.4,4.2,6.6,12.1,0.343113,not_computed,0.324813,2.222348,not_computed,not_computed,not_computed,not_computed,10.85,6.8,not_computed,separate_run_2026-09_staging
Netherlands,1897,Shield,5.6,5.6,5.2,4.8,8.4,0.293611,not_computed,0.324813,2.222348,not_computed,not_computed,not_computed,not_computed,10.85,6.8,not_computed,separate_run_2026-09_staging
Netherlands,1897,Lore,5.6,6.6,5.2,6.2,10.1,0.306795,not_computed,0.324813,2.222348,not_computed,not_computed,not_computed,not_computed,10.85,6.8,not_computed,separate_run_2026-09_staging
Netherlands,1897,Stewards,6.8,6.6,4.0,6.0,12.4,0.344476,not_computed,0.324813,2.222348,not_computed,not_computed,not_computed,not_computed,10.85,6.8,not_computed,separate_run_2026-09_staging
Netherlands,1897,Craft,6.0,6.0,4.6,5.4,10.1,0.316142,not_computed,0.324813,2.222348,not_computed,not_computed,not_computed,not_computed,10.85,6.8,not_computed,separate_run_2026-09_staging
Netherlands,1897,Hands,5.4,4.8,5.6,4.4,6.8,0.279764,not_computed,0.324813,2.222348,not_computed,not_computed,not_computed,not_computed,10.85,6.8,not_computed,separate_run_2026-09_staging
Netherlands,1897,Archive,7.0,6.8,3.8,6.2,13.1,0.35302,not_computed,0.324813,2.222348,not_computed,not_computed,not_computed,not_computed,10.85,6.8,not_computed,separate_run_2026-09_staging
Netherlands,1897,Flow,7.2,7.0,3.6,6.4,13.8,0.361584,not_computed,0.324813,2.222348,not_computed,not_computed,not_computed,not_computed,10.85,6.8,not_computed,separate_run_2026-09_staging
Netherlands,1898,Helm,6.4,6.4,3.6,5.6,12.0,0.357628,not_computed,0.34864,2.142894,not_computed,not_computed,not_computed,not_computed,11.05,5.3,not_computed,separate_run_2026-09_staging
Netherlands,1898,Shield,6.0,5.4,3.0,4.6,10.7,0.353372,not_computed,0.34864,2.142894,not_computed,not_computed,not_computed,not_computed,11.05,5.3,not_computed,separate_run_2026-09_staging
Netherlands,1898,Lore,5.4,6.0,4.2,5.8,10.1,0.332061,not_computed,0.34864,2.142894,not_computed,not_computed,not_computed,not_computed,11.05,5.3,not_computed,separate_run_2026-09_staging
Netherlands,1898,Stewards,6.8,6.6,3.0,5.8,13.3,0.378578,not_computed,0.34864,2.142894,not_computed,not_computed,not_computed,not_computed,11.05,5.3,not_computed,separate_run_2026-09_staging
Netherlands,1898,Craft,5.8,5.6,3.8,5.2,10.2,0.340114,not_computed,0.34864,2.142894,not_computed,not_computed,not_computed,not_computed,11.05,5.3,not_computed,separate_run_2026-09_staging
Netherlands,1898,Hands,4.8,4.6,6.0,3.8,5.3,0.268231,not_computed,0.34864,2.142894,not_computed,not_computed,not_computed,not_computed,11.05,5.3,not_computed,separate_run_2026-09_staging
Netherlands,1898,Archive,7.0,6.6,3.0,5.6,13.4,0.37957,not_computed,0.34864,2.142894,not_computed,not_computed,not_computed,not_computed,11.05,5.3,not_computed,separate_run_2026-09_staging
Netherlands,1898,Flow,7.0,6.6,3.0,5.6,13.4,0.37957,not_computed,0.34864,2.142894,not_computed,not_computed,not_computed,not_computed,11.05,5.3,not_computed,separate_run_2026-09_staging
Netherlands,1899,Helm,6.6,6.4,4.0,5.6,11.8,0.347561,not_computed,0.340753,2.116475,not_computed,not_computed,not_computed,not_computed,10.8875,5.3,not_computed,separate_run_2026-09_staging
Netherlands,1899,Shield,6.0,5.4,3.0,4.6,10.7,0.348728,not_computed,0.340753,2.116475,not_computed,not_computed,not_computed,not_computed,10.8875,5.3,not_computed,separate_run_2026-09_staging
Netherlands,1899,Lore,5.4,6.0,4.2,5.8,10.1,0.327741,not_computed,0.340753,2.116475,not_computed,not_computed,not_computed,not_computed,10.8875,5.3,not_computed,separate_run_2026-09_staging
Netherlands,1899,Stewards,6.6,6.6,3.4,5.8,12.7,0.362026,not_computed,0.340753,2.116475,not_computed,not_computed,not_computed,not_computed,10.8875,5.3,not_computed,separate_run_2026-09_staging
Netherlands,1899,Craft,5.8,5.6,3.8,5.2,10.2,0.335673,not_computed,0.340753,2.116475,not_computed,not_computed,not_computed,not_computed,10.8875,5.3,not_computed,separate_run_2026-09_staging
Netherlands,1899,Hands,4.8,4.6,6.0,3.8,5.3,0.264839,not_computed,0.340753,2.116475,not_computed,not_computed,not_computed,not_computed,10.8875,5.3,not_computed,separate_run_2026-09_staging
Netherlands,1899,Archive,7.0,6.6,3.0,5.8,13.5,0.376459,not_computed,0.340753,2.116475,not_computed,not_computed,not_computed,not_computed,10.8875,5.3,not_computed,separate_run_2026-09_staging
Netherlands,1899,Flow,6.8,6.6,3.4,5.6,12.8,0.362999,not_computed,0.340753,2.116475,not_computed,not_computed,not_computed,not_computed,10.8875,5.3,not_computed,separate_run_2026-09_staging
Netherlands,1900,Helm,6.6,6.4,3.4,5.6,12.4,0.363143,not_computed,0.345779,2.133367,not_computed,not_computed,not_computed,not_computed,10.9625,5.3,not_computed,separate_run_2026-09_staging
Netherlands,1900,Shield,6.0,5.4,3.2,4.6,10.5,0.347544,not_computed,0.345779,2.133367,not_computed,not_computed,not_computed,not_computed,10.9625,5.3,not_computed,separate_run_2026-09_staging
Netherlands,1900,Lore,5.4,6.0,4.2,5.8,10.1,0.330496,not_computed,0.345779,2.133367,not_computed,not_computed,not_computed,not_computed,10.9625,5.3,not_computed,separate_run_2026-09_staging
Netherlands,1900,Stewards,6.6,6.6,3.2,5.8,12.9,0.369425,not_computed,0.345779,2.133367,not_computed,not_computed,not_computed,not_computed,10.9625,5.3,not_computed,separate_run_2026-09_staging
Netherlands,1900,Craft,5.8,5.6,3.8,5.2,10.2,0.338505,not_computed,0.345779,2.133367,not_computed,not_computed,not_computed,not_computed,10.9625,5.3,not_computed,separate_run_2026-09_staging
Netherlands,1900,Hands,4.8,4.6,6.0,3.8,5.3,0.267002,not_computed,0.345779,2.133367,not_computed,not_computed,not_computed,not_computed,10.9625,5.3,not_computed,separate_run_2026-09_staging
Netherlands,1900,Archive,7.0,6.6,3.0,5.8,13.5,0.379701,not_computed,0.345779,2.133367,not_computed,not_computed,not_computed,not_computed,10.9625,5.3,not_computed,separate_run_2026-09_staging
Netherlands,1900,Flow,6.8,6.4,3.2,5.6,12.8,0.370416,not_computed,0.345779,2.133367,not_computed,not_computed,not_computed,not_computed,10.9625,5.3,not_computed,separate_run_2026-09_staging
Netherlands,1901,Helm,6.4,6.4,3.8,5.8,11.9,0.354594,not_computed,0.347272,2.138302,not_computed,not_computed,not_computed,not_computed,11.025,5.3,not_computed,separate_run_2026-09_staging
Netherlands,1901,Shield,6.0,5.4,3.0,4.6,10.7,0.352572,not_computed,0.347272,2.138302,not_computed,not_computed,not_computed,not_computed,11.025,5.3,not_computed,separate_run_2026-09_staging
Netherlands,1901,Lore,5.4,6.0,4.2,5.8,10.1,0.331317,not_computed,0.347272,2.138302,not_computed,not_computed,not_computed,not_computed,11.025,5.3,not_computed,separate_run_2026-09_staging
Netherlands,1901,Stewards,6.8,6.6,3.2,5.8,13.1,0.373329,not_computed,0.347272,2.138302,not_computed,not_computed,not_computed,not_computed,11.025,5.3,not_computed,separate_run_2026-09_staging
Netherlands,1901,Craft,5.8,5.6,3.8,5.2,10.2,0.339349,not_computed,0.347272,2.138302,not_computed,not_computed,not_computed,not_computed,11.025,5.3,not_computed,separate_run_2026-09_staging
Netherlands,1901,Hands,4.8,4.6,6.0,3.8,5.3,0.267647,not_computed,0.347272,2.138302,not_computed,not_computed,not_computed,not_computed,11.025,5.3,not_computed,separate_run_2026-09_staging
Netherlands,1901,Archive,7.0,6.6,3.0,5.8,13.5,0.380667,not_computed,0.347272,2.138302,not_computed,not_computed,not_computed,not_computed,11.025,5.3,not_computed,separate_run_2026-09_staging
Netherlands,1901,Flow,7.0,6.6,3.0,5.6,13.4,0.3787,not_computed,0.347272,2.138302,not_computed,not_computed,not_computed,not_computed,11.025,5.3,not_computed,separate_run_2026-09_staging
Netherlands,1902,Helm,6.6,6.4,3.4,5.8,12.5,0.368897,not_computed,0.351958,2.153993,not_computed,not_computed,not_computed,not_computed,11.125,5.3,not_computed,separate_run_2026-09_staging
Netherlands,1902,Shield,6.0,5.4,3.0,4.6,10.7,0.355303,not_computed,0.351958,2.153993,not_computed,not_computed,not_computed,not_computed,11.125,5.3,not_computed,separate_run_2026-09_staging
Netherlands,1902,Lore,5.4,6.0,4.2,5.8,10.1,0.333857,not_computed,0.351958,2.153993,not_computed,not_computed,not_computed,not_computed,11.125,5.3,not_computed,separate_run_2026-09_staging
Netherlands,1902,Stewards,6.8,6.6,3.0,5.8,13.3,0.380673,not_computed,0.351958,2.153993,not_computed,not_computed,not_computed,not_computed,11.125,5.3,not_computed,separate_run_2026-09_staging
Netherlands,1902,Craft,5.8,5.6,3.8,5.2,10.2,0.341961,not_computed,0.351958,2.153993,not_computed,not_computed,not_computed,not_computed,11.125,5.3,not_computed,separate_run_2026-09_staging
Netherlands,1902,Hands,4.8,4.6,6.0,3.8,5.3,0.269642,not_computed,0.351958,2.153993,not_computed,not_computed,not_computed,not_computed,11.125,5.3,not_computed,separate_run_2026-09_staging
Netherlands,1902,Archive,7.0,6.6,3.0,5.8,13.5,0.383657,not_computed,0.351958,2.153993,not_computed,not_computed,not_computed,not_computed,11.125,5.3,not_computed,separate_run_2026-09_staging
Netherlands,1902,Flow,7.0,6.6,3.0,5.6,13.4,0.381672,not_computed,0.351958,2.153993,not_computed,not_computed,not_computed,not_computed,11.125,5.3,not_computed,separate_run_2026-09_staging
Netherlands,1903,Helm,6.8,6.6,4.8,5.8,11.5,0.308882,not_computed,0.294028,1.744151,not_computed,not_computed,not_computed,not_computed,9.6875,3.5,not_computed,separate_run_2026-09_staging
Netherlands,1903,Shield,6.0,6.0,4.2,4.6,10.1,0.298625,not_computed,0.294028,1.744151,not_computed,not_computed,not_computed,not_computed,9.6875,3.5,not_computed,separate_run_2026-09_staging
Netherlands,1903,Lore,5.4,6.0,4.2,5.8,10.1,0.301419,not_computed,0.294028,1.744151,not_computed,not_computed,not_computed,not_computed,9.6875,3.5,not_computed,separate_run_2026-09_staging
Netherlands,1903,Stewards,6.8,6.4,3.6,5.8,12.5,0.331243,not_computed,0.294028,1.744151,not_computed,not_computed,not_computed,not_computed,9.6875,3.5,not_computed,separate_run_2026-09_staging
Netherlands,1903,Craft,5.6,5.2,5.2,5.2,8.2,0.28134,not_computed,0.294028,1.744151,not_computed,not_computed,not_computed,not_computed,9.6875,3.5,not_computed,separate_run_2026-09_staging
Netherlands,1903,Hands,4.6,4.6,7.6,3.8,3.5,0.21837,not_computed,0.294028,1.744151,not_computed,not_computed,not_computed,not_computed,9.6875,3.5,not_computed,separate_run_2026-09_staging
Netherlands,1903,Archive,7.0,6.6,3.8,5.8,12.7,0.329983,not_computed,0.294028,1.744151,not_computed,not_computed,not_computed,not_computed,9.6875,3.5,not_computed,separate_run_2026-09_staging
Netherlands,1903,Flow,5.8,5.8,5.4,5.4,8.9,0.282362,not_computed,0.294028,1.744151,not_computed,not_computed,not_computed,not_computed,9.6875,3.5,not_computed,separate_run_2026-09_staging
Netherlands,1904,Helm,6.6,6.4,3.4,5.6,12.4,0.363421,not_computed,0.346118,2.081311,not_computed,not_computed,not_computed,not_computed,10.9375,4.9,not_computed,separate_run_2026-09_staging
Netherlands,1904,Shield,6.0,5.4,3.0,4.6,10.7,0.351957,not_computed,0.346118,2.081311,not_computed,not_computed,not_computed,not_computed,10.9375,4.9,not_computed,separate_run_2026-09_staging
Netherlands,1904,Lore,5.4,6.0,4.2,5.8,10.1,0.330745,not_computed,0.346118,2.081311,not_computed,not_computed,not_computed,not_computed,10.9375,4.9,not_computed,separate_run_2026-09_staging
Netherlands,1904,Stewards,6.8,6.6,3.0,5.8,13.3,0.377043,not_computed,0.346118,2.081311,not_computed,not_computed,not_computed,not_computed,10.9375,4.9,not_computed,separate_run_2026-09_staging
Netherlands,1904,Craft,5.6,5.4,4.0,5.2,9.6,0.331591,not_computed,0.346118,2.081311,not_computed,not_computed,not_computed,not_computed,10.9375,4.9,not_computed,separate_run_2026-09_staging
Netherlands,1904,Hands,4.4,4.6,6.0,3.8,4.9,0.260544,not_computed,0.346118,2.081311,not_computed,not_computed,not_computed,not_computed,10.9375,4.9,not_computed,separate_run_2026-09_staging
Netherlands,1904,Archive,7.0,6.6,3.0,5.8,13.5,0.379994,not_computed,0.346118,2.081311,not_computed,not_computed,not_computed,not_computed,10.9375,4.9,not_computed,separate_run_2026-09_staging
Netherlands,1904,Flow,7.0,6.4,3.2,5.6,13.0,0.373651,not_computed,0.346118,2.081311,not_computed,not_computed,not_computed,not_computed,10.9375,4.9,not_computed,separate_run_2026-09_staging
Netherlands,1905,Helm,6.4,6.4,3.6,5.6,12.0,0.35851,not_computed,0.350168,2.174684,not_computed,not_computed,not_computed,not_computed,11.0875,5.5,not_computed,separate_run_2026-09_staging
Netherlands,1905,Shield,6.0,5.4,3.0,4.6,10.7,0.354242,not_computed,0.350168,2.174684,not_computed,not_computed,not_computed,not_computed,11.0875,5.5,not_computed,separate_run_2026-09_staging
Netherlands,1905,Lore,5.4,6.0,4.2,5.8,10.1,0.33287,not_computed,0.350168,2.174684,not_computed,not_computed,not_computed,not_computed,11.0875,5.5,not_computed,separate_run_2026-09_staging
Netherlands,1905,Stewards,6.8,6.6,3.0,5.8,13.3,0.379521,not_computed,0.350168,2.174684,not_computed,not_computed,not_computed,not_computed,11.0875,5.5,not_computed,separate_run_2026-09_staging
Netherlands,1905,Craft,5.8,5.6,3.8,5.2,10.2,0.340945,not_computed,0.350168,2.174684,not_computed,not_computed,not_computed,not_computed,11.0875,5.5,not_computed,separate_run_2026-09_staging
Netherlands,1905,Hands,4.6,4.6,5.6,3.8,5.5,0.272241,not_computed,0.350168,2.174684,not_computed,not_computed,not_computed,not_computed,11.0875,5.5,not_computed,separate_run_2026-09_staging
Netherlands,1905,Archive,7.0,6.6,3.0,5.8,13.5,0.382495,not_computed,0.350168,2.174684,not_computed,not_computed,not_computed,not_computed,11.0875,5.5,not_computed,separate_run_2026-09_staging
Netherlands,1905,Flow,7.0,6.6,3.0,5.6,13.4,0.380517,not_computed,0.350168,2.174684,not_computed,not_computed,not_computed,not_computed,11.0875,5.5,not_computed,separate_run_2026-09_staging
Netherlands,1906,Helm,6.4,6.4,3.4,5.6,12.2,0.366884,not_computed,0.357233,2.279758,not_computed,not_computed,not_computed,not_computed,11.3625,6.7,not_computed,separate_run_2026-09_staging
Netherlands,1906,Shield,6.0,5.4,3.0,4.6,10.7,0.358244,not_computed,0.357233,2.279758,not_computed,not_computed,not_computed,not_computed,11.3625,6.7,not_computed,separate_run_2026-09_staging
Netherlands,1906,Lore,5.6,6.0,4.0,5.8,10.5,0.343825,not_computed,0.357233,2.279758,not_computed,not_computed,not_computed,not_computed,11.3625,6.7,not_computed,separate_run_2026-09_staging
Netherlands,1906,Stewards,6.8,6.6,3.0,5.8,13.3,0.383862,not_computed,0.357233,2.279758,not_computed,not_computed,not_computed,not_computed,11.3625,6.7,not_computed,separate_run_2026-09_staging
Netherlands,1906,Craft,6.0,5.8,3.8,5.2,10.6,0.347965,not_computed,0.357233,2.279758,not_computed,not_computed,not_computed,not_computed,11.3625,6.7,not_computed,separate_run_2026-09_staging
Netherlands,1906,Hands,5.2,5.2,5.6,3.8,6.7,0.285339,not_computed,0.357233,2.279758,not_computed,not_computed,not_computed,not_computed,11.3625,6.7,not_computed,separate_run_2026-09_staging
Netherlands,1906,Archive,7.0,6.6,3.0,5.8,13.5,0.386876,not_computed,0.357233,2.279758,not_computed,not_computed,not_computed,not_computed,11.3625,6.7,not_computed,separate_run_2026-09_staging
Netherlands,1906,Flow,7.0,6.6,3.0,5.6,13.4,0.384871,not_computed,0.357233,2.279758,not_computed,not_computed,not_computed,not_computed,11.3625,6.7,not_computed,separate_run_2026-09_staging
Netherlands,1907,Helm,6.4,6.4,3.4,5.8,12.3,0.365023,not_computed,0.350661,2.22863,not_computed,not_computed,not_computed,not_computed,11.1875,6.3,not_computed,separate_run_2026-09_staging
Netherlands,1907,Shield,6.0,5.4,3.0,4.6,10.7,0.354468,not_computed,0.350661,2.22863,not_computed,not_computed,not_computed,not_computed,11.1875,6.3,not_computed,separate_run_2026-09_staging
Netherlands,1907,Lore,5.6,6.0,4.2,5.8,10.3,0.336174,not_computed,0.350661,2.22863,not_computed,not_computed,not_computed,not_computed,11.1875,6.3,not_computed,separate_run_2026-09_staging
Netherlands,1907,Stewards,6.6,6.6,3.2,5.8,12.9,0.372369,not_computed,0.350661,2.22863,not_computed,not_computed,not_computed,not_computed,11.1875,6.3,not_computed,separate_run_2026-09_staging
Netherlands,1907,Craft,6.0,5.8,4.0,5.2,10.4,0.340225,not_computed,0.350661,2.22863,not_computed,not_computed,not_computed,not_computed,11.1875,6.3,not_computed,separate_run_2026-09_staging
Netherlands,1907,Hands,5.2,5.0,5.8,3.8,6.3,0.278953,not_computed,0.350661,2.22863,not_computed,not_computed,not_computed,not_computed,11.1875,6.3,not_computed,separate_run_2026-09_staging
Netherlands,1907,Archive,7.0,6.6,3.0,6.0,13.6,0.384705,not_computed,0.350661,2.22863,not_computed,not_computed,not_computed,not_computed,11.1875,6.3,not_computed,separate_run_2026-09_staging
Netherlands,1907,Flow,6.8,6.6,3.2,5.6,13.0,0.373369,not_computed,0.350661,2.22863,not_computed,not_computed,not_computed,not_computed,11.1875,6.3,not_computed,separate_run_2026-09_staging
Netherlands,1908,Helm,6.4,6.4,3.6,5.6,12.0,0.36171,not_computed,0.355781,2.30218,not_computed,not_computed,not_computed,not_computed,11.3125,6.7,not_computed,separate_run_2026-09_staging
Netherlands,1908,Shield,6.0,5.4,3.0,4.6,10.7,0.357397,not_computed,0.355781,2.30218,not_computed,not_computed,not_computed,not_computed,11.3125,6.7,not_computed,separate_run_2026-09_staging
Netherlands,1908,Lore,5.6,6.0,4.2,5.8,10.3,0.338928,not_computed,0.355781,2.30218,not_computed,not_computed,not_computed,not_computed,11.3125,6.7,not_computed,separate_run_2026-09_staging
Netherlands,1908,Stewards,6.8,6.6,3.0,5.8,13.3,0.382944,not_computed,0.355781,2.30218,not_computed,not_computed,not_computed,not_computed,11.3125,6.7,not_computed,separate_run_2026-09_staging
Netherlands,1908,Craft,6.0,5.8,3.8,5.2,10.6,0.347146,not_computed,0.355781,2.30218,not_computed,not_computed,not_computed,not_computed,11.3125,6.7,not_computed,separate_run_2026-09_staging
Netherlands,1908,Hands,5.2,5.0,5.4,3.8,6.7,0.288228,not_computed,0.355781,2.30218,not_computed,not_computed,not_computed,not_computed,11.3125,6.7,not_computed,separate_run_2026-09_staging
Netherlands,1908,Archive,7.0,6.6,3.0,5.8,13.5,0.385949,not_computed,0.355781,2.30218,not_computed,not_computed,not_computed,not_computed,11.3125,6.7,not_computed,separate_run_2026-09_staging
Netherlands,1908,Flow,7.0,6.6,3.0,5.6,13.4,0.38395,not_computed,0.355781,2.30218,not_computed,not_computed,not_computed,not_computed,11.3125,6.7,not_computed,separate_run_2026-09_staging
Netherlands,1909,Helm,6.6,6.4,3.4,5.6,12.4,0.37072,not_computed,0.358541,2.311933,not_computed,not_computed,not_computed,not_computed,11.4,6.7,not_computed,separate_run_2026-09_staging
Netherlands,1909,Shield,6.0,5.4,3.0,4.6,10.7,0.358986,not_computed,0.358541,2.311933,not_computed,not_computed,not_computed,not_computed,11.4,6.7,not_computed,separate_run_2026-09_staging
Netherlands,1909,Lore,5.6,6.0,4.2,5.8,10.3,0.340422,not_computed,0.358541,2.311933,not_computed,not_computed,not_computed,not_computed,11.4,6.7,not_computed,separate_run_2026-09_staging
Netherlands,1909,Stewards,6.8,6.6,3.0,5.8,13.3,0.384667,not_computed,0.358541,2.311933,not_computed,not_computed,not_computed,not_computed,11.4,6.7,not_computed,separate_run_2026-09_staging
Netherlands,1909,Craft,6.0,6.0,3.8,5.2,10.8,0.348683,not_computed,0.358541,2.311933,not_computed,not_computed,not_computed,not_computed,11.4,6.7,not_computed,separate_run_2026-09_staging
Netherlands,1909,Hands,5.2,5.0,5.4,3.8,6.7,0.289471,not_computed,0.358541,2.311933,not_computed,not_computed,not_computed,not_computed,11.4,6.7,not_computed,separate_run_2026-09_staging
Netherlands,1909,Archive,7.0,6.6,3.0,5.8,13.5,0.387689,not_computed,0.358541,2.311933,not_computed,not_computed,not_computed,not_computed,11.4,6.7,not_computed,separate_run_2026-09_staging
Netherlands,1909,Flow,7.0,6.6,3.0,5.8,13.5,0.387689,not_computed,0.358541,2.311933,not_computed,not_computed,not_computed,not_computed,11.4,6.7,not_computed,separate_run_2026-09_staging
Netherlands,1910,Helm,6.6,6.4,3.6,5.6,12.2,0.365972,not_computed,0.357875,2.30972,not_computed,not_computed,not_computed,not_computed,11.5125,6.9,not_computed,separate_run_2026-09_staging
Netherlands,1910,Shield,6.0,5.4,3.0,4.6,10.7,0.358601,not_computed,0.357875,2.30972,not_computed,not_computed,not_computed,not_computed,11.5125,6.9,not_computed,separate_run_2026-09_staging
Netherlands,1910,Lore,5.6,6.0,4.2,5.8,10.3,0.34006,not_computed,0.357875,2.30972,not_computed,not_computed,not_computed,not_computed,11.5125,6.9,not_computed,separate_run_2026-09_staging
Netherlands,1910,Stewards,6.8,7.0,3.0,5.8,13.7,0.384249,not_computed,0.357875,2.30972,not_computed,not_computed,not_computed,not_computed,11.5125,6.9,not_computed,separate_run_2026-09_staging
Netherlands,1910,Craft,6.0,6.0,3.8,5.4,10.9,0.350416,not_computed,0.357875,2.30972,not_computed,not_computed,not_computed,not_computed,11.5125,6.9,not_computed,separate_run_2026-09_staging
Netherlands,1910,Hands,5.2,5.2,5.4,3.8,6.9,0.28917,not_computed,0.357875,2.30972,not_computed,not_computed,not_computed,not_computed,11.5125,6.9,not_computed,separate_run_2026-09_staging
Netherlands,1910,Archive,7.0,6.6,3.0,5.8,13.5,0.387267,not_computed,0.357875,2.30972,not_computed,not_computed,not_computed,not_computed,11.5125,6.9,not_computed,separate_run_2026-09_staging
Netherlands,1910,Flow,7.0,7.0,3.0,5.8,13.9,0.387267,not_computed,0.357875,2.30972,not_computed,not_computed,not_computed,not_computed,11.5125,6.9,not_computed,separate_run_2026-09_staging
Netherlands,1911,Helm,6.6,6.2,4.0,5.6,11.6,0.353783,not_computed,0.351543,2.285341,not_computed,not_computed,not_computed,not_computed,11.4,6.9,not_computed,separate_run_2026-09_staging
Netherlands,1911,Shield,6.0,5.4,3.2,4.6,10.5,0.350784,not_computed,0.351543,2.285341,not_computed,not_computed,not_computed,not_computed,11.4,6.9,not_computed,separate_run_2026-09_staging
Netherlands,1911,Lore,5.4,6.2,4.6,6.0,10.0,0.327643,not_computed,0.351543,2.285341,not_computed,not_computed,not_computed,not_computed,11.4,6.9,not_computed,separate_run_2026-09_staging
Netherlands,1911,Stewards,6.8,7.0,3.0,5.8,13.7,0.380317,not_computed,0.351543,2.285341,not_computed,not_computed,not_computed,not_computed,11.4,6.9,not_computed,separate_run_2026-09_staging
Netherlands,1911,Craft,6.0,6.2,3.8,5.4,11.1,0.346887,not_computed,0.351543,2.285341,not_computed,not_computed,not_computed,not_computed,11.4,6.9,not_computed,separate_run_2026-09_staging
Netherlands,1911,Hands,5.2,5.2,5.4,3.8,6.9,0.286335,not_computed,0.351543,2.285341,not_computed,not_computed,not_computed,not_computed,11.4,6.9,not_computed,separate_run_2026-09_staging
Netherlands,1911,Archive,7.0,6.6,3.0,5.8,13.5,0.383298,not_computed,0.351543,2.285341,not_computed,not_computed,not_computed,not_computed,11.4,6.9,not_computed,separate_run_2026-09_staging
Netherlands,1911,Flow,7.0,7.0,3.0,5.8,13.9,0.383298,not_computed,0.351543,2.285341,not_computed,not_computed,not_computed,not_computed,11.4,6.9,not_computed,separate_run_2026-09_staging
Netherlands,1912,Helm,6.6,6.2,4.0,5.6,11.6,0.353421,not_computed,0.350946,2.284176,not_computed,not_computed,not_computed,not_computed,11.4,6.9,not_computed,separate_run_2026-09_staging
Netherlands,1912,Shield,6.0,5.4,3.2,4.6,10.5,0.350426,not_computed,0.350946,2.284176,not_computed,not_computed,not_computed,not_computed,11.4,6.9,not_computed,separate_run_2026-09_staging
Netherlands,1912,Lore,5.4,6.2,4.4,6.0,10.2,0.331278,not_computed,0.350946,2.284176,not_computed,not_computed,not_computed,not_computed,11.4,6.9,not_computed,separate_run_2026-09_staging
Netherlands,1912,Stewards,7.0,7.0,3.0,5.8,13.9,0.3829,not_computed,0.350946,2.284176,not_computed,not_computed,not_computed,not_computed,11.4,6.9,not_computed,separate_run_2026-09_staging
Netherlands,1912,Craft,6.0,6.2,3.8,5.4,11.1,0.346533,not_computed,0.350946,2.284176,not_computed,not_computed,not_computed,not_computed,11.4,6.9,not_computed,separate_run_2026-09_staging
Netherlands,1912,Hands,5.2,5.2,5.4,3.8,6.9,0.28605,not_computed,0.350946,2.284176,not_computed,not_computed,not_computed,not_computed,11.4,6.9,not_computed,separate_run_2026-09_staging
Netherlands,1912,Archive,7.0,6.6,3.0,5.8,13.5,0.3829,not_computed,0.350946,2.284176,not_computed,not_computed,not_computed,not_computed,11.4,6.9,not_computed,separate_run_2026-09_staging
Netherlands,1912,Flow,7.0,7.0,3.4,5.8,13.5,0.374064,not_computed,0.350946,2.284176,not_computed,not_computed,not_computed,not_computed,11.4,6.9,not_computed,separate_run_2026-09_staging
Netherlands,1913,Helm,6.0,6.0,4.4,6.0,10.6,0.339427,not_computed,0.349367,2.267098,not_computed,not_computed,not_computed,not_computed,11.3375,6.8,not_computed,separate_run_2026-09_staging
Netherlands,1913,Shield,6.0,5.6,3.2,4.6,10.7,0.349556,not_computed,0.349367,2.267098,not_computed,not_computed,not_computed,not_computed,11.3375,6.8,not_computed,separate_run_2026-09_staging
Netherlands,1913,Lore,5.4,6.2,4.4,6.0,10.2,0.330463,not_computed,0.349367,2.267098,not_computed,not_computed,not_computed,not_computed,11.3375,6.8,not_computed,separate_run_2026-09_staging
Netherlands,1913,Stewards,7.0,7.0,3.0,5.8,13.9,0.381934,not_computed,0.349367,2.267098,not_computed,not_computed,not_computed,not_computed,11.3375,6.8,not_computed,separate_run_2026-09_staging
Netherlands,1913,Craft,6.0,6.2,3.8,5.4,11.1,0.345674,not_computed,0.349367,2.267098,not_computed,not_computed,not_computed,not_computed,11.3375,6.8,not_computed,separate_run_2026-09_staging
Netherlands,1913,Hands,5.2,5.2,5.6,4.0,6.8,0.284013,not_computed,0.349367,2.267098,not_computed,not_computed,not_computed,not_computed,11.3375,6.8,not_computed,separate_run_2026-09_staging
Netherlands,1913,Archive,7.0,6.6,3.0,5.8,13.5,0.381934,not_computed,0.349367,2.267098,not_computed,not_computed,not_computed,not_computed,11.3375,6.8,not_computed,separate_run_2026-09_staging
Netherlands,1913,Flow,7.0,7.0,3.0,5.8,13.9,0.381934,not_computed,0.349367,2.267098,not_computed,not_computed,not_computed,not_computed,11.3375,6.8,not_computed,separate_run_2026-09_staging
Netherlands,1914,Helm,6.8,7.0,5.4,6.2,11.5,0.287403,not_computed,0.27111,1.807621,not_computed,not_computed,not_computed,not_computed,9.2625,4.9,not_computed,separate_run_2026-09_staging
Netherlands,1914,Shield,6.6,6.6,5.6,5.4,10.3,0.275778,not_computed,0.27111,1.807621,not_computed,not_computed,not_computed,not_computed,9.2625,4.9,not_computed,separate_run_2026-09_staging
Netherlands,1914,Lore,5.6,6.2,4.8,6.0,10.0,0.281748,not_computed,0.27111,1.807621,not_computed,not_computed,not_computed,not_computed,9.2625,4.9,not_computed,separate_run_2026-09_staging
Netherlands,1914,Stewards,6.0,6.0,5.0,5.6,9.8,0.280084,not_computed,0.27111,1.807621,not_computed,not_computed,not_computed,not_computed,9.2625,4.9,not_computed,separate_run_2026-09_staging
Netherlands,1914,Craft,5.6,5.6,5.2,5.2,8.6,0.268512,not_computed,0.27111,1.807621,not_computed,not_computed,not_computed,not_computed,9.2625,4.9,not_computed,separate_run_2026-09_staging
Netherlands,1914,Hands,4.8,4.6,6.4,3.8,4.9,0.227605,not_computed,0.27111,1.807621,not_computed,not_computed,not_computed,not_computed,9.2625,4.9,not_computed,separate_run_2026-09_staging
Netherlands,1914,Archive,7.0,6.6,4.2,5.8,12.3,0.307371,not_computed,0.27111,1.807621,not_computed,not_computed,not_computed,not_computed,9.2625,4.9,not_computed,separate_run_2026-09_staging
Netherlands,1914,Flow,5.2,5.6,6.6,5.0,6.7,0.240383,not_computed,0.27111,1.807621,not_computed,not_computed,not_computed,not_computed,9.2625,4.9,not_computed,separate_run_2026-09_staging
Netherlands,1915,Helm,6.8,6.8,5.6,6.2,11.1,0.281036,not_computed,0.266053,1.72489,not_computed,not_computed,not_computed,not_computed,9.0125,4.3,not_computed,separate_run_2026-09_staging
Netherlands,1915,Shield,6.6,6.6,5.6,5.2,10.2,0.271341,not_computed,0.266053,1.72489,not_computed,not_computed,not_computed,not_computed,9.0125,4.3,not_computed,separate_run_2026-09_staging
Netherlands,1915,Lore,5.6,6.0,4.8,6.0,9.8,0.278765,not_computed,0.266053,1.72489,not_computed,not_computed,not_computed,not_computed,9.0125,4.3,not_computed,separate_run_2026-09_staging
Netherlands,1915,Stewards,6.2,6.2,4.6,5.6,10.6,0.286152,not_computed,0.266053,1.72489,not_computed,not_computed,not_computed,not_computed,9.0125,4.3,not_computed,separate_run_2026-09_staging
Netherlands,1915,Craft,5.4,5.4,5.4,5.2,8.0,0.260039,not_computed,0.266053,1.72489,not_computed,not_computed,not_computed,not_computed,9.0125,4.3,not_computed,separate_run_2026-09_staging
Netherlands,1915,Hands,4.8,4.6,7.0,3.8,4.3,0.217106,not_computed,0.266053,1.72489,not_computed,not_computed,not_computed,not_computed,9.0125,4.3,not_computed,separate_run_2026-09_staging
Netherlands,1915,Archive,7.0,6.8,4.4,5.8,12.3,0.300583,not_computed,0.266053,1.72489,not_computed,not_computed,not_computed,not_computed,9.0125,4.3,not_computed,separate_run_2026-09_staging
Netherlands,1915,Flow,5.2,5.0,6.8,4.8,5.8,0.233401,not_computed,0.266053,1.72489,not_computed,not_computed,not_computed,not_computed,9.0125,4.3,not_computed,separate_run_2026-09_staging
Netherlands,1916,Helm,6.8,6.4,6.2,6.2,10.1,0.258956,not_computed,0.245116,1.507088,not_computed,not_computed,not_computed,not_computed,8.175,2.5,not_computed,separate_run_2026-09_staging
Netherlands,1916,Shield,6.6,6.6,5.8,5.2,10.0,0.255994,not_computed,0.245116,1.507088,not_computed,not_computed,not_computed,not_computed,8.175,2.5,not_computed,separate_run_2026-09_staging
Netherlands,1916,Lore,5.6,6.0,4.8,6.0,9.8,0.266047,not_computed,0.245116,1.507088,not_computed,not_computed,not_computed,not_computed,8.175,2.5,not_computed,separate_run_2026-09_staging
Netherlands,1916,Stewards,6.0,6.0,5.0,5.6,9.8,0.264492,not_computed,0.245116,1.507088,not_computed,not_computed,not_computed,not_computed,8.175,2.5,not_computed,separate_run_2026-09_staging
Netherlands,1916,Craft,5.2,5.2,6.2,5.0,6.7,0.23286,not_computed,0.245116,1.507088,not_computed,not_computed,not_computed,not_computed,8.175,2.5,not_computed,separate_run_2026-09_staging
Netherlands,1916,Hands,4.4,4.2,8.0,3.8,2.5,0.190312,not_computed,0.245116,1.507088,not_computed,not_computed,not_computed,not_computed,8.175,2.5,not_computed,separate_run_2026-09_staging
Netherlands,1916,Archive,7.0,6.6,4.4,5.8,12.1,0.286671,not_computed,0.245116,1.507088,not_computed,not_computed,not_computed,not_computed,8.175,2.5,not_computed,separate_run_2026-09_staging
Netherlands,1916,Flow,4.6,5.0,7.6,4.8,4.4,0.205597,not_computed,0.245116,1.507088,not_computed,not_computed,not_computed,not_computed,8.175,2.5,not_computed,separate_run_2026-09_staging
Netherlands,1917,Helm,7.4,7.2,5.6,7.0,12.5,0.291708,not_computed,0.263428,1.587901,not_computed,not_computed,not_computed,not_computed,8.9875,3.1,not_computed,separate_run_2026-09_staging
Netherlands,1917,Shield,6.6,6.6,6.2,5.2,9.6,0.260748,not_computed,0.263428,1.587901,not_computed,not_computed,not_computed,not_computed,8.9875,3.1,not_computed,separate_run_2026-09_staging
Netherlands,1917,Lore,7.0,6.8,3.8,7.0,13.5,0.318908,not_computed,0.263428,1.587901,not_computed,not_computed,not_computed,not_computed,8.9875,3.1,not_computed,separate_run_2026-09_staging
Netherlands,1917,Stewards,6.0,6.0,5.0,5.6,9.8,0.275956,not_computed,0.263428,1.587901,not_computed,not_computed,not_computed,not_computed,8.9875,3.1,not_computed,separate_run_2026-09_staging
Netherlands,1917,Craft,5.0,5.2,6.0,5.0,6.7,0.243162,not_computed,0.263428,1.587901,not_computed,not_computed,not_computed,not_computed,8.9875,3.1,not_computed,separate_run_2026-09_staging
Netherlands,1917,Hands,4.6,4.4,8.0,4.2,3.1,0.204061,not_computed,0.263428,1.587901,not_computed,not_computed,not_computed,not_computed,8.9875,3.1,not_computed,separate_run_2026-09_staging
Netherlands,1917,Archive,7.2,7.0,4.6,6.8,13.0,0.305437,not_computed,0.263428,1.587901,not_computed,not_computed,not_computed,not_computed,8.9875,3.1,not_computed,separate_run_2026-09_staging
Netherlands,1917,Flow,4.4,4.8,7.8,4.6,3.7,0.207445,not_computed,0.263428,1.587901,not_computed,not_computed,not_computed,not_computed,8.9875,3.1,not_computed,separate_run_2026-09_staging
Netherlands,1918,Helm,6.6,6.6,6.8,6.4,9.6,0.248724,not_computed,0.244275,1.573776,not_computed,not_computed,not_computed,not_computed,8.3125,3.5,not_computed,separate_run_2026-09_staging
Netherlands,1918,Shield,6.4,6.6,6.4,5.2,9.2,0.244389,not_computed,0.244275,1.573776,not_computed,not_computed,not_computed,not_computed,8.3125,3.5,not_computed,separate_run_2026-09_staging
Netherlands,1918,Lore,6.8,6.4,4.8,6.8,11.8,0.28441,not_computed,0.244275,1.573776,not_computed,not_computed,not_computed,not_computed,8.3125,3.5,not_computed,separate_run_2026-09_staging
Netherlands,1918,Stewards,5.8,5.6,5.6,5.4,8.5,0.251001,not_computed,0.244275,1.573776,not_computed,not_computed,not_computed,not_computed,8.3125,3.5,not_computed,separate_run_2026-09_staging
Netherlands,1918,Craft,5.0,5.2,6.0,5.0,6.7,0.232727,not_computed,0.244275,1.573776,not_computed,not_computed,not_computed,not_computed,8.3125,3.5,not_computed,separate_run_2026-09_staging
Netherlands,1918,Hands,4.8,4.6,8.0,4.2,3.5,0.19784,not_computed,0.244275,1.573776,not_computed,not_computed,not_computed,not_computed,8.3125,3.5,not_computed,separate_run_2026-09_staging
Netherlands,1918,Archive,7.0,6.6,5.2,6.4,11.6,0.277281,not_computed,0.244275,1.573776,not_computed,not_computed,not_computed,not_computed,8.3125,3.5,not_computed,separate_run_2026-09_staging
Netherlands,1918,Flow,4.8,5.2,6.8,4.8,5.6,0.21783,not_computed,0.244275,1.573776,not_computed,not_computed,not_computed,not_computed,8.3125,3.5,not_computed,separate_run_2026-09_staging
Netherlands,1919,Helm,7.0,6.8,4.4,6.4,12.6,0.347991,not_computed,0.333982,2.34803,not_computed,not_computed,not_computed,not_computed,11.1,7.8,not_computed,separate_run_2026-09_staging
Netherlands,1919,Shield,6.0,5.4,4.0,5.0,9.9,0.328789,not_computed,0.333982,2.34803,not_computed,not_computed,not_computed,not_computed,11.1,7.8,not_computed,separate_run_2026-09_staging
Netherlands,1919,Lore,7.0,6.8,3.6,6.8,13.6,0.368263,not_computed,0.333982,2.34803,not_computed,not_computed,not_computed,not_computed,11.1,7.8,not_computed,separate_run_2026-09_staging
Netherlands,1919,Stewards,6.4,6.6,4.0,5.6,11.8,0.34058,not_computed,0.333982,2.34803,not_computed,not_computed,not_computed,not_computed,11.1,7.8,not_computed,separate_run_2026-09_staging
Netherlands,1919,Craft,6.0,6.0,5.0,5.4,9.7,0.313459,not_computed,0.333982,2.34803,not_computed,not_computed,not_computed,not_computed,11.1,7.8,not_computed,separate_run_2026-09_staging
Netherlands,1919,Hands,5.6,5.2,5.4,4.8,7.8,0.294541,not_computed,0.333982,2.34803,not_computed,not_computed,not_computed,not_computed,11.1,7.8,not_computed,separate_run_2026-09_staging
Netherlands,1919,Archive,7.0,6.8,4.0,6.4,13.0,0.356258,not_computed,0.333982,2.34803,not_computed,not_computed,not_computed,not_computed,11.1,7.8,not_computed,separate_run_2026-09_staging
Netherlands,1919,Flow,6.2,6.2,4.8,5.6,10.4,0.321972,not_computed,0.333982,2.34803,not_computed,not_computed,not_computed,not_computed,11.1,7.8,not_computed,separate_run_2026-09_staging
Netherlands,1920,Helm,6.8,6.6,4.2,6.2,12.3,0.360328,not_computed,0.355535,2.489697,not_computed,not_computed,not_computed,not_computed,11.6625,8.4,not_computed,separate_run_2026-09_staging
Netherlands,1920,Shield,6.0,5.4,3.2,4.8,10.6,0.355124,not_computed,0.355535,2.489697,not_computed,not_computed,not_computed,not_computed,11.6625,8.4,not_computed,separate_run_2026-09_staging
Netherlands,1920,Lore,7.0,6.8,3.6,6.8,13.6,0.381836,not_computed,0.355535,2.489697,not_computed,not_computed,not_computed,not_computed,11.6625,8.4,not_computed,separate_run_2026-09_staging
Netherlands,1920,Stewards,6.4,6.6,4.0,5.8,11.9,0.35494,not_computed,0.355535,2.489697,not_computed,not_computed,not_computed,not_computed,11.6625,8.4,not_computed,separate_run_2026-09_staging
Netherlands,1920,Craft,6.4,6.2,4.6,5.4,10.7,0.33858,not_computed,0.355535,2.489697,not_computed,not_computed,not_computed,not_computed,11.6625,8.4,not_computed,separate_run_2026-09_staging
Netherlands,1920,Hands,5.8,5.4,5.2,4.8,8.4,0.311829,not_computed,0.355535,2.489697,not_computed,not_computed,not_computed,not_computed,11.6625,8.4,not_computed,separate_run_2026-09_staging
Netherlands,1920,Archive,7.0,6.8,3.2,6.4,13.8,0.387021,not_computed,0.355535,2.489697,not_computed,not_computed,not_computed,not_computed,11.6625,8.4,not_computed,separate_run_2026-09_staging
Netherlands,1920,Flow,6.8,6.6,4.2,5.6,12.0,0.354623,not_computed,0.355535,2.489697,not_computed,not_computed,not_computed,not_computed,11.6625,8.4,not_computed,separate_run_2026-09_staging
Netherlands,1921,Helm,6.6,6.4,4.4,6.2,11.7,0.326249,not_computed,0.308942,1.977146,not_computed,not_computed,not_computed,not_computed,9.975,4.9,not_computed,separate_run_2026-09_staging
Netherlands,1921,Shield,6.0,5.4,3.0,4.8,10.8,0.3318,not_computed,0.308942,1.977146,not_computed,not_computed,not_computed,not_computed,9.975,4.9,not_computed,separate_run_2026-09_staging
Netherlands,1921,Lore,7.0,6.8,3.8,6.8,13.4,0.348196,not_computed,0.308942,1.977146,not_computed,not_computed,not_computed,not_computed,9.975,4.9,not_computed,separate_run_2026-09_staging
Netherlands,1921,Stewards,5.8,5.6,5.2,5.4,8.9,0.293919,not_computed,0.308942,1.977146,not_computed,not_computed,not_computed,not_computed,9.975,4.9,not_computed,separate_run_2026-09_staging
Netherlands,1921,Craft,5.6,5.4,5.8,5.0,7.7,0.277234,not_computed,0.308942,1.977146,not_computed,not_computed,not_computed,not_computed,9.975,4.9,not_computed,separate_run_2026-09_staging
Netherlands,1921,Hands,5.0,4.4,6.6,4.2,4.9,0.248592,not_computed,0.308942,1.977146,not_computed,not_computed,not_computed,not_computed,9.975,4.9,not_computed,separate_run_2026-09_staging
Netherlands,1921,Archive,7.0,6.6,3.2,6.4,13.6,0.356936,not_computed,0.308942,1.977146,not_computed,not_computed,not_computed,not_computed,9.975,4.9,not_computed,separate_run_2026-09_staging
Netherlands,1921,Flow,5.8,5.8,5.4,5.2,8.8,0.288607,not_computed,0.308942,1.977146,not_computed,not_computed,not_computed,not_computed,9.975,4.9,not_computed,separate_run_2026-09_staging
Netherlands,1922,Helm,6.6,6.4,3.2,6.0,12.8,0.40122,not_computed,0.395735,2.651312,not_computed,not_computed,not_computed,not_computed,12.35,8.0,not_computed,separate_run_2026-09_staging
Netherlands,1922,Shield,6.0,5.0,2.6,4.8,10.8,0.391291,not_computed,0.395735,2.651312,not_computed,not_computed,not_computed,not_computed,12.35,8.0,not_computed,separate_run_2026-09_staging
Netherlands,1922,Lore,6.4,6.8,2.8,6.8,13.8,0.416247,not_computed,0.395735,2.651312,not_computed,not_computed,not_computed,not_computed,12.35,8.0,not_computed,separate_run_2026-09_staging
Netherlands,1922,Stewards,6.8,6.8,3.0,6.8,14.0,0.417696,not_computed,0.395735,2.651312,not_computed,not_computed,not_computed,not_computed,12.35,8.0,not_computed,separate_run_2026-09_staging
Netherlands,1922,Craft,5.8,6.0,3.6,5.4,10.9,0.371984,not_computed,0.395735,2.651312,not_computed,not_computed,not_computed,not_computed,12.35,8.0,not_computed,separate_run_2026-09_staging
Netherlands,1922,Hands,5.4,5.0,4.6,4.4,8.0,0.33201,not_computed,0.395735,2.651312,not_computed,not_computed,not_computed,not_computed,12.35,8.0,not_computed,separate_run_2026-09_staging
Netherlands,1922,Archive,7.2,7.0,2.8,6.2,14.5,0.42262,not_computed,0.395735,2.651312,not_computed,not_computed,not_computed,not_computed,12.35,8.0,not_computed,separate_run_2026-09_staging
Netherlands,1922,Flow,6.8,7.0,3.2,6.8,14.0,0.412816,not_computed,0.395735,2.651312,not_computed,not_computed,not_computed,not_computed,12.35,8.0,not_computed,separate_run_2026-09_staging
Netherlands,1923,Helm,6.6,6.0,3.4,6.0,12.2,0.390797,not_computed,0.385841,2.582119,not_computed,not_computed,not_computed,not_computed,11.9375,7.8,not_computed,separate_run_2026-09_staging
Netherlands,1923,Shield,6.0,4.8,2.6,4.8,10.6,0.385687,not_computed,0.385841,2.582119,not_computed,not_computed,not_computed,not_computed,11.9375,7.8,not_computed,separate_run_2026-09_staging
Netherlands,1923,Lore,6.4,6.8,2.8,6.8,13.8,0.410222,not_computed,0.385841,2.582119,not_computed,not_computed,not_computed,not_computed,11.9375,7.8,not_computed,separate_run_2026-09_staging
Netherlands,1923,Stewards,6.6,6.4,3.0,6.8,13.4,0.408561,not_computed,0.385841,2.582119,not_computed,not_computed,not_computed,not_computed,11.9375,7.8,not_computed,separate_run_2026-09_staging
Netherlands,1923,Craft,5.8,6.0,3.8,5.4,10.7,0.362315,not_computed,0.385841,2.582119,not_computed,not_computed,not_computed,not_computed,11.9375,7.8,not_computed,separate_run_2026-09_staging
Netherlands,1923,Hands,5.4,5.0,4.8,4.4,7.8,0.323372,not_computed,0.385841,2.582119,not_computed,not_computed,not_computed,not_computed,11.9375,7.8,not_computed,separate_run_2026-09_staging
Netherlands,1923,Archive,7.2,7.0,2.8,6.2,14.5,0.416485,not_computed,0.385841,2.582119,not_computed,not_computed,not_computed,not_computed,11.9375,7.8,not_computed,separate_run_2026-09_staging
Netherlands,1923,Flow,6.4,6.4,3.6,6.6,12.5,0.38929,not_computed,0.385841,2.582119,not_computed,not_computed,not_computed,not_computed,11.9375,7.8,not_computed,separate_run_2026-09_staging
Netherlands,1924,Helm,6.6,6.0,3.2,6.0,12.4,0.405887,not_computed,0.403877,2.780457,not_computed,not_computed,not_computed,not_computed,12.45,8.6,not_computed,separate_run_2026-09_staging
Netherlands,1924,Shield,5.8,4.8,2.6,4.8,10.4,0.392092,not_computed,0.403877,2.780457,not_computed,not_computed,not_computed,not_computed,12.45,8.6,not_computed,separate_run_2026-09_staging
Netherlands,1924,Lore,6.4,6.8,2.8,6.8,13.8,0.42112,not_computed,0.403877,2.780457,not_computed,not_computed,not_computed,not_computed,12.45,8.6,not_computed,separate_run_2026-09_staging
Netherlands,1924,Stewards,6.8,7.0,2.8,6.8,14.4,0.427581,not_computed,0.403877,2.780457,not_computed,not_computed,not_computed,not_computed,12.45,8.6,not_computed,separate_run_2026-09_staging
Netherlands,1924,Craft,5.8,6.0,3.4,5.4,11.1,0.380819,not_computed,0.403877,2.780457,not_computed,not_computed,not_computed,not_computed,12.45,8.6,not_computed,separate_run_2026-09_staging
Netherlands,1924,Hands,5.4,5.0,4.0,4.4,8.6,0.348353,not_computed,0.403877,2.780457,not_computed,not_computed,not_computed,not_computed,12.45,8.6,not_computed,separate_run_2026-09_staging
Netherlands,1924,Archive,7.2,7.0,2.8,6.2,14.5,0.427581,not_computed,0.403877,2.780457,not_computed,not_computed,not_computed,not_computed,12.45,8.6,not_computed,separate_run_2026-09_staging
Netherlands,1924,Flow,6.8,7.0,2.8,6.8,14.4,0.427581,not_computed,0.403877,2.780457,not_computed,not_computed,not_computed,not_computed,12.45,8.6,not_computed,separate_run_2026-09_staging
Netherlands,1925,Helm,6.2,6.0,3.4,5.8,11.7,0.396992,not_computed,0.412507,2.88405,not_computed,not_computed,not_computed,not_computed,12.7125,9.2,not_computed,separate_run_2026-09_staging
Netherlands,1925,Shield,6.0,5.0,2.6,4.8,10.8,0.400587,not_computed,0.412507,2.88405,not_computed,not_computed,not_computed,not_computed,12.7125,9.2,not_computed,separate_run_2026-09_staging
Netherlands,1925,Lore,6.4,6.8,2.8,6.8,13.8,0.426242,not_computed,0.412507,2.88405,not_computed,not_computed,not_computed,not_computed,12.7125,9.2,not_computed,separate_run_2026-09_staging
Netherlands,1925,Stewards,6.8,7.0,2.6,6.8,14.6,0.437905,not_computed,0.412507,2.88405,not_computed,not_computed,not_computed,not_computed,12.7125,9.2,not_computed,separate_run_2026-09_staging
Netherlands,1925,Craft,6.2,6.2,3.0,5.6,12.2,0.404271,not_computed,0.412507,2.88405,not_computed,not_computed,not_computed,not_computed,12.7125,9.2,not_computed,separate_run_2026-09_staging
Netherlands,1925,Hands,5.4,5.2,3.6,4.4,9.2,0.36119,not_computed,0.412507,2.88405,not_computed,not_computed,not_computed,not_computed,12.7125,9.2,not_computed,separate_run_2026-09_staging
Netherlands,1925,Archive,7.2,7.0,2.8,6.2,14.5,0.432796,not_computed,0.412507,2.88405,not_computed,not_computed,not_computed,not_computed,12.7125,9.2,not_computed,separate_run_2026-09_staging
Netherlands,1925,Flow,6.8,7.2,2.6,7.0,14.9,0.440073,not_computed,0.412507,2.88405,not_computed,not_computed,not_computed,not_computed,12.7125,9.2,not_computed,separate_run_2026-09_staging
Netherlands,1926,Helm,6.4,6.0,3.2,6.0,12.2,0.40941,not_computed,0.416008,2.89374,not_computed,not_computed,not_computed,not_computed,12.8375,9.4,not_computed,separate_run_2026-09_staging
Netherlands,1926,Shield,6.0,5.0,2.6,4.8,10.8,0.402513,not_computed,0.416008,2.89374,not_computed,not_computed,not_computed,not_computed,12.8375,9.4,not_computed,separate_run_2026-09_staging
Netherlands,1926,Lore,6.4,6.8,2.8,6.8,13.8,0.428313,not_computed,0.416008,2.89374,not_computed,not_computed,not_computed,not_computed,12.8375,9.4,not_computed,separate_run_2026-09_staging
Netherlands,1926,Stewards,6.8,7.0,2.6,7.0,14.7,0.442224,not_computed,0.416008,2.89374,not_computed,not_computed,not_computed,not_computed,12.8375,9.4,not_computed,separate_run_2026-09_staging
Netherlands,1926,Craft,6.2,6.4,3.0,5.6,12.4,0.406217,not_computed,0.416008,2.89374,not_computed,not_computed,not_computed,not_computed,12.8375,9.4,not_computed,separate_run_2026-09_staging
Netherlands,1926,Hands,5.6,5.4,3.8,4.4,9.4,0.362261,not_computed,0.416008,2.89374,not_computed,not_computed,not_computed,not_computed,12.8375,9.4,not_computed,separate_run_2026-09_staging
Netherlands,1926,Archive,7.2,7.0,2.8,6.2,14.5,0.434904,not_computed,0.416008,2.89374,not_computed,not_computed,not_computed,not_computed,12.8375,9.4,not_computed,separate_run_2026-09_staging
Netherlands,1926,Flow,6.8,7.2,2.6,7.0,14.9,0.442224,not_computed,0.416008,2.89374,not_computed,not_computed,not_computed,not_computed,12.8375,9.4,not_computed,separate_run_2026-09_staging
Netherlands,1927,Helm,6.4,6.2,2.8,6.0,12.8,0.425132,not_computed,0.42636,3.072958,not_computed,not_computed,not_computed,not_computed,13.1375,10.4,not_computed,separate_run_2026-09_staging
Netherlands,1927,Shield,6.0,5.0,2.6,4.8,10.8,0.408107,not_computed,0.42636,3.072958,not_computed,not_computed,not_computed,not_computed,13.1375,10.4,not_computed,separate_run_2026-09_staging
Netherlands,1927,Lore,6.4,6.8,2.8,6.8,13.8,0.434327,not_computed,0.42636,3.072958,not_computed,not_computed,not_computed,not_computed,13.1375,10.4,not_computed,separate_run_2026-09_staging
Netherlands,1927,Stewards,6.8,7.2,2.6,6.8,14.8,0.446251,not_computed,0.42636,3.072958,not_computed,not_computed,not_computed,not_computed,13.1375,10.4,not_computed,separate_run_2026-09_staging
Netherlands,1927,Craft,6.4,6.6,2.8,5.8,13.1,0.422784,not_computed,0.42636,3.072958,not_computed,not_computed,not_computed,not_computed,13.1375,10.4,not_computed,separate_run_2026-09_staging
Netherlands,1927,Hands,5.8,5.6,3.2,4.4,10.4,0.384785,not_computed,0.42636,3.072958,not_computed,not_computed,not_computed,not_computed,13.1375,10.4,not_computed,separate_run_2026-09_staging
Netherlands,1927,Archive,7.2,7.0,2.8,6.2,14.5,0.441027,not_computed,0.42636,3.072958,not_computed,not_computed,not_computed,not_computed,13.1375,10.4,not_computed,separate_run_2026-09_staging
Netherlands,1927,Flow,6.8,7.2,2.6,7.0,14.9,0.448469,not_computed,0.42636,3.072958,not_computed,not_computed,not_computed,not_computed,13.1375,10.4,not_computed,separate_run_2026-09_staging
Netherlands,1928,Helm,6.6,6.4,2.8,6.0,13.2,0.435002,not_computed,0.437539,3.166453,not_computed,not_computed,not_computed,not_computed,13.4375,10.7,not_computed,separate_run_2026-09_staging
Netherlands,1928,Shield,6.0,5.0,2.6,4.8,10.8,0.41414,not_computed,0.437539,3.166453,not_computed,not_computed,not_computed,not_computed,13.4375,10.7,not_computed,separate_run_2026-09_staging
Netherlands,1928,Lore,6.4,6.8,2.8,6.8,13.8,0.440813,not_computed,0.437539,3.166453,not_computed,not_computed,not_computed,not_computed,13.4375,10.7,not_computed,separate_run_2026-09_staging
Netherlands,1928,Stewards,6.8,7.4,2.4,7.0,15.3,0.460588,not_computed,0.437539,3.166453,not_computed,not_computed,not_computed,not_computed,13.4375,10.7,not_computed,separate_run_2026-09_staging
Netherlands,1928,Craft,6.8,6.8,2.6,5.8,13.9,0.441385,not_computed,0.437539,3.166453,not_computed,not_computed,not_computed,not_computed,13.4375,10.7,not_computed,separate_run_2026-09_staging
Netherlands,1928,Hands,6.0,5.6,3.2,4.6,10.7,0.396879,not_computed,0.437539,3.166453,not_computed,not_computed,not_computed,not_computed,13.4375,10.7,not_computed,separate_run_2026-09_staging
Netherlands,1928,Archive,7.2,7.0,2.6,6.2,14.7,0.452947,not_computed,0.437539,3.166453,not_computed,not_computed,not_computed,not_computed,13.4375,10.7,not_computed,separate_run_2026-09_staging
Netherlands,1928,Flow,7.0,7.2,2.6,7.0,15.1,0.458556,not_computed,0.437539,3.166453,not_computed,not_computed,not_computed,not_computed,13.4375,10.7,not_computed,separate_run_2026-09_staging
Netherlands,1929,Helm,6.4,6.0,3.8,5.8,11.5,0.366201,not_computed,0.367771,2.618741,not_computed,not_computed,not_computed,not_computed,11.7,8.9,not_computed,separate_run_2026-09_staging
Netherlands,1929,Shield,6.0,5.0,2.8,4.8,10.6,0.370769,not_computed,0.367771,2.618741,not_computed,not_computed,not_computed,not_computed,11.7,8.9,not_computed,separate_run_2026-09_staging
Netherlands,1929,Lore,6.4,6.8,2.8,6.8,13.8,0.398934,not_computed,0.367771,2.618741,not_computed,not_computed,not_computed,not_computed,11.7,8.9,not_computed,separate_run_2026-09_staging
Netherlands,1929,Stewards,6.4,6.4,4.4,6.4,11.6,0.359191,not_computed,0.367771,2.618741,not_computed,not_computed,not_computed,not_computed,11.7,8.9,not_computed,separate_run_2026-09_staging
Netherlands,1929,Craft,6.4,6.2,4.0,5.8,11.5,0.361865,not_computed,0.367771,2.618741,not_computed,not_computed,not_computed,not_computed,11.7,8.9,not_computed,separate_run_2026-09_staging
Netherlands,1929,Hands,5.6,5.4,4.4,4.6,8.9,0.328186,not_computed,0.367771,2.618741,not_computed,not_computed,not_computed,not_computed,11.7,8.9,not_computed,separate_run_2026-09_staging
Netherlands,1929,Archive,7.2,7.0,2.8,6.2,14.5,0.404993,not_computed,0.367771,2.618741,not_computed,not_computed,not_computed,not_computed,11.7,8.9,not_computed,separate_run_2026-09_staging
Netherlands,1929,Flow,6.2,6.4,4.6,6.4,11.2,0.352028,not_computed,0.367771,2.618741,not_computed,not_computed,not_computed,not_computed,11.7,8.9,not_computed,separate_run_2026-09_staging
Netherlands,1930,Helm,6.0,5.8,4.8,5.6,9.8,0.30092,not_computed,0.300685,1.957976,not_computed,not_computed,not_computed,not_computed,9.625,5.2,not_computed,separate_run_2026-09_staging
Netherlands,1930,Shield,6.0,4.8,3.0,4.8,10.2,0.326645,not_computed,0.300685,1.957976,not_computed,not_computed,not_computed,not_computed,9.625,5.2,not_computed,separate_run_2026-09_staging
Netherlands,1930,Lore,6.4,6.6,3.2,6.8,13.2,0.346984,not_computed,0.300685,1.957976,not_computed,not_computed,not_computed,not_computed,9.625,5.2,not_computed,separate_run_2026-09_staging
Netherlands,1930,Stewards,5.6,5.6,5.8,5.8,8.3,0.280046,not_computed,0.300685,1.957976,not_computed,not_computed,not_computed,not_computed,9.625,5.2,not_computed,separate_run_2026-09_staging
Netherlands,1930,Craft,5.6,5.6,5.6,5.2,8.2,0.278168,not_computed,0.300685,1.957976,not_computed,not_computed,not_computed,not_computed,9.625,5.2,not_computed,separate_run_2026-09_staging
Netherlands,1930,Hands,4.8,4.6,6.2,4.0,5.2,0.246181,not_computed,0.300685,1.957976,not_computed,not_computed,not_computed,not_computed,9.625,5.2,not_computed,separate_run_2026-09_staging
Netherlands,1930,Archive,7.2,6.8,3.4,6.2,13.7,0.348163,not_computed,0.300685,1.957976,not_computed,not_computed,not_computed,not_computed,9.625,5.2,not_computed,separate_run_2026-09_staging
Netherlands,1930,Flow,5.6,5.8,6.0,6.0,8.4,0.278375,not_computed,0.300685,1.957976,not_computed,not_computed,not_computed,not_computed,9.625,5.2,not_computed,separate_run_2026-09_staging
Netherlands,1931,Helm,5.8,5.4,5.6,5.6,8.4,0.25959,not_computed,0.25577,1.587984,not_computed,not_computed,not_computed,not_computed,7.8125,2.8,not_computed,separate_run_2026-09_staging
Netherlands,1931,Shield,6.0,4.8,3.2,4.8,10.0,0.294181,not_computed,0.25577,1.587984,not_computed,not_computed,not_computed,not_computed,7.8125,2.8,not_computed,separate_run_2026-09_staging
Netherlands,1931,Lore,6.2,6.2,3.6,6.6,12.1,0.30481,not_computed,0.25577,1.587984,not_computed,not_computed,not_computed,not_computed,7.8125,2.8,not_computed,separate_run_2026-09_staging
Netherlands,1931,Stewards,5.0,5.0,6.6,5.2,6.0,0.232245,not_computed,0.25577,1.587984,not_computed,not_computed,not_computed,not_computed,7.8125,2.8,not_computed,separate_run_2026-09_staging
Netherlands,1931,Craft,4.6,4.8,6.8,4.8,5.0,0.221314,not_computed,0.25577,1.587984,not_computed,not_computed,not_computed,not_computed,7.8125,2.8,not_computed,separate_run_2026-09_staging
Netherlands,1931,Hands,4.4,4.0,7.4,3.6,2.8,0.200657,not_computed,0.25577,1.587984,not_computed,not_computed,not_computed,not_computed,7.8125,2.8,not_computed,separate_run_2026-09_staging
Netherlands,1931,Archive,7.0,6.6,3.8,6.2,12.9,0.307485,not_computed,0.25577,1.587984,not_computed,not_computed,not_computed,not_computed,7.8125,2.8,not_computed,separate_run_2026-09_staging
Netherlands,1931,Flow,4.8,4.8,7.0,5.4,5.3,0.225881,not_computed,0.25577,1.587984,not_computed,not_computed,not_computed,not_computed,7.8125,2.8,not_computed,separate_run_2026-09_staging
Netherlands,1932,Helm,5.6,5.2,5.8,5.2,7.6,0.234613,not_computed,0.22711,1.360036,not_computed,not_computed,not_computed,not_computed,6.65,1.0,not_computed,separate_run_2026-09_staging
Netherlands,1932,Shield,5.6,4.8,3.8,4.6,8.9,0.25868,not_computed,0.22711,1.360036,not_computed,not_computed,not_computed,not_computed,6.65,1.0,not_computed,separate_run_2026-09_staging
Netherlands,1932,Lore,6.0,6.0,4.2,6.4,11.0,0.271126,not_computed,0.22711,1.360036,not_computed,not_computed,not_computed,not_computed,6.65,1.0,not_computed,separate_run_2026-09_staging
Netherlands,1932,Stewards,4.8,4.8,7.0,5.0,5.1,0.208368,not_computed,0.22711,1.360036,not_computed,not_computed,not_computed,not_computed,6.65,1.0,not_computed,separate_run_2026-09_staging
Netherlands,1932,Craft,4.4,4.4,7.2,4.6,3.9,0.198271,not_computed,0.22711,1.360036,not_computed,not_computed,not_computed,not_computed,6.65,1.0,not_computed,separate_run_2026-09_staging
Netherlands,1932,Hands,3.8,3.6,8.2,3.6,1.0,0.171577,not_computed,0.22711,1.360036,not_computed,not_computed,not_computed,not_computed,6.65,1.0,not_computed,separate_run_2026-09_staging
Netherlands,1932,Archive,6.6,6.2,4.2,6.2,11.7,0.276089,not_computed,0.22711,1.360036,not_computed,not_computed,not_computed,not_computed,6.65,1.0,not_computed,separate_run_2026-09_staging
Netherlands,1932,Flow,4.2,4.6,7.4,5.2,4.0,0.198158,not_computed,0.22711,1.360036,not_computed,not_computed,not_computed,not_computed,6.65,1.0,not_computed,separate_run_2026-09_staging
Netherlands,1933,Helm,5.6,5.2,6.0,5.0,7.3,0.227088,not_computed,0.221528,1.308137,not_computed,not_computed,not_computed,not_computed,6.4,0.6,not_computed,separate_run_2026-09_staging
Netherlands,1933,Shield,5.4,4.6,4.2,4.6,8.1,0.246672,not_computed,0.221528,1.308137,not_computed,not_computed,not_computed,not_computed,6.4,0.6,not_computed,separate_run_2026-09_staging
Netherlands,1933,Lore,6.0,5.8,4.4,6.2,10.5,0.262692,not_computed,0.221528,1.308137,not_computed,not_computed,not_computed,not_computed,6.4,0.6,not_computed,separate_run_2026-09_staging
Netherlands,1933,Stewards,4.8,4.8,6.8,5.0,5.3,0.20792,not_computed,0.221528,1.308137,not_computed,not_computed,not_computed,not_computed,6.4,0.6,not_computed,separate_run_2026-09_staging
Netherlands,1933,Craft,4.4,4.4,7.2,4.6,3.9,0.195492,not_computed,0.221528,1.308137,not_computed,not_computed,not_computed,not_computed,6.4,0.6,not_computed,separate_run_2026-09_staging
Netherlands,1933,Hands,3.6,3.6,8.4,3.6,0.6,0.164664,not_computed,0.221528,1.308137,not_computed,not_computed,not_computed,not_computed,6.4,0.6,not_computed,separate_run_2026-09_staging
Netherlands,1933,Archive,6.4,6.0,4.2,6.2,11.3,0.269918,not_computed,0.221528,1.308137,not_computed,not_computed,not_computed,not_computed,6.4,0.6,not_computed,separate_run_2026-09_staging
Netherlands,1933,Flow,4.2,4.6,7.2,5.2,4.2,0.197775,not_computed,0.221528,1.308137,not_computed,not_computed,not_computed,not_computed,6.4,0.6,not_computed,separate_run_2026-09_staging
Netherlands,1934,Helm,5.6,5.2,6.0,5.0,7.3,0.231229,not_computed,0.228864,1.384377,not_computed,not_computed,not_computed,not_computed,6.775,1.4,not_computed,separate_run_2026-09_staging
Netherlands,1934,Shield,5.4,4.6,4.4,4.6,7.9,0.248331,not_computed,0.228864,1.384377,not_computed,not_computed,not_computed,not_computed,6.775,1.4,not_computed,separate_run_2026-09_staging
Netherlands,1934,Lore,5.8,5.8,4.4,6.2,10.3,0.26543,not_computed,0.228864,1.384377,not_computed,not_computed,not_computed,not_computed,6.775,1.4,not_computed,separate_run_2026-09_staging
Netherlands,1934,Stewards,4.8,4.8,6.2,5.0,5.9,0.219445,not_computed,0.228864,1.384377,not_computed,not_computed,not_computed,not_computed,6.775,1.4,not_computed,separate_run_2026-09_staging
Netherlands,1934,Craft,4.4,4.8,6.6,4.6,4.9,0.206381,not_computed,0.228864,1.384377,not_computed,not_computed,not_computed,not_computed,6.775,1.4,not_computed,separate_run_2026-09_staging
Netherlands,1934,Hands,3.6,3.8,7.8,3.6,1.4,0.173942,not_computed,0.228864,1.384377,not_computed,not_computed,not_computed,not_computed,6.775,1.4,not_computed,separate_run_2026-09_staging
Netherlands,1934,Archive,6.4,6.0,4.2,6.2,11.3,0.275012,not_computed,0.228864,1.384377,not_computed,not_computed,not_computed,not_computed,6.775,1.4,not_computed,separate_run_2026-09_staging
Netherlands,1934,Flow,4.4,4.8,6.6,5.2,5.2,0.211142,not_computed,0.228864,1.384377,not_computed,not_computed,not_computed,not_computed,6.775,1.4,not_computed,separate_run_2026-09_staging
Netherlands,1935,Helm,5.6,5.4,5.2,5.0,8.3,0.255887,not_computed,0.251774,1.575766,not_computed,not_computed,not_computed,not_computed,7.7875,2.7,not_computed,separate_run_2026-09_staging
Netherlands,1935,Shield,5.4,4.8,4.2,4.6,8.3,0.265307,not_computed,0.251774,1.575766,not_computed,not_computed,not_computed,not_computed,7.7875,2.7,not_computed,separate_run_2026-09_staging
Netherlands,1935,Lore,5.8,6.2,4.4,6.2,10.7,0.280457,not_computed,0.251774,1.575766,not_computed,not_computed,not_computed,not_computed,7.7875,2.7,not_computed,separate_run_2026-09_staging
Netherlands,1935,Stewards,5.2,5.4,5.6,5.2,7.6,0.246644,not_computed,0.251774,1.575766,not_computed,not_computed,not_computed,not_computed,7.7875,2.7,not_computed,separate_run_2026-09_staging
Netherlands,1935,Craft,4.8,5.0,6.0,5.0,6.3,0.234261,not_computed,0.251774,1.575766,not_computed,not_computed,not_computed,not_computed,7.7875,2.7,not_computed,separate_run_2026-09_staging
Netherlands,1935,Hands,4.0,4.0,7.2,3.8,2.7,0.197587,not_computed,0.251774,1.575766,not_computed,not_computed,not_computed,not_computed,7.7875,2.7,not_computed,separate_run_2026-09_staging
Netherlands,1935,Archive,6.4,6.2,4.0,6.2,11.7,0.294047,not_computed,0.251774,1.575766,not_computed,not_computed,not_computed,not_computed,7.7875,2.7,not_computed,separate_run_2026-09_staging
Netherlands,1935,Flow,5.0,5.0,6.0,5.4,6.7,0.240005,not_computed,0.251774,1.575766,not_computed,not_computed,not_computed,not_computed,7.7875,2.7,not_computed,separate_run_2026-09_staging
Netherlands,1936,Helm,6.2,5.8,4.8,5.6,10.0,0.298517,not_computed,0.292358,1.89586,not_computed,not_computed,not_computed,not_computed,9.4125,5.1,not_computed,separate_run_2026-09_staging
Netherlands,1936,Shield,5.4,5.0,4.0,4.8,8.8,0.294307,not_computed,0.292358,1.89586,not_computed,not_computed,not_computed,not_computed,9.4125,5.1,not_computed,separate_run_2026-09_staging
Netherlands,1936,Lore,6.0,6.6,3.8,6.6,12.1,0.322732,not_computed,0.292358,1.89586,not_computed,not_computed,not_computed,not_computed,9.4125,5.1,not_computed,separate_run_2026-09_staging
Netherlands,1936,Stewards,5.8,5.8,5.0,5.6,9.4,0.289849,not_computed,0.292358,1.89586,not_computed,not_computed,not_computed,not_computed,9.4125,5.1,not_computed,separate_run_2026-09_staging
Netherlands,1936,Craft,5.4,5.6,5.0,5.2,8.6,0.280933,not_computed,0.292358,1.89586,not_computed,not_computed,not_computed,not_computed,9.4125,5.1,not_computed,separate_run_2026-09_staging
Netherlands,1936,Hands,4.6,4.8,6.2,3.8,5.1,0.237348,not_computed,0.292358,1.89586,not_computed,not_computed,not_computed,not_computed,9.4125,5.1,not_computed,separate_run_2026-09_staging
Netherlands,1936,Archive,6.4,6.2,3.8,6.2,11.9,0.324456,not_computed,0.292358,1.89586,not_computed,not_computed,not_computed,not_computed,9.4125,5.1,not_computed,separate_run_2026-09_staging
Netherlands,1936,Flow,5.6,5.8,5.0,6.0,9.4,0.290718,not_computed,0.292358,1.89586,not_computed,not_computed,not_computed,not_computed,9.4125,5.1,not_computed,separate_run_2026-09_staging
Netherlands,1937,Helm,6.6,6.0,4.2,5.8,11.3,0.343109,not_computed,0.337119,2.286657,not_computed,not_computed,not_computed,not_computed,10.95,7.2,not_computed,separate_run_2026-09_staging
Netherlands,1937,Shield,5.6,5.2,4.0,5.0,9.3,0.324377,not_computed,0.337119,2.286657,not_computed,not_computed,not_computed,not_computed,10.95,7.2,not_computed,separate_run_2026-09_staging
Netherlands,1937,Lore,6.2,6.8,3.4,6.6,12.9,0.361578,not_computed,0.337119,2.286657,not_computed,not_computed,not_computed,not_computed,10.95,7.2,not_computed,separate_run_2026-09_staging
Netherlands,1937,Stewards,6.0,6.2,4.0,6.2,11.3,0.34243,not_computed,0.337119,2.286657,not_computed,not_computed,not_computed,not_computed,10.95,7.2,not_computed,separate_run_2026-09_staging
Netherlands,1937,Craft,5.8,6.2,4.4,5.4,10.3,0.323742,not_computed,0.337119,2.286657,not_computed,not_computed,not_computed,not_computed,10.95,7.2,not_computed,separate_run_2026-09_staging
Netherlands,1937,Hands,5.0,5.2,5.2,4.4,7.2,0.286351,not_computed,0.337119,2.286657,not_computed,not_computed,not_computed,not_computed,10.95,7.2,not_computed,separate_run_2026-09_staging
Netherlands,1937,Archive,7.0,6.6,3.4,6.2,13.3,0.369118,not_computed,0.337119,2.286657,not_computed,not_computed,not_computed,not_computed,10.95,7.2,not_computed,separate_run_2026-09_staging
Netherlands,1937,Flow,6.4,6.6,4.0,6.0,12.0,0.346246,not_computed,0.337119,2.286657,not_computed,not_computed,not_computed,not_computed,10.95,7.2,not_computed,separate_run_2026-09_staging
Netherlands,1938,Helm,6.2,5.8,5.0,5.6,9.8,0.313487,not_computed,0.325459,2.364675,not_computed,not_computed,not_computed,not_computed,10.7125,8.3,not_computed,separate_run_2026-09_staging
Netherlands,1938,Shield,5.6,5.6,5.0,5.0,8.7,0.299375,not_computed,0.325459,2.364675,not_computed,not_computed,not_computed,not_computed,10.7125,8.3,not_computed,separate_run_2026-09_staging
Netherlands,1938,Lore,6.2,6.8,3.6,6.6,12.7,0.350136,not_computed,0.325459,2.364675,not_computed,not_computed,not_computed,not_computed,10.7125,8.3,not_computed,separate_run_2026-09_staging
Netherlands,1938,Stewards,6.0,6.2,4.2,6.2,11.1,0.331608,not_computed,0.325459,2.364675,not_computed,not_computed,not_computed,not_computed,10.7125,8.3,not_computed,separate_run_2026-09_staging
Netherlands,1938,Craft,6.0,6.2,4.2,5.4,10.7,0.324023,not_computed,0.325459,2.364675,not_computed,not_computed,not_computed,not_computed,10.7125,8.3,not_computed,separate_run_2026-09_staging
Netherlands,1938,Hands,5.4,5.2,4.6,4.6,8.3,0.29961,not_computed,0.325459,2.364675,not_computed,not_computed,not_computed,not_computed,10.7125,8.3,not_computed,separate_run_2026-09_staging
Netherlands,1938,Archive,7.0,6.8,3.4,6.2,13.5,0.361601,not_computed,0.325459,2.364675,not_computed,not_computed,not_computed,not_computed,10.7125,8.3,not_computed,separate_run_2026-09_staging
Netherlands,1938,Flow,6.0,6.4,4.6,6.2,10.9,0.323831,not_computed,0.325459,2.364675,not_computed,not_computed,not_computed,not_computed,10.7125,8.3,not_computed,separate_run_2026-09_staging
Netherlands,1939,Helm,6.0,5.8,6.2,5.6,8.4,0.26484,not_computed,0.278744,2.066955,not_computed,not_computed,not_computed,not_computed,9.4125,7.5,not_computed,separate_run_2026-09_staging
Netherlands,1939,Shield,5.8,5.6,6.0,5.0,7.9,0.260745,not_computed,0.278744,2.066955,not_computed,not_computed,not_computed,not_computed,9.4125,7.5,not_computed,separate_run_2026-09_staging
Netherlands,1939,Lore,6.2,6.6,4.4,6.4,11.6,0.303877,not_computed,0.278744,2.066955,not_computed,not_computed,not_computed,not_computed,9.4125,7.5,not_computed,separate_run_2026-09_staging
Netherlands,1939,Stewards,5.8,6.0,5.4,6.2,9.5,0.280244,not_computed,0.278744,2.066955,not_computed,not_computed,not_computed,not_computed,9.4125,7.5,not_computed,separate_run_2026-09_staging
Netherlands,1939,Craft,6.0,6.0,5.0,5.4,9.7,0.282811,not_computed,0.278744,2.066955,not_computed,not_computed,not_computed,not_computed,9.4125,7.5,not_computed,separate_run_2026-09_staging
Netherlands,1939,Hands,5.4,5.2,5.4,4.6,7.5,0.261583,not_computed,0.278744,2.066955,not_computed,not_computed,not_computed,not_computed,9.4125,7.5,not_computed,separate_run_2026-09_staging
Netherlands,1939,Archive,7.0,6.6,4.4,6.2,12.3,0.311829,not_computed,0.278744,2.066955,not_computed,not_computed,not_computed,not_computed,9.4125,7.5,not_computed,separate_run_2026-09_staging
Netherlands,1939,Flow,5.4,6.0,6.0,6.0,8.4,0.264023,not_computed,0.278744,2.066955,not_computed,not_computed,not_computed,not_computed,9.4125,7.5,not_computed,separate_run_2026-09_staging
Netherlands,1940,Helm,3.8,4.8,7.0,3.2,3.2,0.159968,not_computed,0.18204,1.267586,not_computed,not_computed,not_computed,not_computed,5.7125,3.2,not_computed,separate_run_2026-09_staging
Netherlands,1940,Shield,4.4,5.6,6.2,3.4,5.5,0.176634,not_computed,0.18204,1.267586,not_computed,not_computed,not_computed,not_computed,5.7125,3.2,not_computed,separate_run_2026-09_staging
Netherlands,1940,Lore,4.8,5.6,6.2,5.0,6.7,0.192305,not_computed,0.18204,1.267586,not_computed,not_computed,not_computed,not_computed,5.7125,3.2,not_computed,separate_run_2026-09_staging
Netherlands,1940,Stewards,4.4,5.2,7.2,4.8,4.8,0.176055,not_computed,0.18204,1.267586,not_computed,not_computed,not_computed,not_computed,5.7125,3.2,not_computed,separate_run_2026-09_staging
Netherlands,1940,Craft,5.0,6.0,6.0,4.6,7.3,0.193897,not_computed,0.18204,1.267586,not_computed,not_computed,not_computed,not_computed,5.7125,3.2,not_computed,separate_run_2026-09_staging
Netherlands,1940,Hands,4.2,4.6,7.2,3.4,3.3,0.164117,not_computed,0.18204,1.267586,not_computed,not_computed,not_computed,not_computed,5.7125,3.2,not_computed,separate_run_2026-09_staging
Netherlands,1940,Archive,6.0,6.4,5.2,4.8,9.6,0.2145,not_computed,0.18204,1.267586,not_computed,not_computed,not_computed,not_computed,5.7125,3.2,not_computed,separate_run_2026-09_staging
Netherlands,1940,Flow,4.6,5.4,7.0,4.6,5.3,0.178844,not_computed,0.18204,1.267586,not_computed,not_computed,not_computed,not_computed,5.7125,3.2,not_computed,separate_run_2026-09_staging
Netherlands,1941,Helm,3.6,4.6,7.8,3.0,1.9,0.136733,not_computed,0.157059,1.058845,not_computed,not_computed,not_computed,not_computed,4.2375,1.0,not_computed,separate_run_2026-09_staging
Netherlands,1941,Shield,4.6,5.4,6.2,3.4,5.5,0.16439,not_computed,0.157059,1.058845,not_computed,not_computed,not_computed,not_computed,4.2375,1.0,not_computed,separate_run_2026-09_staging
Netherlands,1941,Lore,3.8,5.0,7.0,4.8,4.2,0.158091,not_computed,0.157059,1.058845,not_computed,not_computed,not_computed,not_computed,4.2375,1.0,not_computed,separate_run_2026-09_staging
Netherlands,1941,Stewards,4.2,4.8,7.4,4.4,3.8,0.15563,not_computed,0.157059,1.058845,not_computed,not_computed,not_computed,not_computed,4.2375,1.0,not_computed,separate_run_2026-09_staging
Netherlands,1941,Craft,5.0,5.4,6.8,4.4,5.8,0.168701,not_computed,0.157059,1.058845,not_computed,not_computed,not_computed,not_computed,4.2375,1.0,not_computed,separate_run_2026-09_staging
Netherlands,1941,Hands,3.4,4.0,8.0,3.2,1.0,0.134359,not_computed,0.157059,1.058845,not_computed,not_computed,not_computed,not_computed,4.2375,1.0,not_computed,separate_run_2026-09_staging
Netherlands,1941,Archive,5.2,6.0,6.0,4.4,7.4,0.178561,not_computed,0.157059,1.058845,not_computed,not_computed,not_computed,not_computed,4.2375,1.0,not_computed,separate_run_2026-09_staging
Netherlands,1941,Flow,4.4,4.8,7.0,4.2,4.3,0.160007,not_computed,0.157059,1.058845,not_computed,not_computed,not_computed,not_computed,4.2375,1.0,not_computed,separate_run_2026-09_staging
Netherlands,1942,Helm,3.4,4.4,8.0,3.0,1.3,0.119219,not_computed,0.129331,0.831583,not_computed,not_computed,not_computed,not_computed,2.5875,-1.1,not_computed,separate_run_2026-09_staging
Netherlands,1942,Shield,4.4,5.2,6.4,3.4,4.9,0.143426,not_computed,0.129331,0.831583,not_computed,not_computed,not_computed,not_computed,2.5875,-1.1,not_computed,separate_run_2026-09_staging
Netherlands,1942,Lore,3.6,4.4,7.4,4.2,2.7,0.132964,not_computed,0.129331,0.831583,not_computed,not_computed,not_computed,not_computed,2.5875,-1.1,not_computed,separate_run_2026-09_staging
Netherlands,1942,Stewards,3.4,4.2,8.2,3.8,1.3,0.122714,not_computed,0.129331,0.831583,not_computed,not_computed,not_computed,not_computed,2.5875,-1.1,not_computed,separate_run_2026-09_staging
Netherlands,1942,Craft,4.6,5.2,7.2,4.0,4.6,0.14195,not_computed,0.129331,0.831583,not_computed,not_computed,not_computed,not_computed,2.5875,-1.1,not_computed,separate_run_2026-09_staging
Netherlands,1942,Hands,2.6,3.6,8.6,2.6,-1.1,0.104293,not_computed,0.129331,0.831583,not_computed,not_computed,not_computed,not_computed,2.5875,-1.1,not_computed,separate_run_2026-09_staging
Netherlands,1942,Archive,4.4,5.4,7.0,3.8,4.7,0.140809,not_computed,0.129331,0.831583,not_computed,not_computed,not_computed,not_computed,2.5875,-1.1,not_computed,separate_run_2026-09_staging
Netherlands,1942,Flow,3.8,4.4,7.8,3.8,2.3,0.129269,not_computed,0.129331,0.831583,not_computed,not_computed,not_computed,not_computed,2.5875,-1.1,not_computed,separate_run_2026-09_staging
Netherlands,1943,Helm,3.2,4.0,8.4,2.8,0.2,0.104472,not_computed,0.112238,0.749022,not_computed,not_computed,not_computed,not_computed,1.15,-2.3,not_computed,separate_run_2026-09_staging
Netherlands,1943,Shield,4.4,5.0,7.0,3.4,4.1,0.127528,not_computed,0.112238,0.749022,not_computed,not_computed,not_computed,not_computed,1.15,-2.3,not_computed,separate_run_2026-09_staging
Netherlands,1943,Lore,2.6,3.8,8.4,3.6,-0.2,0.103871,not_computed,0.112238,0.749022,not_computed,not_computed,not_computed,not_computed,1.15,-2.3,not_computed,separate_run_2026-09_staging
Netherlands,1943,Stewards,3.4,3.8,8.2,3.8,0.9,0.113186,not_computed,0.112238,0.749022,not_computed,not_computed,not_computed,not_computed,1.15,-2.3,not_computed,separate_run_2026-09_staging
Netherlands,1943,Craft,3.8,4.4,7.8,3.8,2.3,0.119149,not_computed,0.112238,0.749022,not_computed,not_computed,not_computed,not_computed,1.15,-2.3,not_computed,separate_run_2026-09_staging
Netherlands,1943,Hands,2.6,2.8,9.0,2.6,-2.3,0.094037,not_computed,0.112238,0.749022,not_computed,not_computed,not_computed,not_computed,1.15,-2.3,not_computed,separate_run_2026-09_staging
Netherlands,1943,Archive,3.8,4.8,7.4,3.6,3.0,0.120879,not_computed,0.112238,0.749022,not_computed,not_computed,not_computed,not_computed,1.15,-2.3,not_computed,separate_run_2026-09_staging
Netherlands,1943,Flow,3.4,3.8,7.8,3.6,1.2,0.11478,not_computed,0.112238,0.749022,not_computed,not_computed,not_computed,not_computed,1.15,-2.3,not_computed,separate_run_2026-09_staging
Netherlands,1944,Helm,2.6,3.0,9.0,2.4,-2.2,0.073852,not_computed,0.074817,0.487369,not_computed,not_computed,not_computed,not_computed,-2.025,-4.9,not_computed,separate_run_2026-09_staging
Netherlands,1944,Shield,3.6,3.8,8.2,2.8,0.6,0.086492,not_computed,0.074817,0.487369,not_computed,not_computed,not_computed,not_computed,-2.025,-4.9,not_computed,separate_run_2026-09_staging
Netherlands,1944,Lore,2.4,3.0,8.8,3.0,-1.9,0.076239,not_computed,0.074817,0.487369,not_computed,not_computed,not_computed,not_computed,-2.025,-4.9,not_computed,separate_run_2026-09_staging
Netherlands,1944,Stewards,2.4,2.8,9.2,3.0,-2.5,0.07445,not_computed,0.074817,0.487369,not_computed,not_computed,not_computed,not_computed,-2.025,-4.9,not_computed,separate_run_2026-09_staging
Netherlands,1944,Craft,2.4,3.4,8.8,2.8,-1.6,0.075242,not_computed,0.074817,0.487369,not_computed,not_computed,not_computed,not_computed,-2.025,-4.9,not_computed,separate_run_2026-09_staging
Netherlands,1944,Hands,1.8,2.0,9.6,1.8,-4.9,0.06146,not_computed,0.074817,0.487369,not_computed,not_computed,not_computed,not_computed,-2.025,-4.9,not_computed,separate_run_2026-09_staging
Netherlands,1944,Archive,3.2,3.8,8.2,3.2,0.4,0.085613,not_computed,0.074817,0.487369,not_computed,not_computed,not_computed,not_computed,-2.025,-4.9,not_computed,separate_run_2026-09_staging
Netherlands,1944,Flow,1.6,2.4,9.4,2.6,-4.1,0.065189,not_computed,0.074817,0.487369,not_computed,not_computed,not_computed,not_computed,-2.025,-4.9,not_computed,separate_run_2026-09_staging
Netherlands,1945,Helm,5.0,4.4,7.2,5.0,4.7,0.178068,not_computed,0.173377,1.253008,not_computed,not_computed,not_computed,not_computed,4.25,2.4,not_computed,separate_run_2026-09_staging
Netherlands,1945,Shield,4.2,4.0,6.2,4.2,4.1,0.175373,not_computed,0.173377,1.253008,not_computed,not_computed,not_computed,not_computed,4.25,2.4,not_computed,separate_run_2026-09_staging
Netherlands,1945,Lore,5.0,5.0,5.8,5.6,7.0,0.197066,not_computed,0.173377,1.253008,not_computed,not_computed,not_computed,not_computed,4.25,2.4,not_computed,separate_run_2026-09_staging
Netherlands,1945,Stewards,4.0,4.2,7.4,4.4,3.0,0.162565,not_computed,0.173377,1.253008,not_computed,not_computed,not_computed,not_computed,4.25,2.4,not_computed,separate_run_2026-09_staging
Netherlands,1945,Craft,3.8,4.0,7.4,4.0,2.4,0.157703,not_computed,0.173377,1.253008,not_computed,not_computed,not_computed,not_computed,4.25,2.4,not_computed,separate_run_2026-09_staging
Netherlands,1945,Hands,4.2,3.8,7.2,3.8,2.7,0.162456,not_computed,0.173377,1.253008,not_computed,not_computed,not_computed,not_computed,4.25,2.4,not_computed,separate_run_2026-09_staging
Netherlands,1945,Archive,5.0,5.4,6.4,5.2,6.6,0.187885,not_computed,0.173377,1.253008,not_computed,not_computed,not_computed,not_computed,4.25,2.4,not_computed,separate_run_2026-09_staging
Netherlands,1945,Flow,4.0,4.4,7.2,4.6,3.5,0.165896,not_computed,0.173377,1.253008,not_computed,not_computed,not_computed,not_computed,4.25,2.4,not_computed,separate_run_2026-09_staging
Netherlands,1946,Helm,6.4,5.8,6.6,5.6,8.4,0.235905,not_computed,0.230169,1.66846,not_computed,not_computed,not_computed,not_computed,7.1875,5.3,not_computed,separate_run_2026-09_staging
Netherlands,1946,Shield,5.4,4.8,7.2,4.6,5.3,0.210607,not_computed,0.230169,1.66846,not_computed,not_computed,not_computed,not_computed,7.1875,5.3,not_computed,separate_run_2026-09_staging
Netherlands,1946,Lore,6.4,5.2,5.4,5.6,9.0,0.253087,not_computed,0.230169,1.66846,not_computed,not_computed,not_computed,not_computed,7.1875,5.3,not_computed,separate_run_2026-09_staging
Netherlands,1946,Stewards,5.8,5.0,6.8,5.6,6.8,0.227108,not_computed,0.230169,1.66846,not_computed,not_computed,not_computed,not_computed,7.1875,5.3,not_computed,separate_run_2026-09_staging
Netherlands,1946,Craft,5.6,5.2,6.4,5.0,6.9,0.226177,not_computed,0.230169,1.66846,not_computed,not_computed,not_computed,not_computed,7.1875,5.3,not_computed,separate_run_2026-09_staging
Netherlands,1946,Hands,6.0,4.6,7.0,3.6,5.4,0.212435,not_computed,0.230169,1.66846,not_computed,not_computed,not_computed,not_computed,7.1875,5.3,not_computed,separate_run_2026-09_staging
Netherlands,1946,Archive,6.6,5.6,5.4,5.4,9.5,0.253782,not_computed,0.230169,1.66846,not_computed,not_computed,not_computed,not_computed,7.1875,5.3,not_computed,separate_run_2026-09_staging
Netherlands,1946,Flow,5.6,4.8,6.8,5.2,6.2,0.22225,not_computed,0.230169,1.66846,not_computed,not_computed,not_computed,not_computed,7.1875,5.3,not_computed,separate_run_2026-09_staging
Netherlands,1947,Helm,6.4,5.8,6.8,5.6,8.2,0.242802,not_computed,0.247198,1.779634,not_computed,not_computed,not_computed,not_computed,8.0125,6.6,not_computed,separate_run_2026-09_staging
Netherlands,1947,Shield,6.0,6.0,7.4,4.6,6.9,0.223156,not_computed,0.247198,1.779634,not_computed,not_computed,not_computed,not_computed,8.0125,6.6,not_computed,separate_run_2026-09_staging
Netherlands,1947,Lore,6.4,5.4,5.0,5.6,9.6,0.269973,not_computed,0.247198,1.779634,not_computed,not_computed,not_computed,not_computed,8.0125,6.6,not_computed,separate_run_2026-09_staging
Netherlands,1947,Stewards,5.8,5.2,6.0,5.6,7.8,0.248057,not_computed,0.247198,1.779634,not_computed,not_computed,not_computed,not_computed,8.0125,6.6,not_computed,separate_run_2026-09_staging
Netherlands,1947,Craft,5.8,5.2,5.6,5.0,7.9,0.249397,not_computed,0.247198,1.779634,not_computed,not_computed,not_computed,not_computed,8.0125,6.6,not_computed,separate_run_2026-09_staging
Netherlands,1947,Hands,6.2,4.8,6.2,3.6,6.6,0.234466,not_computed,0.247198,1.779634,not_computed,not_computed,not_computed,not_computed,8.0125,6.6,not_computed,separate_run_2026-09_staging
Netherlands,1947,Archive,6.6,5.8,5.2,5.4,9.9,0.267583,not_computed,0.247198,1.779634,not_computed,not_computed,not_computed,not_computed,8.0125,6.6,not_computed,separate_run_2026-09_staging
Netherlands,1947,Flow,5.8,5.0,6.2,5.2,7.2,0.242152,not_computed,0.247198,1.779634,not_computed,not_computed,not_computed,not_computed,8.0125,6.6,not_computed,separate_run_2026-09_staging
Netherlands,1948,Helm,7.0,6.6,6.2,6.2,10.5,0.286174,not_computed,0.288403,1.937155,not_computed,not_computed,not_computed,not_computed,9.8125,6.9,not_computed,separate_run_2026-09_staging
Netherlands,1948,Shield,6.2,6.0,7.6,4.6,6.9,0.242693,not_computed,0.288403,1.937155,not_computed,not_computed,not_computed,not_computed,9.8125,6.9,not_computed,separate_run_2026-09_staging
Netherlands,1948,Lore,6.6,5.8,4.4,6.0,11.0,0.311633,not_computed,0.288403,1.937155,not_computed,not_computed,not_computed,not_computed,9.8125,6.9,not_computed,separate_run_2026-09_staging
Netherlands,1948,Stewards,6.6,6.2,5.4,6.2,10.5,0.29542,not_computed,0.288403,1.937155,not_computed,not_computed,not_computed,not_computed,9.8125,6.9,not_computed,separate_run_2026-09_staging
Netherlands,1948,Craft,6.4,5.8,5.2,5.0,9.5,0.286696,not_computed,0.288403,1.937155,not_computed,not_computed,not_computed,not_computed,9.8125,6.9,not_computed,separate_run_2026-09_staging
Netherlands,1948,Hands,6.2,5.4,5.4,3.8,8.1,0.270324,not_computed,0.288403,1.937155,not_computed,not_computed,not_computed,not_computed,9.8125,6.9,not_computed,separate_run_2026-09_staging
Netherlands,1948,Archive,7.0,6.2,4.2,5.6,11.8,0.316941,not_computed,0.288403,1.937155,not_computed,not_computed,not_computed,not_computed,9.8125,6.9,not_computed,separate_run_2026-09_staging
Netherlands,1948,Flow,6.6,5.8,5.2,6.0,10.2,0.297342,not_computed,0.288403,1.937155,not_computed,not_computed,not_computed,not_computed,9.8125,6.9,not_computed,separate_run_2026-09_staging
Netherlands,1949,Helm,7.0,6.6,5.8,6.2,10.9,0.308029,not_computed,0.314802,2.218834,not_computed,not_computed,not_computed,not_computed,10.5875,8.1,not_computed,separate_run_2026-09_staging
Netherlands,1949,Shield,5.8,5.8,6.2,5.4,8.1,0.279353,not_computed,0.314802,2.218834,not_computed,not_computed,not_computed,not_computed,10.5875,8.1,not_computed,separate_run_2026-09_staging
Netherlands,1949,Lore,6.8,6.2,4.2,6.0,11.8,0.334246,not_computed,0.314802,2.218834,not_computed,not_computed,not_computed,not_computed,10.5875,8.1,not_computed,separate_run_2026-09_staging
Netherlands,1949,Stewards,6.6,6.2,4.6,6.2,11.3,0.325623,not_computed,0.314802,2.218834,not_computed,not_computed,not_computed,not_computed,10.5875,8.1,not_computed,separate_run_2026-09_staging
Netherlands,1949,Craft,6.8,5.8,4.6,5.0,10.5,0.31773,not_computed,0.314802,2.218834,not_computed,not_computed,not_computed,not_computed,10.5875,8.1,not_computed,separate_run_2026-09_staging
Netherlands,1949,Hands,6.2,5.6,5.2,3.8,8.5,0.287425,not_computed,0.314802,2.218834,not_computed,not_computed,not_computed,not_computed,10.5875,8.1,not_computed,separate_run_2026-09_staging
Netherlands,1949,Archive,7.2,6.4,4.0,5.8,12.5,0.341669,not_computed,0.314802,2.218834,not_computed,not_computed,not_computed,not_computed,10.5875,8.1,not_computed,separate_run_2026-09_staging
Netherlands,1949,Flow,6.8,6.0,4.8,6.2,11.1,0.324342,not_computed,0.314802,2.218834,not_computed,not_computed,not_computed,not_computed,10.5875,8.1,not_computed,separate_run_2026-09_staging
Netherlands,1950,Helm,7.2,6.8,5.0,6.6,12.3,0.352658,not_computed,0.356029,2.538477,not_computed,not_computed,not_computed,not_computed,11.9375,9.5,not_computed,separate_run_2026-09_staging
Netherlands,1950,Shield,6.6,6.0,5.8,5.4,9.5,0.317833,not_computed,0.356029,2.538477,not_computed,not_computed,not_computed,not_computed,11.9375,9.5,not_computed,separate_run_2026-09_staging
Netherlands,1950,Lore,7.0,6.4,3.8,6.2,12.7,0.372036,not_computed,0.356029,2.538477,not_computed,not_computed,not_computed,not_computed,11.9375,9.5,not_computed,separate_run_2026-09_staging
Netherlands,1950,Stewards,7.0,6.8,4.2,6.6,12.9,0.367045,not_computed,0.356029,2.538477,not_computed,not_computed,not_computed,not_computed,11.9375,9.5,not_computed,separate_run_2026-09_staging
Netherlands,1950,Craft,6.8,6.6,4.2,6.0,12.2,0.358673,not_computed,0.356029,2.538477,not_computed,not_computed,not_computed,not_computed,11.9375,9.5,not_computed,separate_run_2026-09_staging
Netherlands,1950,Hands,6.6,5.8,4.2,4.4,10.4,0.339922,not_computed,0.356029,2.538477,not_computed,not_computed,not_computed,not_computed,11.9375,9.5,not_computed,separate_run_2026-09_staging
Netherlands,1950,Archive,7.2,6.4,3.8,6.2,12.9,0.374855,not_computed,0.356029,2.538477,not_computed,not_computed,not_computed,not_computed,11.9375,9.5,not_computed,separate_run_2026-09_staging
Netherlands,1950,Flow,7.0,6.6,4.2,6.4,12.6,0.365211,not_computed,0.356029,2.538477,not_computed,not_computed,not_computed,not_computed,11.9375,9.5,not_computed,separate_run_2026-09_staging
Netherlands,1951,Helm,7.2,6.8,4.6,6.8,12.8,0.37612,not_computed,0.379026,2.766464,not_computed,not_computed,not_computed,not_computed,12.55,10.6,not_computed,separate_run_2026-09_staging
Netherlands,1951,Shield,6.6,6.2,5.0,5.6,10.6,0.347548,not_computed,0.379026,2.766464,not_computed,not_computed,not_computed,not_computed,12.55,10.6,not_computed,separate_run_2026-09_staging
Netherlands,1951,Lore,7.0,6.6,3.8,6.4,13.0,0.387609,not_computed,0.379026,2.766464,not_computed,not_computed,not_computed,not_computed,12.55,10.6,not_computed,separate_run_2026-09_staging
Netherlands,1951,Stewards,7.0,6.8,3.8,6.8,13.4,0.39149,not_computed,0.379026,2.766464,not_computed,not_computed,not_computed,not_computed,12.55,10.6,not_computed,separate_run_2026-09_staging
Netherlands,1951,Craft,6.8,6.8,4.0,6.0,12.6,0.376167,not_computed,0.379026,2.766464,not_computed,not_computed,not_computed,not_computed,12.55,10.6,not_computed,separate_run_2026-09_staging
Netherlands,1951,Hands,6.8,6.0,4.2,4.4,10.8,0.355364,not_computed,0.379026,2.766464,not_computed,not_computed,not_computed,not_computed,12.55,10.6,not_computed,separate_run_2026-09_staging
Netherlands,1951,Archive,7.4,6.6,3.4,6.2,13.7,0.400809,not_computed,0.379026,2.766464,not_computed,not_computed,not_computed,not_computed,12.55,10.6,not_computed,separate_run_2026-09_staging
Netherlands,1951,Flow,7.2,6.6,3.6,6.6,13.5,0.397099,not_computed,0.379026,2.766464,not_computed,not_computed,not_computed,not_computed,12.55,10.6,not_computed,separate_run_2026-09_staging
Netherlands,1952,Helm,7.4,6.8,4.4,6.8,13.2,0.390967,not_computed,0.392268,2.879214,not_computed,not_computed,not_computed,not_computed,12.9,10.8,not_computed,separate_run_2026-09_staging
Netherlands,1952,Shield,6.6,6.4,4.6,5.8,11.3,0.365033,not_computed,0.392268,2.879214,not_computed,not_computed,not_computed,not_computed,12.9,10.8,not_computed,separate_run_2026-09_staging
Netherlands,1952,Lore,7.0,6.6,3.6,6.6,13.3,0.402016,not_computed,0.392268,2.879214,not_computed,not_computed,not_computed,not_computed,12.9,10.8,not_computed,separate_run_2026-09_staging
Netherlands,1952,Stewards,7.2,7.0,3.6,6.8,14.0,0.406978,not_computed,0.392268,2.879214,not_computed,not_computed,not_computed,not_computed,12.9,10.8,not_computed,separate_run_2026-09_staging
Netherlands,1952,Craft,7.0,6.8,3.6,6.0,13.2,0.395932,not_computed,0.392268,2.879214,not_computed,not_computed,not_computed,not_computed,12.9,10.8,not_computed,separate_run_2026-09_staging
Netherlands,1952,Hands,6.6,6.0,4.0,4.4,10.8,0.363412,not_computed,0.392268,2.879214,not_computed,not_computed,not_computed,not_computed,12.9,10.8,not_computed,separate_run_2026-09_staging
Netherlands,1952,Archive,7.4,6.6,3.4,6.2,13.7,0.408803,not_computed,0.392268,2.879214,not_computed,not_computed,not_computed,not_computed,12.9,10.8,not_computed,separate_run_2026-09_staging
Netherlands,1952,Flow,7.2,6.8,3.6,6.6,13.7,0.405005,not_computed,0.392268,2.879214,not_computed,not_computed,not_computed,not_computed,12.9,10.8,not_computed,separate_run_2026-09_staging
Netherlands,1953,Helm,7.2,7.0,6.4,7.0,11.3,0.295664,not_computed,0.297375,2.187239,not_computed,not_computed,not_computed,not_computed,10.7625,8.8,not_computed,separate_run_2026-09_staging
Netherlands,1953,Shield,6.8,6.4,6.4,5.6,9.6,0.280842,not_computed,0.297375,2.187239,not_computed,not_computed,not_computed,not_computed,10.7625,8.8,not_computed,separate_run_2026-09_staging
Netherlands,1953,Lore,7.0,6.6,4.6,6.6,12.3,0.323166,not_computed,0.297375,2.187239,not_computed,not_computed,not_computed,not_computed,10.7625,8.8,not_computed,separate_run_2026-09_staging
Netherlands,1953,Stewards,6.8,6.4,6.2,6.6,10.3,0.291864,not_computed,0.297375,2.187239,not_computed,not_computed,not_computed,not_computed,10.7625,8.8,not_computed,separate_run_2026-09_staging
Netherlands,1953,Craft,6.6,6.8,5.6,6.0,10.8,0.295413,not_computed,0.297375,2.187239,not_computed,not_computed,not_computed,not_computed,10.7625,8.8,not_computed,separate_run_2026-09_staging
Netherlands,1953,Hands,6.8,6.0,6.2,4.4,8.8,0.274652,not_computed,0.297375,2.187239,not_computed,not_computed,not_computed,not_computed,10.7625,8.8,not_computed,separate_run_2026-09_staging
Netherlands,1953,Archive,7.2,6.8,5.0,6.4,12.2,0.316482,not_computed,0.297375,2.187239,not_computed,not_computed,not_computed,not_computed,10.7625,8.8,not_computed,separate_run_2026-09_staging
Netherlands,1953,Flow,6.8,6.4,5.6,6.4,10.8,0.300916,not_computed,0.297375,2.187239,not_computed,not_computed,not_computed,not_computed,10.7625,8.8,not_computed,separate_run_2026-09_staging
Netherlands,1954,Helm,7.6,7.0,4.2,7.0,13.9,0.407068,not_computed,0.403916,2.989162,not_computed,not_computed,not_computed,not_computed,13.325,11.1,not_computed,separate_run_2026-09_staging
Netherlands,1954,Shield,6.8,6.6,4.2,5.8,12.1,0.38329,not_computed,0.403916,2.989162,not_computed,not_computed,not_computed,not_computed,13.325,11.1,not_computed,separate_run_2026-09_staging
Netherlands,1954,Lore,7.2,6.8,3.4,6.6,13.9,0.416739,not_computed,0.403916,2.989162,not_computed,not_computed,not_computed,not_computed,13.325,11.1,not_computed,separate_run_2026-09_staging
Netherlands,1954,Stewards,7.2,7.2,3.8,6.8,14.0,0.408988,not_computed,0.403916,2.989162,not_computed,not_computed,not_computed,not_computed,13.325,11.1,not_computed,separate_run_2026-09_staging
Netherlands,1954,Craft,7.0,6.8,3.6,6.0,13.2,0.402592,not_computed,0.403916,2.989162,not_computed,not_computed,not_computed,not_computed,13.325,11.1,not_computed,separate_run_2026-09_staging
Netherlands,1954,Hands,6.8,6.0,4.0,4.6,11.1,0.375018,not_computed,0.403916,2.989162,not_computed,not_computed,not_computed,not_computed,13.325,11.1,not_computed,separate_run_2026-09_staging
Netherlands,1954,Archive,7.6,7.0,3.4,6.4,14.4,0.420784,not_computed,0.403916,2.989162,not_computed,not_computed,not_computed,not_computed,13.325,11.1,not_computed,separate_run_2026-09_staging
Netherlands,1954,Flow,7.4,6.8,3.6,6.8,14.0,0.416846,not_computed,0.403916,2.989162,not_computed,not_computed,not_computed,not_computed,13.325,11.1,not_computed,separate_run_2026-09_staging
Netherlands,1955,Helm,7.6,7.0,3.6,7.0,14.5,0.437464,not_computed,0.43046,3.159653,not_computed,not_computed,not_computed,not_computed,13.9625,11.8,not_computed,separate_run_2026-09_staging
Netherlands,1955,Shield,6.8,6.6,3.6,5.8,12.7,0.411954,not_computed,0.43046,3.159653,not_computed,not_computed,not_computed,not_computed,13.9625,11.8,not_computed,separate_run_2026-09_staging
Netherlands,1955,Lore,7.2,6.8,3.2,6.8,14.2,0.439522,not_computed,0.43046,3.159653,not_computed,not_computed,not_computed,not_computed,13.9625,11.8,not_computed,separate_run_2026-09_staging
Netherlands,1955,Stewards,7.6,7.2,3.4,7.2,15.0,0.444708,not_computed,0.43046,3.159653,not_computed,not_computed,not_computed,not_computed,13.9625,11.8,not_computed,separate_run_2026-09_staging
Netherlands,1955,Craft,7.0,7.0,3.4,6.2,13.7,0.42468,not_computed,0.43046,3.159653,not_computed,not_computed,not_computed,not_computed,13.9625,11.8,not_computed,separate_run_2026-09_staging
Netherlands,1955,Hands,6.8,6.4,3.8,4.8,11.8,0.395771,not_computed,0.43046,3.159653,not_computed,not_computed,not_computed,not_computed,13.9625,11.8,not_computed,separate_run_2026-09_staging
Netherlands,1955,Archive,7.4,7.2,3.2,6.4,14.6,0.438455,not_computed,0.43046,3.159653,not_computed,not_computed,not_computed,not_computed,13.9625,11.8,not_computed,separate_run_2026-09_staging
Netherlands,1955,Flow,7.6,7.2,3.0,6.8,15.2,0.451121,not_computed,0.43046,3.159653,not_computed,not_computed,not_computed,not_computed,13.9625,11.8,not_computed,separate_run_2026-09_staging
Netherlands,1956,Helm,7.4,7.0,4.6,7.0,13.3,0.39593,not_computed,0.406135,3.028212,not_computed,not_computed,not_computed,not_computed,13.5875,11.9,not_computed,separate_run_2026-09_staging
Netherlands,1956,Shield,6.8,6.6,4.4,5.8,11.9,0.379883,not_computed,0.406135,3.028212,not_computed,not_computed,not_computed,not_computed,13.5875,11.9,not_computed,separate_run_2026-09_staging
Netherlands,1956,Lore,7.2,6.8,3.4,6.8,14.0,0.420091,not_computed,0.406135,3.028212,not_computed,not_computed,not_computed,not_computed,13.5875,11.9,not_computed,separate_run_2026-09_staging
Netherlands,1956,Stewards,7.6,7.2,3.8,7.2,14.6,0.420058,not_computed,0.406135,3.028212,not_computed,not_computed,not_computed,not_computed,13.5875,11.9,not_computed,separate_run_2026-09_staging
Netherlands,1956,Craft,7.2,7.2,3.4,6.4,14.2,0.415999,not_computed,0.406135,3.028212,not_computed,not_computed,not_computed,not_computed,13.5875,11.9,not_computed,separate_run_2026-09_staging
Netherlands,1956,Hands,6.8,6.6,3.6,4.8,12.2,0.3876,not_computed,0.406135,3.028212,not_computed,not_computed,not_computed,not_computed,13.5875,11.9,not_computed,separate_run_2026-09_staging
Netherlands,1956,Archive,7.4,7.2,3.2,6.4,14.6,0.424041,not_computed,0.406135,3.028212,not_computed,not_computed,not_computed,not_computed,13.5875,11.9,not_computed,separate_run_2026-09_staging
Netherlands,1956,Flow,7.4,7.2,4.2,7.0,13.9,0.405481,not_computed,0.406135,3.028212,not_computed,not_computed,not_computed,not_computed,13.5875,11.9,not_computed,separate_run_2026-09_staging
Netherlands,1957,Helm,8.0,7.4,3.8,7.6,15.4,0.453598,not_computed,0.446557,3.276195,not_computed,not_computed,not_computed,not_computed,14.5875,12.3,not_computed,separate_run_2026-09_staging
Netherlands,1957,Shield,6.8,6.6,3.6,5.8,12.7,0.420633,not_computed,0.446557,3.276195,not_computed,not_computed,not_computed,not_computed,14.5875,12.3,not_computed,separate_run_2026-09_staging
Netherlands,1957,Lore,7.2,7.2,3.2,7.0,14.7,0.451056,not_computed,0.446557,3.276195,not_computed,not_computed,not_computed,not_computed,14.5875,12.3,not_computed,separate_run_2026-09_staging
Netherlands,1957,Stewards,7.6,7.6,3.4,7.6,15.6,0.458337,not_computed,0.446557,3.276195,not_computed,not_computed,not_computed,not_computed,14.5875,12.3,not_computed,separate_run_2026-09_staging
Netherlands,1957,Craft,7.4,7.4,3.4,6.6,14.7,0.444656,not_computed,0.446557,3.276195,not_computed,not_computed,not_computed,not_computed,14.5875,12.3,not_computed,separate_run_2026-09_staging
Netherlands,1957,Hands,6.8,6.6,3.6,5.0,12.3,0.411352,not_computed,0.446557,3.276195,not_computed,not_computed,not_computed,not_computed,14.5875,12.3,not_computed,separate_run_2026-09_staging
Netherlands,1957,Archive,7.4,7.2,3.2,7.0,14.9,0.454289,not_computed,0.446557,3.276195,not_computed,not_computed,not_computed,not_computed,14.5875,12.3,not_computed,separate_run_2026-09_staging
Netherlands,1957,Flow,8.2,7.4,3.0,7.6,16.4,0.478533,not_computed,0.446557,3.276195,not_computed,not_computed,not_computed,not_computed,14.5875,12.3,not_computed,separate_run_2026-09_staging
Netherlands,1958,Helm,6.8,7.0,5.2,6.8,12.0,0.377641,not_computed,0.417657,2.990885,not_computed,not_computed,not_computed,not_computed,13.9625,11.7,not_computed,separate_run_2026-09_staging
Netherlands,1958,Shield,6.8,6.6,3.6,5.8,12.7,0.405038,not_computed,0.417657,2.990885,not_computed,not_computed,not_computed,not_computed,13.9625,11.7,not_computed,separate_run_2026-09_staging
Netherlands,1958,Lore,7.2,7.2,3.2,7.0,14.7,0.434144,not_computed,0.417657,2.990885,not_computed,not_computed,not_computed,not_computed,13.9625,11.7,not_computed,separate_run_2026-09_staging
Netherlands,1958,Stewards,7.6,7.4,3.6,7.6,15.2,0.435953,not_computed,0.417657,2.990885,not_computed,not_computed,not_computed,not_computed,13.9625,11.7,not_computed,separate_run_2026-09_staging
Netherlands,1958,Craft,7.2,7.4,3.6,6.6,14.3,0.419907,not_computed,0.417657,2.990885,not_computed,not_computed,not_computed,not_computed,13.9625,11.7,not_computed,separate_run_2026-09_staging
Netherlands,1958,Hands,6.8,6.6,4.2,5.0,11.7,0.382075,not_computed,0.417657,2.990885,not_computed,not_computed,not_computed,not_computed,13.9625,11.7,not_computed,separate_run_2026-09_staging
Netherlands,1958,Archive,7.4,7.2,3.2,7.0,14.9,0.437235,not_computed,0.417657,2.990885,not_computed,not_computed,not_computed,not_computed,13.9625,11.7,not_computed,separate_run_2026-09_staging
Netherlands,1958,Flow,7.8,7.8,3.2,7.6,16.2,0.449261,not_computed,0.417657,2.990885,not_computed,not_computed,not_computed,not_computed,13.9625,11.7,not_computed,separate_run_2026-09_staging
Netherlands,1959,Helm,7.2,7.0,4.2,7.2,13.6,0.425062,not_computed,0.442955,3.234245,not_computed,not_computed,not_computed,not_computed,14.525,12.1,not_computed,separate_run_2026-09_staging
Netherlands,1959,Shield,6.8,6.6,3.6,5.8,12.7,0.418739,not_computed,0.442955,3.234245,not_computed,not_computed,not_computed,not_computed,14.525,12.1,not_computed,separate_run_2026-09_staging
Netherlands,1959,Lore,7.2,7.4,3.2,7.2,15.0,0.45115,not_computed,0.442955,3.234245,not_computed,not_computed,not_computed,not_computed,14.525,12.1,not_computed,separate_run_2026-09_staging
Netherlands,1959,Stewards,7.6,7.8,3.2,7.8,16.1,0.46371,not_computed,0.442955,3.234245,not_computed,not_computed,not_computed,not_computed,14.525,12.1,not_computed,separate_run_2026-09_staging
Netherlands,1959,Craft,7.6,7.4,3.4,6.8,15.0,0.447947,not_computed,0.442955,3.234245,not_computed,not_computed,not_computed,not_computed,14.525,12.1,not_computed,separate_run_2026-09_staging
Netherlands,1959,Hands,6.6,6.6,3.6,5.0,12.1,0.405962,not_computed,0.442955,3.234245,not_computed,not_computed,not_computed,not_computed,14.525,12.1,not_computed,separate_run_2026-09_staging
Netherlands,1959,Archive,7.4,7.2,3.2,7.0,14.9,0.452217,not_computed,0.442955,3.234245,not_computed,not_computed,not_computed,not_computed,14.525,12.1,not_computed,separate_run_2026-09_staging
Netherlands,1959,Flow,8.0,7.8,2.8,7.6,16.8,0.478851,not_computed,0.442955,3.234245,not_computed,not_computed,not_computed,not_computed,14.525,12.1,not_computed,separate_run_2026-09_staging
Netherlands,1960,Helm,7.2,7.0,4.0,7.2,13.8,0.431267,not_computed,0.444754,3.15637,not_computed,not_computed,not_computed,not_computed,14.6375,11.9,not_computed,separate_run_2026-09_staging
Netherlands,1960,Shield,6.8,6.6,4.4,5.8,11.9,0.399979,not_computed,0.444754,3.15637,not_computed,not_computed,not_computed,not_computed,14.6375,11.9,not_computed,separate_run_2026-09_staging
Netherlands,1960,Lore,7.2,7.4,3.2,7.2,15.0,0.452297,not_computed,0.444754,3.15637,not_computed,not_computed,not_computed,not_computed,14.6375,11.9,not_computed,separate_run_2026-09_staging
Netherlands,1960,Stewards,7.8,7.8,2.8,7.8,16.7,0.479049,not_computed,0.444754,3.15637,not_computed,not_computed,not_computed,not_computed,14.6375,11.9,not_computed,separate_run_2026-09_staging
Netherlands,1960,Craft,7.6,7.8,3.4,7.0,15.5,0.451188,not_computed,0.444754,3.15637,not_computed,not_computed,not_computed,not_computed,14.6375,11.9,not_computed,separate_run_2026-09_staging
Netherlands,1960,Hands,6.6,6.8,3.8,5.0,12.1,0.402076,not_computed,0.444754,3.15637,not_computed,not_computed,not_computed,not_computed,14.6375,11.9,not_computed,separate_run_2026-09_staging
Netherlands,1960,Archive,7.4,7.2,3.2,7.0,14.9,0.453368,not_computed,0.444754,3.15637,not_computed,not_computed,not_computed,not_computed,14.6375,11.9,not_computed,separate_run_2026-09_staging
Netherlands,1960,Flow,8.2,7.8,2.6,7.6,17.2,0.488811,not_computed,0.444754,3.15637,not_computed,not_computed,not_computed,not_computed,14.6375,11.9,not_computed,separate_run_2026-09_staging
Netherlands,1961,Helm,7.2,7.0,5.2,7.0,12.5,0.39051,not_computed,0.427366,2.900016,not_computed,not_computed,not_computed,not_computed,14.3125,10.7,not_computed,separate_run_2026-09_staging
Netherlands,1961,Shield,6.6,6.6,5.4,5.8,10.7,0.365083,not_computed,0.427366,2.900016,not_computed,not_computed,not_computed,not_computed,14.3125,10.7,not_computed,separate_run_2026-09_staging
Netherlands,1961,Lore,7.2,7.4,3.2,7.4,15.1,0.44431,not_computed,0.427366,2.900016,not_computed,not_computed,not_computed,not_computed,14.3125,10.7,not_computed,separate_run_2026-09_staging
Netherlands,1961,Stewards,7.8,7.8,2.8,7.8,16.7,0.468274,not_computed,0.427366,2.900016,not_computed,not_computed,not_computed,not_computed,14.3125,10.7,not_computed,separate_run_2026-09_staging
Netherlands,1961,Craft,7.6,7.8,3.4,7.0,15.5,0.441147,not_computed,0.427366,2.900016,not_computed,not_computed,not_computed,not_computed,14.3125,10.7,not_computed,separate_run_2026-09_staging
Netherlands,1961,Hands,6.6,6.8,4.0,5.0,11.9,0.388556,not_computed,0.427366,2.900016,not_computed,not_computed,not_computed,not_computed,14.3125,10.7,not_computed,separate_run_2026-09_staging
Netherlands,1961,Archive,7.4,7.2,3.2,7.0,14.9,0.44327,not_computed,0.427366,2.900016,not_computed,not_computed,not_computed,not_computed,14.3125,10.7,not_computed,separate_run_2026-09_staging
Netherlands,1961,Flow,8.2,7.8,2.6,7.6,17.2,0.477774,not_computed,0.427366,2.900016,not_computed,not_computed,not_computed,not_computed,14.3125,10.7,not_computed,separate_run_2026-09_staging
Netherlands,1962,Helm,7.0,7.0,5.2,7.0,12.3,0.386563,not_computed,0.425314,2.901317,not_computed,not_computed,not_computed,not_computed,14.2625,10.5,not_computed,separate_run_2026-09_staging
Netherlands,1962,Shield,6.4,6.4,5.2,5.8,10.5,0.365453,not_computed,0.425314,2.901317,not_computed,not_computed,not_computed,not_computed,14.2625,10.5,not_computed,separate_run_2026-09_staging
Netherlands,1962,Lore,7.2,7.4,3.2,7.4,15.1,0.44307,not_computed,0.425314,2.901317,not_computed,not_computed,not_computed,not_computed,14.2625,10.5,not_computed,separate_run_2026-09_staging
Netherlands,1962,Stewards,7.8,7.8,3.0,7.8,16.5,0.461553,not_computed,0.425314,2.901317,not_computed,not_computed,not_computed,not_computed,14.2625,10.5,not_computed,separate_run_2026-09_staging
Netherlands,1962,Craft,7.6,7.8,3.4,7.0,15.5,0.439918,not_computed,0.425314,2.901317,not_computed,not_computed,not_computed,not_computed,14.2625,10.5,not_computed,separate_run_2026-09_staging
Netherlands,1962,Hands,6.6,6.8,4.0,5.0,11.9,0.387496,not_computed,0.425314,2.901317,not_computed,not_computed,not_computed,not_computed,14.2625,10.5,not_computed,separate_run_2026-09_staging
Netherlands,1962,Archive,7.4,7.4,3.2,7.0,15.1,0.442035,not_computed,0.425314,2.901317,not_computed,not_computed,not_computed,not_computed,14.2625,10.5,not_computed,separate_run_2026-09_staging
Netherlands,1962,Flow,8.2,7.8,2.6,7.6,17.2,0.476424,not_computed,0.425314,2.901317,not_computed,not_computed,not_computed,not_computed,14.2625,10.5,not_computed,separate_run_2026-09_staging
Netherlands,1963,Helm,7.2,7.0,4.2,7.2,13.6,0.427513,not_computed,0.447379,3.222077,not_computed,not_computed,not_computed,not_computed,14.7,12.2,not_computed,separate_run_2026-09_staging
Netherlands,1963,Shield,6.8,6.6,3.6,6.0,12.8,0.423424,not_computed,0.447379,3.222077,not_computed,not_computed,not_computed,not_computed,14.7,12.2,not_computed,separate_run_2026-09_staging
Netherlands,1963,Lore,7.2,7.4,3.4,7.4,14.9,0.450553,not_computed,0.447379,3.222077,not_computed,not_computed,not_computed,not_computed,14.7,12.2,not_computed,separate_run_2026-09_staging
Netherlands,1963,Stewards,7.8,7.8,2.8,7.8,16.7,0.480634,not_computed,0.447379,3.222077,not_computed,not_computed,not_computed,not_computed,14.7,12.2,not_computed,separate_run_2026-09_staging
Netherlands,1963,Craft,7.6,7.6,3.6,7.0,15.1,0.447323,not_computed,0.447379,3.222077,not_computed,not_computed,not_computed,not_computed,14.7,12.2,not_computed,separate_run_2026-09_staging
Netherlands,1963,Hands,6.8,6.8,4.0,5.2,12.2,0.404302,not_computed,0.447379,3.222077,not_computed,not_computed,not_computed,not_computed,14.7,12.2,not_computed,separate_run_2026-09_staging
Netherlands,1963,Archive,7.4,7.4,3.2,7.0,15.1,0.454852,not_computed,0.447379,3.222077,not_computed,not_computed,not_computed,not_computed,14.7,12.2,not_computed,separate_run_2026-09_staging
Netherlands,1963,Flow,8.2,7.8,2.6,7.6,17.2,0.490434,not_computed,0.447379,3.222077,not_computed,not_computed,not_computed,not_computed,14.7,12.2,not_computed,separate_run_2026-09_staging
Netherlands,1964,Helm,7.2,7.0,4.4,7.2,13.4,0.41474,not_computed,0.433217,3.171339,not_computed,not_computed,not_computed,not_computed,14.4625,12.3,not_computed,separate_run_2026-09_staging
Netherlands,1964,Shield,6.8,6.6,3.6,6.0,12.8,0.415736,not_computed,0.433217,3.171339,not_computed,not_computed,not_computed,not_computed,14.4625,12.3,not_computed,separate_run_2026-09_staging
Netherlands,1964,Lore,7.0,7.4,3.8,7.4,14.3,0.428851,not_computed,0.433217,3.171339,not_computed,not_computed,not_computed,not_computed,14.4625,12.3,not_computed,separate_run_2026-09_staging
Netherlands,1964,Stewards,7.6,7.8,3.4,7.8,15.9,0.452471,not_computed,0.433217,3.171339,not_computed,not_computed,not_computed,not_computed,14.4625,12.3,not_computed,separate_run_2026-09_staging
Netherlands,1964,Craft,7.6,7.6,3.8,7.0,14.9,0.43395,not_computed,0.433217,3.171339,not_computed,not_computed,not_computed,not_computed,14.4625,12.3,not_computed,separate_run_2026-09_staging
Netherlands,1964,Hands,7.0,6.8,4.2,5.4,12.3,0.397743,not_computed,0.433217,3.171339,not_computed,not_computed,not_computed,not_computed,14.4625,12.3,not_computed,separate_run_2026-09_staging
Netherlands,1964,Archive,7.4,7.4,3.2,7.0,15.1,0.446497,not_computed,0.433217,3.171339,not_computed,not_computed,not_computed,not_computed,14.4625,12.3,not_computed,separate_run_2026-09_staging
Netherlands,1964,Flow,8.2,7.8,2.8,7.6,17.0,0.475751,not_computed,0.433217,3.171339,not_computed,not_computed,not_computed,not_computed,14.4625,12.3,not_computed,separate_run_2026-09_staging
Netherlands,1965,Helm,6.6,7.0,5.6,7.0,11.5,0.353912,not_computed,0.390258,2.799356,not_computed,not_computed,not_computed,not_computed,13.6125,11.1,not_computed,separate_run_2026-09_staging
Netherlands,1965,Shield,6.4,6.6,4.8,5.8,11.1,0.3567,not_computed,0.390258,2.799356,not_computed,not_computed,not_computed,not_computed,13.6125,11.1,not_computed,separate_run_2026-09_staging
Netherlands,1965,Lore,6.8,7.4,4.6,7.4,13.3,0.382534,not_computed,0.390258,2.799356,not_computed,not_computed,not_computed,not_computed,13.6125,11.1,not_computed,separate_run_2026-09_staging
Netherlands,1965,Stewards,7.4,7.8,3.6,7.8,15.5,0.418329,not_computed,0.390258,2.799356,not_computed,not_computed,not_computed,not_computed,13.6125,11.1,not_computed,separate_run_2026-09_staging
Netherlands,1965,Craft,7.6,7.6,4.0,7.0,14.7,0.404007,not_computed,0.390258,2.799356,not_computed,not_computed,not_computed,not_computed,13.6125,11.1,not_computed,separate_run_2026-09_staging
Netherlands,1965,Hands,6.8,7.0,4.2,5.4,12.3,0.371918,not_computed,0.390258,2.799356,not_computed,not_computed,not_computed,not_computed,13.6125,11.1,not_computed,separate_run_2026-09_staging
Netherlands,1965,Archive,7.0,7.4,3.6,7.0,14.3,0.404919,not_computed,0.390258,2.799356,not_computed,not_computed,not_computed,not_computed,13.6125,11.1,not_computed,separate_run_2026-09_staging
Netherlands,1965,Flow,8.0,7.8,3.4,7.6,16.2,0.429748,not_computed,0.390258,2.799356,not_computed,not_computed,not_computed,not_computed,13.6125,11.1,not_computed,separate_run_2026-09_staging
Netherlands,1966,Helm,5.4,6.6,7.2,6.8,8.2,0.276642,not_computed,0.329988,2.177778,not_computed,not_computed,not_computed,not_computed,12.1,8.2,not_computed,separate_run_2026-09_staging
Netherlands,1966,Shield,6.0,6.4,6.8,5.8,8.5,0.282671,not_computed,0.329988,2.177778,not_computed,not_computed,not_computed,not_computed,12.1,8.2,not_computed,separate_run_2026-09_staging
Netherlands,1966,Lore,6.2,7.2,5.8,7.4,11.3,0.316624,not_computed,0.329988,2.177778,not_computed,not_computed,not_computed,not_computed,12.1,8.2,not_computed,separate_run_2026-09_staging
Netherlands,1966,Stewards,7.2,7.8,4.2,7.8,14.7,0.364321,not_computed,0.329988,2.177778,not_computed,not_computed,not_computed,not_computed,12.1,8.2,not_computed,separate_run_2026-09_staging
Netherlands,1966,Craft,7.2,7.6,4.6,7.0,13.7,0.349394,not_computed,0.329988,2.177778,not_computed,not_computed,not_computed,not_computed,12.1,8.2,not_computed,separate_run_2026-09_staging
Netherlands,1966,Hands,6.8,7.0,4.8,5.4,11.7,0.326395,not_computed,0.329988,2.177778,not_computed,not_computed,not_computed,not_computed,12.1,8.2,not_computed,separate_run_2026-09_staging
Netherlands,1966,Archive,7.0,7.2,4.8,7.0,12.9,0.34283,not_computed,0.329988,2.177778,not_computed,not_computed,not_computed,not_computed,12.1,8.2,not_computed,separate_run_2026-09_staging
Netherlands,1966,Flow,8.0,7.8,3.8,7.6,15.8,0.38103,not_computed,0.329988,2.177778,not_computed,not_computed,not_computed,not_computed,12.1,8.2,not_computed,separate_run_2026-09_staging
Netherlands,1967,Helm,7.0,7.2,5.2,6.8,12.4,0.368581,not_computed,0.394495,2.86745,not_computed,not_computed,not_computed,not_computed,13.75,11.3,not_computed,separate_run_2026-09_staging
Netherlands,1967,Shield,6.6,6.6,4.8,5.8,11.3,0.361964,not_computed,0.394495,2.86745,not_computed,not_computed,not_computed,not_computed,13.75,11.3,not_computed,separate_run_2026-09_staging
Netherlands,1967,Lore,7.0,7.4,5.2,7.4,12.9,0.374077,not_computed,0.394495,2.86745,not_computed,not_computed,not_computed,not_computed,13.75,11.3,not_computed,separate_run_2026-09_staging
Netherlands,1967,Stewards,7.6,7.8,3.4,7.8,15.9,0.42879,not_computed,0.394495,2.86745,not_computed,not_computed,not_computed,not_computed,13.75,11.3,not_computed,separate_run_2026-09_staging
Netherlands,1967,Craft,7.4,7.6,3.8,7.0,14.7,0.408539,not_computed,0.394495,2.86745,not_computed,not_computed,not_computed,not_computed,13.75,11.3,not_computed,separate_run_2026-09_staging
Netherlands,1967,Hands,6.8,7.0,4.6,5.4,11.9,0.365346,not_computed,0.394495,2.86745,not_computed,not_computed,not_computed,not_computed,13.75,11.3,not_computed,separate_run_2026-09_staging
Netherlands,1967,Archive,7.2,7.4,4.0,7.0,14.1,0.400874,not_computed,0.394495,2.86745,not_computed,not_computed,not_computed,not_computed,13.75,11.3,not_computed,separate_run_2026-09_staging
Netherlands,1967,Flow,8.0,7.8,2.8,7.6,16.8,0.447789,not_computed,0.394495,2.86745,not_computed,not_computed,not_computed,not_computed,13.75,11.3,not_computed,separate_run_2026-09_staging
Netherlands,1968,Helm,7.0,7.2,5.6,6.8,12.0,0.350534,not_computed,0.376488,2.645836,not_computed,not_computed,not_computed,not_computed,13.3375,10.5,not_computed,separate_run_2026-09_staging
Netherlands,1968,Shield,6.6,6.6,5.6,5.8,10.5,0.335984,not_computed,0.376488,2.645836,not_computed,not_computed,not_computed,not_computed,13.3375,10.5,not_computed,separate_run_2026-09_staging
Netherlands,1968,Lore,6.4,7.2,6.2,7.6,11.2,0.337175,not_computed,0.376488,2.645836,not_computed,not_computed,not_computed,not_computed,13.3375,10.5,not_computed,separate_run_2026-09_staging
Netherlands,1968,Stewards,7.6,7.8,3.4,7.8,15.9,0.417445,not_computed,0.376488,2.645836,not_computed,not_computed,not_computed,not_computed,13.3375,10.5,not_computed,separate_run_2026-09_staging
Netherlands,1968,Craft,7.4,7.6,4.0,7.0,14.5,0.393176,not_computed,0.376488,2.645836,not_computed,not_computed,not_computed,not_computed,13.3375,10.5,not_computed,separate_run_2026-09_staging
Netherlands,1968,Hands,6.8,7.0,4.6,5.4,11.9,0.355935,not_computed,0.376488,2.645836,not_computed,not_computed,not_computed,not_computed,13.3375,10.5,not_computed,separate_run_2026-09_staging
Netherlands,1968,Archive,7.2,7.4,4.2,7.0,13.9,0.385813,not_computed,0.376488,2.645836,not_computed,not_computed,not_computed,not_computed,13.3375,10.5,not_computed,separate_run_2026-09_staging
Netherlands,1968,Flow,8.0,7.8,2.8,7.6,16.8,0.435839,not_computed,0.376488,2.645836,not_computed,not_computed,not_computed,not_computed,13.3375,10.5,not_computed,separate_run_2026-09_staging
Netherlands,1969,Helm,6.8,7.2,5.6,6.8,11.8,0.331566,not_computed,0.345941,2.442799,not_computed,not_computed,not_computed,not_computed,12.6375,10.4,not_computed,separate_run_2026-09_staging
Netherlands,1969,Shield,6.6,6.6,5.2,5.8,10.9,0.328123,not_computed,0.345941,2.442799,not_computed,not_computed,not_computed,not_computed,12.6375,10.4,not_computed,separate_run_2026-09_staging
Netherlands,1969,Lore,6.0,7.2,6.6,7.6,10.4,0.308915,not_computed,0.345941,2.442799,not_computed,not_computed,not_computed,not_computed,12.6375,10.4,not_computed,separate_run_2026-09_staging
Netherlands,1969,Stewards,7.6,7.8,3.8,7.8,15.5,0.388216,not_computed,0.345941,2.442799,not_computed,not_computed,not_computed,not_computed,12.6375,10.4,not_computed,separate_run_2026-09_staging
Netherlands,1969,Craft,7.0,7.4,4.8,7.0,13.1,0.352115,not_computed,0.345941,2.442799,not_computed,not_computed,not_computed,not_computed,12.6375,10.4,not_computed,separate_run_2026-09_staging
Netherlands,1969,Hands,6.6,7.0,5.8,5.4,10.5,0.312912,not_computed,0.345941,2.442799,not_computed,not_computed,not_computed,not_computed,12.6375,10.4,not_computed,separate_run_2026-09_staging
Netherlands,1969,Archive,7.0,7.4,4.8,7.0,13.1,0.352115,not_computed,0.345941,2.442799,not_computed,not_computed,not_computed,not_computed,12.6375,10.4,not_computed,separate_run_2026-09_staging
Netherlands,1969,Flow,7.8,7.8,3.6,7.6,15.8,0.393566,not_computed,0.345941,2.442799,not_computed,not_computed,not_computed,not_computed,12.6375,10.4,not_computed,separate_run_2026-09_staging
Netherlands,1970,Helm,7.0,7.0,3.0,6.4,14.2,0.47112,not_computed,0.490974,3.758918,not_computed,not_computed,not_computed,not_computed,15.175,14.2,not_computed,separate_run_2026-09_staging
Netherlands,1970,Shield,7.0,6.6,2.0,5.6,14.4,0.489765,not_computed,0.490974,3.758918,not_computed,not_computed,not_computed,not_computed,15.175,14.2,not_computed,separate_run_2026-09_staging
Netherlands,1970,Lore,7.2,7.4,2.8,7.2,15.4,0.489902,not_computed,0.490974,3.758918,not_computed,not_computed,not_computed,not_computed,15.175,14.2,not_computed,separate_run_2026-09_staging
Netherlands,1970,Stewards,7.0,7.8,2.4,7.2,16.0,0.498072,not_computed,0.490974,3.758918,not_computed,not_computed,not_computed,not_computed,15.175,14.2,not_computed,separate_run_2026-09_staging
Netherlands,1970,Craft,6.8,7.0,2.6,6.2,14.3,0.476321,not_computed,0.490974,3.758918,not_computed,not_computed,not_computed,not_computed,15.175,14.2,not_computed,separate_run_2026-09_staging
Netherlands,1970,Hands,7.2,6.8,2.2,5.2,14.4,0.482674,not_computed,0.490974,3.758918,not_computed,not_computed,not_computed,not_computed,15.175,14.2,not_computed,separate_run_2026-09_staging
Netherlands,1970,Archive,7.8,7.0,2.4,6.6,15.7,0.505204,not_computed,0.490974,3.758918,not_computed,not_computed,not_computed,not_computed,15.175,14.2,not_computed,separate_run_2026-09_staging
Netherlands,1970,Flow,7.6,8.0,2.2,7.2,17.0,0.514734,not_computed,0.490974,3.758918,not_computed,not_computed,not_computed,not_computed,15.175,14.2,not_computed,separate_run_2026-09_staging
Netherlands,1971,Helm,6.6,6.8,3.6,6.4,13.0,0.437004,not_computed,0.471009,3.485355,not_computed,not_computed,not_computed,not_computed,14.8,13.0,not_computed,separate_run_2026-09_staging
Netherlands,1971,Shield,7.0,6.6,2.0,5.6,14.4,0.478321,not_computed,0.471009,3.485355,not_computed,not_computed,not_computed,not_computed,14.8,13.0,not_computed,separate_run_2026-09_staging
Netherlands,1971,Lore,7.2,7.4,3.0,7.2,15.2,0.472814,not_computed,0.471009,3.485355,not_computed,not_computed,not_computed,not_computed,14.8,13.0,not_computed,separate_run_2026-09_staging
Netherlands,1971,Stewards,7.0,7.8,2.6,7.2,15.8,0.480689,not_computed,0.471009,3.485355,not_computed,not_computed,not_computed,not_computed,14.8,13.0,not_computed,separate_run_2026-09_staging
Netherlands,1971,Craft,6.8,7.0,2.8,6.2,14.1,0.459723,not_computed,0.471009,3.485355,not_computed,not_computed,not_computed,not_computed,14.8,13.0,not_computed,separate_run_2026-09_staging
Netherlands,1971,Hands,7.2,6.8,3.0,5.2,13.6,0.449433,not_computed,0.471009,3.485355,not_computed,not_computed,not_computed,not_computed,14.8,13.0,not_computed,separate_run_2026-09_staging
Netherlands,1971,Archive,7.8,7.0,2.4,6.6,15.7,0.493337,not_computed,0.471009,3.485355,not_computed,not_computed,not_computed,not_computed,14.8,13.0,not_computed,separate_run_2026-09_staging
Netherlands,1971,Flow,7.6,7.8,2.4,7.2,16.6,0.496747,not_computed,0.471009,3.485355,not_computed,not_computed,not_computed,not_computed,14.8,13.0,not_computed,separate_run_2026-09_staging
Netherlands,1972,Helm,5.4,6.2,5.2,6.0,9.4,0.351657,not_computed,0.425947,2.810093,not_computed,not_computed,not_computed,not_computed,13.7,9.4,not_computed,separate_run_2026-09_staging
Netherlands,1972,Shield,7.0,6.6,2.2,5.6,14.2,0.44636,not_computed,0.425947,2.810093,not_computed,not_computed,not_computed,not_computed,13.7,9.4,not_computed,separate_run_2026-09_staging
Netherlands,1972,Lore,7.0,7.0,3.2,7.2,14.4,0.438113,not_computed,0.425947,2.810093,not_computed,not_computed,not_computed,not_computed,13.7,9.4,not_computed,separate_run_2026-09_staging
Netherlands,1972,Stewards,6.8,7.2,3.0,7.0,14.5,0.437939,not_computed,0.425947,2.810093,not_computed,not_computed,not_computed,not_computed,13.7,9.4,not_computed,separate_run_2026-09_staging
Netherlands,1972,Craft,6.8,7.0,3.4,6.2,13.5,0.419034,not_computed,0.425947,2.810093,not_computed,not_computed,not_computed,not_computed,13.7,9.4,not_computed,separate_run_2026-09_staging
Netherlands,1972,Hands,6.8,6.8,3.4,5.2,12.8,0.407813,not_computed,0.425947,2.810093,not_computed,not_computed,not_computed,not_computed,13.7,9.4,not_computed,separate_run_2026-09_staging
Netherlands,1972,Archive,7.4,7.0,2.6,6.6,15.1,0.453844,not_computed,0.425947,2.810093,not_computed,not_computed,not_computed,not_computed,13.7,9.4,not_computed,separate_run_2026-09_staging
Netherlands,1972,Flow,7.4,7.6,2.8,7.0,15.7,0.452814,not_computed,0.425947,2.810093,not_computed,not_computed,not_computed,not_computed,13.7,9.4,not_computed,separate_run_2026-09_staging
Netherlands,1973,Helm,6.4,6.8,5.2,7.0,11.5,0.346813,not_computed,0.365712,2.688757,not_computed,not_computed,not_computed,not_computed,12.525,10.7,not_computed,separate_run_2026-09_staging
Netherlands,1973,Shield,7.0,6.6,2.8,5.6,13.6,0.394619,not_computed,0.365712,2.688757,not_computed,not_computed,not_computed,not_computed,12.525,10.7,not_computed,separate_run_2026-09_staging
Netherlands,1973,Lore,7.0,7.0,3.6,7.2,14.0,0.391942,not_computed,0.365712,2.688757,not_computed,not_computed,not_computed,not_computed,12.525,10.7,not_computed,separate_run_2026-09_staging
Netherlands,1973,Stewards,6.4,7.2,5.4,6.8,11.6,0.340864,not_computed,0.365712,2.688757,not_computed,not_computed,not_computed,not_computed,12.525,10.7,not_computed,separate_run_2026-09_staging
Netherlands,1973,Craft,6.4,6.4,5.2,6.2,10.7,0.339451,not_computed,0.365712,2.688757,not_computed,not_computed,not_computed,not_computed,12.525,10.7,not_computed,separate_run_2026-09_staging
Netherlands,1973,Hands,7.0,6.6,4.2,5.2,12.0,0.359454,not_computed,0.365712,2.688757,not_computed,not_computed,not_computed,not_computed,12.525,10.7,not_computed,separate_run_2026-09_staging
Netherlands,1973,Archive,7.6,7.0,3.0,6.6,14.9,0.408725,not_computed,0.365712,2.688757,not_computed,not_computed,not_computed,not_computed,12.525,10.7,not_computed,separate_run_2026-09_staging
Netherlands,1973,Flow,6.8,7.2,5.6,7.0,11.9,0.343825,not_computed,0.365712,2.688757,not_computed,not_computed,not_computed,not_computed,12.525,10.7,not_computed,separate_run_2026-09_staging
Netherlands,1974,Helm,6.2,6.4,5.4,6.8,10.6,0.327759,not_computed,0.345937,2.453694,not_computed,not_computed,not_computed,not_computed,11.7875,9.3,not_computed,separate_run_2026-09_staging
Netherlands,1974,Shield,7.0,6.4,2.6,5.6,13.6,0.386645,not_computed,0.345937,2.453694,not_computed,not_computed,not_computed,not_computed,11.7875,9.3,not_computed,separate_run_2026-09_staging
Netherlands,1974,Lore,6.8,7.0,3.8,7.2,13.6,0.372534,not_computed,0.345937,2.453694,not_computed,not_computed,not_computed,not_computed,11.7875,9.3,not_computed,separate_run_2026-09_staging
Netherlands,1974,Stewards,6.0,6.8,5.6,6.8,10.6,0.321198,not_computed,0.345937,2.453694,not_computed,not_computed,not_computed,not_computed,11.7875,9.3,not_computed,separate_run_2026-09_staging
Netherlands,1974,Craft,5.8,6.2,5.8,6.2,9.3,0.309304,not_computed,0.345937,2.453694,not_computed,not_computed,not_computed,not_computed,11.7875,9.3,not_computed,separate_run_2026-09_staging
Netherlands,1974,Hands,6.6,6.2,5.4,5.2,10.0,0.318746,not_computed,0.345937,2.453694,not_computed,not_computed,not_computed,not_computed,11.7875,9.3,not_computed,separate_run_2026-09_staging
Netherlands,1974,Archive,7.4,7.0,3.2,6.6,14.5,0.388513,not_computed,0.345937,2.453694,not_computed,not_computed,not_computed,not_computed,11.7875,9.3,not_computed,separate_run_2026-09_staging
Netherlands,1974,Flow,6.6,7.0,5.0,7.0,12.1,0.342798,not_computed,0.345937,2.453694,not_computed,not_computed,not_computed,not_computed,11.7875,9.3,not_computed,separate_run_2026-09_staging
Netherlands,1975,Helm,5.8,6.2,5.6,6.6,9.7,0.300932,not_computed,0.316026,2.234981,not_computed,not_computed,not_computed,not_computed,10.925,8.4,not_computed,separate_run_2026-09_staging
Netherlands,1975,Shield,6.6,6.2,5.0,5.4,10.5,0.311931,not_computed,0.316026,2.234981,not_computed,not_computed,not_computed,not_computed,10.925,8.4,not_computed,separate_run_2026-09_staging
Netherlands,1975,Lore,6.8,7.0,3.8,7.2,13.6,0.353451,not_computed,0.316026,2.234981,not_computed,not_computed,not_computed,not_computed,10.925,8.4,not_computed,separate_run_2026-09_staging
Netherlands,1975,Stewards,5.8,6.6,5.4,6.8,10.4,0.306277,not_computed,0.316026,2.234981,not_computed,not_computed,not_computed,not_computed,10.925,8.4,not_computed,separate_run_2026-09_staging
Netherlands,1975,Craft,5.6,6.0,6.2,6.0,8.4,0.282651,not_computed,0.316026,2.234981,not_computed,not_computed,not_computed,not_computed,10.925,8.4,not_computed,separate_run_2026-09_staging
Netherlands,1975,Hands,6.4,5.8,6.2,5.2,8.6,0.286063,not_computed,0.316026,2.234981,not_computed,not_computed,not_computed,not_computed,10.925,8.4,not_computed,separate_run_2026-09_staging
Netherlands,1975,Archive,7.2,7.0,3.6,6.6,13.9,0.357554,not_computed,0.316026,2.234981,not_computed,not_computed,not_computed,not_computed,10.925,8.4,not_computed,separate_run_2026-09_staging
Netherlands,1975,Flow,6.6,7.0,4.8,7.0,12.3,0.329353,not_computed,0.316026,2.234981,not_computed,not_computed,not_computed,not_computed,10.925,8.4,not_computed,separate_run_2026-09_staging
Netherlands,1976,Helm,5.4,6.2,6.0,6.4,8.8,0.29351,not_computed,0.328881,2.264605,not_computed,not_computed,not_computed,not_computed,11.3,8.2,not_computed,separate_run_2026-09_staging
Netherlands,1976,Shield,7.0,6.2,3.4,5.6,12.6,0.358441,not_computed,0.328881,2.264605,not_computed,not_computed,not_computed,not_computed,11.3,8.2,not_computed,separate_run_2026-09_staging
Netherlands,1976,Lore,6.8,7.0,3.8,7.2,13.6,0.361794,not_computed,0.328881,2.264605,not_computed,not_computed,not_computed,not_computed,11.3,8.2,not_computed,separate_run_2026-09_staging
Netherlands,1976,Stewards,5.8,6.8,5.0,6.8,11.0,0.320922,not_computed,0.328881,2.264605,not_computed,not_computed,not_computed,not_computed,11.3,8.2,not_computed,separate_run_2026-09_staging
Netherlands,1976,Craft,5.4,6.0,6.0,5.6,8.2,0.286279,not_computed,0.328881,2.264605,not_computed,not_computed,not_computed,not_computed,11.3,8.2,not_computed,separate_run_2026-09_staging
Netherlands,1976,Hands,6.6,6.2,6.0,5.6,9.6,0.302198,not_computed,0.328881,2.264605,not_computed,not_computed,not_computed,not_computed,11.3,8.2,not_computed,separate_run_2026-09_staging
Netherlands,1976,Archive,7.2,7.0,3.8,6.6,13.7,0.361794,not_computed,0.328881,2.264605,not_computed,not_computed,not_computed,not_computed,11.3,8.2,not_computed,separate_run_2026-09_staging
Netherlands,1976,Flow,7.0,7.0,4.6,7.0,12.9,0.346114,not_computed,0.328881,2.264605,not_computed,not_computed,not_computed,not_computed,11.3,8.2,not_computed,separate_run_2026-09_staging
Netherlands,1977,Helm,4.4,5.2,7.0,6.0,5.6,0.253499,not_computed,0.315218,2.014311,not_computed,not_computed,not_computed,not_computed,10.8,5.6,not_computed,separate_run_2026-09_staging
Netherlands,1977,Shield,6.6,6.6,5.6,5.8,10.5,0.304088,not_computed,0.315218,2.014311,not_computed,not_computed,not_computed,not_computed,10.8,5.6,not_computed,separate_run_2026-09_staging
Netherlands,1977,Lore,6.8,7.0,3.6,7.2,13.8,0.357284,not_computed,0.315218,2.014311,not_computed,not_computed,not_computed,not_computed,10.8,5.6,not_computed,separate_run_2026-09_staging
Netherlands,1977,Stewards,6.2,6.8,4.6,6.8,11.8,0.326216,not_computed,0.315218,2.014311,not_computed,not_computed,not_computed,not_computed,10.8,5.6,not_computed,separate_run_2026-09_staging
Netherlands,1977,Craft,5.4,5.8,6.0,5.6,8.0,0.27972,not_computed,0.315218,2.014311,not_computed,not_computed,not_computed,not_computed,10.8,5.6,not_computed,separate_run_2026-09_staging
Netherlands,1977,Hands,6.4,6.0,6.0,5.4,9.1,0.291037,not_computed,0.315218,2.014311,not_computed,not_computed,not_computed,not_computed,10.8,5.6,not_computed,separate_run_2026-09_staging
Netherlands,1977,Archive,7.4,7.0,3.4,6.6,14.3,0.363982,not_computed,0.315218,2.014311,not_computed,not_computed,not_computed,not_computed,10.8,5.6,not_computed,separate_run_2026-09_staging
Netherlands,1977,Flow,7.0,7.0,4.2,7.0,13.3,0.345919,not_computed,0.315218,2.014311,not_computed,not_computed,not_computed,not_computed,10.8,5.6,not_computed,separate_run_2026-09_staging
Netherlands,1978,Helm,6.0,6.2,5.0,6.4,10.4,0.336755,not_computed,0.359647,2.376431,not_computed,not_computed,not_computed,not_computed,12.0375,8.0,not_computed,separate_run_2026-09_staging
Netherlands,1978,Shield,7.0,6.6,2.6,5.8,13.9,0.397667,not_computed,0.359647,2.376431,not_computed,not_computed,not_computed,not_computed,12.0375,8.0,not_computed,separate_run_2026-09_staging
Netherlands,1978,Lore,7.0,7.2,3.6,7.2,14.2,0.388393,not_computed,0.359647,2.376431,not_computed,not_computed,not_computed,not_computed,12.0375,8.0,not_computed,separate_run_2026-09_staging
Netherlands,1978,Stewards,6.6,7.0,4.4,6.8,12.6,0.361485,not_computed,0.359647,2.376431,not_computed,not_computed,not_computed,not_computed,12.0375,8.0,not_computed,separate_run_2026-09_staging
Netherlands,1978,Craft,5.2,5.8,5.8,5.6,8.0,0.301746,not_computed,0.359647,2.376431,not_computed,not_computed,not_computed,not_computed,12.0375,8.0,not_computed,separate_run_2026-09_staging
Netherlands,1978,Hands,6.2,5.8,6.0,5.2,8.6,0.308654,not_computed,0.359647,2.376431,not_computed,not_computed,not_computed,not_computed,12.0375,8.0,not_computed,separate_run_2026-09_staging
Netherlands,1978,Archive,7.4,7.0,3.0,6.6,14.7,0.402168,not_computed,0.359647,2.376431,not_computed,not_computed,not_computed,not_computed,12.0375,8.0,not_computed,separate_run_2026-09_staging
Netherlands,1978,Flow,7.2,7.2,4.0,7.0,13.9,0.380311,not_computed,0.359647,2.376431,not_computed,not_computed,not_computed,not_computed,12.0375,8.0,not_computed,separate_run_2026-09_staging
Netherlands,1979,Helm,5.8,6.0,5.8,6.4,9.2,0.294738,not_computed,0.314045,2.129124,not_computed,not_computed,not_computed,not_computed,10.75,7.2,not_computed,separate_run_2026-09_staging
Netherlands,1979,Shield,7.0,6.6,3.2,5.8,13.3,0.354969,not_computed,0.314045,2.129124,not_computed,not_computed,not_computed,not_computed,10.75,7.2,not_computed,separate_run_2026-09_staging
Netherlands,1979,Lore,7.0,6.8,4.2,7.2,13.2,0.346739,not_computed,0.314045,2.129124,not_computed,not_computed,not_computed,not_computed,10.75,7.2,not_computed,separate_run_2026-09_staging
Netherlands,1979,Stewards,6.0,6.6,5.6,6.8,10.4,0.304211,not_computed,0.314045,2.129124,not_computed,not_computed,not_computed,not_computed,10.75,7.2,not_computed,separate_run_2026-09_staging
Netherlands,1979,Craft,5.2,5.6,6.4,5.6,7.2,0.269703,not_computed,0.314045,2.129124,not_computed,not_computed,not_computed,not_computed,10.75,7.2,not_computed,separate_run_2026-09_staging
Netherlands,1979,Hands,6.2,5.6,6.6,5.2,7.8,0.275854,not_computed,0.314045,2.129124,not_computed,not_computed,not_computed,not_computed,10.75,7.2,not_computed,separate_run_2026-09_staging
Netherlands,1979,Archive,7.4,7.0,3.4,6.6,14.3,0.363104,not_computed,0.314045,2.129124,not_computed,not_computed,not_computed,not_computed,10.75,7.2,not_computed,separate_run_2026-09_staging
Netherlands,1979,Flow,6.2,6.8,5.8,6.8,10.6,0.303042,not_computed,0.314045,2.129124,not_computed,not_computed,not_computed,not_computed,10.75,7.2,not_computed,separate_run_2026-09_staging
Netherlands,1980,Helm,5.4,5.8,6.2,6.2,8.1,0.260985,not_computed,0.275573,1.81483,not_computed,not_computed,not_computed,not_computed,9.4375,5.3,not_computed,separate_run_2026-09_staging
Netherlands,1980,Shield,6.6,6.6,4.8,5.8,11.3,0.295155,not_computed,0.275573,1.81483,not_computed,not_computed,not_computed,not_computed,9.4375,5.3,not_computed,separate_run_2026-09_staging
Netherlands,1980,Lore,6.8,6.6,4.6,7.2,12.4,0.311742,not_computed,0.275573,1.81483,not_computed,not_computed,not_computed,not_computed,9.4375,5.3,not_computed,separate_run_2026-09_staging
Netherlands,1980,Stewards,5.6,6.4,6.0,6.8,9.4,0.271188,not_computed,0.275573,1.81483,not_computed,not_computed,not_computed,not_computed,9.4375,5.3,not_computed,separate_run_2026-09_staging
Netherlands,1980,Craft,4.8,5.0,7.2,5.4,5.3,0.232339,not_computed,0.275573,1.81483,not_computed,not_computed,not_computed,not_computed,9.4375,5.3,not_computed,separate_run_2026-09_staging
Netherlands,1980,Hands,5.6,4.8,7.6,5.0,5.3,0.232968,not_computed,0.275573,1.81483,not_computed,not_computed,not_computed,not_computed,9.4375,5.3,not_computed,separate_run_2026-09_staging
Netherlands,1980,Archive,7.0,7.0,4.2,6.6,13.1,0.316702,not_computed,0.275573,1.81483,not_computed,not_computed,not_computed,not_computed,9.4375,5.3,not_computed,separate_run_2026-09_staging
Netherlands,1980,Flow,6.4,6.6,5.8,6.8,10.6,0.283502,not_computed,0.275573,1.81483,not_computed,not_computed,not_computed,not_computed,9.4375,5.3,not_computed,separate_run_2026-09_staging
Netherlands,1981,Helm,4.4,5.2,7.2,6.0,5.4,0.221682,not_computed,0.252945,1.659519,not_computed,not_computed,not_computed,not_computed,8.4125,4.4,not_computed,separate_run_2026-09_staging
Netherlands,1981,Shield,6.8,6.6,3.4,5.8,12.9,0.306932,not_computed,0.252945,1.659519,not_computed,not_computed,not_computed,not_computed,8.4125,4.4,not_computed,separate_run_2026-09_staging
Netherlands,1981,Lore,6.6,6.4,5.2,7.0,11.3,0.283251,not_computed,0.252945,1.659519,not_computed,not_computed,not_computed,not_computed,8.4125,4.4,not_computed,separate_run_2026-09_staging
Netherlands,1981,Stewards,5.2,6.0,6.8,6.6,7.7,0.24076,not_computed,0.252945,1.659519,not_computed,not_computed,not_computed,not_computed,8.4125,4.4,not_computed,separate_run_2026-09_staging
Netherlands,1981,Craft,4.6,4.8,7.6,5.2,4.4,0.212483,not_computed,0.252945,1.659519,not_computed,not_computed,not_computed,not_computed,8.4125,4.4,not_computed,separate_run_2026-09_staging
Netherlands,1981,Hands,5.4,4.6,8.0,4.8,4.4,0.213291,not_computed,0.252945,1.659519,not_computed,not_computed,not_computed,not_computed,8.4125,4.4,not_computed,separate_run_2026-09_staging
Netherlands,1981,Archive,7.0,6.6,4.4,6.6,12.5,0.298009,not_computed,0.252945,1.659519,not_computed,not_computed,not_computed,not_computed,8.4125,4.4,not_computed,separate_run_2026-09_staging
Netherlands,1981,Flow,5.8,6.4,6.8,6.6,8.7,0.247152,not_computed,0.252945,1.659519,not_computed,not_computed,not_computed,not_computed,8.4125,4.4,not_computed,separate_run_2026-09_staging
Netherlands,1982,Helm,6.8,6.8,5.4,7.4,11.9,0.30724,not_computed,0.288578,1.809307,not_computed,not_computed,not_computed,not_computed,9.95,4.6,not_computed,separate_run_2026-09_staging
Netherlands,1982,Shield,7.0,6.4,3.2,5.8,13.1,0.337936,not_computed,0.288578,1.809307,not_computed,not_computed,not_computed,not_computed,9.95,4.6,not_computed,separate_run_2026-09_staging
Netherlands,1982,Lore,6.6,6.4,5.4,7.0,11.1,0.302004,not_computed,0.288578,1.809307,not_computed,not_computed,not_computed,not_computed,9.95,4.6,not_computed,separate_run_2026-09_staging
Netherlands,1982,Stewards,6.6,7.0,5.6,7.0,11.5,0.298467,not_computed,0.288578,1.809307,not_computed,not_computed,not_computed,not_computed,9.95,4.6,not_computed,separate_run_2026-09_staging
Netherlands,1982,Craft,4.6,4.8,7.4,5.2,4.6,0.231325,not_computed,0.288578,1.809307,not_computed,not_computed,not_computed,not_computed,9.95,4.6,not_computed,separate_run_2026-09_staging
Netherlands,1982,Hands,5.8,5.2,8.2,5.4,5.5,0.235704,not_computed,0.288578,1.809307,not_computed,not_computed,not_computed,not_computed,9.95,4.6,not_computed,separate_run_2026-09_staging
Netherlands,1982,Archive,7.0,6.6,4.4,6.6,12.5,0.321744,not_computed,0.288578,1.809307,not_computed,not_computed,not_computed,not_computed,9.95,4.6,not_computed,separate_run_2026-09_staging
Netherlands,1982,Flow,5.8,6.6,6.4,6.8,9.4,0.274201,not_computed,0.288578,1.809307,not_computed,not_computed,not_computed,not_computed,9.95,4.6,not_computed,separate_run_2026-09_staging
Netherlands,1983,Helm,6.6,6.8,5.2,7.2,11.8,0.303211,not_computed,0.282278,1.707094,not_computed,not_computed,not_computed,not_computed,9.65,3.6,not_computed,separate_run_2026-09_staging
Netherlands,1983,Shield,6.8,6.4,4.0,5.8,12.1,0.316178,not_computed,0.282278,1.707094,not_computed,not_computed,not_computed,not_computed,9.65,3.6,not_computed,separate_run_2026-09_staging
Netherlands,1983,Lore,6.4,6.2,5.4,7.0,10.7,0.295939,not_computed,0.282278,1.707094,not_computed,not_computed,not_computed,not_computed,9.65,3.6,not_computed,separate_run_2026-09_staging
Netherlands,1983,Stewards,6.6,7.0,5.0,7.0,12.1,0.305257,not_computed,0.282278,1.707094,not_computed,not_computed,not_computed,not_computed,9.65,3.6,not_computed,separate_run_2026-09_staging
Netherlands,1983,Craft,4.6,4.8,7.4,5.2,4.6,0.228518,not_computed,0.282278,1.707094,not_computed,not_computed,not_computed,not_computed,9.65,3.6,not_computed,separate_run_2026-09_staging
Netherlands,1983,Hands,5.0,4.6,8.6,5.2,3.6,0.216768,not_computed,0.282278,1.707094,not_computed,not_computed,not_computed,not_computed,9.65,3.6,not_computed,separate_run_2026-09_staging
Netherlands,1983,Archive,6.8,6.6,4.6,6.6,12.1,0.311668,not_computed,0.282278,1.707094,not_computed,not_computed,not_computed,not_computed,9.65,3.6,not_computed,separate_run_2026-09_staging
Netherlands,1983,Flow,5.8,6.8,5.8,6.8,10.2,0.280682,not_computed,0.282278,1.707094,not_computed,not_computed,not_computed,not_computed,9.65,3.6,not_computed,separate_run_2026-09_staging
Netherlands,1984,Helm,6.8,6.8,4.8,7.2,12.4,0.330303,not_computed,0.310485,1.86942,not_computed,not_computed,not_computed,not_computed,10.5375,4.3,not_computed,separate_run_2026-09_staging
Netherlands,1984,Shield,6.8,6.4,3.6,5.8,12.5,0.341966,not_computed,0.310485,1.86942,not_computed,not_computed,not_computed,not_computed,10.5375,4.3,not_computed,separate_run_2026-09_staging
Netherlands,1984,Lore,6.4,6.4,5.2,7.0,11.1,0.316225,not_computed,0.310485,1.86942,not_computed,not_computed,not_computed,not_computed,10.5375,4.3,not_computed,separate_run_2026-09_staging
Netherlands,1984,Stewards,6.8,7.0,4.4,7.2,13.0,0.338112,not_computed,0.310485,1.86942,not_computed,not_computed,not_computed,not_computed,10.5375,4.3,not_computed,separate_run_2026-09_staging
Netherlands,1984,Craft,5.2,5.2,6.8,5.6,6.4,0.261556,not_computed,0.310485,1.86942,not_computed,not_computed,not_computed,not_computed,10.5375,4.3,not_computed,separate_run_2026-09_staging
Netherlands,1984,Hands,5.0,4.8,8.0,5.0,4.3,0.235407,not_computed,0.310485,1.86942,not_computed,not_computed,not_computed,not_computed,10.5375,4.3,not_computed,separate_run_2026-09_staging
Netherlands,1984,Archive,6.8,6.6,4.2,6.6,12.5,0.337067,not_computed,0.310485,1.86942,not_computed,not_computed,not_computed,not_computed,10.5375,4.3,not_computed,separate_run_2026-09_staging
Netherlands,1984,Flow,6.4,7.0,5.0,7.4,12.1,0.323243,not_computed,0.310485,1.86942,not_computed,not_computed,not_computed,not_computed,10.5375,4.3,not_computed,separate_run_2026-09_staging
Netherlands,1985,Helm,6.8,6.8,4.2,7.2,13.0,0.364758,not_computed,0.347245,2.213163,not_computed,not_computed,not_computed,not_computed,11.8125,6.5,not_computed,separate_run_2026-09_staging
Netherlands,1985,Shield,6.8,6.4,3.6,5.8,12.5,0.364649,not_computed,0.347245,2.213163,not_computed,not_computed,not_computed,not_computed,11.8125,6.5,not_computed,separate_run_2026-09_staging
Netherlands,1985,Lore,6.8,7.0,4.6,7.0,12.7,0.354509,not_computed,0.347245,2.213163,not_computed,not_computed,not_computed,not_computed,11.8125,6.5,not_computed,separate_run_2026-09_staging
Netherlands,1985,Stewards,6.8,7.4,4.0,7.2,13.8,0.369064,not_computed,0.347245,2.213163,not_computed,not_computed,not_computed,not_computed,11.8125,6.5,not_computed,separate_run_2026-09_staging
Netherlands,1985,Craft,5.4,5.8,5.8,6.0,8.4,0.302579,not_computed,0.347245,2.213163,not_computed,not_computed,not_computed,not_computed,11.8125,6.5,not_computed,separate_run_2026-09_staging
Netherlands,1985,Hands,5.6,5.2,7.0,5.4,6.5,0.278394,not_computed,0.347245,2.213163,not_computed,not_computed,not_computed,not_computed,11.8125,6.5,not_computed,separate_run_2026-09_staging
Netherlands,1985,Archive,6.8,6.8,3.6,6.6,13.3,0.37225,not_computed,0.347245,2.213163,not_computed,not_computed,not_computed,not_computed,11.8125,6.5,not_computed,separate_run_2026-09_staging
Netherlands,1985,Flow,7.2,7.6,4.2,7.4,14.3,0.371758,not_computed,0.347245,2.213163,not_computed,not_computed,not_computed,not_computed,11.8125,6.5,not_computed,separate_run_2026-09_staging
Netherlands,1986,Helm,7.2,7.4,3.8,7.4,14.5,0.404182,not_computed,0.385497,2.496681,not_computed,not_computed,not_computed,not_computed,12.85,7.9,not_computed,separate_run_2026-09_staging
Netherlands,1986,Shield,7.0,6.4,2.8,6.0,13.6,0.41118,not_computed,0.385497,2.496681,not_computed,not_computed,not_computed,not_computed,12.85,7.9,not_computed,separate_run_2026-09_staging
Netherlands,1986,Lore,7.0,7.2,4.2,7.2,13.6,0.390095,not_computed,0.385497,2.496681,not_computed,not_computed,not_computed,not_computed,12.85,7.9,not_computed,separate_run_2026-09_staging
Netherlands,1986,Stewards,6.8,7.6,3.6,7.6,14.6,0.405126,not_computed,0.385497,2.496681,not_computed,not_computed,not_computed,not_computed,12.85,7.9,not_computed,separate_run_2026-09_staging
Netherlands,1986,Craft,5.8,6.0,5.2,6.2,9.7,0.340906,not_computed,0.385497,2.496681,not_computed,not_computed,not_computed,not_computed,12.85,7.9,not_computed,separate_run_2026-09_staging
Netherlands,1986,Hands,5.6,5.6,6.0,5.4,7.9,0.313759,not_computed,0.385497,2.496681,not_computed,not_computed,not_computed,not_computed,12.85,7.9,not_computed,separate_run_2026-09_staging
Netherlands,1986,Archive,7.0,7.0,3.2,6.8,14.2,0.409774,not_computed,0.385497,2.496681,not_computed,not_computed,not_computed,not_computed,12.85,7.9,not_computed,separate_run_2026-09_staging
Netherlands,1986,Flow,7.2,7.4,3.6,7.4,14.7,0.408955,not_computed,0.385497,2.496681,not_computed,not_computed,not_computed,not_computed,12.85,7.9,not_computed,separate_run_2026-09_staging
Netherlands,1987,Helm,7.0,7.2,3.8,7.4,14.1,0.403876,not_computed,0.389843,2.595805,not_computed,not_computed,not_computed,not_computed,13.0125,8.9,not_computed,separate_run_2026-09_staging
Netherlands,1987,Shield,7.0,6.6,2.6,6.0,14.0,0.418659,not_computed,0.389843,2.595805,not_computed,not_computed,not_computed,not_computed,13.0125,8.9,not_computed,separate_run_2026-09_staging
Netherlands,1987,Lore,7.0,7.2,3.6,7.4,14.3,0.408659,not_computed,0.389843,2.595805,not_computed,not_computed,not_computed,not_computed,13.0125,8.9,not_computed,separate_run_2026-09_staging
Netherlands,1987,Stewards,6.6,7.4,4.4,7.4,13.3,0.384119,not_computed,0.389843,2.595805,not_computed,not_computed,not_computed,not_computed,13.0125,8.9,not_computed,separate_run_2026-09_staging
Netherlands,1987,Craft,6.2,6.2,5.0,6.4,10.6,0.355249,not_computed,0.389843,2.595805,not_computed,not_computed,not_computed,not_computed,13.0125,8.9,not_computed,separate_run_2026-09_staging
Netherlands,1987,Hands,6.0,6.0,5.8,5.4,8.9,0.325689,not_computed,0.389843,2.595805,not_computed,not_computed,not_computed,not_computed,13.0125,8.9,not_computed,separate_run_2026-09_staging
Netherlands,1987,Archive,7.6,7.0,3.0,6.8,15.0,0.426228,not_computed,0.389843,2.595805,not_computed,not_computed,not_computed,not_computed,13.0125,8.9,not_computed,separate_run_2026-09_staging
Netherlands,1987,Flow,6.8,7.4,4.0,7.4,13.9,0.396267,not_computed,0.389843,2.595805,not_computed,not_computed,not_computed,not_computed,13.0125,8.9,not_computed,separate_run_2026-09_staging
Netherlands,1988,Helm,7.2,7.6,3.4,7.4,15.1,0.436402,not_computed,0.423028,2.845696,not_computed,not_computed,not_computed,not_computed,13.9625,9.9,not_computed,separate_run_2026-09_staging
Netherlands,1988,Shield,7.0,6.6,2.4,6.0,14.2,0.443987,not_computed,0.423028,2.845696,not_computed,not_computed,not_computed,not_computed,13.9625,9.9,not_computed,separate_run_2026-09_staging
Netherlands,1988,Lore,7.0,7.4,3.6,7.4,14.5,0.428224,not_computed,0.423028,2.845696,not_computed,not_computed,not_computed,not_computed,13.9625,9.9,not_computed,separate_run_2026-09_staging
Netherlands,1988,Stewards,7.0,7.8,3.4,7.6,15.2,0.435379,not_computed,0.423028,2.845696,not_computed,not_computed,not_computed,not_computed,13.9625,9.9,not_computed,separate_run_2026-09_staging
Netherlands,1988,Craft,6.2,6.8,4.4,6.6,11.9,0.387822,not_computed,0.423028,2.845696,not_computed,not_computed,not_computed,not_computed,13.9625,9.9,not_computed,separate_run_2026-09_staging
Netherlands,1988,Hands,6.2,6.2,5.2,5.4,9.9,0.356842,not_computed,0.423028,2.845696,not_computed,not_computed,not_computed,not_computed,13.9625,9.9,not_computed,separate_run_2026-09_staging
Netherlands,1988,Archive,7.6,7.0,3.2,7.0,14.9,0.443627,not_computed,0.423028,2.845696,not_computed,not_computed,not_computed,not_computed,13.9625,9.9,not_computed,separate_run_2026-09_staging
Netherlands,1988,Flow,7.4,7.8,3.0,7.6,16.0,0.451941,not_computed,0.423028,2.845696,not_computed,not_computed,not_computed,not_computed,13.9625,9.9,not_computed,separate_run_2026-09_staging
Netherlands,1989,Helm,7.2,7.4,3.4,7.4,14.9,0.444467,not_computed,0.436935,3.047724,not_computed,not_computed,not_computed,not_computed,14.325,11.1,not_computed,separate_run_2026-09_staging
Netherlands,1989,Shield,7.0,6.6,2.8,6.0,13.8,0.441649,not_computed,0.436935,3.047724,not_computed,not_computed,not_computed,not_computed,14.325,11.1,not_computed,separate_run_2026-09_staging
Netherlands,1989,Lore,7.0,7.4,3.6,7.4,14.5,0.436112,not_computed,0.436935,3.047724,not_computed,not_computed,not_computed,not_computed,14.325,11.1,not_computed,separate_run_2026-09_staging
Netherlands,1989,Stewards,7.0,7.8,3.2,7.6,15.4,0.448698,not_computed,0.436935,3.047724,not_computed,not_computed,not_computed,not_computed,14.325,11.1,not_computed,separate_run_2026-09_staging
Netherlands,1989,Craft,6.8,7.0,3.8,6.8,13.4,0.421477,not_computed,0.436935,3.047724,not_computed,not_computed,not_computed,not_computed,14.325,11.1,not_computed,separate_run_2026-09_staging
Netherlands,1989,Hands,6.2,6.6,4.6,5.8,11.1,0.381341,not_computed,0.436935,3.047724,not_computed,not_computed,not_computed,not_computed,14.325,11.1,not_computed,separate_run_2026-09_staging
Netherlands,1989,Archive,7.6,7.2,3.0,7.4,15.5,0.461387,not_computed,0.436935,3.047724,not_computed,not_computed,not_computed,not_computed,14.325,11.1,not_computed,separate_run_2026-09_staging
Netherlands,1989,Flow,7.4,7.8,3.0,7.6,16.0,0.460346,not_computed,0.436935,3.047724,not_computed,not_computed,not_computed,not_computed,14.325,11.1,not_computed,separate_run_2026-09_staging
Netherlands,1990,Helm,7.0,7.2,3.8,7.4,14.1,0.415238,not_computed,0.409455,2.885321,not_computed,not_computed,not_computed,not_computed,13.725,10.6,not_computed,separate_run_2026-09_staging
Netherlands,1990,Shield,7.0,6.6,4.2,6.2,12.5,0.393544,not_computed,0.409455,2.885321,not_computed,not_computed,not_computed,not_computed,13.725,10.6,not_computed,separate_run_2026-09_staging
Netherlands,1990,Lore,7.0,7.4,3.6,7.4,14.5,0.42018,not_computed,0.409455,2.885321,not_computed,not_computed,not_computed,not_computed,13.725,10.6,not_computed,separate_run_2026-09_staging
Netherlands,1990,Stewards,7.0,7.6,3.4,7.6,15.0,0.427177,not_computed,0.409455,2.885321,not_computed,not_computed,not_computed,not_computed,13.725,10.6,not_computed,separate_run_2026-09_staging
Netherlands,1990,Craft,6.6,7.0,3.8,6.8,13.2,0.403067,not_computed,0.409455,2.885321,not_computed,not_computed,not_computed,not_computed,13.725,10.6,not_computed,separate_run_2026-09_staging
Netherlands,1990,Hands,6.2,6.4,4.8,5.6,10.6,0.361124,not_computed,0.409455,2.885321,not_computed,not_computed,not_computed,not_computed,13.725,10.6,not_computed,separate_run_2026-09_staging
Netherlands,1990,Archive,7.4,7.2,3.6,7.2,14.6,0.424151,not_computed,0.409455,2.885321,not_computed,not_computed,not_computed,not_computed,13.725,10.6,not_computed,separate_run_2026-09_staging
Netherlands,1990,Flow,7.4,7.6,3.4,7.4,15.3,0.431154,not_computed,0.409455,2.885321,not_computed,not_computed,not_computed,not_computed,13.725,10.6,not_computed,separate_run_2026-09_staging
Netherlands,1991,Helm,7.0,7.0,4.6,7.4,13.1,0.374786,not_computed,0.371779,2.525239,not_computed,not_computed,not_computed,not_computed,12.775,8.8,not_computed,separate_run_2026-09_staging
Netherlands,1991,Shield,7.0,6.8,4.2,6.2,12.7,0.372556,not_computed,0.371779,2.525239,not_computed,not_computed,not_computed,not_computed,12.775,8.8,not_computed,separate_run_2026-09_staging
Netherlands,1991,Lore,7.0,7.4,3.6,7.4,14.5,0.397527,not_computed,0.371779,2.525239,not_computed,not_computed,not_computed,not_computed,12.775,8.8,not_computed,separate_run_2026-09_staging
Netherlands,1991,Stewards,6.8,7.2,4.2,7.4,13.5,0.381008,not_computed,0.371779,2.525239,not_computed,not_computed,not_computed,not_computed,12.775,8.8,not_computed,separate_run_2026-09_staging
Netherlands,1991,Craft,6.2,6.6,4.8,6.6,11.3,0.351908,not_computed,0.371779,2.525239,not_computed,not_computed,not_computed,not_computed,12.775,8.8,not_computed,separate_run_2026-09_staging
Netherlands,1991,Hands,5.8,6.0,5.8,5.6,8.8,0.316142,not_computed,0.371779,2.525239,not_computed,not_computed,not_computed,not_computed,12.775,8.8,not_computed,separate_run_2026-09_staging
Netherlands,1991,Archive,7.2,7.2,3.8,7.2,14.2,0.393825,not_computed,0.371779,2.525239,not_computed,not_computed,not_computed,not_computed,12.775,8.8,not_computed,separate_run_2026-09_staging
Netherlands,1991,Flow,7.2,7.4,4.2,7.4,14.1,0.386482,not_computed,0.371779,2.525239,not_computed,not_computed,not_computed,not_computed,12.775,8.8,not_computed,separate_run_2026-09_staging
Netherlands,1992,Helm,7.2,7.2,4.2,7.6,14.0,0.393592,not_computed,0.380489,2.494308,not_computed,not_computed,not_computed,not_computed,12.9625,8.2,not_computed,separate_run_2026-09_staging
Netherlands,1992,Shield,7.0,6.6,3.0,6.2,13.7,0.405344,not_computed,0.380489,2.494308,not_computed,not_computed,not_computed,not_computed,12.9625,8.2,not_computed,separate_run_2026-09_staging
Netherlands,1992,Lore,7.2,7.4,3.4,7.4,14.9,0.410601,not_computed,0.380489,2.494308,not_computed,not_computed,not_computed,not_computed,12.9625,8.2,not_computed,separate_run_2026-09_staging
Netherlands,1992,Stewards,6.6,7.4,4.6,7.6,13.2,0.376215,not_computed,0.380489,2.494308,not_computed,not_computed,not_computed,not_computed,12.9625,8.2,not_computed,separate_run_2026-09_staging
Netherlands,1992,Craft,6.2,6.6,5.0,6.6,11.1,0.352369,not_computed,0.380489,2.494308,not_computed,not_computed,not_computed,not_computed,12.9625,8.2,not_computed,separate_run_2026-09_staging
Netherlands,1992,Hands,5.8,5.8,6.2,5.6,8.2,0.312547,not_computed,0.380489,2.494308,not_computed,not_computed,not_computed,not_computed,12.9625,8.2,not_computed,separate_run_2026-09_staging
Netherlands,1992,Archive,7.4,7.4,3.4,7.2,15.0,0.411549,not_computed,0.380489,2.494308,not_computed,not_computed,not_computed,not_computed,12.9625,8.2,not_computed,separate_run_2026-09_staging
Netherlands,1992,Flow,7.0,7.4,4.6,7.6,13.6,0.381696,not_computed,0.380489,2.494308,not_computed,not_computed,not_computed,not_computed,12.9625,8.2,not_computed,separate_run_2026-09_staging
Netherlands,1993,Helm,6.6,7.0,4.8,7.4,12.5,0.357415,not_computed,0.358151,2.329697,not_computed,not_computed,not_computed,not_computed,12.3125,7.4,not_computed,separate_run_2026-09_staging
Netherlands,1993,Shield,7.0,6.6,4.4,6.2,12.3,0.360515,not_computed,0.358151,2.329697,not_computed,not_computed,not_computed,not_computed,12.3125,7.4,not_computed,separate_run_2026-09_staging
Netherlands,1993,Lore,7.2,7.4,3.6,7.6,14.8,0.393696,not_computed,0.358151,2.329697,not_computed,not_computed,not_computed,not_computed,12.3125,7.4,not_computed,separate_run_2026-09_staging
Netherlands,1993,Stewards,6.8,7.2,4.2,7.4,13.5,0.37306,not_computed,0.358151,2.329697,not_computed,not_computed,not_computed,not_computed,12.3125,7.4,not_computed,separate_run_2026-09_staging
Netherlands,1993,Craft,5.8,6.2,5.4,6.6,9.9,0.326916,not_computed,0.358151,2.329697,not_computed,not_computed,not_computed,not_computed,12.3125,7.4,not_computed,separate_run_2026-09_staging
Netherlands,1993,Hands,5.6,5.6,6.6,5.6,7.4,0.292121,not_computed,0.358151,2.329697,not_computed,not_computed,not_computed,not_computed,12.3125,7.4,not_computed,separate_run_2026-09_staging
Netherlands,1993,Archive,7.4,7.2,3.6,7.2,14.6,0.392798,not_computed,0.358151,2.329697,not_computed,not_computed,not_computed,not_computed,12.3125,7.4,not_computed,separate_run_2026-09_staging
Netherlands,1993,Flow,6.8,7.4,4.4,7.4,13.5,0.368687,not_computed,0.358151,2.329697,not_computed,not_computed,not_computed,not_computed,12.3125,7.4,not_computed,separate_run_2026-09_staging
Netherlands,1994,Helm,6.4,6.6,3.8,6.6,12.5,0.384755,not_computed,0.385992,2.671388,not_computed,not_computed,not_computed,not_computed,12.7,9.3,not_computed,separate_run_2026-09_staging
Netherlands,1994,Shield,6.6,6.4,4.0,6.0,12.0,0.377154,not_computed,0.385992,2.671388,not_computed,not_computed,not_computed,not_computed,12.7,9.3,not_computed,separate_run_2026-09_staging
Netherlands,1994,Lore,7.0,7.0,3.0,7.0,14.5,0.416774,not_computed,0.385992,2.671388,not_computed,not_computed,not_computed,not_computed,12.7,9.3,not_computed,separate_run_2026-09_staging
Netherlands,1994,Stewards,6.8,7.2,4.0,7.0,13.5,0.390094,not_computed,0.385992,2.671388,not_computed,not_computed,not_computed,not_computed,12.7,9.3,not_computed,separate_run_2026-09_staging
Netherlands,1994,Craft,6.0,6.4,4.4,6.2,11.1,0.361106,not_computed,0.385992,2.671388,not_computed,not_computed,not_computed,not_computed,12.7,9.3,not_computed,separate_run_2026-09_staging
Netherlands,1994,Hands,6.2,5.8,5.2,5.0,9.3,0.334926,not_computed,0.385992,2.671388,not_computed,not_computed,not_computed,not_computed,12.7,9.3,not_computed,separate_run_2026-09_staging
Netherlands,1994,Archive,7.4,7.0,3.0,6.8,14.8,0.420752,not_computed,0.385992,2.671388,not_computed,not_computed,not_computed,not_computed,12.7,9.3,not_computed,separate_run_2026-09_staging
Netherlands,1994,Flow,7.0,7.0,3.6,7.0,13.9,0.402375,not_computed,0.385992,2.671388,not_computed,not_computed,not_computed,not_computed,12.7,9.3,not_computed,separate_run_2026-09_staging
Netherlands,1995,Helm,6.8,6.8,3.4,6.6,13.5,0.401351,not_computed,0.387665,2.439275,not_computed,not_computed,not_computed,not_computed,12.6375,7.2,not_computed,separate_run_2026-09_staging
Netherlands,1995,Shield,5.4,5.4,6.2,5.2,7.2,0.305841,not_computed,0.387665,2.439275,not_computed,not_computed,not_computed,not_computed,12.6375,7.2,not_computed,separate_run_2026-09_staging
Netherlands,1995,Lore,7.0,7.0,3.0,7.0,14.5,0.418043,not_computed,0.387665,2.439275,not_computed,not_computed,not_computed,not_computed,12.6375,7.2,not_computed,separate_run_2026-09_staging
Netherlands,1995,Stewards,7.0,7.2,3.2,7.0,14.5,0.413183,not_computed,0.387665,2.439275,not_computed,not_computed,not_computed,not_computed,12.6375,7.2,not_computed,separate_run_2026-09_staging
Netherlands,1995,Craft,6.2,6.4,4.0,6.0,11.6,0.372051,not_computed,0.387665,2.439275,not_computed,not_computed,not_computed,not_computed,12.6375,7.2,not_computed,separate_run_2026-09_staging
Netherlands,1995,Hands,6.2,6.0,4.4,5.0,10.3,0.352669,not_computed,0.387665,2.439275,not_computed,not_computed,not_computed,not_computed,12.6375,7.2,not_computed,separate_run_2026-09_staging
Netherlands,1995,Archive,7.4,7.0,3.2,6.8,14.6,0.417141,not_computed,0.387665,2.439275,not_computed,not_computed,not_computed,not_computed,12.6375,7.2,not_computed,separate_run_2026-09_staging
Netherlands,1995,Flow,7.2,7.2,3.0,7.0,14.9,0.421043,not_computed,0.387665,2.439275,not_computed,not_computed,not_computed,not_computed,12.6375,7.2,not_computed,separate_run_2026-09_staging
Netherlands,1996,Helm,7.0,7.0,2.8,6.6,14.5,0.437129,not_computed,0.417793,2.860106,not_computed,not_computed,not_computed,not_computed,13.575,10.2,not_computed,separate_run_2026-09_staging
Netherlands,1996,Shield,5.8,6.4,4.8,5.6,10.2,0.358754,not_computed,0.417793,2.860106,not_computed,not_computed,not_computed,not_computed,13.575,10.2,not_computed,separate_run_2026-09_staging
Netherlands,1996,Lore,7.0,7.0,3.0,7.0,14.5,0.436276,not_computed,0.417793,2.860106,not_computed,not_computed,not_computed,not_computed,13.575,10.2,not_computed,separate_run_2026-09_staging
Netherlands,1996,Stewards,7.0,7.6,3.0,7.0,15.1,0.436276,not_computed,0.417793,2.860106,not_computed,not_computed,not_computed,not_computed,13.575,10.2,not_computed,separate_run_2026-09_staging
Netherlands,1996,Craft,6.4,6.6,3.6,6.0,12.4,0.400767,not_computed,0.417793,2.860106,not_computed,not_computed,not_computed,not_computed,13.575,10.2,not_computed,separate_run_2026-09_staging
Netherlands,1996,Hands,6.4,6.4,3.8,5.2,11.6,0.38703,not_computed,0.417793,2.860106,not_computed,not_computed,not_computed,not_computed,13.575,10.2,not_computed,separate_run_2026-09_staging
Netherlands,1996,Archive,7.4,7.0,3.0,6.8,14.8,0.440475,not_computed,0.417793,2.860106,not_computed,not_computed,not_computed,not_computed,13.575,10.2,not_computed,separate_run_2026-09_staging
Netherlands,1996,Flow,7.6,7.4,3.0,7.0,15.5,0.445636,not_computed,0.417793,2.860106,not_computed,not_computed,not_computed,not_computed,13.575,10.2,not_computed,separate_run_2026-09_staging
Netherlands,1997,Helm,7.2,7.2,2.8,7.0,15.1,0.461298,not_computed,0.445601,3.218487,not_computed,not_computed,not_computed,not_computed,14.3625,11.7,not_computed,separate_run_2026-09_staging
Netherlands,1997,Shield,6.4,6.4,4.0,5.8,11.7,0.403338,not_computed,0.445601,3.218487,not_computed,not_computed,not_computed,not_computed,14.3625,11.7,not_computed,separate_run_2026-09_staging
Netherlands,1997,Lore,7.0,7.0,3.0,7.0,14.5,0.452589,not_computed,0.445601,3.218487,not_computed,not_computed,not_computed,not_computed,14.3625,11.7,not_computed,separate_run_2026-09_staging
Netherlands,1997,Stewards,7.2,8.0,2.8,7.4,16.1,0.465673,not_computed,0.445601,3.218487,not_computed,not_computed,not_computed,not_computed,14.3625,11.7,not_computed,separate_run_2026-09_staging
Netherlands,1997,Craft,6.6,7.0,3.2,6.4,13.6,0.433809,not_computed,0.445601,3.218487,not_computed,not_computed,not_computed,not_computed,14.3625,11.7,not_computed,separate_run_2026-09_staging
Netherlands,1997,Hands,6.8,6.6,3.2,5.2,12.8,0.423289,not_computed,0.445601,3.218487,not_computed,not_computed,not_computed,not_computed,14.3625,11.7,not_computed,separate_run_2026-09_staging
Netherlands,1997,Archive,7.4,7.0,3.0,6.8,14.8,0.456974,not_computed,0.445601,3.218487,not_computed,not_computed,not_computed,not_computed,14.3625,11.7,not_computed,separate_run_2026-09_staging
Netherlands,1997,Flow,7.6,8.0,2.8,7.0,16.3,0.467836,not_computed,0.445601,3.218487,not_computed,not_computed,not_computed,not_computed,14.3625,11.7,not_computed,separate_run_2026-09_staging
Netherlands,1998,Helm,7.2,7.2,2.8,7.0,15.1,0.474793,not_computed,0.468542,3.354989,not_computed,not_computed,not_computed,not_computed,14.875,11.9,not_computed,separate_run_2026-09_staging
Netherlands,1998,Shield,6.4,6.4,3.8,5.8,11.9,0.419964,not_computed,0.468542,3.354989,not_computed,not_computed,not_computed,not_computed,14.875,11.9,not_computed,separate_run_2026-09_staging
Netherlands,1998,Lore,7.0,7.0,3.0,7.0,14.5,0.465785,not_computed,0.468542,3.354989,not_computed,not_computed,not_computed,not_computed,14.875,11.9,not_computed,separate_run_2026-09_staging
Netherlands,1998,Stewards,7.6,8.0,2.6,7.8,16.9,0.496138,not_computed,0.468542,3.354989,not_computed,not_computed,not_computed,not_computed,14.875,11.9,not_computed,separate_run_2026-09_staging
Netherlands,1998,Craft,6.8,7.0,3.2,6.8,14.0,0.454556,not_computed,0.468542,3.354989,not_computed,not_computed,not_computed,not_computed,14.875,11.9,not_computed,separate_run_2026-09_staging
Netherlands,1998,Hands,7.2,7.0,2.6,5.4,14.3,0.461456,not_computed,0.468542,3.354989,not_computed,not_computed,not_computed,not_computed,14.875,11.9,not_computed,separate_run_2026-09_staging
Netherlands,1998,Archive,7.4,7.2,3.0,7.0,15.1,0.472562,not_computed,0.468542,3.354989,not_computed,not_computed,not_computed,not_computed,14.875,11.9,not_computed,separate_run_2026-09_staging
Netherlands,1998,Flow,7.8,8.0,2.4,7.6,17.2,0.503081,not_computed,0.468542,3.354989,not_computed,not_computed,not_computed,not_computed,14.875,11.9,not_computed,separate_run_2026-09_staging
Netherlands,1999,Helm,7.0,7.2,3.2,7.0,14.5,0.459533,not_computed,0.467167,3.293191,not_computed,not_computed,not_computed,not_computed,14.9375,12.3,not_computed,separate_run_2026-09_staging
Netherlands,1999,Shield,6.6,7.0,4.4,6.2,12.3,0.412238,not_computed,0.467167,3.293191,not_computed,not_computed,not_computed,not_computed,14.9375,12.3,not_computed,separate_run_2026-09_staging
Netherlands,1999,Lore,7.0,7.0,3.0,7.0,14.5,0.465039,not_computed,0.467167,3.293191,not_computed,not_computed,not_computed,not_computed,14.9375,12.3,not_computed,separate_run_2026-09_staging
Netherlands,1999,Stewards,7.6,8.0,2.6,7.8,16.9,0.495335,not_computed,0.467167,3.293191,not_computed,not_computed,not_computed,not_computed,14.9375,12.3,not_computed,separate_run_2026-09_staging
Netherlands,1999,Craft,6.8,7.0,3.2,6.8,14.0,0.453831,not_computed,0.467167,3.293191,not_computed,not_computed,not_computed,not_computed,14.9375,12.3,not_computed,separate_run_2026-09_staging
Netherlands,1999,Hands,7.2,7.0,2.4,5.4,14.5,0.466235,not_computed,0.467167,3.293191,not_computed,not_computed,not_computed,not_computed,14.9375,12.3,not_computed,separate_run_2026-09_staging
Netherlands,1999,Archive,7.4,7.2,2.8,7.0,15.3,0.477424,not_computed,0.467167,3.293191,not_computed,not_computed,not_computed,not_computed,14.9375,12.3,not_computed,separate_run_2026-09_staging
Netherlands,1999,Flow,8.0,8.0,2.4,7.8,17.5,0.507698,not_computed,0.467167,3.293191,not_computed,not_computed,not_computed,not_computed,14.9375,12.3,not_computed,separate_run_2026-09_staging
Netherlands,2000,Helm,7.0,7.2,2.6,7.0,15.1,0.484723,not_computed,0.481919,3.456278,not_computed,not_computed,not_computed,not_computed,15.225,12.8,not_computed,separate_run_2026-09_staging
Netherlands,2000,Shield,6.6,7.0,3.8,6.0,12.8,0.432674,not_computed,0.481919,3.456278,not_computed,not_computed,not_computed,not_computed,15.225,12.8,not_computed,separate_run_2026-09_staging
Netherlands,2000,Lore,7.0,7.2,2.8,7.2,15.0,0.481337,not_computed,0.481919,3.456278,not_computed,not_computed,not_computed,not_computed,15.225,12.8,not_computed,separate_run_2026-09_staging
Netherlands,2000,Stewards,7.4,8.0,2.8,8.0,16.6,0.497246,not_computed,0.481919,3.456278,not_computed,not_computed,not_computed,not_computed,15.225,12.8,not_computed,separate_run_2026-09_staging
Netherlands,2000,Craft,6.8,7.0,3.2,7.0,14.1,0.464224,not_computed,0.481919,3.456278,not_computed,not_computed,not_computed,not_computed,15.225,12.8,not_computed,separate_run_2026-09_staging
Netherlands,2000,Hands,7.4,7.2,2.2,5.4,15.1,0.48402,not_computed,0.481919,3.456278,not_computed,not_computed,not_computed,not_computed,15.225,12.8,not_computed,separate_run_2026-09_staging
Netherlands,2000,Archive,7.4,7.2,2.8,7.0,15.3,0.485966,not_computed,0.481919,3.456278,not_computed,not_computed,not_computed,not_computed,15.225,12.8,not_computed,separate_run_2026-09_staging
Netherlands,2000,Flow,8.0,8.0,2.2,8.0,17.8,0.525163,not_computed,0.481919,3.456278,not_computed,not_computed,not_computed,not_computed,15.225,12.8,not_computed,separate_run_2026-09_staging
Netherlands,2001,Helm,6.4,6.8,4.4,6.6,12.1,0.356895,not_computed,0.360354,2.705765,not_computed,not_computed,not_computed,not_computed,12.3625,11.0,not_computed,separate_run_2026-09_staging
Netherlands,2001,Shield,6.6,6.8,5.0,6.0,11.4,0.341545,not_computed,0.360354,2.705765,not_computed,not_computed,not_computed,not_computed,12.3625,11.0,not_computed,separate_run_2026-09_staging
Netherlands,2001,Lore,6.6,7.0,3.8,7.0,13.3,0.376536,not_computed,0.360354,2.705765,not_computed,not_computed,not_computed,not_computed,12.3625,11.0,not_computed,separate_run_2026-09_staging
Netherlands,2001,Stewards,6.8,7.0,4.8,7.0,12.5,0.357577,not_computed,0.360354,2.705765,not_computed,not_computed,not_computed,not_computed,12.3625,11.0,not_computed,separate_run_2026-09_staging
Netherlands,2001,Craft,6.0,6.6,4.8,6.4,11.0,0.34092,not_computed,0.360354,2.705765,not_computed,not_computed,not_computed,not_computed,12.3625,11.0,not_computed,separate_run_2026-09_staging
Netherlands,2001,Hands,6.6,6.2,4.4,5.2,11.0,0.346243,not_computed,0.360354,2.705765,not_computed,not_computed,not_computed,not_computed,12.3625,11.0,not_computed,separate_run_2026-09_staging
Netherlands,2001,Archive,7.2,7.2,3.2,7.0,14.7,0.39858,not_computed,0.360354,2.705765,not_computed,not_computed,not_computed,not_computed,12.3625,11.0,not_computed,separate_run_2026-09_staging
Netherlands,2001,Flow,7.0,7.0,4.6,7.0,12.9,0.36454,not_computed,0.360354,2.705765,not_computed,not_computed,not_computed,not_computed,12.3625,11.0,not_computed,separate_run_2026-09_staging
Netherlands,2002,Helm,3.8,5.0,7.6,5.4,3.9,0.207957,not_computed,0.26135,1.661028,not_computed,not_computed,not_computed,not_computed,9.0,3.9,not_computed,separate_run_2026-09_staging
Netherlands,2002,Shield,6.0,6.2,5.8,5.6,9.2,0.261593,not_computed,0.26135,1.661028,not_computed,not_computed,not_computed,not_computed,9.0,3.9,not_computed,separate_run_2026-09_staging
Netherlands,2002,Lore,5.6,6.2,6.0,6.0,8.8,0.25697,not_computed,0.26135,1.661028,not_computed,not_computed,not_computed,not_computed,9.0,3.9,not_computed,separate_run_2026-09_staging
Netherlands,2002,Stewards,6.0,6.6,5.6,6.8,10.4,0.273771,not_computed,0.26135,1.661028,not_computed,not_computed,not_computed,not_computed,9.0,3.9,not_computed,separate_run_2026-09_staging
Netherlands,2002,Craft,5.8,5.8,5.6,5.8,8.9,0.263939,not_computed,0.26135,1.661028,not_computed,not_computed,not_computed,not_computed,9.0,3.9,not_computed,separate_run_2026-09_staging
Netherlands,2002,Hands,5.4,5.6,5.8,5.0,7.7,0.249657,not_computed,0.26135,1.661028,not_computed,not_computed,not_computed,not_computed,9.0,3.9,not_computed,separate_run_2026-09_staging
Netherlands,2002,Archive,6.6,6.8,4.6,6.6,12.1,0.295516,not_computed,0.26135,1.661028,not_computed,not_computed,not_computed,not_computed,9.0,3.9,not_computed,separate_run_2026-09_staging
Netherlands,2002,Flow,6.4,6.6,5.4,6.8,11.0,0.281397,not_computed,0.26135,1.661028,not_computed,not_computed,not_computed,not_computed,9.0,3.9,not_computed,separate_run_2026-09_staging
Netherlands,2003,Helm,5.8,6.2,5.8,6.0,9.2,0.281177,not_computed,0.295295,2.078787,not_computed,not_computed,not_computed,not_computed,10.125,7.1,not_computed,separate_run_2026-09_staging
Netherlands,2003,Shield,6.6,6.4,4.8,5.8,11.1,0.306958,not_computed,0.295295,2.078787,not_computed,not_computed,not_computed,not_computed,10.125,7.1,not_computed,separate_run_2026-09_staging
Netherlands,2003,Lore,6.0,6.2,4.8,6.2,10.5,0.302759,not_computed,0.295295,2.078787,not_computed,not_computed,not_computed,not_computed,10.125,7.1,not_computed,separate_run_2026-09_staging
Netherlands,2003,Stewards,5.8,6.4,5.8,6.8,9.8,0.28769,not_computed,0.295295,2.078787,not_computed,not_computed,not_computed,not_computed,10.125,7.1,not_computed,separate_run_2026-09_staging
Netherlands,2003,Craft,5.6,5.8,5.8,5.8,8.5,0.276988,not_computed,0.295295,2.078787,not_computed,not_computed,not_computed,not_computed,10.125,7.1,not_computed,separate_run_2026-09_staging
Netherlands,2003,Hands,5.4,5.4,6.2,5.0,7.1,0.260999,not_computed,0.295295,2.078787,not_computed,not_computed,not_computed,not_computed,10.125,7.1,not_computed,separate_run_2026-09_staging
Netherlands,2003,Archive,7.0,7.0,3.6,6.8,13.8,0.342762,not_computed,0.295295,2.078787,not_computed,not_computed,not_computed,not_computed,10.125,7.1,not_computed,separate_run_2026-09_staging
Netherlands,2003,Flow,6.2,6.6,5.2,6.8,11.0,0.303027,not_computed,0.295295,2.078787,not_computed,not_computed,not_computed,not_computed,10.125,7.1,not_computed,separate_run_2026-09_staging
Netherlands,2004,Helm,5.8,6.2,5.6,6.0,9.4,0.284388,not_computed,0.294986,2.062664,not_computed,not_computed,not_computed,not_computed,10.2375,7.0,not_computed,separate_run_2026-09_staging
Netherlands,2004,Shield,6.4,6.6,5.6,5.8,10.3,0.29015,not_computed,0.294986,2.062664,not_computed,not_computed,not_computed,not_computed,10.2375,7.0,not_computed,separate_run_2026-09_staging
Netherlands,2004,Lore,5.6,6.2,6.2,6.2,8.7,0.2735,not_computed,0.294986,2.062664,not_computed,not_computed,not_computed,not_computed,10.2375,7.0,not_computed,separate_run_2026-09_staging
Netherlands,2004,Stewards,6.2,6.8,4.6,6.8,11.8,0.31371,not_computed,0.294986,2.062664,not_computed,not_computed,not_computed,not_computed,10.2375,7.0,not_computed,separate_run_2026-09_staging
Netherlands,2004,Craft,5.8,6.0,5.2,5.8,9.5,0.289555,not_computed,0.294986,2.062664,not_computed,not_computed,not_computed,not_computed,10.2375,7.0,not_computed,separate_run_2026-09_staging
Netherlands,2004,Hands,5.4,5.4,6.2,4.8,7.0,0.259077,not_computed,0.294986,2.062664,not_computed,not_computed,not_computed,not_computed,10.2375,7.0,not_computed,separate_run_2026-09_staging
Netherlands,2004,Archive,6.8,6.8,4.6,6.8,12.4,0.320982,not_computed,0.294986,2.062664,not_computed,not_computed,not_computed,not_computed,10.2375,7.0,not_computed,separate_run_2026-09_staging
Netherlands,2004,Flow,6.8,6.8,4.2,6.8,12.8,0.328522,not_computed,0.294986,2.062664,not_computed,not_computed,not_computed,not_computed,10.2375,7.0,not_computed,separate_run_2026-09_staging
Netherlands,2005,Helm,5.2,6.0,6.2,6.0,8.0,0.286017,not_computed,0.333701,2.271065,not_computed,not_computed,not_computed,not_computed,11.3125,8.0,not_computed,separate_run_2026-09_staging
Netherlands,2005,Shield,6.6,6.6,4.6,5.8,11.5,0.333225,not_computed,0.333701,2.271065,not_computed,not_computed,not_computed,not_computed,11.3125,8.0,not_computed,separate_run_2026-09_staging
Netherlands,2005,Lore,5.8,6.2,5.2,6.2,9.9,0.314303,not_computed,0.333701,2.271065,not_computed,not_computed,not_computed,not_computed,11.3125,8.0,not_computed,separate_run_2026-09_staging
Netherlands,2005,Stewards,6.8,7.0,3.8,7.0,13.5,0.363088,not_computed,0.333701,2.271065,not_computed,not_computed,not_computed,not_computed,11.3125,8.0,not_computed,separate_run_2026-09_staging
Netherlands,2005,Craft,6.0,6.2,4.2,6.0,11.0,0.334634,not_computed,0.333701,2.271065,not_computed,not_computed,not_computed,not_computed,11.3125,8.0,not_computed,separate_run_2026-09_staging
Netherlands,2005,Hands,5.6,6.0,5.2,5.0,8.9,0.300091,not_computed,0.333701,2.271065,not_computed,not_computed,not_computed,not_computed,11.3125,8.0,not_computed,separate_run_2026-09_staging
Netherlands,2005,Archive,7.0,7.0,3.4,6.8,14.0,0.372518,not_computed,0.333701,2.271065,not_computed,not_computed,not_computed,not_computed,11.3125,8.0,not_computed,separate_run_2026-09_staging
Netherlands,2005,Flow,7.0,7.0,3.8,7.0,13.7,0.365732,not_computed,0.333701,2.271065,not_computed,not_computed,not_computed,not_computed,11.3125,8.0,not_computed,separate_run_2026-09_staging
Netherlands,2006,Helm,5.2,6.0,5.4,6.0,8.8,0.323755,not_computed,0.381792,2.581958,not_computed,not_computed,not_computed,not_computed,12.7875,8.8,not_computed,separate_run_2026-09_staging
Netherlands,2006,Shield,6.4,6.8,4.4,5.8,11.7,0.360972,not_computed,0.381792,2.581958,not_computed,not_computed,not_computed,not_computed,12.7875,8.8,not_computed,separate_run_2026-09_staging
Netherlands,2006,Lore,6.2,6.4,4.6,6.4,11.2,0.359654,not_computed,0.381792,2.581958,not_computed,not_computed,not_computed,not_computed,12.7875,8.8,not_computed,separate_run_2026-09_staging
Netherlands,2006,Stewards,7.0,7.8,3.2,7.0,15.1,0.409395,not_computed,0.381792,2.581958,not_computed,not_computed,not_computed,not_computed,12.7875,8.8,not_computed,separate_run_2026-09_staging
Netherlands,2006,Craft,6.8,7.0,3.2,6.6,13.9,0.402394,not_computed,0.381792,2.581958,not_computed,not_computed,not_computed,not_computed,12.7875,8.8,not_computed,separate_run_2026-09_staging
Netherlands,2006,Hands,6.8,6.4,3.6,5.0,12.1,0.376551,not_computed,0.381792,2.581958,not_computed,not_computed,not_computed,not_computed,12.7875,8.8,not_computed,separate_run_2026-09_staging
Netherlands,2006,Archive,7.0,7.0,3.2,6.8,14.2,0.407415,not_computed,0.381792,2.581958,not_computed,not_computed,not_computed,not_computed,12.7875,8.8,not_computed,separate_run_2026-09_staging
Netherlands,2006,Flow,7.0,7.8,3.0,7.0,15.3,0.414202,not_computed,0.381792,2.581958,not_computed,not_computed,not_computed,not_computed,12.7875,8.8,not_computed,separate_run_2026-09_staging
Netherlands,2007,Helm,6.4,7.0,3.8,6.6,12.9,0.399661,not_computed,0.41286,3.036092,not_computed,not_computed,not_computed,not_computed,13.8,11.9,not_computed,separate_run_2026-09_staging
Netherlands,2007,Shield,6.6,6.8,4.4,5.8,11.9,0.380291,not_computed,0.41286,3.036092,not_computed,not_computed,not_computed,not_computed,13.8,11.9,not_computed,separate_run_2026-09_staging
Netherlands,2007,Lore,6.8,7.0,3.6,7.0,13.7,0.415003,not_computed,0.41286,3.036092,not_computed,not_computed,not_computed,not_computed,13.8,11.9,not_computed,separate_run_2026-09_staging
Netherlands,2007,Stewards,6.6,7.8,4.2,7.2,13.8,0.399423,not_computed,0.41286,3.036092,not_computed,not_computed,not_computed,not_computed,13.8,11.9,not_computed,separate_run_2026-09_staging
Netherlands,2007,Craft,6.8,7.0,3.2,6.8,14.0,0.422833,not_computed,0.41286,3.036092,not_computed,not_computed,not_computed,not_computed,13.8,11.9,not_computed,separate_run_2026-09_staging
Netherlands,2007,Hands,7.0,7.0,2.8,5.0,13.7,0.416219,not_computed,0.41286,3.036092,not_computed,not_computed,not_computed,not_computed,13.8,11.9,not_computed,separate_run_2026-09_staging
Netherlands,2007,Archive,7.2,7.0,3.0,7.0,14.7,0.43628,not_computed,0.41286,3.036092,not_computed,not_computed,not_computed,not_computed,13.8,11.9,not_computed,separate_run_2026-09_staging
Netherlands,2007,Flow,7.4,8.0,3.4,7.4,15.7,0.433172,not_computed,0.41286,3.036092,not_computed,not_computed,not_computed,not_computed,13.8,11.9,not_computed,separate_run_2026-09_staging
Netherlands,2008,Helm,6.0,6.8,6.2,6.2,9.7,0.27092,not_computed,0.280956,1.790935,not_computed,not_computed,not_computed,not_computed,10.125,5.7,not_computed,separate_run_2026-09_staging
Netherlands,2008,Shield,6.6,6.8,4.4,5.8,11.9,0.305519,not_computed,0.280956,1.790935,not_computed,not_computed,not_computed,not_computed,10.125,5.7,not_computed,separate_run_2026-09_staging
Netherlands,2008,Lore,6.8,7.0,4.2,7.0,13.1,0.321074,not_computed,0.280956,1.790935,not_computed,not_computed,not_computed,not_computed,10.125,5.7,not_computed,separate_run_2026-09_staging
Netherlands,2008,Stewards,4.6,6.2,8.4,6.6,5.7,0.224888,not_computed,0.280956,1.790935,not_computed,not_computed,not_computed,not_computed,10.125,5.7,not_computed,separate_run_2026-09_staging
Netherlands,2008,Craft,6.0,6.4,5.6,6.0,9.8,0.279205,not_computed,0.280956,1.790935,not_computed,not_computed,not_computed,not_computed,10.125,5.7,not_computed,separate_run_2026-09_staging
Netherlands,2008,Hands,6.2,6.2,5.4,5.0,9.5,0.276808,not_computed,0.280956,1.790935,not_computed,not_computed,not_computed,not_computed,10.125,5.7,not_computed,separate_run_2026-09_staging
Netherlands,2008,Archive,7.0,7.0,4.6,7.0,12.9,0.316024,not_computed,0.280956,1.790935,not_computed,not_computed,not_computed,not_computed,10.125,5.7,not_computed,separate_run_2026-09_staging
Netherlands,2008,Flow,6.0,6.6,7.6,6.8,8.4,0.253213,not_computed,0.280956,1.790935,not_computed,not_computed,not_computed,not_computed,10.125,5.7,not_computed,separate_run_2026-09_staging
Netherlands,2009,Helm,6.0,6.2,6.4,6.0,8.8,0.251742,not_computed,0.254565,1.743682,not_computed,not_computed,not_computed,not_computed,8.9,5.8,not_computed,separate_run_2026-09_staging
Netherlands,2009,Shield,6.4,6.8,4.6,5.8,11.5,0.28298,not_computed,0.254565,1.743682,not_computed,not_computed,not_computed,not_computed,8.9,5.8,not_computed,separate_run_2026-09_staging
Netherlands,2009,Lore,6.6,6.6,4.6,6.8,12.0,0.292679,not_computed,0.254565,1.743682,not_computed,not_computed,not_computed,not_computed,8.9,5.8,not_computed,separate_run_2026-09_staging
Netherlands,2009,Stewards,5.4,5.8,7.6,6.2,6.7,0.2294,not_computed,0.254565,1.743682,not_computed,not_computed,not_computed,not_computed,8.9,5.8,not_computed,separate_run_2026-09_staging
Netherlands,2009,Craft,4.8,5.6,7.4,5.8,5.9,0.222693,not_computed,0.254565,1.743682,not_computed,not_computed,not_computed,not_computed,8.9,5.8,not_computed,separate_run_2026-09_staging
Netherlands,2009,Hands,5.2,5.4,7.2,4.8,5.8,0.222348,not_computed,0.254565,1.743682,not_computed,not_computed,not_computed,not_computed,8.9,5.8,not_computed,separate_run_2026-09_staging
Netherlands,2009,Archive,7.0,7.0,4.4,7.0,13.1,0.301803,not_computed,0.254565,1.743682,not_computed,not_computed,not_computed,not_computed,8.9,5.8,not_computed,separate_run_2026-09_staging
Netherlands,2009,Flow,5.6,6.2,7.6,6.4,7.4,0.232874,not_computed,0.254565,1.743682,not_computed,not_computed,not_computed,not_computed,8.9,5.8,not_computed,separate_run_2026-09_staging
Netherlands,2010,Helm,5.0,5.6,6.4,5.8,7.1,0.252158,not_computed,0.280476,1.982766,not_computed,not_computed,not_computed,not_computed,9.7375,7.1,not_computed,separate_run_2026-09_staging
Netherlands,2010,Shield,6.4,6.4,4.6,5.6,11.0,0.297388,not_computed,0.280476,1.982766,not_computed,not_computed,not_computed,not_computed,9.7375,7.1,not_computed,separate_run_2026-09_staging
Netherlands,2010,Lore,5.8,6.2,5.6,6.2,9.5,0.277953,not_computed,0.280476,1.982766,not_computed,not_computed,not_computed,not_computed,9.7375,7.1,not_computed,separate_run_2026-09_staging
Netherlands,2010,Stewards,5.8,6.4,6.0,6.8,9.6,0.276051,not_computed,0.280476,1.982766,not_computed,not_computed,not_computed,not_computed,9.7375,7.1,not_computed,separate_run_2026-09_staging
Netherlands,2010,Craft,5.8,6.0,5.6,5.8,9.1,0.274719,not_computed,0.280476,1.982766,not_computed,not_computed,not_computed,not_computed,9.7375,7.1,not_computed,separate_run_2026-09_staging
Netherlands,2010,Hands,5.4,5.6,6.2,4.8,7.2,0.251848,not_computed,0.280476,1.982766,not_computed,not_computed,not_computed,not_computed,9.7375,7.1,not_computed,separate_run_2026-09_staging
Netherlands,2010,Archive,7.0,7.0,4.4,7.0,13.1,0.319157,not_computed,0.280476,1.982766,not_computed,not_computed,not_computed,not_computed,9.7375,7.1,not_computed,separate_run_2026-09_staging
Netherlands,2010,Flow,6.4,6.8,5.4,7.0,11.3,0.294532,not_computed,0.280476,1.982766,not_computed,not_computed,not_computed,not_computed,9.7375,7.1,not_computed,separate_run_2026-09_staging
Netherlands,2011,Helm,5.2,6.0,6.2,5.8,7.9,0.259909,not_computed,0.284703,2.015061,not_computed,not_computed,not_computed,not_computed,9.9125,7.0,not_computed,separate_run_2026-09_staging
Netherlands,2011,Shield,6.4,6.4,4.6,5.6,11.0,0.299959,not_computed,0.284703,2.015061,not_computed,not_computed,not_computed,not_computed,9.9125,7.0,not_computed,separate_run_2026-09_staging
Netherlands,2011,Lore,5.6,6.2,5.4,6.4,9.6,0.282868,not_computed,0.284703,2.015061,not_computed,not_computed,not_computed,not_computed,9.9125,7.0,not_computed,separate_run_2026-09_staging
Netherlands,2011,Stewards,5.8,6.6,6.2,6.8,9.6,0.275098,not_computed,0.284703,2.015061,not_computed,not_computed,not_computed,not_computed,9.9125,7.0,not_computed,separate_run_2026-09_staging
Netherlands,2011,Craft,5.8,6.2,5.0,6.0,10.0,0.288827,not_computed,0.284703,2.015061,not_computed,not_computed,not_computed,not_computed,9.9125,7.0,not_computed,separate_run_2026-09_staging
Netherlands,2011,Hands,5.4,5.4,6.2,4.8,7.0,0.253968,not_computed,0.284703,2.015061,not_computed,not_computed,not_computed,not_computed,9.9125,7.0,not_computed,separate_run_2026-09_staging
Netherlands,2011,Archive,7.0,7.0,4.2,7.0,13.3,0.325679,not_computed,0.284703,2.015061,not_computed,not_computed,not_computed,not_computed,9.9125,7.0,not_computed,separate_run_2026-09_staging
Netherlands,2011,Flow,6.2,6.8,5.6,7.0,10.9,0.291321,not_computed,0.284703,2.015061,not_computed,not_computed,not_computed,not_computed,9.9125,7.0,not_computed,separate_run_2026-09_staging
Netherlands,2012,Helm,4.8,5.8,6.8,5.8,6.7,0.228208,not_computed,0.249282,1.686405,not_computed,not_computed,not_computed,not_computed,8.5375,5.0,not_computed,separate_run_2026-09_staging
Netherlands,2012,Shield,6.4,6.2,4.6,5.6,10.8,0.277957,not_computed,0.249282,1.686405,not_computed,not_computed,not_computed,not_computed,8.5375,5.0,not_computed,separate_run_2026-09_staging
Netherlands,2012,Lore,5.6,6.0,5.2,6.4,9.6,0.265425,not_computed,0.249282,1.686405,not_computed,not_computed,not_computed,not_computed,8.5375,5.0,not_computed,separate_run_2026-09_staging
Netherlands,2012,Stewards,4.8,6.2,7.0,6.6,7.3,0.231413,not_computed,0.249282,1.686405,not_computed,not_computed,not_computed,not_computed,8.5375,5.0,not_computed,separate_run_2026-09_staging
Netherlands,2012,Craft,4.8,5.8,6.6,5.8,6.9,0.230984,not_computed,0.249282,1.686405,not_computed,not_computed,not_computed,not_computed,8.5375,5.0,not_computed,separate_run_2026-09_staging
Netherlands,2012,Hands,4.8,5.2,7.4,4.8,5.0,0.212414,not_computed,0.249282,1.686405,not_computed,not_computed,not_computed,not_computed,8.5375,5.0,not_computed,separate_run_2026-09_staging
Netherlands,2012,Archive,7.0,7.0,4.2,7.0,13.3,0.301407,not_computed,0.249282,1.686405,not_computed,not_computed,not_computed,not_computed,8.5375,5.0,not_computed,separate_run_2026-09_staging
Netherlands,2012,Flow,5.4,6.4,6.6,7.0,8.7,0.246449,not_computed,0.249282,1.686405,not_computed,not_computed,not_computed,not_computed,8.5375,5.0,not_computed,separate_run_2026-09_staging
Netherlands,2013,Helm,6.0,6.2,6.2,6.0,9.0,0.253469,not_computed,0.252393,1.561522,not_computed,not_computed,not_computed,not_computed,8.6,3.2,not_computed,separate_run_2026-09_staging
Netherlands,2013,Shield,6.2,5.8,4.4,5.6,10.4,0.280902,not_computed,0.252393,1.561522,not_computed,not_computed,not_computed,not_computed,8.6,3.2,not_computed,separate_run_2026-09_staging
Netherlands,2013,Lore,5.8,6.0,5.6,6.4,9.4,0.263368,not_computed,0.252393,1.561522,not_computed,not_computed,not_computed,not_computed,8.6,3.2,not_computed,separate_run_2026-09_staging
Netherlands,2013,Stewards,5.4,6.2,6.6,6.6,8.3,0.245357,not_computed,0.252393,1.561522,not_computed,not_computed,not_computed,not_computed,8.6,3.2,not_computed,separate_run_2026-09_staging
Netherlands,2013,Craft,4.8,5.6,6.6,5.6,6.6,0.231051,not_computed,0.252393,1.561522,not_computed,not_computed,not_computed,not_computed,8.6,3.2,not_computed,separate_run_2026-09_staging
Netherlands,2013,Hands,4.2,4.8,8.0,4.4,3.2,0.195851,not_computed,0.252393,1.561522,not_computed,not_computed,not_computed,not_computed,8.6,3.2,not_computed,separate_run_2026-09_staging
Netherlands,2013,Archive,7.0,7.0,4.4,7.0,13.1,0.300227,not_computed,0.252393,1.561522,not_computed,not_computed,not_computed,not_computed,8.6,3.2,not_computed,separate_run_2026-09_staging
Netherlands,2013,Flow,5.6,6.4,6.6,6.8,8.8,0.248918,not_computed,0.252393,1.561522,not_computed,not_computed,not_computed,not_computed,8.6,3.2,not_computed,separate_run_2026-09_staging
Netherlands,2014,Helm,5.8,6.8,6.2,6.0,9.4,0.269802,not_computed,0.286397,1.898823,not_computed,not_computed,not_computed,not_computed,10.1375,5.8,not_computed,separate_run_2026-09_staging
Netherlands,2014,Shield,6.4,6.2,6.2,5.8,9.3,0.275295,not_computed,0.286397,1.898823,not_computed,not_computed,not_computed,not_computed,10.1375,5.8,not_computed,separate_run_2026-09_staging
Netherlands,2014,Lore,6.4,6.4,5.4,6.6,10.7,0.295056,not_computed,0.286397,1.898823,not_computed,not_computed,not_computed,not_computed,10.1375,5.8,not_computed,separate_run_2026-09_staging
Netherlands,2014,Stewards,6.2,6.8,5.2,6.8,11.2,0.297771,not_computed,0.286397,1.898823,not_computed,not_computed,not_computed,not_computed,10.1375,5.8,not_computed,separate_run_2026-09_staging
Netherlands,2014,Craft,5.8,6.0,5.2,5.8,9.5,0.284753,not_computed,0.286397,1.898823,not_computed,not_computed,not_computed,not_computed,10.1375,5.8,not_computed,separate_run_2026-09_staging
Netherlands,2014,Hands,4.8,5.4,6.8,4.8,5.8,0.237947,not_computed,0.286397,1.898823,not_computed,not_computed,not_computed,not_computed,10.1375,5.8,not_computed,separate_run_2026-09_staging
Netherlands,2014,Archive,7.0,7.0,4.6,7.0,12.9,0.319408,not_computed,0.286397,1.898823,not_computed,not_computed,not_computed,not_computed,10.1375,5.8,not_computed,separate_run_2026-09_staging
Netherlands,2014,Flow,6.6,7.0,4.8,7.0,12.3,0.311142,not_computed,0.286397,1.898823,not_computed,not_computed,not_computed,not_computed,10.1375,5.8,not_computed,separate_run_2026-09_staging
Netherlands,2015,Helm,6.0,6.6,5.8,6.0,9.8,0.295063,not_computed,0.316622,2.233739,not_computed,not_computed,not_computed,not_computed,11.175,8.3,not_computed,separate_run_2026-09_staging
Netherlands,2015,Shield,6.6,6.6,6.0,6.0,10.2,0.299004,not_computed,0.316622,2.233739,not_computed,not_computed,not_computed,not_computed,11.175,8.3,not_computed,separate_run_2026-09_staging
Netherlands,2015,Lore,5.8,6.6,5.6,6.4,10.0,0.299501,not_computed,0.316622,2.233739,not_computed,not_computed,not_computed,not_computed,11.175,8.3,not_computed,separate_run_2026-09_staging
Netherlands,2015,Stewards,7.0,7.0,4.4,7.2,13.2,0.344139,not_computed,0.316622,2.233739,not_computed,not_computed,not_computed,not_computed,11.175,8.3,not_computed,separate_run_2026-09_staging
Netherlands,2015,Craft,6.6,6.8,4.2,6.6,12.5,0.338038,not_computed,0.316622,2.233739,not_computed,not_computed,not_computed,not_computed,11.175,8.3,not_computed,separate_run_2026-09_staging
Netherlands,2015,Hands,5.6,6.0,5.8,5.0,8.3,0.280871,not_computed,0.316622,2.233739,not_computed,not_computed,not_computed,not_computed,11.175,8.3,not_computed,separate_run_2026-09_staging
Netherlands,2015,Archive,6.6,6.8,5.0,7.0,11.9,0.325802,not_computed,0.316622,2.233739,not_computed,not_computed,not_computed,not_computed,11.175,8.3,not_computed,separate_run_2026-09_staging
Netherlands,2015,Flow,7.0,7.0,4.0,7.0,13.5,0.350557,not_computed,0.316622,2.233739,not_computed,not_computed,not_computed,not_computed,11.175,8.3,not_computed,separate_run_2026-09_staging
Netherlands,2016,Helm,5.4,6.6,5.6,6.0,9.4,0.311763,not_computed,0.358424,2.469972,not_computed,not_computed,not_computed,not_computed,12.3375,9.4,not_computed,separate_run_2026-09_staging
Netherlands,2016,Shield,6.6,6.8,5.2,6.0,11.2,0.336659,not_computed,0.358424,2.469972,not_computed,not_computed,not_computed,not_computed,12.3375,9.4,not_computed,separate_run_2026-09_staging
Netherlands,2016,Lore,6.0,6.4,5.2,6.4,10.4,0.332013,not_computed,0.358424,2.469972,not_computed,not_computed,not_computed,not_computed,12.3375,9.4,not_computed,separate_run_2026-09_staging
Netherlands,2016,Stewards,7.0,7.4,3.4,7.2,14.6,0.392091,not_computed,0.358424,2.469972,not_computed,not_computed,not_computed,not_computed,12.3375,9.4,not_computed,separate_run_2026-09_staging
Netherlands,2016,Craft,6.8,7.0,3.4,7.0,13.9,0.387399,not_computed,0.358424,2.469972,not_computed,not_computed,not_computed,not_computed,12.3375,9.4,not_computed,separate_run_2026-09_staging
Netherlands,2016,Hands,6.0,6.4,5.0,5.0,9.9,0.322355,not_computed,0.358424,2.469972,not_computed,not_computed,not_computed,not_computed,12.3375,9.4,not_computed,separate_run_2026-09_staging
Netherlands,2016,Archive,7.2,7.0,3.4,7.0,14.3,0.393018,not_computed,0.358424,2.469972,not_computed,not_computed,not_computed,not_computed,12.3375,9.4,not_computed,separate_run_2026-09_staging
Netherlands,2016,Flow,7.0,7.8,3.4,7.2,15.0,0.392091,not_computed,0.358424,2.469972,not_computed,not_computed,not_computed,not_computed,12.3375,9.4,not_computed,separate_run_2026-09_staging
Netherlands,2017,Helm,4.4,5.8,6.2,6.0,7.0,0.296879,not_computed,0.383674,2.368667,not_computed,not_computed,not_computed,not_computed,12.9375,7.0,not_computed,separate_run_2026-09_staging
Netherlands,2017,Shield,6.6,6.8,4.2,6.0,12.2,0.371666,not_computed,0.383674,2.368667,not_computed,not_computed,not_computed,not_computed,12.9375,7.0,not_computed,separate_run_2026-09_staging
Netherlands,2017,Lore,6.2,6.6,4.8,6.4,11.2,0.35654,not_computed,0.383674,2.368667,not_computed,not_computed,not_computed,not_computed,12.9375,7.0,not_computed,separate_run_2026-09_staging
Netherlands,2017,Stewards,7.0,8.0,3.2,7.6,15.6,0.416677,not_computed,0.383674,2.368667,not_computed,not_computed,not_computed,not_computed,12.9375,7.0,not_computed,separate_run_2026-09_staging
Netherlands,2017,Craft,7.0,7.2,3.0,7.4,14.9,0.419595,not_computed,0.383674,2.368667,not_computed,not_computed,not_computed,not_computed,12.9375,7.0,not_computed,separate_run_2026-09_staging
Netherlands,2017,Hands,6.8,6.6,4.0,5.0,11.9,0.368899,not_computed,0.383674,2.368667,not_computed,not_computed,not_computed,not_computed,12.9375,7.0,not_computed,separate_run_2026-09_staging
Netherlands,2017,Archive,7.2,7.0,3.4,7.0,14.3,0.408948,not_computed,0.383674,2.368667,not_computed,not_computed,not_computed,not_computed,12.9375,7.0,not_computed,separate_run_2026-09_staging
Netherlands,2017,Flow,7.6,8.0,3.0,7.6,16.4,0.430191,not_computed,0.383674,2.368667,not_computed,not_computed,not_computed,not_computed,12.9375,7.0,not_computed,separate_run_2026-09_staging
Netherlands,2018,Helm,6.4,7.0,3.6,6.6,13.1,0.433744,not_computed,0.46693,3.428121,not_computed,not_computed,not_computed,not_computed,14.9625,12.1,not_computed,separate_run_2026-09_staging
Netherlands,2018,Shield,6.6,5.6,3.0,5.8,12.1,0.443617,not_computed,0.46693,3.428121,not_computed,not_computed,not_computed,not_computed,14.9625,12.1,not_computed,separate_run_2026-09_staging
Netherlands,2018,Lore,7.4,7.6,3.0,7.8,15.9,0.48042,not_computed,0.46693,3.428121,not_computed,not_computed,not_computed,not_computed,14.9625,12.1,not_computed,separate_run_2026-09_staging
Netherlands,2018,Stewards,7.4,8.0,3.0,7.6,16.2,0.478247,not_computed,0.46693,3.428121,not_computed,not_computed,not_computed,not_computed,14.9625,12.1,not_computed,separate_run_2026-09_staging
Netherlands,2018,Craft,7.4,7.8,3.0,8.0,16.2,0.482577,not_computed,0.46693,3.428121,not_computed,not_computed,not_computed,not_computed,14.9625,12.1,not_computed,separate_run_2026-09_staging
Netherlands,2018,Hands,6.6,7.0,3.2,5.4,13.1,0.433422,not_computed,0.46693,3.428121,not_computed,not_computed,not_computed,not_computed,14.9625,12.1,not_computed,separate_run_2026-09_staging
Netherlands,2018,Archive,7.8,7.2,2.8,7.0,15.7,0.483925,not_computed,0.46693,3.428121,not_computed,not_computed,not_computed,not_computed,14.9625,12.1,not_computed,separate_run_2026-09_staging
Netherlands,2018,Flow,8.0,8.2,2.6,7.6,17.4,0.499485,not_computed,0.46693,3.428121,not_computed,not_computed,not_computed,not_computed,14.9625,12.1,not_computed,separate_run_2026-09_staging
Netherlands,2019,Helm,5.6,6.4,5.4,6.4,9.8,0.352886,not_computed,0.42153,2.816342,not_computed,not_computed,not_computed,not_computed,14.025,9.8,not_computed,separate_run_2026-09_staging
Netherlands,2019,Shield,6.6,5.6,3.6,5.8,11.5,0.403968,not_computed,0.42153,2.816342,not_computed,not_computed,not_computed,not_computed,14.025,9.8,not_computed,separate_run_2026-09_staging
Netherlands,2019,Lore,7.2,7.6,3.2,7.8,15.5,0.444803,not_computed,0.42153,2.816342,not_computed,not_computed,not_computed,not_computed,14.025,9.8,not_computed,separate_run_2026-09_staging
Netherlands,2019,Stewards,7.4,7.8,3.2,7.6,15.8,0.445814,not_computed,0.42153,2.816342,not_computed,not_computed,not_computed,not_computed,14.025,9.8,not_computed,separate_run_2026-09_staging
Netherlands,2019,Craft,7.4,7.8,3.2,8.2,16.1,0.451801,not_computed,0.42153,2.816342,not_computed,not_computed,not_computed,not_computed,14.025,9.8,not_computed,separate_run_2026-09_staging
Netherlands,2019,Hands,6.6,7.0,3.6,5.4,12.7,0.399478,not_computed,0.42153,2.816342,not_computed,not_computed,not_computed,not_computed,14.025,9.8,not_computed,separate_run_2026-09_staging
Netherlands,2019,Archive,7.4,7.2,4.2,7.0,13.9,0.414397,not_computed,0.42153,2.816342,not_computed,not_computed,not_computed,not_computed,14.025,9.8,not_computed,separate_run_2026-09_staging
Netherlands,2019,Flow,7.8,8.2,3.0,7.8,16.9,0.45909,not_computed,0.42153,2.816342,not_computed,not_computed,not_computed,not_computed,14.025,9.8,not_computed,separate_run_2026-09_staging
Netherlands,2020,Helm,5.8,6.2,6.8,6.2,8.3,0.259927,not_computed,0.283119,2.061023,not_computed,not_computed,not_computed,not_computed,10.25,8.1,not_computed,separate_run_2026-09_staging
Netherlands,2020,Shield,6.6,5.8,5.4,5.8,9.9,0.289084,not_computed,0.283119,2.061023,not_computed,not_computed,not_computed,not_computed,10.25,8.1,not_computed,separate_run_2026-09_staging
Netherlands,2020,Lore,6.2,6.6,6.0,6.8,10.2,0.281997,not_computed,0.283119,2.061023,not_computed,not_computed,not_computed,not_computed,10.25,8.1,not_computed,separate_run_2026-09_staging
Netherlands,2020,Stewards,6.8,7.0,5.8,7.0,11.5,0.293525,not_computed,0.283119,2.061023,not_computed,not_computed,not_computed,not_computed,10.25,8.1,not_computed,separate_run_2026-09_staging
Netherlands,2020,Craft,6.6,7.0,5.8,7.4,11.5,0.294249,not_computed,0.283119,2.061023,not_computed,not_computed,not_computed,not_computed,10.25,8.1,not_computed,separate_run_2026-09_staging
Netherlands,2020,Hands,6.0,5.8,6.4,5.4,8.1,0.262353,not_computed,0.283119,2.061023,not_computed,not_computed,not_computed,not_computed,10.25,8.1,not_computed,separate_run_2026-09_staging
Netherlands,2020,Archive,6.8,6.8,5.0,6.6,11.9,0.30458,not_computed,0.283119,2.061023,not_computed,not_computed,not_computed,not_computed,10.25,8.1,not_computed,separate_run_2026-09_staging
Netherlands,2020,Flow,6.6,7.0,6.6,7.2,10.6,0.279235,not_computed,0.283119,2.061023,not_computed,not_computed,not_computed,not_computed,10.25,8.1,not_computed,separate_run_2026-09_staging
Netherlands,2021,Helm,4.2,5.2,7.2,5.2,4.8,0.240321,not_computed,0.315196,1.916042,not_computed,not_computed,not_computed,not_computed,11.2625,4.8,not_computed,separate_run_2026-09_staging
Netherlands,2021,Shield,6.2,5.8,5.2,5.8,9.7,0.306245,not_computed,0.315196,1.916042,not_computed,not_computed,not_computed,not_computed,11.2625,4.8,not_computed,separate_run_2026-09_staging
Netherlands,2021,Lore,6.6,6.8,5.4,7.2,11.6,0.319228,not_computed,0.315196,1.916042,not_computed,not_computed,not_computed,not_computed,11.2625,4.8,not_computed,separate_run_2026-09_staging
Netherlands,2021,Stewards,7.2,7.8,4.2,7.6,14.6,0.35323,not_computed,0.315196,1.916042,not_computed,not_computed,not_computed,not_computed,11.2625,4.8,not_computed,separate_run_2026-09_staging
Netherlands,2021,Craft,7.4,8.0,4.2,8.2,15.3,0.360312,not_computed,0.315196,1.916042,not_computed,not_computed,not_computed,not_computed,11.2625,4.8,not_computed,separate_run_2026-09_staging
Netherlands,2021,Hands,6.4,6.8,5.0,5.4,10.9,0.309041,not_computed,0.315196,1.916042,not_computed,not_computed,not_computed,not_computed,11.2625,4.8,not_computed,separate_run_2026-09_staging
Netherlands,2021,Archive,5.6,6.4,6.4,6.8,9.0,0.285709,not_computed,0.315196,1.916042,not_computed,not_computed,not_computed,not_computed,11.2625,4.8,not_computed,separate_run_2026-09_staging
Netherlands,2021,Flow,7.4,7.6,4.6,7.6,14.2,0.34748,not_computed,0.315196,1.916042,not_computed,not_computed,not_computed,not_computed,11.2625,4.8,not_computed,separate_run_2026-09_staging
Netherlands,2022,Helm,5.6,6.2,6.8,6.2,8.1,0.270519,not_computed,0.308718,2.15715,not_computed,not_computed,not_computed,not_computed,11.3375,8.1,not_computed,separate_run_2026-09_staging
Netherlands,2022,Shield,6.8,6.2,5.2,6.6,11.1,0.316488,not_computed,0.308718,2.15715,not_computed,not_computed,not_computed,not_computed,11.3375,8.1,not_computed,separate_run_2026-09_staging
Netherlands,2022,Lore,7.0,7.4,4.2,7.6,14.0,0.346241,not_computed,0.308718,2.15715,not_computed,not_computed,not_computed,not_computed,11.3375,8.1,not_computed,separate_run_2026-09_staging
Netherlands,2022,Stewards,6.4,7.2,5.8,7.2,11.4,0.30542,not_computed,0.308718,2.15715,not_computed,not_computed,not_computed,not_computed,11.3375,8.1,not_computed,separate_run_2026-09_staging
Netherlands,2022,Craft,6.8,7.6,5.4,7.6,12.8,0.320567,not_computed,0.308718,2.15715,not_computed,not_computed,not_computed,not_computed,11.3375,8.1,not_computed,separate_run_2026-09_staging
Netherlands,2022,Hands,6.2,6.8,5.8,5.4,9.9,0.28829,not_computed,0.308718,2.15715,not_computed,not_computed,not_computed,not_computed,11.3375,8.1,not_computed,separate_run_2026-09_staging
Netherlands,2022,Archive,6.6,6.6,5.4,7.0,11.3,0.313559,not_computed,0.308718,2.15715,not_computed,not_computed,not_computed,not_computed,11.3375,8.1,not_computed,separate_run_2026-09_staging
Netherlands,2022,Flow,7.2,7.4,6.2,7.4,12.1,0.30866,not_computed,0.308718,2.15715,not_computed,not_computed,not_computed,not_computed,11.3375,8.1,not_computed,separate_run_2026-09_staging
Netherlands,2023,Helm,3.6,4.8,7.8,5.2,3.2,0.219358,not_computed,0.305695,1.75359,not_computed,not_computed,not_computed,not_computed,10.925,3.2,not_computed,separate_run_2026-09_staging
Netherlands,2023,Shield,6.4,6.2,5.4,6.6,10.5,0.306466,not_computed,0.305695,1.75359,not_computed,not_computed,not_computed,not_computed,10.925,3.2,not_computed,separate_run_2026-09_staging
Netherlands,2023,Lore,6.6,7.2,4.6,7.6,13.0,0.331943,not_computed,0.305695,1.75359,not_computed,not_computed,not_computed,not_computed,10.925,3.2,not_computed,separate_run_2026-09_staging
Netherlands,2023,Stewards,6.6,7.2,4.8,7.2,12.6,0.324904,not_computed,0.305695,1.75359,not_computed,not_computed,not_computed,not_computed,10.925,3.2,not_computed,separate_run_2026-09_staging
Netherlands,2023,Craft,6.6,7.6,5.2,8.2,13.1,0.325093,not_computed,0.305695,1.75359,not_computed,not_computed,not_computed,not_computed,10.925,3.2,not_computed,separate_run_2026-09_staging
Netherlands,2023,Hands,6.4,6.8,5.2,5.4,10.7,0.300053,not_computed,0.305695,1.75359,not_computed,not_computed,not_computed,not_computed,10.925,3.2,not_computed,separate_run_2026-09_staging
Netherlands,2023,Archive,6.8,6.2,6.0,6.8,10.4,0.301899,not_computed,0.305695,1.75359,not_computed,not_computed,not_computed,not_computed,10.925,3.2,not_computed,separate_run_2026-09_staging
Netherlands,2023,Flow,7.4,7.6,4.8,7.4,13.9,0.335845,not_computed,0.305695,1.75359,not_computed,not_computed,not_computed,not_computed,10.925,3.2,not_computed,separate_run_2026-09_staging
Netherlands,2024,Helm,4.4,5.6,6.8,5.2,5.8,0.2418,not_computed,0.298765,1.93111,not_computed,not_computed,not_computed,not_computed,10.925,5.8,not_computed,separate_run_2026-09_staging
Netherlands,2024,Shield,6.0,6.6,6.0,6.4,9.8,0.2854,not_computed,0.298765,1.93111,not_computed,not_computed,not_computed,not_computed,10.925,5.8,not_computed,separate_run_2026-09_staging
Netherlands,2024,Lore,5.8,7.0,5.4,7.4,11.1,0.301516,not_computed,0.298765,1.93111,not_computed,not_computed,not_computed,not_computed,10.925,5.8,not_computed,separate_run_2026-09_staging
Netherlands,2024,Stewards,6.6,7.2,5.0,7.2,12.4,0.316728,not_computed,0.298765,1.93111,not_computed,not_computed,not_computed,not_computed,10.925,5.8,not_computed,separate_run_2026-09_staging
Netherlands,2024,Craft,6.8,7.8,5.4,8.2,13.3,0.319121,not_computed,0.298765,1.93111,not_computed,not_computed,not_computed,not_computed,10.925,5.8,not_computed,separate_run_2026-09_staging
Netherlands,2024,Hands,6.4,6.8,5.0,5.4,10.9,0.299545,not_computed,0.298765,1.93111,not_computed,not_computed,not_computed,not_computed,10.925,5.8,not_computed,separate_run_2026-09_staging
Netherlands,2024,Archive,6.2,6.4,6.0,6.8,10.0,0.290934,not_computed,0.298765,1.93111,not_computed,not_computed,not_computed,not_computed,10.925,5.8,not_computed,separate_run_2026-09_staging
Netherlands,2024,Flow,7.4,7.6,4.6,7.4,14.1,0.335076,not_computed,0.298765,1.93111,not_computed,not_computed,not_computed,not_computed,10.925,5.8,not_computed,separate_run_2026-09_staging
Netherlands,2025,Helm,4.2,5.2,7.2,5.2,4.8,0.231604,not_computed,0.295154,1.852078,not_computed,not_computed,not_computed,not_computed,10.6875,4.8,not_computed,separate_run_2026-09_staging
Netherlands,2025,Shield,6.8,6.8,5.0,6.8,12.0,0.313708,not_computed,0.295154,1.852078,not_computed,not_computed,not_computed,not_computed,10.6875,4.8,not_computed,separate_run_2026-09_staging
Netherlands,2025,Lore,6.2,7.0,5.4,7.4,11.5,0.30411,not_computed,0.295154,1.852078,not_computed,not_computed,not_computed,not_computed,10.6875,4.8,not_computed,separate_run_2026-09_staging
Netherlands,2025,Stewards,6.4,7.2,5.4,7.4,11.9,0.306422,not_computed,0.295154,1.852078,not_computed,not_computed,not_computed,not_computed,10.6875,4.8,not_computed,separate_run_2026-09_staging
Netherlands,2025,Craft,6.4,7.4,5.6,8.0,12.2,0.307329,not_computed,0.295154,1.852078,not_computed,not_computed,not_computed,not_computed,10.6875,4.8,not_computed,separate_run_2026-09_staging
Netherlands,2025,Hands,6.4,6.6,5.0,5.4,10.7,0.297445,not_computed,0.295154,1.852078,not_computed,not_computed,not_computed,not_computed,10.6875,4.8,not_computed,separate_run_2026-09_staging
Netherlands,2025,Archive,6.2,6.2,6.0,6.8,9.8,0.288904,not_computed,0.295154,1.852078,not_computed,not_computed,not_computed,not_computed,10.6875,4.8,not_computed,separate_run_2026-09_staging
Netherlands,2025,Flow,7.0,7.4,5.4,7.2,12.6,0.311711,not_computed,0.295154,1.852078,not_computed,not_computed,not_computed,not_computed,10.6875,4.8,not_computed,separate_run_2026-09_staging
