Society,Year,Node,Coherence,Capacity,Stress,Abstraction,Node Value,Bond Strength
Germany,1750,Archive,6.0,6.0,4.0,7.0,11.5,0.3559264182778938
Germany,1750,Craft,6.0,6.0,4.0,6.0,11.0,0.34623879567330434
Germany,1750,Flow,6.0,6.0,4.0,6.0,11.0,0.3462387956733043
Germany,1750,Hands,3.0,3.0,2.0,3.0,5.5,0.2887407789949217
Germany,1750,Helm,7.0,7.0,4.0,7.0,13.5,0.3697201259463621
Germany,1750,Lore,5.0,5.0,5.0,6.0,8.0,0.31147882699777735
Germany,1750,Shield,8.0,8.0,3.0,7.0,16.5,0.4054002539025638
Germany,1750,Stewards,7.0,7.0,4.0,5.0,12.5,0.3511349140304571
Germany,1751,Archive,6.0,6.0,4.0,7.0,11.5,0.3559264182778938
Germany,1751,Craft,6.0,6.0,4.0,6.0,11.0,0.34623879567330434
Germany,1751,Flow,6.0,6.0,4.0,6.0,11.0,0.3462387956733043
Germany,1751,Hands,3.0,3.0,2.0,3.0,5.5,0.2887407789949217
Germany,1751,Helm,7.0,7.0,4.0,7.0,13.5,0.3697201259463621
Germany,1751,Lore,5.0,5.0,5.0,6.0,8.0,0.31147882699777735
Germany,1751,Shield,8.0,8.0,3.0,7.0,16.5,0.4054002539025638
Germany,1751,Stewards,7.0,7.0,4.0,5.0,12.5,0.3511349140304571
Germany,1752,Archive,6.0,6.0,4.0,7.0,11.5,0.3559264182778938
Germany,1752,Craft,6.0,6.0,4.0,6.0,11.0,0.34623879567330434
Germany,1752,Flow,6.0,6.0,4.0,6.0,11.0,0.3462387956733043
Germany,1752,Hands,3.0,3.0,2.0,3.0,5.5,0.2887407789949217
Germany,1752,Helm,7.0,7.0,4.0,7.0,13.5,0.3697201259463621
Germany,1752,Lore,5.0,5.0,5.0,6.0,8.0,0.31147882699777735
Germany,1752,Shield,8.0,8.0,3.0,7.0,16.5,0.4054002539025638
Germany,1752,Stewards,7.0,7.0,4.0,5.0,12.5,0.3511349140304571
Germany,1753,Archive,6.0,6.0,4.0,7.0,11.5,0.3559264182778938
Germany,1753,Craft,6.0,6.0,4.0,6.0,11.0,0.34623879567330434
Germany,1753,Flow,6.0,6.0,4.0,6.0,11.0,0.3462387956733043
Germany,1753,Hands,3.0,3.0,2.0,3.0,5.5,0.2887407789949217
Germany,1753,Helm,7.0,7.0,4.0,7.0,13.5,0.3697201259463621
Germany,1753,Lore,5.0,5.0,5.0,6.0,8.0,0.31147882699777735
Germany,1753,Shield,8.0,8.0,3.0,7.0,16.5,0.4054002539025638
Germany,1753,Stewards,7.0,7.0,4.0,5.0,12.5,0.3511349140304571
Germany,1754,Archive,6.0,6.0,4.0,7.0,11.5,0.3559264182778938
Germany,1754,Craft,6.0,6.0,4.0,6.0,11.0,0.34623879567330434
Germany,1754,Flow,6.0,6.0,4.0,6.0,11.0,0.3462387956733043
Germany,1754,Hands,3.0,3.0,2.0,3.0,5.5,0.2887407789949217
Germany,1754,Helm,7.0,7.0,4.0,7.0,13.5,0.3697201259463621
Germany,1754,Lore,5.0,5.0,5.0,6.0,8.0,0.31147882699777735
Germany,1754,Shield,8.0,8.0,3.0,7.0,16.5,0.4054002539025638
Germany,1754,Stewards,7.0,7.0,4.0,5.0,12.5,0.3511349140304571
Germany,1755,Archive,6.0,6.0,5.0,7.0,10.5,0.30248288212407914
Germany,1755,Craft,5.0,5.0,5.0,5.0,7.5,0.2720514374962871
Germany,1755,Flow,5.0,5.0,5.0,5.0,7.5,0.2720514374962871
Germany,1755,Hands,3.0,3.0,3.0,3.0,4.5,0.24556797545021047
Germany,1755,Helm,6.0,6.0,5.0,6.0,10.0,0.29428331520150114
Germany,1755,Lore,5.0,5.0,5.0,6.0,8.0,0.2812680930859068
Germany,1755,Shield,7.0,7.0,4.0,7.0,13.5,0.33285494113672426
Germany,1755,Stewards,7.0,7.0,4.0,5.0,12.5,0.3164402057544466
Germany,1756,Archive,5.0,5.0,5.0,6.0,8.0,0.2796627638015961
Germany,1756,Craft,5.0,4.0,5.0,5.0,6.5,0.27050670867222915
Germany,1756,Flow,5.0,4.0,5.0,5.0,6.5,0.27050670867222915
Germany,1756,Hands,2.0,2.0,1.0,2.0,4.0,0.23067775701106172
Germany,1756,Helm,6.0,6.0,2.0,6.0,13.0,0.34802600975010034
Germany,1756,Lore,4.0,4.0,6.0,5.0,4.5,0.24066360159892422
Germany,1756,Shield,7.0,7.0,2.0,7.0,15.5,0.37028926906481946
Germany,1756,Stewards,6.0,6.0,5.0,4.0,9.0,0.275142508026868
Germany,1757,Archive,4.0,5.0,6.0,5.0,5.5,0.20821318669917213
Germany,1757,Craft,4.0,4.0,6.0,4.0,4.0,0.1997375003986503
Germany,1757,Flow,4.0,4.0,6.0,4.0,4.0,0.1997375003986503
Germany,1757,Hands,2.0,1.0,1.0,1.0,2.5,0.1809993269707793
Germany,1757,Helm,5.0,6.0,2.0,6.0,12.0,0.2858934700329477
Germany,1757,Lore,3.0,4.0,7.0,4.0,2.0,0.17480783901961502
Germany,1757,Shield,6.0,7.0,2.0,7.0,14.5,0.30559832495519956
Germany,1757,Stewards,5.0,5.0,6.0,3.0,5.5,0.20404062711797905
Germany,1758,Archive,3.0,4.0,7.0,4.0,2.0,0.16758008056566367
Germany,1758,Craft,4.0,3.0,6.0,4.0,3.0,0.19133522006858503
Germany,1758,Flow,4.0,3.0,6.0,4.0,3.0,0.19133522006858503
Germany,1758,Hands,1.0,1.0,1.0,1.0,1.5,0.14044577230529964
Germany,1758,Helm,5.0,6.0,1.0,6.0,13.0,0.28810939171601796
Germany,1758,Lore,3.0,3.0,7.0,3.0,0.5,0.15846286435493986
Germany,1758,Shield,6.0,7.0,1.0,7.0,15.5,0.307171600775079
Germany,1758,Stewards,4.0,5.0,7.0,3.0,3.5,0.17188941811864483
Germany,1759,Archive,2.0,3.0,8.0,3.0,-1.5,0.11270482751074752
Germany,1759,Craft,3.0,3.0,7.0,3.0,0.5,0.13236464415302218
Germany,1759,Flow,3.0,3.0,7.0,3.0,0.5,0.13236464415302218
Germany,1759,Hands,1.0,1.0,2.0,1.0,0.5,0.11050849027813262
Germany,1759,Helm,4.0,5.0,1.0,5.0,10.5,0.2180615885078915
Germany,1759,Lore,2.0,2.0,8.0,2.0,-3.0,0.1037845362144237
Germany,1759,Shield,5.0,6.0,1.0,6.0,13.0,0.23503742997622337
Germany,1759,Stewards,3.0,4.0,8.0,2.0,0.0,0.11682622204758597
Germany,1760,Archive,1.0,2.0,9.0,2.0,-5.0,0.06743479832469869
Germany,1760,Craft,2.0,2.0,7.0,2.0,-2.0,0.0896441087905511
Germany,1760,Flow,2.0,2.0,7.0,2.0,-2.0,0.0896441087905511
Germany,1760,Hands,1.0,1.0,3.0,1.0,-0.5,0.08431737993850034
Germany,1760,Helm,3.0,4.0,1.0,4.0,8.0,0.15627151176450368
Germany,1760,Lore,1.0,1.0,9.0,1.0,-6.5,0.05774444910651609
Germany,1760,Shield,4.0,5.0,1.0,5.0,10.5,0.17115489150089777
Germany,1760,Stewards,2.0,3.0,9.0,1.0,-3.5,0.07166689217229365
Germany,1761,Archive,1.0,2.0,9.0,2.0,-5.0,0.06743479832469869
Germany,1761,Craft,2.0,2.0,7.0,2.0,-2.0,0.0896441087905511
Germany,1761,Flow,2.0,2.0,7.0,2.0,-2.0,0.0896441087905511
Germany,1761,Hands,1.0,1.0,3.0,1.0,-0.5,0.08431737993850034
Germany,1761,Helm,3.0,4.0,1.0,4.0,8.0,0.15627151176450368
Germany,1761,Lore,1.0,1.0,9.0,1.0,-6.5,0.05774444910651609
Germany,1761,Shield,4.0,5.0,1.0,5.0,10.5,0.17115489150089777
Germany,1761,Stewards,2.0,3.0,9.0,1.0,-3.5,0.07166689217229365
Germany,1762,Archive,1.0,2.0,9.0,2.0,-5.0,0.06743479832469869
Germany,1762,Craft,2.0,2.0,7.0,2.0,-2.0,0.0896441087905511
Germany,1762,Flow,2.0,2.0,7.0,2.0,-2.0,0.0896441087905511
Germany,1762,Hands,1.0,1.0,3.0,1.0,-0.5,0.08431737993850034
Germany,1762,Helm,3.0,4.0,1.0,4.0,8.0,0.15627151176450368
Germany,1762,Lore,1.0,1.0,9.0,1.0,-6.5,0.05774444910651609
Germany,1762,Shield,4.0,5.0,1.0,5.0,10.5,0.17115489150089777
Germany,1762,Stewards,2.0,3.0,9.0,1.0,-3.5,0.07166689217229365
Germany,1763,Archive,2.0,3.0,7.0,4.0,0.0,0.13162043445385993
Germany,1763,Craft,3.0,3.0,6.0,3.0,1.5,0.14417908349908234
Germany,1763,Flow,3.0,3.0,6.0,3.0,1.5,0.14417908349908234
Germany,1763,Hands,2.0,2.0,4.0,2.0,1.0,0.13631313493174785
Germany,1763,Helm,4.0,5.0,2.0,5.0,9.5,0.2125720673408291
Germany,1763,Lore,2.0,2.0,8.0,2.0,-3.0,0.10631741853750414
Germany,1763,Shield,5.0,6.0,2.0,6.0,12.0,0.2298021308070753
Germany,1763,Stewards,3.0,4.0,8.0,2.0,0.0,0.1197141522270303
Germany,1764,Archive,3.0,4.0,6.0,5.0,3.5,0.18262035868535426
Germany,1764,Craft,4.0,4.0,5.0,4.0,5.0,0.19822399517156694
Germany,1764,Flow,4.0,4.0,5.0,4.0,5.0,0.19822399517156697
Germany,1764,Hands,2.0,2.0,5.0,2.0,0.0,0.14608286778503438
Germany,1764,Helm,5.0,5.0,3.0,6.0,10.0,0.25180103538839793
Germany,1764,Lore,3.0,3.0,7.0,3.0,0.5,0.15474553673942998
Germany,1764,Shield,6.0,6.0,3.0,6.0,12.0,0.26251961944536084
Germany,1764,Stewards,4.0,5.0,7.0,3.0,3.5,0.1678172897413416
Germany,1765,Archive,4.0,5.0,5.0,6.0,7.0,0.2528100213334565
Germany,1765,Craft,5.0,5.0,4.0,5.0,8.5,0.2730216796336289
Germany,1765,Flow,5.0,5.0,4.0,5.0,8.5,0.2730216796336289
Germany,1765,Hands,3.0,3.0,4.0,3.0,3.5,0.2186445017729833
Germany,1765,Helm,6.0,6.0,4.0,7.0,11.5,0.3027912675768714
Germany,1765,Lore,4.0,4.0,6.0,5.0,4.5,0.22910564066611022
Germany,1765,Shield,7.0,7.0,4.0,7.0,13.5,0.31415005520210026
Germany,1765,Stewards,5.0,6.0,6.0,4.0,7.0,0.23362599312519908
Germany,1766,Archive,5.0,6.0,4.0,7.0,10.5,0.30167416553383564
Germany,1766,Craft,6.0,6.0,5.0,6.0,10.0,0.28858774886983035
Germany,1766,Flow,6.0,6.0,5.0,6.0,10.0,0.28858774886983035
Germany,1766,Hands,4.0,4.0,5.0,4.0,5.0,0.24205219228960537
Germany,1766,Helm,5.0,6.0,5.0,6.0,9.0,0.2758648044341118
Germany,1766,Lore,5.0,5.0,5.0,6.0,8.0,0.2758648044341118
Germany,1766,Shield,6.0,7.0,5.0,6.0,11.0,0.28858774886983035
Germany,1766,Stewards,6.0,7.0,5.0,5.0,10.5,0.2802061864410357
Germany,1767,Archive,6.0,7.0,3.0,8.0,14.0,0.3897520106532566
Germany,1767,Craft,6.0,7.0,4.0,6.0,12.0,0.3485320163860356
Germany,1767,Flow,6.0,7.0,4.0,6.0,12.0,0.3485320163860356
Germany,1767,Hands,4.0,5.0,4.0,4.0,7.0,0.2919513158390882
Germany,1767,Helm,6.0,6.0,4.0,7.0,11.5,0.3582948464457834
Germany,1767,Lore,6.0,6.0,4.0,7.0,11.5,0.3582948464457834
Germany,1767,Shield,7.0,7.0,5.0,7.0,12.5,0.35086083503761273
Germany,1767,Stewards,7.0,7.0,4.0,6.0,13.0,0.36302332586065766
Germany,1768,Archive,7.0,7.0,3.0,8.0,15.0,0.4234831864470627
Germany,1768,Craft,7.0,7.0,4.0,7.0,13.5,0.390153063225862
Germany,1768,Flow,7.0,7.0,4.0,7.0,13.5,0.390153063225862
Germany,1768,Hands,5.0,5.0,4.0,5.0,8.5,0.33725594523707664
Germany,1768,Helm,6.0,7.0,4.0,7.0,12.5,0.3754640432452486
Germany,1768,Lore,6.0,6.0,4.0,8.0,12.0,0.38535361026913645
Germany,1768,Shield,7.0,8.0,5.0,7.0,13.5,0.36761435286568983
Germany,1768,Stewards,7.0,8.0,4.0,6.0,14.0,0.38045872763260874
Germany,1769,Archive,7.0,8.0,2.0,9.0,17.5,0.5026058793719521
Germany,1769,Craft,7.0,8.0,3.0,7.0,15.5,0.45291542795048123
Germany,1769,Flow,7.0,8.0,3.0,7.0,15.5,0.45291542795048123
Germany,1769,Hands,5.0,6.0,3.0,5.0,10.5,0.39141750468381503
Germany,1769,Helm,6.0,7.0,3.0,7.0,13.5,0.4358341642488967
Germany,1769,Lore,7.0,7.0,3.0,8.0,15.0,0.46376490865557923
Germany,1769,Shield,7.0,8.0,4.0,7.0,14.5,0.42670733957120494
Germany,1769,Stewards,7.0,8.0,3.0,6.0,15.0,0.4416419299282414
Germany,1770,Archive,8.0,8.0,2.0,9.0,18.5,0.550561507981663
Germany,1770,Craft,8.0,8.0,3.0,7.0,16.5,0.4976992993963537
Germany,1770,Flow,8.0,8.0,3.0,7.0,16.5,0.49769929939635366
Germany,1770,Hands,6.0,6.0,3.0,6.0,12.0,0.44931239989526855
Germany,1770,Helm,7.0,7.0,3.0,8.0,15.0,0.492043186630758
Germany,1770,Lore,7.0,8.0,3.0,9.0,16.5,0.503256822656433
Germany,1770,Shield,8.0,8.0,4.0,7.0,15.5,0.4688455093690094
Germany,1770,Stewards,8.0,8.0,3.0,7.0,16.5,0.49769929939635366
Germany,1771,Archive,8.0,8.0,2.0,9.0,18.5,0.550561507981663
Germany,1771,Craft,8.0,8.0,3.0,7.0,16.5,0.4976992993963537
Germany,1771,Flow,8.0,8.0,3.0,7.0,16.5,0.49769929939635366
Germany,1771,Hands,6.0,6.0,3.0,6.0,12.0,0.44931239989526855
Germany,1771,Helm,7.0,7.0,3.0,8.0,15.0,0.492043186630758
Germany,1771,Lore,7.0,8.0,3.0,9.0,16.5,0.503256822656433
Germany,1771,Shield,8.0,8.0,4.0,7.0,15.5,0.4688455093690094
Germany,1771,Stewards,8.0,8.0,3.0,7.0,16.5,0.49769929939635366
Germany,1772,Archive,8.0,8.0,2.0,9.0,18.5,0.550561507981663
Germany,1772,Craft,8.0,8.0,3.0,7.0,16.5,0.4976992993963537
Germany,1772,Flow,8.0,8.0,3.0,7.0,16.5,0.49769929939635366
Germany,1772,Hands,6.0,6.0,3.0,6.0,12.0,0.44931239989526855
Germany,1772,Helm,7.0,7.0,3.0,8.0,15.0,0.492043186630758
Germany,1772,Lore,7.0,8.0,3.0,9.0,16.5,0.503256822656433
Germany,1772,Shield,8.0,8.0,4.0,7.0,15.5,0.4688455093690094
Germany,1772,Stewards,8.0,8.0,3.0,7.0,16.5,0.49769929939635366
Germany,1773,Archive,8.0,8.0,2.0,9.0,18.5,0.550561507981663
Germany,1773,Craft,8.0,8.0,3.0,7.0,16.5,0.4976992993963537
Germany,1773,Flow,8.0,8.0,3.0,7.0,16.5,0.49769929939635366
Germany,1773,Hands,6.0,6.0,3.0,6.0,12.0,0.44931239989526855
Germany,1773,Helm,7.0,7.0,3.0,8.0,15.0,0.492043186630758
Germany,1773,Lore,7.0,8.0,3.0,9.0,16.5,0.503256822656433
Germany,1773,Shield,8.0,8.0,4.0,7.0,15.5,0.4688455093690094
Germany,1773,Stewards,8.0,8.0,3.0,7.0,16.5,0.49769929939635366
Germany,1774,Archive,8.0,8.0,2.0,9.0,18.5,0.550561507981663
Germany,1774,Craft,8.0,8.0,3.0,7.0,16.5,0.4976992993963537
Germany,1774,Flow,8.0,8.0,3.0,7.0,16.5,0.49769929939635366
Germany,1774,Hands,6.0,6.0,3.0,6.0,12.0,0.44931239989526855
Germany,1774,Helm,7.0,7.0,3.0,8.0,15.0,0.492043186630758
Germany,1774,Lore,7.0,8.0,3.0,9.0,16.5,0.503256822656433
Germany,1774,Shield,8.0,8.0,4.0,7.0,15.5,0.4688455093690094
Germany,1774,Stewards,8.0,8.0,3.0,7.0,16.5,0.49769929939635366
Germany,1775,Archive,8.0,8.0,2.0,9.0,18.5,0.550561507981663
Germany,1775,Craft,8.0,8.0,3.0,7.0,16.5,0.4976992993963537
Germany,1775,Flow,8.0,8.0,3.0,7.0,16.5,0.49769929939635366
Germany,1775,Hands,6.0,6.0,3.0,6.0,12.0,0.44931239989526855
Germany,1775,Helm,7.0,7.0,3.0,8.0,15.0,0.492043186630758
Germany,1775,Lore,7.0,8.0,3.0,9.0,16.5,0.503256822656433
Germany,1775,Shield,8.0,8.0,4.0,7.0,15.5,0.4688455093690094
Germany,1775,Stewards,8.0,8.0,3.0,7.0,16.5,0.49769929939635366
Germany,1776,Archive,8.0,8.0,2.0,9.0,18.5,0.550561507981663
Germany,1776,Craft,8.0,8.0,3.0,7.0,16.5,0.4976992993963537
Germany,1776,Flow,8.0,8.0,3.0,7.0,16.5,0.49769929939635366
Germany,1776,Hands,6.0,6.0,3.0,6.0,12.0,0.44931239989526855
Germany,1776,Helm,7.0,7.0,3.0,8.0,15.0,0.492043186630758
Germany,1776,Lore,7.0,8.0,3.0,9.0,16.5,0.503256822656433
Germany,1776,Shield,8.0,8.0,4.0,7.0,15.5,0.4688455093690094
Germany,1776,Stewards,8.0,8.0,3.0,7.0,16.5,0.49769929939635366
Germany,1777,Archive,8.0,8.0,2.0,9.0,18.5,0.550561507981663
Germany,1777,Craft,8.0,8.0,3.0,7.0,16.5,0.4976992993963537
Germany,1777,Flow,8.0,8.0,3.0,7.0,16.5,0.49769929939635366
Germany,1777,Hands,6.0,6.0,3.0,6.0,12.0,0.44931239989526855
Germany,1777,Helm,7.0,7.0,3.0,8.0,15.0,0.492043186630758
Germany,1777,Lore,7.0,8.0,3.0,9.0,16.5,0.503256822656433
Germany,1777,Shield,8.0,8.0,4.0,7.0,15.5,0.4688455093690094
Germany,1777,Stewards,8.0,8.0,3.0,7.0,16.5,0.49769929939635366
Germany,1778,Archive,7.0,7.0,2.0,9.0,16.5,0.5178193142211286
Germany,1778,Craft,7.0,7.0,3.0,7.0,14.5,0.4663624463178345
Germany,1778,Flow,7.0,7.0,3.0,7.0,14.5,0.4663624463178345
Germany,1778,Hands,5.0,5.0,3.0,5.0,9.5,0.4027823094703963
Germany,1778,Helm,6.0,6.0,2.0,6.0,13.0,0.463263276977153
Germany,1778,Lore,7.0,7.0,3.0,8.0,15.0,0.47759079039957325
Germany,1778,Shield,7.0,7.0,2.0,7.0,15.5,0.4947597436800965
Germany,1778,Stewards,7.0,7.0,3.0,7.0,14.5,0.4663624463178345
Germany,1779,Archive,6.0,6.0,2.0,8.0,14.0,0.4451761822186831
Germany,1779,Craft,6.0,6.0,3.0,6.0,12.0,0.3981396319723987
Germany,1779,Flow,6.0,6.0,3.0,6.0,12.0,0.3981396319723987
Germany,1779,Hands,4.0,4.0,3.0,4.0,7.0,0.3335525806860535
Germany,1779,Helm,5.0,5.0,2.0,5.0,10.5,0.3907317666124551
Germany,1779,Lore,6.0,6.0,3.0,7.0,12.5,0.4092814211358471
Germany,1779,Shield,6.0,6.0,2.0,6.0,13.0,0.42236536318324164
Germany,1779,Stewards,6.0,6.0,3.0,6.0,12.0,0.3981396319723987
Germany,1780,Archive,7.0,7.0,3.0,9.0,15.5,0.4507878956808163
Germany,1780,Craft,7.0,7.0,4.0,7.0,13.5,0.4059920903421493
Germany,1780,Flow,7.0,7.0,4.0,7.0,13.5,0.4059920903421493
Germany,1780,Hands,5.0,5.0,4.0,5.0,8.5,0.3506423663951672
Germany,1780,Helm,6.0,6.0,3.0,6.0,12.0,0.40329410672686894
Germany,1780,Lore,7.0,7.0,4.0,8.0,14.0,0.4157669316073897
Germany,1780,Shield,7.0,7.0,3.0,7.0,14.5,0.43071337355695405
Germany,1780,Stewards,7.0,7.0,4.0,7.0,13.5,0.4059920903421493
Germany,1781,Archive,7.0,7.0,3.0,9.0,15.5,0.44823865142166336
Germany,1781,Craft,7.0,7.0,4.0,7.0,13.5,0.4037388362469668
Germany,1781,Flow,7.0,7.0,4.0,7.0,13.5,0.4037388362469668
Germany,1781,Hands,5.0,5.0,4.0,5.0,8.5,0.3487380191096393
Germany,1781,Helm,6.0,6.0,3.0,7.0,12.5,0.4122957791879321
Germany,1781,Lore,7.0,7.0,4.0,8.0,14.0,0.41345019314477277
Germany,1781,Shield,7.0,7.0,4.0,7.0,13.5,0.4037388362469669
Germany,1781,Stewards,7.0,7.0,4.0,7.0,13.5,0.4037388362469669
Germany,1782,Archive,7.0,7.0,3.0,9.0,15.5,0.44823865142166336
Germany,1782,Craft,7.0,7.0,4.0,7.0,13.5,0.4037388362469668
Germany,1782,Flow,7.0,7.0,4.0,7.0,13.5,0.4037388362469668
Germany,1782,Hands,5.0,5.0,4.0,5.0,8.5,0.3487380191096393
Germany,1782,Helm,6.0,6.0,3.0,7.0,12.5,0.4122957791879321
Germany,1782,Lore,7.0,7.0,4.0,8.0,14.0,0.41345019314477277
Germany,1782,Shield,7.0,7.0,4.0,7.0,13.5,0.4037388362469669
Germany,1782,Stewards,7.0,7.0,4.0,7.0,13.5,0.4037388362469669
Germany,1783,Archive,7.0,7.0,3.0,9.0,15.5,0.44823865142166336
Germany,1783,Craft,7.0,7.0,4.0,7.0,13.5,0.4037388362469668
Germany,1783,Flow,7.0,7.0,4.0,7.0,13.5,0.4037388362469668
Germany,1783,Hands,5.0,5.0,4.0,5.0,8.5,0.3487380191096393
Germany,1783,Helm,6.0,6.0,3.0,7.0,12.5,0.4122957791879321
Germany,1783,Lore,7.0,7.0,4.0,8.0,14.0,0.41345019314477277
Germany,1783,Shield,7.0,7.0,4.0,7.0,13.5,0.4037388362469669
Germany,1783,Stewards,7.0,7.0,4.0,7.0,13.5,0.4037388362469669
Germany,1784,Archive,7.0,7.0,3.0,9.0,15.5,0.44823865142166336
Germany,1784,Craft,7.0,7.0,4.0,7.0,13.5,0.4037388362469668
Germany,1784,Flow,7.0,7.0,4.0,7.0,13.5,0.4037388362469668
Germany,1784,Hands,5.0,5.0,4.0,5.0,8.5,0.3487380191096393
Germany,1784,Helm,6.0,6.0,3.0,7.0,12.5,0.4122957791879321
Germany,1784,Lore,7.0,7.0,4.0,8.0,14.0,0.41345019314477277
Germany,1784,Shield,7.0,7.0,4.0,7.0,13.5,0.4037388362469669
Germany,1784,Stewards,7.0,7.0,4.0,7.0,13.5,0.4037388362469669
Germany,1785,Archive,7.0,7.0,3.0,9.0,15.5,0.44823865142166336
Germany,1785,Craft,7.0,7.0,4.0,7.0,13.5,0.4037388362469668
Germany,1785,Flow,7.0,7.0,4.0,7.0,13.5,0.4037388362469668
Germany,1785,Hands,5.0,5.0,4.0,5.0,8.5,0.3487380191096393
Germany,1785,Helm,6.0,6.0,3.0,7.0,12.5,0.4122957791879321
Germany,1785,Lore,7.0,7.0,4.0,8.0,14.0,0.41345019314477277
Germany,1785,Shield,7.0,7.0,4.0,7.0,13.5,0.4037388362469669
Germany,1785,Stewards,7.0,7.0,4.0,7.0,13.5,0.4037388362469669
Germany,1786,Archive,7.0,7.0,3.0,9.0,15.5,0.4338988619244319
Germany,1786,Craft,7.0,7.0,4.0,7.0,13.5,0.39106402515631494
Germany,1786,Flow,7.0,7.0,4.0,7.0,13.5,0.39106402515631494
Germany,1786,Hands,5.0,5.0,4.0,5.0,8.5,0.3380258485884947
Germany,1786,Helm,5.0,6.0,4.0,6.0,10.0,0.34961419943963573
Germany,1786,Lore,7.0,7.0,4.0,8.0,14.0,0.40041827525193613
Germany,1786,Shield,6.0,7.0,4.0,6.0,12.0,0.3659994065693982
Germany,1786,Stewards,7.0,7.0,4.0,7.0,13.5,0.391064025156315
Germany,1787,Archive,7.0,7.0,3.0,9.0,15.5,0.4338988619244319
Germany,1787,Craft,7.0,7.0,4.0,7.0,13.5,0.39106402515631494
Germany,1787,Flow,7.0,7.0,4.0,7.0,13.5,0.39106402515631494
Germany,1787,Hands,5.0,5.0,4.0,5.0,8.5,0.3380258485884947
Germany,1787,Helm,5.0,6.0,4.0,6.0,10.0,0.34961419943963573
Germany,1787,Lore,7.0,7.0,4.0,8.0,14.0,0.40041827525193613
Germany,1787,Shield,6.0,7.0,4.0,6.0,12.0,0.3659994065693982
Germany,1787,Stewards,7.0,7.0,4.0,7.0,13.5,0.391064025156315
Germany,1788,Archive,7.0,7.0,3.0,9.0,15.5,0.4338988619244319
Germany,1788,Craft,7.0,7.0,4.0,7.0,13.5,0.39106402515631494
Germany,1788,Flow,7.0,7.0,4.0,7.0,13.5,0.39106402515631494
Germany,1788,Hands,5.0,5.0,4.0,5.0,8.5,0.3380258485884947
Germany,1788,Helm,5.0,6.0,4.0,6.0,10.0,0.34961419943963573
Germany,1788,Lore,7.0,7.0,4.0,8.0,14.0,0.40041827525193613
Germany,1788,Shield,6.0,7.0,4.0,6.0,12.0,0.3659994065693982
Germany,1788,Stewards,7.0,7.0,4.0,7.0,13.5,0.391064025156315
Germany,1789,Archive,6.0,6.0,4.0,8.0,12.0,0.32828348878099345
Germany,1789,Craft,6.0,6.0,5.0,6.0,10.0,0.29376054479635194
Germany,1789,Flow,6.0,6.0,5.0,6.0,10.0,0.29376054479635194
Germany,1789,Hands,5.0,4.0,5.0,4.0,6.0,0.261883633404941
Germany,1789,Helm,4.0,5.0,5.0,5.0,6.5,0.25683359443820153
Germany,1789,Lore,6.0,6.0,5.0,7.0,10.5,0.30194296717127045
Germany,1789,Shield,5.0,6.0,5.0,6.0,9.0,0.2807721495338266
Germany,1789,Stewards,6.0,6.0,5.0,6.0,10.0,0.29376054479635194
Germany,1790,Archive,5.0,5.0,5.0,7.0,8.5,0.24774103984979007
Germany,1790,Craft,5.0,5.0,6.0,5.0,6.5,0.21941636471125658
Germany,1790,Flow,5.0,5.0,6.0,5.0,6.5,0.21941636471125658
Germany,1790,Hands,4.0,3.0,6.0,3.0,2.5,0.19017703935567556
Germany,1790,Helm,4.0,5.0,6.0,5.0,5.5,0.2076366635959998
Germany,1790,Lore,5.0,5.0,6.0,7.0,7.5,0.23373912127888882
Germany,1790,Shield,5.0,6.0,6.0,6.0,8.0,0.22675660627775204
Germany,1790,Stewards,5.0,5.0,6.0,5.0,6.5,0.21941636471125658
Germany,1791,Archive,5.0,5.0,5.0,7.0,8.5,0.24774103984979007
Germany,1791,Craft,5.0,5.0,6.0,5.0,6.5,0.21941636471125658
Germany,1791,Flow,5.0,5.0,6.0,5.0,6.5,0.21941636471125658
Germany,1791,Hands,4.0,3.0,6.0,3.0,2.5,0.19017703935567556
Germany,1791,Helm,4.0,5.0,6.0,5.0,5.5,0.2076366635959998
Germany,1791,Lore,5.0,5.0,6.0,7.0,7.5,0.23373912127888882
Germany,1791,Shield,5.0,6.0,6.0,6.0,8.0,0.22675660627775204
Germany,1791,Stewards,5.0,5.0,6.0,5.0,6.5,0.21941636471125658
Germany,1792,Archive,4.0,4.0,6.0,6.0,5.0,0.17471257690241535
Germany,1792,Craft,4.0,4.0,7.0,4.0,3.0,0.1525785945360553
Germany,1792,Flow,4.0,4.0,7.0,4.0,3.0,0.1525785945360553
Germany,1792,Hands,3.0,2.0,7.0,2.0,-1.0,0.12639556695978907
Germany,1792,Helm,3.0,4.0,7.0,4.0,2.0,0.14222854991887068
Germany,1792,Lore,4.0,4.0,7.0,6.0,4.0,0.16487753930697213
Germany,1792,Shield,4.0,5.0,7.0,5.0,4.5,0.15891733317810572
Germany,1792,Stewards,4.0,4.0,7.0,4.0,3.0,0.1525785945360553
Germany,1793,Archive,3.0,3.0,7.0,5.0,1.5,0.1162145416681941
Germany,1793,Craft,3.0,3.0,8.0,3.0,-0.5,0.09926011451478951
Germany,1793,Flow,3.0,3.0,8.0,3.0,-0.5,0.09926011451478949
Germany,1793,Hands,2.0,1.0,8.0,1.0,-4.5,0.07527392527698067
Germany,1793,Helm,2.0,3.0,8.0,3.0,-1.5,0.09011591782004087
Germany,1793,Lore,3.0,3.0,8.0,5.0,0.5,0.10971729245875683
Germany,1793,Shield,3.0,4.0,8.0,4.0,1.0,0.10469847346515629
Germany,1793,Stewards,3.0,3.0,8.0,3.0,-0.5,0.09926011451478951
Germany,1794,Archive,3.0,3.0,7.0,5.0,1.5,0.1162145416681941
Germany,1794,Craft,3.0,3.0,8.0,3.0,-0.5,0.09926011451478951
Germany,1794,Flow,3.0,3.0,8.0,3.0,-0.5,0.09926011451478949
Germany,1794,Hands,2.0,1.0,8.0,1.0,-4.5,0.07527392527698067
Germany,1794,Helm,2.0,3.0,8.0,3.0,-1.5,0.09011591782004087
Germany,1794,Lore,3.0,3.0,8.0,5.0,0.5,0.10971729245875683
Germany,1794,Shield,3.0,4.0,8.0,4.0,1.0,0.10469847346515629
Germany,1794,Stewards,3.0,3.0,8.0,3.0,-0.5,0.09926011451478951
Germany,1795,Archive,3.0,3.0,7.0,5.0,1.5,0.1162145416681941
Germany,1795,Craft,3.0,3.0,8.0,3.0,-0.5,0.09926011451478951
Germany,1795,Flow,3.0,3.0,8.0,3.0,-0.5,0.09926011451478949
Germany,1795,Hands,2.0,1.0,8.0,1.0,-4.5,0.07527392527698067
Germany,1795,Helm,2.0,3.0,8.0,3.0,-1.5,0.09011591782004087
Germany,1795,Lore,3.0,3.0,8.0,5.0,0.5,0.10971729245875683
Germany,1795,Shield,3.0,4.0,8.0,4.0,1.0,0.10469847346515629
Germany,1795,Stewards,3.0,3.0,8.0,3.0,-0.5,0.09926011451478951
Germany,1796,Archive,3.0,3.0,7.0,5.0,1.5,0.1162145416681941
Germany,1796,Craft,3.0,3.0,8.0,3.0,-0.5,0.09926011451478951
Germany,1796,Flow,3.0,3.0,8.0,3.0,-0.5,0.09926011451478949
Germany,1796,Hands,2.0,1.0,8.0,1.0,-4.5,0.07527392527698067
Germany,1796,Helm,2.0,3.0,8.0,3.0,-1.5,0.09011591782004087
Germany,1796,Lore,3.0,3.0,8.0,5.0,0.5,0.10971729245875683
Germany,1796,Shield,3.0,4.0,8.0,4.0,1.0,0.10469847346515629
Germany,1796,Stewards,3.0,3.0,8.0,3.0,-0.5,0.09926011451478951
Germany,1797,Archive,3.0,3.0,7.0,5.0,1.5,0.1162145416681941
Germany,1797,Craft,3.0,3.0,8.0,3.0,-0.5,0.09926011451478951
Germany,1797,Flow,3.0,3.0,8.0,3.0,-0.5,0.09926011451478949
Germany,1797,Hands,2.0,1.0,8.0,1.0,-4.5,0.07527392527698067
Germany,1797,Helm,2.0,3.0,8.0,3.0,-1.5,0.09011591782004087
Germany,1797,Lore,3.0,3.0,8.0,5.0,0.5,0.10971729245875683
Germany,1797,Shield,3.0,4.0,8.0,4.0,1.0,0.10469847346515629
Germany,1797,Stewards,3.0,3.0,8.0,3.0,-0.5,0.09926011451478951
Germany,1798,Archive,2.0,2.0,8.0,4.0,-2.0,0.07098783550135575
Germany,1798,Craft,2.0,2.0,9.0,2.0,-4.0,0.05817802172766006
Germany,1798,Flow,2.0,2.0,9.0,2.0,-4.0,0.05817802172766006
Germany,1798,Hands,1.0,1.0,9.0,1.0,-6.5,0.04283738238577329
Germany,1798,Helm,1.0,2.0,9.0,2.0,-5.0,0.049796519114317976
Germany,1798,Lore,2.0,2.0,9.0,4.0,-3.0,0.06705845310403154
Germany,1798,Shield,2.0,3.0,9.0,3.0,-2.5,0.06287295809971208
Germany,1798,Stewards,2.0,2.0,9.0,2.0,-4.0,0.058178021727660054
Germany,1799,Archive,2.0,2.0,8.0,4.0,-2.0,0.07098783550135575
Germany,1799,Craft,2.0,2.0,9.0,2.0,-4.0,0.05817802172766006
Germany,1799,Flow,2.0,2.0,9.0,2.0,-4.0,0.05817802172766006
Germany,1799,Hands,1.0,1.0,9.0,1.0,-6.5,0.04283738238577329
Germany,1799,Helm,1.0,2.0,9.0,2.0,-5.0,0.049796519114317976
Germany,1799,Lore,2.0,2.0,9.0,4.0,-3.0,0.06705845310403154
Germany,1799,Shield,2.0,3.0,9.0,3.0,-2.5,0.06287295809971208
Germany,1799,Stewards,2.0,2.0,9.0,2.0,-4.0,0.058178021727660054
Germany,1800,Archive,2.0,2.0,8.0,4.0,-2.0,0.07098783550135575
Germany,1800,Craft,2.0,2.0,9.0,2.0,-4.0,0.05817802172766006
Germany,1800,Flow,2.0,2.0,9.0,2.0,-4.0,0.05817802172766006
Germany,1800,Hands,1.0,1.0,9.0,1.0,-6.5,0.04283738238577329
Germany,1800,Helm,1.0,2.0,9.0,2.0,-5.0,0.049796519114317976
Germany,1800,Lore,2.0,2.0,9.0,4.0,-3.0,0.06705845310403154
Germany,1800,Shield,2.0,3.0,9.0,3.0,-2.5,0.06287295809971208
Germany,1800,Stewards,2.0,2.0,9.0,2.0,-4.0,0.058178021727660054
Germany,1801,Archive,2.0,2.0,8.0,4.0,-2.0,0.07098783550135575
Germany,1801,Craft,2.0,2.0,9.0,2.0,-4.0,0.05817802172766006
Germany,1801,Flow,2.0,2.0,9.0,2.0,-4.0,0.05817802172766006
Germany,1801,Hands,1.0,1.0,9.0,1.0,-6.5,0.04283738238577329
Germany,1801,Helm,1.0,2.0,9.0,2.0,-5.0,0.049796519114317976
Germany,1801,Lore,2.0,2.0,9.0,4.0,-3.0,0.06705845310403154
Germany,1801,Shield,2.0,3.0,9.0,3.0,-2.5,0.06287295809971208
Germany,1801,Stewards,2.0,2.0,9.0,2.0,-4.0,0.058178021727660054
Germany,1802,Archive,1.0,2.0,8.0,4.0,-3.0,0.05808408668264226
Germany,1802,Craft,1.0,2.0,9.0,2.0,-5.0,0.045205265063692
Germany,1802,Flow,1.0,2.0,9.0,2.0,-5.0,0.045205265063692
Germany,1802,Hands,1.0,1.0,9.0,1.0,-6.5,0.03895706449034721
Germany,1802,Helm,1.0,2.0,9.0,3.0,-4.5,0.0503859706620367
Germany,1802,Lore,1.0,2.0,9.0,3.0,-4.5,0.0503859706620367
Germany,1802,Shield,2.0,3.0,9.0,4.0,-2.0,0.06056543935733588
Germany,1802,Stewards,1.0,2.0,9.0,2.0,-5.0,0.045205265063692
Germany,1803,Archive,1.0,1.0,8.0,3.0,-4.5,0.06328762481445574
Germany,1803,Craft,2.0,3.0,8.0,3.0,-1.5,0.07156299267843294
Germany,1803,Flow,2.0,3.0,8.0,3.0,-1.5,0.07156299267843294
Germany,1803,Hands,1.0,1.0,9.0,1.0,-6.5,0.04580948110845843
Germany,1803,Helm,2.0,3.0,8.0,4.0,-1.0,0.07631805687345938
Germany,1803,Lore,1.0,1.0,9.0,3.0,-5.5,0.05957945228298424
Germany,1803,Shield,3.0,4.0,8.0,5.0,1.5,0.08637204027390481
Germany,1803,Stewards,1.0,1.0,9.0,2.0,-6.0,0.05331315374764872
Germany,1804,Archive,1.0,1.0,8.0,3.0,-4.5,0.06328762481445574
Germany,1804,Craft,2.0,3.0,8.0,3.0,-1.5,0.07156299267843294
Germany,1804,Flow,2.0,3.0,8.0,3.0,-1.5,0.07156299267843294
Germany,1804,Hands,1.0,1.0,9.0,1.0,-6.5,0.04580948110845843
Germany,1804,Helm,2.0,3.0,8.0,4.0,-1.0,0.07631805687345938
Germany,1804,Lore,1.0,1.0,9.0,3.0,-5.5,0.05957945228298424
Germany,1804,Shield,3.0,4.0,8.0,5.0,1.5,0.08637204027390481
Germany,1804,Stewards,1.0,1.0,9.0,2.0,-6.0,0.05331315374764872
Germany,1805,Archive,1.0,1.0,8.0,3.0,-4.5,0.0738389545865257
Germany,1805,Craft,3.0,4.0,7.0,4.0,2.0,0.10285541348642287
Germany,1805,Flow,3.0,4.0,7.0,4.0,2.0,0.10285541348642287
Germany,1805,Hands,1.0,1.0,9.0,1.0,-6.5,0.0531473161541633
Germany,1805,Helm,3.0,4.0,7.0,5.0,2.5,0.10762478597315751
Germany,1805,Lore,1.0,1.0,9.0,3.0,-5.5,0.06942419106491006
Germany,1805,Shield,4.0,5.0,7.0,6.0,5.0,0.1180952821495238
Germany,1805,Stewards,1.0,1.0,9.0,2.0,-6.0,0.0619953972607716
Germany,1806,Archive,1.0,1.0,8.0,3.0,-4.5,0.08168972898866637
Germany,1806,Craft,4.0,5.0,7.0,5.0,4.5,0.12728217821841561
Germany,1806,Flow,4.0,5.0,7.0,5.0,4.5,0.12728217821841561
Germany,1806,Hands,1.0,1.0,9.0,1.0,-6.5,0.05860707229754929
Germany,1806,Helm,4.0,5.0,6.0,6.0,6.0,0.13929920778601873
Germany,1806,Lore,1.0,1.0,9.0,2.0,-6.0,0.06845546784887956
Germany,1806,Shield,5.0,6.0,6.0,7.0,8.5,0.14986746948175117
Germany,1806,Stewards,1.0,1.0,9.0,2.0,-6.0,0.06845546784887957
Germany,1807,Archive,2.0,2.0,8.0,4.0,-2.0,0.07764068588577668
Germany,1807,Craft,2.0,2.0,9.0,2.0,-4.0,0.06342417215497129
Germany,1807,Flow,2.0,2.0,9.0,2.0,-4.0,0.06342417215497129
Germany,1807,Hands,1.0,1.0,9.0,1.0,-6.5,0.04654697092804976
Germany,1807,Helm,2.0,3.0,8.0,3.0,-1.5,0.07278750920257862
Germany,1807,Lore,2.0,2.0,9.0,4.0,-3.0,0.07326578200045461
Germany,1807,Shield,3.0,4.0,8.0,4.0,1.0,0.08407354181146434
Germany,1807,Stewards,2.0,2.0,9.0,2.0,-4.0,0.06342417215497129
Germany,1808,Archive,3.0,3.0,7.0,5.0,1.5,0.11573082876690731
Germany,1808,Craft,2.0,3.0,8.0,3.0,-1.5,0.08975724497824387
Germany,1808,Flow,2.0,3.0,8.0,3.0,-1.5,0.08975724497824387
Germany,1808,Hands,1.0,2.0,9.0,1.0,-5.5,0.05676733719418848
Germany,1808,Helm,3.0,4.0,7.0,4.0,2.0,0.11052296235078334
Germany,1808,Lore,3.0,3.0,8.0,5.0,0.5,0.10926597236342425
Germany,1808,Shield,4.0,5.0,7.0,5.0,4.5,0.12284928129996815
Germany,1808,Stewards,2.0,3.0,8.0,3.0,-1.5,0.08975724497824387
Germany,1809,Archive,4.0,4.0,6.0,6.0,5.0,0.1751702264465724
Germany,1809,Craft,3.0,4.0,7.0,4.0,2.0,0.14258792575658388
Germany,1809,Flow,3.0,4.0,7.0,4.0,2.0,0.14258792575658388
Germany,1809,Hands,2.0,2.0,8.0,2.0,-3.0,0.10578215968951933
Germany,1809,Helm,4.0,5.0,6.0,5.0,5.5,0.16892931841293532
Germany,1809,Lore,4.0,4.0,7.0,6.0,4.0,0.1653045414302324
Germany,1809,Shield,5.0,6.0,6.0,6.0,8.0,0.18387570280383617
Germany,1809,Stewards,3.0,4.0,7.0,4.0,2.0,0.14258792575658388
Germany,1810,Archive,5.0,5.0,5.0,7.0,8.5,0.24432803257262478
Germany,1810,Craft,4.0,5.0,6.0,5.0,5.5,0.20486304617675583
Germany,1810,Flow,4.0,5.0,6.0,5.0,5.5,0.20486304617675583
Germany,1810,Hands,2.0,3.0,7.0,2.0,-1.0,0.13525362723379508
Germany,1810,Helm,5.0,6.0,5.0,6.0,9.0,0.23715548478469758
Germany,1810,Lore,5.0,5.0,6.0,7.0,7.5,0.23055467288893836
Germany,1810,Shield,6.0,7.0,5.0,7.0,11.5,0.25445915698575744
Germany,1810,Stewards,4.0,5.0,6.0,5.0,5.5,0.20486304617675583
Germany,1811,Archive,5.0,5.0,5.0,7.0,8.5,0.24432803257262478
Germany,1811,Craft,4.0,5.0,6.0,5.0,5.5,0.20486304617675583
Germany,1811,Flow,4.0,5.0,6.0,5.0,5.5,0.20486304617675583
Germany,1811,Hands,2.0,3.0,7.0,2.0,-1.0,0.13525362723379508
Germany,1811,Helm,5.0,6.0,5.0,6.0,9.0,0.23715548478469758
Germany,1811,Lore,5.0,5.0,6.0,7.0,7.5,0.23055467288893836
Germany,1811,Shield,6.0,7.0,5.0,7.0,11.5,0.25445915698575744
Germany,1811,Stewards,4.0,5.0,6.0,5.0,5.5,0.20486304617675583
Germany,1812,Archive,5.0,5.0,5.0,7.0,8.5,0.24432803257262478
Germany,1812,Craft,4.0,5.0,6.0,5.0,5.5,0.20486304617675583
Germany,1812,Flow,4.0,5.0,6.0,5.0,5.5,0.20486304617675583
Germany,1812,Hands,2.0,3.0,7.0,2.0,-1.0,0.13525362723379508
Germany,1812,Helm,5.0,6.0,5.0,6.0,9.0,0.23715548478469758
Germany,1812,Lore,5.0,5.0,6.0,7.0,7.5,0.23055467288893836
Germany,1812,Shield,6.0,7.0,5.0,7.0,11.5,0.25445915698575744
Germany,1812,Stewards,4.0,5.0,6.0,5.0,5.5,0.20486304617675583
Germany,1813,Archive,6.0,6.0,4.0,8.0,12.0,0.33582131404441967
Germany,1813,Craft,5.0,6.0,5.0,6.0,9.0,0.2870395217746696
Germany,1813,Flow,5.0,6.0,5.0,6.0,9.0,0.2870395217746696
Germany,1813,Hands,3.0,4.0,6.0,3.0,2.5,0.2077887881574227
Germany,1813,Helm,6.0,7.0,4.0,7.0,12.5,0.3274106575478627
Germany,1813,Lore,6.0,6.0,5.0,8.0,11.0,0.3168185048735923
Germany,1813,Shield,7.0,8.0,4.0,8.0,15.0,0.3478102906563988
Germany,1813,Stewards,5.0,6.0,5.0,6.0,9.0,0.2870395217746696
Germany,1814,Archive,6.0,6.0,4.0,8.0,12.0,0.33582131404441967
Germany,1814,Craft,5.0,6.0,5.0,6.0,9.0,0.2870395217746696
Germany,1814,Flow,5.0,6.0,5.0,6.0,9.0,0.2870395217746696
Germany,1814,Hands,3.0,4.0,6.0,3.0,2.5,0.2077887881574227
Germany,1814,Helm,6.0,7.0,4.0,7.0,12.5,0.3274106575478627
Germany,1814,Lore,6.0,6.0,5.0,8.0,11.0,0.3168185048735923
Germany,1814,Shield,7.0,8.0,4.0,8.0,15.0,0.3478102906563988
Germany,1814,Stewards,5.0,6.0,5.0,6.0,9.0,0.2870395217746696
Germany,1815,Archive,7.0,7.0,4.0,9.0,14.5,0.3746979217768807
Germany,1815,Craft,6.0,7.0,5.0,7.0,11.5,0.3250553689319768
Germany,1815,Flow,6.0,7.0,5.0,7.0,11.5,0.3250553689319768
Germany,1815,Hands,4.0,5.0,7.0,4.0,4.0,0.23352194645801116
Germany,1815,Helm,7.0,7.0,5.0,7.0,12.5,0.33776018636796495
Germany,1815,Lore,7.0,7.0,5.0,8.0,13.0,0.34582800319488366
Germany,1815,Shield,8.0,8.0,5.0,8.0,15.0,0.3573902187487247
Germany,1815,Stewards,6.0,7.0,5.0,7.0,11.5,0.3250553689319768
Germany,1816,Archive,7.0,7.0,5.0,8.0,13.0,0.31137063657754716
Germany,1816,Craft,6.0,7.0,6.0,6.0,10.0,0.26869661255761756
Germany,1816,Flow,6.0,7.0,6.0,6.0,10.0,0.26869661255761756
Germany,1816,Hands,4.0,4.0,6.0,3.0,3.5,0.21464558235607706
Germany,1816,Helm,6.0,6.0,6.0,6.0,9.0,0.26869661255761756
Germany,1816,Lore,6.0,6.0,6.0,7.0,9.5,0.2762449605132899
Germany,1816,Shield,7.0,7.0,6.0,7.0,11.5,0.286996644391334
Germany,1816,Stewards,7.0,7.0,5.0,6.0,12.0,0.2968339603229122
Germany,1817,Archive,7.0,7.0,5.0,8.0,13.0,0.31137063657754716
Germany,1817,Craft,6.0,7.0,6.0,6.0,10.0,0.26869661255761756
Germany,1817,Flow,6.0,7.0,6.0,6.0,10.0,0.26869661255761756
Germany,1817,Hands,4.0,4.0,6.0,3.0,3.5,0.21464558235607706
Germany,1817,Helm,6.0,6.0,6.0,6.0,9.0,0.26869661255761756
Germany,1817,Lore,6.0,6.0,6.0,7.0,9.5,0.2762449605132899
Germany,1817,Shield,7.0,7.0,6.0,7.0,11.5,0.286996644391334
Germany,1817,Stewards,7.0,7.0,5.0,6.0,12.0,0.2968339603229122
Germany,1818,Archive,7.0,7.0,5.0,8.0,13.0,0.31137063657754716
Germany,1818,Craft,6.0,7.0,6.0,6.0,10.0,0.26869661255761756
Germany,1818,Flow,6.0,7.0,6.0,6.0,10.0,0.26869661255761756
Germany,1818,Hands,4.0,4.0,6.0,3.0,3.5,0.21464558235607706
Germany,1818,Helm,6.0,6.0,6.0,6.0,9.0,0.26869661255761756
Germany,1818,Lore,6.0,6.0,6.0,7.0,9.5,0.2762449605132899
Germany,1818,Shield,7.0,7.0,6.0,7.0,11.5,0.286996644391334
Germany,1818,Stewards,7.0,7.0,5.0,6.0,12.0,0.2968339603229122
Germany,1819,Archive,6.0,6.0,4.0,8.0,12.0,0.3280439798926458
Germany,1819,Craft,6.0,6.0,5.0,6.0,10.0,0.2935506315697371
Germany,1819,Flow,6.0,6.0,5.0,6.0,10.0,0.2935506315697371
Germany,1819,Hands,3.0,3.0,5.0,3.0,2.5,0.21644764711254982
Germany,1819,Helm,5.0,5.0,5.0,5.0,7.5,0.2713825919085671
Germany,1819,Lore,5.0,5.0,4.0,6.0,9.0,0.2977436016711263
Germany,1819,Shield,6.0,6.0,5.0,6.0,10.0,0.2935506315697371
Germany,1819,Stewards,6.0,6.0,4.0,6.0,11.0,0.3113229957217524
Germany,1820,Archive,6.0,6.0,4.0,8.0,12.0,0.3280439798926458
Germany,1820,Craft,6.0,6.0,5.0,6.0,10.0,0.2935506315697371
Germany,1820,Flow,6.0,6.0,5.0,6.0,10.0,0.2935506315697371
Germany,1820,Hands,3.0,3.0,5.0,3.0,2.5,0.21644764711254982
Germany,1820,Helm,5.0,5.0,5.0,5.0,7.5,0.2713825919085671
Germany,1820,Lore,5.0,5.0,4.0,6.0,9.0,0.2977436016711263
Germany,1820,Shield,6.0,6.0,5.0,6.0,10.0,0.2935506315697371
Germany,1820,Stewards,6.0,6.0,4.0,6.0,11.0,0.3113229957217524
Germany,1821,Archive,6.0,6.0,4.0,8.0,12.0,0.3280439798926458
Germany,1821,Craft,6.0,6.0,5.0,6.0,10.0,0.2935506315697371
Germany,1821,Flow,6.0,6.0,5.0,6.0,10.0,0.2935506315697371
Germany,1821,Hands,3.0,3.0,5.0,3.0,2.5,0.21644764711254982
Germany,1821,Helm,5.0,5.0,5.0,5.0,7.5,0.2713825919085671
Germany,1821,Lore,5.0,5.0,4.0,6.0,9.0,0.2977436016711263
Germany,1821,Shield,6.0,6.0,5.0,6.0,10.0,0.2935506315697371
Germany,1821,Stewards,6.0,6.0,4.0,6.0,11.0,0.3113229957217524
Germany,1822,Archive,6.0,6.0,4.0,8.0,12.0,0.3280439798926458
Germany,1822,Craft,6.0,6.0,5.0,6.0,10.0,0.2935506315697371
Germany,1822,Flow,6.0,6.0,5.0,6.0,10.0,0.2935506315697371
Germany,1822,Hands,3.0,3.0,5.0,3.0,2.5,0.21644764711254982
Germany,1822,Helm,5.0,5.0,5.0,5.0,7.5,0.2713825919085671
Germany,1822,Lore,5.0,5.0,4.0,6.0,9.0,0.2977436016711263
Germany,1822,Shield,6.0,6.0,5.0,6.0,10.0,0.2935506315697371
Germany,1822,Stewards,6.0,6.0,4.0,6.0,11.0,0.3113229957217524
Germany,1823,Archive,6.0,6.0,4.0,8.0,12.0,0.3280439798926458
Germany,1823,Craft,6.0,6.0,5.0,6.0,10.0,0.2935506315697371
Germany,1823,Flow,6.0,6.0,5.0,6.0,10.0,0.2935506315697371
Germany,1823,Hands,3.0,3.0,5.0,3.0,2.5,0.21644764711254982
Germany,1823,Helm,5.0,5.0,5.0,5.0,7.5,0.2713825919085671
Germany,1823,Lore,5.0,5.0,4.0,6.0,9.0,0.2977436016711263
Germany,1823,Shield,6.0,6.0,5.0,6.0,10.0,0.2935506315697371
Germany,1823,Stewards,6.0,6.0,4.0,6.0,11.0,0.3113229957217524
Germany,1824,Archive,6.0,6.0,4.0,8.0,12.0,0.3280439798926458
Germany,1824,Craft,6.0,6.0,5.0,6.0,10.0,0.2935506315697371
Germany,1824,Flow,6.0,6.0,5.0,6.0,10.0,0.2935506315697371
Germany,1824,Hands,3.0,3.0,5.0,3.0,2.5,0.21644764711254982
Germany,1824,Helm,5.0,5.0,5.0,5.0,7.5,0.2713825919085671
Germany,1824,Lore,5.0,5.0,4.0,6.0,9.0,0.2977436016711263
Germany,1824,Shield,6.0,6.0,5.0,6.0,10.0,0.2935506315697371
Germany,1824,Stewards,6.0,6.0,4.0,6.0,11.0,0.3113229957217524
Germany,1825,Archive,6.0,6.0,4.0,8.0,12.0,0.3280439798926458
Germany,1825,Craft,6.0,6.0,5.0,6.0,10.0,0.2935506315697371
Germany,1825,Flow,6.0,6.0,5.0,6.0,10.0,0.2935506315697371
Germany,1825,Hands,3.0,3.0,5.0,3.0,2.5,0.21644764711254982
Germany,1825,Helm,5.0,5.0,5.0,5.0,7.5,0.2713825919085671
Germany,1825,Lore,5.0,5.0,4.0,6.0,9.0,0.2977436016711263
Germany,1825,Shield,6.0,6.0,5.0,6.0,10.0,0.2935506315697371
Germany,1825,Stewards,6.0,6.0,4.0,6.0,11.0,0.3113229957217524
Germany,1826,Archive,6.0,6.0,4.0,8.0,12.0,0.3280439798926458
Germany,1826,Craft,6.0,6.0,5.0,6.0,10.0,0.2935506315697371
Germany,1826,Flow,6.0,6.0,5.0,6.0,10.0,0.2935506315697371
Germany,1826,Hands,3.0,3.0,5.0,3.0,2.5,0.21644764711254982
Germany,1826,Helm,5.0,5.0,5.0,5.0,7.5,0.2713825919085671
Germany,1826,Lore,5.0,5.0,4.0,6.0,9.0,0.2977436016711263
Germany,1826,Shield,6.0,6.0,5.0,6.0,10.0,0.2935506315697371
Germany,1826,Stewards,6.0,6.0,4.0,6.0,11.0,0.3113229957217524
Germany,1827,Archive,6.0,6.0,4.0,8.0,12.0,0.3280439798926458
Germany,1827,Craft,6.0,6.0,5.0,6.0,10.0,0.2935506315697371
Germany,1827,Flow,6.0,6.0,5.0,6.0,10.0,0.2935506315697371
Germany,1827,Hands,3.0,3.0,5.0,3.0,2.5,0.21644764711254982
Germany,1827,Helm,5.0,5.0,5.0,5.0,7.5,0.2713825919085671
Germany,1827,Lore,5.0,5.0,4.0,6.0,9.0,0.2977436016711263
Germany,1827,Shield,6.0,6.0,5.0,6.0,10.0,0.2935506315697371
Germany,1827,Stewards,6.0,6.0,4.0,6.0,11.0,0.3113229957217524
Germany,1828,Archive,6.0,6.0,4.0,8.0,12.0,0.3280439798926458
Germany,1828,Craft,6.0,6.0,5.0,6.0,10.0,0.2935506315697371
Germany,1828,Flow,6.0,6.0,5.0,6.0,10.0,0.2935506315697371
Germany,1828,Hands,3.0,3.0,5.0,3.0,2.5,0.21644764711254982
Germany,1828,Helm,5.0,5.0,5.0,5.0,7.5,0.2713825919085671
Germany,1828,Lore,5.0,5.0,4.0,6.0,9.0,0.2977436016711263
Germany,1828,Shield,6.0,6.0,5.0,6.0,10.0,0.2935506315697371
Germany,1828,Stewards,6.0,6.0,4.0,6.0,11.0,0.3113229957217524
Germany,1829,Archive,6.0,6.0,4.0,8.0,12.0,0.3280439798926458
Germany,1829,Craft,6.0,6.0,5.0,6.0,10.0,0.2935506315697371
Germany,1829,Flow,6.0,6.0,5.0,6.0,10.0,0.2935506315697371
Germany,1829,Hands,3.0,3.0,5.0,3.0,2.5,0.21644764711254982
Germany,1829,Helm,5.0,5.0,5.0,5.0,7.5,0.2713825919085671
Germany,1829,Lore,5.0,5.0,4.0,6.0,9.0,0.2977436016711263
Germany,1829,Shield,6.0,6.0,5.0,6.0,10.0,0.2935506315697371
Germany,1829,Stewards,6.0,6.0,4.0,6.0,11.0,0.3113229957217524
Germany,1830,Archive,6.0,6.0,4.0,8.0,12.0,0.3280439798926458
Germany,1830,Craft,6.0,6.0,5.0,6.0,10.0,0.2935506315697371
Germany,1830,Flow,6.0,6.0,5.0,6.0,10.0,0.2935506315697371
Germany,1830,Hands,3.0,3.0,5.0,3.0,2.5,0.21644764711254982
Germany,1830,Helm,5.0,5.0,5.0,5.0,7.5,0.2713825919085671
Germany,1830,Lore,5.0,5.0,4.0,6.0,9.0,0.2977436016711263
Germany,1830,Shield,6.0,6.0,5.0,6.0,10.0,0.2935506315697371
Germany,1830,Stewards,6.0,6.0,4.0,6.0,11.0,0.3113229957217524
Germany,1831,Archive,6.0,6.0,4.0,8.0,12.0,0.3280439798926458
Germany,1831,Craft,6.0,6.0,5.0,6.0,10.0,0.2935506315697371
Germany,1831,Flow,6.0,6.0,5.0,6.0,10.0,0.2935506315697371
Germany,1831,Hands,3.0,3.0,5.0,3.0,2.5,0.21644764711254982
Germany,1831,Helm,5.0,5.0,5.0,5.0,7.5,0.2713825919085671
Germany,1831,Lore,5.0,5.0,4.0,6.0,9.0,0.2977436016711263
Germany,1831,Shield,6.0,6.0,5.0,6.0,10.0,0.2935506315697371
Germany,1831,Stewards,6.0,6.0,4.0,6.0,11.0,0.3113229957217524
Germany,1832,Archive,6.0,6.0,4.0,8.0,12.0,0.3280439798926458
Germany,1832,Craft,6.0,6.0,5.0,6.0,10.0,0.2935506315697371
Germany,1832,Flow,6.0,6.0,5.0,6.0,10.0,0.2935506315697371
Germany,1832,Hands,3.0,3.0,5.0,3.0,2.5,0.21644764711254982
Germany,1832,Helm,5.0,5.0,5.0,5.0,7.5,0.2713825919085671
Germany,1832,Lore,5.0,5.0,4.0,6.0,9.0,0.2977436016711263
Germany,1832,Shield,6.0,6.0,5.0,6.0,10.0,0.2935506315697371
Germany,1832,Stewards,6.0,6.0,4.0,6.0,11.0,0.3113229957217524
Germany,1833,Archive,6.0,6.0,4.0,8.0,12.0,0.3280439798926458
Germany,1833,Craft,6.0,6.0,5.0,6.0,10.0,0.2935506315697371
Germany,1833,Flow,6.0,6.0,5.0,6.0,10.0,0.2935506315697371
Germany,1833,Hands,3.0,3.0,5.0,3.0,2.5,0.21644764711254982
Germany,1833,Helm,5.0,5.0,5.0,5.0,7.5,0.2713825919085671
Germany,1833,Lore,5.0,5.0,4.0,6.0,9.0,0.2977436016711263
Germany,1833,Shield,6.0,6.0,5.0,6.0,10.0,0.2935506315697371
Germany,1833,Stewards,6.0,6.0,4.0,6.0,11.0,0.3113229957217524
Germany,1834,Archive,7.0,7.0,3.0,8.0,15.0,0.3926978666440054
Germany,1834,Craft,7.0,7.0,4.0,7.0,13.5,0.3622164451826844
Germany,1834,Flow,7.0,7.0,4.0,7.0,13.5,0.3622164451826844
Germany,1834,Hands,3.0,3.0,5.0,3.0,2.5,0.23490013493001444
Germany,1834,Helm,6.0,6.0,4.0,6.0,11.0,0.33929173720001493
Germany,1834,Lore,5.0,5.0,4.0,6.0,9.0,0.32427707957904645
Germany,1834,Shield,6.0,6.0,5.0,6.0,10.0,0.3196463901007199
Germany,1834,Stewards,6.0,6.0,4.0,6.0,11.0,0.33929173720001493
Germany,1835,Archive,7.0,7.0,3.0,8.0,15.0,0.3926978666440054
Germany,1835,Craft,7.0,7.0,4.0,7.0,13.5,0.3622164451826844
Germany,1835,Flow,7.0,7.0,4.0,7.0,13.5,0.3622164451826844
Germany,1835,Hands,3.0,3.0,5.0,3.0,2.5,0.23490013493001444
Germany,1835,Helm,6.0,6.0,4.0,6.0,11.0,0.33929173720001493
Germany,1835,Lore,5.0,5.0,4.0,6.0,9.0,0.32427707957904645
Germany,1835,Shield,6.0,6.0,5.0,6.0,10.0,0.3196463901007199
Germany,1835,Stewards,6.0,6.0,4.0,6.0,11.0,0.33929173720001493
Germany,1836,Archive,7.0,7.0,3.0,8.0,15.0,0.3926978666440054
Germany,1836,Craft,7.0,7.0,4.0,7.0,13.5,0.3622164451826844
Germany,1836,Flow,7.0,7.0,4.0,7.0,13.5,0.3622164451826844
Germany,1836,Hands,3.0,3.0,5.0,3.0,2.5,0.23490013493001444
Germany,1836,Helm,6.0,6.0,4.0,6.0,11.0,0.33929173720001493
Germany,1836,Lore,5.0,5.0,4.0,6.0,9.0,0.32427707957904645
Germany,1836,Shield,6.0,6.0,5.0,6.0,10.0,0.3196463901007199
Germany,1836,Stewards,6.0,6.0,4.0,6.0,11.0,0.33929173720001493
Germany,1837,Archive,7.0,7.0,3.0,8.0,15.0,0.3926978666440054
Germany,1837,Craft,7.0,7.0,4.0,7.0,13.5,0.3622164451826844
Germany,1837,Flow,7.0,7.0,4.0,7.0,13.5,0.3622164451826844
Germany,1837,Hands,3.0,3.0,5.0,3.0,2.5,0.23490013493001444
Germany,1837,Helm,6.0,6.0,4.0,6.0,11.0,0.33929173720001493
Germany,1837,Lore,5.0,5.0,4.0,6.0,9.0,0.32427707957904645
Germany,1837,Shield,6.0,6.0,5.0,6.0,10.0,0.3196463901007199
Germany,1837,Stewards,6.0,6.0,4.0,6.0,11.0,0.33929173720001493
Germany,1838,Archive,7.0,7.0,3.0,8.0,15.0,0.3926978666440054
Germany,1838,Craft,7.0,7.0,4.0,7.0,13.5,0.3622164451826844
Germany,1838,Flow,7.0,7.0,4.0,7.0,13.5,0.3622164451826844
Germany,1838,Hands,3.0,3.0,5.0,3.0,2.5,0.23490013493001444
Germany,1838,Helm,6.0,6.0,4.0,6.0,11.0,0.33929173720001493
Germany,1838,Lore,5.0,5.0,4.0,6.0,9.0,0.32427707957904645
Germany,1838,Shield,6.0,6.0,5.0,6.0,10.0,0.3196463901007199
Germany,1838,Stewards,6.0,6.0,4.0,6.0,11.0,0.33929173720001493
Germany,1839,Archive,7.0,7.0,3.0,8.0,15.0,0.3926978666440054
Germany,1839,Craft,7.0,7.0,4.0,7.0,13.5,0.3622164451826844
Germany,1839,Flow,7.0,7.0,4.0,7.0,13.5,0.3622164451826844
Germany,1839,Hands,3.0,3.0,5.0,3.0,2.5,0.23490013493001444
Germany,1839,Helm,6.0,6.0,4.0,6.0,11.0,0.33929173720001493
Germany,1839,Lore,5.0,5.0,4.0,6.0,9.0,0.32427707957904645
Germany,1839,Shield,6.0,6.0,5.0,6.0,10.0,0.3196463901007199
Germany,1839,Stewards,6.0,6.0,4.0,6.0,11.0,0.33929173720001493
Germany,1840,Archive,7.0,7.0,3.0,8.0,15.0,0.3926978666440054
Germany,1840,Craft,7.0,7.0,4.0,7.0,13.5,0.3622164451826844
Germany,1840,Flow,7.0,7.0,4.0,7.0,13.5,0.3622164451826844
Germany,1840,Hands,3.0,3.0,5.0,3.0,2.5,0.23490013493001444
Germany,1840,Helm,6.0,6.0,4.0,6.0,11.0,0.33929173720001493
Germany,1840,Lore,5.0,5.0,4.0,6.0,9.0,0.32427707957904645
Germany,1840,Shield,6.0,6.0,5.0,6.0,10.0,0.3196463901007199
Germany,1840,Stewards,6.0,6.0,4.0,6.0,11.0,0.33929173720001493
Germany,1841,Archive,7.0,7.0,3.0,8.0,15.0,0.3926978666440054
Germany,1841,Craft,7.0,7.0,4.0,7.0,13.5,0.3622164451826844
Germany,1841,Flow,7.0,7.0,4.0,7.0,13.5,0.3622164451826844
Germany,1841,Hands,3.0,3.0,5.0,3.0,2.5,0.23490013493001444
Germany,1841,Helm,6.0,6.0,4.0,6.0,11.0,0.33929173720001493
Germany,1841,Lore,5.0,5.0,4.0,6.0,9.0,0.32427707957904645
Germany,1841,Shield,6.0,6.0,5.0,6.0,10.0,0.3196463901007199
Germany,1841,Stewards,6.0,6.0,4.0,6.0,11.0,0.33929173720001493
Germany,1842,Archive,7.0,7.0,3.0,8.0,15.0,0.3926978666440054
Germany,1842,Craft,7.0,7.0,4.0,7.0,13.5,0.3622164451826844
Germany,1842,Flow,7.0,7.0,4.0,7.0,13.5,0.3622164451826844
Germany,1842,Hands,3.0,3.0,5.0,3.0,2.5,0.23490013493001444
Germany,1842,Helm,6.0,6.0,4.0,6.0,11.0,0.33929173720001493
Germany,1842,Lore,5.0,5.0,4.0,6.0,9.0,0.32427707957904645
Germany,1842,Shield,6.0,6.0,5.0,6.0,10.0,0.3196463901007199
Germany,1842,Stewards,6.0,6.0,4.0,6.0,11.0,0.33929173720001493
Germany,1843,Archive,7.0,7.0,3.0,8.0,15.0,0.3926978666440054
Germany,1843,Craft,7.0,7.0,4.0,7.0,13.5,0.3622164451826844
Germany,1843,Flow,7.0,7.0,4.0,7.0,13.5,0.3622164451826844
Germany,1843,Hands,3.0,3.0,5.0,3.0,2.5,0.23490013493001444
Germany,1843,Helm,6.0,6.0,4.0,6.0,11.0,0.33929173720001493
Germany,1843,Lore,5.0,5.0,4.0,6.0,9.0,0.32427707957904645
Germany,1843,Shield,6.0,6.0,5.0,6.0,10.0,0.3196463901007199
Germany,1843,Stewards,6.0,6.0,4.0,6.0,11.0,0.33929173720001493
Germany,1844,Archive,6.0,6.0,4.0,8.0,12.0,0.3145184070092651
Germany,1844,Craft,5.0,5.0,6.0,5.0,6.5,0.24534370912950657
Germany,1844,Flow,6.0,6.0,5.0,6.0,10.0,0.28169638822473253
Germany,1844,Hands,4.0,4.0,6.0,4.0,4.0,0.2223779290260424
Germany,1844,Helm,5.0,5.0,5.0,5.0,7.5,0.26056119777154296
Germany,1844,Lore,5.0,5.0,4.0,7.0,9.5,0.2944123309900776
Germany,1844,Shield,5.0,5.0,6.0,5.0,6.5,0.24534370912950657
Germany,1844,Stewards,6.0,6.0,5.0,6.0,10.0,0.2816963882247325
Germany,1845,Archive,6.0,6.0,4.0,8.0,12.0,0.3145184070092651
Germany,1845,Craft,5.0,5.0,6.0,5.0,6.5,0.24534370912950657
Germany,1845,Flow,6.0,6.0,5.0,6.0,10.0,0.28169638822473253
Germany,1845,Hands,4.0,4.0,6.0,4.0,4.0,0.2223779290260424
Germany,1845,Helm,5.0,5.0,5.0,5.0,7.5,0.26056119777154296
Germany,1845,Lore,5.0,5.0,4.0,7.0,9.5,0.2944123309900776
Germany,1845,Shield,5.0,5.0,6.0,5.0,6.5,0.24534370912950657
Germany,1845,Stewards,6.0,6.0,5.0,6.0,10.0,0.2816963882247325
Germany,1846,Archive,5.0,5.0,5.0,7.0,8.5,0.23216033691031454
Germany,1846,Craft,4.0,4.0,7.0,4.0,3.0,0.17613879887564285
Germany,1846,Flow,5.0,5.0,6.0,5.0,6.5,0.2059188113451966
Germany,1846,Hands,5.0,4.0,7.0,3.0,3.5,0.17994063012514322
Germany,1846,Helm,4.0,4.0,6.0,4.0,4.0,0.18711522844536324
Germany,1846,Lore,4.0,4.0,5.0,6.0,6.0,0.2146029451022026
Germany,1846,Shield,4.0,4.0,7.0,4.0,3.0,0.17613879887564288
Germany,1846,Stewards,5.0,5.0,6.0,5.0,6.5,0.2059188113451966
Germany,1847,Archive,5.0,5.0,5.0,7.0,8.5,0.23216033691031454
Germany,1847,Craft,4.0,4.0,7.0,4.0,3.0,0.17613879887564285
Germany,1847,Flow,5.0,5.0,6.0,5.0,6.5,0.2059188113451966
Germany,1847,Hands,5.0,4.0,7.0,3.0,3.5,0.17994063012514322
Germany,1847,Helm,4.0,4.0,6.0,4.0,4.0,0.18711522844536324
Germany,1847,Lore,4.0,4.0,5.0,6.0,6.0,0.2146029451022026
Germany,1847,Shield,4.0,4.0,7.0,4.0,3.0,0.17613879887564288
Germany,1847,Stewards,5.0,5.0,6.0,5.0,6.5,0.2059188113451966
Germany,1848,Archive,4.0,4.0,6.0,6.0,5.0,0.17348790415692714
Germany,1848,Craft,4.0,4.0,7.0,4.0,3.0,0.15153549337131486
Germany,1848,Flow,4.0,4.0,7.0,4.0,3.0,0.15153549337131486
Germany,1848,Hands,6.0,5.0,7.0,3.0,5.5,0.1637348792315956
Germany,1848,Helm,2.0,2.0,8.0,2.0,-3.0,0.10483679891335533
Germany,1848,Lore,6.0,5.0,5.0,7.0,9.5,0.20592894941609524
Germany,1848,Shield,3.0,3.0,8.0,3.0,-0.5,0.1258040366616746
Germany,1848,Stewards,3.0,3.0,8.0,3.0,-0.5,0.1258040366616746
Germany,1849,Archive,5.0,4.0,5.0,7.0,7.5,0.21983933480700837
Germany,1849,Craft,4.0,4.0,6.0,4.0,4.0,0.17756840192171852
Germany,1849,Flow,5.0,4.0,6.0,5.0,5.5,0.19524513480706288
Germany,1849,Hands,4.0,3.0,6.0,2.0,2.0,0.1611706824930567
Germany,1849,Helm,3.0,3.0,7.0,3.0,0.5,0.14733885852608372
Germany,1849,Lore,5.0,4.0,6.0,6.0,6.0,0.201637127312457
Germany,1849,Shield,4.0,4.0,7.0,4.0,3.0,0.16723129476460372
Germany,1849,Stewards,4.0,4.0,7.0,4.0,3.0,0.16723129476460372
Germany,1850,Archive,6.0,5.0,4.0,8.0,11.0,0.2970315206696184
Germany,1850,Craft,5.0,5.0,5.0,5.0,7.5,0.24657047878741942
Germany,1850,Flow,6.0,5.0,5.0,6.0,9.0,0.26637032345809203
Germany,1850,Hands,3.0,3.0,5.0,2.0,2.0,0.18498700996720638
Germany,1850,Helm,4.0,4.0,5.0,4.0,5.0,0.2239117404039043
Germany,1850,Lore,5.0,5.0,5.0,7.0,8.5,0.2626014244483953
Germany,1850,Shield,5.0,5.0,6.0,5.0,6.5,0.23228990674199895
Germany,1850,Stewards,5.0,5.0,6.0,5.0,6.5,0.23228990674199895
Germany,1851,Archive,6.0,5.0,4.0,8.0,11.0,0.2970315206696184
Germany,1851,Craft,5.0,5.0,5.0,5.0,7.5,0.24657047878741942
Germany,1851,Flow,6.0,5.0,5.0,6.0,9.0,0.26637032345809203
Germany,1851,Hands,3.0,3.0,5.0,2.0,2.0,0.18498700996720638
Germany,1851,Helm,4.0,4.0,5.0,4.0,5.0,0.2239117404039043
Germany,1851,Lore,5.0,5.0,5.0,7.0,8.5,0.2626014244483953
Germany,1851,Shield,5.0,5.0,6.0,5.0,6.5,0.23228990674199895
Germany,1851,Stewards,5.0,5.0,6.0,5.0,6.5,0.23228990674199895
Germany,1852,Archive,6.0,5.0,4.0,8.0,11.0,0.2970315206696184
Germany,1852,Craft,5.0,5.0,5.0,5.0,7.5,0.24657047878741942
Germany,1852,Flow,6.0,5.0,5.0,6.0,9.0,0.26637032345809203
Germany,1852,Hands,3.0,3.0,5.0,2.0,2.0,0.18498700996720638
Germany,1852,Helm,4.0,4.0,5.0,4.0,5.0,0.2239117404039043
Germany,1852,Lore,5.0,5.0,5.0,7.0,8.5,0.2626014244483953
Germany,1852,Shield,5.0,5.0,6.0,5.0,6.5,0.23228990674199895
Germany,1852,Stewards,5.0,5.0,6.0,5.0,6.5,0.23228990674199895
Germany,1853,Archive,6.0,5.0,4.0,8.0,11.0,0.2970315206696184
Germany,1853,Craft,5.0,5.0,5.0,5.0,7.5,0.24657047878741942
Germany,1853,Flow,6.0,5.0,5.0,6.0,9.0,0.26637032345809203
Germany,1853,Hands,3.0,3.0,5.0,2.0,2.0,0.18498700996720638
Germany,1853,Helm,4.0,4.0,5.0,4.0,5.0,0.2239117404039043
Germany,1853,Lore,5.0,5.0,5.0,7.0,8.5,0.2626014244483953
Germany,1853,Shield,5.0,5.0,6.0,5.0,6.5,0.23228990674199895
Germany,1853,Stewards,5.0,5.0,6.0,5.0,6.5,0.23228990674199895
Germany,1854,Archive,7.0,6.0,3.0,8.0,14.0,0.3854609137982924
Germany,1854,Craft,6.0,7.0,4.0,7.0,12.5,0.34247200103040554
Germany,1854,Flow,7.0,6.0,4.0,7.0,12.5,0.355649159582257
Germany,1854,Hands,4.0,4.0,5.0,3.0,4.5,0.2506854897304912
Germany,1854,Helm,5.0,5.0,4.0,5.0,8.5,0.30809482426794116
Germany,1854,Lore,6.0,5.0,5.0,7.0,9.5,0.3228187482120836
Germany,1854,Shield,6.0,6.0,5.0,6.0,10.0,0.3139734328738874
Germany,1854,Stewards,6.0,6.0,5.0,6.0,10.0,0.3139734328738874
Germany,1855,Archive,7.0,6.0,3.0,8.0,14.0,0.3854609137982924
Germany,1855,Craft,6.0,7.0,4.0,7.0,12.5,0.34247200103040554
Germany,1855,Flow,7.0,6.0,4.0,7.0,12.5,0.355649159582257
Germany,1855,Hands,4.0,4.0,5.0,3.0,4.5,0.2506854897304912
Germany,1855,Helm,5.0,5.0,4.0,5.0,8.5,0.30809482426794116
Germany,1855,Lore,6.0,5.0,5.0,7.0,9.5,0.3228187482120836
Germany,1855,Shield,6.0,6.0,5.0,6.0,10.0,0.3139734328738874
Germany,1855,Stewards,6.0,6.0,5.0,6.0,10.0,0.3139734328738874
Germany,1856,Archive,7.0,6.0,3.0,8.0,14.0,0.3854609137982924
Germany,1856,Craft,6.0,7.0,4.0,7.0,12.5,0.34247200103040554
Germany,1856,Flow,7.0,6.0,4.0,7.0,12.5,0.355649159582257
Germany,1856,Hands,4.0,4.0,5.0,3.0,4.5,0.2506854897304912
Germany,1856,Helm,5.0,5.0,4.0,5.0,8.5,0.30809482426794116
Germany,1856,Lore,6.0,5.0,5.0,7.0,9.5,0.3228187482120836
Germany,1856,Shield,6.0,6.0,5.0,6.0,10.0,0.3139734328738874
Germany,1856,Stewards,6.0,6.0,5.0,6.0,10.0,0.3139734328738874
Germany,1857,Archive,7.0,6.0,3.0,8.0,14.0,0.3854609137982924
Germany,1857,Craft,6.0,7.0,4.0,7.0,12.5,0.34247200103040554
Germany,1857,Flow,7.0,6.0,4.0,7.0,12.5,0.355649159582257
Germany,1857,Hands,4.0,4.0,5.0,3.0,4.5,0.2506854897304912
Germany,1857,Helm,5.0,5.0,4.0,5.0,8.5,0.30809482426794116
Germany,1857,Lore,6.0,5.0,5.0,7.0,9.5,0.3228187482120836
Germany,1857,Shield,6.0,6.0,5.0,6.0,10.0,0.3139734328738874
Germany,1857,Stewards,6.0,6.0,5.0,6.0,10.0,0.3139734328738874
Germany,1858,Archive,7.0,6.0,3.0,8.0,14.0,0.3854609137982924
Germany,1858,Craft,6.0,7.0,4.0,7.0,12.5,0.34247200103040554
Germany,1858,Flow,7.0,6.0,4.0,7.0,12.5,0.355649159582257
Germany,1858,Hands,4.0,4.0,5.0,3.0,4.5,0.2506854897304912
Germany,1858,Helm,5.0,5.0,4.0,5.0,8.5,0.30809482426794116
Germany,1858,Lore,6.0,5.0,5.0,7.0,9.5,0.3228187482120836
Germany,1858,Shield,6.0,6.0,5.0,6.0,10.0,0.3139734328738874
Germany,1858,Stewards,6.0,6.0,5.0,6.0,10.0,0.3139734328738874
Germany,1859,Archive,7.0,6.0,3.0,8.0,14.0,0.3854609137982924
Germany,1859,Craft,6.0,7.0,4.0,7.0,12.5,0.34247200103040554
Germany,1859,Flow,7.0,6.0,4.0,7.0,12.5,0.355649159582257
Germany,1859,Hands,4.0,4.0,5.0,3.0,4.5,0.2506854897304912
Germany,1859,Helm,5.0,5.0,4.0,5.0,8.5,0.30809482426794116
Germany,1859,Lore,6.0,5.0,5.0,7.0,9.5,0.3228187482120836
Germany,1859,Shield,6.0,6.0,5.0,6.0,10.0,0.3139734328738874
Germany,1859,Stewards,6.0,6.0,5.0,6.0,10.0,0.3139734328738874
Germany,1860,Archive,8.0,7.0,3.0,8.0,16.0,0.429087036340234
Germany,1860,Craft,7.0,7.0,4.0,7.0,13.5,0.38286786157572816
Germany,1860,Flow,7.0,7.0,4.0,7.0,13.5,0.38286786157572816
Germany,1860,Hands,4.0,4.0,5.0,4.0,5.0,0.28197704789200223
Germany,1860,Helm,6.0,6.0,4.0,6.0,11.0,0.35841123358546717
Germany,1860,Lore,6.0,6.0,4.0,7.0,11.5,0.36849805809564057
Germany,1860,Shield,7.0,7.0,5.0,7.0,12.5,0.3608170193761166
Germany,1860,Stewards,7.0,7.0,4.0,7.0,13.5,0.3828678615757282
Germany,1861,Archive,8.0,7.0,3.0,8.0,16.0,0.429087036340234
Germany,1861,Craft,7.0,7.0,4.0,7.0,13.5,0.38286786157572816
Germany,1861,Flow,7.0,7.0,4.0,7.0,13.5,0.38286786157572816
Germany,1861,Hands,4.0,4.0,5.0,4.0,5.0,0.28197704789200223
Germany,1861,Helm,6.0,6.0,4.0,6.0,11.0,0.35841123358546717
Germany,1861,Lore,6.0,6.0,4.0,7.0,11.5,0.36849805809564057
Germany,1861,Shield,7.0,7.0,5.0,7.0,12.5,0.3608170193761166
Germany,1861,Stewards,7.0,7.0,4.0,7.0,13.5,0.3828678615757282
Germany,1862,Archive,8.0,7.0,3.0,8.0,16.0,0.4339686254493987
Germany,1862,Craft,7.0,7.0,4.0,7.0,13.5,0.38712837804398387
Germany,1862,Flow,7.0,7.0,4.0,7.0,13.5,0.38712837804398387
Germany,1862,Hands,4.0,4.0,5.0,4.0,5.0,0.284982018471999
Germany,1862,Helm,7.0,7.0,4.0,7.0,13.5,0.38712837804398387
Germany,1862,Lore,6.0,6.0,4.0,7.0,11.5,0.3725718910343602
Germany,1862,Shield,7.0,7.0,5.0,7.0,12.5,0.3647922218019851
Germany,1862,Stewards,7.0,7.0,4.0,7.0,13.5,0.3871283780439839
Germany,1863,Archive,9.0,8.0,3.0,9.0,18.5,0.48329759006487777
Germany,1863,Craft,7.0,7.0,4.0,7.0,13.5,0.4100495789112638
Germany,1863,Flow,7.0,7.0,4.0,7.0,13.5,0.4100495789112638
Germany,1863,Hands,5.0,5.0,5.0,5.0,7.5,0.33292379423759755
Germany,1863,Helm,8.0,8.0,4.0,8.0,16.0,0.4341220426099869
Germany,1863,Lore,7.0,7.0,4.0,7.0,13.5,0.4100495789112638
Germany,1863,Shield,8.0,8.0,5.0,8.0,15.0,0.40915152882482503
Germany,1863,Stewards,8.0,8.0,4.0,8.0,16.0,0.4341220426099869
Germany,1864,Archive,9.0,9.0,2.0,10.0,21.0,0.558735961920114
Germany,1864,Craft,8.0,8.0,4.0,8.0,16.0,0.46481870985032653
Germany,1864,Flow,8.0,8.0,4.0,8.0,16.0,0.46481870985032653
Germany,1864,Hands,5.0,5.0,5.0,5.0,7.5,0.35556649543539415
Germany,1864,Helm,9.0,9.0,3.0,9.0,19.5,0.5181931753695077
Germany,1864,Lore,7.0,7.0,4.0,8.0,14.0,0.4494618471851744
Germany,1864,Shield,8.0,9.0,4.0,8.0,17.0,0.46481870985032653
Germany,1864,Stewards,8.0,8.0,4.0,8.0,16.0,0.46481870985032653
Germany,1865,Archive,9.0,9.0,2.0,10.0,21.0,0.558735961920114
Germany,1865,Craft,8.0,8.0,4.0,8.0,16.0,0.46481870985032653
Germany,1865,Flow,8.0,8.0,4.0,8.0,16.0,0.46481870985032653
Germany,1865,Hands,5.0,5.0,5.0,5.0,7.5,0.35556649543539415
Germany,1865,Helm,9.0,9.0,3.0,9.0,19.5,0.5181931753695077
Germany,1865,Lore,7.0,7.0,4.0,8.0,14.0,0.4494618471851744
Germany,1865,Shield,8.0,9.0,4.0,8.0,17.0,0.46481870985032653
Germany,1865,Stewards,8.0,8.0,4.0,8.0,16.0,0.46481870985032653
Germany,1866,Archive,8.0,9.0,3.0,9.0,18.5,0.4929459324533686
Germany,1866,Craft,7.0,8.0,4.0,8.0,15.0,0.4403060370983633
Germany,1866,Flow,7.0,8.0,4.0,8.0,15.0,0.4403060370983633
Germany,1866,Hands,4.0,4.0,6.0,4.0,4.0,0.29580260901739247
Germany,1866,Helm,10.0,10.0,2.0,10.0,23.0,0.5607678687936811
Germany,1866,Lore,6.0,7.0,5.0,7.0,11.5,0.38902485980150686
Germany,1866,Shield,9.0,10.0,2.0,9.0,21.5,0.5372618313056279
Germany,1866,Stewards,7.0,8.0,4.0,8.0,15.0,0.4403060370983633
Germany,1867,Archive,9.0,9.0,2.0,9.0,20.5,0.5748782905603079
Germany,1867,Craft,8.0,8.0,3.0,8.0,17.0,0.5160181350874035
Germany,1867,Flow,8.0,8.0,3.0,8.0,17.0,0.5160181350874035
Germany,1867,Hands,5.0,5.0,5.0,5.0,7.5,0.37131811268662723
Germany,1867,Helm,9.0,9.0,3.0,9.0,19.5,0.5424686316710629
Germany,1867,Lore,7.0,7.0,4.0,8.0,14.0,0.4699998877639078
Germany,1867,Shield,9.0,9.0,3.0,9.0,19.5,0.5424686316710629
Germany,1867,Stewards,8.0,8.0,3.0,8.0,17.0,0.5160181350874035
Germany,1868,Archive,9.0,9.0,2.0,9.0,20.5,0.5748782905603079
Germany,1868,Craft,8.0,8.0,3.0,8.0,17.0,0.5160181350874035
Germany,1868,Flow,8.0,8.0,3.0,8.0,17.0,0.5160181350874035
Germany,1868,Hands,5.0,5.0,5.0,5.0,7.5,0.37131811268662723
Germany,1868,Helm,9.0,9.0,3.0,9.0,19.5,0.5424686316710629
Germany,1868,Lore,7.0,7.0,4.0,8.0,14.0,0.4699998877639078
Germany,1868,Shield,9.0,9.0,3.0,9.0,19.5,0.5424686316710629
Germany,1868,Stewards,8.0,8.0,3.0,8.0,17.0,0.5160181350874035
Germany,1869,Archive,9.0,9.0,2.0,9.0,20.5,0.5748782905603079
Germany,1869,Craft,8.0,8.0,3.0,8.0,17.0,0.5160181350874035
Germany,1869,Flow,8.0,8.0,3.0,8.0,17.0,0.5160181350874035
Germany,1869,Hands,5.0,5.0,5.0,5.0,7.5,0.37131811268662723
Germany,1869,Helm,9.0,9.0,3.0,9.0,19.5,0.5424686316710629
Germany,1869,Lore,7.0,7.0,4.0,8.0,14.0,0.4699998877639078
Germany,1869,Shield,9.0,9.0,3.0,9.0,19.5,0.5424686316710629
Germany,1869,Stewards,8.0,8.0,3.0,8.0,17.0,0.5160181350874035
Germany,1870,Archive,10.0,10.0,1.0,10.0,24.0,0.6870858786336802
Germany,1870,Craft,9.0,9.0,3.0,9.0,19.5,0.5853324063718703
Germany,1870,Flow,9.0,9.0,3.0,9.0,19.5,0.5853324063718703
Germany,1870,Hands,6.0,6.0,6.0,5.0,8.5,0.3945570872867812
Germany,1870,Helm,10.0,10.0,2.0,10.0,23.0,0.6488443803701409
Germany,1870,Lore,7.0,7.0,5.0,8.0,13.0,0.4761551417197896
Germany,1870,Shield,10.0,10.0,2.0,10.0,23.0,0.6488443803701409
Germany,1870,Stewards,9.0,9.0,3.0,9.0,19.5,0.5853324063718703
Germany,1871,Archive,10.0,10.0,2.0,10.0,23.0,0.5973127353972202
Germany,1871,Craft,9.0,9.0,4.0,9.0,18.5,0.50887576091856
Germany,1871,Flow,9.0,9.0,4.0,9.0,18.5,0.50887576091856
Germany,1871,Hands,6.0,6.0,6.0,5.0,8.5,0.3653319862485311
Germany,1871,Helm,10.0,10.0,3.0,10.0,22.0,0.5640771777907161
Germany,1871,Lore,6.0,6.0,6.0,7.0,9.5,0.3879860321922625
Germany,1871,Shield,10.0,10.0,3.0,10.0,22.0,0.5640771777907161
Germany,1871,Stewards,9.0,9.0,4.0,9.0,18.5,0.50887576091856
Germany,1872,Archive,10.0,10.0,2.0,10.0,23.0,0.5977002549203806
Germany,1872,Craft,9.0,9.0,3.0,9.0,19.5,0.5400620397285605
Germany,1872,Flow,9.0,9.0,3.0,9.0,19.5,0.5400620397285605
Germany,1872,Hands,7.0,6.0,6.0,6.0,10.0,0.3936136636150334
Germany,1872,Helm,9.0,9.0,3.0,9.0,19.5,0.5400620397285605
Germany,1872,Lore,5.0,5.0,7.0,7.0,6.5,0.3487771911489869
Germany,1872,Shield,9.0,9.0,4.0,9.0,18.5,0.5091958042943441
Germany,1872,Stewards,9.0,9.0,3.0,9.0,19.5,0.5400620397285605
Germany,1873,Archive,10.0,10.0,2.0,10.0,23.0,0.5977002549203806
Germany,1873,Craft,9.0,9.0,3.0,9.0,19.5,0.5400620397285605
Germany,1873,Flow,9.0,9.0,3.0,9.0,19.5,0.5400620397285605
Germany,1873,Hands,7.0,6.0,6.0,6.0,10.0,0.3936136636150334
Germany,1873,Helm,9.0,9.0,3.0,9.0,19.5,0.5400620397285605
Germany,1873,Lore,5.0,5.0,7.0,7.0,6.5,0.3487771911489869
Germany,1873,Shield,9.0,9.0,4.0,9.0,18.5,0.5091958042943441
Germany,1873,Stewards,9.0,9.0,3.0,9.0,19.5,0.5400620397285605
Germany,1874,Archive,10.0,10.0,2.0,10.0,23.0,0.5977002549203806
Germany,1874,Craft,9.0,9.0,3.0,9.0,19.5,0.5400620397285605
Germany,1874,Flow,9.0,9.0,3.0,9.0,19.5,0.5400620397285605
Germany,1874,Hands,7.0,6.0,6.0,6.0,10.0,0.3936136636150334
Germany,1874,Helm,9.0,9.0,3.0,9.0,19.5,0.5400620397285605
Germany,1874,Lore,5.0,5.0,7.0,7.0,6.5,0.3487771911489869
Germany,1874,Shield,9.0,9.0,4.0,9.0,18.5,0.5091958042943441
Germany,1874,Stewards,9.0,9.0,3.0,9.0,19.5,0.5400620397285605
Germany,1875,Archive,10.0,10.0,2.0,10.0,23.0,0.5977002549203806
Germany,1875,Craft,9.0,9.0,3.0,9.0,19.5,0.5400620397285605
Germany,1875,Flow,9.0,9.0,3.0,9.0,19.5,0.5400620397285605
Germany,1875,Hands,7.0,6.0,6.0,6.0,10.0,0.3936136636150334
Germany,1875,Helm,9.0,9.0,3.0,9.0,19.5,0.5400620397285605
Germany,1875,Lore,5.0,5.0,7.0,7.0,6.5,0.3487771911489869
Germany,1875,Shield,9.0,9.0,4.0,9.0,18.5,0.5091958042943441
Germany,1875,Stewards,9.0,9.0,3.0,9.0,19.5,0.5400620397285605
Germany,1876,Archive,10.0,10.0,2.0,10.0,23.0,0.5977002549203806
Germany,1876,Craft,9.0,9.0,3.0,9.0,19.5,0.5400620397285605
Germany,1876,Flow,9.0,9.0,3.0,9.0,19.5,0.5400620397285605
Germany,1876,Hands,7.0,6.0,6.0,6.0,10.0,0.3936136636150334
Germany,1876,Helm,9.0,9.0,3.0,9.0,19.5,0.5400620397285605
Germany,1876,Lore,5.0,5.0,7.0,7.0,6.5,0.3487771911489869
Germany,1876,Shield,9.0,9.0,4.0,9.0,18.5,0.5091958042943441
Germany,1876,Stewards,9.0,9.0,3.0,9.0,19.5,0.5400620397285605
Germany,1877,Archive,10.0,10.0,2.0,10.0,23.0,0.5977002549203806
Germany,1877,Craft,9.0,9.0,3.0,9.0,19.5,0.5400620397285605
Germany,1877,Flow,9.0,9.0,3.0,9.0,19.5,0.5400620397285605
Germany,1877,Hands,7.0,6.0,6.0,6.0,10.0,0.3936136636150334
Germany,1877,Helm,9.0,9.0,3.0,9.0,19.5,0.5400620397285605
Germany,1877,Lore,5.0,5.0,7.0,7.0,6.5,0.3487771911489869
Germany,1877,Shield,9.0,9.0,4.0,9.0,18.5,0.5091958042943441
Germany,1877,Stewards,9.0,9.0,3.0,9.0,19.5,0.5400620397285605
Germany,1878,Archive,10.0,10.0,2.0,10.0,23.0,0.5976792214896373
Germany,1878,Craft,9.0,9.0,3.0,9.0,19.5,0.5400434219281162
Germany,1878,Flow,9.0,9.0,3.0,9.0,19.5,0.5400434219281162
Germany,1878,Hands,6.0,6.0,7.0,6.0,8.0,0.35418219064120826
Germany,1878,Helm,9.0,9.0,3.0,9.0,19.5,0.5400434219281162
Germany,1878,Lore,6.0,6.0,6.0,7.0,9.5,0.38820822780893144
Germany,1878,Shield,9.0,9.0,4.0,9.0,18.5,0.5091784332722998
Germany,1878,Stewards,9.0,9.0,3.0,9.0,19.5,0.5400434219281162
Germany,1879,Archive,10.0,10.0,2.0,10.0,23.0,0.6046441544961257
Germany,1879,Craft,9.0,9.0,3.0,9.0,19.5,0.5462084519892824
Germany,1879,Flow,9.0,9.0,3.0,9.0,19.5,0.5462084519892824
Germany,1879,Hands,5.0,6.0,7.0,6.0,7.0,0.34120703010912695
Germany,1879,Helm,9.0,9.0,3.0,9.0,19.5,0.5462084519892824
Germany,1879,Lore,7.0,7.0,5.0,8.0,13.0,0.44527129773498914
Germany,1879,Shield,9.0,9.0,4.0,9.0,18.5,0.5149306097131839
Germany,1879,Stewards,9.0,9.0,3.0,9.0,19.5,0.5462084519892824
Germany,1880,Archive,10.0,10.0,2.0,10.0,23.0,0.6046441544961257
Germany,1880,Craft,9.0,9.0,3.0,9.0,19.5,0.5462084519892824
Germany,1880,Flow,9.0,9.0,3.0,9.0,19.5,0.5462084519892824
Germany,1880,Hands,5.0,6.0,7.0,6.0,7.0,0.34120703010912695
Germany,1880,Helm,9.0,9.0,3.0,9.0,19.5,0.5462084519892824
Germany,1880,Lore,7.0,7.0,5.0,8.0,13.0,0.44527129773498914
Germany,1880,Shield,9.0,9.0,4.0,9.0,18.5,0.5149306097131839
Germany,1880,Stewards,9.0,9.0,3.0,9.0,19.5,0.5462084519892824
Germany,1881,Archive,10.0,10.0,2.0,10.0,23.0,0.6046441544961257
Germany,1881,Craft,9.0,9.0,3.0,9.0,19.5,0.5462084519892824
Germany,1881,Flow,9.0,9.0,3.0,9.0,19.5,0.5462084519892824
Germany,1881,Hands,5.0,6.0,7.0,6.0,7.0,0.34120703010912695
Germany,1881,Helm,9.0,9.0,3.0,9.0,19.5,0.5462084519892824
Germany,1881,Lore,7.0,7.0,5.0,8.0,13.0,0.44527129773498914
Germany,1881,Shield,9.0,9.0,4.0,9.0,18.5,0.5149306097131839
Germany,1881,Stewards,9.0,9.0,3.0,9.0,19.5,0.5462084519892824
Germany,1882,Archive,10.0,10.0,2.0,10.0,23.0,0.6046441544961257
Germany,1882,Craft,9.0,9.0,3.0,9.0,19.5,0.5462084519892824
Germany,1882,Flow,9.0,9.0,3.0,9.0,19.5,0.5462084519892824
Germany,1882,Hands,5.0,6.0,7.0,6.0,7.0,0.34120703010912695
Germany,1882,Helm,9.0,9.0,3.0,9.0,19.5,0.5462084519892824
Germany,1882,Lore,7.0,7.0,5.0,8.0,13.0,0.44527129773498914
Germany,1882,Shield,9.0,9.0,4.0,9.0,18.5,0.5149306097131839
Germany,1882,Stewards,9.0,9.0,3.0,9.0,19.5,0.5462084519892824
Germany,1883,Archive,10.0,10.0,2.0,10.0,23.0,0.6046441544961257
Germany,1883,Craft,9.0,9.0,3.0,9.0,19.5,0.5462084519892824
Germany,1883,Flow,9.0,9.0,3.0,9.0,19.5,0.5462084519892824
Germany,1883,Hands,5.0,6.0,7.0,6.0,7.0,0.34120703010912695
Germany,1883,Helm,9.0,9.0,3.0,9.0,19.5,0.5462084519892824
Germany,1883,Lore,7.0,7.0,5.0,8.0,13.0,0.44527129773498914
Germany,1883,Shield,9.0,9.0,4.0,9.0,18.5,0.5149306097131839
Germany,1883,Stewards,9.0,9.0,3.0,9.0,19.5,0.5462084519892824
Germany,1884,Archive,10.0,10.0,2.0,10.0,23.0,0.6046441544961257
Germany,1884,Craft,9.0,9.0,3.0,9.0,19.5,0.5462084519892824
Germany,1884,Flow,9.0,9.0,3.0,9.0,19.5,0.5462084519892824
Germany,1884,Hands,5.0,6.0,7.0,6.0,7.0,0.34120703010912695
Germany,1884,Helm,9.0,9.0,3.0,9.0,19.5,0.5462084519892824
Germany,1884,Lore,7.0,7.0,5.0,8.0,13.0,0.44527129773498914
Germany,1884,Shield,9.0,9.0,4.0,9.0,18.5,0.5149306097131839
Germany,1884,Stewards,9.0,9.0,3.0,9.0,19.5,0.5462084519892824
Germany,1885,Archive,10.0,10.0,2.0,10.0,23.0,0.6046441544961257
Germany,1885,Craft,9.0,9.0,3.0,9.0,19.5,0.5462084519892824
Germany,1885,Flow,9.0,9.0,3.0,9.0,19.5,0.5462084519892824
Germany,1885,Hands,5.0,6.0,7.0,6.0,7.0,0.34120703010912695
Germany,1885,Helm,9.0,9.0,3.0,9.0,19.5,0.5462084519892824
Germany,1885,Lore,7.0,7.0,5.0,8.0,13.0,0.44527129773498914
Germany,1885,Shield,9.0,9.0,4.0,9.0,18.5,0.5149306097131839
Germany,1885,Stewards,9.0,9.0,3.0,9.0,19.5,0.5462084519892824
Germany,1886,Archive,10.0,10.0,2.0,10.0,23.0,0.6046441544961257
Germany,1886,Craft,9.0,9.0,3.0,9.0,19.5,0.5462084519892824
Germany,1886,Flow,9.0,9.0,3.0,9.0,19.5,0.5462084519892824
Germany,1886,Hands,5.0,6.0,7.0,6.0,7.0,0.34120703010912695
Germany,1886,Helm,9.0,9.0,3.0,9.0,19.5,0.5462084519892824
Germany,1886,Lore,7.0,7.0,5.0,8.0,13.0,0.44527129773498914
Germany,1886,Shield,9.0,9.0,4.0,9.0,18.5,0.5149306097131839
Germany,1886,Stewards,9.0,9.0,3.0,9.0,19.5,0.5462084519892824
Germany,1887,Archive,10.0,10.0,2.0,10.0,23.0,0.6046441544961257
Germany,1887,Craft,9.0,9.0,3.0,9.0,19.5,0.5462084519892824
Germany,1887,Flow,9.0,9.0,3.0,9.0,19.5,0.5462084519892824
Germany,1887,Hands,5.0,6.0,7.0,6.0,7.0,0.34120703010912695
Germany,1887,Helm,9.0,9.0,3.0,9.0,19.5,0.5462084519892824
Germany,1887,Lore,7.0,7.0,5.0,8.0,13.0,0.44527129773498914
Germany,1887,Shield,9.0,9.0,4.0,9.0,18.5,0.5149306097131839
Germany,1887,Stewards,9.0,9.0,3.0,9.0,19.5,0.5462084519892824
Germany,1888,Archive,10.0,10.0,2.0,10.0,23.0,0.6046441544961257
Germany,1888,Craft,9.0,9.0,3.0,9.0,19.5,0.5462084519892824
Germany,1888,Flow,9.0,9.0,3.0,9.0,19.5,0.5462084519892824
Germany,1888,Hands,5.0,6.0,7.0,6.0,7.0,0.34120703010912695
Germany,1888,Helm,9.0,9.0,3.0,9.0,19.5,0.5462084519892824
Germany,1888,Lore,7.0,7.0,5.0,8.0,13.0,0.44527129773498914
Germany,1888,Shield,9.0,9.0,4.0,9.0,18.5,0.5149306097131839
Germany,1888,Stewards,9.0,9.0,3.0,9.0,19.5,0.5462084519892824
Germany,1889,Archive,10.0,10.0,2.0,10.0,23.0,0.6046441544961257
Germany,1889,Craft,9.0,9.0,3.0,9.0,19.5,0.5462084519892824
Germany,1889,Flow,9.0,9.0,3.0,9.0,19.5,0.5462084519892824
Germany,1889,Hands,5.0,6.0,7.0,6.0,7.0,0.34120703010912695
Germany,1889,Helm,9.0,9.0,3.0,9.0,19.5,0.5462084519892824
Germany,1889,Lore,7.0,7.0,5.0,8.0,13.0,0.44527129773498914
Germany,1889,Shield,9.0,9.0,4.0,9.0,18.5,0.5149306097131839
Germany,1889,Stewards,9.0,9.0,3.0,9.0,19.5,0.5462084519892824
Germany,1890,Archive,9.0,9.0,3.0,9.0,19.5,0.5314564747077895
Germany,1890,Craft,9.0,9.0,3.0,9.0,19.5,0.5314564747077895
Germany,1890,Flow,9.0,9.0,3.0,9.0,19.5,0.5314564747077893
Germany,1890,Hands,6.0,7.0,6.0,6.0,10.0,0.37140970536538426
Germany,1890,Helm,8.0,8.0,4.0,8.0,16.0,0.4764860621168676
Germany,1890,Lore,7.0,7.0,5.0,8.0,13.0,0.43362631521676714
Germany,1890,Shield,9.0,9.0,4.0,9.0,18.5,0.5011665282191496
Germany,1890,Stewards,9.0,9.0,3.0,9.0,19.5,0.5314564747077893
Germany,1891,Archive,9.0,9.0,3.0,9.0,19.5,0.5314564747077895
Germany,1891,Craft,9.0,9.0,3.0,9.0,19.5,0.5314564747077895
Germany,1891,Flow,9.0,9.0,3.0,9.0,19.5,0.5314564747077893
Germany,1891,Hands,6.0,7.0,6.0,6.0,10.0,0.37140970536538426
Germany,1891,Helm,8.0,8.0,4.0,8.0,16.0,0.4764860621168676
Germany,1891,Lore,7.0,7.0,5.0,8.0,13.0,0.43362631521676714
Germany,1891,Shield,9.0,9.0,4.0,9.0,18.5,0.5011665282191496
Germany,1891,Stewards,9.0,9.0,3.0,9.0,19.5,0.5314564747077893
Germany,1892,Archive,9.0,9.0,3.0,9.0,19.5,0.5314564747077895
Germany,1892,Craft,9.0,9.0,3.0,9.0,19.5,0.5314564747077895
Germany,1892,Flow,9.0,9.0,3.0,9.0,19.5,0.5314564747077893
Germany,1892,Hands,6.0,7.0,6.0,6.0,10.0,0.37140970536538426
Germany,1892,Helm,8.0,8.0,4.0,8.0,16.0,0.4764860621168676
Germany,1892,Lore,7.0,7.0,5.0,8.0,13.0,0.43362631521676714
Germany,1892,Shield,9.0,9.0,4.0,9.0,18.5,0.5011665282191496
Germany,1892,Stewards,9.0,9.0,3.0,9.0,19.5,0.5314564747077893
Germany,1893,Archive,9.0,9.0,3.0,9.0,19.5,0.5314564747077895
Germany,1893,Craft,9.0,9.0,3.0,9.0,19.5,0.5314564747077895
Germany,1893,Flow,9.0,9.0,3.0,9.0,19.5,0.5314564747077893
Germany,1893,Hands,6.0,7.0,6.0,6.0,10.0,0.37140970536538426
Germany,1893,Helm,8.0,8.0,4.0,8.0,16.0,0.4764860621168676
Germany,1893,Lore,7.0,7.0,5.0,8.0,13.0,0.43362631521676714
Germany,1893,Shield,9.0,9.0,4.0,9.0,18.5,0.5011665282191496
Germany,1893,Stewards,9.0,9.0,3.0,9.0,19.5,0.5314564747077893
Germany,1894,Archive,9.0,9.0,3.0,9.0,19.5,0.5314564747077895
Germany,1894,Craft,9.0,9.0,3.0,9.0,19.5,0.5314564747077895
Germany,1894,Flow,9.0,9.0,3.0,9.0,19.5,0.5314564747077893
Germany,1894,Hands,6.0,7.0,6.0,6.0,10.0,0.37140970536538426
Germany,1894,Helm,8.0,8.0,4.0,8.0,16.0,0.4764860621168676
Germany,1894,Lore,7.0,7.0,5.0,8.0,13.0,0.43362631521676714
Germany,1894,Shield,9.0,9.0,4.0,9.0,18.5,0.5011665282191496
Germany,1894,Stewards,9.0,9.0,3.0,9.0,19.5,0.5314564747077893
Germany,1895,Archive,9.0,9.0,3.0,9.0,19.5,0.5314564747077895
Germany,1895,Craft,9.0,9.0,3.0,9.0,19.5,0.5314564747077895
Germany,1895,Flow,9.0,9.0,3.0,9.0,19.5,0.5314564747077893
Germany,1895,Hands,6.0,7.0,6.0,6.0,10.0,0.37140970536538426
Germany,1895,Helm,8.0,8.0,4.0,8.0,16.0,0.4764860621168676
Germany,1895,Lore,7.0,7.0,5.0,8.0,13.0,0.43362631521676714
Germany,1895,Shield,9.0,9.0,4.0,9.0,18.5,0.5011665282191496
Germany,1895,Stewards,9.0,9.0,3.0,9.0,19.5,0.5314564747077893
Germany,1896,Archive,9.0,9.0,3.0,9.0,19.5,0.5314564747077895
Germany,1896,Craft,9.0,9.0,3.0,9.0,19.5,0.5314564747077895
Germany,1896,Flow,9.0,9.0,3.0,9.0,19.5,0.5314564747077893
Germany,1896,Hands,6.0,7.0,6.0,6.0,10.0,0.37140970536538426
Germany,1896,Helm,8.0,8.0,4.0,8.0,16.0,0.4764860621168676
Germany,1896,Lore,7.0,7.0,5.0,8.0,13.0,0.43362631521676714
Germany,1896,Shield,9.0,9.0,4.0,9.0,18.5,0.5011665282191496
Germany,1896,Stewards,9.0,9.0,3.0,9.0,19.5,0.5314564747077893
Germany,1897,Archive,9.0,9.0,3.0,9.0,19.5,0.5314564747077895
Germany,1897,Craft,9.0,9.0,3.0,9.0,19.5,0.5314564747077895
Germany,1897,Flow,9.0,9.0,3.0,9.0,19.5,0.5314564747077893
Germany,1897,Hands,6.0,7.0,6.0,6.0,10.0,0.37140970536538426
Germany,1897,Helm,8.0,8.0,4.0,8.0,16.0,0.4764860621168676
Germany,1897,Lore,7.0,7.0,5.0,8.0,13.0,0.43362631521676714
Germany,1897,Shield,9.0,9.0,4.0,9.0,18.5,0.5011665282191496
Germany,1897,Stewards,9.0,9.0,3.0,9.0,19.5,0.5314564747077893
Germany,1898,Archive,9.0,9.0,3.0,9.0,19.5,0.5314564747077895
Germany,1898,Craft,9.0,9.0,3.0,9.0,19.5,0.5314564747077895
Germany,1898,Flow,9.0,9.0,3.0,9.0,19.5,0.5314564747077893
Germany,1898,Hands,6.0,7.0,6.0,6.0,10.0,0.37140970536538426
Germany,1898,Helm,8.0,8.0,4.0,8.0,16.0,0.4764860621168676
Germany,1898,Lore,7.0,7.0,5.0,8.0,13.0,0.43362631521676714
Germany,1898,Shield,9.0,9.0,4.0,9.0,18.5,0.5011665282191496
Germany,1898,Stewards,9.0,9.0,3.0,9.0,19.5,0.5314564747077893
Germany,1899,Archive,9.0,9.0,3.0,9.0,19.5,0.5314564747077895
Germany,1899,Craft,9.0,9.0,3.0,9.0,19.5,0.5314564747077895
Germany,1899,Flow,9.0,9.0,3.0,9.0,19.5,0.5314564747077893
Germany,1899,Hands,6.0,7.0,6.0,6.0,10.0,0.37140970536538426
Germany,1899,Helm,8.0,8.0,4.0,8.0,16.0,0.4764860621168676
Germany,1899,Lore,7.0,7.0,5.0,8.0,13.0,0.43362631521676714
Germany,1899,Shield,9.0,9.0,4.0,9.0,18.5,0.5011665282191496
Germany,1899,Stewards,9.0,9.0,3.0,9.0,19.5,0.5314564747077893
Germany,1900,Archive,8.0,7.0,5.0,6.5,13.25,0.31024996949788886
Germany,1900,Craft,7.0,7.0,7.0,5.5,9.75,0.25932496281879897
Germany,1900,Flow,7.5,7.5,7.0,5.0,10.5,0.26107137357928245
Germany,1900,Hands,5.5,6.5,8.0,4.0,6.0,0.21690678541805722
Germany,1900,Helm,7.5,8.0,6.0,6.5,12.75,0.2877031323735199
Germany,1900,Lore,6.0,6.0,7.0,5.0,7.5,0.24466934270247562
Germany,1900,Shield,8.0,7.5,5.0,5.5,13.25,0.30315707884423454
Germany,1900,Stewards,8.5,8.0,6.0,6.0,13.5,0.29443572405204194
Germany,1901,Archive,8.0,7.0,5.0,6.5,13.25,0.31024996949788886
Germany,1901,Craft,7.0,7.0,7.0,5.5,9.75,0.25932496281879897
Germany,1901,Flow,7.5,7.5,7.0,5.0,10.5,0.26107137357928245
Germany,1901,Hands,5.5,6.5,8.0,4.0,6.0,0.21690678541805722
Germany,1901,Helm,7.5,8.0,6.0,6.5,12.75,0.2877031323735199
Germany,1901,Lore,6.0,6.0,7.0,5.0,7.5,0.24466934270247562
Germany,1901,Shield,8.0,7.5,5.0,5.5,13.25,0.30315707884423454
Germany,1901,Stewards,8.5,8.0,6.0,6.0,13.5,0.29443572405204194
Germany,1902,Archive,8.0,7.0,5.0,6.5,13.25,0.31024996949788886
Germany,1902,Craft,7.0,7.0,7.0,5.5,9.75,0.25932496281879897
Germany,1902,Flow,7.5,7.5,7.0,5.0,10.5,0.26107137357928245
Germany,1902,Hands,5.5,6.5,8.0,4.0,6.0,0.21690678541805722
Germany,1902,Helm,7.5,8.0,6.0,6.5,12.75,0.2877031323735199
Germany,1902,Lore,6.0,6.0,7.0,5.0,7.5,0.24466934270247562
Germany,1902,Shield,8.0,7.5,5.0,5.5,13.25,0.30315707884423454
Germany,1902,Stewards,8.5,8.0,6.0,6.0,13.5,0.29443572405204194
Germany,1903,Archive,8.0,7.0,5.0,6.5,13.25,0.31024996949788886
Germany,1903,Craft,7.0,7.0,7.0,5.5,9.75,0.25932496281879897
Germany,1903,Flow,7.5,7.5,7.0,5.0,10.5,0.26107137357928245
Germany,1903,Hands,5.5,6.5,8.0,4.0,6.0,0.21690678541805722
Germany,1903,Helm,7.5,8.0,6.0,6.5,12.75,0.2877031323735199
Germany,1903,Lore,6.0,6.0,7.0,5.0,7.5,0.24466934270247562
Germany,1903,Shield,8.0,7.5,5.0,5.5,13.25,0.30315707884423454
Germany,1903,Stewards,8.5,8.0,6.0,6.0,13.5,0.29443572405204194
Germany,1904,Archive,8.0,7.0,5.0,6.5,13.25,0.31024996949788886
Germany,1904,Craft,7.0,7.0,7.0,5.5,9.75,0.25932496281879897
Germany,1904,Flow,7.5,7.5,7.0,5.0,10.5,0.26107137357928245
Germany,1904,Hands,5.5,6.5,8.0,4.0,6.0,0.21690678541805722
Germany,1904,Helm,7.5,8.0,6.0,6.5,12.75,0.2877031323735199
Germany,1904,Lore,6.0,6.0,7.0,5.0,7.5,0.24466934270247562
Germany,1904,Shield,8.0,7.5,5.0,5.5,13.25,0.30315707884423454
Germany,1904,Stewards,8.5,8.0,6.0,6.0,13.5,0.29443572405204194
Germany,1905,Archive,8.0,7.0,5.0,6.5,13.25,0.31024996949788886
Germany,1905,Craft,7.0,7.0,7.0,5.5,9.75,0.25932496281879897
Germany,1905,Flow,7.5,7.5,7.0,5.0,10.5,0.26107137357928245
Germany,1905,Hands,5.5,6.5,8.0,4.0,6.0,0.21690678541805722
Germany,1905,Helm,7.5,8.0,6.0,6.5,12.75,0.2877031323735199
Germany,1905,Lore,6.0,6.0,7.0,5.0,7.5,0.24466934270247562
Germany,1905,Shield,8.0,7.5,5.0,5.5,13.25,0.30315707884423454
Germany,1905,Stewards,8.5,8.0,6.0,6.0,13.5,0.29443572405204194
Germany,1906,Archive,8.0,7.0,5.0,6.5,13.25,0.31024996949788886
Germany,1906,Craft,7.0,7.0,7.0,5.5,9.75,0.25932496281879897
Germany,1906,Flow,7.5,7.5,7.0,5.0,10.5,0.26107137357928245
Germany,1906,Hands,5.5,6.5,8.0,4.0,6.0,0.21690678541805722
Germany,1906,Helm,7.5,8.0,6.0,6.5,12.75,0.2877031323735199
Germany,1906,Lore,6.0,6.0,7.0,5.0,7.5,0.24466934270247562
Germany,1906,Shield,8.0,7.5,5.0,5.5,13.25,0.30315707884423454
Germany,1906,Stewards,8.5,8.0,6.0,6.0,13.5,0.29443572405204194
Germany,1907,Archive,8.0,7.0,5.0,6.5,13.25,0.31024996949788886
Germany,1907,Craft,7.0,7.0,7.0,5.5,9.75,0.25932496281879897
Germany,1907,Flow,7.5,7.5,7.0,5.0,10.5,0.26107137357928245
Germany,1907,Hands,5.5,6.5,8.0,4.0,6.0,0.21690678541805722
Germany,1907,Helm,7.5,8.0,6.0,6.5,12.75,0.2877031323735199
Germany,1907,Lore,6.0,6.0,7.0,5.0,7.5,0.24466934270247562
Germany,1907,Shield,8.0,7.5,5.0,5.5,13.25,0.30315707884423454
Germany,1907,Stewards,8.5,8.0,6.0,6.0,13.5,0.29443572405204194
Germany,1908,Archive,8.0,7.0,5.0,6.5,13.25,0.31024996949788886
Germany,1908,Craft,7.0,7.0,7.0,5.5,9.75,0.25932496281879897
Germany,1908,Flow,7.5,7.5,7.0,5.0,10.5,0.26107137357928245
Germany,1908,Hands,5.5,6.5,8.0,4.0,6.0,0.21690678541805722
Germany,1908,Helm,7.5,8.0,6.0,6.5,12.75,0.2877031323735199
Germany,1908,Lore,6.0,6.0,7.0,5.0,7.5,0.24466934270247562
Germany,1908,Shield,8.0,7.5,5.0,5.5,13.25,0.30315707884423454
Germany,1908,Stewards,8.5,8.0,6.0,6.0,13.5,0.29443572405204194
Germany,1909,Archive,8.0,7.0,5.0,6.5,13.25,0.31024996949788886
Germany,1909,Craft,7.0,7.0,7.0,5.5,9.75,0.25932496281879897
Germany,1909,Flow,7.5,7.5,7.0,5.0,10.5,0.26107137357928245
Germany,1909,Hands,5.5,6.5,8.0,4.0,6.0,0.21690678541805722
Germany,1909,Helm,7.5,8.0,6.0,6.5,12.75,0.2877031323735199
Germany,1909,Lore,6.0,6.0,7.0,5.0,7.5,0.24466934270247562
Germany,1909,Shield,8.0,7.5,5.0,5.5,13.25,0.30315707884423454
Germany,1909,Stewards,8.5,8.0,6.0,6.0,13.5,0.29443572405204194
Germany,1910,Archive,8.0,7.0,5.0,6.5,13.25,0.31024996949788886
Germany,1910,Craft,7.0,7.0,7.0,5.5,9.75,0.25932496281879897
Germany,1910,Flow,7.5,7.5,7.0,5.0,10.5,0.26107137357928245
Germany,1910,Hands,5.5,6.5,8.0,4.0,6.0,0.21690678541805722
Germany,1910,Helm,7.5,8.0,6.0,6.5,12.75,0.2877031323735199
Germany,1910,Lore,6.0,6.0,7.0,5.0,7.5,0.24466934270247562
Germany,1910,Shield,8.0,7.5,5.0,5.5,13.25,0.30315707884423454
Germany,1910,Stewards,8.5,8.0,6.0,6.0,13.5,0.29443572405204194
Germany,1911,Archive,8.0,7.0,5.0,6.5,13.25,0.31024996949788886
Germany,1911,Craft,7.0,7.0,7.0,5.5,9.75,0.25932496281879897
Germany,1911,Flow,7.5,7.5,7.0,5.0,10.5,0.26107137357928245
Germany,1911,Hands,5.5,6.5,8.0,4.0,6.0,0.21690678541805722
Germany,1911,Helm,7.5,8.0,6.0,6.5,12.75,0.2877031323735199
Germany,1911,Lore,6.0,6.0,7.0,5.0,7.5,0.24466934270247562
Germany,1911,Shield,8.0,7.5,5.0,5.5,13.25,0.30315707884423454
Germany,1911,Stewards,8.5,8.0,6.0,6.0,13.5,0.29443572405204194
Germany,1912,Archive,8.0,7.0,5.0,6.5,13.25,0.31024996949788886
Germany,1912,Craft,7.0,7.0,7.0,5.5,9.75,0.25932496281879897
Germany,1912,Flow,7.5,7.5,7.0,5.0,10.5,0.26107137357928245
Germany,1912,Hands,5.5,6.5,8.0,4.0,6.0,0.21690678541805722
Germany,1912,Helm,7.5,8.0,6.0,6.5,12.75,0.2877031323735199
Germany,1912,Lore,6.0,6.0,7.0,5.0,7.5,0.24466934270247562
Germany,1912,Shield,8.0,7.5,5.0,5.5,13.25,0.30315707884423454
Germany,1912,Stewards,8.5,8.0,6.0,6.0,13.5,0.29443572405204194
Germany,1913,Archive,8.0,7.0,5.0,6.5,13.25,0.31024996949788886
Germany,1913,Craft,7.0,7.0,7.0,5.5,9.75,0.25932496281879897
Germany,1913,Flow,7.5,7.5,7.0,5.0,10.5,0.26107137357928245
Germany,1913,Hands,5.5,6.5,8.0,4.0,6.0,0.21690678541805722
Germany,1913,Helm,7.5,8.0,6.0,6.5,12.75,0.2877031323735199
Germany,1913,Lore,6.0,6.0,7.0,5.0,7.5,0.24466934270247562
Germany,1913,Shield,8.0,7.5,5.0,5.5,13.25,0.30315707884423454
Germany,1913,Stewards,8.5,8.0,6.0,6.0,13.5,0.29443572405204194
Germany,1914,Archive,7.5,6.5,6.0,6.0,11.0,0.24202788108610315
Germany,1914,Craft,6.5,6.5,8.0,5.0,7.5,0.20156739986264435
Germany,1914,Flow,7.0,7.0,8.0,4.5,8.25,0.2030318042789931
Germany,1914,Hands,5.0,6.0,9.0,3.5,3.75,0.16676369545009082
Germany,1914,Helm,6.5,7.5,8.0,6.0,9.0,0.2073301892382259
Germany,1914,Lore,5.5,5.5,9.0,4.5,4.25,0.1780507573561303
Germany,1914,Shield,7.5,7.0,7.0,5.0,10.0,0.22284525368646216
Germany,1914,Stewards,8.0,7.5,7.0,5.5,11.25,0.2298790604082804
Germany,1915,Archive,7.0,6.0,7.0,5.5,8.75,0.23989833783407488
Germany,1915,Craft,6.0,6.0,9.0,4.5,5.25,0.19738555326146198
Germany,1915,Flow,6.5,6.5,9.0,4.0,6.0,0.1989987477435292
Germany,1915,Hands,4.5,5.5,0.0,3.0,11.5,0.2924419226446823
Germany,1915,Helm,6.0,7.0,9.0,5.5,6.75,0.2037303863877588
Germany,1915,Lore,5.0,5.0,0.0,4.0,12.0,0.312397971706745
Germany,1915,Shield,7.0,6.5,8.0,4.5,7.75,0.21974869446146048
Germany,1915,Stewards,7.5,7.0,8.0,5.0,9.0,0.22751998870668902
Germany,1916,Archive,6.5,5.5,8.0,5.0,6.5,0.25771137365686786
Germany,1916,Craft,5.5,5.5,0.0,4.0,13.0,0.38302837233064696
Germany,1916,Flow,6.0,6.0,0.0,3.5,13.75,0.3861991916355779
Germany,1916,Hands,4.0,5.0,1.0,2.5,9.25,0.30981432846520346
Germany,1916,Helm,5.5,6.5,0.0,5.0,14.5,0.3954423333612856
Germany,1916,Lore,4.5,4.5,1.0,3.5,9.75,0.3356590751697683
Germany,1916,Shield,6.5,6.0,9.0,4.0,5.5,0.2346426466231279
Germany,1916,Stewards,7.0,6.5,9.0,4.5,6.75,0.24402832122649087
Germany,1917,Archive,6.0,5.0,9.0,4.5,4.25,0.24365140268196214
Germany,1917,Craft,5.0,5.0,1.0,3.5,10.75,0.36302961304423614
Germany,1917,Flow,5.5,5.5,1.0,3.0,11.5,0.36650645745449967
Germany,1917,Hands,3.5,4.5,2.0,2.0,7.0,0.2850391343563603
Germany,1917,Helm,5.0,6.0,1.0,4.5,12.25,0.3766306801224029
Germany,1917,Lore,4.0,4.0,2.0,3.0,7.5,0.3135887054558485
Germany,1917,Shield,6.0,5.5,0.0,3.5,13.25,0.405856723033196
Germany,1917,Stewards,6.5,6.0,0.0,4.0,14.5,0.4220096113615694
Germany,1918,Archive,5.5,4.5,0.0,4.0,12.0,0.38009166432866553
Germany,1918,Craft,4.5,4.5,2.0,3.0,8.5,0.307342506709221
Germany,1918,Flow,5.0,5.0,2.0,2.5,9.25,0.3107131021177304
Germany,1918,Hands,3.0,4.0,3.0,1.5,4.75,0.23323818917205874
Germany,1918,Helm,4.5,5.5,2.0,4.0,10.0,0.3205008602883658
Germany,1918,Lore,3.5,3.5,3.0,2.5,5.25,0.2615691850085905
Germany,1918,Shield,5.5,5.0,1.0,3.0,11.0,0.3464807119503114
Germany,1918,Stewards,6.0,5.5,1.0,3.5,12.25,0.3620317538035713
Germany,1919,Archive,5.0,4.0,1.0,3.5,9.75,0.2923176973063976
Germany,1919,Craft,4.0,4.0,3.0,2.5,6.25,0.2335279647198006
Germany,1919,Flow,4.5,4.5,3.0,2.0,7.0,0.2364626445488073
Germany,1919,Hands,2.5,3.5,4.0,1.0,2.5,0.16964358965910695
Germany,1919,Helm,4.0,5.0,3.0,3.5,7.75,0.2449456141028024
Germany,1919,Lore,3.0,3.0,4.0,2.0,3.0,0.19535180281317208
Germany,1919,Shield,5.0,4.5,2.0,2.5,8.75,0.26542301606794455
Germany,1919,Stewards,5.5,5.0,2.0,3.0,10.0,0.27873730914495126
Germany,1920,Archive,5.0,4.0,0.0,3.5,10.75,0.33775407395376345
Germany,1920,Craft,4.0,4.0,2.0,2.5,7.25,0.2697601445293984
Germany,1920,Flow,4.5,4.5,2.0,2.0,8.0,0.27315320693713174
Germany,1920,Hands,2.5,3.5,3.0,1.0,3.5,0.19592039002862327
Germany,1920,Helm,4.5,5.0,2.0,3.5,9.25,0.2922643182328393
Germany,1920,Lore,3.0,3.0,3.0,2.0,4.0,0.22562984023767813
Germany,1920,Shield,5.0,4.5,1.0,2.5,9.75,0.306642820152178
Germany,1920,Stewards,5.5,5.0,1.0,3.0,11.0,0.32204319351483207
Germany,1921,Archive,5.5,4.5,9.0,4.0,3.0,0.21942979207532792
Germany,1921,Craft,4.5,4.5,1.0,3.0,9.5,0.32356547313511413
Germany,1921,Flow,5.0,5.0,1.0,2.5,10.25,0.3270617349031855
Germany,1921,Hands,3.0,4.0,2.0,1.5,5.75,0.2463441908758705
Germany,1921,Helm,5.0,5.5,1.0,4.0,11.5,0.3468733979448152
Germany,1921,Lore,3.5,3.5,2.0,2.5,6.25,0.2759424902934442
Germany,1921,Shield,5.5,5.0,0.0,3.0,12.0,0.3640642921457025
Germany,1921,Stewards,6.0,5.5,0.0,3.5,13.25,0.38009198059511223
Germany,1922,Archive,6.0,5.0,8.0,4.5,5.25,0.23435805660194164
Germany,1922,Craft,5.0,5.0,0.0,3.5,11.75,0.345464260394801
Germany,1922,Flow,5.5,5.5,0.0,3.0,12.5,0.34864963658417353
Germany,1922,Hands,3.5,4.5,1.0,2.0,8.0,0.2732285554079234
Germany,1922,Helm,5.5,6.0,0.0,4.5,13.75,0.36674610765909527
Germany,1922,Lore,4.0,4.0,1.0,3.0,8.5,0.2998357986324672
Germany,1922,Shield,6.0,5.5,9.0,3.5,4.25,0.21274406067212523
Germany,1922,Stewards,6.5,6.0,9.0,4.0,5.5,0.22207779623040552
Germany,1923,Archive,5.5,4.5,9.0,4.0,3.0,0.21942979207532792
Germany,1923,Craft,4.5,4.5,1.0,3.0,9.5,0.32356547313511413
Germany,1923,Flow,5.0,5.0,1.0,2.5,10.25,0.3270617349031855
Germany,1923,Hands,3.0,4.0,2.0,1.5,5.75,0.2463441908758705
Germany,1923,Helm,5.0,5.5,1.0,4.0,11.5,0.3468733979448152
Germany,1923,Lore,3.5,3.5,2.0,2.5,6.25,0.2759424902934442
Germany,1923,Shield,5.5,5.0,0.0,3.0,12.0,0.3640642921457025
Germany,1923,Stewards,6.0,5.5,0.0,3.5,13.25,0.38009198059511223
Germany,1924,Archive,6.0,5.0,8.0,4.5,5.25,0.23435805660194164
Germany,1924,Craft,5.0,5.0,0.0,3.5,11.75,0.345464260394801
Germany,1924,Flow,5.5,5.5,0.0,3.0,12.5,0.34864963658417353
Germany,1924,Hands,3.5,4.5,1.0,2.0,8.0,0.2732285554079234
Germany,1924,Helm,5.5,6.0,0.0,4.5,13.75,0.36674610765909527
Germany,1924,Lore,4.0,4.0,1.0,3.0,8.5,0.2998357986324672
Germany,1924,Shield,6.0,5.5,9.0,3.5,4.25,0.21274406067212523
Germany,1924,Stewards,6.5,6.0,9.0,4.0,5.5,0.22207779623040552
Germany,1925,Archive,6.5,5.5,7.0,5.0,7.5,0.21948201032226275
Germany,1925,Craft,5.5,5.5,9.0,4.0,4.0,0.17936264785347486
Germany,1925,Flow,6.0,6.0,9.0,3.5,4.75,0.18097747441076859
Germany,1925,Hands,4.0,5.0,0.0,2.5,10.25,0.2614807811245249
Germany,1925,Helm,6.0,6.5,9.0,5.0,6.0,0.19026294739789004
Germany,1925,Lore,4.5,4.5,0.0,3.5,10.75,0.28190519592770796
Germany,1925,Shield,6.5,6.0,8.0,4.0,6.5,0.20057301835487415
Germany,1925,Stewards,7.0,6.5,8.0,4.5,7.75,0.208287929554054
Germany,1926,Archive,7.0,6.0,6.0,5.5,9.75,0.2237746758824066
Germany,1926,Craft,6.0,6.0,8.0,4.5,6.25,0.18531757804860732
Germany,1926,Flow,6.5,6.5,8.0,4.0,7.0,0.18678890297596565
Germany,1926,Hands,4.5,5.5,9.0,3.0,2.5,0.15112141390782488
Germany,1926,Helm,6.5,7.0,8.0,5.5,8.25,0.195263371118412
Germany,1926,Lore,5.0,5.0,9.0,4.0,3.0,0.16262910167328862
Germany,1926,Shield,7.0,6.5,7.0,4.5,8.75,0.20563204678382618
Germany,1926,Stewards,7.5,7.0,7.0,5.0,10.0,0.21264822452982843
Germany,1927,Archive,7.5,6.5,5.0,6.0,12.0,0.278981815501364
Germany,1927,Craft,6.5,6.5,7.0,5.0,8.5,0.2323167931345045
Germany,1927,Flow,7.0,7.0,7.0,4.5,9.25,0.23400550622427468
Germany,1927,Hands,5.0,6.0,8.0,3.5,4.75,0.19218696608570496
Germany,1927,Helm,7.0,7.5,7.0,6.0,10.5,0.24376437522954225
Germany,1927,Lore,5.5,5.5,8.0,4.5,5.25,0.205200337328013
Germany,1927,Shield,7.5,7.0,6.0,5.0,11.0,0.2568556724579395
Germany,1927,Stewards,8.0,7.5,6.0,5.5,12.25,0.26496837586170147
Germany,1928,Archive,7.5,6.5,5.0,6.0,12.0,0.278981815501364
Germany,1928,Craft,6.5,6.5,7.0,5.0,8.5,0.2323167931345045
Germany,1928,Flow,7.0,7.0,7.0,4.5,9.25,0.23400550622427468
Germany,1928,Hands,5.0,6.0,8.0,3.5,4.75,0.19218696608570496
Germany,1928,Helm,7.0,7.5,7.0,6.0,10.5,0.24376437522954225
Germany,1928,Lore,5.5,5.5,8.0,4.5,5.25,0.205200337328013
Germany,1928,Shield,7.5,7.0,6.0,5.0,11.0,0.2568556724579395
Germany,1928,Stewards,8.0,7.5,6.0,5.5,12.25,0.26496837586170147
Germany,1930,Archive,7.0,6.0,6.0,5.5,9.75,0.2237746758824066
Germany,1930,Craft,6.0,6.0,8.0,4.5,6.25,0.18531757804860732
Germany,1930,Flow,6.5,6.5,8.0,4.0,7.0,0.18678890297596565
Germany,1930,Hands,4.5,5.5,9.0,3.0,2.5,0.15112141390782488
Germany,1930,Helm,6.5,7.0,8.0,5.5,8.25,0.195263371118412
Germany,1930,Lore,5.0,5.0,9.0,4.0,3.0,0.16262910167328862
Germany,1930,Shield,7.0,6.5,7.0,4.5,8.75,0.20563204678382618
Germany,1930,Stewards,7.5,7.0,7.0,5.0,10.0,0.21264822452982843
Germany,1931,Archive,6.5,5.5,7.0,5.0,7.5,0.21948201032226275
Germany,1931,Craft,5.5,5.5,9.0,4.0,4.0,0.17936264785347486
Germany,1931,Flow,6.0,6.0,9.0,3.5,4.75,0.18097747441076859
Germany,1931,Hands,4.0,5.0,0.0,2.5,10.25,0.2614807811245249
Germany,1931,Helm,6.0,6.5,9.0,5.0,6.0,0.19026294739789004
Germany,1931,Lore,4.5,4.5,0.0,3.5,10.75,0.28190519592770796
Germany,1931,Shield,6.5,6.0,8.0,4.0,6.5,0.20057301835487415
Germany,1931,Stewards,7.0,6.5,8.0,4.5,7.75,0.208287929554054
Germany,1932,Archive,6.0,5.0,8.0,4.5,5.25,0.23435805660194164
Germany,1932,Craft,5.0,5.0,0.0,3.5,11.75,0.345464260394801
Germany,1932,Flow,5.5,5.5,0.0,3.0,12.5,0.34864963658417353
Germany,1932,Hands,3.5,4.5,1.0,2.0,8.0,0.2732285554079234
Germany,1932,Helm,5.5,6.0,0.0,4.5,13.75,0.36674610765909527
Germany,1932,Lore,4.0,4.0,1.0,3.0,8.5,0.2998357986324672
Germany,1932,Shield,6.0,5.5,9.0,3.5,4.25,0.21274406067212523
Germany,1932,Stewards,6.5,6.0,9.0,4.0,5.5,0.22207779623040552
Germany,1933,Archive,7.0,6.0,6.0,5.5,9.75,0.2237746758824066
Germany,1933,Craft,6.0,6.0,8.0,4.5,6.25,0.18531757804860732
Germany,1933,Flow,6.5,6.5,8.0,4.0,7.0,0.18678890297596565
Germany,1933,Hands,4.5,5.5,9.0,3.0,2.5,0.15112141390782488
Germany,1933,Helm,6.5,7.0,8.0,5.5,8.25,0.195263371118412
Germany,1933,Lore,5.0,5.0,9.0,4.0,3.0,0.16262910167328862
Germany,1933,Shield,7.0,6.5,7.0,4.5,8.75,0.20563204678382618
Germany,1933,Stewards,7.5,7.0,7.0,5.0,10.0,0.21264822452982843
Germany,1934,Archive,8.0,7.0,5.0,6.5,13.25,0.31024996949788886
Germany,1934,Craft,7.0,7.0,7.0,5.5,9.75,0.25932496281879897
Germany,1934,Flow,7.5,7.5,7.0,5.0,10.5,0.26107137357928245
Germany,1934,Hands,5.5,6.5,8.0,4.0,6.0,0.21690678541805722
Germany,1934,Helm,7.5,8.0,6.0,6.5,12.75,0.2877031323735199
Germany,1934,Lore,6.0,6.0,7.0,5.0,7.5,0.24466934270247562
Germany,1934,Shield,8.0,7.5,5.0,5.5,13.25,0.30315707884423454
Germany,1934,Stewards,8.5,8.0,6.0,6.0,13.5,0.29443572405204194
Germany,1935,Archive,8.5,7.5,4.0,7.0,15.5,0.38230406741076084
Germany,1935,Craft,7.5,7.5,6.0,6.0,12.0,0.32086897764545075
Germany,1935,Flow,8.0,8.0,6.0,5.5,12.75,0.32287372193784797
Germany,1935,Hands,6.0,7.0,7.0,4.5,8.25,0.27103131482450726
Germany,1935,Helm,8.0,8.5,5.0,7.0,15.0,0.35489741791454604
Germany,1935,Lore,6.5,6.5,6.0,5.5,9.75,0.3041056758709261
Germany,1935,Shield,8.5,8.0,4.0,6.0,15.5,0.37411944871894187
Germany,1935,Stewards,9.0,8.5,5.0,6.5,15.75,0.3626701785330078
Germany,1936,Archive,9.0,8.0,3.0,7.5,17.75,0.4689084056076682
Germany,1936,Craft,8.0,8.0,5.0,6.5,14.25,0.39497296176165747
Germany,1936,Flow,8.5,8.5,5.0,6.0,15.0,0.39727440106162815
Germany,1936,Hands,6.5,7.5,6.0,5.0,10.5,0.33640837312350275
Germany,1936,Helm,8.5,9.0,4.0,7.5,17.25,0.43570054150063126
Germany,1936,Lore,7.0,7.0,5.0,6.0,12.0,0.37578801976945453
Germany,1936,Shield,9.0,8.5,3.0,6.5,17.75,0.45946976717730453
Germany,1936,Stewards,9.5,9.0,4.0,7.0,18.0,0.44466817424894034
Germany,1937,Archive,8.5,7.5,4.0,7.0,15.5,0.38230406741076084
Germany,1937,Craft,7.5,7.5,6.0,6.0,12.0,0.32086897764545075
Germany,1937,Flow,8.0,8.0,6.0,5.5,12.75,0.32287372193784797
Germany,1937,Hands,6.0,7.0,7.0,4.5,8.25,0.27103131482450726
Germany,1937,Helm,8.0,8.5,5.0,7.0,15.0,0.35489741791454604
Germany,1937,Lore,6.5,6.5,6.0,5.5,9.75,0.3041056758709261
Germany,1937,Shield,8.5,8.0,4.0,6.0,15.5,0.37411944871894187
Germany,1937,Stewards,9.0,8.5,5.0,6.5,15.75,0.3626701785330078
Germany,1938,Archive,8.0,7.0,5.0,6.5,13.25,0.31024996949788886
Germany,1938,Craft,7.0,7.0,7.0,5.5,9.75,0.25932496281879897
Germany,1938,Flow,7.5,7.5,7.0,5.0,10.5,0.26107137357928245
Germany,1938,Hands,5.5,6.5,8.0,4.0,6.0,0.21690678541805722
Germany,1938,Helm,7.5,8.0,6.0,6.5,12.75,0.2877031323735199
Germany,1938,Lore,6.0,6.0,7.0,5.0,7.5,0.24466934270247562
Germany,1938,Shield,8.0,7.5,5.0,5.5,13.25,0.30315707884423454
Germany,1938,Stewards,8.5,8.0,6.0,6.0,13.5,0.29443572405204194
Germany,1939,Archive,7.5,6.5,5.0,6.0,12.0,0.278981815501364
Germany,1939,Craft,6.5,6.5,7.0,5.0,8.5,0.2323167931345045
Germany,1939,Flow,7.0,7.0,7.0,4.5,9.25,0.23400550622427468
Germany,1939,Hands,5.0,6.0,8.0,3.5,4.75,0.19218696608570496
Germany,1939,Helm,7.0,7.5,7.0,6.0,10.5,0.24376437522954225
Germany,1939,Lore,5.5,5.5,8.0,4.5,5.25,0.205200337328013
Germany,1939,Shield,7.5,7.0,6.0,5.0,11.0,0.2568556724579395
Germany,1939,Stewards,8.0,7.5,6.0,5.5,12.25,0.26496837586170147
Germany,1940,Archive,7.0,6.0,6.0,5.5,9.75,0.2237746758824066
Germany,1940,Craft,6.0,6.0,8.0,4.5,6.25,0.18531757804860732
Germany,1940,Flow,6.5,6.5,8.0,4.0,7.0,0.18678890297596565
Germany,1940,Hands,4.5,5.5,9.0,3.0,2.5,0.15112141390782488
Germany,1940,Helm,6.5,7.0,8.0,5.5,8.25,0.195263371118412
Germany,1940,Lore,5.0,5.0,9.0,4.0,3.0,0.16262910167328862
Germany,1940,Shield,7.0,6.5,7.0,4.5,8.75,0.20563204678382618
Germany,1940,Stewards,7.5,7.0,7.0,5.0,10.0,0.21264822452982843
Germany,1941,Archive,7.5,6.5,5.0,6.0,12.0,0.278981815501364
Germany,1941,Craft,6.5,6.5,7.0,5.0,8.5,0.2323167931345045
Germany,1941,Flow,7.0,7.0,7.0,4.5,9.25,0.23400550622427468
Germany,1941,Hands,5.0,6.0,8.0,3.5,4.75,0.19218696608570496
Germany,1941,Helm,7.0,7.5,7.0,6.0,10.5,0.24376437522954225
Germany,1941,Lore,5.5,5.5,8.0,4.5,5.25,0.205200337328013
Germany,1941,Shield,7.5,7.0,6.0,5.0,11.0,0.2568556724579395
Germany,1941,Stewards,8.0,7.5,6.0,5.5,12.25,0.26496837586170147
Germany,1942,Archive,7.0,6.0,6.0,5.5,9.75,0.2237746758824066
Germany,1942,Craft,6.0,6.0,8.0,4.5,6.25,0.18531757804860732
Germany,1942,Flow,6.5,6.5,8.0,4.0,7.0,0.18678890297596565
Germany,1942,Hands,4.5,5.5,9.0,3.0,2.5,0.15112141390782488
Germany,1942,Helm,6.5,7.0,8.0,5.5,8.25,0.195263371118412
Germany,1942,Lore,5.0,5.0,9.0,4.0,3.0,0.16262910167328862
Germany,1942,Shield,7.0,6.5,7.0,4.5,8.75,0.20563204678382618
Germany,1942,Stewards,7.5,7.0,7.0,5.0,10.0,0.21264822452982843
Germany,1943,Archive,6.5,5.5,7.0,5.0,7.5,0.21948201032226275
Germany,1943,Craft,5.5,5.5,9.0,4.0,4.0,0.17936264785347486
Germany,1943,Flow,6.0,6.0,9.0,3.5,4.75,0.18097747441076859
Germany,1943,Hands,4.0,5.0,0.0,2.5,10.25,0.2614807811245249
Germany,1943,Helm,6.0,6.5,9.0,5.0,6.0,0.19026294739789004
Germany,1943,Lore,4.5,4.5,0.0,3.5,10.75,0.28190519592770796
Germany,1943,Shield,6.5,6.0,8.0,4.0,6.5,0.20057301835487415
Germany,1943,Stewards,7.0,6.5,8.0,4.5,7.75,0.208287929554054
Germany,1944,Archive,6.0,5.0,8.0,4.5,5.25,0.23435805660194164
Germany,1944,Craft,5.0,5.0,0.0,3.5,11.75,0.345464260394801
Germany,1944,Flow,5.5,5.5,0.0,3.0,12.5,0.34864963658417353
Germany,1944,Hands,3.5,4.5,1.0,2.0,8.0,0.2732285554079234
Germany,1944,Helm,5.5,6.0,0.0,4.5,13.75,0.36674610765909527
Germany,1944,Lore,4.0,4.0,1.0,3.0,8.5,0.2998357986324672
Germany,1944,Shield,6.0,5.5,9.0,3.5,4.25,0.21274406067212523
Germany,1944,Stewards,6.5,6.0,9.0,4.0,5.5,0.22207779623040552
Germany,1945,Archive,3.5,3.0,2.0,2.0,5.5,0.16432150070865242
Germany,1945,Craft,2.5,2.5,4.0,1.5,1.75,0.12775900674380872
Germany,1945,Flow,3.0,3.0,4.0,1.0,2.5,0.13035049196276766
Germany,1945,Hands,1.0,2.0,5.0,0.5,-1.75,0.07778232462176797
Germany,1945,Helm,3.0,3.5,4.0,2.0,3.5,0.1399964329531864
Germany,1945,Lore,2.0,2.0,5.0,1.0,-0.5,0.10665346732085726
Germany,1945,Shield,3.5,3.0,3.0,1.5,4.25,0.15075471223595158
Germany,1945,Stewards,4.0,3.5,3.0,2.0,5.5,0.16166465706404048
Germany,1946,Archive,3.0,2.5,3.0,1.5,3.25,0.1125989316360929
Germany,1946,Craft,2.0,2.0,5.0,1.0,-0.5,0.08468535230522671
Germany,1946,Flow,2.5,2.5,5.0,0.5,0.25,0.08692910776889533
Germany,1946,Hands,0.5,1.5,6.0,0.0,-4.0,0.03696601453561089
Germany,1946,Helm,2.5,3.0,5.0,1.5,1.25,0.09511233271233567
Germany,1946,Lore,1.5,1.5,6.0,0.5,-2.75,0.06751658308677179
Germany,1946,Shield,3.0,2.5,4.0,1.0,2.0,0.10274171665215144
Germany,1946,Stewards,3.5,3.0,4.0,1.5,3.25,0.11166350341718675
Germany,1947,Archive,3.5,3.0,2.0,2.0,5.5,0.16432150070865242
Germany,1947,Craft,2.5,2.5,4.0,1.5,1.75,0.12775900674380872
Germany,1947,Flow,3.0,3.0,4.0,1.0,2.5,0.13035049196276766
Germany,1947,Hands,1.0,2.0,5.0,0.5,-1.75,0.07778232462176797
Germany,1947,Helm,3.0,3.5,4.0,2.0,3.5,0.1399964329531864
Germany,1947,Lore,2.0,2.0,5.0,1.0,-0.5,0.10665346732085726
Germany,1947,Shield,3.5,3.0,3.0,1.5,4.25,0.15075471223595158
Germany,1947,Stewards,4.0,3.5,3.0,2.0,5.5,0.16166465706404048
Germany,1948,Archive,4.0,3.5,1.0,2.5,7.75,0.22780087674117278
Germany,1948,Craft,3.0,3.0,3.0,2.0,4.0,0.18110346323386745
Germany,1948,Flow,3.5,3.5,3.0,1.5,4.75,0.1840776639989925
Germany,1948,Hands,1.5,2.5,4.0,1.0,0.5,0.12498460908182644
Germany,1948,Helm,3.5,4.0,3.0,2.5,5.75,0.19529221133607785
Germany,1948,Lore,2.5,2.5,4.0,1.5,1.75,0.1551790559729222
Germany,1948,Shield,4.0,3.5,2.0,2.0,6.5,0.20982901262847345
Germany,1948,Stewards,4.5,4.0,2.0,2.5,7.75,0.22282234478669777
Germany,1949,Archive,4.5,4.0,0.0,3.0,10.0,0.306048173701378
Germany,1949,Craft,3.5,3.5,2.0,2.5,6.25,0.2472176219094786
Germany,1949,Flow,4.0,4.0,2.0,2.0,7.0,0.25062773116891046
Germany,1949,Hands,2.0,3.0,3.0,1.5,2.75,0.18266151569027425
Germany,1949,Helm,4.0,4.5,2.0,3.0,8.0,0.2636018022568089
Germany,1949,Lore,3.0,3.0,3.0,2.0,4.0,0.21541618808027768
Germany,1949,Shield,4.5,4.0,1.0,2.5,8.75,0.28275281870345464
Germany,1949,Stewards,5.0,4.5,1.0,3.0,10.0,0.29804494871664605
Germany,1950,Archive,5.5,5.0,9.0,4.0,3.5,0.22549161658797962
Germany,1950,Craft,4.5,4.5,1.0,3.5,9.75,0.34015341910007857
Germany,1950,Flow,5.0,5.0,1.0,3.0,10.5,0.34365107350819757
Germany,1950,Hands,3.0,4.0,2.0,2.0,6.0,0.2624720475410407
Germany,1950,Helm,5.0,5.5,1.0,4.0,11.5,0.35709945548096994
Germany,1950,Lore,4.0,4.0,2.0,3.0,7.5,0.3029973167761133
Germany,1950,Shield,5.5,5.0,0.0,3.5,12.25,0.38170106711656643
Germany,1950,Stewards,6.0,5.5,0.0,4.0,13.5,0.3978296059648588
Germany,1951,Archive,6.0,5.5,8.0,4.5,5.75,0.24032528676517026
Germany,1951,Craft,5.0,5.0,0.0,4.0,12.0,0.3613731467412447
Germany,1951,Flow,5.5,5.5,0.0,3.5,12.75,0.3645618709332066
Germany,1951,Hands,3.5,4.5,1.0,2.5,8.25,0.28857354380549705
Germany,1951,Helm,5.5,6.0,0.0,4.5,13.75,0.37684293649609824
Germany,1951,Lore,4.5,4.5,1.0,3.5,9.75,0.3252175516841002
Germany,1951,Shield,6.0,5.5,9.0,4.0,4.5,0.2220064972223901
Germany,1951,Stewards,6.5,6.0,9.0,4.5,5.75,0.23138579569696835
Germany,1952,Archive,6.5,6.0,7.0,5.0,8.0,0.22521933118246254
Germany,1952,Craft,5.5,5.5,9.0,4.5,4.25,0.18721582878212736
Germany,1952,Flow,6.0,6.0,9.0,4.0,5.0,0.18883624744515753
Germany,1952,Hands,4.0,5.0,0.0,3.0,10.5,0.27489292260152076
Germany,1952,Helm,6.0,6.5,9.0,5.0,6.0,0.19512893666943018
Germany,1952,Lore,5.0,5.0,0.0,4.0,12.0,0.30315572313546885
Germany,1952,Shield,6.5,6.0,8.0,4.5,6.75,0.20897337333500068
Germany,1952,Stewards,7.0,6.5,8.0,5.0,8.0,0.2167433409400978
Germany,1953,Archive,7.0,6.5,6.0,5.5,10.25,0.2281929043960566
Germany,1953,Craft,6.0,6.0,8.0,5.0,6.5,0.1918405230127976
Germany,1953,Flow,6.5,6.5,8.0,4.5,7.25,0.19330913661465202
Germany,1953,Hands,4.5,5.5,9.0,3.5,2.75,0.15740487456258187
Germany,1953,Helm,6.5,7.0,8.0,5.5,8.25,0.19901843306164352
Germany,1953,Lore,5.5,5.5,9.0,4.5,4.25,0.17339118663711942
Germany,1953,Shield,7.0,6.5,7.0,5.0,9.0,0.2125428190791079
Germany,1953,Stewards,7.5,7.0,7.0,5.5,10.25,0.21956738569422699
Germany,1954,Archive,7.5,7.0,5.0,6.0,12.5,0.2840146318497048
Germany,1954,Craft,6.5,6.5,7.0,5.5,8.75,0.23979522079359342
Germany,1954,Flow,7.0,7.0,7.0,5.0,9.5,0.2414810013305871
Germany,1954,Hands,5.0,6.0,8.0,4.0,5.0,0.1993675943763542
Germany,1954,Helm,7.0,7.5,7.0,6.0,10.5,0.24804939180472635
Germany,1954,Lore,6.0,6.0,8.0,5.0,6.5,0.2175010999560306
Germany,1954,Shield,7.5,7.0,6.0,5.5,11.25,0.2647780554653643
Germany,1954,Stewards,8.0,7.5,6.0,6.0,12.5,0.2728975590417211
Germany,1955,Archive,8.0,7.5,4.0,6.5,14.75,0.35137440751541055
Germany,1955,Craft,7.0,7.0,6.0,6.0,11.0,0.29775989541311565
Germany,1955,Flow,7.5,7.5,6.0,5.5,11.75,0.2996950920180222
Germany,1955,Hands,5.5,6.5,7.0,4.5,7.25,0.25027000634091673
Germany,1955,Helm,7.5,8.0,6.0,6.5,12.75,0.307249861709315
Germany,1955,Lore,6.5,6.5,7.0,5.5,8.75,0.2708810097435614
Germany,1955,Shield,8.0,7.5,5.0,6.0,13.5,0.32783476068230905
Germany,1955,Stewards,8.5,8.0,5.0,6.5,14.75,0.3372111814489226
Germany,1956,Archive,7.5,7.0,5.0,6.0,12.5,0.2840146318497048
Germany,1956,Craft,6.5,6.5,7.0,5.5,8.75,0.23979522079359342
Germany,1956,Flow,7.0,7.0,7.0,5.0,9.5,0.2414810013305871
Germany,1956,Hands,5.0,6.0,8.0,4.0,5.0,0.1993675943763542
Germany,1956,Helm,7.0,7.5,7.0,6.0,10.5,0.24804939180472635
Germany,1956,Lore,6.0,6.0,8.0,5.0,6.5,0.2175010999560306
Germany,1956,Shield,7.5,7.0,6.0,5.5,11.25,0.2647780554653643
Germany,1956,Stewards,8.0,7.5,6.0,6.0,12.5,0.2728975590417211
Germany,1957,Archive,7.0,6.5,6.0,5.5,10.25,0.2281929043960566
Germany,1957,Craft,6.0,6.0,8.0,5.0,6.5,0.1918405230127976
Germany,1957,Flow,6.5,6.5,8.0,4.5,7.25,0.19330913661465202
Germany,1957,Hands,4.5,5.5,9.0,3.5,2.75,0.15740487456258187
Germany,1957,Helm,6.5,7.0,8.0,5.5,8.25,0.19901843306164352
Germany,1957,Lore,5.5,5.5,9.0,4.5,4.25,0.17339118663711942
Germany,1957,Shield,7.0,6.5,7.0,5.0,9.0,0.2125428190791079
Germany,1957,Stewards,7.5,7.0,7.0,5.5,10.25,0.21956738569422699
Germany,1958,Archive,6.5,6.0,7.0,5.0,8.0,0.22521933118246254
Germany,1958,Craft,5.5,5.5,9.0,4.5,4.25,0.18721582878212736
Germany,1958,Flow,6.0,6.0,9.0,4.0,5.0,0.18883624744515753
Germany,1958,Hands,4.0,5.0,0.0,3.0,10.5,0.27489292260152076
Germany,1958,Helm,6.0,6.5,9.0,5.0,6.0,0.19512893666943018
Germany,1958,Lore,5.0,5.0,0.0,4.0,12.0,0.30315572313546885
Germany,1958,Shield,6.5,6.0,8.0,4.5,6.75,0.20897337333500068
Germany,1958,Stewards,7.0,6.5,8.0,5.0,8.0,0.2167433409400978
Germany,1959,Archive,7.0,6.5,6.0,5.5,10.25,0.2281929043960566
Germany,1959,Craft,6.0,6.0,8.0,5.0,6.5,0.1918405230127976
Germany,1959,Flow,6.5,6.5,8.0,4.5,7.25,0.19330913661465202
Germany,1959,Hands,4.5,5.5,9.0,3.5,2.75,0.15740487456258187
Germany,1959,Helm,6.5,7.0,8.0,5.5,8.25,0.19901843306164352
Germany,1959,Lore,5.5,5.5,9.0,4.5,4.25,0.17339118663711942
Germany,1959,Shield,7.0,6.5,7.0,5.0,9.0,0.2125428190791079
Germany,1959,Stewards,7.5,7.0,7.0,5.5,10.25,0.21956738569422699
Germany,1960,Archive,7.5,7.0,5.0,6.0,12.5,0.2840146318497048
Germany,1960,Craft,6.5,6.5,7.0,5.5,8.75,0.23979522079359342
Germany,1960,Flow,7.0,7.0,7.0,5.0,9.5,0.2414810013305871
Germany,1960,Hands,5.0,6.0,8.0,4.0,5.0,0.1993675943763542
Germany,1960,Helm,7.0,7.5,7.0,6.0,10.5,0.24804939180472635
Germany,1960,Lore,6.0,6.0,8.0,5.0,6.5,0.2175010999560306
Germany,1960,Shield,7.5,7.0,6.0,5.5,11.25,0.2647780554653643
Germany,1960,Stewards,8.0,7.5,6.0,6.0,12.5,0.2728975590417211
Germany,1961,Archive,8.0,7.5,4.0,6.5,14.75,0.35137440751541055
Germany,1961,Craft,7.0,7.0,6.0,6.0,11.0,0.29775989541311565
Germany,1961,Flow,7.5,7.5,6.0,5.5,11.75,0.2996950920180222
Germany,1961,Hands,5.5,6.5,7.0,4.5,7.25,0.25027000634091673
Germany,1961,Helm,7.5,8.0,6.0,6.5,12.75,0.307249861709315
Germany,1961,Lore,6.5,6.5,7.0,5.5,8.75,0.2708810097435614
Germany,1961,Shield,8.0,7.5,5.0,6.0,13.5,0.32783476068230905
Germany,1961,Stewards,8.5,8.0,5.0,6.5,14.75,0.3372111814489226
Germany,1962,Archive,8.5,8.0,3.0,7.0,17.0,0.4324711958623277
Germany,1962,Craft,7.5,7.5,5.0,6.5,13.25,0.3676522011120058
Germany,1962,Flow,8.0,8.0,5.0,6.0,14.0,0.36987385658826993
Germany,1962,Hands,6.0,7.0,6.0,5.0,9.5,0.3118499469477464
Germany,1962,Helm,8.0,8.5,5.0,7.0,15.0,0.3785613835062601
Germany,1962,Lore,7.0,7.0,6.0,6.0,11.0,0.33531388551722546
Germany,1962,Shield,8.5,8.0,4.0,6.5,15.75,0.40377771505094906
Germany,1962,Stewards,9.0,8.5,4.0,7.0,17.0,0.41459769596264423
Germany,1963,Archive,9.0,8.5,2.0,7.5,19.25,0.5299023193192693
Germany,1963,Craft,8.0,8.0,4.0,7.0,15.5,0.45173848729890537
Germany,1963,Flow,8.5,8.5,4.0,6.5,16.25,0.45428914851645835
Germany,1963,Hands,6.5,7.5,5.0,5.5,11.75,0.38616253871779577
Germany,1963,Helm,8.5,9.0,4.0,7.5,17.25,0.46427770609709607
Germany,1963,Lore,7.5,7.5,5.0,6.5,13.25,0.41290761131296005
Germany,1963,Shield,9.0,8.5,3.0,7.0,18.0,0.4950460911393811
Germany,1963,Stewards,9.5,9.0,3.0,7.5,19.25,0.507524515869822
Germany,1964,Archive,8.5,8.0,3.0,7.0,17.0,0.4324711958623277
Germany,1964,Craft,7.5,7.5,5.0,6.5,13.25,0.3676522011120058
Germany,1964,Flow,8.0,8.0,5.0,6.0,14.0,0.36987385658826993
Germany,1964,Hands,6.0,7.0,6.0,5.0,9.5,0.3118499469477464
Germany,1964,Helm,8.0,8.5,5.0,7.0,15.0,0.3785613835062601
Germany,1964,Lore,7.0,7.0,6.0,6.0,11.0,0.33531388551722546
Germany,1964,Shield,8.5,8.0,4.0,6.5,15.75,0.40377771505094906
Germany,1964,Stewards,9.0,8.5,4.0,7.0,17.0,0.41459769596264423
Germany,1965,Archive,8.0,7.5,4.0,6.5,14.75,0.35137440751541055
Germany,1965,Craft,7.0,7.0,6.0,6.0,11.0,0.29775989541311565
Germany,1965,Flow,7.5,7.5,6.0,5.5,11.75,0.2996950920180222
Germany,1965,Hands,5.5,6.5,7.0,4.5,7.25,0.25027000634091673
Germany,1965,Helm,7.5,8.0,6.0,6.5,12.75,0.307249861709315
Germany,1965,Lore,6.5,6.5,7.0,5.5,8.75,0.2708810097435614
Germany,1965,Shield,8.0,7.5,5.0,6.0,13.5,0.32783476068230905
Germany,1965,Stewards,8.5,8.0,5.0,6.5,14.75,0.3372111814489226
Germany,1966,Archive,7.5,7.0,5.0,6.0,12.5,0.2840146318497048
Germany,1966,Craft,6.5,6.5,7.0,5.5,8.75,0.23979522079359342
Germany,1966,Flow,7.0,7.0,7.0,5.0,9.5,0.2414810013305871
Germany,1966,Hands,5.0,6.0,8.0,4.0,5.0,0.1993675943763542
Germany,1966,Helm,7.0,7.5,7.0,6.0,10.5,0.24804939180472635
Germany,1966,Lore,6.0,6.0,8.0,5.0,6.5,0.2175010999560306
Germany,1966,Shield,7.5,7.0,6.0,5.5,11.25,0.2647780554653643
Germany,1966,Stewards,8.0,7.5,6.0,6.0,12.5,0.2728975590417211
Germany,1967,Archive,7.0,6.5,6.0,5.5,10.25,0.2281929043960566
Germany,1967,Craft,6.0,6.0,8.0,5.0,6.5,0.1918405230127976
Germany,1967,Flow,6.5,6.5,8.0,4.5,7.25,0.19330913661465202
Germany,1967,Hands,4.5,5.5,9.0,3.5,2.75,0.15740487456258187
Germany,1967,Helm,6.5,7.0,8.0,5.5,8.25,0.19901843306164352
Germany,1967,Lore,5.5,5.5,9.0,4.5,4.25,0.17339118663711942
Germany,1967,Shield,7.0,6.5,7.0,5.0,9.0,0.2125428190791079
Germany,1967,Stewards,7.5,7.0,7.0,5.5,10.25,0.21956738569422699
Germany,1968,Archive,6.5,6.0,7.0,5.0,8.0,0.22521933118246254
Germany,1968,Craft,5.5,5.5,9.0,4.5,4.25,0.18721582878212736
Germany,1968,Flow,6.0,6.0,9.0,4.0,5.0,0.18883624744515753
Germany,1968,Hands,4.0,5.0,0.0,3.0,10.5,0.27489292260152076
Germany,1968,Helm,6.0,6.5,9.0,5.0,6.0,0.19512893666943018
Germany,1968,Lore,5.0,5.0,0.0,4.0,12.0,0.30315572313546885
Germany,1968,Shield,6.5,6.0,8.0,4.5,6.75,0.20897337333500068
Germany,1968,Stewards,7.0,6.5,8.0,5.0,8.0,0.2167433409400978
Germany,1969,Archive,7.0,6.5,6.0,5.5,10.25,0.2281929043960566
Germany,1969,Craft,6.0,6.0,8.0,5.0,6.5,0.1918405230127976
Germany,1969,Flow,6.5,6.5,8.0,4.5,7.25,0.19330913661465202
Germany,1969,Hands,4.5,5.5,9.0,3.5,2.75,0.15740487456258187
Germany,1969,Helm,6.5,7.0,8.0,5.5,8.25,0.19901843306164352
Germany,1969,Lore,5.5,5.5,9.0,4.5,4.25,0.17339118663711942
Germany,1969,Shield,7.0,6.5,7.0,5.0,9.0,0.2125428190791079
Germany,1969,Stewards,7.5,7.0,7.0,5.5,10.25,0.21956738569422699
Germany,1971,Archive,8.0,7.5,4.0,6.5,14.75,0.35137440751541055
Germany,1971,Craft,7.0,7.0,6.0,6.0,11.0,0.29775989541311565
Germany,1971,Flow,7.5,7.5,6.0,5.5,11.75,0.2996950920180222
Germany,1971,Hands,5.5,6.5,7.0,4.5,7.25,0.25027000634091673
Germany,1971,Helm,7.5,8.0,6.0,6.5,12.75,0.307249861709315
Germany,1971,Lore,6.5,6.5,7.0,5.5,8.75,0.2708810097435614
Germany,1971,Shield,8.0,7.5,5.0,6.0,13.5,0.32783476068230905
Germany,1971,Stewards,8.5,8.0,5.0,6.5,14.75,0.3372111814489226
Germany,1972,Archive,8.5,8.0,3.0,7.0,17.0,0.4324711958623277
Germany,1972,Craft,7.5,7.5,5.0,6.5,13.25,0.3676522011120058
Germany,1972,Flow,8.0,8.0,5.0,6.0,14.0,0.36987385658826993
Germany,1972,Hands,6.0,7.0,6.0,5.0,9.5,0.3118499469477464
Germany,1972,Helm,8.0,8.5,5.0,7.0,15.0,0.3785613835062601
Germany,1972,Lore,7.0,7.0,6.0,6.0,11.0,0.33531388551722546
Germany,1972,Shield,8.5,8.0,4.0,6.5,15.75,0.40377771505094906
Germany,1972,Stewards,9.0,8.5,4.0,7.0,17.0,0.41459769596264423
Germany,1973,Archive,9.0,8.5,2.0,7.5,19.25,0.5299023193192693
Germany,1973,Craft,8.0,8.0,4.0,7.0,15.5,0.45173848729890537
Germany,1973,Flow,8.5,8.5,4.0,6.5,16.25,0.45428914851645835
Germany,1973,Hands,6.5,7.5,5.0,5.5,11.75,0.38616253871779577
Germany,1973,Helm,8.5,9.0,4.0,7.5,17.25,0.46427770609709607
Germany,1973,Lore,7.5,7.5,5.0,6.5,13.25,0.41290761131296005
Germany,1973,Shield,9.0,8.5,3.0,7.0,18.0,0.4950460911393811
Germany,1973,Stewards,9.5,9.0,3.0,7.5,19.25,0.507524515869822
Germany,1974,Archive,8.5,8.0,3.0,7.0,17.0,0.4324711958623277
Germany,1974,Craft,7.5,7.5,5.0,6.5,13.25,0.3676522011120058
Germany,1974,Flow,8.0,8.0,5.0,6.0,14.0,0.36987385658826993
Germany,1974,Hands,6.0,7.0,6.0,5.0,9.5,0.3118499469477464
Germany,1974,Helm,8.0,8.5,5.0,7.0,15.0,0.3785613835062601
Germany,1974,Lore,7.0,7.0,6.0,6.0,11.0,0.33531388551722546
Germany,1974,Shield,8.5,8.0,4.0,6.5,15.75,0.40377771505094906
Germany,1974,Stewards,9.0,8.5,4.0,7.0,17.0,0.41459769596264423
Germany,1975,Archive,8.0,7.5,4.0,6.5,14.75,0.35137440751541055
Germany,1975,Craft,7.0,7.0,6.0,6.0,11.0,0.29775989541311565
Germany,1975,Flow,7.5,7.5,6.0,5.5,11.75,0.2996950920180222
Germany,1975,Hands,5.5,6.5,7.0,4.5,7.25,0.25027000634091673
Germany,1975,Helm,7.5,8.0,6.0,6.5,12.75,0.307249861709315
Germany,1975,Lore,6.5,6.5,7.0,5.5,8.75,0.2708810097435614
Germany,1975,Shield,8.0,7.5,5.0,6.0,13.5,0.32783476068230905
Germany,1975,Stewards,8.5,8.0,5.0,6.5,14.75,0.3372111814489226
Germany,1976,Archive,7.5,7.0,5.0,6.0,12.5,0.2840146318497048
Germany,1976,Craft,6.5,6.5,7.0,5.5,8.75,0.23979522079359342
Germany,1976,Flow,7.0,7.0,7.0,5.0,9.5,0.2414810013305871
Germany,1976,Hands,5.0,6.0,8.0,4.0,5.0,0.1993675943763542
Germany,1976,Helm,7.0,7.5,7.0,6.0,10.5,0.24804939180472635
Germany,1976,Lore,6.0,6.0,8.0,5.0,6.5,0.2175010999560306
Germany,1976,Shield,7.5,7.0,6.0,5.5,11.25,0.2647780554653643
Germany,1976,Stewards,8.0,7.5,6.0,6.0,12.5,0.2728975590417211
Germany,1977,Archive,7.0,6.5,6.0,5.5,10.25,0.2281929043960566
Germany,1977,Craft,6.0,6.0,8.0,5.0,6.5,0.1918405230127976
Germany,1977,Flow,6.5,6.5,8.0,4.5,7.25,0.19330913661465202
Germany,1977,Hands,4.5,5.5,9.0,3.5,2.75,0.15740487456258187
Germany,1977,Helm,6.5,7.0,8.0,5.5,8.25,0.19901843306164352
Germany,1977,Lore,5.5,5.5,9.0,4.5,4.25,0.17339118663711942
Germany,1977,Shield,7.0,6.5,7.0,5.0,9.0,0.2125428190791079
Germany,1977,Stewards,7.5,7.0,7.0,5.5,10.25,0.21956738569422699
Germany,1978,Archive,6.5,6.0,7.0,5.0,8.0,0.22521933118246254
Germany,1978,Craft,5.5,5.5,9.0,4.5,4.25,0.18721582878212736
Germany,1978,Flow,6.0,6.0,9.0,4.0,5.0,0.18883624744515753
Germany,1978,Hands,4.0,5.0,0.0,3.0,10.5,0.27489292260152076
Germany,1978,Helm,6.0,6.5,9.0,5.0,6.0,0.19512893666943018
Germany,1978,Lore,5.0,5.0,0.0,4.0,12.0,0.30315572313546885
Germany,1978,Shield,6.5,6.0,8.0,4.5,6.75,0.20897337333500068
Germany,1978,Stewards,7.0,6.5,8.0,5.0,8.0,0.2167433409400978
Germany,1979,Archive,7.0,6.5,6.0,5.5,10.25,0.2281929043960566
Germany,1979,Craft,6.0,6.0,8.0,5.0,6.5,0.1918405230127976
Germany,1979,Flow,6.5,6.5,8.0,4.5,7.25,0.19330913661465202
Germany,1979,Hands,4.5,5.5,9.0,3.5,2.75,0.15740487456258187
Germany,1979,Helm,6.5,7.0,8.0,5.5,8.25,0.19901843306164352
Germany,1979,Lore,5.5,5.5,9.0,4.5,4.25,0.17339118663711942
Germany,1979,Shield,7.0,6.5,7.0,5.0,9.0,0.2125428190791079
Germany,1979,Stewards,7.5,7.0,7.0,5.5,10.25,0.21956738569422699
Germany,1980,Archive,7.5,7.0,5.0,6.0,12.5,0.2840146318497048
Germany,1980,Craft,6.5,6.5,7.0,5.5,8.75,0.23979522079359342
Germany,1980,Flow,7.0,7.0,7.0,5.0,9.5,0.2414810013305871
Germany,1980,Hands,5.0,6.0,8.0,4.0,5.0,0.1993675943763542
Germany,1980,Helm,7.0,7.5,7.0,6.0,10.5,0.24804939180472635
Germany,1980,Lore,6.0,6.0,8.0,5.0,6.5,0.2175010999560306
Germany,1980,Shield,7.5,7.0,6.0,5.5,11.25,0.2647780554653643
Germany,1980,Stewards,8.0,7.5,6.0,6.0,12.5,0.2728975590417211
Germany,1981,Archive,8.0,7.5,4.0,6.5,14.75,0.35137440751541055
Germany,1981,Craft,7.0,7.0,6.0,6.0,11.0,0.29775989541311565
Germany,1981,Flow,7.5,7.5,6.0,5.5,11.75,0.2996950920180222
Germany,1981,Hands,5.5,6.5,7.0,4.5,7.25,0.25027000634091673
Germany,1981,Helm,7.5,8.0,6.0,6.5,12.75,0.307249861709315
Germany,1981,Lore,6.5,6.5,7.0,5.5,8.75,0.2708810097435614
Germany,1981,Shield,8.0,7.5,5.0,6.0,13.5,0.32783476068230905
Germany,1981,Stewards,8.5,8.0,5.0,6.5,14.75,0.3372111814489226
Germany,1982,Archive,8.5,8.0,3.0,7.0,17.0,0.4324711958623277
Germany,1982,Craft,7.5,7.5,5.0,6.5,13.25,0.3676522011120058
Germany,1982,Flow,8.0,8.0,5.0,6.0,14.0,0.36987385658826993
Germany,1982,Hands,6.0,7.0,6.0,5.0,9.5,0.3118499469477464
Germany,1982,Helm,8.0,8.5,5.0,7.0,15.0,0.3785613835062601
Germany,1982,Lore,7.0,7.0,6.0,6.0,11.0,0.33531388551722546
Germany,1982,Shield,8.5,8.0,4.0,6.5,15.75,0.40377771505094906
Germany,1982,Stewards,9.0,8.5,4.0,7.0,17.0,0.41459769596264423
Germany,1983,Archive,9.0,8.5,2.0,7.5,19.25,0.5299023193192693
Germany,1983,Craft,8.0,8.0,4.0,7.0,15.5,0.45173848729890537
Germany,1983,Flow,8.5,8.5,4.0,6.5,16.25,0.45428914851645835
Germany,1983,Hands,6.5,7.5,5.0,5.5,11.75,0.38616253871779577
Germany,1983,Helm,8.5,9.0,4.0,7.5,17.25,0.46427770609709607
Germany,1983,Lore,7.5,7.5,5.0,6.5,13.25,0.41290761131296005
Germany,1983,Shield,9.0,8.5,3.0,7.0,18.0,0.4950460911393811
Germany,1983,Stewards,9.5,9.0,3.0,7.5,19.25,0.507524515869822
Germany,1984,Archive,8.5,8.0,3.0,7.0,17.0,0.4324711958623277
Germany,1984,Craft,7.5,7.5,5.0,6.5,13.25,0.3676522011120058
Germany,1984,Flow,8.0,8.0,5.0,6.0,14.0,0.36987385658826993
Germany,1984,Hands,6.0,7.0,6.0,5.0,9.5,0.3118499469477464
Germany,1984,Helm,8.0,8.5,5.0,7.0,15.0,0.3785613835062601
Germany,1984,Lore,7.0,7.0,6.0,6.0,11.0,0.33531388551722546
Germany,1984,Shield,8.5,8.0,4.0,6.5,15.75,0.40377771505094906
Germany,1984,Stewards,9.0,8.5,4.0,7.0,17.0,0.41459769596264423
Germany,1985,Archive,8.0,7.5,4.0,6.5,14.75,0.35137440751541055
Germany,1985,Craft,7.0,7.0,6.0,6.0,11.0,0.29775989541311565
Germany,1985,Flow,7.5,7.5,6.0,5.5,11.75,0.2996950920180222
Germany,1985,Hands,5.5,6.5,7.0,4.5,7.25,0.25027000634091673
Germany,1985,Helm,7.5,8.0,6.0,6.5,12.75,0.307249861709315
Germany,1985,Lore,6.5,6.5,7.0,5.5,8.75,0.2708810097435614
Germany,1985,Shield,8.0,7.5,5.0,6.0,13.5,0.32783476068230905
Germany,1985,Stewards,8.5,8.0,5.0,6.5,14.75,0.3372111814489226
Germany,1986,Archive,7.5,7.0,5.0,6.0,12.5,0.2840146318497048
Germany,1986,Craft,6.5,6.5,7.0,5.5,8.75,0.23979522079359342
Germany,1986,Flow,7.0,7.0,7.0,5.0,9.5,0.2414810013305871
Germany,1986,Hands,5.0,6.0,8.0,4.0,5.0,0.1993675943763542
Germany,1986,Helm,7.0,7.5,7.0,6.0,10.5,0.24804939180472635
Germany,1986,Lore,6.0,6.0,8.0,5.0,6.5,0.2175010999560306
Germany,1986,Shield,7.5,7.0,6.0,5.5,11.25,0.2647780554653643
Germany,1986,Stewards,8.0,7.5,6.0,6.0,12.5,0.2728975590417211
Germany,1987,Archive,7.0,6.5,6.0,5.5,10.25,0.2281929043960566
Germany,1987,Craft,6.0,6.0,8.0,5.0,6.5,0.1918405230127976
Germany,1987,Flow,6.5,6.5,8.0,4.5,7.25,0.19330913661465202
Germany,1987,Hands,4.5,5.5,9.0,3.5,2.75,0.15740487456258187
Germany,1987,Helm,6.5,7.0,8.0,5.5,8.25,0.19901843306164352
Germany,1987,Lore,5.5,5.5,9.0,4.5,4.25,0.17339118663711942
Germany,1987,Shield,7.0,6.5,7.0,5.0,9.0,0.2125428190791079
Germany,1987,Stewards,7.5,7.0,7.0,5.5,10.25,0.21956738569422699
Germany,1988,Archive,6.5,6.0,7.0,5.0,8.0,0.22521933118246254
Germany,1988,Craft,5.5,5.5,9.0,4.5,4.25,0.18721582878212736
Germany,1988,Flow,6.0,6.0,9.0,4.0,5.0,0.18883624744515753
Germany,1988,Hands,4.0,5.0,0.0,3.0,10.5,0.27489292260152076
Germany,1988,Helm,6.0,6.5,9.0,5.0,6.0,0.19512893666943018
Germany,1988,Lore,5.0,5.0,0.0,4.0,12.0,0.30315572313546885
Germany,1988,Shield,6.5,6.0,8.0,4.5,6.75,0.20897337333500068
Germany,1988,Stewards,7.0,6.5,8.0,5.0,8.0,0.2167433409400978
Germany,1989,Archive,7.0,6.5,6.0,5.5,10.25,0.2281929043960566
Germany,1989,Craft,6.0,6.0,8.0,5.0,6.5,0.1918405230127976
Germany,1989,Flow,6.5,6.5,8.0,4.5,7.25,0.19330913661465202
Germany,1989,Hands,4.5,5.5,9.0,3.5,2.75,0.15740487456258187
Germany,1989,Helm,6.5,7.0,8.0,5.5,8.25,0.19901843306164352
Germany,1989,Lore,5.5,5.5,9.0,4.5,4.25,0.17339118663711942
Germany,1989,Shield,7.0,6.5,7.0,5.0,9.0,0.2125428190791079
Germany,1989,Stewards,7.5,7.0,7.0,5.5,10.25,0.21956738569422699
Germany,1990,Archive,8.0,7.5,4.0,6.5,14.75,0.35137440751541055
Germany,1990,Craft,7.0,7.0,6.0,6.0,11.0,0.29775989541311565
Germany,1990,Flow,7.5,7.5,6.0,5.5,11.75,0.2996950920180222
Germany,1990,Hands,5.5,6.5,7.0,4.5,7.25,0.25027000634091673
Germany,1990,Helm,7.5,8.0,6.0,6.5,12.75,0.307249861709315
Germany,1990,Lore,6.5,6.5,7.0,5.5,8.75,0.2708810097435614
Germany,1990,Shield,8.0,7.5,5.0,6.0,13.5,0.32783476068230905
Germany,1990,Stewards,8.5,8.0,5.0,6.5,14.75,0.3372111814489226
Germany,1991,Archive,8.5,8.0,3.0,7.0,17.0,0.4324711958623277
Germany,1991,Craft,7.5,7.5,5.0,6.5,13.25,0.3676522011120058
Germany,1991,Flow,8.0,8.0,5.0,6.0,14.0,0.36987385658826993
Germany,1991,Hands,6.0,7.0,6.0,5.0,9.5,0.3118499469477464
Germany,1991,Helm,8.0,8.5,5.0,7.0,15.0,0.3785613835062601
Germany,1991,Lore,7.0,7.0,6.0,6.0,11.0,0.33531388551722546
Germany,1991,Shield,8.5,8.0,4.0,6.5,15.75,0.40377771505094906
Germany,1991,Stewards,9.0,8.5,4.0,7.0,17.0,0.41459769596264423
Germany,1992,Archive,9.0,8.5,2.0,7.5,19.25,0.5299023193192693
Germany,1992,Craft,8.0,8.0,4.0,7.0,15.5,0.45173848729890537
Germany,1992,Flow,8.5,8.5,4.0,6.5,16.25,0.45428914851645835
Germany,1992,Hands,6.5,7.5,5.0,5.5,11.75,0.38616253871779577
Germany,1992,Helm,8.5,9.0,4.0,7.5,17.25,0.46427770609709607
Germany,1992,Lore,7.5,7.5,5.0,6.5,13.25,0.41290761131296005
Germany,1992,Shield,9.0,8.5,3.0,7.0,18.0,0.4950460911393811
Germany,1992,Stewards,9.5,9.0,3.0,7.5,19.25,0.507524515869822
Germany,1993,Archive,8.5,8.0,3.0,7.0,17.0,0.4324711958623277
Germany,1993,Craft,7.5,7.5,5.0,6.5,13.25,0.3676522011120058
Germany,1993,Flow,8.0,8.0,5.0,6.0,14.0,0.36987385658826993
Germany,1993,Hands,6.0,7.0,6.0,5.0,9.5,0.3118499469477464
Germany,1993,Helm,8.0,8.5,5.0,7.0,15.0,0.3785613835062601
Germany,1993,Lore,7.0,7.0,6.0,6.0,11.0,0.33531388551722546
Germany,1993,Shield,8.5,8.0,4.0,6.5,15.75,0.40377771505094906
Germany,1993,Stewards,9.0,8.5,4.0,7.0,17.0,0.41459769596264423
Germany,1994,Archive,8.0,7.5,4.0,6.5,14.75,0.35137440751541055
Germany,1994,Craft,7.0,7.0,6.0,6.0,11.0,0.29775989541311565
Germany,1994,Flow,7.5,7.5,6.0,5.5,11.75,0.2996950920180222
Germany,1994,Hands,5.5,6.5,7.0,4.5,7.25,0.25027000634091673
Germany,1994,Helm,7.5,8.0,6.0,6.5,12.75,0.307249861709315
Germany,1994,Lore,6.5,6.5,7.0,5.5,8.75,0.2708810097435614
Germany,1994,Shield,8.0,7.5,5.0,6.0,13.5,0.32783476068230905
Germany,1994,Stewards,8.5,8.0,5.0,6.5,14.75,0.3372111814489226
Germany,1995,Archive,7.5,7.0,5.0,6.0,12.5,0.2840146318497048
Germany,1995,Craft,6.5,6.5,7.0,5.5,8.75,0.23979522079359342
Germany,1995,Flow,7.0,7.0,7.0,5.0,9.5,0.2414810013305871
Germany,1995,Hands,5.0,6.0,8.0,4.0,5.0,0.1993675943763542
Germany,1995,Helm,7.0,7.5,7.0,6.0,10.5,0.24804939180472635
Germany,1995,Lore,6.0,6.0,8.0,5.0,6.5,0.2175010999560306
Germany,1995,Shield,7.5,7.0,6.0,5.5,11.25,0.2647780554653643
Germany,1995,Stewards,8.0,7.5,6.0,6.0,12.5,0.2728975590417211
Germany,1996,Archive,7.0,6.5,6.0,5.5,10.25,0.2281929043960566
Germany,1996,Craft,6.0,6.0,8.0,5.0,6.5,0.1918405230127976
Germany,1996,Flow,6.5,6.5,8.0,4.5,7.25,0.19330913661465202
Germany,1996,Hands,4.5,5.5,9.0,3.5,2.75,0.15740487456258187
Germany,1996,Helm,6.5,7.0,8.0,5.5,8.25,0.19901843306164352
Germany,1996,Lore,5.5,5.5,9.0,4.5,4.25,0.17339118663711942
Germany,1996,Shield,7.0,6.5,7.0,5.0,9.0,0.2125428190791079
Germany,1996,Stewards,7.5,7.0,7.0,5.5,10.25,0.21956738569422699
Germany,1997,Archive,6.5,6.0,7.0,5.0,8.0,0.22521933118246254
Germany,1997,Craft,5.5,5.5,9.0,4.5,4.25,0.18721582878212736
Germany,1997,Flow,6.0,6.0,9.0,4.0,5.0,0.18883624744515753
Germany,1997,Hands,4.0,5.0,0.0,3.0,10.5,0.27489292260152076
Germany,1997,Helm,6.0,6.5,9.0,5.0,6.0,0.19512893666943018
Germany,1997,Lore,5.0,5.0,0.0,4.0,12.0,0.30315572313546885
Germany,1997,Shield,6.5,6.0,8.0,4.5,6.75,0.20897337333500068
Germany,1997,Stewards,7.0,6.5,8.0,5.0,8.0,0.2167433409400978
Germany,1998,Archive,7.0,6.5,6.0,5.5,10.25,0.2281929043960566
Germany,1998,Craft,6.0,6.0,8.0,5.0,6.5,0.1918405230127976
Germany,1998,Flow,6.5,6.5,8.0,4.5,7.25,0.19330913661465202
Germany,1998,Hands,4.5,5.5,9.0,3.5,2.75,0.15740487456258187
Germany,1998,Helm,6.5,7.0,8.0,5.5,8.25,0.19901843306164352
Germany,1998,Lore,5.5,5.5,9.0,4.5,4.25,0.17339118663711942
Germany,1998,Shield,7.0,6.5,7.0,5.0,9.0,0.2125428190791079
Germany,1998,Stewards,7.5,7.0,7.0,5.5,10.25,0.21956738569422699
Germany,1999,Archive,7.5,7.0,5.0,6.0,12.5,0.2840146318497048
Germany,1999,Craft,6.5,6.5,7.0,5.5,8.75,0.23979522079359342
Germany,1999,Flow,7.0,7.0,7.0,5.0,9.5,0.2414810013305871
Germany,1999,Hands,5.0,6.0,8.0,4.0,5.0,0.1993675943763542
Germany,1999,Helm,7.0,7.5,7.0,6.0,10.5,0.24804939180472635
Germany,1999,Lore,6.0,6.0,8.0,5.0,6.5,0.2175010999560306
Germany,1999,Shield,7.5,7.0,6.0,5.5,11.25,0.2647780554653643
Germany,1999,Stewards,8.0,7.5,6.0,6.0,12.5,0.2728975590417211
Germany,2000,Archive,8.0,7.5,4.0,6.5,14.75,0.35137440751541055
Germany,2000,Craft,7.0,7.0,6.0,6.0,11.0,0.29775989541311565
Germany,2000,Flow,7.5,7.5,6.0,5.5,11.75,0.2996950920180222
Germany,2000,Hands,5.5,6.5,7.0,4.5,7.25,0.25027000634091673
Germany,2000,Helm,7.5,8.0,6.0,6.5,12.75,0.307249861709315
Germany,2000,Lore,6.5,6.5,7.0,5.5,8.75,0.2708810097435614
Germany,2000,Shield,8.0,7.5,5.0,6.0,13.5,0.32783476068230905
Germany,2000,Stewards,8.5,8.0,5.0,6.5,14.75,0.3372111814489226
Germany,2001,Archive,8.5,8.0,3.0,7.0,17.0,0.4324711958623277
Germany,2001,Craft,7.5,7.5,5.0,6.5,13.25,0.3676522011120058
Germany,2001,Flow,8.0,8.0,5.0,6.0,14.0,0.36987385658826993
Germany,2001,Hands,6.0,7.0,6.0,5.0,9.5,0.3118499469477464
Germany,2001,Helm,8.0,8.5,5.0,7.0,15.0,0.3785613835062601
Germany,2001,Lore,7.0,7.0,6.0,6.0,11.0,0.33531388551722546
Germany,2001,Shield,8.5,8.0,4.0,6.5,15.75,0.40377771505094906
Germany,2001,Stewards,9.0,8.5,4.0,7.0,17.0,0.41459769596264423
Germany,2002,Archive,9.0,8.5,2.0,7.5,19.25,0.5299023193192693
Germany,2002,Craft,8.0,8.0,4.0,7.0,15.5,0.45173848729890537
Germany,2002,Flow,8.5,8.5,4.0,6.5,16.25,0.45428914851645835
Germany,2002,Hands,6.5,7.5,5.0,5.5,11.75,0.38616253871779577
Germany,2002,Helm,8.5,9.0,4.0,7.5,17.25,0.46427770609709607
Germany,2002,Lore,7.5,7.5,5.0,6.5,13.25,0.41290761131296005
Germany,2002,Shield,9.0,8.5,3.0,7.0,18.0,0.4950460911393811
Germany,2002,Stewards,9.5,9.0,3.0,7.5,19.25,0.507524515869822
Germany,2003,Archive,8.5,8.0,3.0,7.0,17.0,0.4324711958623277
Germany,2003,Craft,7.5,7.5,5.0,6.5,13.25,0.3676522011120058
Germany,2003,Flow,8.0,8.0,5.0,6.0,14.0,0.36987385658826993
Germany,2003,Hands,6.0,7.0,6.0,5.0,9.5,0.3118499469477464
Germany,2003,Helm,8.0,8.5,5.0,7.0,15.0,0.3785613835062601
Germany,2003,Lore,7.0,7.0,6.0,6.0,11.0,0.33531388551722546
Germany,2003,Shield,8.5,8.0,4.0,6.5,15.75,0.40377771505094906
Germany,2003,Stewards,9.0,8.5,4.0,7.0,17.0,0.41459769596264423
Germany,2004,Archive,8.0,7.5,4.0,6.5,14.75,0.35137440751541055
Germany,2004,Craft,7.0,7.0,6.0,6.0,11.0,0.29775989541311565
Germany,2004,Flow,7.5,7.5,6.0,5.5,11.75,0.2996950920180222
Germany,2004,Hands,5.5,6.5,7.0,4.5,7.25,0.25027000634091673
Germany,2004,Helm,7.5,8.0,6.0,6.5,12.75,0.307249861709315
Germany,2004,Lore,6.5,6.5,7.0,5.5,8.75,0.2708810097435614
Germany,2004,Shield,8.0,7.5,5.0,6.0,13.5,0.32783476068230905
Germany,2004,Stewards,8.5,8.0,5.0,6.5,14.75,0.3372111814489226
Germany,2005,Archive,7.5,7.0,5.0,6.0,12.5,0.2840146318497048
Germany,2005,Craft,6.5,6.5,7.0,5.5,8.75,0.23979522079359342
Germany,2005,Flow,7.0,7.0,7.0,5.0,9.5,0.2414810013305871
Germany,2005,Hands,5.0,6.0,8.0,4.0,5.0,0.1993675943763542
Germany,2005,Helm,7.0,7.5,7.0,6.0,10.5,0.24804939180472635
Germany,2005,Lore,6.0,6.0,8.0,5.0,6.5,0.2175010999560306
Germany,2005,Shield,7.5,7.0,6.0,5.5,11.25,0.2647780554653643
Germany,2005,Stewards,8.0,7.5,6.0,6.0,12.5,0.2728975590417211
Germany,2006,Archive,7.0,6.5,6.0,5.5,10.25,0.2281929043960566
Germany,2006,Craft,6.0,6.0,8.0,5.0,6.5,0.1918405230127976
Germany,2006,Flow,6.5,6.5,8.0,4.5,7.25,0.19330913661465202
Germany,2006,Hands,4.5,5.5,9.0,3.5,2.75,0.15740487456258187
Germany,2006,Helm,6.5,7.0,8.0,5.5,8.25,0.19901843306164352
Germany,2006,Lore,5.5,5.5,9.0,4.5,4.25,0.17339118663711942
Germany,2006,Shield,7.0,6.5,7.0,5.0,9.0,0.2125428190791079
Germany,2006,Stewards,7.5,7.0,7.0,5.5,10.25,0.21956738569422699
Germany,2007,Archive,6.5,6.0,7.0,5.0,8.0,0.22521933118246254
Germany,2007,Craft,5.5,5.5,9.0,4.5,4.25,0.18721582878212736
Germany,2007,Flow,6.0,6.0,9.0,4.0,5.0,0.18883624744515753
Germany,2007,Hands,4.0,5.0,0.0,3.0,10.5,0.27489292260152076
Germany,2007,Helm,6.0,6.5,9.0,5.0,6.0,0.19512893666943018
Germany,2007,Lore,5.0,5.0,0.0,4.0,12.0,0.30315572313546885
Germany,2007,Shield,6.5,6.0,8.0,4.5,6.75,0.20897337333500068
Germany,2007,Stewards,7.0,6.5,8.0,5.0,8.0,0.2167433409400978
Germany,2008,Archive,7.0,6.5,6.0,5.5,10.25,0.2281929043960566
Germany,2008,Craft,6.0,6.0,8.0,5.0,6.5,0.1918405230127976
Germany,2008,Flow,6.5,6.5,8.0,4.5,7.25,0.19330913661465202
Germany,2008,Hands,4.5,5.5,9.0,3.5,2.75,0.15740487456258187
Germany,2008,Helm,6.5,7.0,8.0,5.5,8.25,0.19901843306164352
Germany,2008,Lore,5.5,5.5,9.0,4.5,4.25,0.17339118663711942
Germany,2008,Shield,7.0,6.5,7.0,5.0,9.0,0.2125428190791079
Germany,2008,Stewards,7.5,7.0,7.0,5.5,10.25,0.21956738569422699
Germany,2009,Archive,7.5,7.0,5.0,6.0,12.5,0.2840146318497048
Germany,2009,Craft,6.5,6.5,7.0,5.5,8.75,0.23979522079359342
Germany,2009,Flow,7.0,7.0,7.0,5.0,9.5,0.2414810013305871
Germany,2009,Hands,5.0,6.0,8.0,4.0,5.0,0.1993675943763542
Germany,2009,Helm,7.0,7.5,7.0,6.0,10.5,0.24804939180472635
Germany,2009,Lore,6.0,6.0,8.0,5.0,6.5,0.2175010999560306
Germany,2009,Shield,7.5,7.0,6.0,5.5,11.25,0.2647780554653643
Germany,2009,Stewards,8.0,7.5,6.0,6.0,12.5,0.2728975590417211
Germany,2010,Archive,8.0,7.5,4.0,6.5,14.75,0.35137440751541055
Germany,2010,Craft,7.0,7.0,6.0,6.0,11.0,0.29775989541311565
Germany,2010,Flow,7.5,7.5,6.0,5.5,11.75,0.2996950920180222
Germany,2010,Hands,5.5,6.5,7.0,4.5,7.25,0.25027000634091673
Germany,2010,Helm,7.5,8.0,6.0,6.5,12.75,0.307249861709315
Germany,2010,Lore,6.5,6.5,7.0,5.5,8.75,0.2708810097435614
Germany,2010,Shield,8.0,7.5,5.0,6.0,13.5,0.32783476068230905
Germany,2010,Stewards,8.5,8.0,5.0,6.5,14.75,0.3372111814489226
Germany,2011,Archive,8.5,8.0,3.0,7.0,17.0,0.4324711958623277
Germany,2011,Craft,7.5,7.5,5.0,6.5,13.25,0.3676522011120058
Germany,2011,Flow,8.0,8.0,5.0,6.0,14.0,0.36987385658826993
Germany,2011,Hands,6.0,7.0,6.0,5.0,9.5,0.3118499469477464
Germany,2011,Helm,8.0,8.5,5.0,7.0,15.0,0.3785613835062601
Germany,2011,Lore,7.0,7.0,6.0,6.0,11.0,0.33531388551722546
Germany,2011,Shield,8.5,8.0,4.0,6.5,15.75,0.40377771505094906
Germany,2011,Stewards,9.0,8.5,4.0,7.0,17.0,0.41459769596264423
Germany,2012,Archive,9.0,8.5,2.0,7.5,19.25,0.5299023193192693
Germany,2012,Craft,8.0,8.0,4.0,7.0,15.5,0.45173848729890537
Germany,2012,Flow,8.5,8.5,4.0,6.5,16.25,0.45428914851645835
Germany,2012,Hands,6.5,7.5,5.0,5.5,11.75,0.38616253871779577
Germany,2012,Helm,8.5,9.0,4.0,7.5,17.25,0.46427770609709607
Germany,2012,Lore,7.5,7.5,5.0,6.5,13.25,0.41290761131296005
Germany,2012,Shield,9.0,8.5,3.0,7.0,18.0,0.4950460911393811
Germany,2012,Stewards,9.5,9.0,3.0,7.5,19.25,0.507524515869822
Germany,2013,Archive,8.5,8.0,3.0,7.0,17.0,0.4324711958623277
Germany,2013,Craft,7.5,7.5,5.0,6.5,13.25,0.3676522011120058
Germany,2013,Flow,8.0,8.0,5.0,6.0,14.0,0.36987385658826993
Germany,2013,Hands,6.0,7.0,6.0,5.0,9.5,0.3118499469477464
Germany,2013,Helm,8.0,8.5,5.0,7.0,15.0,0.3785613835062601
Germany,2013,Lore,7.0,7.0,6.0,6.0,11.0,0.33531388551722546
Germany,2013,Shield,8.5,8.0,4.0,6.5,15.75,0.40377771505094906
Germany,2013,Stewards,9.0,8.5,4.0,7.0,17.0,0.41459769596264423
Germany,2014,Archive,8.0,7.5,4.0,6.5,14.75,0.35137440751541055
Germany,2014,Craft,7.0,7.0,6.0,6.0,11.0,0.29775989541311565
Germany,2014,Flow,7.5,7.5,6.0,5.5,11.75,0.2996950920180222
Germany,2014,Hands,5.5,6.5,7.0,4.5,7.25,0.25027000634091673
Germany,2014,Helm,7.5,8.0,6.0,6.5,12.75,0.307249861709315
Germany,2014,Lore,6.5,6.5,7.0,5.5,8.75,0.2708810097435614
Germany,2014,Shield,8.0,7.5,5.0,6.0,13.5,0.32783476068230905
Germany,2014,Stewards,8.5,8.0,5.0,6.5,14.75,0.3372111814489226
Germany,2015,Archive,7.5,7.0,5.0,6.0,12.5,0.2840146318497048
Germany,2015,Craft,6.5,6.5,7.0,5.5,8.75,0.23979522079359342
Germany,2015,Flow,7.0,7.0,7.0,5.0,9.5,0.2414810013305871
Germany,2015,Hands,5.0,6.0,8.0,4.0,5.0,0.1993675943763542
Germany,2015,Helm,7.0,7.5,7.0,6.0,10.5,0.24804939180472635
Germany,2015,Lore,6.0,6.0,8.0,5.0,6.5,0.2175010999560306
Germany,2015,Shield,7.5,7.0,6.0,5.5,11.25,0.2647780554653643
Germany,2015,Stewards,8.0,7.5,6.0,6.0,12.5,0.2728975590417211
Germany,2016,Archive,7.0,6.5,6.0,5.5,10.25,0.2281929043960566
Germany,2016,Craft,6.0,6.0,8.0,5.0,6.5,0.1918405230127976
Germany,2016,Flow,6.5,6.5,8.0,4.5,7.25,0.19330913661465202
Germany,2016,Hands,4.5,5.5,9.0,3.5,2.75,0.15740487456258187
Germany,2016,Helm,6.5,7.0,8.0,5.5,8.25,0.19901843306164352
Germany,2016,Lore,5.5,5.5,9.0,4.5,4.25,0.17339118663711942
Germany,2016,Shield,7.0,6.5,7.0,5.0,9.0,0.2125428190791079
Germany,2016,Stewards,7.5,7.0,7.0,5.5,10.25,0.21956738569422699
Germany,2017,Archive,6.5,6.0,7.0,5.0,8.0,0.22521933118246254
Germany,2017,Craft,5.5,5.5,9.0,4.5,4.25,0.18721582878212736
Germany,2017,Flow,6.0,6.0,9.0,4.0,5.0,0.18883624744515753
Germany,2017,Hands,4.0,5.0,0.0,3.0,10.5,0.27489292260152076
Germany,2017,Helm,6.0,6.5,9.0,5.0,6.0,0.19512893666943018
Germany,2017,Lore,5.0,5.0,0.0,4.0,12.0,0.30315572313546885
Germany,2017,Shield,6.5,6.0,8.0,4.5,6.75,0.20897337333500068
Germany,2017,Stewards,7.0,6.5,8.0,5.0,8.0,0.2167433409400978
Germany,2018,Archive,7.0,6.5,6.0,5.5,10.25,0.2281929043960566
Germany,2018,Craft,6.0,6.0,8.0,5.0,6.5,0.1918405230127976
Germany,2018,Flow,6.5,6.5,8.0,4.5,7.25,0.19330913661465202
Germany,2018,Hands,4.5,5.5,9.0,3.5,2.75,0.15740487456258187
Germany,2018,Helm,6.5,7.0,8.0,5.5,8.25,0.19901843306164352
Germany,2018,Lore,5.5,5.5,9.0,4.5,4.25,0.17339118663711942
Germany,2018,Shield,7.0,6.5,7.0,5.0,9.0,0.2125428190791079
Germany,2018,Stewards,7.5,7.0,7.0,5.5,10.25,0.21956738569422699
Germany,2019,Archive,7.5,7.0,5.0,6.0,12.5,0.2840146318497048
Germany,2019,Craft,6.5,6.5,7.0,5.5,8.75,0.23979522079359342
Germany,2019,Flow,7.0,7.0,7.0,5.0,9.5,0.2414810013305871
Germany,2019,Hands,5.0,6.0,8.0,4.0,5.0,0.1993675943763542
Germany,2019,Helm,7.0,7.5,7.0,6.0,10.5,0.24804939180472635
Germany,2019,Lore,6.0,6.0,8.0,5.0,6.5,0.2175010999560306
Germany,2019,Shield,7.5,7.0,6.0,5.5,11.25,0.2647780554653643
Germany,2019,Stewards,8.0,7.5,6.0,6.0,12.5,0.2728975590417211
Germany,2020,Archive,8.0,7.5,4.0,6.5,14.75,0.35137440751541055
Germany,2020,Craft,7.0,7.0,6.0,6.0,11.0,0.29775989541311565
Germany,2020,Flow,7.5,7.5,6.0,5.5,11.75,0.2996950920180222
Germany,2020,Hands,5.5,6.5,7.0,4.5,7.25,0.25027000634091673
Germany,2020,Helm,7.5,8.0,6.0,6.5,12.75,0.307249861709315
Germany,2020,Lore,6.5,6.5,7.0,5.5,8.75,0.2708810097435614
Germany,2020,Shield,8.0,7.5,5.0,6.0,13.5,0.32783476068230905
Germany,2020,Stewards,8.5,8.0,5.0,6.5,14.75,0.3372111814489226
Germany,2021,Archive,8.5,8.0,3.0,7.0,17.0,0.4324711958623277
Germany,2021,Craft,7.5,7.5,5.0,6.5,13.25,0.3676522011120058
Germany,2021,Flow,8.0,8.0,5.0,6.0,14.0,0.36987385658826993
Germany,2021,Hands,6.0,7.0,6.0,5.0,9.5,0.3118499469477464
Germany,2021,Helm,8.0,8.5,5.0,7.0,15.0,0.3785613835062601
Germany,2021,Lore,7.0,7.0,6.0,6.0,11.0,0.33531388551722546
Germany,2021,Shield,8.5,8.0,4.0,6.5,15.75,0.40377771505094906
Germany,2021,Stewards,9.0,8.5,4.0,7.0,17.0,0.41459769596264423
Germany,2022,Archive,9.0,8.5,2.0,7.5,19.25,0.5299023193192693
Germany,2022,Craft,8.0,8.0,4.0,7.0,15.5,0.45173848729890537
Germany,2022,Flow,8.5,8.5,4.0,6.5,16.25,0.45428914851645835
Germany,2022,Hands,6.5,7.5,5.0,5.5,11.75,0.38616253871779577
Germany,2022,Helm,8.5,9.0,4.0,7.5,17.25,0.46427770609709607
Germany,2022,Lore,7.5,7.5,5.0,6.5,13.25,0.41290761131296005
Germany,2022,Shield,9.0,8.5,3.0,7.0,18.0,0.4950460911393811
Germany,2022,Stewards,9.5,9.0,3.0,7.5,19.25,0.507524515869822
Germany,2023,Archive,8.5,8.0,3.0,7.0,17.0,0.4324711958623277
Germany,2023,Craft,7.5,7.5,5.0,6.5,13.25,0.3676522011120058
Germany,2023,Flow,8.0,8.0,5.0,6.0,14.0,0.36987385658826993
Germany,2023,Hands,6.0,7.0,6.0,5.0,9.5,0.3118499469477464
Germany,2023,Helm,8.0,8.5,5.0,7.0,15.0,0.3785613835062601
Germany,2023,Lore,7.0,7.0,6.0,6.0,11.0,0.33531388551722546
Germany,2023,Shield,8.5,8.0,4.0,6.5,15.75,0.40377771505094906
Germany,2023,Stewards,9.0,8.5,4.0,7.0,17.0,0.41459769596264423
Germany,2024,Archive,8.0,7.5,4.0,6.5,14.75,0.35137440751541055
Germany,2024,Craft,7.0,7.0,6.0,6.0,11.0,0.29775989541311565
Germany,2024,Flow,7.5,7.5,6.0,5.5,11.75,0.2996950920180222
Germany,2024,Hands,5.5,6.5,7.0,4.5,7.25,0.25027000634091673
Germany,2024,Helm,7.5,8.0,6.0,6.5,12.75,0.307249861709315
Germany,2024,Lore,6.5,6.5,7.0,5.5,8.75,0.2708810097435614
Germany,2024,Shield,8.0,7.5,5.0,6.0,13.5,0.32783476068230905
Germany,2024,Stewards,8.5,8.0,5.0,6.5,14.75,0.3372111814489226
Germany,2025,Archive,7.5,7.0,5.0,6.0,12.5,0.2840146318497048
Germany,2025,Craft,6.5,6.5,7.0,5.5,8.75,0.23979522079359342
Germany,2025,Flow,7.0,7.0,7.0,5.0,9.5,0.2414810013305871
Germany,2025,Hands,5.0,6.0,8.0,4.0,5.0,0.1993675943763542
Germany,2025,Helm,7.0,7.5,7.0,6.0,10.5,0.24804939180472635
Germany,2025,Lore,6.0,6.0,8.0,5.0,6.5,0.2175010999560306
Germany,2025,Shield,7.5,7.0,6.0,5.5,11.25,0.2647780554653643
Germany,2025,Stewards,8.0,7.5,6.0,6.0,12.5,0.2728975590417211
