true_society,Year,T_Offset,eta_soil,sigma_V,BS_Lore,BS_Archive,C_Hands,S_Hands,numerator,denominator,path_type
Afghanistan,1900,T+0,0.006078536262608001,2.5731486062798625,0.2096502937009,0.19340765068713325,3.0,7.0,0.12164391231167568,20.01204024395904,Standard Transplant
Afghanistan,1901,T+1,0.006078536262608001,2.5731486062798625,0.2096502937009,0.19340765068713325,3.0,7.0,0.12164391231167568,20.01204024395904,Standard Transplant
Afghanistan,1902,T+2,0.006078536262608001,2.5731486062798625,0.2096502937009,0.19340765068713325,3.0,7.0,0.12164391231167568,20.01204024395904,Standard Transplant
Afghanistan,1903,T+3,0.006078536262608001,2.5731486062798625,0.2096502937009,0.19340765068713325,3.0,7.0,0.12164391231167568,20.01204024395904,Standard Transplant
Afghanistan,1904,T+4,0.006078536262608001,2.5731486062798625,0.2096502937009,0.19340765068713325,3.0,7.0,0.12164391231167568,20.01204024395904,Standard Transplant
Afghanistan,1905,T+5,0.006078536262608001,2.5731486062798625,0.2096502937009,0.19340765068713325,3.0,7.0,0.12164391231167568,20.01204024395904,Standard Transplant
Afghanistan,1906,T+6,0.006078536262608001,2.5731486062798625,0.2096502937009,0.19340765068713325,3.0,7.0,0.12164391231167568,20.01204024395904,Standard Transplant
Afghanistan,1907,T+7,0.006078536262608001,2.5731486062798625,0.2096502937009,0.19340765068713325,3.0,7.0,0.12164391231167568,20.01204024395904,Standard Transplant
Afghanistan,1908,T+8,0.006078536262608001,2.5731486062798625,0.2096502937009,0.19340765068713325,3.0,7.0,0.12164391231167568,20.01204024395904,Standard Transplant
Afghanistan,1909,T+9,0.006078536262608001,2.5731486062798625,0.2096502937009,0.19340765068713325,3.0,7.0,0.12164391231167568,20.01204024395904,Standard Transplant
Afghanistan,1910,T+10,0.006078536262608001,2.5731486062798625,0.2096502937009,0.19340765068713325,3.0,7.0,0.12164391231167568,20.01204024395904,Standard Transplant
Afghanistan,1911,T+11,0.006078536262608001,2.5731486062798625,0.2096502937009,0.19340765068713325,3.0,7.0,0.12164391231167568,20.01204024395904,Standard Transplant
Afghanistan,1912,T+12,0.006078536262608001,2.5731486062798625,0.2096502937009,0.19340765068713325,3.0,7.0,0.12164391231167568,20.01204024395904,Standard Transplant
Afghanistan,1913,T+13,0.006078536262608001,2.5731486062798625,0.2096502937009,0.19340765068713325,3.0,7.0,0.12164391231167568,20.01204024395904,Standard Transplant
Afghanistan,1914,T+14,0.006078536262608001,2.5731486062798625,0.2096502937009,0.19340765068713325,3.0,7.0,0.12164391231167568,20.01204024395904,Standard Transplant
Afghanistan,1915,T+15,0.006078536262608001,2.5731486062798625,0.2096502937009,0.19340765068713325,3.0,7.0,0.12164391231167568,20.01204024395904,Standard Transplant
Afghanistan,1916,T+16,0.006078536262608001,2.5731486062798625,0.2096502937009,0.19340765068713325,3.0,7.0,0.12164391231167568,20.01204024395904,Standard Transplant
Afghanistan,1917,T+17,0.006078536262608001,2.5731486062798625,0.2096502937009,0.19340765068713325,3.0,7.0,0.12164391231167568,20.01204024395904,Standard Transplant
Afghanistan,1918,T+18,0.006078536262608001,2.5731486062798625,0.2096502937009,0.19340765068713325,3.0,7.0,0.12164391231167568,20.01204024395904,Standard Transplant
Afghanistan,1919,T+19,0.003939243949061513,2.235194342780958,0.16921020595634387,0.15428205364188732,3.0,8.0,0.07831829421633434,19.881554742247666,Ruptured
Afghanistan,1920,T+20,0.003939243949061513,2.235194342780958,0.16921020595634387,0.15428205364188732,3.0,8.0,0.07831829421633434,19.881554742247666,Ruptured
Afghanistan,1921,T+21,0.008048227104680285,1.8371173070873836,0.20314025104444822,0.19624408051761574,3.0,7.0,0.11959521534700612,14.859821149611685,Intermediate/Uncertain
Afghanistan,1922,T+22,0.017596504608785965,2.3310070248714396,0.2651878882769481,0.2651878882769481,4.0,6.0,0.28129846435514844,15.986042149228638,Standard Transplant
Afghanistan,1923,T+23,0.017596504608785965,2.3310070248714396,0.2651878882769481,0.2651878882769481,4.0,6.0,0.28129846435514844,15.986042149228638,Standard Transplant
Afghanistan,1924,T+24,0.017596504608785965,2.3310070248714396,0.2651878882769481,0.2651878882769481,4.0,6.0,0.28129846435514844,15.986042149228638,Standard Transplant
Afghanistan,1925,T+25,0.017596504608785965,2.3310070248714396,0.2651878882769481,0.2651878882769481,4.0,6.0,0.28129846435514844,15.986042149228638,Standard Transplant
Afghanistan,1926,T+26,0.017895682117052825,2.357667014232502,0.268767427705396,0.268767427705396,4.0,6.0,0.2889437207815011,16.14600208539501,Standard Transplant
Afghanistan,1927,T+27,0.017895682117052825,2.357667014232502,0.268767427705396,0.268767427705396,4.0,6.0,0.2889437207815011,16.14600208539501,Standard Transplant
Afghanistan,1928,T+28,0.006583659073859618,2.4748737341529163,0.20593153600433003,0.20593153600433003,3.0,7.0,0.12722339256330803,19.324116139070416,Standard Transplant
Afghanistan,1929,T+29,0.00218103533972549,2.4748737341529163,0.1541823065137796,0.1541823065137796,2.0,8.0,0.04754436728381816,21.79898987322333,Ruptured
Afghanistan,1930,T+30,0.006583659073859618,2.4748737341529163,0.20593153600433003,0.20593153600433003,3.0,7.0,0.12722339256330803,19.324116139070416,Standard Transplant
Afghanistan,1931,T+31,0.006583659073859618,2.4748737341529163,0.20593153600433003,0.20593153600433003,3.0,7.0,0.12722339256330803,19.324116139070416,Standard Transplant
Afghanistan,1932,T+32,0.006583659073859618,2.4748737341529163,0.20593153600433003,0.20593153600433003,3.0,7.0,0.12722339256330803,19.324116139070416,Standard Transplant
Afghanistan,1933,T+33,0.006583659073859618,2.4748737341529163,0.20593153600433003,0.20593153600433003,3.0,7.0,0.12722339256330803,19.324116139070416,Standard Transplant
Afghanistan,1934,T+34,0.006583659073859618,2.4748737341529163,0.20593153600433003,0.20593153600433003,3.0,7.0,0.12722339256330803,19.324116139070416,Standard Transplant
Afghanistan,1935,T+35,0.006583659073859618,2.4748737341529163,0.20593153600433003,0.20593153600433003,3.0,7.0,0.12722339256330803,19.324116139070416,Standard Transplant
Afghanistan,1936,T+36,0.006583659073859618,2.4748737341529163,0.20593153600433003,0.20593153600433003,3.0,7.0,0.12722339256330803,19.324116139070416,Standard Transplant
Afghanistan,1937,T+37,0.006583659073859618,2.4748737341529163,0.20593153600433003,0.20593153600433003,3.0,7.0,0.12722339256330803,19.324116139070416,Standard Transplant
Afghanistan,1938,T+38,0.006583659073859618,2.4748737341529163,0.20593153600433003,0.20593153600433003,3.0,7.0,0.12722339256330803,19.324116139070416,Standard Transplant
Afghanistan,1939,T+39,0.006583659073859618,2.4748737341529163,0.20593153600433003,0.20593153600433003,3.0,7.0,0.12722339256330803,19.324116139070416,Standard Transplant
Afghanistan,1940,T+40,0.006583659073859618,2.4748737341529163,0.20593153600433003,0.20593153600433003,3.0,7.0,0.12722339256330803,19.324116139070416,Standard Transplant
Afghanistan,1941,T+41,0.006583659073859618,2.4748737341529163,0.20593153600433003,0.20593153600433003,3.0,7.0,0.12722339256330803,19.324116139070416,Standard Transplant
Afghanistan,1942,T+42,0.006583659073859618,2.4748737341529163,0.20593153600433003,0.20593153600433003,3.0,7.0,0.12722339256330803,19.324116139070416,Standard Transplant
Afghanistan,1943,T+43,0.006583659073859618,2.4748737341529163,0.20593153600433003,0.20593153600433003,3.0,7.0,0.12722339256330803,19.324116139070416,Standard Transplant
Afghanistan,1944,T+44,0.006583659073859618,2.4748737341529163,0.20593153600433003,0.20593153600433003,3.0,7.0,0.12722339256330803,19.324116139070416,Standard Transplant
Afghanistan,1945,T+45,0.011253268594538441,2.3642850399222173,0.2231067973415935,0.2339104879304999,4.0,7.0,0.20874807930713318,18.549995279455523,Standard Transplant
Afghanistan,1946,T+46,0.011253268594538441,2.3642850399222173,0.2231067973415935,0.2339104879304999,4.0,7.0,0.20874807930713318,18.549995279455523,Standard Transplant
Afghanistan,1947,T+47,0.011253268594538441,2.3642850399222173,0.2231067973415935,0.2339104879304999,4.0,7.0,0.20874807930713318,18.549995279455523,Standard Transplant
Afghanistan,1948,T+48,0.011253268594538441,2.3642850399222173,0.2231067973415935,0.2339104879304999,4.0,7.0,0.20874807930713318,18.549995279455523,Standard Transplant
Afghanistan,1949,T+49,0.011253268594538441,2.3642850399222173,0.2231067973415935,0.2339104879304999,4.0,7.0,0.20874807930713318,18.549995279455523,Standard Transplant
Afghanistan,1950,T+50,0.011253268594538441,2.3642850399222173,0.2231067973415935,0.2339104879304999,4.0,7.0,0.20874807930713318,18.549995279455523,Standard Transplant
Afghanistan,1951,T+51,0.011253268594538441,2.3642850399222173,0.2231067973415935,0.2339104879304999,4.0,7.0,0.20874807930713318,18.549995279455523,Standard Transplant
Afghanistan,1952,T+52,0.011253268594538441,2.3642850399222173,0.2231067973415935,0.2339104879304999,4.0,7.0,0.20874807930713318,18.549995279455523,Standard Transplant
Afghanistan,1953,T+53,0.011253268594538441,2.3642850399222173,0.2231067973415935,0.2339104879304999,4.0,7.0,0.20874807930713318,18.549995279455523,Standard Transplant
Afghanistan,1954,T+54,0.011253268594538441,2.3642850399222173,0.2231067973415935,0.2339104879304999,4.0,7.0,0.20874807930713318,18.549995279455523,Standard Transplant
Afghanistan,1955,T+55,0.011253268594538441,2.3642850399222173,0.2231067973415935,0.2339104879304999,4.0,7.0,0.20874807930713318,18.549995279455523,Standard Transplant
Afghanistan,1956,T+56,0.011253268594538441,2.3642850399222173,0.2231067973415935,0.2339104879304999,4.0,7.0,0.20874807930713318,18.549995279455523,Standard Transplant
Afghanistan,1957,T+57,0.011253268594538441,2.3642850399222173,0.2231067973415935,0.2339104879304999,4.0,7.0,0.20874807930713318,18.549995279455523,Standard Transplant
Afghanistan,1958,T+58,0.011253268594538441,2.3642850399222173,0.2231067973415935,0.2339104879304999,4.0,7.0,0.20874807930713318,18.549995279455523,Standard Transplant
Afghanistan,1959,T+59,0.011253268594538441,2.3642850399222173,0.2231067973415935,0.2339104879304999,4.0,7.0,0.20874807930713318,18.549995279455523,Standard Transplant
Afghanistan,1960,T+60,0.011253268594538441,2.3642850399222173,0.2231067973415935,0.2339104879304999,4.0,7.0,0.20874807930713318,18.549995279455523,Standard Transplant
Afghanistan,1961,T+61,0.011253268594538441,2.3642850399222173,0.2231067973415935,0.2339104879304999,4.0,7.0,0.20874807930713318,18.549995279455523,Standard Transplant
Afghanistan,1962,T+62,0.011253268594538441,2.3642850399222173,0.2231067973415935,0.2339104879304999,4.0,7.0,0.20874807930713318,18.549995279455523,Standard Transplant
Afghanistan,1963,T+63,0.011253268594538441,2.3642850399222173,0.2231067973415935,0.2339104879304999,4.0,7.0,0.20874807930713318,18.549995279455523,Standard Transplant
Afghanistan,1964,T+64,0.017017772957014937,2.3642850399222173,0.25628241109494526,0.268692592702319,4.0,6.0,0.2754447420044096,16.185710239533304,Standard Transplant
Afghanistan,1965,T+65,0.017017772957014937,2.3642850399222173,0.25628241109494526,0.268692592702319,4.0,6.0,0.2754447420044096,16.185710239533304,Standard Transplant
Afghanistan,1966,T+66,0.017017772957014937,2.3642850399222173,0.25628241109494526,0.268692592702319,4.0,6.0,0.2754447420044096,16.185710239533304,Standard Transplant
Afghanistan,1967,T+67,0.017017772957014937,2.3642850399222173,0.25628241109494526,0.268692592702319,4.0,6.0,0.2754447420044096,16.185710239533304,Standard Transplant
Afghanistan,1968,T+68,0.017017772957014937,2.3642850399222173,0.25628241109494526,0.268692592702319,4.0,6.0,0.2754447420044096,16.185710239533304,Standard Transplant
Afghanistan,1969,T+69,0.02752864148591134,2.3040385738958453,0.28895356284223955,0.3015152953366376,5.0,6.0,0.4356195941947577,15.824231443375073,Standard Transplant
Afghanistan,1970,T+70,0.02752864148591134,2.3040385738958453,0.28895356284223955,0.3015152953366376,5.0,6.0,0.4356195941947577,15.824231443375073,Standard Transplant
Afghanistan,1971,T+71,0.02752864148591134,2.3040385738958453,0.28895356284223955,0.3015152953366376,5.0,6.0,0.4356195941947577,15.824231443375073,Standard Transplant
Afghanistan,1972,T+72,0.02752864148591134,2.3040385738958453,0.28895356284223955,0.3015152953366376,5.0,6.0,0.4356195941947577,15.824231443375073,Standard Transplant
Afghanistan,1973,T+73,0.02752864148591134,2.3040385738958453,0.28895356284223955,0.3015152953366376,5.0,6.0,0.4356195941947577,15.824231443375073,Standard Transplant
Afghanistan,1974,T+74,0.010643509482751778,2.4238399287081647,0.21942004519313416,0.2300087961983573,4.0,7.0,0.20187416182664777,18.966879500957152,Standard Transplant
Afghanistan,1975,T+75,0.010643509482751778,2.4238399287081647,0.21942004519313416,0.2300087961983573,4.0,7.0,0.20187416182664777,18.966879500957152,Standard Transplant
Afghanistan,1976,T+76,0.010643509482751778,2.4238399287081647,0.21942004519313416,0.2300087961983573,4.0,7.0,0.20187416182664777,18.966879500957152,Standard Transplant
Afghanistan,1977,T+77,0.003974369290079028,2.496873044429772,0.1661618578865522,0.17520407327143658,3.0,8.0,0.08733670297222057,21.974984355438178,Ruptured
Afghanistan,1978,T+78,0.001373021941420184,2.6100766272276377,0.13228619766359642,0.13228619766359642,2.0,9.0,0.034999276184584205,25.49068964504874,Ruptured
Afghanistan,1979,T+79,0.001373021941420184,2.6100766272276377,0.13228619766359642,0.13228619766359642,2.0,9.0,0.034999276184584205,25.49068964504874,Ruptured
Afghanistan,1980,T+80,0.001373021941420184,2.6100766272276377,0.13228619766359642,0.13228619766359642,2.0,9.0,0.034999276184584205,25.49068964504874,Ruptured
Afghanistan,1981,T+81,0.001373021941420184,2.6100766272276377,0.13228619766359642,0.13228619766359642,2.0,9.0,0.034999276184584205,25.49068964504874,Ruptured
Afghanistan,1982,T+82,0.0003642749379698356,2.5708704751503917,0.10046684380719133,0.10046684380719133,1.0,10.0,0.010093586704578578,27.708704751503916,Ruptured
Afghanistan,1983,T+83,0.0003642749379698356,2.5708704751503917,0.10046684380719133,0.10046684380719133,1.0,10.0,0.010093586704578578,27.708704751503916,Ruptured
Afghanistan,1984,T+84,0.00045725056682664777,3.092329219213245,0.12643690086690754,0.11906487673640899,1.0,10.0,0.015054194016651909,32.92329219213245,Ruptured
Afghanistan,1985,T+85,0.00045725056682664777,3.092329219213245,0.12643690086690754,0.11906487673640899,1.0,10.0,0.015054194016651909,32.92329219213245,Ruptured
Afghanistan,1986,T+86,0.00045725056682664777,3.092329219213245,0.12643690086690754,0.11906487673640899,1.0,10.0,0.015054194016651909,32.92329219213245,Ruptured
Afghanistan,1987,T+87,0.00045725056682664777,3.092329219213245,0.12643690086690754,0.11906487673640899,1.0,10.0,0.015054194016651909,32.92329219213245,Ruptured
Afghanistan,1988,T+88,0.00045725056682664777,3.092329219213245,0.12643690086690754,0.11906487673640899,1.0,10.0,0.015054194016651909,32.92329219213245,Ruptured
Afghanistan,1989,T+89,0.00045725056682664777,3.092329219213245,0.12643690086690754,0.11906487673640899,1.0,10.0,0.015054194016651909,32.92329219213245,Ruptured
Afghanistan,1990,T+90,0.00045725056682664777,3.092329219213245,0.12643690086690754,0.11906487673640899,1.0,10.0,0.015054194016651909,32.92329219213245,Ruptured
Afghanistan,1991,T+91,0.00045725056682664777,3.092329219213245,0.12643690086690754,0.11906487673640899,1.0,10.0,0.015054194016651909,32.92329219213245,Ruptured
Afghanistan,1992,T+92,0.00045725056682664777,3.092329219213245,0.12643690086690754,0.11906487673640899,1.0,10.0,0.015054194016651909,32.92329219213245,Ruptured
Afghanistan,1993,T+93,0.00045725056682664777,3.092329219213245,0.12643690086690754,0.11906487673640899,1.0,10.0,0.015054194016651909,32.92329219213245,Ruptured
Afghanistan,1994,T+94,0.00045725056682664777,3.092329219213245,0.12643690086690754,0.11906487673640899,1.0,10.0,0.015054194016651909,32.92329219213245,Ruptured
Afghanistan,1995,T+95,0.00045725056682664777,3.092329219213245,0.12643690086690754,0.11906487673640899,1.0,10.0,0.015054194016651909,32.92329219213245,Ruptured
Afghanistan,1996,T+96,0.00031190195297668916,2.4206145913796355,0.09364327118431737,0.08728601625221781,1.0,10.0,0.008173748090505166,26.206145913796355,Ruptured
Afghanistan,1997,T+97,0.00031190195297668916,2.4206145913796355,0.09364327118431737,0.08728601625221781,1.0,10.0,0.008173748090505166,26.206145913796355,Ruptured
Afghanistan,1998,T+98,0.00031190195297668916,2.4206145913796355,0.09364327118431737,0.08728601625221781,1.0,10.0,0.008173748090505166,26.206145913796355,Ruptured
Afghanistan,1999,T+99,0.00031190195297668916,2.4206145913796355,0.09364327118431737,0.08728601625221781,1.0,10.0,0.008173748090505166,26.206145913796355,Ruptured
Afghanistan,2000,T+100,0.00031190195297668916,2.4206145913796355,0.09364327118431737,0.08728601625221781,1.0,10.0,0.008173748090505166,26.206145913796355,Ruptured
Afghanistan,2001,T+101,0.0003244566674395364,1.2183492931011204,0.07080759602066884,0.06499202215119416,1.0,10.0,0.004601928849048117,14.183492931011203,Ruptured
Afghanistan,2002,T+102,0.0004216712027791346,1.920286436967152,0.09797131658467073,0.09125770309920651,1.0,10.0,0.008940637321122248,21.20286436967152,Ruptured
Afghanistan,2003,T+103,0.0004216712027791346,1.920286436967152,0.09797131658467073,0.09125770309920651,1.0,10.0,0.008940637321122248,21.20286436967152,Ruptured
Afghanistan,2004,T+104,0.0017649461094077475,1.920286436967152,0.13447731415712366,0.12653699664879664,2.0,9.0,0.03403271090167826,19.282577932704367,Ruptured
Afghanistan,2005,T+105,0.0017649461094077475,1.920286436967152,0.13447731415712366,0.12653699664879664,2.0,9.0,0.03403271090167826,19.282577932704367,Ruptured
Afghanistan,2006,T+106,0.0017649461094077475,1.920286436967152,0.13447731415712366,0.12653699664879664,2.0,9.0,0.03403271090167826,19.282577932704367,Ruptured
Afghanistan,2007,T+107,0.0017649461094077475,1.920286436967152,0.13447731415712366,0.12653699664879664,2.0,9.0,0.03403271090167826,19.282577932704367,Ruptured
Afghanistan,2008,T+108,0.0017649461094077475,1.920286436967152,0.13447731415712366,0.12653699664879664,2.0,9.0,0.03403271090167826,19.282577932704367,Ruptured
Afghanistan,2009,T+109,0.0017649461094077475,1.920286436967152,0.13447731415712366,0.12653699664879664,2.0,9.0,0.03403271090167826,19.282577932704367,Ruptured
Afghanistan,2010,T+110,0.0017649461094077475,1.920286436967152,0.13447731415712366,0.12653699664879664,2.0,9.0,0.03403271090167826,19.282577932704367,Ruptured
Afghanistan,2011,T+111,0.0017649461094077475,1.920286436967152,0.13447731415712366,0.12653699664879664,2.0,9.0,0.03403271090167826,19.282577932704367,Ruptured
Afghanistan,2012,T+112,0.0017649461094077475,1.920286436967152,0.13447731415712366,0.12653699664879664,2.0,9.0,0.03403271090167826,19.282577932704367,Ruptured
Afghanistan,2013,T+113,0.0017649461094077475,1.920286436967152,0.13447731415712366,0.12653699664879664,2.0,9.0,0.03403271090167826,19.282577932704367,Ruptured
Afghanistan,2014,T+114,0.0017649461094077475,1.920286436967152,0.13447731415712366,0.12653699664879664,2.0,9.0,0.03403271090167826,19.282577932704367,Ruptured
Afghanistan,2015,T+115,0.0017649461094077475,1.920286436967152,0.13447731415712366,0.12653699664879664,2.0,9.0,0.03403271090167826,19.282577932704367,Ruptured
Afghanistan,2016,T+116,0.0017649461094077475,1.920286436967152,0.13447731415712366,0.12653699664879664,2.0,9.0,0.03403271090167826,19.282577932704367,Ruptured
Afghanistan,2017,T+117,0.0017649461094077475,1.920286436967152,0.13447731415712366,0.12653699664879664,2.0,9.0,0.03403271090167826,19.282577932704367,Ruptured
Afghanistan,2018,T+118,0.0017649461094077475,1.920286436967152,0.13447731415712366,0.12653699664879664,2.0,9.0,0.03403271090167826,19.282577932704367,Ruptured
Afghanistan,2019,T+119,0.0017649461094077475,1.920286436967152,0.13447731415712366,0.12653699664879664,2.0,9.0,0.03403271090167826,19.282577932704367,Ruptured
Afghanistan,2020,T+120,0.0017649461094077475,1.920286436967152,0.13447731415712366,0.12653699664879664,2.0,9.0,0.03403271090167826,19.282577932704367,Ruptured
Afghanistan,2021,T+121,0.0004216712027791346,1.920286436967152,0.09797131658467073,0.09125770309920651,1.0,10.0,0.008940637321122248,21.20286436967152,Ruptured
Afghanistan,2022,T+122,0.0004216712027791346,1.920286436967152,0.09797131658467073,0.09125770309920651,1.0,10.0,0.008940637321122248,21.20286436967152,Ruptured
Afghanistan,2023,T+123,0.0004216712027791346,1.920286436967152,0.09797131658467073,0.09125770309920651,1.0,10.0,0.008940637321122248,21.20286436967152,Ruptured
Afghanistan,2024,T+124,0.0004216712027791346,1.920286436967152,0.09797131658467073,0.09125770309920651,1.0,10.0,0.008940637321122248,21.20286436967152,Ruptured
Afghanistan,2025,T+125,0.0004216712027791346,1.920286436967152,0.09797131658467073,0.09125770309920651,1.0,10.0,0.008940637321122248,21.20286436967152,Ruptured
Argentina,1950,T+0,0.07610552256412692,1.3663363421939707,0.3271363841795824,0.30005383440385575,6.0,4.2,0.5889511586765793,7.738612637214677,Intermediate/Uncertain
Argentina,1951,T+1,0.07326229916505465,1.4306903927824497,0.3265201203035098,0.2994968077172993,6.0,4.2,0.5867504021182183,8.008899649686288,Intermediate/Uncertain
Argentina,1952,T+2,0.03217188673852025,1.195237947021429,0.24292473427791159,0.24292473427791159,5.0,6.0,0.2950621326199698,9.171427682128574,Intermediate/Uncertain
Argentina,1953,T+3,0.03384428475628557,1.0599970518826927,0.2365497151213325,0.2365497151213325,4.8,5.6,0.26858768507512104,7.935983490543078,Intermediate/Uncertain
Argentina,1954,T+4,0.038285437889799115,0.8623188215503589,0.23752750794510266,0.23752750794510266,4.4,5.2,0.24824499493468757,6.484057872061866,Intermediate/Uncertain
Argentina,1955,T+5,0.005946911001368959,1.0850547221223452,0.12101065347979978,0.11788815160146289,4.0,7.0,0.05706288905127491,9.595383054856416,Intermediate/Uncertain
Argentina,1956,T+6,0.014742155887689968,1.0805091392487156,0.17681806807326675,0.17681806807326675,4.0,6.0,0.12505851678864957,8.483054835492293,Intermediate/Uncertain
Argentina,1957,T+7,0.06042792447141519,0.5521265706339449,0.2419645656719033,0.2377828850175995,5.0,5.0,0.28767516248747793,4.760632853169724,Intermediate/Uncertain
Argentina,1958,T+8,0.15625,0.0,0.25,0.25,5.0,5.0,0.3125,2.0,Deep Ancient Forest
Argentina,1959,T+9,0.023289378821940272,1.2062338081814816,0.23191236183270908,0.23191236183270908,4.0,6.0,0.2151333742833015,9.23740284908889,Intermediate/Uncertain
Argentina,1960,T+10,0.15625,0.0,0.25,0.25,5.0,5.0,0.3125,2.0,Deep Ancient Forest
Argentina,1961,T+11,0.15625,0.0,0.25,0.25,5.0,5.0,0.3125,2.0,Deep Ancient Forest
Argentina,1962,T+12,0.006345097929393838,1.8819869818890884,0.15103175737509167,0.14751053735312056,4.0,6.4,0.08911510275114361,14.044716684090167,Intermediate/Uncertain
Argentina,1963,T+13,0.044989045394442206,0.8685476383020104,0.23889484566348768,0.23889484566348768,5.0,5.0,0.285353736422908,6.342738191510052,Intermediate/Uncertain
Argentina,1964,T+14,0.15625,0.0,0.25,0.25,5.0,5.0,0.3125,2.0,Deep Ancient Forest
Argentina,1965,T+15,0.15625,0.0,0.25,0.25,5.0,5.0,0.3125,2.0,Deep Ancient Forest
Argentina,1966,T+16,0.011989198859985116,1.9918192061530084,0.19635270250029513,0.2129589953746059,4.0,6.0,0.16726029705420686,13.95091523691805,Intermediate/Uncertain
Argentina,1967,T+17,0.0491651882813857,0.8598691760959921,0.24888090576151825,0.24888090576151825,5.0,5.0,0.30970852626336864,6.299345880479961,Intermediate/Uncertain
Argentina,1968,T+18,0.021045496093267706,1.4844506559667112,0.24005624106090842,0.24005624106090842,4.2,6.4,0.2420333952636305,11.500484198186951,Intermediate/Uncertain
Argentina,1969,T+19,0.010425000060558319,1.459826616417169,0.17845226817905122,0.17845226817905122,4.0,7.0,0.12738084807299205,12.218786314920182,Intermediate/Uncertain
Argentina,1970,T+20,0.01215970829455068,1.0897247358851685,0.1700680017424115,0.17209963037971193,4.0,7.0,0.11707456095714089,9.62807315119618,Intermediate/Uncertain
Argentina,1971,T+21,0.011915921039203869,0.9984362773857929,0.1636405030749173,0.1636405030749173,4.0,7.0,0.10711285698644805,8.98905394170055,Intermediate/Uncertain
Argentina,1972,T+22,0.003806865873284426,1.6758859597239901,0.1398245523114438,0.1398245523114438,3.0,8.0,0.05865271628728706,15.407087677791921,Ruptured
Argentina,1973,T+23,0.03168710625330362,1.4132741241528484,0.23970275308889838,0.23970275308889838,5.0,5.0,0.2872870491919869,9.066370620764243,Intermediate/Uncertain
Argentina,1974,T+24,0.017896768275260433,0.7841197293781098,0.16603395889658704,0.1720714988903725,4.2,6.0,0.11999279113096056,6.704718376268659,Intermediate/Uncertain
Argentina,1975,T+25,0.0025472940375412642,1.2383835229847011,0.10054982809431472,0.10054982809431472,3.0,8.0,0.030330803789388724,11.907068183877609,Ruptured
Argentina,1976,T+26,0.0008269030353308237,3.2764071404512594,0.11409917868992359,0.11409917868992359,2.0,9.0,0.026037245155430225,31.487664264061333,Ruptured
Argentina,1977,T+27,0.0006838011575580621,4.137915387003461,0.11103202608156734,0.12083542580316521,2.0,9.0,0.026833204298708672,39.24123848303115,Ruptured
Argentina,1978,T+28,0.0011045513873682534,4.07352350551706,0.14301063022447424,0.14301063022447424,2.0,8.6,0.040904080714402616,37.032302147446714,Ruptured
Argentina,1979,T+29,0.0015431728820917904,3.916132499035241,0.14941857196558894,0.1721087977522124,2.0,8.0,0.05143250156569989,33.32905999228193,Ruptured
Argentina,1980,T+30,0.002610890405778825,3.638337532445279,0.14984383561320352,0.1806685049377552,3.0,8.0,0.08121618526312871,31.10670025956223,Ruptured
Argentina,1981,T+31,0.0022896446249859133,2.840334487344756,0.12909340875283393,0.14616326408846056,3.0,8.0,0.05660614198686015,24.722675898758048,Ruptured
Argentina,1982,T+32,0.0017386911686189264,2.3785499784532593,0.12075095842218066,0.10092920047516349,3.0,8.0,0.03656189307048121,21.028399827626075,Ruptured
Argentina,1983,T+33,0.016091172437052492,1.5222824146655576,0.21790370135710674,0.2055428576384745,4.0,6.0,0.1791541978677618,11.133694487993345,Intermediate/Uncertain
Argentina,1984,T+34,0.03366963114344171,1.9595519258238603,0.29015637357955687,0.27380147479167516,5.0,5.0,0.39722621503143457,11.797759629119302,Intermediate/Uncertain
Argentina,1985,T+35,0.025560720909658104,2.303495984368108,0.2808071685763713,0.265078358079062,4.8,5.2,0.3572923352786634,13.978179118714163,Standard Transplant
Argentina,1986,T+36,0.039761114907557425,1.675139919529112,0.29573118764945133,0.2790029602405702,5.0,5.0,0.4125493839482824,10.375699597645559,Intermediate/Uncertain
Argentina,1987,T+37,0.018532056367684485,1.4525839046333948,0.22281175548661744,0.22281175548661744,4.0,6.0,0.19858031353211278,10.71550342780037,Intermediate/Uncertain
Argentina,1988,T+38,0.00591570108915714,1.5909411522743382,0.16094732919951774,0.16094732919951774,3.0,7.0,0.0777121283293738,13.136588065920368,Intermediate/Uncertain
Argentina,1989,T+39,0.0006491841636446687,2.7271493816804386,0.09282286367488335,0.09282286367488335,2.0,9.0,0.017232168041611956,26.544344435123946,Ruptured
Argentina,1990,T+40,0.008260944215289638,1.1439378261076953,0.16600395015503583,0.16600395015503583,3.0,7.0,0.08267193440122686,10.007564782753867,Intermediate/Uncertain
Argentina,1991,T+41,0.03304535382557326,1.0231690964840563,0.24245908507142255,0.24245908507142255,4.0,5.0,0.23514563173468528,7.115845482420282,Intermediate/Uncertain
Argentina,1992,T+42,0.031973410811501374,1.0879309490955758,0.24386017380504135,0.24386017380504135,4.0,5.0,0.2378711374728999,7.4396547454778785,Intermediate/Uncertain
Argentina,1993,T+43,0.049883754754590184,1.304559312564975,0.2683552782236311,0.2683552782236311,5.0,4.0,0.3600727767524123,7.2182372502599,Intermediate/Uncertain
Argentina,1994,T+44,0.04990027911260969,1.2930100540985752,0.26753945825053066,0.26753945825053066,5.0,4.0,0.3578868086049372,7.172040216394301,Intermediate/Uncertain
Argentina,1995,T+45,0.03773482602306766,1.5206906325745548,0.2692153912099689,0.2692153912099689,5.0,5.0,0.362384634321683,9.603453162872775,Intermediate/Uncertain
Argentina,1996,T+46,0.036369405403141035,1.6345871038277526,0.27202338724292463,0.27202338724292463,5.0,5.0,0.3699836160355707,10.172935519138763,Intermediate/Uncertain
Argentina,1997,T+47,0.047669759159703395,1.4168627315304756,0.2942947652240838,0.2942947652240838,5.0,5.0,0.43304704419149304,9.084313657652377,Intermediate/Uncertain
Argentina,1998,T+48,0.042998824338714436,1.1434596626029272,0.25761783887408635,0.25761783887408635,5.0,5.0,0.3318347545307736,7.717298313014636,Intermediate/Uncertain
Argentina,1999,T+49,0.021875034993989937,1.2424144839786762,0.22738581303173952,0.22738581303173952,4.0,6.0,0.20681723187242082,9.454486903872057,Intermediate/Uncertain
Argentina,2000,T+50,0.005152206976909111,1.742080293786713,0.15340738964936965,0.15890873277325893,3.0,7.0,0.07313332166170466,14.19456205650699,Intermediate/Uncertain
Argentina,2001,T+51,0.0005488496226266525,2.906001333447733,0.08892150936784977,0.08688740762523674,2.0,9.0,0.01545231886219134,28.154012001029596,Ruptured
Argentina,2002,T+52,0.0012711260220102717,1.8677777571220833,0.10195052280149919,0.10561838593623547,2.0,8.0,0.021535699327299433,16.942222056976668,Ruptured
Argentina,2003,T+53,0.010823731615426341,1.0606601717798212,0.17371362395041,0.17371362395041,3.0,6.0,0.09052926943795339,8.363961030678928,Intermediate/Uncertain
Argentina,2004,T+54,0.02889564820101601,1.1989578808281798,0.24031990245465826,0.24031990245465826,4.0,5.0,0.23101462206326584,7.994789404140899,Intermediate/Uncertain
Argentina,2005,T+55,0.04525948649034367,0.9623376486452143,0.2483117041223483,0.2483117041223483,5.0,5.0,0.3082935120207232,6.8116882432260715,Intermediate/Uncertain
Argentina,2006,T+56,0.04489768487166158,0.9733158531535383,0.2483117041223483,0.2483117041223483,5.0,5.0,0.3082935120207232,6.866579265767691,Intermediate/Uncertain
Argentina,2007,T+57,0.04627018116552982,1.328944600049227,0.2601931559222805,0.2601931559222805,5.0,4.0,0.33850239194398085,7.315778400196908,Intermediate/Uncertain
Argentina,2008,T+58,0.03156122934351063,0.9961645195448391,0.22903698132103292,0.22903698132103292,4.2,5.0,0.220323343013135,6.980822597724195,Intermediate/Uncertain
Argentina,2009,T+59,0.029937552564410382,0.9921567416492215,0.22824812603563105,0.22824812603563105,4.0,5.0,0.20838882815510926,6.960783708246107,Intermediate/Uncertain
Argentina,2010,T+60,0.0538357562343129,0.7261843774138906,0.24622954253571128,0.24622954253571128,5.0,5.0,0.30314493808672827,5.630921887069453,Intermediate/Uncertain
Argentina,2011,T+61,0.0538357562343129,0.7261843774138906,0.24622954253571128,0.24622954253571128,5.0,5.0,0.30314493808672827,5.630921887069453,Intermediate/Uncertain
Argentina,2012,T+62,0.027502000452511745,0.8214887400323878,0.20987985854197758,0.20007508173056657,4.0,5.0,0.16796691940554365,6.107443700161939,Intermediate/Uncertain
Argentina,2013,T+63,0.02785839628290591,0.4342738191510052,0.18205474610217265,0.17619126692390982,4.0,6.0,0.12830582546101013,4.605642914906031,Intermediate/Uncertain
Argentina,2014,T+64,0.010089712513034437,1.5074295174236174,0.16990840781074715,0.16396570547731812,4.0,6.0,0.1114366078128681,11.044577104541705,Intermediate/Uncertain
Argentina,2015,T+65,0.021348341481027888,1.191047333232395,0.22284588595924354,0.21905048107691272,4.0,6.0,0.1952579941015325,9.14628399939437,Intermediate/Uncertain
Argentina,2016,T+66,0.03225646296250505,0.9394147114027969,0.2356291282492218,0.2356291282492218,4.0,5.2,0.22208434431795288,6.884956499294544,Intermediate/Uncertain
Argentina,2017,T+67,0.06488302725593305,0.49180788932265007,0.2455079674326138,0.2455079674326138,4.8,5.0,0.2893159779498881,4.45903944661325,Intermediate/Uncertain
Argentina,2018,T+68,0.005613134495272194,1.6232201791500744,0.15811993470949906,0.15811993470949906,3.0,7.0,0.07500574125760874,13.362541254050521,Intermediate/Uncertain
Argentina,2019,T+69,0.006042283426890383,1.4317275404210117,0.15379613677970186,0.15743978468282488,3.0,7.0,0.07264089197893964,12.022092782947082,Intermediate/Uncertain
Argentina,2020,T+70,0.004632072133077968,2.100855480512641,0.163431557900273,0.1578302749454767,3.0,7.0,0.07738334315450304,16.70598836358849,Ruptured
Argentina,2021,T+71,0.006409468846641457,1.480498226949293,0.1634797859991967,0.16157632384725565,3.0,7.0,0.07924338853525877,12.36348758864505,Intermediate/Uncertain
Argentina,2022,T+72,0.0029482568790252122,1.71277370075559,0.1320437381446012,0.11686554059605825,3.0,8.0,0.04629408852177953,15.70218960604472,Ruptured
Argentina,2023,T+73,0.0017511577599124393,2.078460969082653,0.10379846889682878,0.1047543388773281,3.0,8.0,0.03262001995729861,18.627687752661224,Ruptured
Argentina,2024,T+74,0.0032985777998355953,1.5761900266148114,0.13475043373005127,0.11920960773336922,3.0,8.0,0.048190639040582336,14.609520212918492,Ruptured
Argentina,2025,T+75,0.004023845101208204,1.3200378782444084,0.1380315370597011,0.12205112656928764,3.0,8.0,0.05054071380068069,12.560303025955267,Ruptured
Australia,1900,T+0,0.046237569372222787,1.861073279051634,0.31333009287983815,0.3336625972785917,5.0,5.0,0.5227326629791459,11.30536639525817,Intermediate/Uncertain
Australia,1901,T+1,0.10034862810228755,1.557592292610618,0.3731861394748997,0.3688535771949155,6.0,4.0,0.8259062550292645,8.230369170442472,Young Ancient Forest
Australia,1902,T+2,0.12896878832992,1.4422205101855958,0.36566983800381775,0.3718937080070334,6.0,3.0,0.8159418717694261,6.3266615305567875,Young Ancient Forest
Australia,1903,T+3,0.12896878832992,1.4422205101855958,0.36566983800381775,0.3718937080070334,6.0,3.0,0.8159418717694261,6.3266615305567875,Young Ancient Forest
Australia,1904,T+4,0.12896878832992,1.4422205101855958,0.36566983800381775,0.3718937080070334,6.0,3.0,0.8159418717694261,6.3266615305567875,Young Ancient Forest
Australia,1905,T+5,0.12896878832992,1.4422205101855958,0.36566983800381775,0.3718937080070334,6.0,3.0,0.8159418717694261,6.3266615305567875,Young Ancient Forest
Australia,1906,T+6,0.12896878832992,1.4422205101855958,0.36566983800381775,0.3718937080070334,6.0,3.0,0.8159418717694261,6.3266615305567875,Young Ancient Forest
Australia,1907,T+7,0.12896878832992,1.4422205101855958,0.36566983800381775,0.3718937080070334,6.0,3.0,0.8159418717694261,6.3266615305567875,Young Ancient Forest
Australia,1908,T+8,0.12896878832992,1.4422205101855958,0.36566983800381775,0.3718937080070334,6.0,3.0,0.8159418717694261,6.3266615305567875,Young Ancient Forest
Australia,1909,T+9,0.12896878832992,1.4422205101855958,0.36566983800381775,0.3718937080070334,6.0,3.0,0.8159418717694261,6.3266615305567875,Young Ancient Forest
Australia,1910,T+10,0.12896878832992,1.4422205101855958,0.36566983800381775,0.3718937080070334,6.0,3.0,0.8159418717694261,6.3266615305567875,Young Ancient Forest
Australia,1911,T+11,0.12896878832992,1.4422205101855958,0.36566983800381775,0.3718937080070334,6.0,3.0,0.8159418717694261,6.3266615305567875,Young Ancient Forest
Australia,1912,T+12,0.12896878832992,1.4422205101855958,0.36566983800381775,0.3718937080070334,6.0,3.0,0.8159418717694261,6.3266615305567875,Young Ancient Forest
Australia,1913,T+13,0.12896878832992,1.4422205101855958,0.36566983800381775,0.3718937080070334,6.0,3.0,0.8159418717694261,6.3266615305567875,Young Ancient Forest
Australia,1914,T+14,0.028237255780867995,1.334166406412633,0.2321380979251644,0.2434014084887535,5.0,6.0,0.282513699994426,10.004998438475798,Intermediate/Uncertain
Australia,1915,T+15,0.028237255780867995,1.334166406412633,0.2321380979251644,0.2434014084887535,5.0,6.0,0.282513699994426,10.004998438475798,Intermediate/Uncertain
Australia,1916,T+16,0.01565507037351345,1.97610728453695,0.2110856188919245,0.23484577706755275,5.0,7.0,0.24786283098229653,15.832750991758651,Intermediate/Uncertain
Australia,1917,T+17,0.01565507037351345,1.97610728453695,0.2110856188919245,0.23484577706755275,5.0,7.0,0.24786283098229653,15.832750991758651,Intermediate/Uncertain
Australia,1918,T+18,0.028237255780867995,1.334166406412633,0.2321380979251644,0.2434014084887535,5.0,6.0,0.282513699994426,10.004998438475798,Intermediate/Uncertain
Australia,1919,T+19,0.029882177789967164,1.7505356323137211,0.25933649454219504,0.2881378173899637,5.0,6.0,0.37362325753476155,12.503213793882328,Intermediate/Uncertain
Australia,1920,T+20,0.04292694861187441,1.4796536756957692,0.27752251424556434,0.29074324641393584,5.0,5.0,0.4034389837235657,9.398268378478846,Intermediate/Uncertain
Australia,1921,T+21,0.05083464476090727,1.250749775134899,0.2829939998211296,0.29652670537597975,5.0,5.0,0.41957639204065084,8.253748875674496,Intermediate/Uncertain
Australia,1922,T+22,0.05083464476090727,1.250749775134899,0.2829939998211296,0.29652670537597975,5.0,5.0,0.41957639204065084,8.253748875674496,Intermediate/Uncertain
Australia,1923,T+23,0.05083464476090727,1.250749775134899,0.2829939998211296,0.29652670537597975,5.0,5.0,0.41957639204065084,8.253748875674496,Intermediate/Uncertain
Australia,1924,T+24,0.05083464476090727,1.250749775134899,0.2829939998211296,0.29652670537597975,5.0,5.0,0.41957639204065084,8.253748875674496,Intermediate/Uncertain
Australia,1925,T+25,0.05083464476090727,1.250749775134899,0.2829939998211296,0.29652670537597975,5.0,5.0,0.41957639204065084,8.253748875674496,Intermediate/Uncertain
Australia,1926,T+26,0.05083464476090727,1.250749775134899,0.2829939998211296,0.29652670537597975,5.0,5.0,0.41957639204065084,8.253748875674496,Intermediate/Uncertain
Australia,1927,T+27,0.05083464476090727,1.250749775134899,0.2829939998211296,0.29652670537597975,5.0,5.0,0.41957639204065084,8.253748875674496,Intermediate/Uncertain
Australia,1928,T+28,0.026843617401167252,1.640883908142194,0.2754687939662482,0.28857242702843194,4.0,6.0,0.31797079378174126,11.845303448853164,Intermediate/Uncertain
Australia,1929,T+29,0.0019675239741613684,3.030160886817728,0.131047058107624,0.146492607295424,3.0,9.0,0.05759227566174231,29.271447981359554,Ruptured
Australia,1930,T+30,0.001813326978448328,3.0500000000000003,0.13131045074437284,0.1467946052399928,3.0,9.8,0.05782699734271719,31.890000000000004,Ruptured
Australia,1931,T+31,0.001013234437981391,3.381844910695936,0.12626150074165085,0.1410056335288876,2.0,9.8,0.03560716580476918,35.142080124820176,Ruptured
Australia,1932,T+32,0.002132576729683427,2.58976350271603,0.1319392427264086,0.14751555890247953,3.0,9.8,0.05838927339586822,27.379682326617097,Ruptured
Australia,1933,T+33,0.0028158030074589336,2.24610774452162,0.13650430014840473,0.1527497141746171,3.0,9.0,0.06255297849382489,22.21496970069458,Ruptured
Australia,1934,T+34,0.02875331700160973,1.2702731005575143,0.26452165043302217,0.26146633402598984,4.0,6.0,0.27665402483690676,9.621638603345087,Intermediate/Uncertain
Australia,1935,T+35,0.02875331700160973,1.2702731005575143,0.26452165043302217,0.26146633402598984,4.0,6.0,0.27665402483690676,9.621638603345087,Intermediate/Uncertain
Australia,1936,T+36,0.02875331700160973,1.2702731005575143,0.26452165043302217,0.26146633402598984,4.0,6.0,0.27665402483690676,9.621638603345087,Intermediate/Uncertain
Australia,1937,T+37,0.02875331700160973,1.2702731005575143,0.26452165043302217,0.26146633402598984,4.0,6.0,0.27665402483690676,9.621638603345087,Intermediate/Uncertain
Australia,1938,T+38,0.02875331700160973,1.2702731005575143,0.26452165043302217,0.26146633402598984,4.0,6.0,0.27665402483690676,9.621638603345087,Intermediate/Uncertain
Australia,1939,T+39,0.0584288224623856,0.7338894671542844,0.25892592718662016,0.2558717355507464,5.0,5.0,0.33125913184163347,5.669447335771422,Intermediate/Uncertain
Australia,1940,T+40,0.0584288224623856,0.7338894671542844,0.25892592718662016,0.2558717355507464,5.0,5.0,0.33125913184163347,5.669447335771422,Intermediate/Uncertain
Australia,1941,T+41,0.0584288224623856,0.7338894671542844,0.25892592718662016,0.2558717355507464,5.0,5.0,0.33125913184163347,5.669447335771422,Intermediate/Uncertain
Australia,1942,T+42,0.02522391521661554,1.7124087566933308,0.22545458687806216,0.2363368167376751,5.0,5.0,0.2664160969083441,10.562043783466654,Intermediate/Uncertain
Australia,1943,T+43,0.03283628249037103,1.3042598475763942,0.23102821370636906,0.2422282408465524,5.0,5.0,0.27980778896007574,8.521299237881971,Intermediate/Uncertain
Australia,1944,T+44,0.09432539771795842,1.4730389506051764,0.3543330681632505,0.3501558287961087,6.0,4.0,0.7444307349154263,7.892155802420706,Young Ancient Forest
Australia,1945,T+45,0.09958516227869357,1.3654211804421372,0.35400949044266355,0.3498367058656204,6.0,4.0,0.7430730838897694,7.461684721768549,Young Ancient Forest
Australia,1946,T+46,0.13648662364456185,1.1994139193789608,0.3485744797324316,0.3653380460232471,6.0,3.0,0.764085115914099,5.598241758136883,Young Ancient Forest
Australia,1947,T+47,0.12627935958623332,1.3138088711833242,0.34542449971528705,0.36200846031771755,6.0,3.0,0.7502795477876936,5.9414266135499725,Young Ancient Forest
Australia,1948,T+48,0.11155168231442104,1.5353643704345887,0.34234876018988325,0.35875734815129795,6.0,3.0,0.736920800091643,6.606093111303766,Young Ancient Forest
Australia,1949,T+49,0.1039571454486743,1.2678106128282727,0.3419288155589239,0.35831345910033713,6.0,4.0,0.7351061800139952,7.071242451313091,Young Ancient Forest
Australia,1950,T+50,0.17148322148219772,1.377894680300349,0.4238741895001636,0.3949940650801884,6.0,2.8,1.0045667351594383,5.858105104840977,Deep Ancient Forest
Australia,1951,T+51,0.14371756808322947,1.6933232857313456,0.41622084937394244,0.38795269006625455,6.0,2.8,0.9688439890576939,6.741305200047767,Young Ancient Forest
Australia,1952,T+52,0.1494887745914099,1.646539932707373,0.4203779423426187,0.391777379689018,6.0,2.8,0.9881674123803135,6.610311811580645,Young Ancient Forest
Australia,1953,T+53,0.17148322148219772,1.377894680300349,0.4238741895001636,0.3949940650801884,6.0,2.8,1.0045667351594383,5.858105104840977,Deep Ancient Forest
Australia,1954,T+54,0.19665404665201602,1.142297575065272,0.4276213744220882,0.39844162311977305,6.0,2.8,1.0222929270326702,5.1984332101827615,Deep Ancient Forest
Australia,1955,T+55,0.19665404665201602,1.142297575065272,0.4276213744220882,0.39844162311977305,6.0,2.8,1.0222929270326702,5.1984332101827615,Deep Ancient Forest
Australia,1956,T+56,0.19665404665201602,1.142297575065272,0.4276213744220882,0.39844162311977305,6.0,2.8,1.0222929270326702,5.1984332101827615,Deep Ancient Forest
Australia,1957,T+57,0.19665404665201602,1.142297575065272,0.4276213744220882,0.39844162311977305,6.0,2.8,1.0222929270326702,5.1984332101827615,Deep Ancient Forest
Australia,1958,T+58,0.19665404665201602,1.142297575065272,0.4276213744220882,0.39844162311977305,6.0,2.8,1.0222929270326702,5.1984332101827615,Deep Ancient Forest
Australia,1959,T+59,0.19665404665201602,1.142297575065272,0.4276213744220882,0.39844162311977305,6.0,2.8,1.0222929270326702,5.1984332101827615,Deep Ancient Forest
Australia,1960,T+60,0.1775622830669184,1.261881036389723,0.4191628374171215,0.3906594351941183,6.0,2.8,0.9824995039184202,5.533266901891224,Deep Ancient Forest
Australia,1961,T+61,0.13446044579096172,1.3596300048174879,0.4150906409261342,0.38691285368191963,6.0,3.8,0.9636234265043255,7.166594018306454,Young Ancient Forest
Australia,1962,T+62,0.19665404665201602,1.142297575065272,0.4276213744220882,0.39844162311977305,6.0,2.8,1.0222929270326702,5.1984332101827615,Deep Ancient Forest
Australia,1963,T+63,0.19665404665201602,1.142297575065272,0.4276213744220882,0.39844162311977305,6.0,2.8,1.0222929270326702,5.1984332101827615,Deep Ancient Forest
Australia,1964,T+64,0.19665404665201602,1.142297575065272,0.4276213744220882,0.39844162311977305,6.0,2.8,1.0222929270326702,5.1984332101827615,Deep Ancient Forest
Australia,1965,T+65,0.19665404665201602,1.142297575065272,0.4276213744220882,0.39844162311977305,6.0,2.8,1.0222929270326702,5.1984332101827615,Deep Ancient Forest
Australia,1966,T+66,0.02699274429130795,2.525092820076125,0.25271867535946047,0.3124275734998624,5.0,5.0,0.3947814126032785,14.625464100380626,Standard Transplant
Australia,1967,T+67,0.031106061108693135,2.2265093195403423,0.25699132657575835,0.31791096020545856,5.0,5.0,0.4085017969808696,13.132546597701712,Standard Transplant
Australia,1968,T+68,0.031106061108693135,2.2265093195403423,0.25699132657575835,0.31791096020545856,5.0,5.0,0.4085017969808696,13.132546597701712,Standard Transplant
Australia,1969,T+69,0.02565426112931303,2.495214169164643,0.23778812396092458,0.31235613908641735,5.0,5.0,0.3713729016051841,14.476070845823216,Standard Transplant
Australia,1970,T+70,0.02565426112931303,2.495214169164643,0.23778812396092458,0.31235613908641735,5.0,5.0,0.3713729016051841,14.476070845823216,Standard Transplant
Australia,1971,T+71,0.02885387751251539,2.3837667146765846,0.25485500096760944,0.3151692668526605,5.0,5.0,0.4016123190434778,13.918833573382923,Standard Transplant
Australia,1972,T+72,0.04337848450137997,2.3679830552603205,0.3530864902579927,0.3400609011547255,5.0,5.0,0.600354550313461,13.839915276301603,Standard Transplant
Australia,1973,T+73,0.03812049124446488,2.9178063249640136,0.36897530458604927,0.3427774308730874,5.0,5.0,0.6323820348081043,16.589031624820066,Standard Transplant
Australia,1974,T+74,0.02838711466581346,2.4497129933933084,0.30095711481589715,0.31500563226247563,5.0,6.0,0.4740159311823608,16.69827796035985,Standard Transplant
Australia,1975,T+75,0.028976533911008802,2.735387312612238,0.2946509688075874,0.30833992216527806,5.0,5.0,0.4542632839402764,15.67693656306119,Standard Transplant
Australia,1976,T+76,0.04795154858628651,1.0133484099755625,0.2800103551925316,0.2767418012100599,5.0,6.0,0.38745285026724924,8.080090459853375,Intermediate/Uncertain
Australia,1977,T+77,0.04521277363142078,1.0452272480183438,0.2750904801707,0.2718896595615096,5.0,6.0,0.3739712850111192,8.271363488110062,Intermediate/Uncertain
Australia,1978,T+78,0.04521277363142078,1.0452272480183438,0.2750904801707,0.2718896595615096,5.0,6.0,0.3739712850111192,8.271363488110062,Intermediate/Uncertain
Australia,1979,T+79,0.04242557160281114,1.1076438958437864,0.2724393973277986,0.269275074959519,5.0,6.0,0.36680569568684573,8.645863375062719,Intermediate/Uncertain
Australia,1980,T+80,0.04521277363142078,1.0452272480183438,0.2750904801707,0.2718896595615096,5.0,6.0,0.3739712850111192,8.271363488110062,Intermediate/Uncertain
Australia,1981,T+81,0.04521277363142078,1.0452272480183438,0.2750904801707,0.2718896595615096,5.0,6.0,0.3739712850111192,8.271363488110062,Intermediate/Uncertain
Australia,1982,T+82,0.026315650073513712,1.6710774967068405,0.27006985157141655,0.26693815143978167,5.0,7.0,0.3604597346904508,13.697542476947884,Intermediate/Uncertain
Australia,1983,T+83,0.07211675467510274,2.6592997198510737,0.40705834333072693,0.40225945241079836,5.8,4.2,0.9497097844672967,13.16905882337451,Standard Transplant
Australia,1984,T+84,0.07080919522824941,2.6661946196780155,0.4037912142455608,0.399037302857206,5.8,4.2,0.9345409908899118,13.198017402647666,Standard Transplant
Australia,1985,T+85,0.09825755192428558,1.6844880527923014,0.3944118557089778,0.389787072721259,5.8,4.2,0.8916725275634998,9.074849821727666,Young Ancient Forest
Australia,1986,T+86,0.09825755192428558,1.6844880527923014,0.3944118557089778,0.389787072721259,5.8,4.2,0.8916725275634998,9.074849821727666,Young Ancient Forest
Australia,1987,T+87,0.09851231040071176,1.512448346225417,0.37885821375548107,0.3744475623527405,5.8,4.2,0.8228027007847097,8.352283054146753,Young Ancient Forest
Australia,1988,T+88,0.09262778388747646,1.9170289512680811,0.4030355992066487,0.398292090593824,5.8,4.2,0.9310501700721538,10.05152159532594,Young Ancient Forest
Australia,1989,T+89,0.08125385201173728,1.643167672515498,0.38660958012981383,0.3820922133756176,5.8,5.2,0.8567789590673088,10.544471897080589,Young Ancient Forest
Australia,1990,T+90,0.006843075721242586,3.0272718741467544,0.22497592709285716,0.2223891351407247,4.0,9.0,0.20012880741465294,29.24544686732079,Standard Transplant
Australia,1991,T+91,0.006792790756273814,3.051946100441487,0.22499722823685536,0.22241014302557888,4.0,9.0,0.20016666285007126,29.467514903973385,Standard Transplant
Australia,1992,T+92,0.010800998648028684,2.188464073271481,0.2308495647759861,0.22818190871817104,4.0,8.0,0.21070277726937428,19.50771258617185,Standard Transplant
Australia,1993,T+93,0.04070813393408294,1.7298843892006197,0.3193237780172841,0.3156285218930597,5.0,6.0,0.5039384603045145,12.379306335203719,Intermediate/Uncertain
Australia,1994,T+94,0.03461339034202333,2.2557911583300436,0.32986183856165585,0.32602150184385004,5.0,6.0,0.5377102600442232,15.534746949980262,Standard Transplant
Australia,1995,T+95,0.04070813393408294,1.7298843892006197,0.3193237780172841,0.3156285218930597,5.0,6.0,0.5039384603045145,12.379306335203719,Intermediate/Uncertain
Australia,1996,T+96,0.09194299616288455,1.5748015748023618,0.3483401768688343,0.36509038366946955,6.0,4.0,0.7630538929232016,8.299206299209448,Young Ancient Forest
Australia,1997,T+97,0.08958290540874372,1.6013666038730792,0.3460443165650204,0.36266361790972956,6.0,4.0,0.7529861028154203,8.405466415492317,Young Ancient Forest
Australia,1998,T+98,0.09489877298004776,1.4071247279470287,0.3393320946748684,0.3555686782795879,6.0,4.0,0.7239351864083217,7.628498911788115,Young Ancient Forest
Australia,1999,T+99,0.07862107878941074,1.8545552027373031,0.3431687913798861,0.359624135912954,6.0,4.0,0.7404706804337059,9.418220810949212,Intermediate/Uncertain
Australia,2000,T+100,0.08672181310440467,2.2364872009470567,0.4130219281950775,0.38305170646377723,6.0,4.0,0.9492525264125046,10.945948803788227,Intermediate/Uncertain
Australia,2001,T+101,0.07446942633540186,1.9401997319863744,0.34001881136274165,0.35629455020742445,6.0,4.0,0.7268810967393068,9.760798927945498,Intermediate/Uncertain
Australia,2002,T+102,0.029208261416744936,2.529049969850339,0.2855692128774693,0.29958571640145965,5.0,5.0,0.4277622861104879,14.645249849251694,Standard Transplant
Australia,2003,T+103,0.023490152991215877,2.91373364431274,0.26430917137372756,0.294504007834754,5.0,5.0,0.389200551385228,16.5686682215637,Standard Transplant
Australia,2004,T+104,0.029208261416744936,2.529049969850339,0.2855692128774693,0.29958571640145965,5.0,5.0,0.4277622861104879,14.645249849251694,Standard Transplant
Australia,2005,T+105,0.022236344496701498,2.817772835059633,0.28311521916565047,0.29699180077664306,5.0,6.0,0.4204144938364025,18.906637010357798,Standard Transplant
Australia,2006,T+106,0.021706864933160916,2.8354618230545796,0.28051815633349503,0.2942466585105833,5.0,6.0,0.41270765076340166,19.012770938327478,Standard Transplant
Australia,2007,T+107,0.03606758429774177,2.569502626968885,0.34205415549644463,0.31311646006791205,5.0,5.0,0.5355139316028295,14.847513134844426,Standard Transplant
Australia,2008,T+108,0.04301707738483647,1.5402414583434636,0.2538932335853722,0.26610363483726435,5.0,3.8,0.3378095615882707,7.852917541705161,Intermediate/Uncertain
Australia,2009,T+109,0.03487479476239489,2.2975190423585174,0.2671717566651016,0.2801392732845491,5.0,3.8,0.3742265087715897,10.730572360962366,Standard Transplant
Australia,2010,T+110,0.028769653751213948,2.686278792307306,0.2588610746517395,0.27135473246705627,5.0,3.8,0.35121588829128725,12.207859410767762,Standard Transplant
Australia,2011,T+111,0.0320311097835055,2.217226589683607,0.24498859000809417,0.2726160325510815,5.0,3.8,0.3339390871414508,10.425461040797707,Standard Transplant
Australia,2012,T+112,0.04064696663174336,1.8465762237178291,0.26441521445225896,0.2772255584360053,5.0,3.8,0.36651327742751794,9.016989650127751,Intermediate/Uncertain
Australia,2013,T+113,0.04064696663174336,1.8465762237178291,0.26441521445225896,0.2772255584360053,5.0,3.8,0.36651327742751794,9.016989650127751,Intermediate/Uncertain
Australia,2014,T+114,0.019243997771158775,2.6414662121632366,0.22262878403319855,0.2629038705039867,5.0,5.0,0.29264984503962027,15.207331060816184,Standard Transplant
Australia,2015,T+115,0.020035159800821937,2.711520560497375,0.2367643747526702,0.2632989516190078,5.0,5.0,0.31169905826553973,15.557602802486874,Standard Transplant
Australia,2016,T+116,0.022309056283306632,2.438461348883758,0.23860762272350586,0.2653871375417717,5.0,5.0,0.3166169699511911,14.19230674441879,Standard Transplant
Australia,2017,T+117,0.023558060252604627,2.120399431710921,0.2379431380283438,0.24953744060399635,5.0,5.0,0.29687860836438174,12.601997158554607,Standard Transplant
Australia,2018,T+118,0.018471687474173114,2.9385104645040823,0.23549687248550313,0.26186301872595835,5.0,5.0,0.30833960964787965,16.692552322520413,Standard Transplant
Australia,2019,T+119,0.023025439152911543,1.414876319683102,0.20470980949951817,0.2359630645378952,5.0,6.0,0.2415197699523752,10.489257918098613,Intermediate/Uncertain
Australia,2020,T+120,0.015154536540603048,1.6830032679706834,0.20786361696670816,0.22548452940474775,5.0,8.0,0.23435014926053463,15.464026143765468,Intermediate/Uncertain
Australia,2021,T+121,0.023890888597182924,1.2579745625409122,0.21809192670010735,0.23674483693441803,5.0,7.0,0.25816068811664983,10.805821937786385,Intermediate/Uncertain
Australia,2022,T+122,0.03324909375910965,1.064116417503273,0.22657557266976788,0.2460844507201925,5.0,6.0,0.2787836267352644,8.384698505019637,Intermediate/Uncertain
Australia,2023,T+123,0.03017739442726898,1.6663958113245485,0.24573499434999965,0.2946911910808826,5.0,6.0,0.3620796908762768,11.998374867947291,Intermediate/Uncertain
Australia,2024,T+124,0.03763459709602724,1.3665650368716449,0.2606840303369577,0.2944944046668187,5.0,6.0,0.38384994160114627,10.19939022122987,Intermediate/Uncertain
Australia,2025,T+125,0.03595928286658406,1.9506409203131159,0.27339192262549517,0.30918017240434814,5.0,5.0,0.42263680885653404,11.75320460156558,Intermediate/Uncertain
Brazil,1900,T+0,0.03337229452720289,2.6976552318634046,0.37334520314812486,0.37334520314812486,5.0,7.0,0.6969332035685731,20.883586623043833,Standard Transplant
Brazil,1901,T+1,0.04278206018607718,2.423033996872516,0.37617507575458026,0.37617507575458026,5.0,6.0,0.7075384380948211,16.538203981235096,Standard Transplant
Brazil,1902,T+2,0.04336727932182969,2.55868618630734,0.38794693190554935,0.38794693190554935,5.0,6.0,0.7525141098746447,17.35211711784404,Standard Transplant
Brazil,1903,T+3,0.06412508858712199,2.042516829796024,0.3903224336114929,0.3903224336114929,6.0,6.0,0.9141096130823896,14.255100978776143,Standard Transplant
Brazil,1904,T+4,0.028642694256138117,2.55868618630734,0.3377274200993791,0.3377274200993791,5.0,7.0,0.5702990514349126,19.91080330415138,Standard Transplant
Brazil,1905,T+5,0.06412508858712199,2.042516829796024,0.3903224336114929,0.3903224336114929,6.0,6.0,0.9141096130823896,14.255100978776143,Standard Transplant
Brazil,1906,T+6,0.06412508858712199,2.042516829796024,0.3903224336114929,0.3903224336114929,6.0,6.0,0.9141096130823896,14.255100978776143,Standard Transplant
Brazil,1907,T+7,0.06412508858712199,2.042516829796024,0.3903224336114929,0.3903224336114929,6.0,6.0,0.9141096130823896,14.255100978776143,Standard Transplant
Brazil,1908,T+8,0.08375912930575242,1.8200274723201295,0.3936448993238115,0.3936448993238115,6.0,5.0,0.9297378405819223,11.100137361600648,Young Ancient Forest
Brazil,1909,T+9,0.05858660332345236,1.709349291397168,0.3459390649388912,0.3459390649388912,6.0,6.0,0.7180430199047663,12.256095748383007,Intermediate/Uncertain
Brazil,1910,T+10,0.04236082550996719,1.948557158514987,0.3322948187820293,0.3322948187820293,6.0,7.0,0.6625190795362903,15.639900109604909,Intermediate/Uncertain
Brazil,1911,T+11,0.05858660332345236,1.709349291397168,0.3459390649388912,0.3459390649388912,6.0,6.0,0.7180430199047663,12.256095748383007,Intermediate/Uncertain
Brazil,1912,T+12,0.06412508858712199,2.042516829796024,0.3903224336114929,0.3903224336114929,6.0,6.0,0.9141096130823896,14.255100978776143,Standard Transplant
Brazil,1913,T+13,0.06412508858712199,2.042516829796024,0.3903224336114929,0.3903224336114929,6.0,6.0,0.9141096130823896,14.255100978776143,Standard Transplant
Brazil,1914,T+14,0.058787174434251466,1.3228756555322954,0.3321523752448354,0.3321523752448354,6.0,7.0,0.6619512022847156,11.260129588726068,Intermediate/Uncertain
Brazil,1915,T+15,0.03603959742553459,1.7455300054711176,0.32013640395639514,0.32013640395639514,5.0,7.0,0.5124365856906611,14.218710038297823,Intermediate/Uncertain
Brazil,1916,T+16,0.03603959742553459,1.7455300054711176,0.32013640395639514,0.32013640395639514,5.0,7.0,0.5124365856906611,14.218710038297823,Intermediate/Uncertain
Brazil,1917,T+17,0.024601299079017237,1.6723860200324565,0.27508018736111134,0.27508018736111134,5.0,8.0,0.37834554739312065,15.379088160259652,Intermediate/Uncertain
Brazil,1918,T+18,0.01084806898803564,1.7853571071357126,0.22136239042261832,0.22136239042261832,4.0,9.0,0.1960052315744628,18.068213964221414,Intermediate/Uncertain
Brazil,1919,T+19,0.024601299079017237,1.6723860200324565,0.27508018736111134,0.27508018736111134,5.0,8.0,0.37834554739312065,15.379088160259652,Intermediate/Uncertain
Brazil,1920,T+20,0.03603959742553459,1.7455300054711176,0.32013640395639514,0.32013640395639514,5.0,7.0,0.5124365856906611,14.218710038297823,Intermediate/Uncertain
Brazil,1921,T+21,0.07149790507489277,1.340475661845451,0.3459390649388912,0.3459390649388912,6.0,6.0,0.7180430199047663,10.042853971072706,Intermediate/Uncertain
Brazil,1922,T+22,0.027844204511721215,1.8157298807917437,0.2862136572545419,0.2862136572545419,5.0,7.0,0.4095912879951019,14.710109165542207,Intermediate/Uncertain
Brazil,1923,T+23,0.019988611435667148,2.072890493972125,0.2725622292001993,0.2725622292001993,5.0,8.0,0.37145084393290984,18.583123951777,Standard Transplant
Brazil,1924,T+24,0.016631146452633732,2.407670035532278,0.2659326217934569,0.2659326217934569,5.0,8.0,0.3536007966697089,21.261360284258224,Standard Transplant
Brazil,1925,T+25,0.023774499009441178,2.1323402636539974,0.28369569909362985,0.28369569909362985,5.0,7.0,0.4024162484211169,16.926381845577982,Standard Transplant
Brazil,1926,T+26,0.01577514661298311,2.1360009363293826,0.24540420400412374,0.24540420400412374,5.0,8.0,0.3011161167144879,19.08800749063506,Standard Transplant
Brazil,1927,T+27,0.01577514661298311,2.1360009363293826,0.24540420400412374,0.24540420400412374,5.0,8.0,0.3011161167144879,19.08800749063506,Standard Transplant
Brazil,1928,T+28,0.01577514661298311,2.1360009363293826,0.24540420400412374,0.24540420400412374,5.0,8.0,0.3011161167144879,19.08800749063506,Standard Transplant
Brazil,1929,T+29,0.007786359189426858,2.218529918662356,0.20678561105140345,0.20678561105140345,4.0,9.0,0.17104115575160922,21.966769267961205,Standard Transplant
Brazil,1930,T+30,0.005092716954334295,1.9039432764659772,0.16366725080950015,0.16366725080950015,4.0,10.0,0.1071478759501593,21.03943276465977,Intermediate/Uncertain
Brazil,1931,T+31,0.02078304994390822,1.5562374497485916,0.24507671657236602,0.24507671657236602,5.0,8.0,0.30031298502945913,14.449899597988733,Intermediate/Uncertain
Brazil,1932,T+32,0.007104873166326478,2.0,0.1884790859263499,0.1884790859263499,4.0,9.0,0.14209746332652956,20.0,Intermediate/Uncertain
Brazil,1933,T+33,0.026072192402700502,1.9685019685029528,0.3042136359036624,0.3042136359036624,5.0,8.0,0.46272968134863035,17.748015748023622,Intermediate/Uncertain
Brazil,1934,T+34,0.055386448295819464,1.6723860200324565,0.35570717109159034,0.35570717109159034,6.0,7.0,0.7591655493958915,13.706702140227195,Intermediate/Uncertain
Brazil,1935,T+35,0.01549184246672774,2.190176933491904,0.25936559879240434,0.25936559879240434,5.0,9.0,0.33635256918471224,21.711592401427136,Standard Transplant
Brazil,1936,T+36,0.055386448295819464,1.6723860200324565,0.35570717109159034,0.35570717109159034,6.0,7.0,0.7591655493958915,13.706702140227195,Intermediate/Uncertain
Brazil,1937,T+37,0.02317798746907987,1.75,0.2723408891464071,0.2723408891464071,5.0,8.0,0.3708477995052779,16.0,Intermediate/Uncertain
Brazil,1938,T+38,0.08205782500446802,1.9685019685029528,0.4346074071931918,0.4346074071931918,6.0,6.0,1.133301590323133,13.811011811017718,Young Ancient Forest
Brazil,1939,T+39,0.08205782500446802,1.9685019685029528,0.4346074071931918,0.4346074071931918,6.0,6.0,1.133301590323133,13.811011811017718,Young Ancient Forest
Brazil,1940,T+40,0.1837970566780661,1.1388041973930374,0.44946609778769275,0.44946609778769275,7.0,5.0,1.4141384114234705,7.694020986965187,Deep Ancient Forest
Brazil,1941,T+41,0.1837970566780661,1.1388041973930374,0.44946609778769275,0.44946609778769275,7.0,5.0,1.4141384114234705,7.694020986965187,Deep Ancient Forest
Brazil,1942,T+42,0.12180760463236406,1.1439378261076953,0.3927298540698212,0.3927298540698212,7.0,6.0,1.0796571679439213,8.863626956646172,Young Ancient Forest
Brazil,1943,T+43,0.12180760463236406,1.1439378261076953,0.3927298540698212,0.3927298540698212,7.0,6.0,1.0796571679439213,8.863626956646172,Young Ancient Forest
Brazil,1944,T+44,0.08337346034294109,1.1162856937182344,0.3418911956836874,0.3418911956836874,7.0,7.0,0.8182271278021501,9.81399985602764,Young Ancient Forest
Brazil,1945,T+45,0.03059998409881466,1.346291201783626,0.2552031488615993,0.2552031488615993,6.0,8.0,0.3907718831332536,12.770329614269007,Intermediate/Uncertain
Brazil,1946,T+46,0.03255004947847194,1.224744871391589,0.25299016721846185,0.25299016721846185,6.0,8.0,0.3840241482553517,11.797958971132712,Intermediate/Uncertain
Brazil,1947,T+47,0.06697864417101763,0.8660254037844386,0.2999982610738529,0.2999982610738529,6.0,7.0,0.5399937398840137,8.06217782649107,Intermediate/Uncertain
Brazil,1948,T+48,0.07808659011756779,1.224744871391589,0.3488051234478514,0.3488051234478514,6.0,6.0,0.7299900848608252,9.348469228349533,Intermediate/Uncertain
Brazil,1949,T+49,0.07808659011756779,1.224744871391589,0.3488051234478514,0.3488051234478514,6.0,6.0,0.7299900848608252,9.348469228349533,Intermediate/Uncertain
Brazil,1950,T+50,0.12353752006055782,0.82915619758885,0.3508492640271859,0.3508492640271859,7.0,6.0,0.861666442478926,6.9749371855331,Young Ancient Forest
Brazil,1951,T+51,0.19873090484006486,1.0231690964840563,0.44946609778769275,0.44946609778769275,7.0,5.0,1.4141384114234705,7.115845482420282,Deep Ancient Forest
Brazil,1952,T+52,0.19873090484006486,1.0231690964840563,0.44946609778769275,0.44946609778769275,7.0,5.0,1.4141384114234705,7.115845482420282,Deep Ancient Forest
Brazil,1953,T+53,0.1837970566780661,1.1388041973930374,0.44946609778769275,0.44946609778769275,7.0,5.0,1.4141384114234705,7.694020986965187,Deep Ancient Forest
Brazil,1954,T+54,0.02966107212971667,1.4306903927824497,0.2578140905589196,0.2578140905589196,6.0,8.0,0.3988086317443367,13.445523142259598,Intermediate/Uncertain
Brazil,1955,T+55,0.11331696887461465,1.0231690964840563,0.3629813969471119,0.3629813969471119,7.0,6.0,0.9222884617077376,8.139014578904337,Young Ancient Forest
Brazil,1956,T+56,0.1837970566780661,1.1388041973930374,0.44946609778769275,0.44946609778769275,7.0,5.0,1.4141384114234705,7.694020986965187,Deep Ancient Forest
Brazil,1957,T+57,0.1837970566780661,1.1388041973930374,0.44946609778769275,0.44946609778769275,7.0,5.0,1.4141384114234705,7.694020986965187,Deep Ancient Forest
Brazil,1958,T+58,0.1837970566780661,1.1388041973930374,0.44946609778769275,0.44946609778769275,7.0,5.0,1.4141384114234705,7.694020986965187,Deep Ancient Forest
Brazil,1959,T+59,0.12133337707900015,1.1388041973930374,0.3912829646115867,0.3912829646115867,7.0,6.0,1.0717165087666254,8.832825184358224,Young Ancient Forest
Brazil,1960,T+60,0.12133337707900015,1.1388041973930374,0.3912829646115867,0.3912829646115867,7.0,6.0,1.0717165087666254,8.832825184358224,Young Ancient Forest
Brazil,1961,T+61,0.03330585460718741,1.2747548783981961,0.2602134105986342,0.2602134105986342,6.0,8.0,0.4062661143322403,12.198039027185569,Intermediate/Uncertain
Brazil,1962,T+62,0.03330585460718741,1.2747548783981961,0.2602134105986342,0.2602134105986342,6.0,8.0,0.4062661143322403,12.198039027185569,Intermediate/Uncertain
Brazil,1963,T+63,0.01271496323503258,1.8833148966649205,0.21952058833276572,0.21952058833276572,5.0,9.0,0.24094644350981798,18.949834069984284,Intermediate/Uncertain
Brazil,1964,T+64,0.006261591879824287,1.757795138803154,0.1750636608743323,0.1750636608743323,4.0,10.0,0.12258914143489291,19.57795138803154,Intermediate/Uncertain
Brazil,1965,T+65,0.04255817547920685,1.3863170633011772,0.3047155366777172,0.3047155366777172,6.0,8.0,0.5571093497567354,13.090536506409418,Intermediate/Uncertain
Brazil,1966,T+66,0.05258973046065416,1.3863170633011772,0.32029198807895326,0.32029198807895326,6.0,7.0,0.6155217457654101,11.70421944310824,Intermediate/Uncertain
Brazil,1967,T+67,0.05258973046065416,1.3863170633011772,0.32029198807895326,0.32029198807895326,6.0,7.0,0.6155217457654101,11.70421944310824,Intermediate/Uncertain
Brazil,1968,T+68,0.033319875253715506,1.5,0.27883037064136834,0.27883037064136834,6.0,8.0,0.46647825355201705,14.0,Intermediate/Uncertain
Brazil,1969,T+69,0.06482538856177623,1.8027756377319946,0.3721210744631455,0.3721210744631455,6.0,6.0,0.8308445643576354,12.816653826391967,Intermediate/Uncertain
Brazil,1970,T+70,0.06482538856177623,1.8027756377319946,0.3721210744631455,0.3721210744631455,6.0,6.0,0.8308445643576354,12.816653826391967,Intermediate/Uncertain
Brazil,1971,T+71,0.10318936513753821,1.25,0.3742228077356004,0.3742228077356004,7.0,6.0,0.9802989688066129,9.5,Young Ancient Forest
Brazil,1972,T+72,0.16546152360844474,1.346291201783626,0.45430009190837467,0.45430009190837467,7.0,5.0,1.4447200145557038,8.73145600891813,Deep Ancient Forest
Brazil,1973,T+73,0.16546152360844474,1.346291201783626,0.45430009190837467,0.45430009190837467,7.0,5.0,1.4447200145557038,8.73145600891813,Deep Ancient Forest
Brazil,1974,T+74,0.12551801081867514,1.0897247358851685,0.3912829646115867,0.3912829646115867,7.0,6.0,1.0717165087666254,8.538348415311011,Young Ancient Forest
Brazil,1975,T+75,0.12551801081867514,1.0897247358851685,0.3912829646115867,0.3912829646115867,7.0,6.0,1.0717165087666254,8.538348415311011,Young Ancient Forest
Brazil,1976,T+76,0.05589634594998602,1.4737282653189494,0.3387292100832555,0.3387292100832555,6.0,7.0,0.6884248665817575,12.316097857232645,Intermediate/Uncertain
Brazil,1977,T+77,0.05589634594998602,1.4737282653189494,0.3387292100832555,0.3387292100832555,6.0,7.0,0.6884248665817575,12.316097857232645,Intermediate/Uncertain
Brazil,1978,T+78,0.037213866144632644,1.299038105676658,0.27723803663419266,0.27723803663419266,6.0,8.0,0.4611655737406917,12.392304845413264,Intermediate/Uncertain
Brazil,1979,T+79,0.037213866144632644,1.299038105676658,0.27723803663419266,0.27723803663419266,6.0,8.0,0.4611655737406917,12.392304845413264,Intermediate/Uncertain
Brazil,1980,T+80,0.017175910003122352,1.595893166850463,0.2370865144549719,0.2370865144549719,5.0,9.0,0.28105007668203796,16.363038501654167,Intermediate/Uncertain
Brazil,1981,T+81,0.01608218353004716,1.6007810593582121,0.22972194503455393,0.22972194503455393,5.0,9.0,0.26386086015229304,16.40702953422391,Intermediate/Uncertain
Brazil,1982,T+82,0.012587295335790151,1.713913650100261,0.21950396971814481,0.21950396971814481,5.0,10.0,0.24090996361012118,19.13913650100261,Intermediate/Uncertain
Brazil,1983,T+83,0.006206019929676916,2.1028254801575903,0.19243064157921835,0.18566924564535187,4.0,10.0,0.1429138082442582,23.028254801575905,Standard Transplant
Brazil,1984,T+84,0.01723287673909083,1.4577379737113252,0.22827830507865407,0.22827830507865407,5.0,9.0,0.2605549228479153,15.119641763401926,Intermediate/Uncertain
Brazil,1985,T+85,0.05060173524515865,0.81967981553775,0.26864513103828097,0.26864513103828097,6.0,8.0,0.433021238583451,8.557438524302,Intermediate/Uncertain
Brazil,1986,T+86,0.05730005879372069,1.1388041973930374,0.30859222010163617,0.30859222010163617,6.0,7.0,0.57137494984354,9.971629381751262,Intermediate/Uncertain
Brazil,1987,T+87,0.01723287673909083,1.4577379737113252,0.22827830507865407,0.22827830507865407,5.0,9.0,0.2605549228479153,15.119641763401926,Intermediate/Uncertain
Brazil,1988,T+88,0.01723287673909083,1.4577379737113252,0.22827830507865407,0.22827830507865407,5.0,9.0,0.2605549228479153,15.119641763401926,Intermediate/Uncertain
Brazil,1989,T+89,0.009623028083758253,1.75,0.19372611988747718,0.19372611988747718,5.0,10.0,0.1876490476332859,19.5,Intermediate/Uncertain
Brazil,1990,T+90,0.007919389030229906,1.4563975247163805,0.18109152649239882,0.18109152649239882,4.0,10.0,0.13117656386938872,16.563975247163803,Intermediate/Uncertain
Brazil,1991,T+91,0.007919389030229906,1.4563975247163805,0.18109152649239882,0.18109152649239882,4.0,10.0,0.13117656386938872,16.563975247163803,Intermediate/Uncertain
Brazil,1992,T+92,0.007919389030229906,1.4563975247163805,0.18109152649239882,0.18109152649239882,4.0,10.0,0.13117656386938872,16.563975247163803,Intermediate/Uncertain
Brazil,1993,T+93,0.007919389030229906,1.4563975247163805,0.18109152649239882,0.18109152649239882,4.0,10.0,0.13117656386938872,16.563975247163803,Intermediate/Uncertain
Brazil,1994,T+94,0.01723287673909083,1.4577379737113252,0.22827830507865407,0.22827830507865407,5.0,9.0,0.2605549228479153,15.119641763401926,Intermediate/Uncertain
Brazil,1995,T+95,0.05616904283596213,1.243734296383275,0.31658428063278715,0.31658428063278715,6.0,7.0,0.6013536404626759,10.706140074682924,Intermediate/Uncertain
Brazil,1996,T+96,0.05616904283596213,1.243734296383275,0.31658428063278715,0.31658428063278715,6.0,7.0,0.6013536404626759,10.706140074682924,Intermediate/Uncertain
Brazil,1997,T+97,0.06876420190794306,1.6345871038277526,0.3678620370189244,0.3678620370189244,6.0,6.0,0.811934869678275,11.807522622966516,Intermediate/Uncertain
Brazil,1998,T+98,0.06876420190794306,1.6345871038277526,0.3678620370189244,0.3678620370189244,6.0,6.0,0.811934869678275,11.807522622966516,Intermediate/Uncertain
Brazil,1999,T+99,0.058147884716686964,1.118033988749895,0.30859222010163617,0.30859222010163617,6.0,7.0,0.57137494984354,9.826237921249264,Intermediate/Uncertain
Brazil,2000,T+100,0.05616904283596213,1.243734296383275,0.31658428063278715,0.31658428063278715,6.0,7.0,0.6013536404626759,10.706140074682924,Intermediate/Uncertain
Brazil,2001,T+101,0.05616904283596213,1.243734296383275,0.31658428063278715,0.31658428063278715,6.0,7.0,0.6013536404626759,10.706140074682924,Intermediate/Uncertain
Brazil,2002,T+102,0.04034784821619973,1.14564392373896,0.27401028982839554,0.27401028982839554,6.0,8.0,0.4504898335910479,11.16515138991168,Intermediate/Uncertain
Brazil,2003,T+103,0.1316764453948058,1.0231690964840563,0.3912829646115867,0.3912829646115867,7.0,6.0,1.0717165087666254,8.139014578904337,Young Ancient Forest
Brazil,2004,T+104,0.17069821241341115,1.2747548783981961,0.45188309484803374,0.45188309484803374,7.0,5.0,1.4293883198660593,8.373774391990981,Deep Ancient Forest
Brazil,2005,T+105,0.17069821241341115,1.2747548783981961,0.45188309484803374,0.45188309484803374,7.0,5.0,1.4293883198660593,8.373774391990981,Deep Ancient Forest
Brazil,2006,T+106,0.17069821241341115,1.2747548783981961,0.45188309484803374,0.45188309484803374,7.0,5.0,1.4293883198660593,8.373774391990981,Deep Ancient Forest
Brazil,2007,T+107,0.12133337707900015,1.1388041973930374,0.3912829646115867,0.3912829646115867,7.0,6.0,1.0717165087666254,8.832825184358224,Young Ancient Forest
Brazil,2008,T+108,0.12133337707900015,1.1388041973930374,0.3912829646115867,0.3912829646115867,7.0,6.0,1.0717165087666254,8.832825184358224,Young Ancient Forest
Brazil,2009,T+109,0.12133337707900015,1.1388041973930374,0.3912829646115867,0.3912829646115867,7.0,6.0,1.0717165087666254,8.832825184358224,Young Ancient Forest
Brazil,2010,T+110,0.16175404067246718,1.3863170633011772,0.45430009190837467,0.45430009190837467,7.0,5.0,1.4447200145557038,8.931585316505886,Deep Ancient Forest
Brazil,2011,T+111,0.16175404067246718,1.3863170633011772,0.45430009190837467,0.45430009190837467,7.0,5.0,1.4447200145557038,8.931585316505886,Deep Ancient Forest
Brazil,2012,T+112,0.12133337707900015,1.1388041973930374,0.3912829646115867,0.3912829646115867,7.0,6.0,1.0717165087666254,8.832825184358224,Young Ancient Forest
Brazil,2013,T+113,0.03890359174996923,1.6723860200324565,0.31577992528381926,0.31577992528381926,6.0,8.0,0.5983017672735268,15.379088160259652,Intermediate/Uncertain
Brazil,2014,T+114,0.10496698902618576,0.81967981553775,0.3406316052507942,0.3406316052507942,7.0,7.0,0.8122092334701303,7.73775870876425,Young Ancient Forest
Brazil,2015,T+115,0.01723287673909083,1.4577379737113252,0.22827830507865407,0.22827830507865407,5.0,9.0,0.2605549228479153,15.119641763401926,Intermediate/Uncertain
Brazil,2016,T+116,0.009540929831767136,1.8027756377319946,0.2048757305693409,0.1865359237550721,5.0,10.0,0.19108341828373637,20.027756377319946,Intermediate/Uncertain
Brazil,2017,T+117,0.01723287673909083,1.4577379737113252,0.22827830507865407,0.22827830507865407,5.0,9.0,0.2605549228479153,15.119641763401926,Intermediate/Uncertain
Brazil,2018,T+118,0.01723287673909083,1.4577379737113252,0.22827830507865407,0.22827830507865407,5.0,9.0,0.2605549228479153,15.119641763401926,Intermediate/Uncertain
Brazil,2019,T+119,0.03950670188695062,1.192424001771182,0.27564570262701704,0.27564570262701704,6.0,8.0,0.4558833202604514,11.539392014169456,Intermediate/Uncertain
Brazil,2020,T+120,0.010571381275160227,1.8498310733685928,0.20818043052242124,0.20818043052242124,5.0,10.0,0.2166954582625033,20.498310733685926,Intermediate/Uncertain
Brazil,2021,T+121,0.010571381275160227,1.8498310733685928,0.20818043052242124,0.20818043052242124,5.0,10.0,0.2166954582625033,20.498310733685926,Intermediate/Uncertain
Brazil,2022,T+122,0.03950670188695062,1.192424001771182,0.27564570262701704,0.27564570262701704,6.0,8.0,0.4558833202604514,11.539392014169456,Intermediate/Uncertain
Brazil,2023,T+123,0.08229657821398711,1.0825317547305484,0.33556216604892525,0.33556216604892525,7.0,7.0,0.7882137709841254,9.57772228311384,Young Ancient Forest
Brazil,2024,T+124,0.03807349313468419,1.3863170633011772,0.28821359319265044,0.28821359319265044,6.0,8.0,0.49840245180611165,13.090536506409418,Intermediate/Uncertain
Brazil,2025,T+125,0.03807349313468419,1.3863170633011772,0.28821359319265044,0.28821359319265044,6.0,8.0,0.49840245180611165,13.090536506409418,Intermediate/Uncertain
Canada,1900,T+0,0.1213187313677196,1.5155444566227676,0.3956276084246157,0.4120428593046589,6.0,4.0,0.9780931859708556,8.06217782649107,Young Ancient Forest
Canada,1901,T+1,0.0885902646415493,2.15779835712237,0.3883644278159933,0.4041823314345088,6.0,4.0,0.9418202392853829,10.63119342848948,Intermediate/Uncertain
Canada,1902,T+2,0.029315918994537102,1.4899140075856727,0.2699552653591066,0.2699552653591066,5.0,7.0,0.36437922647552823,12.429398053099709,Intermediate/Uncertain
Canada,1903,T+3,0.007676126925074155,2.0583670712484685,0.18480182595140277,0.19604055000799467,4.0,8.2,0.1449146064079788,18.87860998423744,Standard Transplant
Canada,1904,T+4,0.05010954982798329,1.3019216566291536,0.30079034760030077,0.2922037794177346,5.0,5.2,0.43946038190591,8.7699926144716,Intermediate/Uncertain
Canada,1905,T+5,0.03876289089867048,1.7512495538900217,0.3113925991927382,0.3113925991927382,5.0,6.0,0.4848267541600465,12.50749732334013,Intermediate/Uncertain
Canada,1906,T+6,0.003316433485285247,2.070024154448445,0.1525251490140362,0.1525251490140362,3.0,9.2,0.06979176324526183,21.04422222092569,Ruptured
Canada,1907,T+7,0.032140462583961256,1.453390432746824,0.2663512043166992,0.25872364346417903,5.0,6.0,0.34455677010944186,10.720342596480943,Intermediate/Uncertain
Canada,1908,T+8,0.15613387928531614,1.1310946025863622,0.4120429814013337,0.4120429814013337,6.0,4.0,1.018676511132599,6.524378410345449,Deep Ancient Forest
Canada,1909,T+9,0.12188957635203494,1.708800749063506,0.4236585004846932,0.4236585004846932,6.0,4.0,1.0769191501976327,8.835202996254024,Young Ancient Forest
Canada,1910,T+10,0.10130526421015011,2.0867139238525243,0.4179694865194142,0.4179694865194142,6.0,4.0,1.0481909499678164,10.346855695410097,Intermediate/Uncertain
Canada,1911,T+11,0.2995375143260805,1.541103500742244,0.5323707038798675,0.5323707038798675,7.0,3.0,1.9839299644468191,6.623310502226732,Deep Ancient Forest
Canada,1912,T+12,0.027859537161202888,2.24774192246352,0.30210498375374845,0.29391741667778865,5.0,6.2,0.44396958195193525,15.935999919273822,Standard Transplant
Canada,1913,T+13,0.021937155071021716,2.2079048326411175,0.30382781481066684,0.26920908269745564,4.8,7.2,0.3926073951511298,17.896914795016045,Standard Transplant
Canada,1914,T+14,0.022182354986786525,1.768783126898264,0.2635549949271388,0.24208620031673883,5.0,7.0,0.31901513648204205,14.381481888287848,Intermediate/Uncertain
Canada,1915,T+15,0.028195648855556116,2.5124689052802225,0.33234805093684683,0.33234805093684683,5.0,7.0,0.5522761348076046,19.587282336961557,Standard Transplant
Canada,1916,T+16,0.04419773444238514,2.242173889331512,0.36959153282798957,0.36959153282798957,5.0,6.0,0.6829895056907144,15.453043335989072,Standard Transplant
Canada,1917,T+17,0.01976443821373005,2.4401588063074913,0.3200038747621163,0.3021628456994819,4.0,7.2,0.3867731257319267,19.56914340541394,Standard Transplant
Canada,1918,T+18,0.014195054464198881,2.0684761903391586,0.2448455945196335,0.2448455945196335,4.0,7.2,0.23979746062269114,16.893028570441942,Standard Transplant
Canada,1919,T+19,0.14421144811200567,1.4737282653189494,0.4407494427418615,0.43053064276241165,6.0,4.0,1.1385368452849705,7.894913061275798,Young Ancient Forest
Canada,1920,T+20,0.07204882599939345,1.8371173070873836,0.3664942878119778,0.3664942878119778,6.0,5.0,0.8059083779928529,11.185586535436919,Intermediate/Uncertain
Canada,1921,T+21,0.019657333672774772,2.1493821786736764,0.2705658300262693,0.2539291458814486,5.0,7.2,0.3435227506163788,17.475551686450473,Standard Transplant
Canada,1922,T+22,0.044142329549150185,2.068174013471787,0.35666476481543885,0.35666476481543885,5.0,6.0,0.6360487723042616,14.409044080830723,Standard Transplant
Canada,1923,T+23,0.14337894726764897,1.165922381636102,0.39904736336145935,0.39904736336145935,6.0,4.0,0.9554327892343953,6.663689526544408,Young Ancient Forest
Canada,1924,T+24,0.028254383663070627,1.9880502382988212,0.2898768693187392,0.2792701605743255,5.0,6.2,0.40476979920713535,14.325911477452692,Intermediate/Uncertain
Canada,1925,T+25,0.010383752407706814,2.247776679298902,0.23030329359444832,0.23030329359444832,4.0,8.2,0.21215842816180264,20.431768770250994,Standard Transplant
Chile,1900,T+0,0.020504696698573816,3.4121107836645637,0.3560081307146114,0.35095889236408506,3.8,6.2,0.47478803306719203,23.155086858720296,Standard Transplant
Chile,1901,T+1,0.02206400360209705,3.1949178393191895,0.3526070956773344,0.34859441154721604,3.8,6.0,0.4670840794950505,21.16950703591514,Standard Transplant
Chile,1902,T+2,0.02267699897429291,3.304542328371661,0.3612214162156966,0.35294421482212085,4.0,6.2,0.5099640364927341,22.4881624359043,Standard Transplant
Chile,1903,T+3,0.02118923448013411,3.211600068501681,0.3556934495419979,0.3435075168971249,3.8,6.2,0.464296819789229,21.911920424710424,Standard Transplant
Chile,1904,T+4,0.02739174136017056,2.9652150006365474,0.36568818634277217,0.35950943736590985,4.0,5.8,0.5258734164938,19.198247003691975,Standard Transplant
Chile,1905,T+5,0.019925375803456002,3.2889730540094124,0.34667579779151797,0.3406462996067012,4.0,6.6,0.47237531072352634,23.70722215646212,Standard Transplant
Chile,1906,T+6,0.023062812184697662,3.3003787661418507,0.3545496150402499,0.3545496150402499,4.0,6.0,0.5028217181007576,21.802272596851104,Standard Transplant
Chile,1907,T+7,0.00717734975144666,3.5064003978439198,0.2632590108309488,0.28584606948039265,3.0,8.4,0.22575466050396853,31.453763341888926,Failed Transplant
Chile,1908,T+8,0.02174463835264516,3.2923917977664807,0.34279207829957364,0.3449908270909442,4.0,6.0,0.47304049045117447,21.754350786598884,Standard Transplant
Chile,1909,T+9,0.020372043446707584,3.2990292132686547,0.3510783823200346,0.3428785062570613,3.8,6.2,0.45743347897434794,22.45398112226566,Standard Transplant
Chile,1910,T+10,0.024794119885624417,3.1110438360781743,0.35582308023822157,0.36001164010716324,4.0,6.0,0.5124018028181796,20.666263016469046,Standard Transplant
Chile,1911,T+11,0.025516733979571556,3.1052375110448476,0.3633875941755685,0.36217980021430185,4.0,6.0,0.5264465850354527,20.631425066269085,Standard Transplant
Chile,1912,T+12,0.022779227557234737,3.32264954516723,0.3606716032407754,0.3568483552620378,4.0,6.2,0.5148202736247719,22.600427180036828,Standard Transplant
Chile,1913,T+13,0.02483709595707237,3.0773365106858237,0.3586618135262252,0.3617103223627485,3.8,5.8,0.4929803847211599,19.848551761977777,Standard Transplant
Chile,1914,T+14,0.02995100743948438,2.5405462011150277,0.3426015190947948,0.3426015190947948,4.4,6.0,0.5164535238986686,17.243277206690166,Standard Transplant
Chile,1915,T+15,0.024046731593979194,2.6161756439505357,0.3341216819581079,0.3351728043088237,3.8,6.0,0.4255563042646636,17.697053863703214,Standard Transplant
Chile,1916,T+16,0.024946769851407983,2.7580563808595358,0.3511751010603697,0.33920545935720225,4.0,6.2,0.4764820458799785,19.099949561329122,Standard Transplant
Chile,1917,T+17,0.023145783177280232,2.9008619408720575,0.3391524922887433,0.3341697984896975,4.2,6.4,0.47600498402271374,20.56551642158117,Standard Transplant
Chile,1918,T+18,0.02050362307332383,2.7241684511057684,0.311530051761789,0.3197775879046731,4.0,6.4,0.3984813140488114,19.434678087076918,Standard Transplant
Chile,1919,T+19,0.014718649301279564,2.5705057868053904,0.2738269513161855,0.2755798728107017,4.0,7.2,0.30184478566342643,20.50764166499881,Standard Transplant
Chile,1920,T+20,0.016777519150974925,2.3973944189473704,0.28239985504123577,0.27895849458761846,4.0,7.0,0.3151113537362592,18.78176093263159,Standard Transplant
Chile,1921,T+21,0.01617762398398274,2.4715569485650133,0.280145788096016,0.27864302625454845,4.0,7.0,0.3122426807501574,19.300898639955093,Standard Transplant
Chile,1922,T+22,0.013961643807360001,2.496497546563986,0.26375597064540407,0.26433600290833453,4.0,7.2,0.2788807960944565,19.9747823352607,Standard Transplant
Chile,1923,T+23,0.01370676049238638,2.1868927728629033,0.2491345406445255,0.2569263554804352,3.8,7.2,0.24323507229794308,17.745627964612904,Standard Transplant
Chile,1924,T+24,0.014887286806948476,1.7926499239952012,0.2280011309361714,0.2257810633263376,4.0,6.6,0.2059133511295052,13.831489498368327,Intermediate/Uncertain
Chile,1925,T+25,0.02447878558746675,1.8813226730149193,0.2831409433703618,0.2812691698965059,4.2,6.2,0.33448303604308005,13.6642005726925,Intermediate/Uncertain
Chile,1926,T+26,0.027786345947853966,1.754992877478424,0.28791604566407525,0.28791604566407525,4.2,6.0,0.348161727273519,12.529957264870545,Intermediate/Uncertain
Chile,1927,T+27,0.017013383940881706,2.1028254801575903,0.242868844768606,0.25598572724121704,4.0,6.0,0.24868383140930345,14.616952880945542,Standard Transplant
Chile,1928,T+28,0.022481733716484844,2.2353690970396816,0.2666191666071667,0.2871974002082153,4.0,5.2,0.3062893259810372,13.623919304606344,Standard Transplant
Chile,1929,T+29,0.024850390604870654,2.3194490186248977,0.28005467417664254,0.30163471892382904,4.0,5.0,0.3378968517143044,13.597245093124489,Standard Transplant
Chile,1930,T+30,0.012824863327002063,2.233795816541879,0.23640223514883849,0.23919677498464367,4.0,7.0,0.22618660898705417,17.636570715793155,Standard Transplant
Chile,1931,T+31,0.002615334417089535,2.8917987481842506,0.1614852441432826,0.1621064874641065,2.8,9.0,0.07329785597498341,28.026188733658255,Ruptured
Chile,1932,T+32,0.004518647605401158,2.1139048583131643,0.17093232381129592,0.16664143702011036,3.0,8.0,0.08545322421930354,18.911238866505315,Ruptured
Chile,1933,T+33,0.019037997119467794,1.965284648594193,0.2701947137269329,0.27030460705400566,3.8,6.4,0.27753252850370697,14.577821751002837,Intermediate/Uncertain
Chile,1934,T+34,0.021626982545540442,1.9101292495535478,0.2759754012666828,0.2697169166486996,3.8,5.8,0.2828538903420418,13.078749647410577,Intermediate/Uncertain
Chile,1935,T+35,0.025530074095009472,2.2276669409945464,0.31555152797225655,0.30178958615798085,4.0,5.8,0.3809206601530633,14.920468257768368,Standard Transplant
Chile,1936,T+36,0.02554921131793895,1.9983977957353736,0.2927586926664868,0.2877970505481066,4.0,5.6,0.33702035308693806,13.191027656118091,Intermediate/Uncertain
Chile,1937,T+37,0.04317230052398094,1.7640507362318127,0.3489591956665668,0.33466322815795735,4.0,5.0,0.4671352436687101,10.820253681159064,Intermediate/Uncertain
Chile,1938,T+38,0.0586786346709743,1.7942616865998116,0.36269435644624465,0.3549994026432815,5.0,5.0,0.6437813994025312,10.971308432999058,Intermediate/Uncertain
Chile,1939,T+39,0.060099920572750834,1.6207637088730735,0.35423267653972934,0.34284736119184084,5.0,5.0,0.6072386919978455,10.103818544365367,Intermediate/Uncertain
Chile,1940,T+40,0.060723903371885005,1.8171062159378573,0.37373433969440656,0.3629407155599521,4.8,4.8,0.6510883616544678,10.722109836501714,Intermediate/Uncertain
Chile,1941,T+41,0.06343312748708778,1.643167672515499,0.3655095234374967,0.3659925595596178,5.0,5.2,0.6688688301315276,10.544471897080594,Intermediate/Uncertain
Chile,1942,T+42,0.06784282052956332,1.6158879138108562,0.36861990965967356,0.3567452083811645,5.2,5.0,0.6838176097219286,10.07943956905428,Intermediate/Uncertain
Chile,1943,T+43,0.056357593119814135,1.7800544233253095,0.368883388247197,0.36202857196964067,4.6,5.0,0.6143131008440942,10.900272116626548,Intermediate/Uncertain
Chile,1944,T+44,0.06988090183471735,1.5255634205105995,0.36961275042078245,0.35251976105163074,5.0,4.8,0.6514789922998514,9.322704418450877,Intermediate/Uncertain
Chile,1945,T+45,0.0608852413251608,1.8405162319305959,0.37269343504605834,0.3660230061663841,5.0,5.0,0.6820718573701714,11.20258115965298,Intermediate/Uncertain
Chile,1946,T+46,0.07646028835580673,1.4546799476173444,0.3721274098355957,0.36642062290007027,5.2,5.0,0.7090468180127734,9.273399738086722,Intermediate/Uncertain
Chile,1947,T+47,0.04418488536841676,1.683560215733313,0.3272156302209676,0.3457651000289634,4.2,5.2,0.4751869294804513,10.754513121813227,Intermediate/Uncertain
Chile,1948,T+48,0.025032785939099318,1.8177939927285487,0.2725258409009709,0.29638681071323514,4.0,6.0,0.3230922592863252,12.906763956371293,Intermediate/Uncertain
Chile,1949,T+49,0.032964473767632486,1.6522238801082612,0.2844914485771513,0.3195544656619504,4.2,5.8,0.38182415390895647,11.582898504627915,Intermediate/Uncertain
Chile,1950,T+50,0.0461039704464026,1.7909494688572318,0.34016988101103574,0.35350498733419294,4.2,5.0,0.5050573478087765,10.95474734428616,Intermediate/Uncertain
Chile,1951,T+51,0.04497657312191122,1.8124137910532463,0.34531620838969,0.3483985903892126,4.0,4.8,0.4812307209660624,10.699586197055583,Intermediate/Uncertain
Chile,1952,T+52,0.03999722009065577,1.9883645918191162,0.3446029936602301,0.3465144891120221,4.0,5.0,0.4776397211785921,11.941822959095582,Intermediate/Uncertain
Chile,1953,T+53,0.02714135805215537,2.229314636833482,0.319712570725241,0.3107869491388553,4.2,6.0,0.41732247671956024,15.375887821000891,Standard Transplant
Chile,1954,T+54,0.025376695231584343,2.285278976405288,0.31527702063460455,0.31615875324574055,4.0,6.0,0.3987103590834728,15.711673858431729,Standard Transplant
Chile,1955,T+55,0.027720920665395356,2.4297312094139136,0.32318308837715415,0.32318308837715415,4.4,6.0,0.45956815789718,16.57838725648348,Standard Transplant
Chile,1956,T+56,0.02642949782738363,2.329934280189036,0.3166655237757059,0.317544720219356,4.2,6.0,0.4223329536319839,15.979605681134217,Standard Transplant
Chile,1957,T+57,0.023762279792422316,2.595880149390568,0.32172255301801567,0.32452554085160823,4.0,6.0,0.41762874208932693,17.575280896343408,Standard Transplant
Chile,1958,T+58,0.03795653771627057,2.131753972671331,0.340523011031341,0.33595595192625854,4.2,5.0,0.4804830757600861,12.658769863356653,Standard Transplant
Chile,1959,T+59,0.07728225894871744,1.5173476035503537,0.3796152549585324,0.36344083329095156,5.2,4.8,0.7174319598788473,9.283268497041696,Intermediate/Uncertain
Chile,1960,T+60,0.06451859788867294,1.638596960817394,0.3683656006386237,0.3455768351189456,5.0,4.8,0.6364930921769252,9.865265411923492,Intermediate/Uncertain
Chile,1961,T+61,0.06380750281741701,1.7028927593950238,0.374868597808399,0.35793965259903,5.0,5.0,0.6709016783491191,10.51446379697512,Intermediate/Uncertain
Chile,1962,T+62,0.06383706596404544,1.6529802630400645,0.36850386506168753,0.3670981655931471,5.0,5.2,0.6763854643906506,10.595497367808337,Intermediate/Uncertain
Chile,1963,T+63,0.06591851464554171,1.787456293171948,0.38607169353232046,0.37348987795155736,5.0,5.0,0.7209693484896872,10.93728146585974,Intermediate/Uncertain
Chile,1964,T+64,0.06441981339727791,1.853375299285064,0.3817067288592563,0.38029724214661026,5.0,5.0,0.7258100814698955,11.26687649642532,Intermediate/Uncertain
Chile,1965,T+65,0.05389336607254607,2.330470714254955,0.394424920871476,0.38582281735763774,5.0,5.2,0.7608906710334811,14.118447714125764,Standard Transplant
Chile,1966,T+66,0.05931013711846089,2.096388263180273,0.37845198233204486,0.37618106915281674,5.2,5.0,0.7403056509506921,12.481941315901365,Standard Transplant
Chile,1967,T+67,0.05398823117514038,2.2561028345356955,0.3937218402132933,0.37658671368336444,5.0,5.2,0.7413520695564544,13.731734739585617,Standard Transplant
Chile,1968,T+68,0.05597472531243849,1.8309406735336895,0.3401609405913407,0.35505791796335523,5.0,4.8,0.60388417669409,10.788515232961709,Intermediate/Uncertain
Chile,1969,T+69,0.049631802091574924,1.909679292446771,0.33427285113046407,0.35427579034694195,5.0,5.2,0.5921238926288541,11.93033232072321,Intermediate/Uncertain
Chile,1970,T+70,0.0394021264126686,2.181169411118724,0.2821782675180332,0.30035257594419384,6.0,5.0,0.5085178171470667,12.90584705559362,Standard Transplant
Chile,1971,T+71,0.03245227762737881,2.7404379212089442,0.2754607413456555,0.29755306424837397,6.0,4.8,0.4917851260051713,15.154102021802933,Standard Transplant
Chile,1972,T+72,0.010436498136055739,2.5039656047957206,0.19191112917522585,0.2123914581904384,5.0,7.0,0.20380142284249902,19.527759233570045,Standard Transplant
Chile,1973,T+73,0.00298862511132428,1.8109044701474455,0.13349104002634132,0.128019550448587,3.2,9.0,0.05468628138587697,18.29814023132701,Ruptured
Chile,1974,T+74,0.002298463153458937,2.790805215345564,0.13341380157243785,0.14610995875907642,3.0,8.4,0.058479255136921496,25.442763808902736,Ruptured
Chile,1975,T+75,0.0028413581496104408,3.031681670294558,0.15525437493304411,0.17159733524583132,2.8,8.0,0.07459546366654916,26.253453362356463,Ruptured
Chile,1976,T+76,0.004675808834030274,3.4874551968448286,0.18388285798103582,0.20987943042222024,3.2,7.0,0.12349833439190341,26.4121863779138,Ruptured
Chile,1977,T+77,0.004426285854598665,3.5071133072656777,0.18639818621415868,0.21015400105369422,3.0,7.0,0.11751697386617099,26.549793150859745,Ruptured
Chile,1978,T+78,0.004357287201625699,3.9145362113537794,0.18982134009215176,0.22214076979171474,3.2,7.4,0.13493458755508952,30.96756796401797,Ruptured
Chile,1979,T+79,0.007734722518204665,3.8284910539271215,0.24798738835274473,0.2903697254064217,2.6,5.8,0.1872208776366296,24.205248112777305,Failed Transplant
Chile,1980,T+80,0.009271956656734966,3.8479702441676964,0.24931613730380112,0.3014613668276431,3.0,5.8,0.22547755057137667,24.31822741617264,Failed Transplant
Chile,1981,T+81,0.011125717932797726,3.56350862914628,0.25090737624088794,0.2956348373582146,3.4,5.8,0.25220166864763427,22.668350049048424,Failed Transplant
Chile,1982,T+82,0.0030122593661639253,3.715844453149243,0.17463221858942543,0.20378504590877436,3.0,9.0,0.10676230404719154,35.44260007834319,Ruptured
Chile,1983,T+83,0.006506538102752245,2.365077958545976,0.18394881328352433,0.2035409233705879,3.8,8.4,0.14227622297287915,21.866654851786198,Standard Transplant
Chile,1984,T+84,0.012750896558840985,2.1585585468084947,0.23625553024778026,0.23668377355898484,4.0,7.2,0.22367140169289407,17.541621537021165,Standard Transplant
Chile,1985,T+85,0.014435444057730886,2.2896165071906696,0.24446121017000108,0.24701745286813867,4.2,6.8,0.25362197893727684,17.569392248896552,Standard Transplant
Chile,1986,T+86,0.014534378434015607,2.0757152381769517,0.24178389876167625,0.24217858122423205,4.0,6.8,0.23421952625986445,16.11486361960327,Standard Transplant
Chile,1987,T+87,0.019540559845673017,2.175430991780709,0.2698427530966823,0.2725068148264261,4.0,6.0,0.2941359566014825,15.052585950684254,Standard Transplant
Chile,1988,T+88,0.05374038747425332,1.5459624833740306,0.3275892857740503,0.3090868882129178,5.0,4.8,0.5062677647589673,9.420619920195346,Intermediate/Uncertain
Chile,1989,T+89,0.07134436632808297,1.843527528950951,0.398865980723026,0.3749154674776505,5.0,4.6,0.7477051281185241,10.480226633174373,Intermediate/Uncertain
Chile,1990,T+90,0.06356545054243579,2.2036546349190025,0.4066732719250738,0.4069667011605819,5.0,5.0,0.8275123996276379,13.018273174595013,Standard Transplant
Chile,1991,T+91,0.09214952156730893,2.0272749566844657,0.4291153327541651,0.4341717209362605,5.0,4.0,0.9315487125100597,10.109099826737863,Intermediate/Uncertain
Chile,1992,T+92,0.09607057871039948,2.040220576310316,0.43272168426928026,0.43382025496506776,5.2,4.0,0.9761618432727862,10.160882305241264,Intermediate/Uncertain
Chile,1993,T+93,0.09431158401838333,2.0073303166145817,0.42143081338773786,0.4316253587416277,5.2,4.0,0.9458811752689432,10.029321266458327,Intermediate/Uncertain
Chile,1994,T+94,0.08912553977084098,2.0775210588583692,0.4307715973356342,0.42662600238701237,5.0,4.0,0.918891822565847,10.310084235433477,Intermediate/Uncertain
Chile,1995,T+95,0.08970533215334185,2.075414115303257,0.4299101102748654,0.4299101102748654,5.0,4.0,0.9241135145827348,10.301656461213028,Intermediate/Uncertain
Chile,1996,T+96,0.08331745119983734,2.138303942380503,0.4285919896696682,0.42740097277414313,4.8,4.0,0.8792670398785042,10.553215769522012,Intermediate/Uncertain
Chile,1997,T+97,0.10047434725560832,1.8387750678100896,0.43410938162284957,0.43304643163886175,5.0,4.0,0.9399475932636393,9.355100271240358,Young Ancient Forest
Chile,1998,T+98,0.06742082929479906,2.2145823534021036,0.4121793202221145,0.41318169791202447,5.0,4.8,0.8515247568679867,12.629995296330097,Standard Transplant
Chile,1999,T+99,0.06215020281560695,2.309998647185751,0.411862345139988,0.40893994690232777,5.0,5.0,0.8421348277630745,13.549993235928754,Standard Transplant
Chile,2000,T+100,0.09880243317954446,1.9052558883257649,0.4339969746009001,0.4380586005781237,5.0,4.0,0.950580536744049,9.62102355330306,Young Ancient Forest
Chile,2001,T+101,0.10612618843899949,1.7748239349298847,0.4329323283340473,0.42870557531880044,5.0,3.8,0.9280025144627778,8.744330952733561,Young Ancient Forest
Chile,2002,T+102,0.10912462152763062,1.858384715283679,0.43187580506009365,0.4579428810596654,5.0,3.8,0.9888722521459086,9.06186191807798,Young Ancient Forest
Chile,2003,T+103,0.09884325560010891,2.0808276598507622,0.43873565562262273,0.46515008255792395,5.0,4.0,1.0203896321698394,10.323310639403049,Intermediate/Uncertain
Chile,2004,T+104,0.09181314473168736,2.151598243167158,0.4439640303064856,0.4564853114618839,5.0,4.2,1.013315293261647,11.036712621302064,Intermediate/Uncertain
Chile,2005,T+105,0.09442073410951636,2.0392630409047285,0.43750762154921397,0.4560131139284686,5.0,4.2,0.9975460643504752,10.56490477179986,Intermediate/Uncertain
Chile,2006,T+106,0.0825549459535054,1.9696129061315575,0.382392275232139,0.42653321878534584,5.0,4.0,0.8155150399670806,9.87845162452623,Young Ancient Forest
Chile,2007,T+107,0.09996123698522681,1.88542932776596,0.4232689269184525,0.4328727376595022,5.0,3.8,0.9161078958069515,9.164631445510647,Young Ancient Forest
Chile,2008,T+108,0.09707947983255542,1.5144615379731505,0.3890821653315029,0.4011690415706727,5.2,4.2,0.8116561406630614,8.360738459487234,Young Ancient Forest
Chile,2009,T+109,0.06553999634426731,1.8741664813991312,0.37005006789282646,0.40278026086005664,5.0,5.0,0.7452443143857717,11.370832406995657,Intermediate/Uncertain
Chile,2010,T+110,0.06186838735818841,1.7102631376487072,0.3493413436881938,0.3616123044661156,5.0,4.8,0.6316306416818853,10.209263060713795,Intermediate/Uncertain
Chile,2011,T+111,0.058345639532479315,1.696872122465332,0.32843374585128327,0.38802646192118434,4.8,5.0,0.6117167250153355,10.484360612326661,Intermediate/Uncertain
Chile,2012,T+112,0.06649484365162646,1.9738525147538253,0.3786382755731333,0.41688588292254586,5.0,5.0,0.7892447591028795,11.869262573769127,Intermediate/Uncertain
Chile,2013,T+113,0.08224111836232419,1.7998263805156314,0.3917341457234616,0.4164911723695659,5.0,4.4,0.8157690680477745,9.919236074268778,Young Ancient Forest
Chile,2014,T+114,0.10050059381255892,1.6034630491533006,0.4107407359462285,0.4117425266148572,5.0,4.0,0.8455971420107301,8.413852196613202,Young Ancient Forest
Chile,2015,T+115,0.07075206719450455,1.7215091489736554,0.3788489435818972,0.39620318442168845,5.0,5.0,0.7505057893097012,10.607545744868277,Intermediate/Uncertain
Chile,2016,T+116,0.06299990073540442,1.8813226730149186,0.3753582897270734,0.3988497620108004,4.8,5.0,0.7186155097268366,11.406613365074593,Intermediate/Uncertain
Chile,2017,T+117,0.06840601096887222,1.849831073368592,0.3948575537930073,0.4060060383500353,4.8,5.0,0.7695098454148073,11.24915536684296,Intermediate/Uncertain
Chile,2018,T+118,0.08574026799079268,1.7073371078963877,0.41690394280647985,0.41934874866814165,5.0,4.8,0.874140733653559,10.19521811790266,Young Ancient Forest
Chile,2019,T+119,0.018347237931933907,2.005889765166571,0.23455674771617613,0.2572279362377996,5.0,7.2,0.301672740728411,16.44240630919931,Standard Transplant
Chile,2020,T+120,0.024569755736180213,1.9032866310674275,0.27581884905784226,0.27977434005211704,5.0,7.2,0.3858351823454615,15.703663743685478,Intermediate/Uncertain
Chile,2021,T+121,0.04012004209913856,1.8258131749990194,0.3225427620323928,0.32228302976013695,5.0,6.0,0.5197502928750121,12.954879049994116,Intermediate/Uncertain
Chile,2022,T+122,0.03341628426909995,1.8627936010197157,0.2886321715212744,0.31373352269852944,5.0,6.2,0.45276793967747797,13.549320326322238,Intermediate/Uncertain
Chile,2023,T+123,0.03938236258324777,1.882775544243126,0.30872310560269794,0.3169531712178375,5.2,5.8,0.5088239902147712,12.92009815661013,Intermediate/Uncertain
Chile,2024,T+124,0.050523389592110377,1.852995885046699,0.3335981155838583,0.3412159227890546,5.0,5.0,0.5691449442481795,11.264979425233495,Intermediate/Uncertain
Chile,2025,T+125,0.04995874753778348,2.009314248692822,0.3343841654771075,0.374962688617346,4.8,5.0,0.601831611448146,12.046571243464111,Standard Transplant
China,1900,T+0,0.0028986534715335086,3.1399641717701177,0.14833388083261667,0.15619938587608445,3.0,7.0,0.06950898327201305,23.979749202390824,Ruptured
China,1901,T+1,0.0028986534715335086,3.1399641717701177,0.14833388083261667,0.15619938587608445,3.0,7.0,0.06950898327201305,23.979749202390824,Ruptured
China,1902,T+2,0.0028986534715335086,3.1399641717701177,0.14833388083261667,0.15619938587608445,3.0,7.0,0.06950898327201305,23.979749202390824,Ruptured
China,1903,T+3,0.004718637591794735,1.984313483298443,0.14961149362233334,0.16705505426439843,3.0,7.0,0.07498006855696979,15.890194383089101,Ruptured
China,1904,T+4,0.004718637591794735,1.984313483298443,0.14961149362233334,0.16705505426439843,3.0,7.0,0.07498006855696979,15.890194383089101,Ruptured
China,1905,T+5,0.004718637591794735,1.984313483298443,0.14961149362233334,0.16705505426439843,3.0,7.0,0.07498006855696979,15.890194383089101,Ruptured
China,1906,T+6,0.004718637591794735,1.984313483298443,0.14961149362233334,0.16705505426439843,3.0,7.0,0.07498006855696979,15.890194383089101,Ruptured
China,1907,T+7,0.004718637591794735,1.984313483298443,0.14961149362233334,0.16705505426439843,3.0,7.0,0.07498006855696979,15.890194383089101,Ruptured
China,1908,T+8,0.0022769534077132546,2.5495097567963922,0.13037743445513925,0.13037743445513925,3.0,8.0,0.050994826245312395,22.396078054371138,Ruptured
China,1909,T+9,0.0022769534077132546,2.5495097567963922,0.13037743445513925,0.13037743445513925,3.0,8.0,0.050994826245312395,22.396078054371138,Ruptured
China,1910,T+10,0.0022769534077132546,2.5495097567963922,0.13037743445513925,0.13037743445513925,3.0,8.0,0.050994826245312395,22.396078054371138,Ruptured
China,1911,T+11,0.0009815987194261944,2.6743866119168334,0.10605769244822806,0.10826462794354831,2.0,8.0,0.02296459322691737,23.395092895334667,Ruptured
China,1912,T+12,0.004903158314341783,1.920286436967152,0.1617248777171533,0.15605637706615222,3.0,7.0,0.07571459549401631,15.442005058770064,Ruptured
China,1913,T+13,0.004903158314341783,1.920286436967152,0.1617248777171533,0.15605637706615222,3.0,7.0,0.07571459549401631,15.442005058770064,Ruptured
China,1914,T+14,0.004093337040384199,2.8804296554507283,0.1890609082287978,0.15994961753652243,3.0,7.0,0.09072065988691133,22.163007588155097,Ruptured
China,1915,T+15,0.004093337040384199,2.8804296554507283,0.1890609082287978,0.15994961753652243,3.0,7.0,0.09072065988691133,22.163007588155097,Ruptured
China,1916,T+16,0.0014834565294648276,3.968626966596886,0.17167085782175168,0.14581740426723974,2.0,8.0,0.0500651977517964,33.74901573277509,Ruptured
China,1917,T+17,0.0015402879597770363,4.030644334346557,0.17316790930454465,0.1523013115943128,2.0,8.0,0.0527473994262543,34.24515467477246,Ruptured
China,1918,T+18,0.0013580048347502064,4.7549316504025585,0.17905713915561666,0.16986474677229685,2.0,9.0,0.060830991200881486,44.79438485362303,Ruptured
China,1919,T+19,0.00139248224278594,4.8504993299659365,0.18056053403868957,0.17604365343357306,2.0,9.0,0.06357307215617587,45.654493969693426,Ruptured
China,1920,T+20,0.00139248224278594,4.8504993299659365,0.18056053403868957,0.17604365343357306,2.0,9.0,0.06357307215617587,45.654493969693426,Ruptured
China,1921,T+21,0.0013035691811425236,4.663689526544408,0.1716218610611933,0.16700120673097252,2.0,9.0,0.05732211579726917,43.97320573889967,Ruptured
China,1922,T+22,0.0013035691811425236,4.663689526544408,0.1716218610611933,0.16700120673097252,2.0,9.0,0.05732211579726917,43.97320573889967,Ruptured
China,1923,T+23,0.0013035691811425236,4.663689526544408,0.1716218610611933,0.16700120673097252,2.0,9.0,0.05732211579726917,43.97320573889967,Ruptured
China,1924,T+24,0.0035352957134784356,3.639518340385167,0.19421554438045815,0.18880188071623807,3.0,8.0,0.11000478013007552,31.116146723081336,Ruptured
China,1925,T+25,0.0035352957134784356,3.639518340385167,0.19421554438045815,0.18880188071623807,3.0,8.0,0.11000478013007552,31.116146723081336,Ruptured
China,1926,T+26,0.005543916161698647,2.883140648667699,0.21837356586614806,0.21211198660275807,3.0,8.0,0.1389589526321907,25.065125189341593,Standard Transplant
China,1927,T+27,0.007952532703354548,2.4358969087381346,0.22805130188173517,0.22145004648480396,3.0,7.0,0.15150591420789095,19.051278361166943,Standard Transplant
China,1928,T+28,0.007952532703354548,2.4358969087381346,0.22805130188173517,0.22145004648480396,3.0,7.0,0.15150591420789095,19.051278361166943,Standard Transplant
China,1929,T+29,0.025327393525340153,1.3678792892649556,0.25808259528365357,0.25042727996903347,4.0,6.0,0.2585236893769371,10.207275735589734,Intermediate/Uncertain
China,1930,T+30,0.025327393525340153,1.3678792892649556,0.25808259528365357,0.25042727996903347,4.0,6.0,0.2585236893769371,10.207275735589734,Intermediate/Uncertain
China,1931,T+31,0.025327393525340153,1.3678792892649556,0.25808259528365357,0.25042727996903347,4.0,6.0,0.2585236893769371,10.207275735589734,Intermediate/Uncertain
China,1932,T+32,0.023720849190500964,1.775484088917724,0.2839541308604715,0.2642483482733613,4.0,6.0,0.30013764026110995,12.652904533506344,Intermediate/Uncertain
China,1933,T+33,0.023720849190500964,1.775484088917724,0.2839541308604715,0.2642483482733613,4.0,6.0,0.30013764026110995,12.652904533506344,Intermediate/Uncertain
China,1934,T+34,0.023720849190500964,1.775484088917724,0.2839541308604715,0.2642483482733613,4.0,6.0,0.30013764026110995,12.652904533506344,Intermediate/Uncertain
China,1935,T+35,0.024842217762063877,1.6092991486979666,0.27887068820291894,0.2595789080304733,4.0,6.0,0.28955579490168115,11.6557948921878,Intermediate/Uncertain
China,1936,T+36,0.024842217762063877,1.6092991486979666,0.27887068820291894,0.2595789080304733,4.0,6.0,0.28955579490168115,11.6557948921878,Intermediate/Uncertain
China,1937,T+37,0.003537974462022126,2.0757152381769517,0.15083440045252275,0.1454720513608696,3.0,8.0,0.06582656894884609,18.605721905415614,Ruptured
China,1938,T+38,0.0031504363863581963,1.8540496217739157,0.1381711977972561,0.12793162092273874,3.0,8.0,0.053029395897117956,16.832396974191326,Ruptured
China,1939,T+39,0.0028510285544685585,1.8540496217739157,0.1290457182563124,0.12396031696366692,3.0,8.0,0.047989644413569635,16.832396974191326,Ruptured
China,1940,T+40,0.00261534866654274,1.984313483298443,0.12735920402579876,0.12235228873864186,3.0,8.0,0.04674807031346438,17.874507866387546,Ruptured
China,1941,T+41,0.0020425387561238332,2.1323402636539974,0.12253091482551055,0.11774869561610854,3.0,9.0,0.04328356618005709,21.191062372885977,Ruptured
China,1942,T+42,0.0020425387561238332,2.1323402636539974,0.12253091482551055,0.11774869561610854,3.0,9.0,0.04328356618005709,21.191062372885977,Ruptured
China,1943,T+43,0.002193767114485592,1.8027756377319946,0.11774541634145956,0.11318590184067444,3.0,9.0,0.039981363408641356,18.224980739587952,Ruptured
China,1944,T+44,0.002193767114485592,1.8027756377319946,0.11774541634145956,0.11318590184067444,3.0,9.0,0.039981363408641356,18.224980739587952,Ruptured
China,1945,T+45,0.0031788918468979768,2.0453835214941964,0.14230270622034322,0.13673716929755741,3.0,8.0,0.05837420769585494,18.36306817195357,Ruptured
China,1946,T+46,0.0024919686918999104,2.091650066335189,0.13094818812967243,0.1188321118662937,3.0,8.0,0.046682549221541116,18.73320053068151,Ruptured
China,1947,T+47,0.0018704871662362503,2.345207879911715,0.12350658225510304,0.10481067366517045,3.0,8.0,0.038834424264720405,20.76166303929372,Ruptured
China,1948,T+48,0.0015668007001124642,1.7677669529663689,0.09895863905643588,0.09452180615954821,3.0,9.0,0.028061247896115388,17.90990257669732,Ruptured
China,1949,T+49,0.016075850586094717,2.0757152381769517,0.21913101283326092,0.21207863399807722,5.0,6.0,0.23236502934146552,14.45429142906171,Standard Transplant
China,1950,T+50,0.030329006239999307,1.7309228030157786,0.23594719368110048,0.22826001156347991,6.0,5.0,0.3231438549481118,10.654614015078893,Intermediate/Uncertain
China,1951,T+51,0.030329006239999307,1.7309228030157786,0.23594719368110048,0.22826001156347991,6.0,5.0,0.3231438549481118,10.654614015078893,Intermediate/Uncertain
China,1952,T+52,0.059460059664472924,1.3693063937629153,0.2960898846322914,0.2960898846322914,6.0,5.0,0.5260153186893819,8.846531968814578,Intermediate/Uncertain
China,1953,T+53,0.059460059664472924,1.3693063937629153,0.2960898846322914,0.2960898846322914,6.0,5.0,0.5260153186893819,8.846531968814578,Intermediate/Uncertain
China,1954,T+54,0.059460059664472924,1.3693063937629153,0.2960898846322914,0.2960898846322914,6.0,5.0,0.5260153186893819,8.846531968814578,Intermediate/Uncertain
China,1955,T+55,0.07309892121255229,1.8498310733685928,0.3702028997429683,0.3702028997429683,6.0,5.0,0.8223011218686136,11.249155366842963,Intermediate/Uncertain
China,1956,T+56,0.07309892121255229,1.8498310733685928,0.3702028997429683,0.3702028997429683,6.0,5.0,0.8223011218686136,11.249155366842963,Intermediate/Uncertain
China,1957,T+57,0.02164207267595097,2.6743866119168334,0.23547133316158816,0.23547133316158816,6.0,5.0,0.3326804924453739,15.371933059584167,Standard Transplant
China,1958,T+58,0.02289851530671683,2.060605190229317,0.2503632784044007,0.2503632784044007,6.0,7.0,0.37609062704039675,16.42423633160522,Standard Transplant
China,1959,T+59,0.003829031031541743,3.295356581616017,0.17408350407355583,0.17408350407355583,4.0,9.0,0.12122026556211092,31.658209234544152,Ruptured
China,1960,T+60,0.0007426650108623406,5.0295998846826775,0.13935280505184594,0.13935280505184594,2.0,10.0,0.03883840855163556,52.29599884682678,Ruptured
China,1961,T+61,0.003900554051242259,3.61420807370024,0.17362345726723977,0.17362345726723977,4.0,8.0,0.12058041965371613,30.91366458960192,Ruptured
China,1962,T+62,0.018777814187785718,2.358495283014151,0.2462843663324265,0.2462843663324265,5.0,6.0,0.3032799454988243,16.150971698084906,Standard Transplant
China,1963,T+63,0.024824127503988602,2.03100960115899,0.2576912443321518,0.27331662255473377,5.0,6.0,0.35215650281395205,14.186057606953941,Standard Transplant
China,1964,T+64,0.05865067599952409,1.7666617531378213,0.3254179062936447,0.3254179062936447,6.0,5.0,0.635380882419236,10.833308765689106,Intermediate/Uncertain
China,1965,T+65,0.07619342165517982,1.529654781315052,0.33990785989777794,0.3604579793229056,6.0,5.0,0.7351350020083579,9.64827390657526,Intermediate/Uncertain
China,1966,T+66,0.002639859188621559,4.197748652551746,0.13239365581438248,0.12515701803285387,5.0,7.0,0.08284997584098058,31.38424056786222,Ruptured
China,1967,T+67,0.0007558405432881065,3.9350190596742984,0.08287548711726653,0.07633637375209515,4.0,8.0,0.025305656637882416,33.480152477394384,Ruptured
China,1968,T+68,0.0006728540279322781,4.910129835350589,0.08684437058228457,0.07995945208859456,4.0,8.0,0.027776113154953336,41.28103868280471,Ruptured
China,1969,T+69,0.000690914247391495,4.860555523805895,0.0875815532481592,0.08063240471376344,4.0,8.0,0.02824764498786238,40.88444419044716,Ruptured
China,1970,T+70,0.0025584068546758033,3.3634060117684275,0.11432544832915782,0.11432544832915782,5.0,7.0,0.06535154067831467,25.543842082378994,Ruptured
China,1971,T+71,0.002615909339395604,3.3517719194479807,0.11541866309401312,0.11541866309401312,5.0,7.0,0.06660733895204653,25.462403436135865,Ruptured
China,1972,T+72,0.007647084093443193,2.228192933746986,0.1533161704658455,0.1533161704658455,5.0,6.0,0.11752924063156098,15.369157602481916,Standard Transplant
China,1973,T+73,0.008217666557096324,2.2878756522153907,0.1607739584125643,0.1607739584125643,5.0,6.0,0.12924132851822479,15.727253913292344,Standard Transplant
China,1974,T+74,0.008217666557096324,2.2878756522153907,0.1607739584125643,0.1607739584125643,5.0,6.0,0.12924132851822479,15.727253913292344,Standard Transplant
China,1975,T+75,0.013010012071541717,1.8200274723201295,0.18335293859418675,0.18335293859418675,5.0,6.0,0.1680915004556181,12.920164833920778,Intermediate/Uncertain
China,1976,T+76,0.007253039660417601,2.358495283014151,0.15306445588737577,0.15306445588737577,5.0,6.0,0.11714363828049203,16.150971698084906,Standard Transplant
China,1977,T+77,0.04895701829250975,1.1575161985907585,0.28626244919796945,0.26636867405740366,5.0,5.0,0.38125674512644003,7.787580992953792,Intermediate/Uncertain
China,1978,T+78,0.06746650206668243,1.2183492931011204,0.3058218491613058,0.29751625613367977,6.0,5.0,0.5459218296381039,8.0917464655056,Intermediate/Uncertain
China,1979,T+79,0.1484517334322844,0.75,0.35661220985274006,0.3469028105103914,6.0,4.0,0.7422586671614221,5.0,Young Ancient Forest
China,1980,T+80,0.11314411188567,1.25,0.37547060845155017,0.35156270795999783,6.0,4.0,0.79200878319969,7.0,Young Ancient Forest
China,1981,T+81,0.11314411188567,1.25,0.37547060845155017,0.35156270795999783,6.0,4.0,0.79200878319969,7.0,Young Ancient Forest
China,1982,T+82,0.11777200749171006,1.197327753791751,0.3772736575848351,0.3532320070884705,6.0,4.0,0.799590787741798,6.789311015167004,Young Ancient Forest
China,1983,T+83,0.1376391906164678,1.1439378261076953,0.38839007180003865,0.38839007180003865,6.0,4.0,0.905081087237035,6.575751304430781,Young Ancient Forest
China,1984,T+84,0.1376391906164678,1.1439378261076953,0.38839007180003865,0.38839007180003865,6.0,4.0,0.905081087237035,6.575751304430781,Young Ancient Forest
China,1985,T+85,0.1376391906164678,1.1439378261076953,0.38839007180003865,0.38839007180003865,6.0,4.0,0.905081087237035,6.575751304430781,Young Ancient Forest
China,1986,T+86,0.11791626713874512,1.1709371246996996,0.35188093860883757,0.3732904073502775,6.0,4.0,0.7881226734725457,6.683748498798798,Young Ancient Forest
China,1987,T+87,0.11791626713874512,1.1709371246996996,0.35188093860883757,0.3732904073502775,6.0,4.0,0.7881226734725457,6.683748498798798,Young Ancient Forest
China,1988,T+88,0.04355059920471473,1.4128318194321643,0.2757653689521758,0.2757653689521758,6.0,6.0,0.45627923227997785,10.476990916592985,Intermediate/Uncertain
China,1989,T+89,0.0069206290007954975,3.1318674540918874,0.18196851766590952,0.18196851766590952,5.0,7.0,0.16556270710764212,23.92307217864321,Standard Transplant
China,1990,T+90,0.008353006854559251,3.3018697354680726,0.19088701208226705,0.19088701208226705,5.0,6.0,0.18218925690847781,21.811218412808437,Standard Transplant
China,1991,T+91,0.01601503949819916,2.2698774746668597,0.22367080429665925,0.22367080429665925,5.0,6.0,0.25014314347357225,15.619264848001158,Standard Transplant
China,1992,T+92,0.12751343752938407,1.27322179921646,0.38825215785631734,0.38825215785631734,6.0,4.0,0.9044384284805205,7.09288719686584,Young Ancient Forest
China,1993,T+93,0.12751343752938407,1.27322179921646,0.38825215785631734,0.38825215785631734,6.0,4.0,0.9044384284805205,7.09288719686584,Young Ancient Forest
China,1994,T+94,0.126763987046603,1.299038105676658,0.3899172930458809,0.3899172930458809,6.0,4.0,0.9122129724973642,7.196152422706632,Young Ancient Forest
China,1995,T+95,0.126763987046603,1.299038105676658,0.3899172930458809,0.3899172930458809,6.0,4.0,0.9122129724973642,7.196152422706632,Young Ancient Forest
China,1996,T+96,0.1085456442940744,1.5,0.38043071080741175,0.38043071080741175,6.0,4.0,0.8683651543525952,8.0,Young Ancient Forest
China,1997,T+97,0.07118118828990373,1.8157298807917437,0.3625353843008558,0.3625353843008558,6.0,5.0,0.7885914292210152,11.078649403958718,Intermediate/Uncertain
China,1998,T+98,0.11870986810103512,1.3635890143294642,0.38403680907398163,0.38403680907398163,6.0,4.0,0.884905624342355,7.454356057317857,Young Ancient Forest
China,1999,T+99,0.3882766824060807,0.21650635094610965,0.39871415386983505,0.39871415386983505,7.0,4.0,1.1128108354729696,2.8660254037844384,Deep Ancient Forest
China,2000,T+100,0.16883191178859183,1.3863170633011772,0.43896154836118617,0.4145765220218412,7.0,4.0,1.2738820641463198,7.545268253204709,Deep Ancient Forest
China,2001,T+101,0.16883191178859183,1.3863170633011772,0.43896154836118617,0.4145765220218412,7.0,4.0,1.2738820641463198,7.545268253204709,Deep Ancient Forest
China,2002,T+102,0.16883191178859183,1.3863170633011772,0.43896154836118617,0.4145765220218412,7.0,4.0,1.2738820641463198,7.545268253204709,Deep Ancient Forest
China,2003,T+103,0.2760464866017581,1.4670868242881878,0.5024291653495576,0.5024291653495576,7.0,3.0,1.7670454633569717,6.401260472864563,Deep Ancient Forest
China,2004,T+104,0.2760464866017581,1.4670868242881878,0.5024291653495576,0.5024291653495576,7.0,3.0,1.7670454633569717,6.401260472864563,Deep Ancient Forest
China,2005,T+105,0.20241358239244828,1.5995604865087159,0.4927935293660655,0.4927935293660655,7.0,4.0,1.699918238095443,8.398241946034863,Deep Ancient Forest
China,2006,T+106,0.1924060568537547,1.3448396744593758,0.4503702142460724,0.4503702142460724,7.0,4.0,1.4198333091603719,7.379358697837503,Deep Ancient Forest
China,2007,T+107,0.1489408103717154,1.709349291397168,0.4336307012423421,0.4336307012423421,7.0,4.0,1.3162490954194774,8.837397165588673,Young Ancient Forest
China,2008,T+108,0.1052500227864755,2.011684617428885,0.4258016481030496,0.4258016481030496,7.0,5.0,1.269149304690913,12.058423087144426,Intermediate/Uncertain
China,2009,T+109,0.1910966891328868,1.3213984069916234,0.4459745061054586,0.4459745061054586,7.0,4.0,1.392252820672054,7.2855936279664935,Deep Ancient Forest
China,2010,T+110,0.2051745179150734,1.243734296383275,0.45215031864093175,0.45215031864093175,7.0,4.0,1.4310793745296726,6.9749371855331,Deep Ancient Forest
China,2011,T+111,0.1924060568537547,1.3448396744593758,0.4503702142460724,0.4503702142460724,7.0,4.0,1.4198333091603719,7.379358697837503,Deep Ancient Forest
China,2012,T+112,0.1924060568537547,1.3448396744593758,0.4503702142460724,0.4503702142460724,7.0,4.0,1.4198333091603719,7.379358697837503,Deep Ancient Forest
China,2013,T+113,0.1924060568537547,1.3448396744593758,0.4503702142460724,0.4503702142460724,7.0,4.0,1.4198333091603719,7.379358697837503,Deep Ancient Forest
China,2014,T+114,0.11789469315078789,1.869784412706449,0.3877484881509329,0.41173229511570103,7.0,4.0,1.1175400246781875,9.479137650825795,Young Ancient Forest
China,2015,T+115,0.11789469315078789,1.869784412706449,0.3877484881509329,0.41173229511570103,7.0,4.0,1.1175400246781875,9.479137650825795,Young Ancient Forest
China,2016,T+116,0.13073340542176753,1.6723860200324565,0.3909253810215712,0.41513720458777187,7.0,4.0,1.1360136891579327,8.689544080129826,Young Ancient Forest
China,2017,T+117,0.13073340542176753,1.6723860200324565,0.3909253810215712,0.41513720458777187,7.0,4.0,1.1360136891579327,8.689544080129826,Young Ancient Forest
China,2018,T+118,0.08884447642359243,1.6189792308735773,0.35794567891657836,0.35794567891657836,7.0,5.0,0.8968757633853515,10.094896154367886,Young Ancient Forest
China,2019,T+119,0.04185623342264078,2.407670035532278,0.33871533301503165,0.33871533301503165,6.0,6.0,0.6883684609169027,16.44602021319367,Standard Transplant
China,2020,T+120,0.04080863811972485,2.3774658252012792,0.3326018969818026,0.3326018969818026,6.0,6.0,0.6637441312553618,16.264794951207676,Standard Transplant
China,2021,T+121,0.03300373607993727,2.6427968139832467,0.30429647527406767,0.3227885365189174,6.0,6.0,0.5893404835294875,17.856780883899482,Standard Transplant
China,2022,T+122,0.026121443087892937,2.855230945125105,0.30041435372028497,0.31862778165923294,6.0,7.0,0.5743221546269193,21.986616615875736,Standard Transplant
China,2023,T+123,0.04243622440844791,2.384848003542364,0.33963120173875666,0.33963120173875666,6.0,6.0,0.6920961191670721,16.309088021254183,Standard Transplant
China,2024,T+124,0.04224820424718432,2.341874249399399,0.33618851312754383,0.33618851312754383,6.0,6.0,0.6781362981534523,16.051245496396394,Standard Transplant
China,2025,T+125,0.04224820424718432,2.341874249399399,0.33618851312754383,0.33618851312754383,6.0,6.0,0.6781362981534523,16.051245496396394,Standard Transplant
Colombia,1900,T+0,0.001830926398356999,1.8445866745696717,0.1306690145752553,0.11739689163746554,2.0,8.0,0.0306802722889313,16.756693396557374,Ruptured
Colombia,1901,T+1,0.001830926398356999,1.8445866745696717,0.1306690145752553,0.11739689163746554,2.0,8.0,0.0306802722889313,16.756693396557374,Ruptured
Colombia,1902,T+2,0.0018308347948297055,1.8342232688525135,0.13033853245362836,0.11710638163480912,2.0,8.0,0.030526947846471114,16.673786150820106,Ruptured
Colombia,1903,T+3,0.002808702793537901,1.7900768139943044,0.1507147917014358,0.13539467945759565,2.0,7.0,0.0408119618238684,14.530537697960131,Ruptured
Colombia,1904,T+4,0.008455539750811954,1.6560495161679194,0.1988768159493608,0.16916306391213082,3.0,6.0,0.10092783458124839,11.936297097007516,Intermediate/Uncertain
Colombia,1905,T+5,0.011848695989276412,2.013664259503058,0.23141817221895172,0.20596750431491279,3.0,5.0,0.1429938701551685,12.06832129751529,Standard Transplant
Colombia,1906,T+6,0.013043714999824168,2.063333165051151,0.2385844865719454,0.22445588853526807,3.0,5.0,0.1606550787727102,12.316665825255756,Standard Transplant
Colombia,1907,T+7,0.012903704550064145,2.1008554805126414,0.239104157852197,0.22493893130660808,3.0,5.0,0.16135150121471914,12.504277402563208,Standard Transplant
Colombia,1908,T+8,0.013066695641665614,2.102936934384862,0.24071928030584638,0.22644021347422486,3.0,5.0,0.16352557565945286,12.51468467192431,Standard Transplant
Colombia,1909,T+9,0.01307329763632207,2.122756168286881,0.2417375438608073,0.2273867057439241,3.0,5.0,0.16490371125940903,12.613780841434405,Standard Transplant
Colombia,1910,T+10,0.018149354501637228,1.9748022052853802,0.2646894416522426,0.24431248319713483,3.0,4.4,0.19400080429836758,10.689129703255674,Intermediate/Uncertain
Colombia,1911,T+11,0.018149354501637228,1.9748022052853802,0.2646894416522426,0.24431248319713483,3.0,4.4,0.19400080429836758,10.689129703255674,Intermediate/Uncertain
Colombia,1912,T+12,0.01708356978999557,2.026349858736146,0.2642808138723113,0.24394086376937804,3.0,4.6,0.19340667004105755,11.32120935018627,Standard Transplant
Colombia,1913,T+13,0.016975489345002467,2.0420195273307256,0.2642808138723113,0.24394086376937804,3.0,4.6,0.19340667004105755,11.393289825721336,Standard Transplant
Colombia,1914,T+14,0.016975489345002467,2.0420195273307256,0.2642808138723113,0.24394086376937804,3.0,4.6,0.19340667004105755,11.393289825721336,Standard Transplant
Colombia,1915,T+15,0.016975489345002467,2.0420195273307256,0.2642808138723113,0.24394086376937804,3.0,4.6,0.19340667004105755,11.393289825721336,Standard Transplant
Colombia,1916,T+16,0.016975489345002467,2.0420195273307256,0.2642808138723113,0.24394086376937804,3.0,4.6,0.19340667004105755,11.393289825721336,Standard Transplant
Colombia,1917,T+17,0.016975489345002467,2.0420195273307256,0.2642808138723113,0.24394086376937804,3.0,4.6,0.19340667004105755,11.393289825721336,Standard Transplant
Colombia,1918,T+18,0.015093786827273867,2.147345745333061,0.2634803579599781,0.2432129030611369,3.0,5.0,0.19224546827710143,12.736728726665305,Standard Transplant
Colombia,1919,T+19,0.015093786827273867,2.147345745333061,0.2634803579599781,0.2432129030611369,3.0,5.0,0.19224546827710143,12.736728726665305,Standard Transplant
Colombia,1920,T+20,0.015177298188972477,2.1333292643190362,0.2634803579599781,0.2432129030611369,3.0,5.0,0.19224546827710143,12.66664632159518,Standard Transplant
Colombia,1921,T+21,0.015177298188972477,2.1333292643190362,0.2634803579599781,0.2432129030611369,3.0,5.0,0.19224546827710143,12.66664632159518,Standard Transplant
Colombia,1922,T+22,0.015177298188972477,2.1333292643190362,0.2634803579599781,0.2432129030611369,3.0,5.0,0.19224546827710143,12.66664632159518,Standard Transplant
Colombia,1923,T+23,0.015154452065215752,2.150544989066725,0.2641802268752088,0.24384938667423475,3.0,5.0,0.1932605588849396,12.752724945333625,Standard Transplant
Colombia,1924,T+24,0.01513853159747372,2.159861106645518,0.26452574984373867,0.2441636165287577,3.0,5.0,0.1937626912404861,12.79930553322759,Standard Transplant
Colombia,1925,T+25,0.015119723318644546,2.1696413874186673,0.2648684288567321,0.24447525999737924,3.0,5.0,0.19426133402954077,12.848206937093337,Standard Transplant
Colombia,1926,T+26,0.015119723318644546,2.1696413874186673,0.2648684288567321,0.24447525999737924,3.0,5.0,0.19426133402954077,12.848206937093337,Standard Transplant
Colombia,1927,T+27,0.015119723318644546,2.1696413874186673,0.2648684288567321,0.24447525999737924,3.0,5.0,0.19426133402954077,12.848206937093337,Standard Transplant
Colombia,1928,T+28,0.010366970389460864,2.1601142909577726,0.23728116459652784,0.21788073851248865,3.0,6.0,0.1550969861321846,14.960685745746636,Standard Transplant
Colombia,1929,T+29,0.0098031727268278,2.1696413874186673,0.23058135994058762,0.2128280753026849,3.0,6.0,0.14722256111049264,15.017848324512004,Standard Transplant
Colombia,1930,T+30,0.014892610041936802,1.9782805033664967,0.252805570274971,0.2335049030529282,3.0,5.0,0.177094020534892,11.891402516832484,Intermediate/Uncertain
Colombia,1931,T+31,0.014222491226146411,2.043549302072255,0.25040095318909344,0.23131806586437917,3.0,5.0,0.17376679254689414,12.217746510361273,Standard Transplant
Colombia,1932,T+32,0.009875468434614957,2.045727254547878,0.2228856614048015,0.20477692850721127,3.0,5.8,0.13692552345232062,13.865218076377692,Standard Transplant
Colombia,1933,T+33,0.013703817230017075,2.0048378986840807,0.24738323345748311,0.2220270318430783,3.0,5.0,0.1647772951569248,12.024189493420403,Standard Transplant
Colombia,1934,T+34,0.014428746688109971,1.975949139021549,0.24938069626088863,0.22911401981511678,3.0,5.0,0.17140984135387455,11.879745695107744,Intermediate/Uncertain
Colombia,1935,T+35,0.0149316863184647,1.9506409203131163,0.25087111134349743,0.233181045846582,3.0,5.0,0.17549516434731316,11.753204601565582,Intermediate/Uncertain
Colombia,1936,T+36,0.024879964618069,2.0065128332507616,0.2789345124836588,0.2504180828274307,4.0,4.6,0.2794009834022475,11.229959032953502,Standard Transplant
Colombia,1937,T+37,0.024879964618069,2.0065128332507616,0.2789345124836588,0.2504180828274307,4.0,4.6,0.2794009834022475,11.229959032953502,Standard Transplant
Colombia,1938,T+38,0.024879964618069,2.0065128332507616,0.2789345124836588,0.2504180828274307,4.0,4.6,0.2794009834022475,11.229959032953502,Standard Transplant
Colombia,1939,T+39,0.024879964618069,2.0065128332507616,0.2789345124836588,0.2504180828274307,4.0,4.6,0.2794009834022475,11.229959032953502,Standard Transplant
Colombia,1940,T+40,0.024879964618069,2.0065128332507616,0.2789345124836588,0.2504180828274307,4.0,4.6,0.2794009834022475,11.229959032953502,Standard Transplant
Colombia,1941,T+41,0.024879964618069,2.0065128332507616,0.2789345124836588,0.2504180828274307,4.0,4.6,0.2794009834022475,11.229959032953502,Standard Transplant
Colombia,1942,T+42,0.02350366116927512,2.051790376719805,0.27847254229068635,0.25001148399659673,4.0,4.8,0.27848533420159816,11.848593808255064,Standard Transplant
Colombia,1943,T+43,0.02350366116927512,2.051790376719805,0.27847254229068635,0.25001148399659673,4.0,4.8,0.27848533420159816,11.848593808255064,Standard Transplant
Colombia,1944,T+44,0.02350366116927512,2.051790376719805,0.27847254229068635,0.25001148399659673,4.0,4.8,0.27848533420159816,11.848593808255064,Standard Transplant
Colombia,1945,T+45,0.02350366116927512,2.051790376719805,0.27847254229068635,0.25001148399659673,4.0,4.8,0.27848533420159816,11.848593808255064,Standard Transplant
Colombia,1946,T+46,0.010111001199508128,2.134098170188054,0.231744169861318,0.21530813833839768,3.0,6.0,0.14968921735085336,14.804589021128326,Standard Transplant
Colombia,1947,T+47,0.007949457581260906,2.1388884379508903,0.21618630777271558,0.19754370767640791,3.0,6.6,0.12811873435888582,16.116663690475875,Standard Transplant
Colombia,1948,T+48,0.003737660305825248,1.8764577666443762,0.14987389922957045,0.1414162497451918,3.0,8.0,0.06358381429120394,17.01166213315501,Ruptured
Colombia,1949,T+49,0.0063916911337970565,1.911110606427582,0.18592447000137594,0.17621848144128555,3.0,7.0,0.09828998329925495,15.377774244993073,Intermediate/Uncertain
Colombia,1950,T+50,0.0063916911337970565,1.911110606427582,0.18592447000137594,0.17621848144128555,3.0,7.0,0.09828998329925495,15.377774244993073,Intermediate/Uncertain
Colombia,1951,T+51,0.0063916911337970565,1.911110606427582,0.18592447000137594,0.17621848144128555,3.0,7.0,0.09828998329925495,15.377774244993073,Intermediate/Uncertain
Colombia,1952,T+52,0.0063916911337970565,1.911110606427582,0.18592447000137594,0.17621848144128555,3.0,7.0,0.09828998329925495,15.377774244993073,Intermediate/Uncertain
Colombia,1953,T+53,0.009019040093121043,1.825342433627181,0.19898411527422924,0.1956858039993224,3.0,6.0,0.11681509974159418,12.952054601763086,Intermediate/Uncertain
Colombia,1954,T+54,0.010200839722168028,1.8271819148623378,0.20772938918033426,0.20022668776674574,3.0,5.6,0.12477890264216279,12.23221872322909,Intermediate/Uncertain
Colombia,1955,T+55,0.00961829239712419,1.8850978091335207,0.20741178316618322,0.19992247637804755,3.0,5.8,0.12439883196170995,12.93356729297442,Intermediate/Uncertain
Colombia,1956,T+56,0.008680152022036293,1.8203279237543988,0.19850797737239492,0.19365264953262004,3.0,6.2,0.11532478731457699,13.286033127277273,Intermediate/Uncertain
Colombia,1957,T+57,0.009065015455433669,1.82101448374251,0.20009764061633956,0.19519666696737245,3.0,6.0,0.11717517754903384,12.92608690245506,Intermediate/Uncertain
Colombia,1958,T+58,0.013153894192007694,2.038956534602933,0.2477425489763155,0.21582738698995,3.0,5.0,0.16040888097536365,12.194782673014664,Standard Transplant
Colombia,1959,T+59,0.013153894192007694,2.038956534602933,0.2477425489763155,0.21582738698995,3.0,5.0,0.16040888097536365,12.194782673014664,Standard Transplant
Colombia,1960,T+60,0.013059319707414148,1.9025886970125727,0.23437873287833375,0.21382942598703306,3.0,5.0,0.15035120974482677,11.512943485062863,Intermediate/Uncertain
Colombia,1961,T+61,0.01275647401125371,1.9399983891745889,0.23351201372563962,0.21305205502155317,3.0,5.0,0.14925064318940595,11.699991945872945,Intermediate/Uncertain
Colombia,1962,T+62,0.012423555787001111,1.9855336184512213,0.23266899505375466,0.21229594130600452,3.0,5.0,0.14818404995297688,11.927668092256107,Intermediate/Uncertain
Colombia,1963,T+63,0.01000104157318745,2.178266225694187,0.23121599729864525,0.21099272992061113,3.0,5.8,0.14635468341407343,14.633944109026285,Standard Transplant
Colombia,1964,T+64,0.009379618834211855,2.2502430424289726,0.2304523387283711,0.21030779524687548,3.0,6.0,0.14539776980234959,15.501458254573835,Standard Transplant
Colombia,1965,T+65,0.009379618834211855,2.2502430424289726,0.2304523387283711,0.21030779524687548,3.0,6.0,0.14539776980234959,15.501458254573835,Standard Transplant
Colombia,1966,T+66,0.009330198710671582,2.22229470367906,0.22727963328090114,0.20982537741443014,3.0,6.0,0.14306710449533508,15.333768222074362,Standard Transplant
Colombia,1967,T+67,0.009559690332922598,2.2385472409578493,0.22820962286036556,0.21547191179161174,3.0,6.0,0.14751829118089702,15.431283445747095,Standard Transplant
Colombia,1968,T+68,0.009335618236748309,2.3782543493074915,0.2291158562516955,0.22097420785050045,3.0,6.0,0.15188608452362262,16.26952609584495,Standard Transplant
Colombia,1969,T+69,0.009335618236748309,2.3782543493074915,0.2291158562516955,0.22097420785050045,3.0,6.0,0.15188608452362262,16.26952609584495,Standard Transplant
Colombia,1970,T+70,0.00944412792118224,2.361375393705965,0.22855323816942322,0.2226979948507243,3.0,6.0,0.15269504357091174,16.16825236223579,Standard Transplant
Colombia,1971,T+71,0.009448986087346697,2.3371657515033033,0.2275802998100611,0.22175477156813134,3.0,6.0,0.1514010521933608,16.02299450901982,Standard Transplant
Colombia,1972,T+72,0.009361574585648753,2.3406396027581864,0.2266701721905641,0.22087244068603587,3.0,6.0,0.1501955824873617,16.04383761654912,Standard Transplant
Colombia,1973,T+73,0.009381505170317916,2.2792199871885996,0.22428410429940066,0.21855924708323832,3.0,6.0,0.14705809490524652,15.675319923131598,Standard Transplant
Colombia,1974,T+74,0.009234164782490674,2.278671487950819,0.22248791440904858,0.21681791567386835,3.0,6.0,0.1447180975943878,15.672028927704915,Standard Transplant
Colombia,1975,T+75,0.008983139718661947,2.2988788028080123,0.22156791034720164,0.21343821270022614,3.0,6.0,0.14187317632869198,15.793272816848074,Standard Transplant
Colombia,1976,T+76,0.008983139718661947,2.2988788028080123,0.22156791034720164,0.21343821270022614,3.0,6.0,0.14187317632869198,15.793272816848074,Standard Transplant
Colombia,1977,T+77,0.008865278778046003,2.313243123841504,0.2207061462959206,0.21261427009658163,3.0,6.0,0.1407758286016096,15.879458743049025,Standard Transplant
Colombia,1978,T+78,0.007631699925730504,2.40828647589941,0.21692306487513452,0.20420611048009957,3.0,6.4,0.13289104605472057,17.413033445756227,Standard Transplant
Colombia,1979,T+79,0.0070350615699309995,2.349700778822699,0.20645693026070508,0.1988631634919087,3.0,6.6,0.12317003482941655,17.50802514022981,Standard Transplant
Colombia,1980,T+80,0.00662494727872176,2.257176056491828,0.19827411669953282,0.19322553477545293,3.0,6.8,0.11493486669419338,17.34879718414443,Standard Transplant
Colombia,1981,T+81,0.006601240473610047,2.2437412952477387,0.19677768688151334,0.19297668439276666,3.0,6.8,0.1139205167306174,17.257440807684624,Standard Transplant
Colombia,1982,T+82,0.006601240473610047,2.2437412952477387,0.19677768688151334,0.19297668439276666,3.0,6.8,0.1139205167306174,17.257440807684624,Standard Transplant
Colombia,1983,T+83,0.00656249617877604,2.2388613177238113,0.19715049483888467,0.1911130894836716,3.0,6.8,0.11303412048568169,17.224256960521917,Standard Transplant
Colombia,1984,T+84,0.005778801275680931,2.2643638731440667,0.1888253885366531,0.18209903732031532,3.0,7.0,0.10315476442247709,17.850547112008467,Standard Transplant
Colombia,1985,T+85,0.005416555516697018,1.8808242873804029,0.17255074351696761,0.15869000532308664,3.0,7.0,0.08214623522163045,15.16577001166282,Intermediate/Uncertain
Colombia,1986,T+86,0.005453964883982434,1.9779645472050302,0.17973189635853346,0.16027979413495794,3.0,7.0,0.08642217404349402,15.845751830435212,Intermediate/Uncertain
Colombia,1987,T+87,0.005457660654091508,1.9671918437203828,0.17936042297473878,0.15995572592950139,3.0,7.0,0.08606917997984027,15.77034290604268,Intermediate/Uncertain
Colombia,1988,T+88,0.004245055906793472,2.0015228577260866,0.16414496513224217,0.151823943966396,3.0,7.8,0.07476340796581069,17.611878290263476,Ruptured
Colombia,1989,T+89,0.003810954753691168,2.0639388920217576,0.15672416210316603,0.14669811148972908,3.0,7.8,0.06897341581603386,18.09872335776971,Ruptured
Colombia,1990,T+90,0.0036171644724565595,2.087724538822112,0.15611080619723955,0.14444328536801848,3.0,8.0,0.06764747318573791,18.701796310576896,Ruptured
Colombia,1991,T+91,0.006162617648892264,2.4262883175748096,0.19747678829683418,0.19747678829683418,3.0,7.0,0.11699124574809801,18.984018223023668,Standard Transplant
Colombia,1992,T+92,0.00665974089426848,2.301595913708573,0.2005124341853313,0.2005124341853313,3.0,7.0,0.12061570878878045,18.11117139596001,Standard Transplant
Colombia,1993,T+93,0.006617074727905274,2.2354739430375834,0.19959423164932114,0.19502941112804278,3.0,7.0,0.11678023638936379,17.648317601263084,Standard Transplant
Colombia,1994,T+94,0.006423225175416455,2.1566394575820964,0.1935361348914111,0.18913697334455928,3.0,7.0,0.10981451635849757,17.096476203074673,Standard Transplant
Colombia,1995,T+95,0.006058125032708776,2.036809699014613,0.1822391295218528,0.1801497206721063,3.0,7.0,0.09849098483666875,16.257667893102294,Standard Transplant
Colombia,1996,T+96,0.005207369612027602,2.223981508466291,0.18534990988760183,0.1770184324933936,3.0,7.6,0.0984310515332851,18.90225946434381,Standard Transplant
Colombia,1997,T+97,0.004634661066445232,2.1710812398434105,0.1729808541313418,0.1729808541313418,3.0,8.0,0.08976712768802564,19.368649918747284,Ruptured
Colombia,1998,T+98,0.003871447742431047,2.202697210240209,0.16140031257460977,0.156885100174957,3.0,8.0,0.07596391261961107,19.62157768192167,Ruptured
Colombia,1999,T+99,0.0035984767825740236,2.235369097039681,0.15917277013042577,0.15320277170918414,3.0,8.2,0.0731571286938302,20.330026595725382,Ruptured
Colombia,2000,T+100,0.004004520098273634,2.166758812143151,0.1629484332512523,0.15838072683987647,3.0,8.0,0.07742367388725731,19.33407049714521,Ruptured
Colombia,2001,T+101,0.004004520098273634,2.166758812143151,0.1629484332512523,0.15838072683987647,3.0,8.0,0.07742367388725731,19.33407049714521,Ruptured
Colombia,2002,T+102,0.0043231487398533806,2.244402760201475,0.169577310978026,0.169577310978026,3.0,8.0,0.08626939319561441,19.9552220816118,Ruptured
Colombia,2003,T+103,0.007061229908915636,2.155479934956482,0.20171721315373972,0.19939603174294915,3.0,7.0,0.12066483551130697,17.088359544695376,Standard Transplant
Colombia,2004,T+104,0.0095223733426342,1.8268398260383971,0.20846917613398214,0.20846917613398214,3.0,6.4,0.1303781921939438,13.691774886645742,Intermediate/Uncertain
Colombia,2005,T+105,0.01440941613020844,1.7345298354309162,0.22508866863883142,0.21486142952544496,3.8,6.2,0.18377891783213032,12.754084979671681,Intermediate/Uncertain
Colombia,2006,T+106,0.017428185631593145,1.7531667775770796,0.23490967640840663,0.23219931896333554,4.0,6.0,0.21818346751971818,12.519000665462478,Intermediate/Uncertain
Colombia,2007,T+107,0.022129724758111667,1.6278340670965208,0.24432890575131003,0.24432890575131003,4.0,5.4,0.23878645674253016,10.790303962321213,Intermediate/Uncertain
Colombia,2008,T+108,0.02326650683970198,1.6131781519720632,0.24581737139250665,0.24581737139250665,4.0,5.2,0.2417047203132862,10.388526390254729,Intermediate/Uncertain
Colombia,2009,T+109,0.021749294555516795,1.6316690074889577,0.2424520047145172,0.2424520047145172,4.0,5.4,0.23513189836035306,10.811012640440373,Intermediate/Uncertain
Colombia,2010,T+110,0.0231994754350555,1.6085707942145413,0.24517980326942532,0.24517980326942532,4.0,5.2,0.2404525437249364,10.364568129915614,Intermediate/Uncertain
Colombia,2011,T+111,0.02431648247387772,1.6761190291861734,0.2512068669117387,0.2512068669117387,4.0,5.0,0.25241955993444803,10.380595145930867,Intermediate/Uncertain
Colombia,2012,T+112,0.024232217723629847,1.7384889272008608,0.2545101404745567,0.2545101404745567,4.0,5.0,0.2591016464175144,10.692444636004304,Intermediate/Uncertain
Colombia,2013,T+113,0.024366642038634225,1.7348901262039622,0.25500025366905665,0.25500025366905665,4.0,5.0,0.26010051748513296,10.67445063101981,Intermediate/Uncertain
Colombia,2014,T+114,0.024412007522471194,1.7309228030157786,0.25500025366905665,0.25500025366905665,4.0,5.0,0.26010051748513296,10.654614015078893,Intermediate/Uncertain
Colombia,2015,T+115,0.024412007522471194,1.7309228030157786,0.25500025366905665,0.25500025366905665,4.0,5.0,0.26010051748513296,10.654614015078893,Intermediate/Uncertain
Colombia,2016,T+116,0.02542843522769303,1.9778460506318485,0.27912621827700945,0.2707776102741058,4.0,5.0,0.3023245213995882,11.889230253159242,Intermediate/Uncertain
Colombia,2017,T+117,0.025225415612552836,1.6286017775994228,0.2529138266097489,0.2529138266097489,4.0,5.0,0.25586161476154456,10.143008887997114,Intermediate/Uncertain
Colombia,2018,T+118,0.02563810593898599,1.5611994587495859,0.2507026114016961,0.2507026114016961,4.0,5.0,0.25140719745451934,9.805997293747929,Intermediate/Uncertain
Colombia,2019,T+119,0.019502586793708216,1.7723131072132825,0.2446836614600207,0.2446836614600207,4.0,5.8,0.2394803767419281,12.279416021837038,Intermediate/Uncertain
Colombia,2020,T+120,0.006931486463904194,2.2559643170936905,0.20275048361365164,0.20275048361365164,3.0,7.0,0.12332327581670888,17.79175021965583,Standard Transplant
Colombia,2021,T+121,0.005222605740627967,2.4083189157584592,0.19463912910994238,0.19020980612818086,3.0,8.0,0.11106681303888033,21.266551326067674,Standard Transplant
Colombia,2022,T+122,0.017319341455494,1.8323482201808696,0.237196685187137,0.237196685187137,4.0,6.0,0.2250490698550631,12.994089321085218,Intermediate/Uncertain
Colombia,2023,T+123,0.017542640879444533,1.8360538526960477,0.238925031127911,0.238925031127911,4.0,6.0,0.22834068199789295,13.016323116176286,Intermediate/Uncertain
Colombia,2024,T+124,0.017542640879444533,1.8360538526960477,0.238925031127911,0.238925031127911,4.0,6.0,0.22834068199789295,13.016323116176286,Intermediate/Uncertain
Colombia,2025,T+125,0.017542640879444533,1.8360538526960477,0.238925031127911,0.238925031127911,4.0,6.0,0.22834068199789295,13.016323116176286,Intermediate/Uncertain
Denmark,1900,T+0,0.667589384740366,3.2493989828889895,0.4880445308314053,0.4559620707855614,6.0,0.0,1.335178769480732,2.0,Greenhouse Garden
Denmark,1901,T+1,1.2839043828618697,1.3331705629813464,0.5847255561335327,0.627353841177155,7.0,0.0,2.5678087657237394,2.0,Deep Ancient Forest
Denmark,1902,T+2,1.2839043828618697,1.3331705629813464,0.5847255561335327,0.627353841177155,7.0,0.0,2.5678087657237394,2.0,Deep Ancient Forest
Denmark,1903,T+3,1.2839043828618697,1.3331705629813464,0.5847255561335327,0.627353841177155,7.0,0.0,2.5678087657237394,2.0,Deep Ancient Forest
Denmark,1904,T+4,1.2839043828618697,1.3331705629813464,0.5847255561335327,0.627353841177155,7.0,0.0,2.5678087657237394,2.0,Deep Ancient Forest
Denmark,1905,T+5,1.2839043828618697,1.3331705629813464,0.5847255561335327,0.627353841177155,7.0,0.0,2.5678087657237394,2.0,Deep Ancient Forest
Denmark,1906,T+6,1.2839043828618697,1.3331705629813464,0.5847255561335327,0.627353841177155,7.0,0.0,2.5678087657237394,2.0,Deep Ancient Forest
Denmark,1907,T+7,1.2839043828618697,1.3331705629813464,0.5847255561335327,0.627353841177155,7.0,0.0,2.5678087657237394,2.0,Deep Ancient Forest
Denmark,1908,T+8,1.2839043828618697,1.3331705629813464,0.5847255561335327,0.627353841177155,7.0,0.0,2.5678087657237394,2.0,Deep Ancient Forest
Denmark,1909,T+9,1.2839043828618697,1.3331705629813464,0.5847255561335327,0.627353841177155,7.0,0.0,2.5678087657237394,2.0,Deep Ancient Forest
Denmark,1910,T+10,1.2839043828618697,1.3331705629813464,0.5847255561335327,0.627353841177155,7.0,0.0,2.5678087657237394,2.0,Deep Ancient Forest
Denmark,1911,T+11,1.2839043828618697,1.3331705629813464,0.5847255561335327,0.627353841177155,7.0,0.0,2.5678087657237394,2.0,Deep Ancient Forest
Denmark,1912,T+12,0.09318291025347226,1.5612494995995996,0.40147760864120047,0.3189438597107574,6.0,4.0,0.7682929085248165,8.244997998398398,Young Ancient Forest
Denmark,1913,T+13,0.07555083040026052,2.0,0.3980442372016349,0.3163418507257908,6.0,4.0,0.7555083040026052,10.0,Intermediate/Uncertain
Denmark,1914,T+14,1.0359106311804305,4.115519408288582,0.5655478043205026,0.6105647322628851,6.0,0.0,2.071821262360861,2.0,Greenhouse Garden
Denmark,1915,T+15,1.1016036919887129,2.656801413354035,0.5830758768168753,0.6297657736545837,6.0,0.0,2.2032073839774258,2.0,Greenhouse Garden
Denmark,1916,T+16,1.137573812389868,1.8666480653835098,0.5924521453661192,0.640036961233878,6.0,0.0,2.275147624779736,2.0,Deep Ancient Forest
Denmark,1917,T+17,1.1697429194705151,1.1301963325015703,0.6007128037873379,0.649086059148171,6.0,0.0,2.3394858389410302,2.0,Deep Ancient Forest
Denmark,1918,T+18,1.1992120493238505,0.6614378277661477,0.6081810098580285,0.6572670690061994,6.0,0.0,2.398424098647701,2.0,Deep Ancient Forest
Denmark,1919,T+19,1.2266352678928278,0.982264602843857,0.6150487341209979,0.6647902840013071,6.0,0.0,2.4532705357856557,2.0,Deep Ancient Forest
Denmark,1920,T+20,1.2524387353226385,1.6909686573085854,0.6214410560048215,0.6717927217825153,6.0,0.0,2.504877470645277,2.0,Deep Ancient Forest
Denmark,1921,T+21,1.276918463461092,2.474084426611186,0.6274448559773076,0.6783695551338743,6.0,0.0,2.553836926922184,2.0,Greenhouse Garden
Denmark,1922,T+22,1.3002899767328029,3.278719262151,0.6331233911782405,0.6845900787801504,6.0,0.0,2.6005799534656058,2.0,Greenhouse Garden
Denmark,1923,T+23,1.950124189996198,1.6909686573085854,0.7216218957592014,0.7721195036809679,7.0,0.0,3.900248379992396,2.0,Deep Ancient Forest
Denmark,1924,T+24,2.7736807046795575,0.6614378277661477,0.8082720605115841,0.8579044235810888,8.0,0.0,5.547361409359115,2.0,Deep Ancient Forest
Denmark,1925,T+25,3.5677117456884893,1.6381678027601445,0.8862386352293662,0.8945952036609529,9.0,0.0,7.1354234913769785,2.0,Deep Ancient Forest
Denmark,1926,T+26,3.5002576088839787,2.462214450449026,0.8778274251601628,0.8860910492224834,9.0,0.0,7.0005152177679575,2.0,Greenhouse Garden
Denmark,1927,T+27,3.4276362621845573,3.2876425824593523,0.868680778076589,0.8768433311470918,9.0,0.0,6.855272524369115,2.0,Greenhouse Garden
Denmark,1928,T+28,2.383855414897685,3.2876425824593523,0.7679462420288431,0.7760489225781478,8.0,0.0,4.76771082979537,2.0,Greenhouse Garden
Denmark,1929,T+29,1.5752915705382207,3.2876425824593523,0.6668838776382197,0.6749050636252305,7.0,0.0,3.1505831410764413,2.0,Greenhouse Garden
Denmark,1930,T+30,0.9717172789197992,3.2876425824593523,0.5651897412561218,0.5730920715582339,6.0,0.0,1.9434345578395984,2.0,Greenhouse Garden
Denmark,1931,T+31,0.54234632489613,3.2876425824593523,0.46192982130132254,0.4696352561679284,5.0,0.0,1.08469264979226,2.0,Greenhouse Garden
Denmark,1932,T+32,1.3765399225616726,1.5360257159305635,0.6696985048910504,0.6851540469371932,6.0,0.0,2.753079845123345,2.0,Deep Ancient Forest
Denmark,1933,T+33,1.3765399225616726,1.5360257159305635,0.6696985048910504,0.6851540469371932,6.0,0.0,2.753079845123345,2.0,Deep Ancient Forest
Denmark,1934,T+34,1.3765399225616726,1.5360257159305635,0.6696985048910504,0.6851540469371932,6.0,0.0,2.753079845123345,2.0,Deep Ancient Forest
Denmark,1935,T+35,1.3765399225616726,1.5360257159305635,0.6696985048910504,0.6851540469371932,6.0,0.0,2.753079845123345,2.0,Deep Ancient Forest
Denmark,1936,T+36,1.3765399225616726,1.5360257159305635,0.6696985048910504,0.6851540469371932,6.0,0.0,2.753079845123345,2.0,Deep Ancient Forest
Denmark,1937,T+37,1.3765399225616726,1.5360257159305635,0.6696985048910504,0.6851540469371932,6.0,0.0,2.753079845123345,2.0,Deep Ancient Forest
Denmark,1938,T+38,1.3765399225616726,1.5360257159305635,0.6696985048910504,0.6851540469371932,6.0,0.0,2.753079845123345,2.0,Deep Ancient Forest
Denmark,1939,T+39,1.3765399225616726,1.5360257159305635,0.6696985048910504,0.6851540469371932,6.0,0.0,2.753079845123345,2.0,Deep Ancient Forest
Denmark,1940,T+40,1.3765399225616726,1.5360257159305635,0.6696985048910504,0.6851540469371932,6.0,0.0,2.753079845123345,2.0,Deep Ancient Forest
Denmark,1941,T+41,1.3765399225616726,1.5360257159305635,0.6696985048910504,0.6851540469371932,6.0,0.0,2.753079845123345,2.0,Deep Ancient Forest
Denmark,1942,T+42,1.317354074618995,3.0180123322312653,0.5622735258544995,0.7208941851768307,6.5,0.0,2.63470814923799,2.0,Greenhouse Garden
Denmark,1943,T+43,1.317354074618995,3.0180123322312653,0.5622735258544995,0.7208941851768307,6.5,0.0,2.63470814923799,2.0,Greenhouse Garden
Denmark,1944,T+44,1.317354074618995,3.0180123322312653,0.5622735258544995,0.7208941851768307,6.5,0.0,2.63470814923799,2.0,Greenhouse Garden
Denmark,1945,T+45,1.317354074618995,3.0180123322312653,0.5622735258544995,0.7208941851768307,6.5,0.0,2.63470814923799,2.0,Greenhouse Garden
Denmark,1946,T+46,1.317354074618995,3.0180123322312653,0.5622735258544995,0.7208941851768307,6.5,0.0,2.63470814923799,2.0,Greenhouse Garden
Denmark,1947,T+47,1.317354074618995,3.0180123322312653,0.5622735258544995,0.7208941851768307,6.5,0.0,2.63470814923799,2.0,Greenhouse Garden
Denmark,1948,T+48,1.317354074618995,3.0180123322312653,0.5622735258544995,0.7208941851768307,6.5,0.0,2.63470814923799,2.0,Greenhouse Garden
Denmark,1949,T+49,1.317354074618995,3.0180123322312653,0.5622735258544995,0.7208941851768307,6.5,0.0,2.63470814923799,2.0,Greenhouse Garden
Denmark,1950,T+50,1.317354074618995,3.0180123322312653,0.5622735258544995,0.7208941851768307,6.5,0.0,2.63470814923799,2.0,Greenhouse Garden
Denmark,1951,T+51,1.317354074618995,3.0180123322312653,0.5622735258544995,0.7208941851768307,6.5,0.0,2.63470814923799,2.0,Greenhouse Garden
Denmark,1952,T+52,1.317354074618995,3.0180123322312653,0.5622735258544995,0.7208941851768307,6.5,0.0,2.63470814923799,2.0,Greenhouse Garden
Denmark,1953,T+53,1.317354074618995,3.0180123322312653,0.5622735258544995,0.7208941851768307,6.5,0.0,2.63470814923799,2.0,Greenhouse Garden
Denmark,1954,T+54,1.317354074618995,3.0180123322312653,0.5622735258544995,0.7208941851768307,6.5,0.0,2.63470814923799,2.0,Greenhouse Garden
Denmark,1955,T+55,1.317354074618995,3.0180123322312653,0.5622735258544995,0.7208941851768307,6.5,0.0,2.63470814923799,2.0,Greenhouse Garden
Denmark,1956,T+56,1.317354074618995,3.0180123322312653,0.5622735258544995,0.7208941851768307,6.5,0.0,2.63470814923799,2.0,Greenhouse Garden
Denmark,1957,T+57,1.317354074618995,3.0180123322312653,0.5622735258544995,0.7208941851768307,6.5,0.0,2.63470814923799,2.0,Greenhouse Garden
Denmark,1958,T+58,1.317354074618995,3.0180123322312653,0.5622735258544995,0.7208941851768307,6.5,0.0,2.63470814923799,2.0,Greenhouse Garden
Denmark,1959,T+59,1.317354074618995,3.0180123322312653,0.5622735258544995,0.7208941851768307,6.5,0.0,2.63470814923799,2.0,Greenhouse Garden
Denmark,1960,T+60,1.317354074618995,3.0180123322312653,0.5622735258544995,0.7208941851768307,6.5,0.0,2.63470814923799,2.0,Greenhouse Garden
Denmark,1961,T+61,1.317354074618995,3.0180123322312653,0.5622735258544995,0.7208941851768307,6.5,0.0,2.63470814923799,2.0,Greenhouse Garden
Denmark,1962,T+62,1.317354074618995,3.0180123322312653,0.5622735258544995,0.7208941851768307,6.5,0.0,2.63470814923799,2.0,Greenhouse Garden
Denmark,1963,T+63,1.317354074618995,3.0180123322312653,0.5622735258544995,0.7208941851768307,6.5,0.0,2.63470814923799,2.0,Greenhouse Garden
Denmark,1964,T+64,1.317354074618995,3.0180123322312653,0.5622735258544995,0.7208941851768307,6.5,0.0,2.63470814923799,2.0,Greenhouse Garden
Denmark,1965,T+65,1.317354074618995,3.0180123322312653,0.5622735258544995,0.7208941851768307,6.5,0.0,2.63470814923799,2.0,Greenhouse Garden
Denmark,1966,T+66,1.317354074618995,3.0180123322312653,0.5622735258544995,0.7208941851768307,6.5,0.0,2.63470814923799,2.0,Greenhouse Garden
Egypt,1900,T+0,0.03024106715540612,3.1862742741327215,0.3125559389044783,0.4086437406031994,5.0,6.0,0.6386201401083553,21.11764564479633,Standard Transplant
Egypt,1901,T+1,0.03024106715540612,3.1862742741327215,0.3125559389044783,0.4086437406031994,5.0,6.0,0.6386201401083553,21.11764564479633,Standard Transplant
Egypt,1902,T+2,0.028777508164211124,3.4635377506243525,0.31657987003636595,0.41416842557108163,5.0,6.0,0.6555869317022966,22.781226503746115,Standard Transplant
Egypt,1903,T+3,0.028777508164211124,3.4635377506243525,0.31657987003636595,0.41416842557108163,5.0,6.0,0.6555869317022966,22.781226503746115,Standard Transplant
Egypt,1904,T+4,0.0344333306122485,3.1567140747935976,0.3367982554118813,0.4281754587219854,5.0,6.0,0.7210437375387334,20.940284448761584,Standard Transplant
Egypt,1905,T+5,0.04612102389183663,2.8034576865007255,0.340817629268333,0.43350676669153015,5.0,5.0,0.7387337424779382,16.017288432503626,Standard Transplant
Egypt,1906,T+6,0.038789889420859675,2.9679275176459416,0.32237576493881637,0.3914947073995552,7.0,7.0,0.8834588403720078,22.775492623521593,Standard Transplant
Egypt,1907,T+7,0.022086590956785317,3.3541019662496847,0.28635178153609697,0.32753298872816444,6.0,7.0,0.5627379290049136,25.47871376374779,Standard Transplant
Egypt,1908,T+8,0.02881280806631243,2.666341125962693,0.2956207049414647,0.35083758212766425,5.0,6.0,0.5185742667426956,17.99804675577616,Standard Transplant
Egypt,1909,T+9,0.024824872588073792,2.9341736485763756,0.27800638861053173,0.35013056316567176,5.0,6.0,0.48669266703930036,19.605041891458253,Standard Transplant
Egypt,1910,T+10,0.013723032753124323,3.9666579131556077,0.25207441344854686,0.3241012010355014,5.0,7.0,0.4084881007449679,29.766605392089254,Failed Transplant
Egypt,1911,T+11,0.0403385655253385,3.21556274235164,0.295378486217036,0.41146817106081796,6.0,5.0,0.729233072966621,18.0778137117582,Standard Transplant
Egypt,1912,T+12,0.06824621883881737,3.3796264586489437,0.323862112830824,0.4671650166098043,7.0,4.0,1.0590793452392875,15.518505834595775,Standard Transplant
Egypt,1913,T+13,0.07024611273526503,3.2691742076555053,0.323862112830824,0.4671650166098043,7.0,4.0,1.0590793452392875,15.076696830622021,Standard Transplant
Egypt,1914,T+14,0.01251998453178038,5.196152422706632,0.23184915293967823,0.3921270545982722,6.0,8.0,0.5454859527200422,43.569219381653056,Failed Transplant
Egypt,1915,T+15,0.006425053850098498,4.878204075271964,0.19760205104453818,0.3334883131399325,4.0,8.0,0.2635918987033355,41.02563260217571,Failed Transplant
Egypt,1916,T+16,0.006574334677687914,4.892197231306195,0.2007837398979842,0.3367456507629929,4.0,8.0,0.2704522046182968,41.13757785044956,Failed Transplant
Egypt,1917,T+17,0.0031536680675441206,5.407965768197872,0.17358611687008269,0.30686343585208276,3.0,9.0,0.1598016967169243,50.67169191378085,Ruptured
Egypt,1918,T+18,0.0014065997624691856,5.499644874898742,0.1549912638594393,0.2586313230680525,2.0,10.0,0.08017119127191281,56.99644874898742,Ruptured
Egypt,1919,T+19,0.010199017303028073,3.8058343369095824,0.2055011309969456,0.22089942612752747,9.0,10.0,0.4085557371520482,40.05834336909582,Failed Transplant
Egypt,1920,T+20,0.014667903646980974,2.947456530637899,0.23356696676744054,0.2677318341481878,6.0,8.0,0.37519987445445413,25.57965224510319,Standard Transplant
Egypt,1921,T+21,0.016232906255946606,2.9553976043842223,0.23486530860131535,0.2953915395728989,6.0,8.0,0.4162633506000393,25.643180835073778,Standard Transplant
Egypt,1922,T+22,0.03332506975381515,2.591301555203485,0.3136129675134243,0.37293226401076884,5.0,6.0,0.5847819699895852,17.54780933122091,Standard Transplant
Egypt,1923,T+23,0.027551971370788846,3.2307119958300214,0.349148915745915,0.3374943026708844,5.0,6.0,0.5891788492398148,21.38427197498013,Standard Transplant
Egypt,1924,T+24,0.01136039980799901,4.344536799245692,0.26824846590860263,0.2745294542571007,5.0,7.0,0.3682105247559658,32.411757594719845,Failed Transplant
Egypt,1925,T+25,0.03411546520768034,2.6896793489187516,0.315402935994899,0.3341942521823286,5.0,5.0,0.5270292416546306,15.448396744593758,Standard Transplant
Egypt,1926,T+26,0.03640795052677658,2.7950849718747373,0.33706923338414185,0.3451115796507329,5.0,5.0,0.5816324779243138,15.975424859373685,Standard Transplant
Egypt,1927,T+27,0.03295483294668132,2.8695600708122493,0.31505914970881227,0.3419923085628244,5.0,5.0,0.5387390297137861,16.347800354061246,Standard Transplant
Egypt,1928,T+28,0.009407400277938974,3.6571847095819483,0.2449726278051934,0.2649755260984929,4.0,7.0,0.25964700372964566,27.60029296707364,Failed Transplant
Egypt,1929,T+29,0.007883209111473454,3.3330729064933458,0.2203669073229644,0.2563553060364476,4.0,8.0,0.22596890386833612,28.664583251946766,Standard Transplant
Egypt,1930,T+30,0.0043969311693522,4.090767042988393,0.19938762345412592,0.2853324083726157,3.0,9.0,0.17067525239957396,38.81690338689553,Ruptured
Egypt,1931,T+31,0.0056025707419155675,3.838538133196022,0.2063593180940646,0.2960056834691775,3.0,8.0,0.183250592978001,32.708305065568176,Failed Transplant
Egypt,1932,T+32,0.01314097004673556,3.0388114452858046,0.24335121104124427,0.31416779276155554,4.0,7.0,0.3058124513547168,23.27168011700063,Standard Transplant
Egypt,1933,T+33,0.027543740283734793,2.117634293262177,0.27125371936357706,0.29865241697336203,5.0,6.0,0.4050528945047317,14.705805759573062,Standard Transplant
Egypt,1934,T+34,0.04914313590228197,2.0,0.3335298045108025,0.3536221488165587,5.0,5.0,0.5897176308273836,12.0,Intermediate/Uncertain
Egypt,1935,T+35,0.036041832775410905,2.207055447876197,0.28531977860255686,0.32090403296024184,6.0,6.0,0.5493616058213029,15.242332687257182,Standard Transplant
Egypt,1936,T+36,0.07489616256259253,2.222048604328897,0.4112473112088835,0.3979385258057217,6.0,5.0,0.9819068925841796,13.110243021644486,Standard Transplant
Egypt,1937,T+37,0.02971228888053168,2.958039891549808,0.33280152704707316,0.3526218149505397,5.0,6.0,0.5867653924282503,19.74823934929885,Standard Transplant
Egypt,1938,T+38,0.027495672215190788,2.666341125962693,0.2916161137729087,0.3393971531325391,5.0,6.0,0.4948683941104992,17.99804675577616,Standard Transplant
Egypt,1939,T+39,0.011860447454380602,3.112474899497183,0.24249731529183688,0.29085714779891897,4.0,7.0,0.2821283098987154,23.787324296480282,Standard Transplant
Egypt,1940,T+40,0.00548116898061969,3.6779537449511244,0.19650099290399367,0.24477956692318353,4.0,9.0,0.19239771177206053,35.10158370456012,Failed Transplant
Egypt,1941,T+41,0.004023619806804965,3.9111219617905038,0.17326638079226897,0.21596666511386492,4.0,9.0,0.1496790497442214,37.20009765611454,Ruptured
Egypt,1942,T+42,0.005703810597961623,3.835993189514288,0.20428830667324505,0.25494071596774953,4.0,9.0,0.2083256286684651,36.523938705628595,Failed Transplant
Egypt,1943,T+43,0.01471176365518407,3.225266461860167,0.2608013257599262,0.3136628154888349,5.0,8.0,0.4090183906053963,27.802131694881336,Standard Transplant
Egypt,1944,T+44,0.02043695671223453,3.5333235062756425,0.3069742331391771,0.3559559801967462,5.0,7.0,0.5463465702610013,26.733264543929497,Standard Transplant
Egypt,1945,T+45,0.008382333647696364,3.822221212855164,0.23865059719828477,0.2860643743959931,4.0,8.0,0.2730777351470299,32.57776970284131,Failed Transplant
Egypt,1946,T+46,0.0036117438650851157,3.887077951366553,0.18357229226619262,0.2425486903584159,3.0,9.0,0.13357565722577214,36.983701562298975,Ruptured
Egypt,1947,T+47,0.008655973180803276,3.6206870894900596,0.22944773338619898,0.2920452788392871,4.0,8.0,0.26803650910325955,30.965496715920477,Failed Transplant
Egypt,1948,T+48,0.002138637763753499,3.8547859862773186,0.14712731562743325,0.1964674471949705,3.0,10.0,0.0867171843419115,40.54785986277319,Ruptured
Egypt,1949,T+49,0.0053063829396974805,3.376735664810025,0.18317871961224821,0.2345756086675446,4.0,9.0,0.17187703859193845,32.39062098329022,Standard Transplant
Egypt,1950,T+50,0.016469889969554254,3.239767545673609,0.26901577515747493,0.3021756510230103,5.0,7.0,0.4064500849683488,24.678372819715264,Standard Transplant
Egypt,1951,T+51,0.0020186577544836523,3.8805403940688468,0.14712667692539205,0.1866240866059468,3.0,10.0,0.08237214508970855,40.805403940688464,Ruptured
Egypt,1952,T+52,0.004170607845546166,3.282886496667224,0.18136007368108434,0.18136007368108434,4.0,9.0,0.13156590530243337,31.545978470005018,Ruptured
Egypt,1953,T+53,0.033603930510577265,2.7950849718747373,0.2904972710485344,0.3079989156258721,6.0,5.0,0.5368370668513419,15.975424859373685,Standard Transplant
Egypt,1954,T+54,0.03263583500364337,3.316035848720577,0.27203905419157254,0.31843099352792853,7.0,5.0,0.606379664132343,18.580179243602885,Standard Transplant
Egypt,1955,T+55,0.057652523014259396,3.1991209730174317,0.3739269407290788,0.39636926386019417,7.0,5.0,1.0374920236399559,17.99560486508716,Standard Transplant
Egypt,1956,T+56,0.02932654653673104,4.858947931394202,0.3430169858818336,0.3329390768004527,8.0,6.0,0.9136300688509728,31.153687588365216,Standard Transplant
Egypt,1957,T+57,0.0656473197557846,3.5685256059050494,0.40962911676882247,0.3974983996878814,8.0,5.0,1.302615347049338,19.842628029525248,Standard Transplant
Egypt,1958,T+58,0.06499342041401078,2.6390990413396764,0.3377252293222006,0.36553650816601596,8.0,5.0,0.9876072083680336,15.195495206698382,Standard Transplant
Egypt,1959,T+59,0.1092971866518711,1.9675095298371492,0.38656110256693316,0.41837197480618504,8.0,5.0,1.2938106549134725,11.837547649185746,Young Ancient Forest
Egypt,1960,T+60,0.10481604072018072,2.090716085459716,0.37142463622571276,0.43930008468344056,8.0,5.0,1.3053349931797738,12.453580427298581,Intermediate/Uncertain
Egypt,1961,T+61,0.06244065455959373,4.340488883754916,0.4301157030629482,0.4301157030629482,8.0,5.0,1.479996144170674,23.70244441877458,Standard Transplant
Egypt,1962,T+62,0.0791950796696407,3.682199580413859,0.4495067581515387,0.4495067581515387,8.0,5.0,1.616450604991247,20.410997902069294,Standard Transplant
Egypt,1963,T+63,0.07175771432676349,2.8912583765550943,0.3747872775667383,0.39384537659224655,8.0,5.0,1.1808658918020392,16.45629188277547,Standard Transplant
Egypt,1964,T+64,0.06458158686533942,3.191786333700926,0.37144745129287654,0.39030295588289754,8.0,5.0,1.1598163055582267,17.95893166850463,Standard Transplant
Egypt,1965,T+65,0.037036443348409644,2.7357585785299112,0.30896833691698505,0.3153395213586734,7.0,6.0,0.6820094923487118,18.414551471179468,Standard Transplant
Egypt,1966,T+66,0.02851059252246125,2.622022120425379,0.2768817319243277,0.29941046403462596,7.0,7.0,0.5803090148672171,20.354154842977653,Standard Transplant
Egypt,1967,T+67,0.0035963039691042933,3.0815732589052627,0.14502044510463347,0.16275684338704935,5.0,10.0,0.11801534935907508,32.81573258905263,Ruptured
Egypt,1968,T+68,0.02209218125858544,1.3905372163304368,0.21592216031407693,0.22380315506235302,6.0,8.0,0.28994436435701765,13.124297730643494,Intermediate/Uncertain
Egypt,1969,T+69,0.04162096023229122,1.6153559979150107,0.27383037588426057,0.2889539570554032,7.0,7.0,0.5538705947160788,13.307491985405075,Intermediate/Uncertain
Egypt,1970,T+70,0.05009380609782777,2.499218627891526,0.32783285471223894,0.3246165843387689,8.0,6.0,0.8513598522457191,16.995311767349154,Standard Transplant
Egypt,1971,T+71,0.031732959938663464,2.656801413354035,0.3153023691539513,0.34550069685797474,6.0,7.0,0.6536231295819634,20.597609893478246,Standard Transplant
Egypt,1972,T+72,0.022813024932504124,2.788788939665388,0.27693635393492483,0.33376606506727863,6.0,8.0,0.5545917427616341,24.310311517323104,Standard Transplant
Egypt,1973,T+73,0.09222103067453646,2.8256636388643286,0.43780148762853566,0.4246702469491206,8.0,5.0,1.4873701269272208,16.128318194321643,Intermediate/Uncertain
Egypt,1974,T+74,0.058762160040403875,1.8157298807917437,0.34122465851313694,0.3618888475594923,7.0,7.0,0.864397788997403,14.710109165542207,Intermediate/Uncertain
Egypt,1975,T+75,0.035691121647978045,2.3708845922988324,0.308250658553913,0.3588632268670688,6.0,7.0,0.6637189560753374,18.596192146091827,Standard Transplant
Egypt,1976,T+76,0.014855086139115627,3.020761493398643,0.2537609030718398,0.306351013961732,5.0,8.0,0.3886995497995145,26.166091947189145,Standard Transplant
Egypt,1977,T+77,0.0034333513392340626,3.2282928925362393,0.1852390940241861,0.211807952957257,3.0,10.0,0.11770533993875915,34.28292892536239,Ruptured
Egypt,1978,T+78,0.014428920660047664,2.4748737341529163,0.23051180293476,0.2729022040046623,5.0,8.0,0.31453589534992193,21.79898987322333,Standard Transplant
Egypt,1979,T+79,0.010580312748939665,3.5089172119045497,0.2134374400198092,0.29813340861383153,5.0,8.0,0.3181641575945796,30.071337695236398,Failed Transplant
Egypt,1980,T+80,0.010580312748939665,3.5089172119045497,0.2134374400198092,0.29813340861383153,5.0,8.0,0.3181641575945796,30.071337695236398,Failed Transplant
Egypt,1981,T+81,0.007734484975603925,3.550968177835448,0.18403099109516083,0.2555963522384351,5.0,8.0,0.23518825011373518,30.407745422683583,Failed Transplant
Egypt,1982,T+82,0.01936734560689682,2.517904634810461,0.24456322892020177,0.3108321702858147,5.0,7.0,0.38009059608686424,19.625332443673226,Standard Transplant
Egypt,1983,T+83,0.02255393259537446,2.4036105653786763,0.2663045206622101,0.3188710119336426,5.0,7.0,0.42458395993031284,18.825273957650733,Standard Transplant
Egypt,1984,T+84,0.022149318299021777,2.8878787630369804,0.2739862299731407,0.3591789690793728,5.0,7.0,0.49205045811848314,22.215151341258863,Standard Transplant
Egypt,1985,T+85,0.01736454792577672,2.703441094235271,0.26185099872519785,0.3133700901748542,5.0,8.0,0.4102813554144544,23.627528753882167,Standard Transplant
Egypt,1986,T+86,0.011657958299797625,3.091697551507909,0.24138426779746278,0.2880898991072032,5.0,9.0,0.34770184677918586,29.82527796357118,Standard Transplant
Egypt,1987,T+87,0.018056068464405096,2.4358969087381346,0.25474705233138095,0.3045954049159262,5.0,8.0,0.3879739077800781,21.487175269905077,Standard Transplant
Egypt,1988,T+88,0.01620281305147785,2.80554696093293,0.25734758833769017,0.3078075469697758,5.0,8.0,0.3960676494240605,24.44437568746344,Standard Transplant
Egypt,1989,T+89,0.01620281305147785,2.80554696093293,0.25734758833769017,0.3078075469697758,5.0,8.0,0.3960676494240605,24.44437568746344,Standard Transplant
Egypt,1990,T+90,0.016080528900723538,2.6780356607035687,0.2434843018222758,0.30940384550071387,5.0,8.0,0.376674896514343,23.42428528562855,Standard Transplant
Egypt,1991,T+91,0.019964126034438527,3.626616019101002,0.28845113994217225,0.3790893578478555,5.0,7.0,0.5467437870558,27.386312133707015,Failed Transplant
Egypt,1992,T+92,0.014199258997559248,2.7810744326608736,0.23136630249840873,0.29763373798500475,5.0,8.0,0.34431208728185364,24.24859546128699,Standard Transplant
Egypt,1993,T+93,0.00927684178063969,3.3260336739125176,0.20366675938668743,0.2909158841659648,5.0,9.0,0.2962494769109749,31.93430306521266,Standard Transplant
Egypt,1994,T+94,0.006767546098304484,3.7228181529588578,0.20982742286068617,0.2862878694696746,4.0,9.0,0.24028418338839336,35.50536337662972,Failed Transplant
Egypt,1995,T+95,0.0064898417536870005,3.766629793329841,0.20670339242063784,0.28178439950825557,4.0,9.0,0.23298316523827495,35.89966813996857,Failed Transplant
Egypt,1996,T+96,0.00954900099458397,3.9031237489989987,0.244043513881566,0.32500911152318357,4.0,8.0,0.31726546247857396,33.22498999199199,Failed Transplant
Egypt,1997,T+97,0.004430553721914106,4.121210380458634,0.1715650513871008,0.2523741023491431,4.0,9.0,0.17319430335321667,39.09089342412771,Ruptured
Egypt,1998,T+98,0.010264376061293417,3.881043674065006,0.2601042004321665,0.32604306832244934,4.0,8.0,0.33922068636984365,33.04834939252005,Failed Transplant
Egypt,1999,T+99,0.011066006193835357,4.2555111326373005,0.2874635645828913,0.34688232000811886,4.0,8.0,0.39886411280126816,36.044089061098404,Failed Transplant
Egypt,2000,T+100,0.0056031668417922745,4.588964343945157,0.2555358351858688,0.3164865039490508,3.0,9.0,0.2426209293350294,43.30067909550641,Failed Transplant
Egypt,2001,T+101,0.025661221933853697,3.0045538354304786,0.3152560094773664,0.3749499362945465,5.0,7.0,0.5910261033500573,23.03187684801335,Standard Transplant
Egypt,2002,T+102,0.025078150640387223,2.946793808531571,0.30900776665329804,0.3672770304010246,5.0,7.0,0.5674572745363803,22.627556659720998,Standard Transplant
Egypt,2003,T+103,0.007267136261052731,3.9877742852373177,0.2293799992151808,0.30010415625435,4.0,9.0,0.2753515645043812,37.88996856713586,Failed Transplant
Egypt,2004,T+104,0.011892146750003529,4.031128874149275,0.2785827321223705,0.36550587639938137,4.0,8.0,0.4072945026164845,34.2490309931942,Failed Transplant
Egypt,2005,T+105,0.006447724252568563,4.905354217587146,0.21204907639284493,0.3135151822848485,4.0,8.0,0.26592241935454614,41.242833740697165,Failed Transplant
Egypt,2006,T+106,0.0072330501285812285,5.301827515112124,0.24989246233872597,0.35975630737393194,4.0,9.0,0.35960155796623766,49.716447636009114,Failed Transplant
Egypt,2007,T+107,0.00355157994469641,5.733672470589857,0.20536305388684598,0.3090064509174607,3.0,9.0,0.19037552529343651,53.603052235308716,Ruptured
Egypt,2008,T+108,0.001386794072525156,5.5138320386098085,0.16094272855822964,0.24617168086849955,2.0,10.0,0.07923908402548412,57.13832038609809,Ruptured
Egypt,2009,T+109,0.002552868786318556,5.107821820502355,0.177807449208745,0.2540233402143755,3.0,10.0,0.13550172648900996,53.07821820502355,Ruptured
Egypt,2010,T+110,0.0010904386079006283,5.036972677114697,0.14081822936715868,0.20276484164408867,2.0,10.0,0.05710597195646577,52.36972677114697,Ruptured
Egypt,2011,T+111,0.0041247190675012075,4.152841647595054,0.16383095115748586,0.13698761448004565,8.0,10.0,0.1795424894164869,43.528416475950536,Ruptured
Egypt,2012,T+112,0.004941278170458175,2.9341736485763756,0.16046073299807811,0.17495828107053973,5.0,9.0,0.1403696701233129,28.40756283718738,Ruptured
Egypt,2013,T+113,0.003192608361307039,3.8709656418005056,0.1350553286268341,0.16039104218436595,6.0,10.0,0.1299699894660597,40.70965641800505,Ruptured
Egypt,2014,T+114,0.007973403959807588,4.414110895752394,0.2755027998165461,0.3019081945792908,4.0,9.0,0.3327062115766128,41.726998061771546,Failed Transplant
Egypt,2015,T+115,0.00961684421839406,4.78114787472632,0.3196147198504698,0.33872788877380866,4.0,9.0,0.4330496771039278,45.03033087253688,Failed Transplant
Egypt,2016,T+116,0.003815192707269445,5.270421591296089,0.24475890487108773,0.2842349777058444,3.0,10.0,0.20870712560802152,54.70421591296089,Ruptured
Egypt,2017,T+117,0.008275987706313668,4.920858029856175,0.2870883183917364,0.3335877811008274,4.0,9.0,0.38307662044906876,46.28772226870558,Failed Transplant
Egypt,2018,T+118,0.017843505874008386,4.1902975729654335,0.34570762149568746,0.3666935683177225,5.0,8.0,0.6338438066044311,35.52238058372347,Failed Transplant
Egypt,2019,T+119,0.024487256824377884,4.0883791103565725,0.3650234341326551,0.41080476946657607,5.0,7.0,0.7497668385438165,30.618653772496007,Standard Transplant
Egypt,2020,T+120,0.013007432752359034,3.8845648083150834,0.28017860464922595,0.3071188038601847,5.0,8.0,0.4302405896354293,33.07651846652067,Failed Transplant
Egypt,2021,T+121,0.009563301665825308,4.414110895752394,0.30665020447445857,0.32532822761191627,4.0,9.0,0.39904787007402925,41.726998061771546,Failed Transplant
Egypt,2022,T+122,0.0034930802451031617,4.949352861738593,0.22702350427114917,0.26410044801530513,3.0,10.0,0.1798710275640451,51.49352861738593,Ruptured
Egypt,2023,T+123,0.0011186559223007161,4.9714025938360695,0.15556134242597133,0.1859401586531366,2.0,10.0,0.05785020138196004,51.71402593836069,Ruptured
Egypt,2024,T+124,0.00372291299330124,5.046270281108613,0.2392695828706283,0.27209765600767183,3.0,10.0,0.19531407795909403,52.462702811086125,Ruptured
Egypt,2025,T+125,0.008237493619402372,4.492615468744237,0.28233123982442604,0.3095176509514667,4.0,9.0,0.34954600856268614,42.43353921869813,Failed Transplant
Estonia,1900,T+0,0.09896841252255419,1.8529958850466992,0.37208742667394273,0.37942221832166073,4.0,2.0,0.5647129473529026,5.705991770093398,Young Ancient Forest
Estonia,1901,T+1,0.09896841252255419,1.8529958850466992,0.37208742667394273,0.37942221832166073,4.0,2.0,0.5647129473529026,5.705991770093398,Young Ancient Forest
Estonia,1902,T+2,0.09896841252255419,1.8529958850466992,0.37208742667394273,0.37942221832166073,4.0,2.0,0.5647129473529026,5.705991770093398,Young Ancient Forest
Estonia,1903,T+3,0.2145358393029168,1.7719053127918545,0.4004364184968384,0.44907052776099005,4.5,1.0,0.8092088720509315,3.7719053127918545,Deep Ancient Forest
Estonia,1904,T+4,0.2145358393029168,1.7719053127918545,0.4004364184968384,0.44907052776099005,4.5,1.0,0.8092088720509315,3.7719053127918545,Deep Ancient Forest
Estonia,1905,T+5,0.04764199110804936,2.585831285583033,0.3477537511823356,0.42275646536909345,4.0,4.0,0.5880605866747496,12.343325142332132,Standard Transplant
Estonia,1906,T+6,0.24407704608584185,1.7340230498756353,0.41256389460711435,0.4909081036057913,4.5,1.0,0.9113893160300912,3.7340230498756353,Deep Ancient Forest
Estonia,1907,T+7,0.2145358393029168,1.7719053127918545,0.4004364184968384,0.44907052776099005,4.5,1.0,0.8092088720509315,3.7719053127918545,Deep Ancient Forest
Estonia,1908,T+8,0.2145358393029168,1.7719053127918545,0.4004364184968384,0.44907052776099005,4.5,1.0,0.8092088720509315,3.7719053127918545,Deep Ancient Forest
Estonia,1909,T+9,0.2145358393029168,1.7719053127918545,0.4004364184968384,0.44907052776099005,4.5,1.0,0.8092088720509315,3.7719053127918545,Deep Ancient Forest
Estonia,1910,T+10,0.24443071570426012,1.9342210156804729,0.4299502649477368,0.4473282316588004,5.0,1.0,0.9616444586015191,3.934221015680473,Deep Ancient Forest
Estonia,1911,T+11,0.24443071570426012,1.9342210156804729,0.4299502649477368,0.4473282316588004,5.0,1.0,0.9616444586015191,3.934221015680473,Deep Ancient Forest
Estonia,1912,T+12,0.24443071570426012,1.9342210156804729,0.4299502649477368,0.4473282316588004,5.0,1.0,0.9616444586015191,3.934221015680473,Deep Ancient Forest
Estonia,1913,T+13,0.6639049225872977,2.0453835214941964,0.4604336219747473,0.524331761035399,5.5,0.0,1.3278098451745954,2.0,Greenhouse Garden
Estonia,1914,T+14,0.01113471883532677,3.132491021535417,0.23301092318935335,0.33123751621490166,3.0,6.0,0.23154587834454793,20.7949461292125,Standard Transplant
Estonia,1915,T+15,0.0015890932510413825,2.760632853169722,0.11325686393144198,0.14960023867348654,2.0,7.0,0.033886507751108616,21.324429972188057,Ruptured
Estonia,1916,T+16,0.0015890932510413825,2.760632853169722,0.11325686393144198,0.14960023867348654,2.0,7.0,0.033886507751108616,21.324429972188057,Ruptured
Estonia,1917,T+17,0.006017433464017417,3.686440525764657,0.23907075750348405,0.15176712946897847,4.0,6.0,0.1451323304251121,24.118643154587943,Failed Transplant
Estonia,1918,T+18,0.001120849447512168,4.0155946010522525,0.14681689654791685,0.08683994761397494,3.0,8.0,0.038248714815202436,34.12475680841802,Ruptured
Estonia,1919,T+19,0.045033856470878056,2.2325713874364688,0.3744972006553085,0.2628766836022494,5.0,4.0,0.4922329106329682,10.930285549745875,Standard Transplant
Estonia,1920,T+20,0.12872678176661648,2.2325713874364688,0.507903998626504,0.3674016992278596,6.0,3.0,1.1196287528400124,8.697714162309406,Intermediate/Uncertain
Estonia,1921,T+21,0.28227858544119155,1.7842628029525247,0.561746064336433,0.4663659824315583,6.0,2.0,1.5718755310279315,5.56852560590505,Deep Ancient Forest
Estonia,1922,T+22,0.28227858544119155,1.7842628029525247,0.561746064336433,0.4663659824315583,6.0,2.0,1.5718755310279315,5.56852560590505,Deep Ancient Forest
Estonia,1923,T+23,0.28227858544119155,1.7842628029525247,0.561746064336433,0.4663659824315583,6.0,2.0,1.5718755310279315,5.56852560590505,Deep Ancient Forest
Estonia,1924,T+24,0.28227858544119155,1.7842628029525247,0.561746064336433,0.4663659824315583,6.0,2.0,1.5718755310279315,5.56852560590505,Deep Ancient Forest
Estonia,1925,T+25,0.28227858544119155,1.7842628029525247,0.561746064336433,0.4663659824315583,6.0,2.0,1.5718755310279315,5.56852560590505,Deep Ancient Forest
Estonia,1926,T+26,0.28227858544119155,1.7842628029525247,0.561746064336433,0.4663659824315583,6.0,2.0,1.5718755310279315,5.56852560590505,Deep Ancient Forest
Estonia,1927,T+27,0.28227858544119155,1.7842628029525247,0.561746064336433,0.4663659824315583,6.0,2.0,1.5718755310279315,5.56852560590505,Deep Ancient Forest
Estonia,1928,T+28,0.28227858544119155,1.7842628029525247,0.561746064336433,0.4663659824315583,6.0,2.0,1.5718755310279315,5.56852560590505,Deep Ancient Forest
Estonia,1929,T+29,0.28227858544119155,1.7842628029525247,0.561746064336433,0.4663659824315583,6.0,2.0,1.5718755310279315,5.56852560590505,Deep Ancient Forest
Estonia,1930,T+30,0.16201457531412528,1.7842628029525247,0.4890283527374626,0.40599516870794344,6.0,3.0,1.1912588914356828,7.352788408857574,Deep Ancient Forest
Estonia,1931,T+31,0.16201457531412528,1.7842628029525247,0.4890283527374626,0.40599516870794344,6.0,3.0,1.1912588914356828,7.352788408857574,Deep Ancient Forest
Estonia,1932,T+32,0.09880708747796187,1.7842628029525247,0.4257239079433738,0.35343932281420504,6.0,4.0,0.902805418375938,9.1370512118101,Young Ancient Forest
Estonia,1933,T+33,0.0437993581853733,1.8614090764794289,0.3532208879695035,0.2804145211053555,5.0,5.0,0.4952413307218837,11.307045382397144,Intermediate/Uncertain
Estonia,1934,T+34,0.018517636903484985,1.8614090764794289,0.2787904988881654,0.21866657868725667,4.0,6.0,0.24384865824955423,13.168454458876573,Intermediate/Uncertain
Estonia,1935,T+35,0.007307890183100923,1.8614090764794289,0.21768593762719016,0.16818816039996312,3.0,7.0,0.10983659218337466,15.029863535356002,Intermediate/Uncertain
Estonia,1936,T+36,0.0025235675233939167,1.8614090764794289,0.16769876755453453,0.1270917717930135,2.0,8.0,0.04262626699202104,16.891272611835433,Ruptured
Estonia,1937,T+37,0.0006349902192294439,1.8614090764794289,0.12696598672672701,0.09378708237846807,1.0,9.0,0.01190776945640303,18.75268168831486,Ruptured
Estonia,1938,T+38,0.0005572824799589636,1.2231491119238078,0.09750898928184941,0.08133568733359084,1.0,10.0,0.007930960664442963,14.231491119238079,Ruptured
Estonia,1939,T+39,0.0017660921476945067,1.4776988021921111,0.12997957198314286,0.10393923500446224,2.0,9.0,0.027019954556270605,15.299289219729001,Ruptured
Estonia,1940,T+40,0.005148424077584911,1.4776988021921111,0.1710833788124873,0.13864469552817035,3.0,8.0,0.0711594088961638,13.821590417536889,Intermediate/Uncertain
Estonia,1941,T+41,0.005148424077584911,1.4776988021921111,0.1710833788124873,0.13864469552817035,3.0,8.0,0.0711594088961638,13.821590417536889,Intermediate/Uncertain
Estonia,1942,T+42,0.0017660921476945067,1.4776988021921111,0.12997957198314286,0.10393923500446224,2.0,9.0,0.027019954556270605,15.299289219729001,Ruptured
Estonia,1943,T+43,0.005148424077584911,1.4776988021921111,0.1710833788124873,0.13864469552817035,3.0,8.0,0.0711594088961638,13.821590417536889,Intermediate/Uncertain
Estonia,1944,T+44,0.030448568609257695,1.4776988021921111,0.28312184084691827,0.23372270850103388,5.0,6.0,0.3308600173927019,10.866192813152667,Intermediate/Uncertain
Estonia,1945,T+45,0.06742213938465652,1.4017288432503627,0.3424496239866678,0.29560652792470093,6.0,5.0,0.6073820660149095,9.008644216251813,Intermediate/Uncertain
Estonia,1946,T+46,0.14798775093553748,1.4017288432503627,0.43110095000173165,0.3730416598322862,7.0,4.0,1.12573029760745,7.606915373001451,Young Ancient Forest
Estonia,1947,T+47,0.14798775093553748,1.4017288432503627,0.43110095000173165,0.3730416598322862,7.0,4.0,1.12573029760745,7.606915373001451,Young Ancient Forest
Estonia,1948,T+48,0.14798775093553748,1.4017288432503627,0.43110095000173165,0.3730416598322862,7.0,4.0,1.12573029760745,7.606915373001451,Young Ancient Forest
Estonia,1949,T+49,0.14798775093553748,1.4017288432503627,0.43110095000173165,0.3730416598322862,7.0,4.0,1.12573029760745,7.606915373001451,Young Ancient Forest
Estonia,1950,T+50,0.14798775093553748,1.4017288432503627,0.43110095000173165,0.3730416598322862,7.0,4.0,1.12573029760745,7.606915373001451,Young Ancient Forest
Estonia,1951,T+51,0.14798775093553748,1.4017288432503627,0.43110095000173165,0.3730416598322862,7.0,4.0,1.12573029760745,7.606915373001451,Young Ancient Forest
Estonia,1952,T+52,0.14798775093553748,1.4017288432503627,0.43110095000173165,0.3730416598322862,7.0,4.0,1.12573029760745,7.606915373001451,Young Ancient Forest
Estonia,1953,T+53,0.14798775093553748,1.4017288432503627,0.43110095000173165,0.3730416598322862,7.0,4.0,1.12573029760745,7.606915373001451,Young Ancient Forest
Estonia,1954,T+54,0.14798775093553748,1.4017288432503627,0.43110095000173165,0.3730416598322862,7.0,4.0,1.12573029760745,7.606915373001451,Young Ancient Forest
Estonia,1955,T+55,0.14798775093553748,1.4017288432503627,0.43110095000173165,0.3730416598322862,7.0,4.0,1.12573029760745,7.606915373001451,Young Ancient Forest
Estonia,1956,T+56,0.14798775093553748,1.4017288432503627,0.43110095000173165,0.3730416598322862,7.0,4.0,1.12573029760745,7.606915373001451,Young Ancient Forest
Estonia,1957,T+57,0.14798775093553748,1.4017288432503627,0.43110095000173165,0.3730416598322862,7.0,4.0,1.12573029760745,7.606915373001451,Young Ancient Forest
Estonia,1958,T+58,0.14798775093553748,1.4017288432503627,0.43110095000173165,0.3730416598322862,7.0,4.0,1.12573029760745,7.606915373001451,Young Ancient Forest
Estonia,1959,T+59,0.14798775093553748,1.4017288432503627,0.43110095000173165,0.3730416598322862,7.0,4.0,1.12573029760745,7.606915373001451,Young Ancient Forest
Estonia,1960,T+60,0.14798775093553748,1.4017288432503627,0.43110095000173165,0.3730416598322862,7.0,4.0,1.12573029760745,7.606915373001451,Young Ancient Forest
Estonia,1961,T+61,0.14798775093553748,1.4017288432503627,0.43110095000173165,0.3730416598322862,7.0,4.0,1.12573029760745,7.606915373001451,Young Ancient Forest
Estonia,1962,T+62,0.14798775093553748,1.4017288432503627,0.43110095000173165,0.3730416598322862,7.0,4.0,1.12573029760745,7.606915373001451,Young Ancient Forest
Estonia,1963,T+63,0.14798775093553748,1.4017288432503627,0.43110095000173165,0.3730416598322862,7.0,4.0,1.12573029760745,7.606915373001451,Young Ancient Forest
Estonia,1964,T+64,0.14798775093553748,1.4017288432503627,0.43110095000173165,0.3730416598322862,7.0,4.0,1.12573029760745,7.606915373001451,Young Ancient Forest
Estonia,1965,T+65,0.14798775093553748,1.4017288432503627,0.43110095000173165,0.3730416598322862,7.0,4.0,1.12573029760745,7.606915373001451,Young Ancient Forest
Estonia,1966,T+66,0.14798775093553748,1.4017288432503627,0.43110095000173165,0.3730416598322862,7.0,4.0,1.12573029760745,7.606915373001451,Young Ancient Forest
Estonia,1967,T+67,0.14798775093553748,1.4017288432503627,0.43110095000173165,0.3730416598322862,7.0,4.0,1.12573029760745,7.606915373001451,Young Ancient Forest
Estonia,1968,T+68,0.14798775093553748,1.4017288432503627,0.43110095000173165,0.3730416598322862,7.0,4.0,1.12573029760745,7.606915373001451,Young Ancient Forest
Estonia,1969,T+69,0.14798775093553748,1.4017288432503627,0.43110095000173165,0.3730416598322862,7.0,4.0,1.12573029760745,7.606915373001451,Young Ancient Forest
Estonia,1970,T+70,0.14798775093553748,1.4017288432503627,0.43110095000173165,0.3730416598322862,7.0,4.0,1.12573029760745,7.606915373001451,Young Ancient Forest
Estonia,1971,T+71,0.14798775093553748,1.4017288432503627,0.43110095000173165,0.3730416598322862,7.0,4.0,1.12573029760745,7.606915373001451,Young Ancient Forest
Estonia,1972,T+72,0.14798775093553748,1.4017288432503627,0.43110095000173165,0.3730416598322862,7.0,4.0,1.12573029760745,7.606915373001451,Young Ancient Forest
Estonia,1973,T+73,0.14798775093553748,1.4017288432503627,0.43110095000173165,0.3730416598322862,7.0,4.0,1.12573029760745,7.606915373001451,Young Ancient Forest
Estonia,1974,T+74,0.14798775093553748,1.4017288432503627,0.43110095000173165,0.3730416598322862,7.0,4.0,1.12573029760745,7.606915373001451,Young Ancient Forest
Estonia,1975,T+75,0.14798775093553748,1.4017288432503627,0.43110095000173165,0.3730416598322862,7.0,4.0,1.12573029760745,7.606915373001451,Young Ancient Forest
Estonia,1976,T+76,0.14798775093553748,1.4017288432503627,0.43110095000173165,0.3730416598322862,7.0,4.0,1.12573029760745,7.606915373001451,Young Ancient Forest
Estonia,1977,T+77,0.14798775093553748,1.4017288432503627,0.43110095000173165,0.3730416598322862,7.0,4.0,1.12573029760745,7.606915373001451,Young Ancient Forest
Estonia,1978,T+78,0.14798775093553748,1.4017288432503627,0.43110095000173165,0.3730416598322862,7.0,4.0,1.12573029760745,7.606915373001451,Young Ancient Forest
Estonia,1979,T+79,0.14798775093553748,1.4017288432503627,0.43110095000173165,0.3730416598322862,7.0,4.0,1.12573029760745,7.606915373001451,Young Ancient Forest
Estonia,1980,T+80,0.14798775093553748,1.4017288432503627,0.43110095000173165,0.3730416598322862,7.0,4.0,1.12573029760745,7.606915373001451,Young Ancient Forest
Estonia,1981,T+81,0.14798775093553748,1.4017288432503627,0.43110095000173165,0.3730416598322862,7.0,4.0,1.12573029760745,7.606915373001451,Young Ancient Forest
Estonia,1982,T+82,0.14798775093553748,1.4017288432503627,0.43110095000173165,0.3730416598322862,7.0,4.0,1.12573029760745,7.606915373001451,Young Ancient Forest
Estonia,1983,T+83,0.10535748088019439,1.4017288432503627,0.39337131974283845,0.339562732353489,6.0,4.0,0.8014454409682572,7.606915373001451,Young Ancient Forest
Estonia,1984,T+84,0.07154989797665244,1.4017288432503627,0.3556390008602987,0.3060823011754457,5.0,4.0,0.5442740188552828,7.606915373001451,Intermediate/Uncertain
Estonia,1985,T+85,0.045569224446317017,1.4017288432503627,0.3179030241180019,0.27259982422168877,4.0,4.0,0.3466412339764424,7.606915373001451,Intermediate/Uncertain
Estonia,1986,T+86,0.026419681336234065,1.4017288432503627,0.2801618905052045,0.23911446312224846,3.0,4.0,0.20097228010639842,7.606915373001451,Intermediate/Uncertain
Estonia,1987,T+87,0.013105487616127807,1.4017288432503627,0.2424131516945974,0.20562484857133387,2.0,4.0,0.09969233521780275,7.606915373001451,Intermediate/Uncertain
Estonia,1988,T+88,0.32938931159891705,1.4017288432503627,0.5522465997383279,0.47750637167064525,6.0,2.0,1.5822076206510005,4.8034576865007255,Deep Ancient Forest
Estonia,1989,T+89,0.8199171015488834,1.0734727523323542,0.625604149582398,0.5754421254727368,7.0,1.0,2.519992870781813,3.0734727523323544,Deep Ancient Forest
Estonia,1990,T+90,1.1004929558023742,1.0734727523323542,0.6773506006640532,0.6241847114471362,8.0,1.0,3.382335113792291,3.0734727523323544,Deep Ancient Forest
Estonia,1991,T+91,1.1983835806578267,0.9921567416492215,0.6897778029866263,0.6498019170849885,8.0,1.0,3.58575150994705,2.9921567416492216,Deep Ancient Forest
Estonia,1992,T+92,1.1983835806578267,0.9921567416492215,0.6897778029866263,0.6498019170849885,8.0,1.0,3.58575150994705,2.9921567416492216,Deep Ancient Forest
Estonia,1993,T+93,1.1983835806578267,0.9921567416492215,0.6897778029866263,0.6498019170849885,8.0,1.0,3.58575150994705,2.9921567416492216,Deep Ancient Forest
Estonia,1994,T+94,1.1983835806578267,0.9921567416492215,0.6897778029866263,0.6498019170849885,8.0,1.0,3.58575150994705,2.9921567416492216,Deep Ancient Forest
Estonia,1995,T+95,1.1983835806578267,0.9921567416492215,0.6897778029866263,0.6498019170849885,8.0,1.0,3.58575150994705,2.9921567416492216,Deep Ancient Forest
Estonia,1996,T+96,1.1983835806578267,0.9921567416492215,0.6897778029866263,0.6498019170849885,8.0,1.0,3.58575150994705,2.9921567416492216,Deep Ancient Forest
Estonia,1997,T+97,1.1983835806578267,0.9921567416492215,0.6897778029866263,0.6498019170849885,8.0,1.0,3.58575150994705,2.9921567416492216,Deep Ancient Forest
Estonia,1998,T+98,1.1983835806578267,0.9921567416492215,0.6897778029866263,0.6498019170849885,8.0,1.0,3.58575150994705,2.9921567416492216,Deep Ancient Forest
Estonia,1999,T+99,1.1983835806578267,0.9921567416492215,0.6897778029866263,0.6498019170849885,8.0,1.0,3.58575150994705,2.9921567416492216,Deep Ancient Forest
Estonia,2000,T+100,1.1983835806578267,0.9921567416492215,0.6897778029866263,0.6498019170849885,8.0,1.0,3.58575150994705,2.9921567416492216,Deep Ancient Forest
Estonia,2001,T+101,1.1983835806578267,0.9921567416492215,0.6897778029866263,0.6498019170849885,8.0,1.0,3.58575150994705,2.9921567416492216,Deep Ancient Forest
Estonia,2002,T+102,1.1983835806578267,0.9921567416492215,0.6897778029866263,0.6498019170849885,8.0,1.0,3.58575150994705,2.9921567416492216,Deep Ancient Forest
Estonia,2003,T+103,1.1983835806578267,0.9921567416492215,0.6897778029866263,0.6498019170849885,8.0,1.0,3.58575150994705,2.9921567416492216,Deep Ancient Forest
Estonia,2004,T+104,1.1983835806578267,0.9921567416492215,0.6897778029866263,0.6498019170849885,8.0,1.0,3.58575150994705,2.9921567416492216,Deep Ancient Forest
Estonia,2005,T+105,0.6820476086782495,0.9921567416492215,0.6004864549391705,0.5656854249492381,8.0,2.0,2.71749148350821,3.9843134832984433,Deep Ancient Forest
Estonia,2006,T+106,0.5077856660525903,0.9270248108869579,0.5447196532385036,0.513247277766024,7.0,2.0,1.9570311541922016,3.8540496217739157,Deep Ancient Forest
Estonia,2007,T+107,0.8822330716093635,0.9270248108869579,0.6257185696096244,0.589566303676538,7.0,1.0,2.582318089585617,2.927024810886958,Deep Ancient Forest
Estonia,2008,T+108,1.1983835806578267,0.9921567416492215,0.6897778029866263,0.6498019170849885,8.0,1.0,3.58575150994705,2.9921567416492216,Deep Ancient Forest
Estonia,2009,T+109,1.1983835806578267,0.9921567416492215,0.6897778029866263,0.6498019170849885,8.0,1.0,3.58575150994705,2.9921567416492216,Deep Ancient Forest
Estonia,2010,T+110,1.1983835806578267,0.9921567416492215,0.6897778029866263,0.6498019170849885,8.0,1.0,3.58575150994705,2.9921567416492216,Deep Ancient Forest
Estonia,2011,T+111,1.1983835806578267,0.9921567416492215,0.6897778029866263,0.6498019170849885,8.0,1.0,3.58575150994705,2.9921567416492216,Deep Ancient Forest
Estonia,2012,T+112,1.1983835806578267,0.9921567416492215,0.6897778029866263,0.6498019170849885,8.0,1.0,3.58575150994705,2.9921567416492216,Deep Ancient Forest
Estonia,2013,T+113,1.1983835806578267,0.9921567416492215,0.6897778029866263,0.6498019170849885,8.0,1.0,3.58575150994705,2.9921567416492216,Deep Ancient Forest
Estonia,2014,T+114,1.1983835806578267,0.9921567416492215,0.6897778029866263,0.6498019170849885,8.0,1.0,3.58575150994705,2.9921567416492216,Deep Ancient Forest
Estonia,2015,T+115,1.1983835806578267,0.9921567416492215,0.6897778029866263,0.6498019170849885,8.0,1.0,3.58575150994705,2.9921567416492216,Deep Ancient Forest
Estonia,2016,T+116,1.1983835806578267,0.9921567416492215,0.6897778029866263,0.6498019170849885,8.0,1.0,3.58575150994705,2.9921567416492216,Deep Ancient Forest
Estonia,2017,T+117,0.5015970803102029,1.1110243021644486,0.5572450576060393,0.5429176532845369,7.0,2.0,2.117767252859142,4.222048604328897,Deep Ancient Forest
Estonia,2018,T+118,0.8982284842259983,1.1110243021644486,0.6401064810022853,0.6236486152267979,7.0,1.0,2.794410643323417,3.1110243021644486,Deep Ancient Forest
Estonia,2019,T+119,0.41023892790572325,1.5811388300841898,0.5572450576060393,0.5429176532845369,7.0,2.0,2.117767252859142,5.16227766016838,Deep Ancient Forest
Estonia,2020,T+120,0.7803134075250923,1.5811388300841898,0.6401064810022853,0.6236486152267979,7.0,1.0,2.794410643323417,3.58113883008419,Deep Ancient Forest
Estonia,2021,T+121,1.1983835806578267,0.9921567416492215,0.6897778029866263,0.6498019170849885,8.0,1.0,3.58575150994705,2.9921567416492216,Deep Ancient Forest
Estonia,2022,T+122,1.1983835806578267,0.9921567416492215,0.6897778029866263,0.6498019170849885,8.0,1.0,3.58575150994705,2.9921567416492216,Deep Ancient Forest
Finland,1900,T+0,0.03782653705177865,3.239767545673609,0.3427379373223563,0.33475479594776575,6.0,5.0,0.6883990096314211,18.198837728368044,Standard Transplant
Finland,1901,T+1,0.02651943746552132,4.440140059727846,0.3309066621152112,0.3232477269618181,6.0,5.0,0.6417889581915862,24.20070029863923,Standard Transplant
Finland,1902,T+2,0.021435404761231115,5.091352963604075,0.32292621752904377,0.3037571408786092,6.0,5.0,0.5885468673081969,27.456764818020375,Standard Transplant
Finland,1903,T+3,0.01854452647767705,4.067785023818245,0.27738663095192806,0.29423428095830745,6.0,6.0,0.4896999354335277,26.406710142909468,Failed Transplant
Finland,1904,T+4,0.02651943746552132,4.440140059727846,0.3309066621152112,0.3232477269618181,6.0,5.0,0.6417889581915862,24.20070029863923,Standard Transplant
Finland,1905,T+5,0.0862586409502644,3.2210246816812815,0.4282659600790262,0.4282659600790262,7.0,4.0,1.2838821279368702,14.884098726725126,Intermediate/Uncertain
Finland,1906,T+6,0.03640662473082495,3.282886496667224,0.33821995851347947,0.3303606209395301,6.0,5.0,0.6704073330519311,18.41443248333612,Standard Transplant
Finland,1907,T+7,0.03640662473082495,3.282886496667224,0.33821995851347947,0.3303606209395301,6.0,5.0,0.6704073330519311,18.41443248333612,Standard Transplant
Finland,1908,T+8,0.03778806921764636,3.0714155938264036,0.33453017622020564,0.32677194781271546,6.0,5.0,0.6558904637136453,17.357077969132018,Standard Transplant
Finland,1909,T+9,0.04886605501702282,2.511691412176265,0.3484322212148793,0.34029304236918795,6.0,5.0,0.7114143636999912,14.558457060881326,Standard Transplant
Finland,1910,T+10,0.030899327053197995,2.8476964374736293,0.3171775458415111,0.3098948224513935,6.0,6.0,0.5897500755247428,19.086178624841775,Standard Transplant
Finland,1911,T+11,0.031087642646346104,2.8284271247461903,0.3171775458415111,0.3098948224513935,6.0,6.0,0.5897500755247428,18.970562748477143,Standard Transplant
Finland,1912,T+12,0.029789743237708544,2.9047375096555625,0.31420368016473244,0.30700244805400245,6.0,6.0,0.578767793988898,19.428425057933374,Standard Transplant
Finland,1913,T+13,0.07116970834641145,2.5731486062798625,0.3887692293631619,0.3887692293631619,7.0,5.0,1.0579905958973874,14.865743031399312,Standard Transplant
Finland,1914,T+14,0.00206290267066358,1.9595519258238603,0.12185982979388954,0.12185982979388954,3.0,10.0,0.044549454352187184,21.595519258238603,Ruptured
Finland,1915,T+15,0.01820950589879016,1.5194057226429023,0.22705066903691432,0.22705066903691432,5.0,8.0,0.257760031550552,14.155245781143218,Intermediate/Uncertain
Finland,1916,T+16,0.06733437439360783,1.79843682124227,0.355414438562493,0.3470839296816011,6.0,5.0,0.7401518400111005,10.992184106211349,Intermediate/Uncertain
Finland,1917,T+17,0.06617014116034367,1.8371173070873836,0.355414438562493,0.3470839296816011,6.0,5.0,0.7401518400111005,11.185586535436919,Intermediate/Uncertain
Finland,1918,T+18,0.10388230904898228,1.6944302139657448,0.3652470087152298,0.35664706307810784,7.0,4.0,0.9118499106944553,8.77772085586298,Young Ancient Forest
Finland,1919,T+19,0.14845148235071529,1.620185174601965,0.42409206010533124,0.42409206010533124,7.0,4.0,1.2589785281106873,8.48074069840786,Young Ancient Forest
Finland,1920,T+20,0.14827617410034621,1.6665364532466729,0.4284495211716313,0.4284495211716313,7.0,4.0,1.2849829453454011,8.666145812986692,Young Ancient Forest
Finland,1921,T+21,0.140477371372532,1.8540496217739157,0.43470233030188293,0.43470233030188293,7.0,4.0,1.3227628117892114,9.416198487095663,Young Ancient Forest
Finland,1922,T+22,0.140477371372532,1.8540496217739157,0.43470233030188293,0.43470233030188293,7.0,4.0,1.3227628117892114,9.416198487095663,Young Ancient Forest
Finland,1923,T+23,0.140477371372532,1.8540496217739157,0.43470233030188293,0.43470233030188293,7.0,4.0,1.3227628117892114,9.416198487095663,Young Ancient Forest
Finland,1924,T+24,0.140477371372532,1.8540496217739157,0.43470233030188293,0.43470233030188293,7.0,4.0,1.3227628117892114,9.416198487095663,Young Ancient Forest
Finland,1925,T+25,0.09923525778835783,2.0879116360612584,0.4199392409786326,0.4199392409786326,7.0,5.0,1.2344427627959704,12.439558180306292,Intermediate/Uncertain
Finland,1926,T+26,0.045949679015229186,2.3242942477233814,0.3437597586071829,0.3552397604255951,6.0,6.0,0.7327028057494562,15.945765486340289,Standard Transplant
Finland,1927,T+27,0.03775870318242564,1.9435389756832766,0.32265910491949007,0.3043542325451994,6.0,7.0,0.5892159855089542,15.604772829782936,Intermediate/Uncertain
Finland,1928,T+28,0.140477371372532,1.8540496217739157,0.43470233030188293,0.43470233030188293,7.0,4.0,1.3227628117892114,9.416198487095663,Young Ancient Forest
Finland,1929,T+29,0.140477371372532,1.8540496217739157,0.43470233030188293,0.43470233030188293,7.0,4.0,1.3227628117892114,9.416198487095663,Young Ancient Forest
Finland,1930,T+30,0.1684042497438156,1.539835624344365,0.44305239156071463,0.44305239156071463,7.0,4.0,1.3740679516736816,8.159342497377459,Deep Ancient Forest
Finland,1931,T+31,0.1684042497438156,1.539835624344365,0.44305239156071463,0.44305239156071463,7.0,4.0,1.3740679516736816,8.159342497377459,Deep Ancient Forest
Finland,1932,T+32,0.1684042497438156,1.539835624344365,0.44305239156071463,0.44305239156071463,7.0,4.0,1.3740679516736816,8.159342497377459,Deep Ancient Forest
Finland,1933,T+33,0.1684042497438156,1.539835624344365,0.44305239156071463,0.44305239156071463,7.0,4.0,1.3740679516736816,8.159342497377459,Deep Ancient Forest
Finland,1934,T+34,0.1684042497438156,1.539835624344365,0.44305239156071463,0.44305239156071463,7.0,4.0,1.3740679516736816,8.159342497377459,Deep Ancient Forest
Finland,1935,T+35,0.09205690767855025,1.4017288432503627,0.37000902530263824,0.37000902530263824,7.0,6.0,0.9583467516378587,10.410373059502177,Young Ancient Forest
Finland,1936,T+36,0.01697312278516174,2.0300477211139643,0.2505732168631909,0.22884361767869807,6.0,9.0,0.3440524886421693,20.270429490025677,Standard Transplant
Finland,1937,T+37,0.0614870266053342,1.4017288432503627,0.32211156540186153,0.32211156540186153,7.0,7.0,0.7262910239594641,11.81210190275254,Intermediate/Uncertain
Finland,1938,T+38,0.05870314932761714,1.3792547806696194,0.31263225638087583,0.31263225638087583,7.0,7.0,0.6841724941085837,11.654783464687336,Intermediate/Uncertain
Finland,1939,T+39,0.05870314932761714,1.3792547806696194,0.31263225638087583,0.31263225638087583,7.0,7.0,0.6841724941085837,11.654783464687336,Intermediate/Uncertain
Finland,1940,T+40,0.016277063822166937,1.818954026356906,0.22691519490597806,0.21962625343917724,6.0,9.0,0.29901920463372383,18.370586237212155,Intermediate/Uncertain
Finland,1941,T+41,0.006408372082889944,2.178553132241672,0.17770337448120446,0.17155164931254768,5.0,10.0,0.15242653490327962,23.785531322416716,Standard Transplant
Finland,1942,T+42,0.02200605118413804,1.9911915402592488,0.26065711111232864,0.2522843160397448,6.0,8.0,0.3945582059872176,17.92953232207399,Intermediate/Uncertain
Finland,1943,T+43,0.03951837015690618,1.757795138803154,0.3069454709989071,0.3069454709989071,6.0,7.0,0.5652931330004456,14.304565971622079,Intermediate/Uncertain
Finland,1944,T+44,0.08015554532418284,1.5360257159305635,0.35837669009072043,0.35837669009072043,7.0,6.0,0.8990369640026619,11.216154295583381,Young Ancient Forest
Finland,1945,T+45,0.10933956708832562,1.4577379737113252,0.3809051867489369,0.3809051867489369,7.0,5.0,1.0156213290456977,9.288689868556625,Young Ancient Forest
Finland,1946,T+46,0.17570367601044476,1.3919410907075054,0.43583811177514653,0.43583811177514653,7.0,4.0,1.329684017730076,7.5677643628300215,Deep Ancient Forest
Finland,1947,T+47,0.1760999576455516,1.4086784586980805,0.4382551088354875,0.4382551088354875,7.0,4.0,1.344472782942835,7.634713834792322,Deep Ancient Forest
Finland,1948,T+48,0.37416482910191706,1.5360257159305635,0.5559350295555859,0.5559350295555859,8.0,3.0,2.4725100566957616,6.608077147791691,Deep Ancient Forest
Finland,1949,T+49,0.2615973910147143,0.8454843286542927,0.44847372277036784,0.44847372277036784,7.0,4.0,1.4079007601085893,5.38193731461717,Deep Ancient Forest
Finland,1950,T+50,0.2615973910147143,0.8454843286542927,0.44847372277036784,0.44847372277036784,7.0,4.0,1.4079007601085893,5.38193731461717,Deep Ancient Forest
Finland,1951,T+51,0.37416482910191706,1.5360257159305635,0.5559350295555859,0.5559350295555859,8.0,3.0,2.4725100566957616,6.608077147791691,Deep Ancient Forest
Finland,1952,T+52,0.37416482910191706,1.5360257159305635,0.5559350295555859,0.5559350295555859,8.0,3.0,2.4725100566957616,6.608077147791691,Deep Ancient Forest
Finland,1953,T+53,0.27960608626535977,1.5206906325745548,0.5315060673817588,0.5315060673817588,8.0,4.0,2.2599895973089814,8.082762530298218,Deep Ancient Forest
Finland,1954,T+54,0.08538541374510569,1.479019945774904,0.3641999465626648,0.3641999465626648,7.0,6.0,0.9284912075337353,10.874119674649425,Young Ancient Forest
Finland,1955,T+55,0.23420853352944862,1.479019945774904,0.48140594061845,0.48140594061845,8.0,4.0,1.8540134373018768,7.916079783099616,Deep Ancient Forest
Finland,1956,T+56,0.37416482910191706,1.5360257159305635,0.5559350295555859,0.5559350295555859,8.0,3.0,2.4725100566957616,6.608077147791691,Deep Ancient Forest
Finland,1957,T+57,0.14959950669174524,1.964529205687714,0.47019437651432133,0.47019437651432133,8.0,5.0,1.7686620136455309,11.82264602843857,Young Ancient Forest
Finland,1958,T+58,0.30982744642566945,1.899835519196333,0.5460675845849459,0.5460675845849459,8.0,3.0,2.3855184554754962,7.6995065575889985,Deep Ancient Forest
Finland,1959,T+59,0.3705500722081067,1.5811388300841898,0.5588798470369578,0.5588798470369578,8.0,3.0,2.498773467392427,6.743416490252569,Deep Ancient Forest
Finland,1960,T+60,0.3705500722081067,1.5811388300841898,0.5588798470369578,0.5588798470369578,8.0,3.0,2.498773467392427,6.743416490252569,Deep Ancient Forest
Finland,1961,T+61,0.3705500722081067,1.5811388300841898,0.5588798470369578,0.5588798470369578,8.0,3.0,2.498773467392427,6.743416490252569,Deep Ancient Forest
Finland,1962,T+62,0.3705500722081067,1.5811388300841898,0.5588798470369578,0.5588798470369578,8.0,3.0,2.498773467392427,6.743416490252569,Deep Ancient Forest
Finland,1963,T+63,0.3705500722081067,1.5811388300841898,0.5588798470369578,0.5588798470369578,8.0,3.0,2.498773467392427,6.743416490252569,Deep Ancient Forest
Finland,1964,T+64,0.3705500722081067,1.5811388300841898,0.5588798470369578,0.5588798470369578,8.0,3.0,2.498773467392427,6.743416490252569,Deep Ancient Forest
Finland,1965,T+65,0.3705500722081067,1.5811388300841898,0.5588798470369578,0.5588798470369578,8.0,3.0,2.498773467392427,6.743416490252569,Deep Ancient Forest
Finland,1966,T+66,0.3705500722081067,1.5811388300841898,0.5588798470369578,0.5588798470369578,8.0,3.0,2.498773467392427,6.743416490252569,Deep Ancient Forest
Finland,1967,T+67,0.3705500722081067,1.5811388300841898,0.5588798470369578,0.5588798470369578,8.0,3.0,2.498773467392427,6.743416490252569,Deep Ancient Forest
Finland,1968,T+68,0.3705500722081067,1.5811388300841898,0.5588798470369578,0.5588798470369578,8.0,3.0,2.498773467392427,6.743416490252569,Deep Ancient Forest
Finland,1969,T+69,0.1783474972328434,1.5206906325745548,0.46270290635449784,0.46270290635449784,8.0,5.0,1.7127518363911935,9.603453162872775,Deep Ancient Forest
Finland,1970,T+70,0.1783474972328434,1.5206906325745548,0.46270290635449784,0.46270290635449784,8.0,5.0,1.7127518363911935,9.603453162872775,Deep Ancient Forest
Finland,1971,T+71,0.2583593151738178,1.6909686573085854,0.5320043053724026,0.5320043053724026,8.0,4.0,2.264228647478181,8.76387462923434,Deep Ancient Forest
Finland,1972,T+72,0.2583593151738178,1.6909686573085854,0.5320043053724026,0.5320043053724026,8.0,4.0,2.264228647478181,8.76387462923434,Deep Ancient Forest
Finland,1973,T+73,0.24677351324091715,1.7275343701356567,0.5242597077705236,0.5242597077705236,8.0,4.0,2.198785929533078,8.910137480542627,Deep Ancient Forest
Finland,1974,T+74,0.24677351324091715,1.7275343701356567,0.5242597077705236,0.5242597077705236,8.0,4.0,2.198785929533078,8.910137480542627,Deep Ancient Forest
Finland,1975,T+75,0.1783474972328434,1.5206906325745548,0.46270290635449784,0.46270290635449784,8.0,5.0,1.7127518363911935,9.603453162872775,Deep Ancient Forest
Finland,1976,T+76,0.1783474972328434,1.5206906325745548,0.46270290635449784,0.46270290635449784,8.0,5.0,1.7127518363911935,9.603453162872775,Deep Ancient Forest
Finland,1977,T+77,0.1783474972328434,1.5206906325745548,0.46270290635449784,0.46270290635449784,8.0,5.0,1.7127518363911935,9.603453162872775,Deep Ancient Forest
Finland,1978,T+78,0.1783474972328434,1.5206906325745548,0.46270290635449784,0.46270290635449784,8.0,5.0,1.7127518363911935,9.603453162872775,Deep Ancient Forest
Finland,1979,T+79,0.2825632179348641,1.541103500742244,0.5370012911101074,0.5370012911101074,8.0,4.0,2.3069630932313787,8.164414002968975,Deep Ancient Forest
Finland,1980,T+80,0.3705500722081067,1.5811388300841898,0.5588798470369578,0.5588798470369578,8.0,3.0,2.498773467392427,6.743416490252569,Deep Ancient Forest
Finland,1981,T+81,0.3705500722081067,1.5811388300841898,0.5588798470369578,0.5588798470369578,8.0,3.0,2.498773467392427,6.743416490252569,Deep Ancient Forest
Finland,1982,T+82,0.3705500722081067,1.5811388300841898,0.5588798470369578,0.5588798470369578,8.0,3.0,2.498773467392427,6.743416490252569,Deep Ancient Forest
Finland,1983,T+83,0.3705500722081067,1.5811388300841898,0.5588798470369578,0.5588798470369578,8.0,3.0,2.498773467392427,6.743416490252569,Deep Ancient Forest
Finland,1984,T+84,0.3705500722081067,1.5811388300841898,0.5588798470369578,0.5588798470369578,8.0,3.0,2.498773467392427,6.743416490252569,Deep Ancient Forest
Finland,1985,T+85,0.3705500722081067,1.5811388300841898,0.5588798470369578,0.5588798470369578,8.0,3.0,2.498773467392427,6.743416490252569,Deep Ancient Forest
Finland,1986,T+86,0.0790471121298495,2.4462982238476156,0.4339735153671582,0.4339735153671582,7.0,6.0,1.3183310842809037,16.677789343085692,Standard Transplant
Finland,1987,T+87,0.0072450354160536285,3.2445868381043526,0.22341062479541218,0.22341062479541218,5.0,10.0,0.2495615363573822,34.445868381043525,Standard Transplant
Finland,1988,T+88,0.004674427387031479,2.537222891273055,0.1788501443064574,0.1788501443064574,4.0,10.0,0.12794949647376255,27.37222891273055,Ruptured
Finland,1989,T+89,0.004375371146680558,2.724311839712921,0.1788501443064574,0.1788501443064574,4.0,10.0,0.12794949647376255,29.243118397129212,Ruptured
Finland,1990,T+90,0.01374745912096553,2.669269563007828,0.26749055536393046,0.26749055536393046,5.0,9.0,0.35775598604451975,26.02342606707045,Standard Transplant
Finland,1991,T+91,0.05524003960431375,1.8027756377319946,0.3668736982011382,0.3668736982011382,6.0,7.0,0.807577862590679,14.619429464123963,Intermediate/Uncertain
Finland,1992,T+92,0.1367725520712231,1.8540496217739157,0.4692639519694598,0.4692639519694598,7.0,5.0,1.5414605963259682,11.270248108869579,Young Ancient Forest
Finland,1993,T+93,0.2752273529575412,1.7275343701356567,0.553659818080733,0.553659818080733,8.0,4.0,2.452313553257522,8.910137480542627,Deep Ancient Forest
Finland,1994,T+94,0.3705500722081067,1.5811388300841898,0.5588798470369578,0.5588798470369578,8.0,3.0,2.498773467392427,6.743416490252569,Deep Ancient Forest
Finland,1995,T+95,0.3705500722081067,1.5811388300841898,0.5588798470369578,0.5588798470369578,8.0,3.0,2.498773467392427,6.743416490252569,Deep Ancient Forest
Finland,1996,T+96,0.3705500722081067,1.5811388300841898,0.5588798470369578,0.5588798470369578,8.0,3.0,2.498773467392427,6.743416490252569,Deep Ancient Forest
Finland,1997,T+97,0.3705500722081067,1.5811388300841898,0.5588798470369578,0.5588798470369578,8.0,3.0,2.498773467392427,6.743416490252569,Deep Ancient Forest
Finland,1998,T+98,0.3705500722081067,1.5811388300841898,0.5588798470369578,0.5588798470369578,8.0,3.0,2.498773467392427,6.743416490252569,Deep Ancient Forest
Finland,1999,T+99,0.3705500722081067,1.5811388300841898,0.5588798470369578,0.5588798470369578,8.0,3.0,2.498773467392427,6.743416490252569,Deep Ancient Forest
Finland,2000,T+100,0.3705500722081067,1.5811388300841898,0.5588798470369578,0.5588798470369578,8.0,3.0,2.498773467392427,6.743416490252569,Deep Ancient Forest
Finland,2001,T+101,0.3705500722081067,1.5811388300841898,0.5588798470369578,0.5588798470369578,8.0,3.0,2.498773467392427,6.743416490252569,Deep Ancient Forest
Finland,2002,T+102,0.3705500722081067,1.5811388300841898,0.5588798470369578,0.5588798470369578,8.0,3.0,2.498773467392427,6.743416490252569,Deep Ancient Forest
Finland,2003,T+103,0.3705500722081067,1.5811388300841898,0.5588798470369578,0.5588798470369578,8.0,3.0,2.498773467392427,6.743416490252569,Deep Ancient Forest
Finland,2004,T+104,0.05224344057191041,2.4462982238476156,0.3777958882584788,0.3777958882584788,7.0,7.0,0.999108132295091,19.12408756693331,Standard Transplant
Finland,2005,T+105,0.011142466291793746,2.860698122836452,0.22699560356458917,0.22699560356458917,6.0,9.0,0.30916202422591277,27.746283105528068,Standard Transplant
Finland,2006,T+106,0.021655927958930104,2.3048861143232218,0.2716086145787833,0.2716086145787833,6.0,8.0,0.4426274370804364,20.439088914585774,Standard Transplant
Finland,2007,T+107,0.011057794475630767,3.0866395562164364,0.2566314171913498,0.2566314171913498,5.0,9.0,0.32929842144820315,29.779756005947927,Standard Transplant
Finland,2008,T+108,0.009425493103629591,3.3018697354680726,0.24451860460664232,0.24451860460664232,5.0,9.0,0.2989467399938974,31.716827619212655,Standard Transplant
Finland,2009,T+109,0.008528322958177093,3.29772648956823,0.2324535801803515,0.2324535801803515,5.0,9.0,0.27017333469331556,31.67953840611407,Standard Transplant
Finland,2010,T+110,0.016235963723320493,2.105610065990377,0.2473721070054855,0.2473721070054855,5.0,8.0,0.30596479662166687,18.844880527923017,Standard Transplant
Finland,2011,T+111,0.0497478317108868,1.4737282653189494,0.31955676687573137,0.31955676687573137,6.0,7.0,0.6126991635364232,12.316097857232645,Intermediate/Uncertain
Finland,2012,T+112,0.10008617614758195,1.243734296383275,0.36782294100496543,0.36782294100496543,7.0,6.0,0.947056011506796,9.46240577829965,Young Ancient Forest
Finland,2013,T+113,0.2284716769720342,0.5448623679425842,0.3926778848147399,0.3926778848147399,7.0,5.0,1.0793714485580472,4.724311839712922,Deep Ancient Forest
Finland,2014,T+114,0.22175058733993677,1.5612494995995996,0.47806029284513996,0.47806029284513996,8.0,4.0,1.8283331487614478,8.244997998398398,Deep Ancient Forest
Finland,2015,T+115,0.22175058733993677,1.5612494995995996,0.47806029284513996,0.47806029284513996,8.0,4.0,1.8283331487614478,8.244997998398398,Deep Ancient Forest
Finland,2016,T+116,0.034887856670534935,1.6393596310755,0.2744671887922006,0.2744671887922006,7.0,8.0,0.5273256640644545,15.114877048604,Intermediate/Uncertain
Finland,2017,T+117,0.4092567107053898,0.21650635094610965,0.397106221083531,0.397106221083531,8.0,5.0,1.2615468065859377,3.082531754730548,Deep Ancient Forest
Finland,2018,T+118,0.15510569114005124,0.8267972847076845,0.3927298540698212,0.3927298540698212,7.0,6.0,1.0796571679439213,6.960783708246107,Deep Ancient Forest
Finland,2019,T+119,0.04199874635116653,2.8442650632456883,0.36256752303723966,0.36256752303723966,7.0,7.0,0.9201864613295151,21.909855442719817,Standard Transplant
Finland,2020,T+120,0.028027668897973,3.1715286140913186,0.3575797740750855,0.3575797740750855,6.0,8.0,0.7671797689655353,27.37222891273055,Standard Transplant
Finland,2021,T+121,0.025523234316897167,3.06632414300902,0.3208786430829839,0.35171476817343017,6.0,8.0,0.6771465453824193,26.53059314407216,Standard Transplant
France,1900,T+0,0.061351733879105745,2.1423920626253263,0.39984061514669034,0.39010584551375554,5.0,5.0,0.7799008062126989,12.711960313126632,Standard Transplant
France,1901,T+1,0.058528845417936785,1.9354828209002528,0.3567178767544857,0.3831966994320223,5.0,5.0,0.6834655650035891,11.677414104501263,Intermediate/Uncertain
France,1902,T+2,0.058528845417936785,1.9354828209002528,0.3567178767544857,0.3831966994320223,5.0,5.0,0.6834655650035891,11.677414104501263,Intermediate/Uncertain
France,1903,T+3,0.058528845417936785,1.9354828209002528,0.3567178767544857,0.3831966994320223,5.0,5.0,0.6834655650035891,11.677414104501263,Intermediate/Uncertain
France,1904,T+4,0.056871134327872566,1.9162137145944864,0.34539059899114816,0.3813818374892701,5.0,5.0,0.6586285064738187,11.581068572972432,Intermediate/Uncertain
France,1905,T+5,0.0339077379922279,2.1937410968480306,0.2730701686144085,0.32207067501314846,5.0,5.0,0.4397394676579841,12.968705484240154,Standard Transplant
France,1906,T+6,0.06376774531937546,2.0832291640623697,0.40287372015767203,0.3930510156919684,5.0,5.0,0.7917496245178741,12.416145820311849,Standard Transplant
France,1907,T+7,0.06376774531937546,2.0832291640623697,0.40287372015767203,0.3930510156919684,5.0,5.0,0.7917496245178741,12.416145820311849,Standard Transplant
France,1908,T+8,0.06376774531937546,2.0832291640623697,0.40287372015767203,0.3930510156919684,5.0,5.0,0.7917496245178741,12.416145820311849,Standard Transplant
France,1909,T+9,0.06376774531937546,2.0832291640623697,0.40287372015767203,0.3930510156919684,5.0,5.0,0.7917496245178741,12.416145820311849,Standard Transplant
France,1910,T+10,0.06376774531937546,2.0832291640623697,0.40287372015767203,0.3930510156919684,5.0,5.0,0.7917496245178741,12.416145820311849,Standard Transplant
France,1911,T+11,0.05761115818818843,2.2491317769308226,0.39549952051996096,0.38589060654604657,5.0,5.0,0.7630977493105916,13.245658884654112,Standard Transplant
France,1912,T+12,0.057339199556469204,2.207055447876197,0.39140908541970987,0.38191876006214415,5.0,5.0,0.7474323629027673,13.035277239380985,Standard Transplant
France,1913,T+13,0.058932460193381955,2.171369095755026,0.39409110982376044,0.38452302805268507,5.0,5.0,0.7576855343903781,12.85684547877513,Standard Transplant
France,1914,T+14,0.024476536514889412,1.479019945774904,0.2423292064416149,0.24954653830857335,5.0,7.0,0.3023620729928432,12.353139620424328,Intermediate/Uncertain
France,1915,T+15,0.0113045097447995,2.1999644883497553,0.22858963003614877,0.2423176189452058,4.0,8.0,0.22156517946370025,19.599715906798043,Standard Transplant
France,1916,T+16,0.0045001244405199654,2.8932842497756766,0.1889487547171831,0.2226026867478615,3.0,9.0,0.12618150137312287,28.039558247981088,Ruptured
France,1917,T+17,0.0024644358959124203,3.44544536308443,0.1439494589000483,0.18837302454426474,3.0,9.0,0.08134858486353727,33.00900826775987,Ruptured
France,1918,T+18,0.00959935606964436,2.235194342780958,0.20105123404559858,0.2373152844534105,4.0,8.0,0.19085012318896175,19.881554742247666,Standard Transplant
France,1919,T+19,0.030890636732725175,2.068174013471787,0.28408595274297743,0.31335906761251764,5.0,6.0,0.4451045463667658,14.409044080830723,Standard Transplant
France,1920,T+20,0.028014163485364844,2.2878756522153907,0.2826539189573053,0.3117493392117913,5.0,6.0,0.4405858623028157,15.727253913292344,Standard Transplant
France,1921,T+21,0.04072850684811533,1.9324531042175384,0.2933784990880208,0.32380468413102875,5.0,5.0,0.4749866611401594,11.662265521087692,Intermediate/Uncertain
France,1922,T+22,0.04232926122799058,2.03100960115899,0.3144352898012688,0.3272623773249158,5.0,5.0,0.5145142022760604,12.155048005794951,Standard Transplant
France,1923,T+23,0.0344007673947703,2.61530949411346,0.31569010309799717,0.3285784366133261,5.0,5.0,0.5186448026511982,15.076547470567299,Standard Transplant
France,1924,T+24,0.043409074325563804,1.9324531042175384,0.3119089721821296,0.32461275305267445,5.0,5.0,0.5062481508093557,11.662265521087692,Intermediate/Uncertain
France,1925,T+25,0.04630270338964076,1.8666480653835098,0.3175385666987766,0.33051712159334395,5.0,5.0,0.5247596653007786,11.333240326917549,Intermediate/Uncertain
France,1926,T+26,0.08938316748042509,1.6007810593582121,0.37983832832728287,0.39548292263233936,5.0,4.0,0.7510978610732797,8.403124237432849,Young Ancient Forest
France,1927,T+27,0.08792778114971467,1.695582495781317,0.39044755324398916,0.3955516085707237,5.0,4.0,0.772210788740816,8.782329983125269,Young Ancient Forest
France,1928,T+28,0.0852399397464296,1.920286436967152,0.41132113552702476,0.4012535262343719,5.0,4.0,0.8252202802247233,9.681145747868609,Young Ancient Forest
France,1929,T+29,0.06239616174496859,1.9324531042175384,0.38619005234862963,0.37685103556714655,5.0,5.0,0.727680605766558,11.662265521087692,Intermediate/Uncertain
France,1930,T+30,0.02909217360758216,2.5860201081971503,0.30417790757250274,0.3350552490311425,5.0,6.0,0.5095820228573837,17.516120649182902,Standard Transplant
France,1931,T+31,0.016190345778557626,3.119995993587171,0.29605924636034225,0.32592917975830277,4.0,7.0,0.38597738930435055,23.839971955110197,Standard Transplant
France,1932,T+32,0.010736052672260042,3.3395125018481364,0.24334847510297572,0.2798911931396114,4.0,7.0,0.2724443801811076,25.376587512936954,Standard Transplant
France,1933,T+33,0.010781674942131727,3.239767545673609,0.24052926946044736,0.276550744156588,4.0,7.0,0.26607419384290876,24.678372819715264,Standard Transplant
France,1934,T+34,0.008486244715000726,3.418698582794336,0.22264255329551919,0.24709548515737687,4.0,7.0,0.2200558788929338,25.930890079560353,Standard Transplant
France,1935,T+35,0.014402094934302126,2.4866832830097203,0.2341644344893868,0.2601642758865858,4.0,6.0,0.2436848821492927,16.920099698058323,Standard Transplant
France,1936,T+36,0.019833958684719096,2.55868618630734,0.24872609807139368,0.2559665486746259,7.0,8.0,0.4456589262204882,22.46948949045872,Standard Transplant
France,1937,T+37,0.021626740260165263,2.1130176880471208,0.211995520363512,0.24956469850808793,6.0,6.0,0.3174395887475105,14.678106128282725,Standard Transplant
France,1938,T+38,0.014911905124811687,2.207055447876197,0.18166667714190463,0.25022995134727005,5.0,6.0,0.22729221891319507,15.242332687257182,Standard Transplant
France,1939,T+39,0.007181352734419203,2.222048604328897,0.16556135876438696,0.21445406267266248,4.0,8.0,0.142021224034516,19.776388834631177,Standard Transplant
France,1940,T+40,0.0009878627355497322,3.3674684482560484,0.09418878387766143,0.11294725867111584,3.0,9.0,0.03191509480964415,32.30721603430443,Ruptured
France,1941,T+41,0.0014318158172780934,2.5248762345905194,0.09911908594594031,0.11904888905745074,3.0,9.0,0.03540005119876252,24.723886111314673,Ruptured
France,1942,T+42,0.0012141395645724783,2.5617376914898995,0.09199289767946792,0.11022967955197104,3.0,9.0,0.030421042896795026,25.055639223409095,Ruptured
France,1943,T+43,0.0024404941393792448,1.6944302139657448,0.11845985443698238,0.11845985443698238,3.0,9.0,0.042098211339693166,17.249871925691703,Ruptured
France,1944,T+44,0.009521367197354158,1.3863170633011772,0.15335566787389293,0.16254998151145902,5.0,8.0,0.12463980488789372,13.090536506409418,Intermediate/Uncertain
France,1945,T+45,0.03146873412893903,1.3448396744593758,0.2445053897073733,0.25918437348703477,5.0,6.0,0.31685988122754416,10.069038046756255,Intermediate/Uncertain
France,1946,T+46,0.02954187045485433,2.4206145913796355,0.27493657095317375,0.30307438029334016,5.0,5.0,0.41663115430804537,14.103072956898178,Standard Transplant
France,1947,T+47,0.020600573257863193,2.3175620272173947,0.2278594808317375,0.28759811375651256,5.0,6.0,0.3276597844437296,15.905372163304367,Standard Transplant
France,1948,T+48,0.02915534900369717,2.23606797749979,0.25399460618047776,0.30258706291922705,5.0,5.0,0.3842774094073826,13.180339887498949,Standard Transplant
France,1949,T+49,0.02919407323511042,2.2325713874364688,0.25399460618047776,0.30258706291922705,5.0,5.0,0.3842774094073826,13.162856937182344,Standard Transplant
France,1950,T+50,0.029756790047675438,2.23606797749979,0.25655794412820254,0.30574349051793376,5.0,5.0,0.39220460678930835,13.180339887498949,Standard Transplant
France,1951,T+51,0.03335755845294991,2.45903944661325,0.2960580437957561,0.32213472141120103,5.0,5.0,0.47685287729845527,14.29519723306625,Standard Transplant
France,1952,T+52,0.03465318883813479,2.5248762345905194,0.31207257933615695,0.32478434568344233,5.0,5.0,0.5067814424271895,14.624381172952596,Standard Transplant
France,1953,T+53,0.031451192902714996,2.836701429477554,0.31274940750276514,0.32549420905327187,5.0,5.0,0.5089906051349598,16.183507147387772,Standard Transplant
France,1954,T+54,0.012250166290239181,4.961964706645947,0.2309885095930543,0.2843646180259241,5.0,5.0,0.328424796494032,26.809823533229736,Failed Transplant
France,1955,T+55,0.015773263456907497,4.293891009329417,0.252548287850121,0.29316365657605015,5.0,5.0,0.37018989764081167,23.469455046647084,Failed Transplant
France,1956,T+56,0.014745296923855133,4.022883760438524,0.22372660000210529,0.2915019238067771,5.0,5.0,0.32608367153681495,22.11441880219262,Failed Transplant
France,1957,T+57,0.014745296923855133,4.022883760438524,0.22372660000210529,0.2915019238067771,5.0,5.0,0.32608367153681495,22.11441880219262,Failed Transplant
France,1958,T+58,0.013464625391958987,3.553167600887974,0.20622158789447065,0.25811032395320327,5.0,5.0,0.266139604287929,19.765838004439868,Failed Transplant
France,1959,T+59,0.09628546536982464,1.5562374497485916,0.3457345115932311,0.38176842465535493,6.0,4.0,0.7919431190396182,8.224949798994366,Young Ancient Forest
France,1960,T+60,0.10030414521304482,1.5194057226429023,0.34966572127113194,0.38618744041534786,6.0,4.0,0.8102190593921095,8.07762289057161,Young Ancient Forest
France,1961,T+61,0.050521772007981185,2.923503890881625,0.3137887243692851,0.3674690847930887,6.0,4.0,0.6918459321742318,13.6940155635265,Standard Transplant
France,1962,T+62,0.1045082753834476,2.011684617428885,0.35592108781317383,0.39321900718453023,6.0,3.0,0.8397296207156053,8.035053852286655,Intermediate/Uncertain
France,1963,T+63,0.20295356717372012,1.0606601717798212,0.42391770736404283,0.4134849021965559,6.0,3.0,1.0517014306128567,5.181980515339464,Deep Ancient Forest
France,1964,T+64,0.24011462777917922,0.81967981553775,0.4277342182623173,0.41719076600335636,6.0,3.0,1.0706805969762179,4.45903944661325,Deep Ancient Forest
France,1965,T+65,0.24011462777917922,0.81967981553775,0.4277342182623173,0.41719076600335636,6.0,3.0,1.0706805969762179,4.45903944661325,Deep Ancient Forest
France,1966,T+66,0.2902877132568365,0.5994789404140899,0.43408517445740225,0.4233575972608228,6.0,3.0,1.1026395387889854,3.7984368212422694,Deep Ancient Forest
France,1967,T+67,0.1981475940075493,0.8660254037844386,0.4301334387178305,0.4195204290090722,6.0,4.0,1.0826985884523102,5.464101615137754,Deep Ancient Forest
France,1968,T+68,0.007312191399693406,2.345207879911715,0.1339883307145119,0.18014560554663483,7.0,9.0,0.16896186280923964,23.106870919205434,Standard Transplant
France,1969,T+69,0.0447033398521302,2.207940216581962,0.2686002449817286,0.36170120217075763,6.0,5.0,0.5829181890795074,13.03970108290981,Standard Transplant
France,1970,T+70,0.15323999694145116,0.9499177595981665,0.366072079562972,0.40462958972712043,6.0,4.0,0.888741572184715,5.799671038392666,Deep Ancient Forest
France,1971,T+71,0.137428509532881,1.818954026356906,0.46093412075733253,0.46093412075733253,6.0,4.0,1.2747615820700111,9.275816105427623,Young Ancient Forest
France,1972,T+72,0.137428509532881,1.818954026356906,0.46093412075733253,0.46093412075733253,6.0,4.0,1.2747615820700111,9.275816105427623,Young Ancient Forest
France,1973,T+73,0.05185005099011589,3.061224224064614,0.423632685832874,0.423632685832874,5.0,5.0,0.8973232625298726,17.30612112032307,Standard Transplant
France,1974,T+74,0.05185005099011589,3.061224224064614,0.423632685832874,0.423632685832874,5.0,5.0,0.8973232625298726,17.30612112032307,Standard Transplant
France,1975,T+75,0.035708286792838155,3.6206870894900596,0.41161821423680983,0.41161821423680983,5.0,6.0,0.8471477714575014,23.724122536940357,Standard Transplant
France,1976,T+76,0.035708286792838155,3.6206870894900596,0.41161821423680983,0.41161821423680983,5.0,6.0,0.8471477714575014,23.724122536940357,Standard Transplant
France,1977,T+77,0.12151748375364461,2.037730048362638,0.45341560767360933,0.45341560767360933,6.0,4.0,1.2335142796921705,10.150920193450553,Intermediate/Uncertain
France,1978,T+78,0.137428509532881,1.818954026356906,0.46093412075733253,0.46093412075733253,6.0,4.0,1.2747615820700111,9.275816105427623,Young Ancient Forest
France,1979,T+79,0.137428509532881,1.818954026356906,0.46093412075733253,0.46093412075733253,6.0,4.0,1.2747615820700111,9.275816105427623,Young Ancient Forest
France,1980,T+80,0.137428509532881,1.818954026356906,0.46093412075733253,0.46093412075733253,6.0,4.0,1.2747615820700111,9.275816105427623,Young Ancient Forest
France,1981,T+81,0.137428509532881,1.818954026356906,0.46093412075733253,0.46093412075733253,6.0,4.0,1.2747615820700111,9.275816105427623,Young Ancient Forest
France,1982,T+82,0.137428509532881,1.818954026356906,0.46093412075733253,0.46093412075733253,6.0,4.0,1.2747615820700111,9.275816105427623,Young Ancient Forest
France,1983,T+83,0.137428509532881,1.818954026356906,0.46093412075733253,0.46093412075733253,6.0,4.0,1.2747615820700111,9.275816105427623,Young Ancient Forest
France,1984,T+84,0.137428509532881,1.818954026356906,0.46093412075733253,0.46093412075733253,6.0,4.0,1.2747615820700111,9.275816105427623,Young Ancient Forest
France,1985,T+85,0.137428509532881,1.818954026356906,0.46093412075733253,0.46093412075733253,6.0,4.0,1.2747615820700111,9.275816105427623,Young Ancient Forest
France,1986,T+86,0.137428509532881,1.818954026356906,0.46093412075733253,0.46093412075733253,6.0,4.0,1.2747615820700111,9.275816105427623,Young Ancient Forest
France,1987,T+87,0.137428509532881,1.818954026356906,0.46093412075733253,0.46093412075733253,6.0,4.0,1.2747615820700111,9.275816105427623,Young Ancient Forest
France,1988,T+88,0.137428509532881,1.818954026356906,0.46093412075733253,0.46093412075733253,6.0,4.0,1.2747615820700111,9.275816105427623,Young Ancient Forest
France,1989,T+89,0.137428509532881,1.818954026356906,0.46093412075733253,0.46093412075733253,6.0,4.0,1.2747615820700111,9.275816105427623,Young Ancient Forest
France,1990,T+90,0.137428509532881,1.818954026356906,0.46093412075733253,0.46093412075733253,6.0,4.0,1.2747615820700111,9.275816105427623,Young Ancient Forest
France,1991,T+91,0.137428509532881,1.818954026356906,0.46093412075733253,0.46093412075733253,6.0,4.0,1.2747615820700111,9.275816105427623,Young Ancient Forest
France,1992,T+92,0.137428509532881,1.818954026356906,0.46093412075733253,0.46093412075733253,6.0,4.0,1.2747615820700111,9.275816105427623,Young Ancient Forest
France,1993,T+93,0.137428509532881,1.818954026356906,0.46093412075733253,0.46093412075733253,6.0,4.0,1.2747615820700111,9.275816105427623,Young Ancient Forest
France,1994,T+94,0.137428509532881,1.818954026356906,0.46093412075733253,0.46093412075733253,6.0,4.0,1.2747615820700111,9.275816105427623,Young Ancient Forest
France,1995,T+95,0.137428509532881,1.818954026356906,0.46093412075733253,0.46093412075733253,6.0,4.0,1.2747615820700111,9.275816105427623,Young Ancient Forest
France,1996,T+96,0.137428509532881,1.818954026356906,0.46093412075733253,0.46093412075733253,6.0,4.0,1.2747615820700111,9.275816105427623,Young Ancient Forest
France,1997,T+97,0.137428509532881,1.818954026356906,0.46093412075733253,0.46093412075733253,6.0,4.0,1.2747615820700111,9.275816105427623,Young Ancient Forest
France,1998,T+98,0.137428509532881,1.818954026356906,0.46093412075733253,0.46093412075733253,6.0,4.0,1.2747615820700111,9.275816105427623,Young Ancient Forest
France,1999,T+99,0.137428509532881,1.818954026356906,0.46093412075733253,0.46093412075733253,6.0,4.0,1.2747615820700111,9.275816105427623,Young Ancient Forest
France,2000,T+100,0.137428509532881,1.818954026356906,0.46093412075733253,0.46093412075733253,6.0,4.0,1.2747615820700111,9.275816105427623,Young Ancient Forest
France,2001,T+101,0.137428509532881,1.818954026356906,0.46093412075733253,0.46093412075733253,6.0,4.0,1.2747615820700111,9.275816105427623,Young Ancient Forest
France,2002,T+102,0.137428509532881,1.818954026356906,0.46093412075733253,0.46093412075733253,6.0,4.0,1.2747615820700111,9.275816105427623,Young Ancient Forest
France,2003,T+103,0.137428509532881,1.818954026356906,0.46093412075733253,0.46093412075733253,6.0,4.0,1.2747615820700111,9.275816105427623,Young Ancient Forest
France,2004,T+104,0.137428509532881,1.818954026356906,0.46093412075733253,0.46093412075733253,6.0,4.0,1.2747615820700111,9.275816105427623,Young Ancient Forest
France,2005,T+105,0.137428509532881,1.818954026356906,0.46093412075733253,0.46093412075733253,6.0,4.0,1.2747615820700111,9.275816105427623,Young Ancient Forest
France,2006,T+106,0.137428509532881,1.818954026356906,0.46093412075733253,0.46093412075733253,6.0,4.0,1.2747615820700111,9.275816105427623,Young Ancient Forest
France,2007,T+107,0.137428509532881,1.818954026356906,0.46093412075733253,0.46093412075733253,6.0,4.0,1.2747615820700111,9.275816105427623,Young Ancient Forest
France,2008,T+108,0.05713657937235169,2.8932842497756766,0.43378219988033584,0.43378219988033584,5.0,5.0,0.9408349846651182,16.466421248878383,Standard Transplant
France,2009,T+109,0.05713657937235169,2.8932842497756766,0.43378219988033584,0.43378219988033584,5.0,5.0,0.9408349846651182,16.466421248878383,Standard Transplant
France,2010,T+110,0.05550147771250247,2.9414866564375233,0.4306477065872888,0.4306477065872888,5.0,5.0,0.9272872359444578,16.707433282187615,Standard Transplant
France,2011,T+111,0.04224537821464905,3.2009520068254695,0.42328319727600555,0.42328319727600555,5.0,6.0,0.8958433254809892,21.205712040952818,Standard Transplant
France,2012,T+112,0.04224537821464905,3.2009520068254695,0.42328319727600555,0.42328319727600555,5.0,6.0,0.8958433254809892,21.205712040952818,Standard Transplant
France,2013,T+113,0.04224537821464905,3.2009520068254695,0.42328319727600555,0.42328319727600555,5.0,6.0,0.8958433254809892,21.205712040952818,Standard Transplant
France,2014,T+114,0.03636111094182456,2.983679565570003,0.3630013377877534,0.3987101802352299,5.0,6.0,0.7236616440749237,19.902077393420015,Standard Transplant
France,2015,T+115,0.03636111094182456,2.983679565570003,0.3630013377877534,0.3987101802352299,5.0,6.0,0.7236616440749237,19.902077393420015,Standard Transplant
France,2016,T+116,0.03636111094182456,2.983679565570003,0.3630013377877534,0.3987101802352299,5.0,6.0,0.7236616440749237,19.902077393420015,Standard Transplant
France,2017,T+117,0.03636111094182456,2.983679565570003,0.3630013377877534,0.3987101802352299,5.0,6.0,0.7236616440749237,19.902077393420015,Standard Transplant
France,2018,T+118,0.03636111094182456,2.983679565570003,0.3630013377877534,0.3987101802352299,5.0,6.0,0.7236616440749237,19.902077393420015,Standard Transplant
France,2019,T+119,0.03636111094182456,2.983679565570003,0.3630013377877534,0.3987101802352299,5.0,6.0,0.7236616440749237,19.902077393420015,Standard Transplant
France,2020,T+120,0.014346432229602104,4.240798863421843,0.3128991749013091,0.3631962269130037,4.0,7.0,0.45457519891338993,31.6855920439529,Failed Transplant
France,2021,T+121,0.014346432229602104,4.240798863421843,0.3128991749013091,0.3631962269130037,4.0,7.0,0.45457519891338993,31.6855920439529,Failed Transplant
France,2022,T+122,0.0146314093840189,3.984344362627307,0.30701261485149295,0.35612448160732874,4.0,7.0,0.4373388332435936,29.890410538391148,Failed Transplant
France,2023,T+123,0.0146314093840189,3.984344362627307,0.30701261485149295,0.35612448160732874,4.0,7.0,0.4373388332435936,29.890410538391148,Failed Transplant
France,2024,T+124,0.0146314093840189,3.984344362627307,0.30701261485149295,0.35612448160732874,4.0,7.0,0.4373388332435936,29.890410538391148,Failed Transplant
France,2025,T+125,0.0146314093840189,3.984344362627307,0.30701261485149295,0.35612448160732874,4.0,7.0,0.4373388332435936,29.890410538391148,Failed Transplant
Germany,1900,T+0,0.15706224353931722,2.3040385738958453,0.5418539713409072,0.5418539713409072,6.0,4.0,1.761634357547476,11.216154295583381,Greenhouse Garden
Germany,1901,T+1,0.15706224353931722,2.3040385738958453,0.5418539713409072,0.5418539713409072,6.0,4.0,1.761634357547476,11.216154295583381,Greenhouse Garden
Germany,1902,T+2,0.15706224353931722,2.3040385738958453,0.5418539713409072,0.5418539713409072,6.0,4.0,1.761634357547476,11.216154295583381,Greenhouse Garden
Germany,1903,T+3,0.15706224353931722,2.3040385738958453,0.5418539713409072,0.5418539713409072,6.0,4.0,1.761634357547476,11.216154295583381,Greenhouse Garden
Germany,1904,T+4,0.15055222404164498,2.3708845922988324,0.5367917413283482,0.5367917413283482,6.0,4.0,1.7288722413499216,11.48353836919533,Greenhouse Garden
Germany,1905,T+5,0.15055222404164498,2.3708845922988324,0.5367917413283482,0.5367917413283482,6.0,4.0,1.7288722413499216,11.48353836919533,Greenhouse Garden
Germany,1906,T+6,0.15055222404164498,2.3708845922988324,0.5367917413283482,0.5367917413283482,6.0,4.0,1.7288722413499216,11.48353836919533,Greenhouse Garden
Germany,1907,T+7,0.10866048866520948,2.6339134382131846,0.524139387284997,0.524139387284997,6.0,5.0,1.6483325838209524,15.169567191065923,Intermediate/Uncertain
Germany,1908,T+8,0.10866048866520948,2.6339134382131846,0.524139387284997,0.524139387284997,6.0,5.0,1.6483325838209524,15.169567191065923,Intermediate/Uncertain
Germany,1909,T+9,0.10866048866520948,2.6339134382131846,0.524139387284997,0.524139387284997,6.0,5.0,1.6483325838209524,15.169567191065923,Intermediate/Uncertain
Germany,1910,T+10,0.10324512178055893,2.7357585785299112,0.5194161596725316,0.5194161596725316,6.0,5.0,1.6187588815737652,15.678792892649556,Intermediate/Uncertain
Germany,1911,T+11,0.10324512178055893,2.7357585785299112,0.5194161596725316,0.5194161596725316,6.0,5.0,1.6187588815737652,15.678792892649556,Intermediate/Uncertain
Germany,1912,T+12,0.10324512178055893,2.7357585785299112,0.5194161596725316,0.5194161596725316,6.0,5.0,1.6187588815737652,15.678792892649556,Intermediate/Uncertain
Germany,1913,T+13,0.10324512178055893,2.7357585785299112,0.5194161596725316,0.5194161596725316,6.0,5.0,1.6187588815737652,15.678792892649556,Intermediate/Uncertain
Germany,1914,T+14,0.023435264699744374,2.8932842497756766,0.32295656213031154,0.32295656213031154,5.0,7.0,0.5215047051151489,22.252989748429737,Standard Transplant
Germany,1915,T+15,0.005963414339191843,3.3628252630786513,0.2130218383759804,0.22581266044321877,4.0,9.0,0.19241211222474197,32.26542736770786,Standard Transplant
Germany,1916,T+16,0.005963414339191843,3.3628252630786513,0.2130218383759804,0.22581266044321877,4.0,9.0,0.19241211222474197,32.26542736770786,Standard Transplant
Germany,1917,T+17,0.0025453376243665653,3.20582965080804,0.16511534905566208,0.1750086914383419,3.0,10.0,0.08668986352384946,34.0582965080804,Ruptured
Germany,1918,T+18,0.0009761536388187405,2.9308435219233386,0.12361602437583787,0.12361602437583787,2.0,10.0,0.030561842964975484,31.308435219233388,Ruptured
Germany,1919,T+19,0.002108218902953729,3.225266461860167,0.14766239343348295,0.14766239343348295,3.0,9.0,0.06541254730351412,31.0273981567415,Ruptured
Germany,1920,T+20,0.002108218902953729,3.225266461860167,0.14766239343348295,0.14766239343348295,3.0,9.0,0.06541254730351412,31.0273981567415,Ruptured
Germany,1921,T+21,0.001373007959865998,3.637908052713812,0.13623121109353156,0.12893468056528393,3.0,10.0,0.05269478305609876,38.37908052713812,Ruptured
Germany,1922,T+22,0.0011947058650578883,3.7914377220257753,0.13157311586281584,0.12080973698531358,3.0,10.0,0.04768594056517491,39.914377220257755,Ruptured
Germany,1923,T+23,0.0011947058650578883,3.7914377220257753,0.13157311586281584,0.12080973698531358,3.0,10.0,0.04768594056517491,39.914377220257755,Ruptured
Germany,1924,T+24,0.01145003475182607,2.7922884879610845,0.24834586319969182,0.24834586319969182,4.0,7.0,0.24670267107360017,21.546019415727592,Standard Transplant
Germany,1925,T+25,0.01145003475182607,2.7922884879610845,0.24834586319969182,0.24834586319969182,4.0,7.0,0.24670267107360017,21.546019415727592,Standard Transplant
Germany,1926,T+26,0.01608832272709008,2.6309456474811483,0.2674610538839432,0.2674610538839432,4.0,6.0,0.2861416613788383,17.78567388488689,Standard Transplant
Germany,1927,T+27,0.02951333726002847,2.8497532787944992,0.33575617708976285,0.33575617708976285,5.0,6.0,0.563661052269661,19.098519672766997,Standard Transplant
Germany,1928,T+28,0.0419349392698336,2.6918569334197535,0.3600789257009792,0.3600789257009792,5.0,5.0,0.6482841636698565,15.459284667098768,Standard Transplant
Germany,1929,T+29,0.0419349392698336,2.6918569334197535,0.3600789257009792,0.3600789257009792,5.0,5.0,0.6482841636698565,15.459284667098768,Standard Transplant
Germany,1930,T+30,0.004718542355883344,3.0898017735770686,0.21652661851061836,0.21652661851061836,3.0,9.0,0.14065132957092857,29.808215962193618,Ruptured
Germany,1931,T+31,0.002032809898939089,3.4860211918460853,0.19355852301673493,0.19355852301673493,2.0,10.0,0.07492980366483981,36.860211918460855,Ruptured
Germany,1932,T+32,0.001404939101582507,3.3018697354680726,0.15684249615470108,0.15684249615470108,2.0,10.0,0.04919913720007485,35.018697354680725,Ruptured
Germany,1933,T+33,0.008224045407384913,1.8874586088176875,0.1913658437276491,0.16343813700259052,4.0,7.0,0.12510590793910337,15.212210261723811,Intermediate/Uncertain
Germany,1934,T+34,0.008049854745522857,2.806243040080456,0.21090713791684615,0.17974593476125603,4.0,6.0,0.15163880261073862,18.837458240482736,Standard Transplant
Germany,1935,T+35,0.01105585857550428,3.1715286140913186,0.22658360181073015,0.20521833552506505,5.0,6.0,0.2324955481043608,21.02917168454791,Standard Transplant
Germany,1936,T+36,0.011739540984776024,4.358450842902785,0.24848662555806852,0.2248089955298014,5.0,5.0,0.2793101434714963,23.792254214513925,Failed Transplant
Germany,1937,T+37,0.01155133586537726,4.477373672143079,0.24955389078958498,0.22576358657287857,5.0,5.0,0.28170090713936574,24.386868360715397,Failed Transplant
Germany,1938,T+38,0.01100289079711558,4.8278974460939,0.2521724768776064,0.228105721171979,5.0,5.0,0.2876099234894531,26.1394872304695,Failed Transplant
Germany,1939,T+39,0.008685758931146008,4.44365769946336,0.2345143129486947,0.21231177921082647,5.0,6.0,0.24895075516270965,28.66194619678016,Failed Transplant
Germany,1940,T+40,0.004923094515741195,4.49956595128908,0.2200368035294317,0.18736491531458066,4.0,7.0,0.16490870823753198,33.49696165902356,Ruptured
Germany,1941,T+41,0.003939890684242044,4.5397549493337195,0.21043584575497262,0.1793526272767739,4.0,8.0,0.15096888723745716,38.318039594669756,Ruptured
Germany,1942,T+42,0.0030640520100733474,3.968626966596886,0.16078614639794572,0.16078614639794572,4.0,8.0,0.10340873949400654,33.74901573277509,Ruptured
Germany,1943,T+43,0.0015205315002887554,3.6309218870694533,0.14163152707187582,0.12410005980568409,3.0,9.0,0.052729442939970464,34.67829698362508,Ruptured
Germany,1944,T+44,0.000643691849371992,2.8716012519150356,0.10216561951298343,0.0967627221272442,2.0,10.0,0.019771646903785148,30.716012519150354,Ruptured
Germany,1945,T+45,0.00036944420878202457,1.3228756555322954,0.05551872346313912,0.05066917577860718,2.0,10.0,0.005626175916315358,15.228756555322953,Ruptured
Germany,1946,T+46,0.0005047289673530392,1.757795138803154,0.07551783062450874,0.06542533799800504,2.0,10.0,0.00988155918696916,19.57795138803154,Ruptured
Germany,1947,T+47,0.0011760106981102503,2.214123697989794,0.09582360530356775,0.08970134834907686,3.0,9.0,0.025786519798199337,21.927113281908145,Ruptured
Germany,1948,T+48,0.002425930154960186,2.4486922530199666,0.13212962237195797,0.13212962237195797,3.0,8.0,0.052374711324468644,21.589538024159733,Ruptured
Germany,1949,T+49,0.02224502588855358,1.6393596310755,0.2362802155557632,0.22286727287881034,5.0,6.0,0.263295636380652,11.836157786453,Intermediate/Uncertain
Germany,1950,T+50,0.0186946195023112,2.1203994317109216,0.2416044068861794,0.2278349190433429,5.0,6.0,0.27522960241713784,14.722396590265529,Standard Transplant
Germany,1951,T+51,0.033366160441369634,2.23606797749979,0.30148027574246405,0.2843670491026026,6.0,6.0,0.5143863382531406,15.416407864998739,Standard Transplant
Germany,1952,T+52,0.059001655400561306,1.9364916731037085,0.33894060018281713,0.33894060018281713,6.0,5.0,0.6892843827137297,11.682458365518542,Intermediate/Uncertain
Germany,1953,T+53,0.05085643550653477,2.4165768661476505,0.34549609228667577,0.34549609228667577,6.0,5.0,0.7162052987121791,14.082884330738253,Standard Transplant
Germany,1954,T+54,0.06374185796535942,2.48746859276655,0.3563021177934044,0.3563021177934044,6.0,4.0,0.7617071948643903,11.9498743710662,Standard Transplant
Germany,1955,T+55,0.09321372116852168,2.449489742783178,0.42812219009157176,0.42812219009157176,6.0,4.0,1.0997316578928236,11.797958971132712,Intermediate/Uncertain
Germany,1956,T+56,0.09321372116852168,2.449489742783178,0.42812219009157176,0.42812219009157176,6.0,4.0,1.0997316578928236,11.797958971132712,Intermediate/Uncertain
Germany,1957,T+57,0.09321372116852168,2.449489742783178,0.42812219009157176,0.42812219009157176,6.0,4.0,1.0997316578928236,11.797958971132712,Intermediate/Uncertain
Germany,1958,T+58,0.12558503128911047,2.680951323690902,0.5245658085891757,0.5076959077060499,6.0,4.0,1.5979194860594372,12.723805294763608,Intermediate/Uncertain
Germany,1959,T+59,0.20804029677847652,2.5852647349933044,0.5474078631310523,0.5296646922995818,7.0,3.0,2.0295983217137628,9.755794204979914,Greenhouse Garden
Germany,1960,T+60,0.20804029677847652,2.5852647349933044,0.5474078631310523,0.5296646922995818,7.0,3.0,2.0295983217137628,9.755794204979914,Greenhouse Garden
Germany,1961,T+61,0.20804029677847652,2.5852647349933044,0.5474078631310523,0.5296646922995818,7.0,3.0,2.0295983217137628,9.755794204979914,Greenhouse Garden
Germany,1962,T+62,0.20804029677847652,2.5852647349933044,0.5474078631310523,0.5296646922995818,7.0,3.0,2.0295983217137628,9.755794204979914,Greenhouse Garden
Germany,1963,T+63,0.20804029677847652,2.5852647349933044,0.5474078631310523,0.5296646922995818,7.0,3.0,2.0295983217137628,9.755794204979914,Greenhouse Garden
Germany,1964,T+64,0.20804029677847652,2.5852647349933044,0.5474078631310523,0.5296646922995818,7.0,3.0,2.0295983217137628,9.755794204979914,Greenhouse Garden
Germany,1965,T+65,0.20804029677847652,2.5852647349933044,0.5474078631310523,0.5296646922995818,7.0,3.0,2.0295983217137628,9.755794204979914,Greenhouse Garden
Germany,1966,T+66,0.20804029677847652,2.5852647349933044,0.5474078631310523,0.5296646922995818,7.0,3.0,2.0295983217137628,9.755794204979914,Greenhouse Garden
Germany,1967,T+67,0.20804029677847652,2.5852647349933044,0.5474078631310523,0.5296646922995818,7.0,3.0,2.0295983217137628,9.755794204979914,Greenhouse Garden
Germany,1968,T+68,0.22016536512091017,1.7842628029525247,0.48892198795352726,0.47300252525790204,7.0,3.0,1.6188293446929238,7.352788408857574,Deep Ancient Forest
Germany,1969,T+69,0.22016536512091017,1.7842628029525247,0.48892198795352726,0.47300252525790204,7.0,3.0,1.6188293446929238,7.352788408857574,Deep Ancient Forest
Germany,1970,T+70,0.167563936090355,1.7309228030157786,0.46983989674510457,0.45464995760320936,7.0,4.0,1.4952888239482065,8.923691212063115,Deep Ancient Forest
Germany,1971,T+71,0.13756078350771092,2.0530084632071053,0.45535349091430977,0.4407173786117808,7.0,4.0,1.4047753780023455,10.212033852828421,Intermediate/Uncertain
Germany,1972,T+72,0.1296964723384496,2.1065374432940898,0.4467297967873551,0.4324233751836632,7.0,4.0,1.3522348456533004,10.426149773176359,Intermediate/Uncertain
Germany,1973,T+73,0.08922898470995408,2.4109126902482387,0.4301568899783405,0.4164840638091789,7.0,5.0,1.25407442729588,14.054563451241194,Intermediate/Uncertain
Germany,1974,T+74,0.07436151290201357,2.0155644370746373,0.37590094577239774,0.3982100162142427,6.0,5.0,0.8981251302658539,12.077822185373186,Standard Transplant
Germany,1975,T+75,0.07436151290201357,2.0155644370746373,0.37590094577239774,0.3982100162142427,6.0,5.0,0.8981251302658539,12.077822185373186,Standard Transplant
Germany,1976,T+76,0.08011332010936319,1.8833148966649205,0.3793170203832955,0.40187127432824693,6.0,5.0,0.9146196861349716,11.416574483324602,Young Ancient Forest
Germany,1977,T+77,0.13829400838342662,1.5194057226429023,0.43543271671356215,0.43543271671356215,7.0,5.0,1.3272115554918729,9.597028613214512,Young Ancient Forest
Germany,1978,T+78,0.14253721097268515,1.4986973510352248,0.43967116356414293,0.43967116356414293,7.0,5.0,1.3531751244889314,9.493486755176125,Young Ancient Forest
Germany,1979,T+79,0.14253721097268515,1.4986973510352248,0.43967116356414293,0.43967116356414293,7.0,5.0,1.3531751244889314,9.493486755176125,Young Ancient Forest
Germany,1980,T+80,0.14253721097268515,1.4986973510352248,0.43967116356414293,0.43967116356414293,7.0,5.0,1.3531751244889314,9.493486755176125,Young Ancient Forest
Germany,1981,T+81,0.10248661413977654,1.8360538526960477,0.4370026586465851,0.4370026586465851,6.0,5.0,1.1458279419851027,11.180269263480238,Young Ancient Forest
Germany,1982,T+82,0.09396551393908938,2.0155644370746373,0.43491354867251625,0.43491354867251625,6.0,5.0,1.134898768913527,12.077822185373186,Intermediate/Uncertain
Germany,1983,T+83,0.09396551393908938,2.0155644370746373,0.43491354867251625,0.43491354867251625,6.0,5.0,1.134898768913527,12.077822185373186,Intermediate/Uncertain
Germany,1984,T+84,0.13762384932555333,1.8360538526960477,0.4629591223422209,0.4629591223422209,6.0,4.0,1.2859868937592769,9.34421541078419,Young Ancient Forest
Germany,1985,T+85,0.13762384932555333,1.8360538526960477,0.4629591223422209,0.4629591223422209,6.0,4.0,1.2859868937592769,9.34421541078419,Young Ancient Forest
Germany,1986,T+86,0.13762384932555333,1.8360538526960477,0.4629591223422209,0.4629591223422209,6.0,4.0,1.2859868937592769,9.34421541078419,Young Ancient Forest
Germany,1987,T+87,0.12380322233094695,2.0155644370746373,0.455657022544351,0.455657022544351,6.0,4.0,1.245739933163899,10.06225774829855,Intermediate/Uncertain
Germany,1988,T+88,0.12380322233094695,2.0155644370746373,0.455657022544351,0.455657022544351,6.0,4.0,1.245739933163899,10.06225774829855,Intermediate/Uncertain
Germany,1989,T+89,0.12380322233094695,2.0155644370746373,0.455657022544351,0.455657022544351,6.0,4.0,1.245739933163899,10.06225774829855,Intermediate/Uncertain
Germany,1990,T+90,0.05160365400053529,2.027159342528357,0.3823245437833638,0.3823245437833638,5.0,6.0,0.7308602838957863,14.162956055170142,Standard Transplant
Germany,1991,T+91,0.05160365400053529,2.027159342528357,0.3823245437833638,0.3823245437833638,5.0,6.0,0.7308602838957863,14.162956055170142,Standard Transplant
Germany,1992,T+92,0.04370486402488771,2.1505813167606567,0.36093071695013884,0.36093071695013884,5.0,6.0,0.6513549121907063,14.90348790056394,Standard Transplant
Germany,1993,T+93,0.03033576599003933,2.5852647349933044,0.34918574831784993,0.34918574831784993,5.0,7.0,0.6096534341414841,20.09685314495313,Standard Transplant
Germany,1994,T+94,0.03033576599003933,2.5852647349933044,0.34918574831784993,0.34918574831784993,5.0,7.0,0.6096534341414841,20.09685314495313,Standard Transplant
Germany,1995,T+95,0.04219287932571212,2.262983373778959,0.3625676392308379,0.3625676392308379,5.0,6.0,0.6572764650871152,15.577900242673755,Standard Transplant
Germany,1996,T+96,0.06750066664607829,2.2560682059725057,0.41807455090871704,0.41807455090871704,6.0,6.0,1.0487179807051525,15.536409235835034,Standard Transplant
Germany,1997,T+97,0.09286013216572343,2.037730048362638,0.43432700284013154,0.43432700284013154,6.0,5.0,1.1318396723765498,12.18865024181319,Intermediate/Uncertain
Germany,1998,T+98,0.09286013216572343,2.037730048362638,0.43432700284013154,0.43432700284013154,6.0,5.0,1.1318396723765498,12.18865024181319,Intermediate/Uncertain
Germany,1999,T+99,0.09286013216572343,2.037730048362638,0.43432700284013154,0.43432700284013154,6.0,5.0,1.1318396723765498,12.18865024181319,Intermediate/Uncertain
Germany,2000,T+100,0.049721679944813316,2.737899514226189,0.42807502615642345,0.42807502615642345,5.0,6.0,0.9162411400941131,18.427397085357132,Standard Transplant
Germany,2001,T+101,0.049721679944813316,2.737899514226189,0.42807502615642345,0.42807502615642345,5.0,6.0,0.9162411400941131,18.427397085357132,Standard Transplant
Germany,2002,T+102,0.03691425321268091,3.179524335494226,0.42318243615243906,0.42318243615243906,5.0,7.0,0.8954168713395658,24.256670348459583,Standard Transplant
Germany,2003,T+103,0.03691425321268091,3.179524335494226,0.42318243615243906,0.42318243615243906,5.0,7.0,0.8954168713395658,24.256670348459583,Standard Transplant
Germany,2004,T+104,0.04671771194765374,2.973187473066574,0.4305434982655964,0.4305434982655964,5.0,6.0,0.926838519493888,19.839124838399446,Standard Transplant
Germany,2005,T+105,0.04927086402464765,2.968585521759479,0.44184394746973493,0.44184394746973493,5.0,6.0,0.9761303695781893,19.811513130556875,Standard Transplant
Germany,2006,T+106,0.04927086402464765,2.968585521759479,0.44184394746973493,0.44184394746973493,5.0,6.0,0.9761303695781893,19.811513130556875,Standard Transplant
Germany,2007,T+107,0.0422188551800378,3.0695072894521687,0.41520698759167923,0.41520698759167923,5.0,6.0,0.8619842127247844,20.417043736713012,Standard Transplant
Germany,2008,T+108,0.03698944809467933,3.121873435935544,0.39162153890957907,0.39162153890957907,5.0,6.0,0.7668371486895348,20.731240615613263,Standard Transplant
Germany,2009,T+109,0.040242546606130386,2.9679275176459416,0.3992760603710578,0.3992760603710578,5.0,6.0,0.7971068619271628,19.80756510587565,Standard Transplant
Germany,2010,T+110,0.060505329997693355,2.3774658252012792,0.40994083269554776,0.40994083269554776,5.0,5.0,0.8402574315555954,13.887329126006396,Standard Transplant
Germany,2011,T+111,0.10722601962597104,2.072890493972125,0.4288595781077449,0.4288595781077449,6.0,4.0,1.1035232264085177,10.2915619758885,Intermediate/Uncertain
Germany,2012,T+112,0.11126565716176642,2.1469455046647083,0.44310580455680654,0.44310580455680654,6.0,4.0,1.178056524191609,10.587782018658833,Intermediate/Uncertain
Germany,2013,T+113,0.11126565716176642,2.1469455046647083,0.44310580455680654,0.44310580455680654,6.0,4.0,1.178056524191609,10.587782018658833,Intermediate/Uncertain
Germany,2014,T+114,0.10185023737419648,1.964529205687714,0.4090744713088588,0.4090744713088588,6.0,4.0,1.0040515384597342,9.858116822750855,Young Ancient Forest
Germany,2015,T+115,0.07352059321171885,2.23606797749979,0.4018761018151827,0.4018761018151827,6.0,5.0,0.9690264072610024,13.180339887498949,Standard Transplant
Germany,2016,T+116,0.07352059321171885,2.23606797749979,0.4018761018151827,0.4018761018151827,6.0,5.0,0.9690264072610024,13.180339887498949,Standard Transplant
Germany,2017,T+117,0.07507423413139155,2.2325713874364688,0.40583071255964986,0.40583071255964986,6.0,5.0,0.9881914035400389,13.162856937182344,Standard Transplant
Germany,2018,T+118,0.07507423413139155,2.2325713874364688,0.40583071255964986,0.40583071255964986,6.0,5.0,0.9881914035400389,13.162856937182344,Standard Transplant
Germany,2019,T+119,0.06558724566767955,2.331844763272204,0.3864088655111081,0.3864088655111081,6.0,5.0,0.8958708680734897,13.65922381636102,Standard Transplant
Germany,2020,T+120,0.023975026955130072,2.0300477211139643,0.262754053235549,0.295822797754682,5.0,7.0,0.38864319574761386,16.21033404779775,Standard Transplant
Germany,2021,T+121,0.02373938852055025,1.709349291397168,0.2542398060605889,0.26080190258068753,5.0,7.0,0.33153112566173293,13.965445039780176,Intermediate/Uncertain
Germany,2022,T+122,0.01921005980132905,1.8371173070873836,0.238938507955957,0.238938507955957,5.0,7.0,0.28545805292109466,14.859821149611685,Intermediate/Uncertain
Germany,2023,T+123,0.0197096390927733,1.75,0.23700732354592738,0.23700732354592738,5.0,7.0,0.2808623570720195,14.25,Intermediate/Uncertain
Germany,2024,T+124,0.016632803965044032,2.0,0.23070538070912197,0.23070538070912197,5.0,7.0,0.2661248634407045,16.0,Intermediate/Uncertain
Germany,2025,T+125,0.02029550184367051,1.71277370075559,0.23829486620473764,0.23829486620473764,5.0,7.0,0.28392221629766906,13.98941590528913,Intermediate/Uncertain
Hong Kong,1900,T+0,0.018510704849653732,2.4717149916606487,0.28841253984896326,0.30970716171710005,4.0,7.0,0.3572937164809697,19.302004941624542,Standard Transplant
Hong Kong,1901,T+1,0.0243041008370331,2.4206145913796355,0.3056508931998493,0.32847390381286334,4.0,6.0,0.4015933683729722,16.523687548277813,Standard Transplant
Hong Kong,1902,T+2,0.05182142749930035,2.496873044429772,0.36665718707599126,0.40942902999875436,5.0,5.0,0.7506004822329746,14.484365222148861,Standard Transplant
Hong Kong,1903,T+3,0.07038827111957226,2.318404623873926,0.37689636627930556,0.42108684835210985,5.0,4.0,0.793530515159576,11.273618495495704,Standard Transplant
Hong Kong,1904,T+4,0.052683570974546755,2.277608394786075,0.35553727159030063,0.3967684492761428,5.0,5.0,0.7053298595437719,13.388041973930374,Standard Transplant
Hong Kong,1905,T+5,0.052683570974546755,2.277608394786075,0.35553727159030063,0.3967684492761428,5.0,5.0,0.7053298595437719,13.388041973930374,Standard Transplant
Hong Kong,1906,T+6,0.052683570974546755,2.277608394786075,0.35553727159030063,0.3967684492761428,5.0,5.0,0.7053298595437719,13.388041973930374,Standard Transplant
Hong Kong,1907,T+7,0.052683570974546755,2.277608394786075,0.35553727159030063,0.3967684492761428,5.0,5.0,0.7053298595437719,13.388041973930374,Standard Transplant
Hong Kong,1908,T+8,0.07038827111957226,2.318404623873926,0.37689636627930556,0.42108684835210985,5.0,4.0,0.793530515159576,11.273618495495704,Standard Transplant
Hong Kong,1909,T+9,0.07038827111957226,2.318404623873926,0.37689636627930556,0.42108684835210985,5.0,4.0,0.793530515159576,11.273618495495704,Standard Transplant
Hong Kong,1910,T+10,0.057008864642700156,2.1360009363293826,0.3686585620238029,0.3921637770171414,5.0,5.0,0.7228726705648132,12.680004681646913,Standard Transplant
Hong Kong,1911,T+11,0.024489357124523138,2.1360009363293826,0.2911568105101857,0.3115455655165495,4.0,6.0,0.3628344527375626,14.816005617976295,Standard Transplant
Hong Kong,1912,T+12,0.024489357124523138,2.1360009363293826,0.2911568105101857,0.3115455655165495,4.0,6.0,0.3628344527375626,14.816005617976295,Standard Transplant
Hong Kong,1913,T+13,0.03775731497805604,2.1360009363293826,0.33445134927923376,0.3578718786154814,4.0,5.0,0.47876293068816766,12.680004681646913,Standard Transplant
Hong Kong,1914,T+14,0.03775731497805604,2.1360009363293826,0.33445134927923376,0.3578718786154814,4.0,5.0,0.47876293068816766,12.680004681646913,Standard Transplant
Hong Kong,1915,T+15,0.024489357124523138,2.1360009363293826,0.2911568105101857,0.3115455655165495,4.0,6.0,0.3628344527375626,14.816005617976295,Standard Transplant
Hong Kong,1916,T+16,0.024489357124523138,2.1360009363293826,0.2911568105101857,0.3115455655165495,4.0,6.0,0.3628344527375626,14.816005617976295,Standard Transplant
Hong Kong,1917,T+17,0.024489357124523138,2.1360009363293826,0.2911568105101857,0.3115455655165495,4.0,6.0,0.3628344527375626,14.816005617976295,Standard Transplant
Hong Kong,1918,T+18,0.016220917245202866,2.1360009363293826,0.2534667253971451,0.2712161675528418,4.0,7.0,0.27497709545752896,16.952006554305676,Standard Transplant
Hong Kong,1919,T+19,0.016220917245202866,2.1360009363293826,0.2534667253971451,0.2712161675528418,4.0,7.0,0.27497709545752896,16.952006554305676,Standard Transplant
Hong Kong,1920,T+20,0.04579271167484969,1.7677669529663689,0.3300629519874447,0.3498062864594134,5.0,6.0,0.5772904776627984,12.606601717798213,Intermediate/Uncertain
Hong Kong,1921,T+21,0.04579271167484969,1.7677669529663689,0.3300629519874447,0.3498062864594134,5.0,6.0,0.5772904776627984,12.606601717798213,Intermediate/Uncertain
Hong Kong,1922,T+22,0.030436423356173123,1.7677669529663689,0.2873364887758516,0.30452405972176766,5.0,7.0,0.43750437034110234,14.374368670764582,Intermediate/Uncertain
Hong Kong,1923,T+23,0.030436423356173123,1.7677669529663689,0.2873364887758516,0.30452405972176766,5.0,7.0,0.43750437034110234,14.374368670764582,Intermediate/Uncertain
Hong Kong,1924,T+24,0.030436423356173123,1.7677669529663689,0.2873364887758516,0.30452405972176766,5.0,7.0,0.43750437034110234,14.374368670764582,Intermediate/Uncertain
Hong Kong,1925,T+25,0.04579271167484969,1.7677669529663689,0.3300629519874447,0.3498062864594134,5.0,6.0,0.5772904776627984,12.606601717798213,Intermediate/Uncertain
Hong Kong,1926,T+26,0.04579271167484969,1.7677669529663689,0.3300629519874447,0.3498062864594134,5.0,6.0,0.5772904776627984,12.606601717798213,Intermediate/Uncertain
Hong Kong,1927,T+27,0.030436423356173123,1.7677669529663689,0.2873364887758516,0.30452405972176766,5.0,7.0,0.43750437034110234,14.374368670764582,Intermediate/Uncertain
Hong Kong,1928,T+28,0.030436423356173123,1.7677669529663689,0.2873364887758516,0.30452405972176766,5.0,7.0,0.43750437034110234,14.374368670764582,Intermediate/Uncertain
Hong Kong,1929,T+29,0.030436423356173123,1.7677669529663689,0.2873364887758516,0.30452405972176766,5.0,7.0,0.43750437034110234,14.374368670764582,Intermediate/Uncertain
Hong Kong,1930,T+30,0.030436423356173123,1.7677669529663689,0.2873364887758516,0.30452405972176766,5.0,7.0,0.43750437034110234,14.374368670764582,Intermediate/Uncertain
Hong Kong,1931,T+31,0.020540424064825157,1.7677669529663689,0.25014094215934807,0.2651035917280074,5.0,8.0,0.33156631102335465,16.14213562373095,Intermediate/Uncertain
Hong Kong,1932,T+32,0.020540424064825157,1.7677669529663689,0.25014094215934807,0.2651035917280074,5.0,8.0,0.33156631102335465,16.14213562373095,Intermediate/Uncertain
Hong Kong,1933,T+33,0.020540424064825157,1.7677669529663689,0.25014094215934807,0.2651035917280074,5.0,8.0,0.33156631102335465,16.14213562373095,Intermediate/Uncertain
Hong Kong,1934,T+34,0.020540424064825157,1.7677669529663689,0.25014094215934807,0.2651035917280074,5.0,8.0,0.33156631102335465,16.14213562373095,Intermediate/Uncertain
Hong Kong,1935,T+35,0.030436423356173123,1.7677669529663689,0.2873364887758516,0.30452405972176766,5.0,7.0,0.43750437034110234,14.374368670764582,Intermediate/Uncertain
Hong Kong,1936,T+36,0.030436423356173123,1.7677669529663689,0.2873364887758516,0.30452405972176766,5.0,7.0,0.43750437034110234,14.374368670764582,Intermediate/Uncertain
Hong Kong,1937,T+37,0.030436423356173123,1.7677669529663689,0.2873364887758516,0.30452405972176766,5.0,7.0,0.43750437034110234,14.374368670764582,Intermediate/Uncertain
Hong Kong,1938,T+38,0.030436423356173123,1.7677669529663689,0.2873364887758516,0.30452405972176766,5.0,7.0,0.43750437034110234,14.374368670764582,Intermediate/Uncertain
Hong Kong,1939,T+39,0.030436423356173123,1.7677669529663689,0.2873364887758516,0.30452405972176766,5.0,7.0,0.43750437034110234,14.374368670764582,Intermediate/Uncertain
Hong Kong,1940,T+40,0.011970988086892436,1.7677669529663689,0.21252850413526003,0.227307525212833,4.0,8.0,0.1932373132486852,16.14213562373095,Intermediate/Uncertain
Hong Kong,1941,T+41,0.004204666062876265,1.7677669529663689,0.152240725398914,0.1648817672501635,3.0,9.0,0.07530515955365939,17.90990257669732,Ruptured
Hong Kong,1942,T+42,0.00032663216137473246,1.7677669529663689,0.07523146685122466,0.08543445978532237,1.0,10.0,0.0064273597292917655,19.67766952966369,Ruptured
Hong Kong,1943,T+43,0.00032663216137473246,1.7677669529663689,0.07523146685122466,0.08543445978532237,1.0,10.0,0.0064273597292917655,19.67766952966369,Ruptured
Hong Kong,1944,T+44,0.00032663216137473246,1.7677669529663689,0.07523146685122466,0.08543445978532237,1.0,10.0,0.0064273597292917655,19.67766952966369,Ruptured
Hong Kong,1945,T+45,0.0017560875785953144,1.7677669529663689,0.11940249639195454,0.1317030983403694,2.0,9.0,0.03145135744879038,17.90990257669732,Ruptured
Hong Kong,1946,T+46,0.006155675808285774,1.7677669529663689,0.1748786708292879,0.18939941480926686,3.0,8.0,0.09936575375306861,16.14213562373095,Intermediate/Uncertain
Hong Kong,1947,T+47,0.017738390417572164,1.7677669529663689,0.24413114309015377,0.26110778029042836,4.0,7.0,0.25497816348814,14.374368670764582,Intermediate/Uncertain
Hong Kong,1948,T+48,0.026688056887047156,1.7677669529663689,0.28043304247120543,0.2999340776965423,4.0,6.0,0.3364457037969451,12.606601717798213,Intermediate/Uncertain
Hong Kong,1949,T+49,0.026688056887047156,1.7677669529663689,0.28043304247120543,0.2999340776965423,4.0,6.0,0.3364457037969451,12.606601717798213,Intermediate/Uncertain
Hong Kong,1950,T+50,0.07027871248314423,1.7677669529663689,0.3791427699934431,0.40182190582354976,5.0,5.0,0.7617393520899254,10.838834764831844,Intermediate/Uncertain
Hong Kong,1951,T+51,0.07027871248314423,1.7677669529663689,0.3791427699934431,0.40182190582354976,5.0,5.0,0.7617393520899254,10.838834764831844,Intermediate/Uncertain
Hong Kong,1952,T+52,0.07027871248314423,1.7677669529663689,0.3791427699934431,0.40182190582354976,5.0,5.0,0.7617393520899254,10.838834764831844,Intermediate/Uncertain
Hong Kong,1953,T+53,0.07027871248314423,1.7677669529663689,0.3791427699934431,0.40182190582354976,5.0,5.0,0.7617393520899254,10.838834764831844,Intermediate/Uncertain
Hong Kong,1954,T+54,0.07027871248314423,1.7677669529663689,0.3791427699934431,0.40182190582354976,5.0,5.0,0.7617393520899254,10.838834764831844,Intermediate/Uncertain
Hong Kong,1955,T+55,0.07027871248314423,1.7677669529663689,0.3791427699934431,0.40182190582354976,5.0,5.0,0.7617393520899254,10.838834764831844,Intermediate/Uncertain
Hong Kong,1956,T+56,0.07027871248314423,1.7677669529663689,0.3791427699934431,0.40182190582354976,5.0,5.0,0.7617393520899254,10.838834764831844,Intermediate/Uncertain
Hong Kong,1957,T+57,0.07027871248314423,1.7677669529663689,0.3791427699934431,0.40182190582354976,5.0,5.0,0.7617393520899254,10.838834764831844,Intermediate/Uncertain
Hong Kong,1958,T+58,0.07027871248314423,1.7677669529663689,0.3791427699934431,0.40182190582354976,5.0,5.0,0.7617393520899254,10.838834764831844,Intermediate/Uncertain
Hong Kong,1959,T+59,0.07027871248314423,1.7677669529663689,0.3791427699934431,0.40182190582354976,5.0,5.0,0.7617393520899254,10.838834764831844,Intermediate/Uncertain
Hong Kong,1960,T+60,0.07027871248314423,1.7677669529663689,0.3791427699934431,0.40182190582354976,5.0,5.0,0.7617393520899254,10.838834764831844,Intermediate/Uncertain
Hong Kong,1961,T+61,0.07027871248314423,1.7677669529663689,0.3791427699934431,0.40182190582354976,5.0,5.0,0.7617393520899254,10.838834764831844,Intermediate/Uncertain
Hong Kong,1962,T+62,0.07027871248314423,1.7677669529663689,0.3791427699934431,0.40182190582354976,5.0,5.0,0.7617393520899254,10.838834764831844,Intermediate/Uncertain
Hong Kong,1963,T+63,0.07027871248314423,1.7677669529663689,0.3791427699934431,0.40182190582354976,5.0,5.0,0.7617393520899254,10.838834764831844,Intermediate/Uncertain
Hong Kong,1964,T+64,0.07027871248314423,1.7677669529663689,0.3791427699934431,0.40182190582354976,5.0,5.0,0.7617393520899254,10.838834764831844,Intermediate/Uncertain
Hong Kong,1965,T+65,0.07027871248314423,1.7677669529663689,0.3791427699934431,0.40182190582354976,5.0,5.0,0.7617393520899254,10.838834764831844,Intermediate/Uncertain
Hong Kong,1966,T+66,0.017738390417572164,1.7677669529663689,0.24413114309015377,0.26110778029042836,4.0,7.0,0.25497816348814,14.374368670764582,Intermediate/Uncertain
Hong Kong,1967,T+67,0.006155675808285774,1.7677669529663689,0.1748786708292879,0.18939941480926686,3.0,8.0,0.09936575375306861,16.14213562373095,Intermediate/Uncertain
Hong Kong,1968,T+68,0.017738390417572164,1.7677669529663689,0.24413114309015377,0.26110778029042836,4.0,7.0,0.25497816348814,14.374368670764582,Intermediate/Uncertain
Hong Kong,1969,T+69,0.04579271167484969,1.7677669529663689,0.3300629519874447,0.3498062864594134,5.0,6.0,0.5772904776627984,12.606601717798213,Intermediate/Uncertain
Hong Kong,1970,T+70,0.04579271167484969,1.7677669529663689,0.3300629519874447,0.3498062864594134,5.0,6.0,0.5772904776627984,12.606601717798213,Intermediate/Uncertain
Hong Kong,1971,T+71,0.04579271167484969,1.7677669529663689,0.3300629519874447,0.3498062864594134,5.0,6.0,0.5772904776627984,12.606601717798213,Intermediate/Uncertain
Hong Kong,1972,T+72,0.07027871248314423,1.7677669529663689,0.3791427699934431,0.40182190582354976,5.0,5.0,0.7617393520899254,10.838834764831844,Intermediate/Uncertain
Hong Kong,1973,T+73,0.07027871248314423,1.7677669529663689,0.3791427699934431,0.40182190582354976,5.0,5.0,0.7617393520899254,10.838834764831844,Intermediate/Uncertain
Hong Kong,1974,T+74,0.07027871248314423,1.7677669529663689,0.3791427699934431,0.40182190582354976,5.0,5.0,0.7617393520899254,10.838834764831844,Intermediate/Uncertain
Hong Kong,1975,T+75,0.07027871248314423,1.7677669529663689,0.3791427699934431,0.40182190582354976,5.0,5.0,0.7617393520899254,10.838834764831844,Intermediate/Uncertain
Hong Kong,1976,T+76,0.07027871248314423,1.7677669529663689,0.3791427699934431,0.40182190582354976,5.0,5.0,0.7617393520899254,10.838834764831844,Intermediate/Uncertain
Hong Kong,1977,T+77,0.07027871248314423,1.7677669529663689,0.3791427699934431,0.40182190582354976,5.0,5.0,0.7617393520899254,10.838834764831844,Intermediate/Uncertain
Hong Kong,1978,T+78,0.07027871248314423,1.7677669529663689,0.3791427699934431,0.40182190582354976,5.0,5.0,0.7617393520899254,10.838834764831844,Intermediate/Uncertain
Hong Kong,1979,T+79,0.07027871248314423,1.7677669529663689,0.3791427699934431,0.40182190582354976,5.0,5.0,0.7617393520899254,10.838834764831844,Intermediate/Uncertain
Hong Kong,1980,T+80,0.07027871248314423,1.7677669529663689,0.3791427699934431,0.40182190582354976,5.0,5.0,0.7617393520899254,10.838834764831844,Intermediate/Uncertain
Hong Kong,1981,T+81,0.07027871248314423,1.7677669529663689,0.3791427699934431,0.40182190582354976,5.0,5.0,0.7617393520899254,10.838834764831844,Intermediate/Uncertain
Hong Kong,1982,T+82,0.07027871248314423,1.7677669529663689,0.3791427699934431,0.40182190582354976,5.0,5.0,0.7617393520899254,10.838834764831844,Intermediate/Uncertain
Hong Kong,1983,T+83,0.07027871248314423,1.7677669529663689,0.3791427699934431,0.40182190582354976,5.0,5.0,0.7617393520899254,10.838834764831844,Intermediate/Uncertain
Hong Kong,1984,T+84,0.07027871248314423,1.7677669529663689,0.3791427699934431,0.40182190582354976,5.0,5.0,0.7617393520899254,10.838834764831844,Intermediate/Uncertain
Hong Kong,1985,T+85,0.07027871248314423,1.7677669529663689,0.3791427699934431,0.40182190582354976,5.0,5.0,0.7617393520899254,10.838834764831844,Intermediate/Uncertain
Hong Kong,1986,T+86,0.07027871248314423,1.7677669529663689,0.3791427699934431,0.40182190582354976,5.0,5.0,0.7617393520899254,10.838834764831844,Intermediate/Uncertain
Hong Kong,1987,T+87,0.07027871248314423,1.7677669529663689,0.3791427699934431,0.40182190582354976,5.0,5.0,0.7617393520899254,10.838834764831844,Intermediate/Uncertain
Hong Kong,1988,T+88,0.07027871248314423,1.7677669529663689,0.3791427699934431,0.40182190582354976,5.0,5.0,0.7617393520899254,10.838834764831844,Intermediate/Uncertain
Hong Kong,1989,T+89,0.07027871248314423,1.7677669529663689,0.3791427699934431,0.40182190582354976,5.0,5.0,0.7617393520899254,10.838834764831844,Intermediate/Uncertain
Hong Kong,1990,T+90,0.07027871248314423,1.7677669529663689,0.3791427699934431,0.40182190582354976,5.0,5.0,0.7617393520899254,10.838834764831844,Intermediate/Uncertain
Hong Kong,1991,T+91,0.07027871248314423,1.7677669529663689,0.3791427699934431,0.40182190582354976,5.0,5.0,0.7617393520899254,10.838834764831844,Intermediate/Uncertain
Hong Kong,1992,T+92,0.07027871248314423,1.7677669529663689,0.3791427699934431,0.40182190582354976,5.0,5.0,0.7617393520899254,10.838834764831844,Intermediate/Uncertain
Hong Kong,1993,T+93,0.07027871248314423,1.7677669529663689,0.3791427699934431,0.40182190582354976,5.0,5.0,0.7617393520899254,10.838834764831844,Intermediate/Uncertain
Hong Kong,1994,T+94,0.07027871248314423,1.7677669529663689,0.3791427699934431,0.40182190582354976,5.0,5.0,0.7617393520899254,10.838834764831844,Intermediate/Uncertain
Hong Kong,1995,T+95,0.07027871248314423,1.7677669529663689,0.3791427699934431,0.40182190582354976,5.0,5.0,0.7617393520899254,10.838834764831844,Intermediate/Uncertain
Hong Kong,1996,T+96,0.07027871248314423,1.7677669529663689,0.3791427699934431,0.40182190582354976,5.0,5.0,0.7617393520899254,10.838834764831844,Intermediate/Uncertain
Hong Kong,1997,T+97,0.04579271167484969,1.7677669529663689,0.3300629519874447,0.3498062864594134,5.0,6.0,0.5772904776627984,12.606601717798213,Intermediate/Uncertain
Hong Kong,1998,T+98,0.030436423356173123,1.7677669529663689,0.2873364887758516,0.30452405972176766,5.0,7.0,0.43750437034110234,14.374368670764582,Intermediate/Uncertain
Hong Kong,1999,T+99,0.030436423356173123,1.7677669529663689,0.2873364887758516,0.30452405972176766,5.0,7.0,0.43750437034110234,14.374368670764582,Intermediate/Uncertain
Hong Kong,2000,T+100,0.04579271167484969,1.7677669529663689,0.3300629519874447,0.3498062864594134,5.0,6.0,0.5772904776627984,12.606601717798213,Intermediate/Uncertain
Hong Kong,2001,T+101,0.04579271167484969,1.7677669529663689,0.3300629519874447,0.3498062864594134,5.0,6.0,0.5772904776627984,12.606601717798213,Intermediate/Uncertain
Hong Kong,2002,T+102,0.04579271167484969,1.7677669529663689,0.3300629519874447,0.3498062864594134,5.0,6.0,0.5772904776627984,12.606601717798213,Intermediate/Uncertain
Hong Kong,2003,T+103,0.030436423356173123,1.7677669529663689,0.2873364887758516,0.30452405972176766,5.0,7.0,0.43750437034110234,14.374368670764582,Intermediate/Uncertain
Hong Kong,2004,T+104,0.030436423356173123,1.7677669529663689,0.2873364887758516,0.30452405972176766,5.0,7.0,0.43750437034110234,14.374368670764582,Intermediate/Uncertain
Hong Kong,2005,T+105,0.04579271167484969,1.7677669529663689,0.3300629519874447,0.3498062864594134,5.0,6.0,0.5772904776627984,12.606601717798213,Intermediate/Uncertain
Hong Kong,2006,T+106,0.04579271167484969,1.7677669529663689,0.3300629519874447,0.3498062864594134,5.0,6.0,0.5772904776627984,12.606601717798213,Intermediate/Uncertain
Hong Kong,2007,T+107,0.04579271167484969,1.7677669529663689,0.3300629519874447,0.3498062864594134,5.0,6.0,0.5772904776627984,12.606601717798213,Intermediate/Uncertain
Hong Kong,2008,T+108,0.030436423356173123,1.7677669529663689,0.2873364887758516,0.30452405972176766,5.0,7.0,0.43750437034110234,14.374368670764582,Intermediate/Uncertain
Hong Kong,2009,T+109,0.030436423356173123,1.7677669529663689,0.2873364887758516,0.30452405972176766,5.0,7.0,0.43750437034110234,14.374368670764582,Intermediate/Uncertain
Hong Kong,2010,T+110,0.04579271167484969,1.7677669529663689,0.3300629519874447,0.3498062864594134,5.0,6.0,0.5772904776627984,12.606601717798213,Intermediate/Uncertain
Hong Kong,2011,T+111,0.04579271167484969,1.7677669529663689,0.3300629519874447,0.3498062864594134,5.0,6.0,0.5772904776627984,12.606601717798213,Intermediate/Uncertain
Hong Kong,2012,T+112,0.04579271167484969,1.7677669529663689,0.3300629519874447,0.3498062864594134,5.0,6.0,0.5772904776627984,12.606601717798213,Intermediate/Uncertain
Hong Kong,2013,T+113,0.04579271167484969,1.7677669529663689,0.3300629519874447,0.3498062864594134,5.0,6.0,0.5772904776627984,12.606601717798213,Intermediate/Uncertain
Hong Kong,2014,T+114,0.04579271167484969,1.7677669529663689,0.3300629519874447,0.3498062864594134,5.0,6.0,0.5772904776627984,12.606601717798213,Intermediate/Uncertain
Hong Kong,2015,T+115,0.04579271167484969,1.7677669529663689,0.3300629519874447,0.3498062864594134,5.0,6.0,0.5772904776627984,12.606601717798213,Intermediate/Uncertain
India,1950,T+0,0.3889891133971433,1.5360257159305635,0.4850046779583169,0.4051435173719948,7.0,1.0,1.3754755081893288,3.5360257159305633,Deep Ancient Forest
India,1951,T+1,0.3889891133971433,1.5360257159305635,0.4850046779583169,0.4051435173719948,7.0,1.0,1.3754755081893288,3.5360257159305633,Deep Ancient Forest
India,1952,T+2,0.3962752073309581,1.541103500742244,0.4899520032288605,0.40915130890062895,7.0,1.0,1.4032515239370142,3.541103500742244,Deep Ancient Forest
India,1953,T+3,0.3962752073309581,1.541103500742244,0.4899520032288605,0.40915130890062895,7.0,1.0,1.4032515239370142,3.541103500742244,Deep Ancient Forest
India,1954,T+4,0.3962752073309581,1.541103500742244,0.4899520032288605,0.40915130890062895,7.0,1.0,1.4032515239370142,3.541103500742244,Deep Ancient Forest
India,1955,T+5,0.3962752073309581,1.541103500742244,0.4899520032288605,0.40915130890062895,7.0,1.0,1.4032515239370142,3.541103500742244,Deep Ancient Forest
India,1956,T+6,0.3962752073309581,1.541103500742244,0.4899520032288605,0.40915130890062895,7.0,1.0,1.4032515239370142,3.541103500742244,Deep Ancient Forest
India,1957,T+7,0.3962752073309581,1.541103500742244,0.4899520032288605,0.40915130890062895,7.0,1.0,1.4032515239370142,3.541103500742244,Deep Ancient Forest
India,1958,T+8,0.3962752073309581,1.541103500742244,0.4899520032288605,0.40915130890062895,7.0,1.0,1.4032515239370142,3.541103500742244,Deep Ancient Forest
India,1959,T+9,0.3889891133971433,1.5360257159305635,0.4850046779583169,0.4051435173719948,7.0,1.0,1.3754755081893288,3.5360257159305633,Deep Ancient Forest
India,1960,T+10,0.3889891133971433,1.5360257159305635,0.4850046779583169,0.4051435173719948,7.0,1.0,1.3754755081893288,3.5360257159305633,Deep Ancient Forest
India,1961,T+11,0.3889891133971433,1.5360257159305635,0.4850046779583169,0.4051435173719948,7.0,1.0,1.3754755081893288,3.5360257159305633,Deep Ancient Forest
India,1962,T+12,0.3962752073309581,1.541103500742244,0.4899520032288605,0.40915130890062895,7.0,1.0,1.4032515239370142,3.541103500742244,Deep Ancient Forest
India,1963,T+13,0.3962752073309581,1.541103500742244,0.4899520032288605,0.40915130890062895,7.0,1.0,1.4032515239370142,3.541103500742244,Deep Ancient Forest
India,1964,T+14,0.38813647252062444,1.6153559979150107,0.4899520032288605,0.40915130890062895,7.0,1.0,1.4032515239370142,3.6153559979150107,Deep Ancient Forest
India,1965,T+15,0.38813647252062444,1.6153559979150107,0.4899520032288605,0.40915130890062895,7.0,1.0,1.4032515239370142,3.6153559979150107,Deep Ancient Forest
India,1966,T+16,0.38813647252062444,1.6153559979150107,0.4899520032288605,0.40915130890062895,7.0,1.0,1.4032515239370142,3.6153559979150107,Deep Ancient Forest
India,1967,T+17,0.38813647252062444,1.6153559979150107,0.4899520032288605,0.40915130890062895,7.0,1.0,1.4032515239370142,3.6153559979150107,Deep Ancient Forest
India,1968,T+18,0.38813647252062444,1.6153559979150107,0.4899520032288605,0.40915130890062895,7.0,1.0,1.4032515239370142,3.6153559979150107,Deep Ancient Forest
India,1969,T+19,0.3742004063832038,1.75,0.4899520032288605,0.40915130890062895,7.0,1.0,1.4032515239370142,3.75,Deep Ancient Forest
India,1970,T+20,0.3742004063832038,1.75,0.4899520032288605,0.40915130890062895,7.0,1.0,1.4032515239370142,3.75,Deep Ancient Forest
India,1971,T+21,0.3742004063832038,1.75,0.4899520032288605,0.40915130890062895,7.0,1.0,1.4032515239370142,3.75,Deep Ancient Forest
India,1972,T+22,0.3742004063832038,1.75,0.4899520032288605,0.40915130890062895,7.0,1.0,1.4032515239370142,3.75,Deep Ancient Forest
India,1973,T+23,0.3742004063832038,1.75,0.4899520032288605,0.40915130890062895,7.0,1.0,1.4032515239370142,3.75,Deep Ancient Forest
India,1974,T+24,0.3742004063832038,1.75,0.4899520032288605,0.40915130890062895,7.0,1.0,1.4032515239370142,3.75,Deep Ancient Forest
India,1975,T+25,0.3742004063832038,1.75,0.4899520032288605,0.40915130890062895,7.0,1.0,1.4032515239370142,3.75,Deep Ancient Forest
India,1976,T+26,0.3742004063832038,1.75,0.4899520032288605,0.40915130890062895,7.0,1.0,1.4032515239370142,3.75,Deep Ancient Forest
India,1977,T+27,0.3742004063832038,1.75,0.4899520032288605,0.40915130890062895,7.0,1.0,1.4032515239370142,3.75,Deep Ancient Forest
India,1978,T+28,0.4351848569699637,0.6817945071647321,0.434611481870732,0.38361893576428324,7.0,1.0,1.1670763590233182,2.681794507164732,Deep Ancient Forest
India,1979,T+29,0.4351848569699637,0.6817945071647321,0.434611481870732,0.38361893576428324,7.0,1.0,1.1670763590233182,2.681794507164732,Deep Ancient Forest
India,1980,T+30,0.4351848569699637,0.6817945071647321,0.434611481870732,0.38361893576428324,7.0,1.0,1.1670763590233182,2.681794507164732,Deep Ancient Forest
India,1981,T+31,0.4351848569699637,0.6817945071647321,0.434611481870732,0.38361893576428324,7.0,1.0,1.1670763590233182,2.681794507164732,Deep Ancient Forest
India,1982,T+32,0.4351848569699637,0.6817945071647321,0.434611481870732,0.38361893576428324,7.0,1.0,1.1670763590233182,2.681794507164732,Deep Ancient Forest
India,1983,T+33,0.4348143101504774,0.6817945071647321,0.4442953261667612,0.39442522584732903,7.5,1.5,1.3143096327467814,3.022691760747098,Deep Ancient Forest
India,1984,T+34,0.43100586971114097,0.6817945071647321,0.4507190657810519,0.4020593753782293,8.0,2.0,1.44972660847191,3.363589014329464,Deep Ancient Forest
India,1985,T+35,0.43100586971114097,0.6817945071647321,0.4507190657810519,0.4020593753782293,8.0,2.0,1.44972660847191,3.363589014329464,Deep Ancient Forest
India,1986,T+36,0.43100586971114097,0.6817945071647321,0.4507190657810519,0.4020593753782293,8.0,2.0,1.44972660847191,3.363589014329464,Deep Ancient Forest
India,1987,T+37,0.43100586971114097,0.6817945071647321,0.4507190657810519,0.4020593753782293,8.0,2.0,1.44972660847191,3.363589014329464,Deep Ancient Forest
India,1988,T+38,0.43100586971114097,0.6817945071647321,0.4507190657810519,0.4020593753782293,8.0,2.0,1.44972660847191,3.363589014329464,Deep Ancient Forest
India,1989,T+39,0.43100586971114097,0.6817945071647321,0.4507190657810519,0.4020593753782293,8.0,2.0,1.44972660847191,3.363589014329464,Deep Ancient Forest
India,1990,T+40,0.43100586971114097,0.6817945071647321,0.4507190657810519,0.4020593753782293,8.0,2.0,1.44972660847191,3.363589014329464,Deep Ancient Forest
India,1991,T+41,0.43100586971114097,0.6817945071647321,0.4507190657810519,0.4020593753782293,8.0,2.0,1.44972660847191,3.363589014329464,Deep Ancient Forest
India,1992,T+42,0.43100586971114097,0.6817945071647321,0.4507190657810519,0.4020593753782293,8.0,2.0,1.44972660847191,3.363589014329464,Deep Ancient Forest
India,1993,T+43,0.43100586971114097,0.6817945071647321,0.4507190657810519,0.4020593753782293,8.0,2.0,1.44972660847191,3.363589014329464,Deep Ancient Forest
India,1994,T+44,0.43100586971114097,0.6817945071647321,0.4507190657810519,0.4020593753782293,8.0,2.0,1.44972660847191,3.363589014329464,Deep Ancient Forest
India,1995,T+45,0.43100586971114097,0.6817945071647321,0.4507190657810519,0.4020593753782293,8.0,2.0,1.44972660847191,3.363589014329464,Deep Ancient Forest
India,1996,T+46,0.43100586971114097,0.6817945071647321,0.4507190657810519,0.4020593753782293,8.0,2.0,1.44972660847191,3.363589014329464,Deep Ancient Forest
India,1997,T+47,0.43100586971114097,0.6817945071647321,0.4507190657810519,0.4020593753782293,8.0,2.0,1.44972660847191,3.363589014329464,Deep Ancient Forest
India,1998,T+48,0.43100586971114097,0.6817945071647321,0.4507190657810519,0.4020593753782293,8.0,2.0,1.44972660847191,3.363589014329464,Deep Ancient Forest
India,1999,T+49,0.4241319890680839,0.6817945071647321,0.45427982110906273,0.4068990226303812,8.5,2.5,1.5711911292848473,3.70448626791183,Deep Ancient Forest
India,2000,T+50,0.41460987562629636,0.6817945071647321,0.4553349064898911,0.409285057072263,9.0,3.0,1.6772559587073776,4.045383521494196,Deep Ancient Forest
India,2001,T+51,0.41460987562629636,0.6817945071647321,0.4553349064898911,0.409285057072263,9.0,3.0,1.6772559587073776,4.045383521494196,Deep Ancient Forest
India,2002,T+52,0.41460987562629636,0.6817945071647321,0.4553349064898911,0.409285057072263,9.0,3.0,1.6772559587073776,4.045383521494196,Deep Ancient Forest
India,2003,T+53,0.41460987562629636,0.6817945071647321,0.4553349064898911,0.409285057072263,9.0,3.0,1.6772559587073776,4.045383521494196,Deep Ancient Forest
India,2004,T+54,0.41460987562629636,0.6817945071647321,0.4553349064898911,0.409285057072263,9.0,3.0,1.6772559587073776,4.045383521494196,Deep Ancient Forest
India,2005,T+55,0.41460987562629636,0.6817945071647321,0.4553349064898911,0.409285057072263,9.0,3.0,1.6772559587073776,4.045383521494196,Deep Ancient Forest
India,2006,T+56,0.41460987562629636,0.6817945071647321,0.4553349064898911,0.409285057072263,9.0,3.0,1.6772559587073776,4.045383521494196,Deep Ancient Forest
India,2007,T+57,0.41460987562629636,0.6817945071647321,0.4553349064898911,0.409285057072263,9.0,3.0,1.6772559587073776,4.045383521494196,Deep Ancient Forest
India,2008,T+58,0.41460987562629636,0.6817945071647321,0.4553349064898911,0.409285057072263,9.0,3.0,1.6772559587073776,4.045383521494196,Deep Ancient Forest
India,2009,T+59,0.3897871340965425,0.6959705453537527,0.44571524230851317,0.40834557443102104,9.5,3.5,1.7290555432047496,4.435896908738135,Deep Ancient Forest
India,2010,T+60,0.35379898936701376,0.7473912964438374,0.4351582753498313,0.40566920592030503,10.0,4.0,1.765303120108155,4.98956518577535,Deep Ancient Forest
India,2011,T+61,0.35379898936701376,0.7473912964438374,0.4351582753498313,0.40566920592030503,10.0,4.0,1.765303120108155,4.98956518577535,Deep Ancient Forest
India,2012,T+62,0.35379898936701376,0.7473912964438374,0.4351582753498313,0.40566920592030503,10.0,4.0,1.765303120108155,4.98956518577535,Deep Ancient Forest
India,2013,T+63,0.35379898936701376,0.7473912964438374,0.4351582753498313,0.40566920592030503,10.0,4.0,1.765303120108155,4.98956518577535,Deep Ancient Forest
India,2014,T+64,0.35379898936701376,0.7473912964438374,0.4351582753498313,0.40566920592030503,10.0,4.0,1.765303120108155,4.98956518577535,Deep Ancient Forest
India,2015,T+65,0.35379898936701376,0.7473912964438374,0.4351582753498313,0.40566920592030503,10.0,4.0,1.765303120108155,4.98956518577535,Deep Ancient Forest
India,2016,T+66,0.35379898936701376,0.7473912964438374,0.4351582753498313,0.40566920592030503,10.0,4.0,1.765303120108155,4.98956518577535,Deep Ancient Forest
India,2017,T+67,0.35379898936701376,0.7473912964438374,0.4351582753498313,0.40566920592030503,10.0,4.0,1.765303120108155,4.98956518577535,Deep Ancient Forest
India,2018,T+68,0.35379898936701376,0.7473912964438374,0.4351582753498313,0.40566920592030503,10.0,4.0,1.765303120108155,4.98956518577535,Deep Ancient Forest
India,2019,T+69,0.35379898936701376,0.7473912964438374,0.4351582753498313,0.40566920592030503,10.0,4.0,1.765303120108155,4.98956518577535,Deep Ancient Forest
India,2020,T+70,0.35379898936701376,0.7473912964438374,0.4351582753498313,0.40566920592030503,10.0,4.0,1.765303120108155,4.98956518577535,Deep Ancient Forest
India,2021,T+71,0.35379898936701376,0.7473912964438374,0.4351582753498313,0.40566920592030503,10.0,4.0,1.765303120108155,4.98956518577535,Deep Ancient Forest
India,2022,T+72,0.35379898936701376,0.7473912964438374,0.4351582753498313,0.40566920592030503,10.0,4.0,1.765303120108155,4.98956518577535,Deep Ancient Forest
Indonesia,1941,T+0,0.002167899872731303,3.639518340385167,0.1975884911508728,0.12711064534328606,3.0,9.0,0.07534680186778082,34.7556650634665,Ruptured
Indonesia,1942,T+1,0.000570018197726733,2.207055447876197,0.09945930672337876,0.06897622019640462,2.0,10.0,0.01372065408226704,24.07055447876197,Ruptured
Indonesia,1943,T+2,9.354122394280773e-05,1.920286436967152,0.05785687697082998,0.034280140720909895,1.0,10.0,0.0019833418842324225,21.20286436967152,Ruptured
Indonesia,1944,T+3,9.354122394280773e-05,1.920286436967152,0.05785687697082998,0.034280140720909895,1.0,10.0,0.0019833418842324225,21.20286436967152,Ruptured
Indonesia,1945,T+4,0.0005592926893557749,2.3242942477233814,0.1009374602718125,0.06993534980633861,2.0,10.0,0.014118193185345228,25.242942477233814,Ruptured
Indonesia,1946,T+5,0.002341931783795302,2.3242942477233814,0.15533594504574103,0.11517812938597762,3.0,9.0,0.053673910730314404,22.91864822951043,Ruptured
Indonesia,1947,T+6,0.007465347302822268,2.3242942477233814,0.22333812658790145,0.17209780445927403,4.0,8.0,0.153744004951301,20.59435398178705,Standard Transplant
Indonesia,1948,T+7,0.007465347302822268,2.3242942477233814,0.22333812658790145,0.17209780445927403,4.0,8.0,0.153744004951301,20.59435398178705,Standard Transplant
Indonesia,1949,T+8,0.007465347302822268,2.3242942477233814,0.22333812658790145,0.17209780445927403,4.0,8.0,0.153744004951301,20.59435398178705,Standard Transplant
Indonesia,1950,T+9,0.03287872213006893,1.6153559979150107,0.2913903777436775,0.2638539358892787,5.0,6.0,0.3844224902396649,11.692135987490065,Intermediate/Uncertain
Indonesia,1951,T+10,0.03287872213006893,1.6153559979150107,0.2913903777436775,0.2638539358892787,5.0,6.0,0.3844224902396649,11.692135987490065,Intermediate/Uncertain
Indonesia,1952,T+11,0.03287872213006893,1.6153559979150107,0.2913903777436775,0.2638539358892787,5.0,6.0,0.3844224902396649,11.692135987490065,Intermediate/Uncertain
Indonesia,1953,T+12,0.03287872213006893,1.6153559979150107,0.2913903777436775,0.2638539358892787,5.0,6.0,0.3844224902396649,11.692135987490065,Intermediate/Uncertain
Indonesia,1954,T+13,0.03287872213006893,1.6153559979150107,0.2913903777436775,0.2638539358892787,5.0,6.0,0.3844224902396649,11.692135987490065,Intermediate/Uncertain
Indonesia,1955,T+14,0.03287872213006893,1.6153559979150107,0.2913903777436775,0.2638539358892787,5.0,6.0,0.3844224902396649,11.692135987490065,Intermediate/Uncertain
Indonesia,1956,T+15,0.03287872213006893,1.6153559979150107,0.2913903777436775,0.2638539358892787,5.0,6.0,0.3844224902396649,11.692135987490065,Intermediate/Uncertain
Indonesia,1957,T+16,0.03287872213006893,1.6153559979150107,0.2913903777436775,0.2638539358892787,5.0,6.0,0.3844224902396649,11.692135987490065,Intermediate/Uncertain
Indonesia,1958,T+17,0.03287872213006893,1.6153559979150107,0.2913903777436775,0.2638539358892787,5.0,6.0,0.3844224902396649,11.692135987490065,Intermediate/Uncertain
Indonesia,1959,T+18,0.03287872213006893,1.6153559979150107,0.2913903777436775,0.2638539358892787,5.0,6.0,0.3844224902396649,11.692135987490065,Intermediate/Uncertain
Indonesia,1960,T+19,0.03287872213006893,1.6153559979150107,0.2913903777436775,0.2638539358892787,5.0,6.0,0.3844224902396649,11.692135987490065,Intermediate/Uncertain
Indonesia,1961,T+20,0.03287872213006893,1.6153559979150107,0.2913903777436775,0.2638539358892787,5.0,6.0,0.3844224902396649,11.692135987490065,Intermediate/Uncertain
Indonesia,1962,T+21,0.03287872213006893,1.6153559979150107,0.2913903777436775,0.2638539358892787,5.0,6.0,0.3844224902396649,11.692135987490065,Intermediate/Uncertain
Indonesia,1963,T+22,0.03287872213006893,1.6153559979150107,0.2913903777436775,0.2638539358892787,5.0,6.0,0.3844224902396649,11.692135987490065,Intermediate/Uncertain
Indonesia,1964,T+23,0.03287872213006893,1.6153559979150107,0.2913903777436775,0.2638539358892787,5.0,6.0,0.3844224902396649,11.692135987490065,Intermediate/Uncertain
Indonesia,1965,T+24,0.007685247036505209,1.9273929931386593,0.20236502334745396,0.16538236470928783,4.0,8.0,0.1338704243826087,17.419143945109276,Intermediate/Uncertain
Indonesia,1966,T+25,0.007685247036505209,1.9273929931386593,0.20236502334745396,0.16538236470928783,4.0,8.0,0.1338704243826087,17.419143945109276,Intermediate/Uncertain
Indonesia,1967,T+26,0.007685247036505209,1.9273929931386593,0.20236502334745396,0.16538236470928783,4.0,8.0,0.1338704243826087,17.419143945109276,Intermediate/Uncertain
Indonesia,1968,T+27,0.007685247036505209,1.9273929931386593,0.20236502334745396,0.16538236470928783,4.0,8.0,0.1338704243826087,17.419143945109276,Intermediate/Uncertain
Indonesia,1969,T+28,0.007685247036505209,1.9273929931386593,0.20236502334745396,0.16538236470928783,4.0,8.0,0.1338704243826087,17.419143945109276,Intermediate/Uncertain
Indonesia,1970,T+29,0.007685247036505209,1.9273929931386593,0.20236502334745396,0.16538236470928783,4.0,8.0,0.1338704243826087,17.419143945109276,Intermediate/Uncertain
Indonesia,1971,T+30,0.007685247036505209,1.9273929931386593,0.20236502334745396,0.16538236470928783,4.0,8.0,0.1338704243826087,17.419143945109276,Intermediate/Uncertain
Indonesia,1972,T+31,0.007685247036505209,1.9273929931386593,0.20236502334745396,0.16538236470928783,4.0,8.0,0.1338704243826087,17.419143945109276,Intermediate/Uncertain
Indonesia,1973,T+32,0.007685247036505209,1.9273929931386593,0.20236502334745396,0.16538236470928783,4.0,8.0,0.1338704243826087,17.419143945109276,Intermediate/Uncertain
Indonesia,1974,T+33,0.007685247036505209,1.9273929931386593,0.20236502334745396,0.16538236470928783,4.0,8.0,0.1338704243826087,17.419143945109276,Intermediate/Uncertain
Indonesia,1975,T+34,0.007685247036505209,1.9273929931386593,0.20236502334745396,0.16538236470928783,4.0,8.0,0.1338704243826087,17.419143945109276,Intermediate/Uncertain
Indonesia,1976,T+35,0.007685247036505209,1.9273929931386593,0.20236502334745396,0.16538236470928783,4.0,8.0,0.1338704243826087,17.419143945109276,Intermediate/Uncertain
Indonesia,1977,T+36,0.007685247036505209,1.9273929931386593,0.20236502334745396,0.16538236470928783,4.0,8.0,0.1338704243826087,17.419143945109276,Intermediate/Uncertain
Indonesia,1978,T+37,0.007685247036505209,1.9273929931386593,0.20236502334745396,0.16538236470928783,4.0,8.0,0.1338704243826087,17.419143945109276,Intermediate/Uncertain
Indonesia,1979,T+38,0.007685247036505209,1.9273929931386593,0.20236502334745396,0.16538236470928783,4.0,8.0,0.1338704243826087,17.419143945109276,Intermediate/Uncertain
Indonesia,1980,T+39,0.01449721339961233,1.9990231989649345,0.25771358860456545,0.2249166307041112,4.0,7.0,0.23185628814241713,15.993162392754542,Intermediate/Uncertain
Indonesia,1981,T+40,0.01449721339961233,1.9990231989649345,0.25771358860456545,0.2249166307041112,4.0,7.0,0.23185628814241713,15.993162392754542,Intermediate/Uncertain
Indonesia,1982,T+41,0.01449721339961233,1.9990231989649345,0.25771358860456545,0.2249166307041112,4.0,7.0,0.23185628814241713,15.993162392754542,Intermediate/Uncertain
Indonesia,1983,T+42,0.01449721339961233,1.9990231989649345,0.25771358860456545,0.2249166307041112,4.0,7.0,0.23185628814241713,15.993162392754542,Intermediate/Uncertain
Indonesia,1984,T+43,0.01449721339961233,1.9990231989649345,0.25771358860456545,0.2249166307041112,4.0,7.0,0.23185628814241713,15.993162392754542,Intermediate/Uncertain
Indonesia,1985,T+44,0.01449721339961233,1.9990231989649345,0.25771358860456545,0.2249166307041112,4.0,7.0,0.23185628814241713,15.993162392754542,Intermediate/Uncertain
Indonesia,1986,T+45,0.01449721339961233,1.9990231989649345,0.25771358860456545,0.2249166307041112,4.0,7.0,0.23185628814241713,15.993162392754542,Intermediate/Uncertain
Indonesia,1987,T+46,0.01449721339961233,1.9990231989649345,0.25771358860456545,0.2249166307041112,4.0,7.0,0.23185628814241713,15.993162392754542,Intermediate/Uncertain
Indonesia,1988,T+47,0.01449721339961233,1.9990231989649345,0.25771358860456545,0.2249166307041112,4.0,7.0,0.23185628814241713,15.993162392754542,Intermediate/Uncertain
Indonesia,1989,T+48,0.01449721339961233,1.9990231989649345,0.25771358860456545,0.2249166307041112,4.0,7.0,0.23185628814241713,15.993162392754542,Intermediate/Uncertain
Indonesia,1990,T+49,0.01449721339961233,1.9990231989649345,0.25771358860456545,0.2249166307041112,4.0,7.0,0.23185628814241713,15.993162392754542,Intermediate/Uncertain
Indonesia,1991,T+50,0.01449721339961233,1.9990231989649345,0.25771358860456545,0.2249166307041112,4.0,7.0,0.23185628814241713,15.993162392754542,Intermediate/Uncertain
Indonesia,1992,T+51,0.01449721339961233,1.9990231989649345,0.25771358860456545,0.2249166307041112,4.0,7.0,0.23185628814241713,15.993162392754542,Intermediate/Uncertain
Indonesia,1993,T+52,0.01449721339961233,1.9990231989649345,0.25771358860456545,0.2249166307041112,4.0,7.0,0.23185628814241713,15.993162392754542,Intermediate/Uncertain
Indonesia,1994,T+53,0.01449721339961233,1.9990231989649345,0.25771358860456545,0.2249166307041112,4.0,7.0,0.23185628814241713,15.993162392754542,Intermediate/Uncertain
Indonesia,1995,T+54,0.01449721339961233,1.9990231989649345,0.25771358860456545,0.2249166307041112,4.0,7.0,0.23185628814241713,15.993162392754542,Intermediate/Uncertain
Indonesia,1996,T+55,0.01449721339961233,1.9990231989649345,0.25771358860456545,0.2249166307041112,4.0,7.0,0.23185628814241713,15.993162392754542,Intermediate/Uncertain
Indonesia,1997,T+56,0.00891259246265045,2.1360009363293826,0.2207110141446538,0.1926995265136049,4.0,8.0,0.17012363168804936,19.08800749063506,Standard Transplant
Indonesia,1998,T+57,0.003206874184996512,2.0068242947502903,0.1580787544283934,0.13565905978226003,3.0,9.0,0.06433444559191986,20.061418652752614,Ruptured
Indonesia,1999,T+58,0.00891259246265045,2.1360009363293826,0.2207110141446538,0.1926995265136049,4.0,8.0,0.17012363168804936,19.08800749063506,Standard Transplant
Indonesia,2000,T+59,0.00891259246265045,2.1360009363293826,0.2207110141446538,0.1926995265136049,4.0,8.0,0.17012363168804936,19.08800749063506,Standard Transplant
Indonesia,2001,T+60,0.00891259246265045,2.1360009363293826,0.2207110141446538,0.1926995265136049,4.0,8.0,0.17012363168804936,19.08800749063506,Standard Transplant
Indonesia,2002,T+61,0.00891259246265045,2.1360009363293826,0.2207110141446538,0.1926995265136049,4.0,8.0,0.17012363168804936,19.08800749063506,Standard Transplant
Indonesia,2003,T+62,0.00891259246265045,2.1360009363293826,0.2207110141446538,0.1926995265136049,4.0,8.0,0.17012363168804936,19.08800749063506,Standard Transplant
Indonesia,2004,T+63,0.00891259246265045,2.1360009363293826,0.2207110141446538,0.1926995265136049,4.0,8.0,0.17012363168804936,19.08800749063506,Standard Transplant
Indonesia,2005,T+64,0.00891259246265045,2.1360009363293826,0.2207110141446538,0.1926995265136049,4.0,8.0,0.17012363168804936,19.08800749063506,Standard Transplant
Indonesia,2006,T+65,0.00891259246265045,2.1360009363293826,0.2207110141446538,0.1926995265136049,4.0,8.0,0.17012363168804936,19.08800749063506,Standard Transplant
Indonesia,2007,T+66,0.00891259246265045,2.1360009363293826,0.2207110141446538,0.1926995265136049,4.0,8.0,0.17012363168804936,19.08800749063506,Standard Transplant
Indonesia,2008,T+67,0.00891259246265045,2.1360009363293826,0.2207110141446538,0.1926995265136049,4.0,8.0,0.17012363168804936,19.08800749063506,Standard Transplant
Indonesia,2009,T+68,0.00891259246265045,2.1360009363293826,0.2207110141446538,0.1926995265136049,4.0,8.0,0.17012363168804936,19.08800749063506,Standard Transplant
Indonesia,2010,T+69,0.00891259246265045,2.1360009363293826,0.2207110141446538,0.1926995265136049,4.0,8.0,0.17012363168804936,19.08800749063506,Standard Transplant
Indonesia,2011,T+70,0.00891259246265045,2.1360009363293826,0.2207110141446538,0.1926995265136049,4.0,8.0,0.17012363168804936,19.08800749063506,Standard Transplant
Indonesia,2012,T+71,0.00891259246265045,2.1360009363293826,0.2207110141446538,0.1926995265136049,4.0,8.0,0.17012363168804936,19.08800749063506,Standard Transplant
Indonesia,2013,T+72,0.00891259246265045,2.1360009363293826,0.2207110141446538,0.1926995265136049,4.0,8.0,0.17012363168804936,19.08800749063506,Standard Transplant
Indonesia,2014,T+73,0.00891259246265045,2.1360009363293826,0.2207110141446538,0.1926995265136049,4.0,8.0,0.17012363168804936,19.08800749063506,Standard Transplant
Indonesia,2015,T+74,0.00891259246265045,2.1360009363293826,0.2207110141446538,0.1926995265136049,4.0,8.0,0.17012363168804936,19.08800749063506,Standard Transplant
Indonesia,2016,T+75,0.00891259246265045,2.1360009363293826,0.2207110141446538,0.1926995265136049,4.0,8.0,0.17012363168804936,19.08800749063506,Standard Transplant
Indonesia,2017,T+76,0.00891259246265045,2.1360009363293826,0.2207110141446538,0.1926995265136049,4.0,8.0,0.17012363168804936,19.08800749063506,Standard Transplant
Indonesia,2018,T+77,0.00891259246265045,2.1360009363293826,0.2207110141446538,0.1926995265136049,4.0,8.0,0.17012363168804936,19.08800749063506,Standard Transplant
Indonesia,2019,T+78,0.00891259246265045,2.1360009363293826,0.2207110141446538,0.1926995265136049,4.0,8.0,0.17012363168804936,19.08800749063506,Standard Transplant
Indonesia,2020,T+79,0.00891259246265045,2.1360009363293826,0.2207110141446538,0.1926995265136049,4.0,8.0,0.17012363168804936,19.08800749063506,Standard Transplant
Indonesia,2021,T+80,0.00891259246265045,2.1360009363293826,0.2207110141446538,0.1926995265136049,4.0,8.0,0.17012363168804936,19.08800749063506,Standard Transplant
Indonesia,2022,T+81,0.00891259246265045,2.1360009363293826,0.2207110141446538,0.1926995265136049,4.0,8.0,0.17012363168804936,19.08800749063506,Standard Transplant
Indonesia,2023,T+82,0.00891259246265045,2.1360009363293826,0.2207110141446538,0.1926995265136049,4.0,8.0,0.17012363168804936,19.08800749063506,Standard Transplant
Indonesia,2024,T+83,0.00891259246265045,2.1360009363293826,0.2207110141446538,0.1926995265136049,4.0,8.0,0.17012363168804936,19.08800749063506,Standard Transplant
Indonesia,2025,T+84,0.00891259246265045,2.1360009363293826,0.2207110141446538,0.1926995265136049,4.0,8.0,0.17012363168804936,19.08800749063506,Standard Transplant
Iran,1900,T+0,0.01574249265388074,2.566977794995508,0.23427046181529784,0.2092119279447214,4.6,4.8,0.225456004893642,14.32149341597844,Standard Transplant
Iran,1901,T+1,0.016268692001031402,2.4949949899749297,0.21464775240126163,0.19672670577593573,5.0,4.4,0.21113472616054452,12.977977955889692,Standard Transplant
Iran,1902,T+2,0.01731416114169157,2.4279621084357967,0.21840980351204586,0.1996508435898405,6.0,5.4,0.2616342091168276,15.110995385553304,Standard Transplant
Iran,1903,T+3,0.015319825728172776,2.3574350468252567,0.21714891011767742,0.2095722206718145,4.8,5.2,0.21844022068716432,14.258662243491335,Standard Transplant
Iran,1904,T+4,0.019728425806256708,2.236871420086546,0.22090765988302952,0.20352635078264192,5.0,4.2,0.2248026493796301,11.394859964363492,Standard Transplant
Iran,1905,T+5,0.008709309837266348,2.2396637582458667,0.19200385825624317,0.17358725057208382,3.8,5.6,0.12665180304494672,14.542117046176854,Standard Transplant
Iran,1906,T+6,0.005273780753485732,2.787668156362949,0.17458670245552785,0.16648443362414445,3.6,6.4,0.1046374857958161,19.841076200722874,Standard Transplant
Iran,1907,T+7,0.003086984990317373,3.3999999999999995,0.1839651981050022,0.12148912707468262,3.0,5.8,0.06704931398969333,21.719999999999995,Ruptured
Iran,1908,T+8,0.004773331050070897,2.6350699706079914,0.1643473659792827,0.12371292897327286,4.8,7.0,0.09759309126882952,20.44548979425594,Ruptured
Iran,1909,T+9,0.005616317272300411,2.5612496949731396,0.16714602798335984,0.13484704549602916,4.2,5.8,0.0946644217678013,16.85524823084421,Standard Transplant
Iran,1910,T+10,0.005870100554024754,2.6210386777001213,0.1831849453197137,0.15040683162836183,4.0,6.4,0.11020906891021137,18.774647537280778,Standard Transplant
Iran,1911,T+11,0.0036508056627098727,2.839426658676008,0.18169708331201348,0.11249942778814882,3.4,6.0,0.0694987808714822,19.03655995205605,Ruptured
Iran,1912,T+12,0.002990028345066065,2.7982137159266447,0.14019564155487876,0.130583059346838,3.8,7.6,0.06956726796904929,23.2664242410425,Ruptured
Iran,1913,T+13,0.002087476610845996,2.732644095011277,0.13553327428044734,0.10313913099113038,3.4,7.6,0.047527866040870725,22.768095122085704,Ruptured
Iran,1914,T+14,0.003506133058213301,2.1260291625469296,0.13740875649874007,0.12125390850416497,4.0,8.0,0.06664539515267724,19.008233300375437,Ruptured
Iran,1915,T+15,0.002871583648334614,2.3889066536807166,0.13145533218706373,0.11386685461054526,4.6,9.2,0.06885466391045644,23.977941213862593,Ruptured
Iran,1916,T+16,0.0030441987862503076,2.548406364769951,0.13579415626183775,0.11949325843197835,4.2,8.0,0.06815124207254257,22.38725091815961,Ruptured
Iran,1917,T+17,0.002530892928813053,2.734958866235469,0.1359850232044116,0.1093155558658515,3.6,7.0,0.05351500224367549,21.14471206364828,Ruptured
Iran,1918,T+18,0.00337680260748715,2.02542433825606,0.1429767590486142,0.1264485038513103,3.4,8.0,0.06146927070850229,18.20339470604848,Ruptured
Iran,1919,T+19,0.0024951518974940423,2.2214508209726365,0.13069487391925363,0.11427687724648702,3.6,8.8,0.053767447429016325,21.548767224559203,Ruptured
Iran,1920,T+20,0.0028966917223632346,2.7420054248669894,0.13591721831248596,0.11589379433703415,4.2,7.6,0.06615824101306989,22.839241228989117,Ruptured
Iran,1921,T+21,0.004224575507252372,2.5575562066159954,0.16776273317356843,0.13983236034041702,3.4,6.6,0.07975944045318681,18.879870963665567,Ruptured
Iran,1922,T+22,0.01235419938140191,1.5935416530483288,0.1864758009349356,0.1737816221603123,3.8,5.0,0.12314305528444301,9.967708265241644,Intermediate/Uncertain
Iran,1923,T+23,0.008720112512858301,1.3923339218736286,0.16992332696365925,0.15863096367214993,3.8,7.0,0.10242938420516771,11.7463374531154,Intermediate/Uncertain
Iran,1924,T+24,0.011245577618187324,1.2868930608251796,0.17041773553981124,0.1527371349905142,4.2,6.0,0.10932229004727197,9.721358364951078,Intermediate/Uncertain
Iran,1925,T+25,0.03350045011280689,1.0141961102272086,0.21501631947450692,0.22033772299785478,5.0,5.0,0.23688103120196077,7.070980551136043,Intermediate/Uncertain
Iran,1926,T+26,0.06790560307511928,1.5006248698458917,0.294527726601515,0.35555100387980515,4.8,3.6,0.5026542185453061,7.40224953144521,Intermediate/Uncertain
Iran,1927,T+27,0.06657921431160495,1.5099151466224847,0.2864929524353162,0.3603980502073849,4.6,3.4,0.47495690669688706,7.133711498516448,Intermediate/Uncertain
Iran,1928,T+28,0.05968860827563063,1.4335271186831446,0.2908745010990641,0.33914792511958,5.2,4.6,0.512977314293291,8.594224745942466,Intermediate/Uncertain
Iran,1929,T+29,0.05426848360034457,1.8489439553431577,0.2832750013022879,0.346729110678318,5.6,4.4,0.5500302599620732,10.135353403509894,Intermediate/Uncertain
Iran,1930,T+30,0.092219552218807,1.2216152217453737,0.31205844277679995,0.3501264951968484,5.4,3.6,0.5900036158765471,6.3978147982833455,Young Ancient Forest
Iran,1931,T+31,0.04847712087335257,1.9150310049709383,0.2822143077129537,0.3456999011662104,4.8,4.0,0.4682949997634812,9.660124019883753,Intermediate/Uncertain
Iran,1932,T+32,0.05056302428426078,2.1815991840849227,0.2850208220519919,0.36671830779559206,5.4,4.2,0.5644207091668413,11.162716573156676,Standard Transplant
Iran,1933,T+33,0.05230139425678602,1.7675901674313532,0.2971043681517586,0.3566833910073331,5.0,4.6,0.5298609675773018,10.130914770184225,Intermediate/Uncertain
Iran,1934,T+34,0.06133625375695015,1.6201851746019647,0.2936458624292842,0.3405791038989791,5.4,4.2,0.540052081324966,8.804777733328251,Intermediate/Uncertain
Iran,1935,T+35,0.060379212310280025,1.5556349186104046,0.30447251520588364,0.3544765368887945,4.6,4.0,0.49647046873281125,8.222539674441618,Intermediate/Uncertain
Iran,1936,T+36,0.0674806930855975,1.567192952383337,0.3108699224669997,0.34537365023199335,5.0,3.8,0.5368313993488222,7.95533321905668,Intermediate/Uncertain
Iran,1937,T+37,0.06798709993042604,2.0343533985028266,0.2807694310936261,0.34344047507847897,6.0,3.2,0.5785655208138553,8.509930875209045,Standard Transplant
Iran,1938,T+38,0.04583997363618165,1.9746835189467706,0.2803581239511191,0.3366134645968648,5.0,4.2,0.4718615971553173,10.293670779576438,Intermediate/Uncertain
Iran,1939,T+39,0.053030114608992006,1.468789893075248,0.2839450376326527,0.31784219988503304,4.8,4.2,0.433198633956484,8.168917550916042,Intermediate/Uncertain
Iran,1940,T+40,0.07138088819128525,1.2835497652993433,0.2796125874011206,0.32513324664781834,5.4,3.8,0.4909212810647453,6.877489108137504,Intermediate/Uncertain
Iran,1941,T+41,0.003806287220335061,2.3167865676406194,0.15220684452802027,0.1557195219323006,3.0,7.2,0.07110473119418195,18.68086328701246,Ruptured
Iran,1942,T+42,0.013205233066990915,1.8141371916147908,0.20173761912051116,0.1885125260263363,4.6,6.2,0.1749383136047538,13.247650588011703,Intermediate/Uncertain
Iran,1943,T+43,0.009061398500017958,2.04144556625936,0.19163558000054579,0.17642508857860748,3.6,5.6,0.1217135670350728,13.432095171052413,Standard Transplant
Iran,1944,T+44,0.006541555288052258,2.423033996872516,0.20295845005096647,0.18809390135719012,3.0,6.4,0.11452574005048406,17.5074175799841,Standard Transplant
Iran,1945,T+45,0.016307636575275276,1.030700611234902,0.1941079805909454,0.18618411439640806,3.6,5.8,0.1301033608689612,7.978063545162431,Intermediate/Uncertain
Iran,1946,T+46,0.0072678762671146745,2.17428149051589,0.19241022256380177,0.16242883717307288,3.6,6.2,0.11251068736050171,15.480545241198516,Standard Transplant
Iran,1947,T+47,0.00981671652927118,2.496966910073099,0.18924123174434418,0.1825451710604061,4.4,5.4,0.15199832128999435,15.483621314394735,Standard Transplant
Iran,1948,T+48,0.02899042943818465,1.1640446726822817,0.22622911937398074,0.20042657128770686,5.0,5.0,0.22671163360782148,7.820223363411409,Intermediate/Uncertain
Iran,1949,T+49,0.0413896887808156,0.9708243919473797,0.23303509545296022,0.21905264427832152,5.4,4.8,0.2756535508905588,6.6599570813474225,Intermediate/Uncertain
Iran,1950,T+50,0.037600492756067486,0.7968688725254615,0.23122359022863756,0.2171875105278947,4.6,5.2,0.2310068293105672,6.1437181371323994,Intermediate/Uncertain
Iran,1951,T+51,0.014945365728623998,2.350498617315058,0.2069482276127324,0.1986352250804155,5.0,5.0,0.20553603885924082,13.75249308657529,Standard Transplant
Iran,1952,T+52,0.010101726871632945,2.3167865676406185,0.18126424141583547,0.1684725067205546,4.8,5.4,0.14658259742460275,14.510647465259341,Standard Transplant
Iran,1953,T+53,0.005935926510365289,1.700551381170237,0.14667853931799554,0.14082810355126435,3.8,6.6,0.07849454999052692,13.223639115723564,Intermediate/Uncertain
Iran,1954,T+54,0.05918113356058631,1.0409580923360946,0.2712173603891186,0.26738673176044764,5.2,4.2,0.37710360267393794,6.372023987811597,Intermediate/Uncertain
Iran,1955,T+55,0.08342253017033455,0.677195503529077,0.25024699264564315,0.2823283546859608,5.4,3.8,0.3815198371732725,4.573342913410492,Young Ancient Forest
Iran,1956,T+56,0.05853630547788251,0.998436277385793,0.2660218175539611,0.29626586744957895,4.6,4.2,0.3625406488754344,6.193432365020331,Intermediate/Uncertain
Iran,1957,T+57,0.06420917283966483,0.8485281374238572,0.2640967278163008,0.278795442865266,5.0,4.4,0.368144820954066,5.733523804664973,Intermediate/Uncertain
Iran,1958,T+58,0.062384371081505206,1.0647035972513668,0.25763085722158213,0.28153581280312806,5.2,3.8,0.3771680265134328,6.045873669555194,Intermediate/Uncertain
Iran,1959,T+59,0.06174390588390842,1.088289942983946,0.26307950249591133,0.286743459751394,5.2,4.0,0.39226889902383616,6.353159771935784,Intermediate/Uncertain
Iran,1960,T+60,0.08856864097013714,0.7578753195612061,0.28311576695397284,0.2863555374311216,5.0,3.4,0.4053588380066453,4.576776086508101,Young Ancient Forest
Iran,1961,T+61,0.05091956050723506,1.0658769863356656,0.23798569177575438,0.2506896852480276,4.8,3.4,0.28637067919103026,5.623981753541263,Intermediate/Uncertain
Iran,1962,T+62,0.07659834823326052,0.9337424698491551,0.28049572803921646,0.28262486860723274,5.0,3.4,0.3963753414098682,5.174724397487127,Intermediate/Uncertain
Iran,1963,T+63,0.07716764807449965,0.5123475382979796,0.24279993168464362,0.24726700515572422,5.6,4.6,0.33620390697418706,4.3567986761707065,Intermediate/Uncertain
Iran,1964,T+64,0.06646563265556052,1.239392492312262,0.2838452965466818,0.3142302472192667,5.0,3.8,0.44596388852944935,6.709691470786595,Intermediate/Uncertain
Iran,1965,T+65,0.05860521116074278,1.3143439428094914,0.286888093087273,0.3057551092484821,5.2,4.4,0.45613100126873685,7.783113348361763,Intermediate/Uncertain
Iran,1966,T+66,0.03903224535248195,1.7895530168173284,0.2708086981902699,0.27574055381276813,4.6,3.8,0.34349552591497906,8.800301463905846,Intermediate/Uncertain
Iran,1967,T+67,0.08559711842486115,1.2051970793193953,0.3129831914349988,0.3095643571189317,5.6,3.6,0.5425752664953989,6.338709485549823,Young Ancient Forest
Iran,1968,T+68,0.07741335401915675,1.2910751333675354,0.3185493677185445,0.3607615540946806,5.0,4.2,0.5746018247700999,7.422515560143649,Intermediate/Uncertain
Iran,1969,T+69,0.06579710382740006,1.7196929231697144,0.31937713748572805,0.37901765810425836,5.2,4.4,0.6294577884497885,9.566648861946744,Intermediate/Uncertain
Iran,1970,T+70,0.04793984176100768,1.9608273126412745,0.3061671975394897,0.37510602531213194,4.6,4.6,0.5282877385299646,11.019805638149862,Intermediate/Uncertain
Iran,1971,T+71,0.06104771366435374,1.7080233458591838,0.3171092351525456,0.35140458993771145,5.4,4.6,0.6017416600189047,9.856907390952244,Intermediate/Uncertain
Iran,1972,T+72,0.05526726906643953,1.8940696924875815,0.3072496480685474,0.37176726011206285,5.0,4.4,0.5711267991641971,10.333906646945358,Intermediate/Uncertain
Iran,1973,T+73,0.08139564555923576,1.5489916074659669,0.3359535511259554,0.3955289106010658,5.4,4.4,0.7175484472828065,8.815563072850255,Young Ancient Forest
Iran,1974,T+74,0.06459140491715423,1.663580475961412,0.334927294893442,0.38516837697926665,4.0,3.6,0.5160136103206531,7.988889713461083,Intermediate/Uncertain
Iran,1975,T+75,0.05458054123339668,2.019746271193488,0.30379056584370645,0.3766833432423546,5.0,4.2,0.57216422993747,10.482934339012651,Standard Transplant
Iran,1976,T+76,0.03374748147431771,1.3499999999999999,0.2550832855686191,0.28412968674860095,4.2,5.2,0.30440228289834576,9.02,Intermediate/Uncertain
Iran,1977,T+77,0.03168815594142379,1.5572411502397439,0.21615201973045256,0.2407759967432669,5.2,4.2,0.27062993359308407,8.540412831006925,Intermediate/Uncertain
Iran,1978,T+78,0.006478050672582306,1.407513321428966,0.1565698395420736,0.14269258185654685,3.6,7.4,0.08042887672244547,12.415598578574349,Intermediate/Uncertain
Iran,1979,T+79,0.002348302103390562,2.043243438751242,0.13117292943765094,0.11551040952645641,2.4,6.6,0.03636441311550727,15.485406695758195,Ruptured
Iran,1980,T+80,0.004667923537939055,2.954551573420237,0.15782203299895659,0.14917866612305514,5.2,8.2,0.12242713791158831,26.22732290204594,Ruptured
Iran,1981,T+81,0.004771212763373724,2.70089684179163,0.1923111571286143,0.15152371187789154,3.6,7.4,0.10490292130917629,21.98663662925806,Ruptured
Iran,1982,T+82,0.0035411864670396084,2.377465825201279,0.16875048932896625,0.13472361197028468,3.2,7.8,0.07275096142128422,20.544233436569975,Ruptured
Iran,1983,T+83,0.0060971430475887135,2.4804233509624924,0.20551114427995473,0.18603300374843565,3.8,8.8,0.14528105080187684,23.827725488469934,Standard Transplant
Iran,1984,T+84,0.007359679836953626,2.674152903257404,0.1985882196833916,0.1733905803402316,5.0,8.0,0.17216663329818338,23.39322322605923,Standard Transplant
Iran,1985,T+85,0.006893834924446008,2.3757893425133463,0.19488030667152814,0.17292471013931227,4.2,7.8,0.141538406280744,20.5311568716041,Standard Transplant
Iran,1986,T+86,0.0069060694354460975,2.455605831561735,0.19783852762092308,0.168125287207004,4.8,8.6,0.15965596452901676,23.11821015143092,Standard Transplant
Iran,1987,T+87,0.008031130488569021,2.3973618312636913,0.20545601949551284,0.1668538259582327,4.4,7.0,0.1508369408434925,18.78153281884584,Standard Transplant
Iran,1988,T+88,0.008831388561539746,2.6260414600687474,0.21870693029297048,0.18705389369278103,4.4,7.0,0.18000392471114138,20.38229022048123,Standard Transplant
Iran,1989,T+89,0.015607809096881439,1.8162031136412027,0.2369779973843841,0.2243205171002149,4.0,6.4,0.21263610765855365,13.623699927303697,Intermediate/Uncertain
Iran,1990,T+90,0.04395869764017751,1.0670490850940273,0.2875036915055929,0.2670341164318119,4.2,5.0,0.32244783577473696,7.335245425470136,Intermediate/Uncertain
Iran,1991,T+91,0.06430381578384271,0.9443913383762051,0.28393618323471037,0.2702474106189536,5.0,4.2,0.3836650915010461,5.966443621180062,Intermediate/Uncertain
Iran,1992,T+92,0.06333867622740286,0.6403124237432852,0.26621486415063833,0.2475143977893568,5.0,5.0,0.32946005891410335,5.201562118716426,Intermediate/Uncertain
Iran,1993,T+93,0.07307597026040845,0.7529110173187802,0.27716547115913687,0.24304375959353286,5.6,4.2,0.37723469358416534,5.162226272738877,Intermediate/Uncertain
Iran,1994,T+94,0.06368673858635124,0.668487097856047,0.26402962214599185,0.24461133354511505,5.4,5.2,0.34875704503013716,5.4761329088514445,Intermediate/Uncertain
Iran,1995,T+95,0.08687617069989255,0.330718913883074,0.2597825343776602,0.24638084975415647,4.6,4.2,0.2944250312277789,3.389019438308911,Young Ancient Forest
Iran,1996,T+96,0.05800123617909678,0.832822760255746,0.27407398630585295,0.26442469907864974,4.8,4.8,0.34786527050021343,5.99754924922758,Intermediate/Uncertain
Iran,1997,T+97,0.03651093332616723,1.3369157602481916,0.2837245591811383,0.26150047334779114,4.8,5.8,0.356131711326053,9.75411140943951,Intermediate/Uncertain
Iran,1998,T+98,0.06989441299286421,0.7696387139431071,0.273924033177715,0.2690644385228841,5.4,4.8,0.39799736739838315,5.694265826926914,Intermediate/Uncertain
Iran,1999,T+99,0.05088973626443423,1.3531791270929359,0.29050112641501935,0.2742146467206613,5.6,5.0,0.4460941170103527,8.76589563546468,Intermediate/Uncertain
Iran,2000,T+100,0.04237509842011536,1.2180286326683785,0.28090028703058145,0.2733009337739448,4.6,5.2,0.35314342941700433,8.333748889875569,Intermediate/Uncertain
Iran,2001,T+101,0.050468501995470955,0.9675193796508672,0.2630555389722001,0.24751546572919933,5.0,4.6,0.32555157120674827,6.450589146393988,Intermediate/Uncertain
Iran,2002,T+102,0.04425065361404344,1.1575836902790224,0.27125763151425547,0.24226336578425242,5.4,5.2,0.3548652487486634,8.019435189450917,Intermediate/Uncertain
Iran,2003,T+103,0.034674583281301026,1.0839741694339398,0.26603392459200104,0.24883875294790916,4.0,5.2,0.26479820014924654,7.636665681056487,Intermediate/Uncertain
Iran,2004,T+104,0.07579890790277731,0.6622641089474801,0.27314051519514054,0.2525310968847457,5.4,4.4,0.3724729590918243,4.913962079368913,Intermediate/Uncertain
Iran,2005,T+105,0.02590118253056667,1.2175154003132775,0.23625795257925897,0.22381896483210753,4.2,5.4,0.22209184359450015,8.574583161691699,Intermediate/Uncertain
Iran,2006,T+106,0.03184536474024509,1.3706180175380738,0.2380875679995786,0.23682873094931794,5.0,5.0,0.28192988292074816,8.853090087690369,Intermediate/Uncertain
Iran,2007,T+107,0.0377495489586325,0.8859140759689957,0.22410549689691003,0.23806730916212565,4.8,5.4,0.2560905245505047,6.783936010232577,Intermediate/Uncertain
Iran,2008,T+108,0.033731791599904505,1.1779218989389748,0.23625744981465044,0.2521911240929998,4.6,5.2,0.27407734648287,8.125193874482669,Intermediate/Uncertain
Iran,2009,T+109,0.01586629953727671,1.3147599590799837,0.17118178815079352,0.17843343925841967,5.0,5.8,0.1527227759907614,9.625607762663904,Intermediate/Uncertain
Iran,2010,T+110,0.011473806769956666,2.4256120361673665,0.20607529593639048,0.2094706953504348,4.4,6.0,0.18993363635110633,16.5536722170042,Standard Transplant
Iran,2011,T+111,0.014714627617219509,2.0662465970933868,0.19998445956177632,0.20956855367832122,5.2,6.2,0.21793436053221135,14.810728901979,Standard Transplant
Iran,2012,T+112,0.015097407552034897,2.1585585468084947,0.19224269589143364,0.21928302969702537,5.2,5.8,0.2192089161194268,14.519639571489268,Standard Transplant
Iran,2013,T+113,0.03132699366066747,1.2643550727544857,0.24296905332322952,0.21887844564787273,5.2,5.4,0.27653958140600265,8.827517392874224,Intermediate/Uncertain
Iran,2014,T+114,0.03239215260164974,1.1575161985907585,0.24724049756255667,0.22839529047804935,4.6,5.2,0.2597554001901929,8.019084232671943,Intermediate/Uncertain
Iran,2015,T+115,0.03946362603395024,1.0392304845413265,0.24348575980777282,0.2347033219304,5.4,5.6,0.30859335001601146,7.819690713431428,Intermediate/Uncertain
Iran,2016,T+116,0.055893666991575934,0.7833222516946647,0.2655004529749965,0.2491152807418078,5.0,5.0,0.330701099399717,5.916611258473324,Intermediate/Uncertain
Iran,2017,T+117,0.0607276165588365,0.659426834455499,0.26085433013033005,0.23405387234943836,5.4,5.2,0.32969141686506165,5.4290195391685945,Intermediate/Uncertain
Iran,2018,T+118,0.006643119701124962,2.644304019964421,0.18030595331736002,0.18945622963361686,4.4,7.8,0.15030437882240866,22.625571355722485,Standard Transplant
Iran,2019,T+119,0.007696310923738812,1.7020208576865326,0.17091928967487777,0.16891236614501812,3.8,7.2,0.10970745022747559,14.254550175343034,Intermediate/Uncertain
Iran,2020,T+120,0.008377036813401455,1.4181303712987743,0.15299901835408164,0.13992249788300476,5.0,7.6,0.10704002410875396,12.777790821870685,Intermediate/Uncertain
Iran,2021,T+121,0.00662267050461803,1.6933232857313452,0.16024806167285482,0.13648062562662294,4.4,7.4,0.0962313251352855,14.530592314411955,Intermediate/Uncertain
Iran,2022,T+122,0.005382962304248612,1.6138076093512506,0.1544236440352778,0.1308560566356411,3.8,7.6,0.0767876226170971,14.264937831069505,Intermediate/Uncertain
Iran,2023,T+123,0.009174512785592776,1.8145247311624053,0.16971975739746079,0.17170248207962624,4.4,6.6,0.1282217358536225,13.975863225671874,Intermediate/Uncertain
Iran,2024,T+124,0.012623031011561621,1.1868419229198133,0.1691141630429833,0.17463295617927502,4.0,6.2,0.11813162489592029,9.358419922102843,Intermediate/Uncertain
Iran,2025,T+125,0.00814239943241536,2.3579320918974744,0.17628493546033683,0.1542531424031057,5.4,6.8,0.14683952836666245,18.033938224902826,Standard Transplant
Iraq,1900,T+0,0.009994859934365209,2.23606797749979,0.2266310050145453,0.2266310050145453,3.0,6.0,0.15408483730170858,15.416407864998739,Standard Transplant
Iraq,1901,T+1,0.009994859934365209,2.23606797749979,0.2266310050145453,0.2266310050145453,3.0,6.0,0.15408483730170858,15.416407864998739,Standard Transplant
Iraq,1902,T+2,0.009994859934365209,2.23606797749979,0.2266310050145453,0.2266310050145453,3.0,6.0,0.15408483730170858,15.416407864998739,Standard Transplant
Iraq,1903,T+3,0.009994859934365209,2.23606797749979,0.2266310050145453,0.2266310050145453,3.0,6.0,0.15408483730170858,15.416407864998739,Standard Transplant
Iraq,1904,T+4,0.009994859934365209,2.23606797749979,0.2266310050145453,0.2266310050145453,3.0,6.0,0.15408483730170858,15.416407864998739,Standard Transplant
Iraq,1905,T+5,0.009994859934365209,2.23606797749979,0.2266310050145453,0.2266310050145453,3.0,6.0,0.15408483730170858,15.416407864998739,Standard Transplant
Iraq,1906,T+6,0.009994859934365209,2.23606797749979,0.2266310050145453,0.2266310050145453,3.0,6.0,0.15408483730170858,15.416407864998739,Standard Transplant
Iraq,1907,T+7,0.009994859934365209,2.23606797749979,0.2266310050145453,0.2266310050145453,3.0,6.0,0.15408483730170858,15.416407864998739,Standard Transplant
Iraq,1908,T+8,0.009994859934365209,2.23606797749979,0.2266310050145453,0.2266310050145453,3.0,6.0,0.15408483730170858,15.416407864998739,Standard Transplant
Iraq,1909,T+9,0.009994859934365209,2.23606797749979,0.2266310050145453,0.2266310050145453,3.0,6.0,0.15408483730170858,15.416407864998739,Standard Transplant
Iraq,1910,T+10,0.009994859934365209,2.23606797749979,0.2266310050145453,0.2266310050145453,3.0,6.0,0.15408483730170858,15.416407864998739,Standard Transplant
Iraq,1911,T+11,0.009994859934365209,2.23606797749979,0.2266310050145453,0.2266310050145453,3.0,6.0,0.15408483730170858,15.416407864998739,Standard Transplant
Iraq,1912,T+12,0.009994859934365209,2.23606797749979,0.2266310050145453,0.2266310050145453,3.0,6.0,0.15408483730170858,15.416407864998739,Standard Transplant
Iraq,1913,T+13,0.009660651052573627,2.2741756748325317,0.22445594064017454,0.22445594064017454,3.0,6.0,0.15114140786599667,15.64505404899519,Standard Transplant
Iraq,1914,T+14,0.005404781957287996,2.57390753524675,0.18990298133361042,0.18990298133361042,3.0,7.0,0.10818942695818076,20.01735274672725,Standard Transplant
Iraq,1915,T+15,0.0017466148396672824,2.7698149757700423,0.1490083739711654,0.14158811371903463,2.0,8.0,0.04219562919783561,24.15851980616034,Ruptured
Iraq,1916,T+16,0.0017466148396672824,2.7698149757700423,0.1490083739711654,0.14158811371903463,2.0,8.0,0.04219562919783561,24.15851980616034,Ruptured
Iraq,1917,T+17,0.0017466148396672824,2.7698149757700423,0.1490083739711654,0.14158811371903463,2.0,8.0,0.04219562919783561,24.15851980616034,Ruptured
Iraq,1918,T+18,0.0017466148396672824,2.7698149757700423,0.1490083739711654,0.14158811371903463,2.0,8.0,0.04219562919783561,24.15851980616034,Ruptured
Iraq,1919,T+19,0.005404781957287996,2.57390753524675,0.18990298133361042,0.18990298133361042,3.0,7.0,0.10818942695818076,20.01735274672725,Standard Transplant
Iraq,1920,T+20,0.00786577876099565,1.9273929931386593,0.20153964507315894,0.20153964507315894,3.0,7.0,0.12185468560864463,15.491750951970616,Intermediate/Uncertain
Iraq,1921,T+21,0.00786577876099565,1.9273929931386593,0.20153964507315894,0.20153964507315894,3.0,7.0,0.12185468560864463,15.491750951970616,Intermediate/Uncertain
Iraq,1922,T+22,0.00786577876099565,1.9273929931386593,0.20153964507315894,0.20153964507315894,3.0,7.0,0.12185468560864463,15.491750951970616,Intermediate/Uncertain
Iraq,1923,T+23,0.00786577876099565,1.9273929931386593,0.20153964507315894,0.20153964507315894,3.0,7.0,0.12185468560864463,15.491750951970616,Intermediate/Uncertain
Iraq,1924,T+24,0.00786577876099565,1.9273929931386593,0.20153964507315894,0.20153964507315894,3.0,7.0,0.12185468560864463,15.491750951970616,Intermediate/Uncertain
Iraq,1925,T+25,0.00786577876099565,1.9273929931386593,0.20153964507315894,0.20153964507315894,3.0,7.0,0.12185468560864463,15.491750951970616,Intermediate/Uncertain
Iraq,1926,T+26,0.00786577876099565,1.9273929931386593,0.20153964507315894,0.20153964507315894,3.0,7.0,0.12185468560864463,15.491750951970616,Intermediate/Uncertain
Iraq,1927,T+27,0.00786577876099565,1.9273929931386593,0.20153964507315894,0.20153964507315894,3.0,7.0,0.12185468560864463,15.491750951970616,Intermediate/Uncertain
Iraq,1928,T+28,0.00786577876099565,1.9273929931386593,0.20153964507315894,0.20153964507315894,3.0,7.0,0.12185468560864463,15.491750951970616,Intermediate/Uncertain
Iraq,1929,T+29,0.00786577876099565,1.9273929931386593,0.20153964507315894,0.20153964507315894,3.0,7.0,0.12185468560864463,15.491750951970616,Intermediate/Uncertain
Iraq,1930,T+30,0.00786577876099565,1.9273929931386593,0.20153964507315894,0.20153964507315894,3.0,7.0,0.12185468560864463,15.491750951970616,Intermediate/Uncertain
Iraq,1931,T+31,0.00786577876099565,1.9273929931386593,0.20153964507315894,0.20153964507315894,3.0,7.0,0.12185468560864463,15.491750951970616,Intermediate/Uncertain
Iraq,1932,T+32,0.00786577876099565,1.9273929931386593,0.20153964507315894,0.20153964507315894,3.0,7.0,0.12185468560864463,15.491750951970616,Intermediate/Uncertain
Iraq,1933,T+33,0.00786577876099565,1.9273929931386593,0.20153964507315894,0.20153964507315894,3.0,7.0,0.12185468560864463,15.491750951970616,Intermediate/Uncertain
Iraq,1934,T+34,0.00786577876099565,1.9273929931386593,0.20153964507315894,0.20153964507315894,3.0,7.0,0.12185468560864463,15.491750951970616,Intermediate/Uncertain
Iraq,1935,T+35,0.00786577876099565,1.9273929931386593,0.20153964507315894,0.20153964507315894,3.0,7.0,0.12185468560864463,15.491750951970616,Intermediate/Uncertain
Iraq,1936,T+36,0.00786577876099565,1.9273929931386593,0.20153964507315894,0.20153964507315894,3.0,7.0,0.12185468560864463,15.491750951970616,Intermediate/Uncertain
Iraq,1937,T+37,0.00786577876099565,1.9273929931386593,0.20153964507315894,0.20153964507315894,3.0,7.0,0.12185468560864463,15.491750951970616,Intermediate/Uncertain
Iraq,1938,T+38,0.00786577876099565,1.9273929931386593,0.20153964507315894,0.20153964507315894,3.0,7.0,0.12185468560864463,15.491750951970616,Intermediate/Uncertain
Iraq,1939,T+39,0.0038392062819095217,2.3377005261581303,0.16709135213327994,0.15855145087025962,3.0,8.0,0.07947772892581495,20.701604209265042,Ruptured
Iraq,1940,T+40,0.0038392062819095217,2.3377005261581303,0.16709135213327994,0.15855145087025962,3.0,8.0,0.07947772892581495,20.701604209265042,Ruptured
Iraq,1941,T+41,0.0038392062819095217,2.3377005261581303,0.16709135213327994,0.15855145087025962,3.0,8.0,0.07947772892581495,20.701604209265042,Ruptured
Iraq,1942,T+42,0.0038392062819095217,2.3377005261581303,0.16709135213327994,0.15855145087025962,3.0,8.0,0.07947772892581495,20.701604209265042,Ruptured
Iraq,1943,T+43,0.00784532152423481,1.9833289565778038,0.2038051491966577,0.2038051491966577,3.0,7.0,0.12460961651721572,15.883302696044627,Intermediate/Uncertain
Iraq,1944,T+44,0.00784532152423481,1.9833289565778038,0.2038051491966577,0.2038051491966577,3.0,7.0,0.12460961651721572,15.883302696044627,Intermediate/Uncertain
Iraq,1945,T+45,0.00784532152423481,1.9833289565778038,0.2038051491966577,0.2038051491966577,3.0,7.0,0.12460961651721572,15.883302696044627,Intermediate/Uncertain
Iraq,1946,T+46,0.00784532152423481,1.9833289565778038,0.2038051491966577,0.2038051491966577,3.0,7.0,0.12460961651721572,15.883302696044627,Intermediate/Uncertain
Iraq,1947,T+47,0.00784532152423481,1.9833289565778038,0.2038051491966577,0.2038051491966577,3.0,7.0,0.12460961651721572,15.883302696044627,Intermediate/Uncertain
Iraq,1948,T+48,0.00784532152423481,1.9833289565778038,0.2038051491966577,0.2038051491966577,3.0,7.0,0.12460961651721572,15.883302696044627,Intermediate/Uncertain
Iraq,1949,T+49,0.00784532152423481,1.9833289565778038,0.2038051491966577,0.2038051491966577,3.0,7.0,0.12460961651721572,15.883302696044627,Intermediate/Uncertain
Iraq,1950,T+50,0.00784532152423481,1.9833289565778038,0.2038051491966577,0.2038051491966577,3.0,7.0,0.12460961651721572,15.883302696044627,Intermediate/Uncertain
Iraq,1951,T+51,0.00784532152423481,1.9833289565778038,0.2038051491966577,0.2038051491966577,3.0,7.0,0.12460961651721572,15.883302696044627,Intermediate/Uncertain
Iraq,1952,T+52,0.00784532152423481,1.9833289565778038,0.2038051491966577,0.2038051491966577,3.0,7.0,0.12460961651721572,15.883302696044627,Intermediate/Uncertain
Iraq,1953,T+53,0.00784532152423481,1.9833289565778038,0.2038051491966577,0.2038051491966577,3.0,7.0,0.12460961651721572,15.883302696044627,Intermediate/Uncertain
Iraq,1954,T+54,0.00784532152423481,1.9833289565778038,0.2038051491966577,0.2038051491966577,3.0,7.0,0.12460961651721572,15.883302696044627,Intermediate/Uncertain
Iraq,1955,T+55,0.00784532152423481,1.9833289565778038,0.2038051491966577,0.2038051491966577,3.0,7.0,0.12460961651721572,15.883302696044627,Intermediate/Uncertain
Iraq,1956,T+56,0.0013474344784576665,2.1423920626253263,0.12337138519043322,0.11621603055137607,2.0,9.0,0.028675465340913944,21.281528563627937,Ruptured
Iraq,1957,T+57,0.0045239995092961624,1.7309228030157786,0.15458929491869275,0.15458929491869275,3.0,8.0,0.07169355031037569,15.847382424126229,Ruptured
Iraq,1958,T+58,0.0045239995092961624,1.7309228030157786,0.15458929491869275,0.15458929491869275,3.0,8.0,0.07169355031037569,15.847382424126229,Ruptured
Iraq,1959,T+59,0.0045239995092961624,1.7309228030157786,0.15458929491869275,0.15458929491869275,3.0,8.0,0.07169355031037569,15.847382424126229,Ruptured
Iraq,1960,T+60,0.0045239995092961624,1.7309228030157786,0.15458929491869275,0.15458929491869275,3.0,8.0,0.07169355031037569,15.847382424126229,Ruptured
Iraq,1961,T+61,0.0013449044708328526,2.214123697989794,0.12512283476301203,0.11784368832895994,2.0,9.0,0.029489872685296688,21.927113281908145,Ruptured
Iraq,1962,T+62,0.0045239995092961624,1.7309228030157786,0.15458929491869275,0.15458929491869275,3.0,8.0,0.07169355031037569,15.847382424126229,Ruptured
Iraq,1963,T+63,0.0045239995092961624,1.7309228030157786,0.15458929491869275,0.15458929491869275,3.0,8.0,0.07169355031037569,15.847382424126229,Ruptured
Iraq,1964,T+64,0.0045239995092961624,1.7309228030157786,0.15458929491869275,0.15458929491869275,3.0,8.0,0.07169355031037569,15.847382424126229,Ruptured
Iraq,1965,T+65,0.0045239995092961624,1.7309228030157786,0.15458929491869275,0.15458929491869275,3.0,8.0,0.07169355031037569,15.847382424126229,Ruptured
Iraq,1966,T+66,0.0045239995092961624,1.7309228030157786,0.15458929491869275,0.15458929491869275,3.0,8.0,0.07169355031037569,15.847382424126229,Ruptured
Iraq,1967,T+67,0.007693074684278764,1.8614090764794289,0.19118617674503377,0.2015938331953965,3.0,7.0,0.11562586267201179,15.029863535356002,Intermediate/Uncertain
Iraq,1968,T+68,0.007693074684278764,1.8614090764794289,0.19118617674503377,0.2015938331953965,3.0,7.0,0.11562586267201179,15.029863535356002,Intermediate/Uncertain
Iraq,1969,T+69,0.007693074684278764,1.8614090764794289,0.19118617674503377,0.2015938331953965,3.0,7.0,0.11562586267201179,15.029863535356002,Intermediate/Uncertain
Iraq,1970,T+70,0.007693074684278764,1.8614090764794289,0.19118617674503377,0.2015938331953965,3.0,7.0,0.11562586267201179,15.029863535356002,Intermediate/Uncertain
Iraq,1971,T+71,0.02092750683254478,1.7929985359726315,0.25233844847028297,0.264518694988323,4.0,6.0,0.26699294833894976,12.757991215835789,Intermediate/Uncertain
Iraq,1972,T+72,0.023711233700673823,1.6944302139657448,0.2622505249883001,0.27500865076548947,4.0,6.0,0.2884846521582948,12.166581283794468,Intermediate/Uncertain
Iraq,1973,T+73,0.023711233700673823,1.6944302139657448,0.2622505249883001,0.27500865076548947,4.0,6.0,0.2884846521582948,12.166581283794468,Intermediate/Uncertain
Iraq,1974,T+74,0.023711233700673823,1.6944302139657448,0.2622505249883001,0.27500865076548947,4.0,6.0,0.2884846521582948,12.166581283794468,Intermediate/Uncertain
Iraq,1975,T+75,0.020993252828275893,2.1203994317109216,0.27140430683453814,0.28469610289384295,4.0,6.0,0.3090709938575912,14.722396590265529,Standard Transplant
Iraq,1976,T+76,0.020993252828275893,2.1203994317109216,0.27140430683453814,0.28469610289384295,4.0,6.0,0.3090709938575912,14.722396590265529,Standard Transplant
Iraq,1977,T+77,0.020993252828275893,2.1203994317109216,0.27140430683453814,0.28469610289384295,4.0,6.0,0.3090709938575912,14.722396590265529,Standard Transplant
Iraq,1978,T+78,0.0139069553833738,2.1203994317109216,0.23627117219580132,0.2478423527424463,4.0,7.0,0.23423201280889222,16.84279602197645,Standard Transplant
Iraq,1979,T+79,0.010713776976618584,1.5599979967935855,0.1969361057082874,0.1969361057082874,4.0,8.0,0.15513531892618299,14.479983974348684,Intermediate/Uncertain
Iraq,1980,T+80,0.010713776976618584,1.5599979967935855,0.1969361057082874,0.1969361057082874,4.0,8.0,0.15513531892618299,14.479983974348684,Intermediate/Uncertain
Iraq,1981,T+81,0.010713776976618584,1.5599979967935855,0.1969361057082874,0.1969361057082874,4.0,8.0,0.15513531892618299,14.479983974348684,Intermediate/Uncertain
Iraq,1982,T+82,0.010713776976618584,1.5599979967935855,0.1969361057082874,0.1969361057082874,4.0,8.0,0.15513531892618299,14.479983974348684,Intermediate/Uncertain
Iraq,1983,T+83,0.010713776976618584,1.5599979967935855,0.1969361057082874,0.1969361057082874,4.0,8.0,0.15513531892618299,14.479983974348684,Intermediate/Uncertain
Iraq,1984,T+84,0.010713776976618584,1.5599979967935855,0.1969361057082874,0.1969361057082874,4.0,8.0,0.15513531892618299,14.479983974348684,Intermediate/Uncertain
Iraq,1985,T+85,0.010713776976618584,1.5599979967935855,0.1969361057082874,0.1969361057082874,4.0,8.0,0.15513531892618299,14.479983974348684,Intermediate/Uncertain
Iraq,1986,T+86,0.010713776976618584,1.5599979967935855,0.1969361057082874,0.1969361057082874,4.0,8.0,0.15513531892618299,14.479983974348684,Intermediate/Uncertain
Iraq,1987,T+87,0.01584384696074655,1.5599979967935855,0.22622018066663194,0.22622018066663194,4.0,7.0,0.2047022805633744,12.919985977555099,Intermediate/Uncertain
Iraq,1988,T+88,0.01584384696074655,1.5599979967935855,0.22622018066663194,0.22622018066663194,4.0,7.0,0.2047022805633744,12.919985977555099,Intermediate/Uncertain
Iraq,1989,T+89,0.0059521539053610335,1.6189792308735773,0.172235900462769,0.172235900462769,3.0,8.0,0.0889956162246626,14.951833846988619,Intermediate/Uncertain
Iraq,1990,T+90,0.0059521539053610335,1.6189792308735773,0.172235900462769,0.172235900462769,3.0,8.0,0.0889956162246626,14.951833846988619,Intermediate/Uncertain
Iraq,1991,T+91,0.0059521539053610335,1.6189792308735773,0.172235900462769,0.172235900462769,3.0,8.0,0.0889956162246626,14.951833846988619,Intermediate/Uncertain
Iraq,1992,T+92,0.0059521539053610335,1.6189792308735773,0.172235900462769,0.172235900462769,3.0,8.0,0.0889956162246626,14.951833846988619,Intermediate/Uncertain
Iraq,1993,T+93,0.0059521539053610335,1.6189792308735773,0.172235900462769,0.172235900462769,3.0,8.0,0.0889956162246626,14.951833846988619,Intermediate/Uncertain
Iraq,1994,T+94,0.0059521539053610335,1.6189792308735773,0.172235900462769,0.172235900462769,3.0,8.0,0.0889956162246626,14.951833846988619,Intermediate/Uncertain
Iraq,1995,T+95,0.0059521539053610335,1.6189792308735773,0.172235900462769,0.172235900462769,3.0,8.0,0.0889956162246626,14.951833846988619,Intermediate/Uncertain
Iraq,1996,T+96,0.0059521539053610335,1.6189792308735773,0.172235900462769,0.172235900462769,3.0,8.0,0.0889956162246626,14.951833846988619,Intermediate/Uncertain
Iraq,1997,T+97,0.0059521539053610335,1.6189792308735773,0.172235900462769,0.172235900462769,3.0,8.0,0.0889956162246626,14.951833846988619,Intermediate/Uncertain
Iraq,1998,T+98,0.0059521539053610335,1.6189792308735773,0.172235900462769,0.172235900462769,3.0,8.0,0.0889956162246626,14.951833846988619,Intermediate/Uncertain
Iraq,1999,T+99,0.0059521539053610335,1.6189792308735773,0.172235900462769,0.172235900462769,3.0,8.0,0.0889956162246626,14.951833846988619,Intermediate/Uncertain
Iraq,2000,T+100,0.0020341438474987487,1.7399263633843818,0.13818177683680893,0.1299796293039184,2.0,9.0,0.035921632259610405,17.659337270459435,Ruptured
Iraq,2001,T+101,0.0004931229553823234,1.7399263633843818,0.10136611227198146,0.09437298127498657,1.0,10.0,0.009566222215361892,19.399263633843816,Ruptured
Iraq,2002,T+102,0.0020341438474987487,1.7399263633843818,0.13818177683680893,0.1299796293039184,2.0,9.0,0.035921632259610405,17.659337270459435,Ruptured
Iraq,2003,T+103,0.0020341438474987487,1.7399263633843818,0.13818177683680893,0.1299796293039184,2.0,9.0,0.035921632259610405,17.659337270459435,Ruptured
Iraq,2004,T+104,0.0020341438474987487,1.7399263633843818,0.13818177683680893,0.1299796293039184,2.0,9.0,0.035921632259610405,17.659337270459435,Ruptured
Iraq,2005,T+105,0.0020341438474987487,1.7399263633843818,0.13818177683680893,0.1299796293039184,2.0,9.0,0.035921632259610405,17.659337270459435,Ruptured
Iraq,2006,T+106,0.0020341438474987487,1.7399263633843818,0.13818177683680893,0.1299796293039184,2.0,9.0,0.035921632259610405,17.659337270459435,Ruptured
Iraq,2007,T+107,0.002977426627851241,1.7399263633843818,0.15872917974300985,0.1493073863645355,2.0,8.0,0.04739887793443075,15.919410907075054,Ruptured
Iraq,2008,T+108,0.0059521539053610335,1.6189792308735773,0.172235900462769,0.172235900462769,3.0,8.0,0.0889956162246626,14.951833846988619,Intermediate/Uncertain
Iraq,2009,T+109,0.0059521539053610335,1.6189792308735773,0.172235900462769,0.172235900462769,3.0,8.0,0.0889956162246626,14.951833846988619,Intermediate/Uncertain
Iraq,2010,T+110,0.0059521539053610335,1.6189792308735773,0.172235900462769,0.172235900462769,3.0,8.0,0.0889956162246626,14.951833846988619,Intermediate/Uncertain
Iraq,2011,T+111,0.0059521539053610335,1.6189792308735773,0.172235900462769,0.172235900462769,3.0,8.0,0.0889956162246626,14.951833846988619,Intermediate/Uncertain
Iraq,2012,T+112,0.0059521539053610335,1.6189792308735773,0.172235900462769,0.172235900462769,3.0,8.0,0.0889956162246626,14.951833846988619,Intermediate/Uncertain
Iraq,2013,T+113,0.0059521539053610335,1.6189792308735773,0.172235900462769,0.172235900462769,3.0,8.0,0.0889956162246626,14.951833846988619,Intermediate/Uncertain
Iraq,2014,T+114,0.0059521539053610335,1.6189792308735773,0.172235900462769,0.172235900462769,3.0,8.0,0.0889956162246626,14.951833846988619,Intermediate/Uncertain
Iraq,2015,T+115,0.0059521539053610335,1.6189792308735773,0.172235900462769,0.172235900462769,3.0,8.0,0.0889956162246626,14.951833846988619,Intermediate/Uncertain
Iraq,2016,T+116,0.0059521539053610335,1.6189792308735773,0.172235900462769,0.172235900462769,3.0,8.0,0.0889956162246626,14.951833846988619,Intermediate/Uncertain
Iraq,2017,T+117,0.0059521539053610335,1.6189792308735773,0.172235900462769,0.172235900462769,3.0,8.0,0.0889956162246626,14.951833846988619,Intermediate/Uncertain
Iraq,2018,T+118,0.0059521539053610335,1.6189792308735773,0.172235900462769,0.172235900462769,3.0,8.0,0.0889956162246626,14.951833846988619,Intermediate/Uncertain
Iraq,2019,T+119,0.0059521539053610335,1.6189792308735773,0.172235900462769,0.172235900462769,3.0,8.0,0.0889956162246626,14.951833846988619,Intermediate/Uncertain
Iraq,2020,T+120,0.01584384696074655,1.5599979967935855,0.22622018066663194,0.22622018066663194,4.0,7.0,0.2047022805633744,12.919985977555099,Intermediate/Uncertain
Iraq,2021,T+121,0.01584384696074655,1.5599979967935855,0.22622018066663194,0.22622018066663194,4.0,7.0,0.2047022805633744,12.919985977555099,Intermediate/Uncertain
Iraq,2022,T+122,0.01584384696074655,1.5599979967935855,0.22622018066663194,0.22622018066663194,4.0,7.0,0.2047022805633744,12.919985977555099,Intermediate/Uncertain
Iraq,2023,T+123,0.01584384696074655,1.5599979967935855,0.22622018066663194,0.22622018066663194,4.0,7.0,0.2047022805633744,12.919985977555099,Intermediate/Uncertain
Israel,1946,T+0,0.00853238732070566,3.3634060117684275,0.2528510637355391,0.24386671888097053,4.0,8.0,0.24664783711499633,28.90724809414742,Standard Transplant
Israel,1947,T+1,0.018397990451105743,2.5617376914898995,0.2786991284703878,0.2631596029874611,5.0,7.0,0.3667117600060934,19.932163840429297,Standard Transplant
Israel,1948,T+2,0.046548877163739885,2.2491317769308226,0.34708343786571433,0.3463456854539958,6.0,6.0,0.7212651071839811,15.494790661584936,Standard Transplant
Israel,1949,T+3,0.1108441378057829,1.6092991486979666,0.3877474185871749,0.41028003034780286,7.0,5.0,1.1135951586565984,10.046495743489833,Young Ancient Forest
Israel,1950,T+4,0.11476080123879714,1.6189792308735773,0.39544790017259707,0.4185121914351776,7.0,5.0,1.1584983710977106,10.094896154367886,Young Ancient Forest
Israel,1951,T+5,0.11476080123879714,1.6189792308735773,0.39544790017259707,0.4185121914351776,7.0,5.0,1.1584983710977106,10.094896154367886,Young Ancient Forest
Israel,1952,T+6,0.11476080123879714,1.6189792308735773,0.39544790017259707,0.4185121914351776,7.0,5.0,1.1584983710977106,10.094896154367886,Young Ancient Forest
Israel,1953,T+7,0.11476080123879714,1.6189792308735773,0.39544790017259707,0.4185121914351776,7.0,5.0,1.1584983710977106,10.094896154367886,Young Ancient Forest
Israel,1954,T+8,0.11476080123879714,1.6189792308735773,0.39544790017259707,0.4185121914351776,7.0,5.0,1.1584983710977106,10.094896154367886,Young Ancient Forest
Israel,1955,T+9,0.11476080123879714,1.6189792308735773,0.39544790017259707,0.4185121914351776,7.0,5.0,1.1584983710977106,10.094896154367886,Young Ancient Forest
Israel,1956,T+10,0.11476080123879714,1.6189792308735773,0.39544790017259707,0.4185121914351776,7.0,5.0,1.1584983710977106,10.094896154367886,Young Ancient Forest
Israel,1957,T+11,0.11476080123879714,1.6189792308735773,0.39544790017259707,0.4185121914351776,7.0,5.0,1.1584983710977106,10.094896154367886,Young Ancient Forest
Israel,1958,T+12,0.11476080123879714,1.6189792308735773,0.39544790017259707,0.4185121914351776,7.0,5.0,1.1584983710977106,10.094896154367886,Young Ancient Forest
Israel,1959,T+13,0.11476080123879714,1.6189792308735773,0.39544790017259707,0.4185121914351776,7.0,5.0,1.1584983710977106,10.094896154367886,Young Ancient Forest
Israel,1960,T+14,0.11476080123879714,1.6189792308735773,0.39544790017259707,0.4185121914351776,7.0,5.0,1.1584983710977106,10.094896154367886,Young Ancient Forest
Israel,1961,T+15,0.11476080123879714,1.6189792308735773,0.39544790017259707,0.4185121914351776,7.0,5.0,1.1584983710977106,10.094896154367886,Young Ancient Forest
Israel,1962,T+16,0.11476080123879714,1.6189792308735773,0.39544790017259707,0.4185121914351776,7.0,5.0,1.1584983710977106,10.094896154367886,Young Ancient Forest
Israel,1963,T+17,0.11476080123879714,1.6189792308735773,0.39544790017259707,0.4185121914351776,7.0,5.0,1.1584983710977106,10.094896154367886,Young Ancient Forest
Israel,1964,T+18,0.11476080123879714,1.6189792308735773,0.39544790017259707,0.4185121914351776,7.0,5.0,1.1584983710977106,10.094896154367886,Young Ancient Forest
Israel,1965,T+19,0.1721153821527223,1.0879309490955758,0.377421198631455,0.42408820180388285,8.0,5.0,1.2804790196022389,7.4396547454778785,Deep Ancient Forest
Israel,1966,T+20,0.1721153821527223,1.0879309490955758,0.377421198631455,0.42408820180388285,8.0,5.0,1.2804790196022389,7.4396547454778785,Deep Ancient Forest
Israel,1967,T+21,0.11379793370561882,1.0879309490955758,0.32856423706851157,0.36919022296761067,8.0,6.0,0.9704216315400535,8.527585694573455,Young Ancient Forest
Israel,1968,T+22,0.11379793370561882,1.0879309490955758,0.32856423706851157,0.36919022296761067,8.0,6.0,0.9704216315400535,8.527585694573455,Young Ancient Forest
Israel,1969,T+23,0.11379793370561882,1.0879309490955758,0.32856423706851157,0.36919022296761067,8.0,6.0,0.9704216315400535,8.527585694573455,Young Ancient Forest
Israel,1970,T+24,0.07648492524807578,1.0879309490955758,0.28603178165895404,0.32139875656787514,8.0,7.0,0.7354420717126543,9.61551664366903,Intermediate/Uncertain
Israel,1971,T+25,0.07648492524807578,1.0879309490955758,0.28603178165895404,0.32139875656787514,8.0,7.0,0.7354420717126543,9.61551664366903,Intermediate/Uncertain
Israel,1972,T+26,0.07648492524807578,1.0879309490955758,0.28603178165895404,0.32139875656787514,8.0,7.0,0.7354420717126543,9.61551664366903,Intermediate/Uncertain
Israel,1973,T+27,0.09836164995546336,0.21650635094610965,0.22900114633215712,0.22900114633215712,7.0,8.0,0.36709067515009425,3.732050807568877,Young Ancient Forest
Israel,1974,T+28,0.09836164995546336,0.21650635094610965,0.22900114633215712,0.22900114633215712,7.0,8.0,0.36709067515009425,3.732050807568877,Young Ancient Forest
Israel,1975,T+29,0.09836164995546336,0.21650635094610965,0.22900114633215712,0.22900114633215712,7.0,8.0,0.36709067515009425,3.732050807568877,Young Ancient Forest
Israel,1976,T+30,0.09836164995546336,0.21650635094610965,0.22900114633215712,0.22900114633215712,7.0,8.0,0.36709067515009425,3.732050807568877,Young Ancient Forest
Israel,1977,T+31,0.09836164995546336,0.21650635094610965,0.22900114633215712,0.22900114633215712,7.0,8.0,0.36709067515009425,3.732050807568877,Young Ancient Forest
Israel,1978,T+32,0.09836164995546336,0.21650635094610965,0.22900114633215712,0.22900114633215712,7.0,8.0,0.36709067515009425,3.732050807568877,Young Ancient Forest
Israel,1979,T+33,0.09836164995546336,0.21650635094610965,0.22900114633215712,0.22900114633215712,7.0,8.0,0.36709067515009425,3.732050807568877,Young Ancient Forest
Israel,1980,T+34,0.13778208633345929,0.21650635094610965,0.26305324008418424,0.26305324008418424,7.0,7.0,0.4843790498315123,3.5155444566227674,Young Ancient Forest
Israel,1981,T+35,0.13778208633345929,0.21650635094610965,0.26305324008418424,0.26305324008418424,7.0,7.0,0.4843790498315123,3.5155444566227674,Young Ancient Forest
Israel,1982,T+36,0.13778208633345929,0.21650635094610965,0.26305324008418424,0.26305324008418424,7.0,7.0,0.4843790498315123,3.5155444566227674,Young Ancient Forest
Israel,1983,T+37,0.13778208633345929,0.21650635094610965,0.26305324008418424,0.26305324008418424,7.0,7.0,0.4843790498315123,3.5155444566227674,Young Ancient Forest
Israel,1984,T+38,0.13778208633345929,0.21650635094610965,0.26305324008418424,0.26305324008418424,7.0,7.0,0.4843790498315123,3.5155444566227674,Young Ancient Forest
Israel,1985,T+39,0.13778208633345929,0.21650635094610965,0.26305324008418424,0.26305324008418424,7.0,7.0,0.4843790498315123,3.5155444566227674,Young Ancient Forest
Israel,1986,T+40,0.13778208633345929,0.21650635094610965,0.26305324008418424,0.26305324008418424,7.0,7.0,0.4843790498315123,3.5155444566227674,Young Ancient Forest
Israel,1987,T+41,0.13778208633345929,0.21650635094610965,0.26305324008418424,0.26305324008418424,7.0,7.0,0.4843790498315123,3.5155444566227674,Young Ancient Forest
Israel,1988,T+42,0.13778208633345929,0.21650635094610965,0.26305324008418424,0.26305324008418424,7.0,7.0,0.4843790498315123,3.5155444566227674,Young Ancient Forest
Israel,1989,T+43,0.13778208633345929,0.21650635094610965,0.26305324008418424,0.26305324008418424,7.0,7.0,0.4843790498315123,3.5155444566227674,Young Ancient Forest
Israel,1990,T+44,0.13778208633345929,0.21650635094610965,0.26305324008418424,0.26305324008418424,7.0,7.0,0.4843790498315123,3.5155444566227674,Young Ancient Forest
Israel,1991,T+45,0.13778208633345929,0.21650635094610965,0.26305324008418424,0.26305324008418424,7.0,7.0,0.4843790498315123,3.5155444566227674,Young Ancient Forest
Israel,1992,T+46,0.13778208633345929,0.21650635094610965,0.26305324008418424,0.26305324008418424,7.0,7.0,0.4843790498315123,3.5155444566227674,Young Ancient Forest
Israel,1993,T+47,0.13778208633345929,0.21650635094610965,0.26305324008418424,0.26305324008418424,7.0,7.0,0.4843790498315123,3.5155444566227674,Young Ancient Forest
Israel,1994,T+48,0.13778208633345929,0.21650635094610965,0.26305324008418424,0.26305324008418424,7.0,7.0,0.4843790498315123,3.5155444566227674,Young Ancient Forest
Israel,1995,T+49,0.13778208633345929,0.21650635094610965,0.26305324008418424,0.26305324008418424,7.0,7.0,0.4843790498315123,3.5155444566227674,Young Ancient Forest
Israel,1996,T+50,0.13778208633345929,0.21650635094610965,0.26305324008418424,0.26305324008418424,7.0,7.0,0.4843790498315123,3.5155444566227674,Young Ancient Forest
Israel,1997,T+51,0.13778208633345929,0.21650635094610965,0.26305324008418424,0.26305324008418424,7.0,7.0,0.4843790498315123,3.5155444566227674,Young Ancient Forest
Israel,1998,T+52,0.13778208633345929,0.21650635094610965,0.26305324008418424,0.26305324008418424,7.0,7.0,0.4843790498315123,3.5155444566227674,Young Ancient Forest
Israel,1999,T+53,0.13778208633345929,0.21650635094610965,0.26305324008418424,0.26305324008418424,7.0,7.0,0.4843790498315123,3.5155444566227674,Young Ancient Forest
Israel,2000,T+54,0.13778208633345929,0.21650635094610965,0.26305324008418424,0.26305324008418424,7.0,7.0,0.4843790498315123,3.5155444566227674,Young Ancient Forest
Israel,2001,T+55,0.13778208633345929,0.21650635094610965,0.26305324008418424,0.26305324008418424,7.0,7.0,0.4843790498315123,3.5155444566227674,Young Ancient Forest
Israel,2002,T+56,0.13778208633345929,0.21650635094610965,0.26305324008418424,0.26305324008418424,7.0,7.0,0.4843790498315123,3.5155444566227674,Young Ancient Forest
Israel,2003,T+57,0.13778208633345929,0.21650635094610965,0.26305324008418424,0.26305324008418424,7.0,7.0,0.4843790498315123,3.5155444566227674,Young Ancient Forest
Israel,2004,T+58,0.13778208633345929,0.21650635094610965,0.26305324008418424,0.26305324008418424,7.0,7.0,0.4843790498315123,3.5155444566227674,Young Ancient Forest
Israel,2005,T+59,0.13778208633345929,0.21650635094610965,0.26305324008418424,0.26305324008418424,7.0,7.0,0.4843790498315123,3.5155444566227674,Young Ancient Forest
Israel,2006,T+60,0.13778208633345929,0.21650635094610965,0.26305324008418424,0.26305324008418424,7.0,7.0,0.4843790498315123,3.5155444566227674,Young Ancient Forest
Israel,2007,T+61,0.13778208633345929,0.21650635094610965,0.26305324008418424,0.26305324008418424,7.0,7.0,0.4843790498315123,3.5155444566227674,Young Ancient Forest
Israel,2008,T+62,0.13778208633345929,0.21650635094610965,0.26305324008418424,0.26305324008418424,7.0,7.0,0.4843790498315123,3.5155444566227674,Young Ancient Forest
Israel,2009,T+63,0.13778208633345929,0.21650635094610965,0.26305324008418424,0.26305324008418424,7.0,7.0,0.4843790498315123,3.5155444566227674,Young Ancient Forest
Israel,2010,T+64,0.13778208633345929,0.21650635094610965,0.26305324008418424,0.26305324008418424,7.0,7.0,0.4843790498315123,3.5155444566227674,Young Ancient Forest
Israel,2011,T+65,0.13778208633345929,0.21650635094610965,0.26305324008418424,0.26305324008418424,7.0,7.0,0.4843790498315123,3.5155444566227674,Young Ancient Forest
Israel,2012,T+66,0.13778208633345929,0.21650635094610965,0.26305324008418424,0.26305324008418424,7.0,7.0,0.4843790498315123,3.5155444566227674,Young Ancient Forest
Israel,2013,T+67,0.13778208633345929,0.21650635094610965,0.26305324008418424,0.26305324008418424,7.0,7.0,0.4843790498315123,3.5155444566227674,Young Ancient Forest
Israel,2014,T+68,0.13778208633345929,0.21650635094610965,0.26305324008418424,0.26305324008418424,7.0,7.0,0.4843790498315123,3.5155444566227674,Young Ancient Forest
Israel,2015,T+69,0.13778208633345929,0.21650635094610965,0.26305324008418424,0.26305324008418424,7.0,7.0,0.4843790498315123,3.5155444566227674,Young Ancient Forest
Israel,2016,T+70,0.13778208633345929,0.21650635094610965,0.26305324008418424,0.26305324008418424,7.0,7.0,0.4843790498315123,3.5155444566227674,Young Ancient Forest
Israel,2017,T+71,0.13778208633345929,0.21650635094610965,0.26305324008418424,0.26305324008418424,7.0,7.0,0.4843790498315123,3.5155444566227674,Young Ancient Forest
Israel,2018,T+72,0.13778208633345929,0.21650635094610965,0.26305324008418424,0.26305324008418424,7.0,7.0,0.4843790498315123,3.5155444566227674,Young Ancient Forest
Israel,2019,T+73,0.13778208633345929,0.21650635094610965,0.26305324008418424,0.26305324008418424,7.0,7.0,0.4843790498315123,3.5155444566227674,Young Ancient Forest
Israel,2020,T+74,0.13778208633345929,0.21650635094610965,0.26305324008418424,0.26305324008418424,7.0,7.0,0.4843790498315123,3.5155444566227674,Young Ancient Forest
Israel,2021,T+75,0.13778208633345929,0.21650635094610965,0.26305324008418424,0.26305324008418424,7.0,7.0,0.4843790498315123,3.5155444566227674,Young Ancient Forest
Israel,2022,T+76,0.13778208633345929,0.21650635094610965,0.26305324008418424,0.26305324008418424,7.0,7.0,0.4843790498315123,3.5155444566227674,Young Ancient Forest
Israel,2023,T+77,0.13778208633345929,0.21650635094610965,0.26305324008418424,0.26305324008418424,7.0,7.0,0.4843790498315123,3.5155444566227674,Young Ancient Forest
Israel,2024,T+78,0.13778208633345929,0.21650635094610965,0.26305324008418424,0.26305324008418424,7.0,7.0,0.4843790498315123,3.5155444566227674,Young Ancient Forest
Israel,2025,T+79,0.13778208633345929,0.21650635094610965,0.26305324008418424,0.26305324008418424,7.0,7.0,0.4843790498315123,3.5155444566227674,Young Ancient Forest
Italy,1900,T+0,0.01568391298849948,2.310810193417019,0.28799485065763475,0.28799485065763475,3.0,6.0,0.24882310201594005,15.864861160502112,Standard Transplant
Italy,1901,T+1,0.03876894792244764,1.9324531042175384,0.33620446332730525,0.33620446332730525,4.0,5.0,0.45213376464480537,11.662265521087692,Intermediate/Uncertain
Italy,1902,T+2,0.03876894792244764,1.9324531042175384,0.33620446332730525,0.33620446332730525,4.0,5.0,0.45213376464480537,11.662265521087692,Intermediate/Uncertain
Italy,1903,T+3,0.0656877853133503,1.7666617531378213,0.37475619404399313,0.39730361494871197,4.0,4.0,0.5955679624723977,9.066647012551286,Intermediate/Uncertain
Italy,1904,T+4,0.0656877853133503,1.7666617531378213,0.37475619404399313,0.39730361494871197,4.0,4.0,0.5955679624723977,9.066647012551286,Intermediate/Uncertain
Italy,1905,T+5,0.0656877853133503,1.7666617531378213,0.37475619404399313,0.39730361494871197,4.0,4.0,0.5955679624723977,9.066647012551286,Intermediate/Uncertain
Italy,1906,T+6,0.0656877853133503,1.7666617531378213,0.37475619404399313,0.39730361494871197,4.0,4.0,0.5955679624723977,9.066647012551286,Intermediate/Uncertain
Italy,1907,T+7,0.04166373573978138,1.7666617531378213,0.3262442158237098,0.3458728857931876,4.0,5.0,0.45135611360112815,10.833308765689106,Intermediate/Uncertain
Italy,1908,T+8,0.04166373573978138,1.7666617531378213,0.3262442158237098,0.3458728857931876,4.0,5.0,0.45135611360112815,10.833308765689106,Intermediate/Uncertain
Italy,1909,T+9,0.04166373573978138,1.7666617531378213,0.3262442158237098,0.3458728857931876,4.0,5.0,0.45135611360112815,10.833308765689106,Intermediate/Uncertain
Italy,1910,T+10,0.04166373573978138,1.7666617531378213,0.3262442158237098,0.3458728857931876,4.0,5.0,0.45135611360112815,10.833308765689106,Intermediate/Uncertain
Italy,1911,T+11,0.04166373573978138,1.7666617531378213,0.3262442158237098,0.3458728857931876,4.0,5.0,0.45135611360112815,10.833308765689106,Intermediate/Uncertain
Italy,1912,T+12,0.02714799759883376,1.7666617531378213,0.2840120858574329,0.30109983555611547,4.0,6.0,0.3420639693904896,12.599970518826927,Intermediate/Uncertain
Italy,1913,T+13,0.018044313218179345,1.7666617531378213,0.24724688132609543,0.2621226314517467,4.0,7.0,0.2592360126057355,14.366632271964749,Intermediate/Uncertain
Italy,1914,T+14,0.006184360096162614,1.8498310733685928,0.17787312526279025,0.19468725594361813,3.0,8.0,0.10388889199058429,16.798648586948744,Intermediate/Uncertain
Italy,1915,T+15,0.006184360096162614,1.8498310733685928,0.17787312526279025,0.19468725594361813,3.0,8.0,0.10388889199058429,16.798648586948744,Intermediate/Uncertain
Italy,1916,T+16,0.0018534983015631684,2.0453835214941964,0.13122738302829504,0.14412780960199137,2.0,9.0,0.0378270305513394,20.408451693447766,Ruptured
Italy,1917,T+17,0.0018534983015631684,2.0453835214941964,0.13122738302829504,0.14412780960199137,2.0,9.0,0.0378270305513394,20.408451693447766,Ruptured
Italy,1918,T+18,0.006083932483577074,1.6770509831248424,0.1689176710490853,0.18508500621916193,3.0,8.0,0.09379238458993891,15.416407864998739,Intermediate/Uncertain
Italy,1919,T+19,0.016716532353160524,1.5761900266148114,0.22330975397851657,0.2439124152070507,4.0,7.0,0.21787208572876912,13.03333018630368,Intermediate/Uncertain
Italy,1920,T+20,0.016716532353160524,1.5761900266148114,0.22330975397851657,0.2439124152070507,4.0,7.0,0.21787208572876912,13.03333018630368,Intermediate/Uncertain
Italy,1921,T+21,0.044798289878670725,1.5761900266148114,0.3072285486549205,0.3341227814286207,5.0,6.0,0.5132602860543017,11.45714015968887,Intermediate/Uncertain
Italy,1922,T+22,0.044798289878670725,1.5761900266148114,0.3072285486549205,0.3341227814286207,5.0,6.0,0.5132602860543017,11.45714015968887,Intermediate/Uncertain
Italy,1923,T+23,0.0685410814358103,1.5761900266148114,0.3529129284480336,0.3838062893940904,5.0,5.0,0.6772510077342095,9.880950133074057,Intermediate/Uncertain
Italy,1924,T+24,0.0685410814358103,1.5761900266148114,0.3529129284480336,0.3838062893940904,5.0,5.0,0.6772510077342095,9.880950133074057,Intermediate/Uncertain
Italy,1925,T+25,0.0685410814358103,1.5761900266148114,0.3529129284480336,0.3838062893940904,5.0,5.0,0.6772510077342095,9.880950133074057,Intermediate/Uncertain
Italy,1926,T+26,0.0685410814358103,1.5761900266148114,0.3529129284480336,0.3838062893940904,5.0,5.0,0.6772510077342095,9.880950133074057,Intermediate/Uncertain
Italy,1927,T+27,0.0685410814358103,1.5761900266148114,0.3529129284480336,0.3838062893940904,5.0,5.0,0.6772510077342095,9.880950133074057,Intermediate/Uncertain
Italy,1928,T+28,0.0685410814358103,1.5761900266148114,0.3529129284480336,0.3838062893940904,5.0,5.0,0.6772510077342095,9.880950133074057,Intermediate/Uncertain
Italy,1929,T+29,0.044798289878670725,1.5761900266148114,0.3072285486549205,0.3341227814286207,5.0,6.0,0.5132602860543017,11.45714015968887,Intermediate/Uncertain
Italy,1930,T+30,0.044798289878670725,1.5761900266148114,0.3072285486549205,0.3341227814286207,5.0,6.0,0.5132602860543017,11.45714015968887,Intermediate/Uncertain
Italy,1931,T+31,0.044798289878670725,1.5761900266148114,0.3072285486549205,0.3341227814286207,5.0,6.0,0.5132602860543017,11.45714015968887,Intermediate/Uncertain
Italy,1932,T+32,0.044798289878670725,1.5761900266148114,0.3072285486549205,0.3341227814286207,5.0,6.0,0.5132602860543017,11.45714015968887,Intermediate/Uncertain
Italy,1933,T+33,0.044798289878670725,1.5761900266148114,0.3072285486549205,0.3341227814286207,5.0,6.0,0.5132602860543017,11.45714015968887,Intermediate/Uncertain
Italy,1934,T+34,0.044798289878670725,1.5761900266148114,0.3072285486549205,0.3341227814286207,5.0,6.0,0.5132602860543017,11.45714015968887,Intermediate/Uncertain
Italy,1935,T+35,0.044798289878670725,1.5761900266148114,0.3072285486549205,0.3341227814286207,5.0,6.0,0.5132602860543017,11.45714015968887,Intermediate/Uncertain
Italy,1936,T+36,0.044798289878670725,1.5761900266148114,0.3072285486549205,0.3341227814286207,5.0,6.0,0.5132602860543017,11.45714015968887,Intermediate/Uncertain
Italy,1937,T+37,0.044798289878670725,1.5761900266148114,0.3072285486549205,0.3341227814286207,5.0,6.0,0.5132602860543017,11.45714015968887,Intermediate/Uncertain
Italy,1938,T+38,0.044798289878670725,1.5761900266148114,0.3072285486549205,0.3341227814286207,5.0,6.0,0.5132602860543017,11.45714015968887,Intermediate/Uncertain
Italy,1939,T+39,0.011301956700373386,1.5761900266148114,0.19440243211551653,0.21233809045341615,4.0,8.0,0.16511616485963457,14.609520212918492,Intermediate/Uncertain
Italy,1940,T+40,0.0037844973007423364,1.589762167747113,0.1368075302597451,0.1503743986856541,3.0,9.0,0.06171705029543579,16.307859509724018,Ruptured
Italy,1941,T+41,0.001000696654390499,1.589762167747113,0.08983379277504978,0.09968459296291972,2.0,10.0,0.01791009013419223,17.89762167747113,Ruptured
Italy,1942,T+42,0.00019949819292077622,1.3792547806696194,0.05284839190766821,0.059615527271960636,1.0,10.0,0.0031505847490508583,15.792547806696193,Ruptured
Italy,1943,T+43,0.0002289898832593916,1.589762167747113,0.06028124823799245,0.06798754867126088,1.0,10.0,0.00409837429854487,17.89762167747113,Ruptured
Italy,1944,T+44,0.0014491482220968775,1.589762167747113,0.1031919299838442,0.1145075279550549,2.0,9.0,0.023632505614722216,16.307859509724018,Ruptured
Italy,1945,T+45,0.005533061387094875,1.589762167747113,0.1571505849605763,0.17273482440387916,3.0,8.0,0.08143613609439612,14.718097341976904,Intermediate/Uncertain
Italy,1946,T+46,0.016716532353160524,1.5761900266148114,0.22330975397851657,0.2439124152070507,4.0,7.0,0.21787208572876912,13.03333018630368,Intermediate/Uncertain
Italy,1947,T+47,0.025092120428725554,1.5761900266148114,0.2565155470499146,0.2801817901116929,4.0,6.0,0.28748394065570104,11.45714015968887,Intermediate/Uncertain
Italy,1948,T+48,0.025092120428725554,1.5761900266148114,0.2565155470499146,0.2801817901116929,4.0,6.0,0.28748394065570104,11.45714015968887,Intermediate/Uncertain
Italy,1949,T+49,0.0685410814358103,1.5761900266148114,0.3529129284480336,0.3838062893940904,5.0,5.0,0.6772510077342095,9.880950133074057,Intermediate/Uncertain
Italy,1950,T+50,0.0685410814358103,1.5761900266148114,0.3529129284480336,0.3838062893940904,5.0,5.0,0.6772510077342095,9.880950133074057,Intermediate/Uncertain
Italy,1951,T+51,0.0685410814358103,1.5761900266148114,0.3529129284480336,0.3838062893940904,5.0,5.0,0.6772510077342095,9.880950133074057,Intermediate/Uncertain
Italy,1952,T+52,0.0685410814358103,1.5761900266148114,0.3529129284480336,0.3838062893940904,5.0,5.0,0.6772510077342095,9.880950133074057,Intermediate/Uncertain
Italy,1953,T+53,0.0685410814358103,1.5761900266148114,0.3529129284480336,0.3838062893940904,5.0,5.0,0.6772510077342095,9.880950133074057,Intermediate/Uncertain
Italy,1954,T+54,0.0685410814358103,1.5761900266148114,0.3529129284480336,0.3838062893940904,5.0,5.0,0.6772510077342095,9.880950133074057,Intermediate/Uncertain
Italy,1955,T+55,0.0685410814358103,1.5761900266148114,0.3529129284480336,0.3838062893940904,5.0,5.0,0.6772510077342095,9.880950133074057,Intermediate/Uncertain
Italy,1956,T+56,0.0685410814358103,1.5761900266148114,0.3529129284480336,0.3838062893940904,5.0,5.0,0.6772510077342095,9.880950133074057,Intermediate/Uncertain
Italy,1957,T+57,0.0685410814358103,1.5761900266148114,0.3529129284480336,0.3838062893940904,5.0,5.0,0.6772510077342095,9.880950133074057,Intermediate/Uncertain
Italy,1958,T+58,0.0685410814358103,1.5761900266148114,0.3529129284480336,0.3838062893940904,5.0,5.0,0.6772510077342095,9.880950133074057,Intermediate/Uncertain
Italy,1959,T+59,0.044798289878670725,1.5761900266148114,0.3072285486549205,0.3341227814286207,5.0,6.0,0.5132602860543017,11.45714015968887,Intermediate/Uncertain
Italy,1960,T+60,0.044798289878670725,1.5761900266148114,0.3072285486549205,0.3341227814286207,5.0,6.0,0.5132602860543017,11.45714015968887,Intermediate/Uncertain
Italy,1961,T+61,0.044798289878670725,1.5761900266148114,0.3072285486549205,0.3341227814286207,5.0,6.0,0.5132602860543017,11.45714015968887,Intermediate/Uncertain
Italy,1962,T+62,0.044798289878670725,1.5761900266148114,0.3072285486549205,0.3341227814286207,5.0,6.0,0.5132602860543017,11.45714015968887,Intermediate/Uncertain
Italy,1963,T+63,0.044798289878670725,1.5761900266148114,0.3072285486549205,0.3341227814286207,5.0,6.0,0.5132602860543017,11.45714015968887,Intermediate/Uncertain
Italy,1964,T+64,0.044798289878670725,1.5761900266148114,0.3072285486549205,0.3341227814286207,5.0,6.0,0.5132602860543017,11.45714015968887,Intermediate/Uncertain
Italy,1965,T+65,0.044798289878670725,1.5761900266148114,0.3072285486549205,0.3341227814286207,5.0,6.0,0.5132602860543017,11.45714015968887,Intermediate/Uncertain
Italy,1966,T+66,0.044798289878670725,1.5761900266148114,0.3072285486549205,0.3341227814286207,5.0,6.0,0.5132602860543017,11.45714015968887,Intermediate/Uncertain
Italy,1967,T+67,0.044798289878670725,1.5761900266148114,0.3072285486549205,0.3341227814286207,5.0,6.0,0.5132602860543017,11.45714015968887,Intermediate/Uncertain
Italy,1968,T+68,0.044798289878670725,1.5761900266148114,0.3072285486549205,0.3341227814286207,5.0,6.0,0.5132602860543017,11.45714015968887,Intermediate/Uncertain
Italy,1969,T+69,0.044798289878670725,1.5761900266148114,0.3072285486549205,0.3341227814286207,5.0,6.0,0.5132602860543017,11.45714015968887,Intermediate/Uncertain
Italy,1970,T+70,0.044798289878670725,1.5761900266148114,0.3072285486549205,0.3341227814286207,5.0,6.0,0.5132602860543017,11.45714015968887,Intermediate/Uncertain
Italy,1971,T+71,0.044798289878670725,1.5761900266148114,0.3072285486549205,0.3341227814286207,5.0,6.0,0.5132602860543017,11.45714015968887,Intermediate/Uncertain
Italy,1972,T+72,0.044798289878670725,1.5761900266148114,0.3072285486549205,0.3341227814286207,5.0,6.0,0.5132602860543017,11.45714015968887,Intermediate/Uncertain
Italy,1973,T+73,0.044798289878670725,1.5761900266148114,0.3072285486549205,0.3341227814286207,5.0,6.0,0.5132602860543017,11.45714015968887,Intermediate/Uncertain
Italy,1974,T+74,0.044798289878670725,1.5761900266148114,0.3072285486549205,0.3341227814286207,5.0,6.0,0.5132602860543017,11.45714015968887,Intermediate/Uncertain
Italy,1975,T+75,0.044798289878670725,1.5761900266148114,0.3072285486549205,0.3341227814286207,5.0,6.0,0.5132602860543017,11.45714015968887,Intermediate/Uncertain
Italy,1976,T+76,0.044798289878670725,1.5761900266148114,0.3072285486549205,0.3341227814286207,5.0,6.0,0.5132602860543017,11.45714015968887,Intermediate/Uncertain
Italy,1977,T+77,0.044798289878670725,1.5761900266148114,0.3072285486549205,0.3341227814286207,5.0,6.0,0.5132602860543017,11.45714015968887,Intermediate/Uncertain
Italy,1978,T+78,0.044798289878670725,1.5761900266148114,0.3072285486549205,0.3341227814286207,5.0,6.0,0.5132602860543017,11.45714015968887,Intermediate/Uncertain
Italy,1979,T+79,0.044798289878670725,1.5761900266148114,0.3072285486549205,0.3341227814286207,5.0,6.0,0.5132602860543017,11.45714015968887,Intermediate/Uncertain
Italy,1980,T+80,0.044798289878670725,1.5761900266148114,0.3072285486549205,0.3341227814286207,5.0,6.0,0.5132602860543017,11.45714015968887,Intermediate/Uncertain
Italy,1981,T+81,0.044798289878670725,1.5761900266148114,0.3072285486549205,0.3341227814286207,5.0,6.0,0.5132602860543017,11.45714015968887,Intermediate/Uncertain
Italy,1982,T+82,0.044798289878670725,1.5761900266148114,0.3072285486549205,0.3341227814286207,5.0,6.0,0.5132602860543017,11.45714015968887,Intermediate/Uncertain
Italy,1983,T+83,0.044798289878670725,1.5761900266148114,0.3072285486549205,0.3341227814286207,5.0,6.0,0.5132602860543017,11.45714015968887,Intermediate/Uncertain
Italy,1984,T+84,0.044798289878670725,1.5761900266148114,0.3072285486549205,0.3341227814286207,5.0,6.0,0.5132602860543017,11.45714015968887,Intermediate/Uncertain
Italy,1985,T+85,0.044798289878670725,1.5761900266148114,0.3072285486549205,0.3341227814286207,5.0,6.0,0.5132602860543017,11.45714015968887,Intermediate/Uncertain
Italy,1986,T+86,0.044798289878670725,1.5761900266148114,0.3072285486549205,0.3341227814286207,5.0,6.0,0.5132602860543017,11.45714015968887,Intermediate/Uncertain
Italy,1987,T+87,0.044798289878670725,1.5761900266148114,0.3072285486549205,0.3341227814286207,5.0,6.0,0.5132602860543017,11.45714015968887,Intermediate/Uncertain
Italy,1988,T+88,0.044798289878670725,1.5761900266148114,0.3072285486549205,0.3341227814286207,5.0,6.0,0.5132602860543017,11.45714015968887,Intermediate/Uncertain
Italy,1989,T+89,0.044798289878670725,1.5761900266148114,0.3072285486549205,0.3341227814286207,5.0,6.0,0.5132602860543017,11.45714015968887,Intermediate/Uncertain
Italy,1990,T+90,0.044798289878670725,1.5761900266148114,0.3072285486549205,0.3341227814286207,5.0,6.0,0.5132602860543017,11.45714015968887,Intermediate/Uncertain
Italy,1991,T+91,0.044798289878670725,1.5761900266148114,0.3072285486549205,0.3341227814286207,5.0,6.0,0.5132602860543017,11.45714015968887,Intermediate/Uncertain
Italy,1992,T+92,0.044798289878670725,1.5761900266148114,0.3072285486549205,0.3341227814286207,5.0,6.0,0.5132602860543017,11.45714015968887,Intermediate/Uncertain
Italy,1993,T+93,0.044798289878670725,1.5761900266148114,0.3072285486549205,0.3341227814286207,5.0,6.0,0.5132602860543017,11.45714015968887,Intermediate/Uncertain
Italy,1994,T+94,0.044798289878670725,1.5761900266148114,0.3072285486549205,0.3341227814286207,5.0,6.0,0.5132602860543017,11.45714015968887,Intermediate/Uncertain
Italy,1995,T+95,0.044798289878670725,1.5761900266148114,0.3072285486549205,0.3341227814286207,5.0,6.0,0.5132602860543017,11.45714015968887,Intermediate/Uncertain
Italy,1996,T+96,0.044798289878670725,1.5761900266148114,0.3072285486549205,0.3341227814286207,5.0,6.0,0.5132602860543017,11.45714015968887,Intermediate/Uncertain
Italy,1997,T+97,0.044798289878670725,1.5761900266148114,0.3072285486549205,0.3341227814286207,5.0,6.0,0.5132602860543017,11.45714015968887,Intermediate/Uncertain
Italy,1998,T+98,0.044798289878670725,1.5761900266148114,0.3072285486549205,0.3341227814286207,5.0,6.0,0.5132602860543017,11.45714015968887,Intermediate/Uncertain
Italy,1999,T+99,0.044798289878670725,1.5761900266148114,0.3072285486549205,0.3341227814286207,5.0,6.0,0.5132602860543017,11.45714015968887,Intermediate/Uncertain
Italy,2000,T+100,0.044798289878670725,1.5761900266148114,0.3072285486549205,0.3341227814286207,5.0,6.0,0.5132602860543017,11.45714015968887,Intermediate/Uncertain
Italy,2001,T+101,0.044798289878670725,1.5761900266148114,0.3072285486549205,0.3341227814286207,5.0,6.0,0.5132602860543017,11.45714015968887,Intermediate/Uncertain
Italy,2002,T+102,0.016716532353160524,1.5761900266148114,0.22330975397851657,0.2439124152070507,4.0,7.0,0.21787208572876912,13.03333018630368,Intermediate/Uncertain
Italy,2003,T+103,0.016716532353160524,1.5761900266148114,0.22330975397851657,0.2439124152070507,4.0,7.0,0.21787208572876912,13.03333018630368,Intermediate/Uncertain
Italy,2004,T+104,0.016716532353160524,1.5761900266148114,0.22330975397851657,0.2439124152070507,4.0,7.0,0.21787208572876912,13.03333018630368,Intermediate/Uncertain
Italy,2005,T+105,0.016716532353160524,1.5761900266148114,0.22330975397851657,0.2439124152070507,4.0,7.0,0.21787208572876912,13.03333018630368,Intermediate/Uncertain
Italy,2006,T+106,0.016716532353160524,1.5761900266148114,0.22330975397851657,0.2439124152070507,4.0,7.0,0.21787208572876912,13.03333018630368,Intermediate/Uncertain
Italy,2007,T+107,0.016716532353160524,1.5761900266148114,0.22330975397851657,0.2439124152070507,4.0,7.0,0.21787208572876912,13.03333018630368,Intermediate/Uncertain
Italy,2008,T+108,0.016716532353160524,1.5761900266148114,0.22330975397851657,0.2439124152070507,4.0,7.0,0.21787208572876912,13.03333018630368,Intermediate/Uncertain
Italy,2009,T+109,0.016716532353160524,1.5761900266148114,0.22330975397851657,0.2439124152070507,4.0,7.0,0.21787208572876912,13.03333018630368,Intermediate/Uncertain
Italy,2010,T+110,0.011301956700373386,1.5761900266148114,0.19440243211551653,0.21233809045341615,4.0,8.0,0.16511616485963457,14.609520212918492,Intermediate/Uncertain
Italy,2011,T+111,0.011301956700373386,1.5761900266148114,0.19440243211551653,0.21233809045341615,4.0,8.0,0.16511616485963457,14.609520212918492,Intermediate/Uncertain
Italy,2012,T+112,0.011301956700373386,1.5761900266148114,0.19440243211551653,0.21233809045341615,4.0,8.0,0.16511616485963457,14.609520212918492,Intermediate/Uncertain
Italy,2013,T+113,0.011301956700373386,1.5761900266148114,0.19440243211551653,0.21233809045341615,4.0,8.0,0.16511616485963457,14.609520212918492,Intermediate/Uncertain
Italy,2014,T+114,0.011301956700373386,1.5761900266148114,0.19440243211551653,0.21233809045341615,4.0,8.0,0.16511616485963457,14.609520212918492,Intermediate/Uncertain
Italy,2015,T+115,0.011301956700373386,1.5761900266148114,0.19440243211551653,0.21233809045341615,4.0,8.0,0.16511616485963457,14.609520212918492,Intermediate/Uncertain
Italy,2016,T+116,0.011301956700373386,1.5761900266148114,0.19440243211551653,0.21233809045341615,4.0,8.0,0.16511616485963457,14.609520212918492,Intermediate/Uncertain
Italy,2017,T+117,0.011301956700373386,1.5761900266148114,0.19440243211551653,0.21233809045341615,4.0,8.0,0.16511616485963457,14.609520212918492,Intermediate/Uncertain
Italy,2018,T+118,0.011301956700373386,1.5761900266148114,0.19440243211551653,0.21233809045341615,4.0,8.0,0.16511616485963457,14.609520212918492,Intermediate/Uncertain
Italy,2019,T+119,0.011301956700373386,1.5761900266148114,0.19440243211551653,0.21233809045341615,4.0,8.0,0.16511616485963457,14.609520212918492,Intermediate/Uncertain
Italy,2020,T+120,0.011301956700373386,1.5761900266148114,0.19440243211551653,0.21233809045341615,4.0,8.0,0.16511616485963457,14.609520212918492,Intermediate/Uncertain
Italy,2021,T+121,0.011301956700373386,1.5761900266148114,0.19440243211551653,0.21233809045341615,4.0,8.0,0.16511616485963457,14.609520212918492,Intermediate/Uncertain
Italy,2022,T+122,0.011301956700373386,1.5761900266148114,0.19440243211551653,0.21233809045341615,4.0,8.0,0.16511616485963457,14.609520212918492,Intermediate/Uncertain
Italy,2023,T+123,0.011301956700373386,1.5761900266148114,0.19440243211551653,0.21233809045341615,4.0,8.0,0.16511616485963457,14.609520212918492,Intermediate/Uncertain
Japan,1900,T+0,0.21459174178900473,2.9764702249476644,0.6529151337760444,0.6529151337760444,7.0,4.0,2.9840872033965296,13.905880899790658,Greenhouse Garden
Japan,1901,T+1,0.21459174178900473,2.9764702249476644,0.6529151337760444,0.6529151337760444,7.0,4.0,2.9840872033965296,13.905880899790658,Greenhouse Garden
Japan,1902,T+2,0.21459174178900473,2.9764702249476644,0.6529151337760444,0.6529151337760444,7.0,4.0,2.9840872033965296,13.905880899790658,Greenhouse Garden
Japan,1903,T+3,0.21459174178900473,2.9764702249476644,0.6529151337760444,0.6529151337760444,7.0,4.0,2.9840872033965296,13.905880899790658,Greenhouse Garden
Japan,1904,T+4,0.13321896606116454,3.0413812651491097,0.572249479788459,0.572249479788459,7.0,5.0,2.292286269827134,17.20690632574555,Intermediate/Uncertain
Japan,1905,T+5,0.13321896606116454,3.0413812651491097,0.572249479788459,0.572249479788459,7.0,5.0,2.292286269827134,17.20690632574555,Intermediate/Uncertain
Japan,1906,T+6,0.2135247266765018,3.0413812651491097,0.6573420360809118,0.6573420360809118,7.0,4.0,3.024689866792991,14.165525060596439,Greenhouse Garden
Japan,1907,T+7,0.2135247266765018,3.0413812651491097,0.6573420360809118,0.6573420360809118,7.0,4.0,3.024689866792991,14.165525060596439,Greenhouse Garden
Japan,1908,T+8,0.2135247266765018,3.0413812651491097,0.6573420360809118,0.6573420360809118,7.0,4.0,3.024689866792991,14.165525060596439,Greenhouse Garden
Japan,1909,T+9,0.2742435220990008,2.407670035532278,0.6750279027655497,0.6750279027655497,7.0,4.0,3.189638686584395,11.630680142129112,Greenhouse Garden
Japan,1910,T+10,0.2742435220990008,2.407670035532278,0.6750279027655497,0.6750279027655497,7.0,4.0,3.189638686584395,11.630680142129112,Greenhouse Garden
Japan,1911,T+11,0.2742435220990008,2.407670035532278,0.6750279027655497,0.6750279027655497,7.0,4.0,3.189638686584395,11.630680142129112,Greenhouse Garden
Japan,1912,T+12,0.2742435220990008,2.407670035532278,0.6750279027655497,0.6750279027655497,7.0,4.0,3.189638686584395,11.630680142129112,Greenhouse Garden
Japan,1913,T+13,0.2736742511193008,2.3551804601770967,0.6682127010591881,0.6682127010591881,7.0,4.0,3.1255574969977107,11.420721840708387,Greenhouse Garden
Japan,1914,T+14,0.2546454685041986,2.484325864293974,0.6589797559788211,0.6589797559788211,7.0,4.0,3.039780231529346,11.937303457175895,Greenhouse Garden
Japan,1915,T+15,0.2546454685041986,2.484325864293974,0.6589797559788211,0.6589797559788211,7.0,4.0,3.039780231529346,11.937303457175895,Greenhouse Garden
Japan,1916,T+16,0.2546454685041986,2.484325864293974,0.6589797559788211,0.6589797559788211,7.0,4.0,3.039780231529346,11.937303457175895,Greenhouse Garden
Japan,1917,T+17,0.22095535871260943,2.860698122836452,0.6514003637246765,0.6514003637246765,7.0,4.0,2.9702570370244854,13.442792491345807,Greenhouse Garden
Japan,1918,T+18,0.1188593426522912,3.673703002421399,0.6352149642893029,0.6352149642893029,6.0,5.0,2.4209883051423624,20.368515012106993,Intermediate/Uncertain
Japan,1919,T+19,0.1188593426522912,3.673703002421399,0.6352149642893029,0.6352149642893029,6.0,5.0,2.4209883051423624,20.368515012106993,Intermediate/Uncertain
Japan,1920,T+20,0.060946546635224794,4.927204455875563,0.6202692431804585,0.6202692431804585,5.0,6.0,1.9236696701782938,31.563226735253377,Standard Transplant
Japan,1921,T+21,0.060946546635224794,4.927204455875563,0.6202692431804585,0.6202692431804585,5.0,6.0,1.9236696701782938,31.563226735253377,Standard Transplant
Japan,1922,T+22,0.060946546635224794,4.927204455875563,0.6202692431804585,0.6202692431804585,5.0,6.0,1.9236696701782938,31.563226735253377,Standard Transplant
Japan,1923,T+23,0.02700136098636956,5.706013823151851,0.5320934352154948,0.5320934352154948,4.0,7.0,1.1324936951977038,41.94209676206296,Standard Transplant
Japan,1924,T+24,0.02700136098636956,5.706013823151851,0.5320934352154948,0.5320934352154948,4.0,7.0,1.1324936951977038,41.94209676206296,Standard Transplant
Japan,1925,T+25,0.02700136098636956,5.706013823151851,0.5320934352154948,0.5320934352154948,4.0,7.0,1.1324936951977038,41.94209676206296,Standard Transplant
Japan,1926,T+26,0.02700136098636956,5.706013823151851,0.5320934352154948,0.5320934352154948,4.0,7.0,1.1324936951977038,41.94209676206296,Standard Transplant
Japan,1927,T+27,0.02700136098636956,5.706013823151851,0.5320934352154948,0.5320934352154948,4.0,7.0,1.1324936951977038,41.94209676206296,Standard Transplant
Japan,1928,T+28,0.02700136098636956,5.706013823151851,0.5320934352154948,0.5320934352154948,4.0,7.0,1.1324936951977038,41.94209676206296,Standard Transplant
Japan,1929,T+29,0.02700136098636956,5.706013823151851,0.5320934352154948,0.5320934352154948,4.0,7.0,1.1324936951977038,41.94209676206296,Standard Transplant
Japan,1930,T+30,0.013307263133939632,6.051536478449089,0.47288110998246013,0.47288110998246013,3.0,8.0,0.6708496325347306,50.41229182759271,Failed Transplant
Japan,1931,T+31,0.010959690292059843,6.025661270765226,0.45323791124755486,0.45323791124755486,3.0,9.0,0.6162738125761392,56.23095143688703,Failed Transplant
Japan,1932,T+32,0.00612855541047957,6.571422505820182,0.43284931176697194,0.43284931176697194,2.0,9.0,0.3747170533942826,61.14280255238164,Failed Transplant
Japan,1933,T+33,0.005291625216530106,7.204328126203026,0.4205274603756676,0.4205274603756676,2.0,9.0,0.3536866898600174,66.83895313582724,Failed Transplant
Japan,1934,T+34,0.005326327607614517,7.322642538728761,0.42525156863187474,0.42525156863187474,2.0,9.0,0.36167779324774013,67.90378284855885,Failed Transplant
Japan,1935,T+35,0.005326327607614517,7.322642538728761,0.42525156863187474,0.42525156863187474,2.0,9.0,0.36167779324774013,67.90378284855885,Failed Transplant
Japan,1936,T+36,0.005326327607614517,7.322642538728761,0.42525156863187474,0.42525156863187474,2.0,9.0,0.36167779324774013,67.90378284855885,Failed Transplant
Japan,1937,T+37,0.012404191187427164,7.548799573442125,0.537754330735934,0.537754330735934,3.0,9.0,0.867539160675757,69.93919616097912,Failed Transplant
Japan,1938,T+38,0.012404191187427164,7.548799573442125,0.537754330735934,0.537754330735934,3.0,9.0,0.867539160675757,69.93919616097912,Failed Transplant
Japan,1939,T+39,0.012404191187427164,7.548799573442125,0.537754330735934,0.537754330735934,3.0,9.0,0.867539160675757,69.93919616097912,Failed Transplant
Japan,1940,T+40,0.012404191187427164,7.548799573442125,0.537754330735934,0.537754330735934,3.0,9.0,0.867539160675757,69.93919616097912,Failed Transplant
Japan,1941,T+41,0.008342337015454806,7.681145747868608,0.46814233553709755,0.46814233553709755,3.0,10.0,0.6574717389663853,78.81145747868608,Failed Transplant
Japan,1942,T+42,0.003805831083415033,8.321423781421062,0.40268535795509347,0.40268535795509347,2.0,10.0,0.3243109950228435,85.21423781421062,Ruptured
Japan,1943,T+43,0.0027100201665267833,7.741931283601011,0.3280456823350117,0.3280456823350117,2.0,10.0,0.2152279393972868,79.4193128360101,Ruptured
Japan,1944,T+44,0.0009351637652312823,7.424621202458749,0.26702564431442893,0.26702564431442893,1.0,10.0,0.07130269472153591,76.24621202458749,Ruptured
Japan,1945,T+45,0.0008907498506885251,1.4737282653189494,0.12210131868354324,0.12210131868354324,1.0,10.0,0.014908732024260185,16.737282653189496,Ruptured
Japan,1946,T+46,0.0028528097242364685,1.6758859597239903,0.15610008538111156,0.15610008538111156,2.0,9.0,0.048734473311980636,17.082973637515913,Ruptured
Japan,1947,T+47,0.007870552486090171,1.6758859597239903,0.201049158355077,0.201049158355077,3.0,8.0,0.12126229222585447,15.407087677791923,Intermediate/Uncertain
Japan,1948,T+48,0.019075295882705463,1.6758859597239903,0.2558938918757438,0.2558938918757438,4.0,7.0,0.26192673559725943,13.731201718067933,Intermediate/Uncertain
Japan,1949,T+49,0.041999660145535224,1.75,0.32403572390068053,0.32403572390068053,5.0,6.0,0.5249957518191903,12.5,Intermediate/Uncertain
Japan,1950,T+50,0.0994150398885552,1.6286017775994228,0.40995276825308447,0.40995276825308447,6.0,5.0,1.008367633190203,10.143008887997114,Young Ancient Forest
Japan,1951,T+51,0.21270766021576004,1.6286017775994228,0.5086508224954555,0.5086508224954555,7.0,4.0,1.8110796145771233,8.514407110397691,Deep Ancient Forest
Japan,1952,T+52,0.4576583503463487,1.6286017775994228,0.6276291012029463,0.6276291012029463,8.0,3.0,3.151346309414546,6.8858053327982685,Deep Ancient Forest
Japan,1953,T+53,1.4477229901249429,0.5,0.694675701346785,0.694675701346785,9.0,2.0,4.343168970374829,3.0,Deep Ancient Forest
Japan,1954,T+54,1.4477229901249429,0.5,0.694675701346785,0.694675701346785,9.0,2.0,4.343168970374829,3.0,Deep Ancient Forest
Japan,1955,T+55,1.4477229901249429,0.5,0.694675701346785,0.694675701346785,9.0,2.0,4.343168970374829,3.0,Deep Ancient Forest
Japan,1956,T+56,1.4477229901249429,0.5,0.694675701346785,0.694675701346785,9.0,2.0,4.343168970374829,3.0,Deep Ancient Forest
Japan,1957,T+57,1.4477229901249429,0.5,0.694675701346785,0.694675701346785,9.0,2.0,4.343168970374829,3.0,Deep Ancient Forest
Japan,1958,T+58,1.4477229901249429,0.5,0.694675701346785,0.694675701346785,9.0,2.0,4.343168970374829,3.0,Deep Ancient Forest
Japan,1959,T+59,1.4477229901249429,0.5,0.694675701346785,0.694675701346785,9.0,2.0,4.343168970374829,3.0,Deep Ancient Forest
Japan,1960,T+60,1.4477229901249429,0.5,0.694675701346785,0.694675701346785,9.0,2.0,4.343168970374829,3.0,Deep Ancient Forest
Japan,1961,T+61,1.4477229901249429,0.5,0.694675701346785,0.694675701346785,9.0,2.0,4.343168970374829,3.0,Deep Ancient Forest
Japan,1962,T+62,1.4477229901249429,0.5,0.694675701346785,0.694675701346785,9.0,2.0,4.343168970374829,3.0,Deep Ancient Forest
Japan,1963,T+63,1.4477229901249429,0.5,0.694675701346785,0.694675701346785,9.0,2.0,4.343168970374829,3.0,Deep Ancient Forest
Japan,1964,T+64,1.4477229901249429,0.5,0.694675701346785,0.694675701346785,9.0,2.0,4.343168970374829,3.0,Deep Ancient Forest
Japan,1965,T+65,1.4477229901249429,0.5,0.694675701346785,0.694675701346785,9.0,2.0,4.343168970374829,3.0,Deep Ancient Forest
Japan,1966,T+66,1.4477229901249429,0.5,0.694675701346785,0.694675701346785,9.0,2.0,4.343168970374829,3.0,Deep Ancient Forest
Japan,1967,T+67,1.4477229901249429,0.5,0.694675701346785,0.694675701346785,9.0,2.0,4.343168970374829,3.0,Deep Ancient Forest
Japan,1968,T+68,1.4477229901249429,0.5,0.694675701346785,0.694675701346785,9.0,2.0,4.343168970374829,3.0,Deep Ancient Forest
Japan,1969,T+69,1.4477229901249429,0.5,0.694675701346785,0.694675701346785,9.0,2.0,4.343168970374829,3.0,Deep Ancient Forest
Japan,1970,T+70,1.4477229901249429,0.5,0.694675701346785,0.694675701346785,9.0,2.0,4.343168970374829,3.0,Deep Ancient Forest
Japan,1971,T+71,1.4477229901249429,0.5,0.694675701346785,0.694675701346785,9.0,2.0,4.343168970374829,3.0,Deep Ancient Forest
Japan,1972,T+72,1.4477229901249429,0.5,0.694675701346785,0.694675701346785,9.0,2.0,4.343168970374829,3.0,Deep Ancient Forest
Japan,1973,T+73,0.39110497962225066,1.6393596310755,0.5815598748796714,0.5815598748796714,8.0,3.0,2.7056951045604727,6.9180788932265,Deep Ancient Forest
Japan,1974,T+74,0.39110497962225066,1.6393596310755,0.5815598748796714,0.5815598748796714,8.0,3.0,2.7056951045604727,6.9180788932265,Deep Ancient Forest
Japan,1975,T+75,0.39110497962225066,1.6393596310755,0.5815598748796714,0.5815598748796714,8.0,3.0,2.7056951045604727,6.9180788932265,Deep Ancient Forest
Japan,1976,T+76,1.4477229901249429,0.5,0.694675701346785,0.694675701346785,9.0,2.0,4.343168970374829,3.0,Deep Ancient Forest
Japan,1977,T+77,1.4477229901249429,0.5,0.694675701346785,0.694675701346785,9.0,2.0,4.343168970374829,3.0,Deep Ancient Forest
Japan,1978,T+78,1.4477229901249429,0.5,0.694675701346785,0.694675701346785,9.0,2.0,4.343168970374829,3.0,Deep Ancient Forest
Japan,1979,T+79,1.4477229901249429,0.5,0.694675701346785,0.694675701346785,9.0,2.0,4.343168970374829,3.0,Deep Ancient Forest
Japan,1980,T+80,1.4477229901249429,0.5,0.694675701346785,0.694675701346785,9.0,2.0,4.343168970374829,3.0,Deep Ancient Forest
Japan,1981,T+81,1.4477229901249429,0.5,0.694675701346785,0.694675701346785,9.0,2.0,4.343168970374829,3.0,Deep Ancient Forest
Japan,1982,T+82,1.4477229901249429,0.5,0.694675701346785,0.694675701346785,9.0,2.0,4.343168970374829,3.0,Deep Ancient Forest
Japan,1983,T+83,1.4477229901249429,0.5,0.694675701346785,0.694675701346785,9.0,2.0,4.343168970374829,3.0,Deep Ancient Forest
Japan,1984,T+84,1.4477229901249429,0.5,0.694675701346785,0.694675701346785,9.0,2.0,4.343168970374829,3.0,Deep Ancient Forest
Japan,1985,T+85,1.4477229901249429,0.5,0.694675701346785,0.694675701346785,9.0,2.0,4.343168970374829,3.0,Deep Ancient Forest
Japan,1986,T+86,1.4477229901249429,0.5,0.694675701346785,0.694675701346785,9.0,2.0,4.343168970374829,3.0,Deep Ancient Forest
Japan,1987,T+87,1.4477229901249429,0.5,0.694675701346785,0.694675701346785,9.0,2.0,4.343168970374829,3.0,Deep Ancient Forest
Japan,1988,T+88,1.4477229901249429,0.5,0.694675701346785,0.694675701346785,9.0,2.0,4.343168970374829,3.0,Deep Ancient Forest
Japan,1989,T+89,1.4477229901249429,0.5,0.694675701346785,0.694675701346785,9.0,2.0,4.343168970374829,3.0,Deep Ancient Forest
Japan,1990,T+90,0.3988293008294639,1.5799030824705673,0.5796543719039693,0.5796543719039693,8.0,3.0,2.6879935269390813,6.739709247411702,Deep Ancient Forest
Japan,1991,T+91,0.15332123903095765,2.1130176880471208,0.47846845517230013,0.47846845517230013,7.0,4.0,1.6025244381647716,10.452070752188483,Greenhouse Garden
Japan,1992,T+92,0.056381105880758835,2.8986796563263075,0.3936826206582729,0.3936826206582729,6.0,5.0,0.9299160348501936,16.49339828163154,Standard Transplant
Japan,1993,T+93,0.021086134648975945,3.7826701878435025,0.32272081642781064,0.32272081642781064,5.0,6.0,0.5207436267791633,24.696021127061016,Standard Transplant
Japan,1994,T+94,0.007935939422822433,4.709946257655176,0.2633993242892575,0.2633993242892575,4.0,7.0,0.27751681614414975,34.96962380358623,Failed Transplant
Japan,1995,T+95,0.007935939422822433,4.709946257655176,0.2633993242892575,0.2633993242892575,4.0,7.0,0.27751681614414975,34.96962380358623,Failed Transplant
Japan,1996,T+96,0.007935939422822433,4.709946257655176,0.2633993242892575,0.2633993242892575,4.0,7.0,0.27751681614414975,34.96962380358623,Failed Transplant
Japan,1997,T+97,0.007935939422822433,4.709946257655176,0.2633993242892575,0.2633993242892575,4.0,7.0,0.27751681614414975,34.96962380358623,Failed Transplant
Japan,1998,T+98,0.0025987119534591277,5.341099488869309,0.19683940712979803,0.19683940712979803,3.0,8.0,0.11623725659763115,44.728795910954474,Ruptured
Japan,1999,T+99,0.0025987119534591277,5.341099488869309,0.19683940712979803,0.19683940712979803,3.0,8.0,0.11623725659763115,44.728795910954474,Ruptured
Japan,2000,T+100,0.0025987119534591277,5.341099488869309,0.19683940712979803,0.19683940712979803,3.0,8.0,0.11623725659763115,44.728795910954474,Ruptured
Japan,2001,T+101,0.0025987119534591277,5.341099488869309,0.19683940712979803,0.19683940712979803,3.0,8.0,0.11623725659763115,44.728795910954474,Ruptured
Japan,2002,T+102,0.0025987119534591277,5.341099488869309,0.19683940712979803,0.19683940712979803,3.0,8.0,0.11623725659763115,44.728795910954474,Ruptured
Japan,2003,T+103,0.0025987119534591277,5.341099488869309,0.19683940712979803,0.19683940712979803,3.0,8.0,0.11623725659763115,44.728795910954474,Ruptured
Japan,2004,T+104,0.0025987119534591277,5.341099488869309,0.19683940712979803,0.19683940712979803,3.0,8.0,0.11623725659763115,44.728795910954474,Ruptured
Japan,2005,T+105,0.0025987119534591277,5.341099488869309,0.19683940712979803,0.19683940712979803,3.0,8.0,0.11623725659763115,44.728795910954474,Ruptured
Japan,2006,T+106,0.0025987119534591277,5.341099488869309,0.19683940712979803,0.19683940712979803,3.0,8.0,0.11623725659763115,44.728795910954474,Ruptured
Japan,2007,T+107,0.0025987119534591277,5.341099488869309,0.19683940712979803,0.19683940712979803,3.0,8.0,0.11623725659763115,44.728795910954474,Ruptured
Japan,2008,T+108,0.0025987119534591277,5.341099488869309,0.19683940712979803,0.19683940712979803,3.0,8.0,0.11623725659763115,44.728795910954474,Ruptured
Japan,2009,T+109,0.0025987119534591277,5.341099488869309,0.19683940712979803,0.19683940712979803,3.0,8.0,0.11623725659763115,44.728795910954474,Ruptured
Japan,2010,T+110,0.0025987119534591277,5.341099488869309,0.19683940712979803,0.19683940712979803,3.0,8.0,0.11623725659763115,44.728795910954474,Ruptured
Japan,2011,T+111,0.0009774145205758786,5.270421591296089,0.1554305445804598,0.1554305445804598,2.0,9.0,0.0483173083771566,49.433794321664806,Ruptured
Japan,2012,T+112,0.0009774145205758786,5.270421591296089,0.1554305445804598,0.1554305445804598,2.0,9.0,0.0483173083771566,49.433794321664806,Ruptured
Japan,2013,T+113,0.0009774145205758786,5.270421591296089,0.1554305445804598,0.1554305445804598,2.0,9.0,0.0483173083771566,49.433794321664806,Ruptured
Japan,2014,T+114,0.0009774145205758786,5.270421591296089,0.1554305445804598,0.1554305445804598,2.0,9.0,0.0483173083771566,49.433794321664806,Ruptured
Japan,2015,T+115,0.0009774145205758786,5.270421591296089,0.1554305445804598,0.1554305445804598,2.0,9.0,0.0483173083771566,49.433794321664806,Ruptured
Japan,2016,T+116,0.0009774145205758786,5.270421591296089,0.1554305445804598,0.1554305445804598,2.0,9.0,0.0483173083771566,49.433794321664806,Ruptured
Japan,2017,T+117,0.0009774145205758786,5.270421591296089,0.1554305445804598,0.1554305445804598,2.0,9.0,0.0483173083771566,49.433794321664806,Ruptured
Japan,2018,T+118,0.0009774145205758786,5.270421591296089,0.1554305445804598,0.1554305445804598,2.0,9.0,0.0483173083771566,49.433794321664806,Ruptured
Japan,2019,T+119,0.0009774145205758786,5.270421591296089,0.1554305445804598,0.1554305445804598,2.0,9.0,0.0483173083771566,49.433794321664806,Ruptured
Japan,2020,T+120,0.0010058989262809023,4.952508833914383,0.1530478809367223,0.1530478809367223,2.0,9.0,0.046847307718442255,46.57257950522944,Ruptured
Japan,2021,T+121,0.0010058989262809023,4.952508833914383,0.1530478809367223,0.1530478809367223,2.0,9.0,0.046847307718442255,46.57257950522944,Ruptured
Japan,2022,T+122,0.0010058989262809023,4.952508833914383,0.1530478809367223,0.1530478809367223,2.0,9.0,0.046847307718442255,46.57257950522944,Ruptured
Japan,2023,T+123,0.0010058989262809023,4.952508833914383,0.1530478809367223,0.1530478809367223,2.0,9.0,0.046847307718442255,46.57257950522944,Ruptured
Japan,2024,T+124,0.0010058989262809023,4.952508833914383,0.1530478809367223,0.1530478809367223,2.0,9.0,0.046847307718442255,46.57257950522944,Ruptured
Japan,2025,T+125,0.0010058989262809023,4.952508833914383,0.1530478809367223,0.1530478809367223,2.0,9.0,0.046847307718442255,46.57257950522944,Ruptured
Lebanon,1943,T+0,0.0056607011953483345,3.895109112720721,0.26367752145692414,0.20942847554601934,3.0,7.0,0.1656647440634293,29.265763789045046,Failed Transplant
Lebanon,1944,T+1,0.015016330221116892,3.020761493398643,0.29996205459498654,0.25186283434659307,4.0,6.0,0.3021971730668832,20.12456896039186,Standard Transplant
Lebanon,1945,T+2,0.038001721254034435,2.6100766272276377,0.3703837842150875,0.30883666568610335,5.0,5.0,0.5719404647059441,15.050383136138189,Standard Transplant
Lebanon,1946,T+3,0.038001721254034435,2.6100766272276377,0.3703837842150875,0.30883666568610335,5.0,5.0,0.5719404647059441,15.050383136138189,Standard Transplant
Lebanon,1947,T+4,0.038001721254034435,2.6100766272276377,0.3703837842150875,0.30883666568610335,5.0,5.0,0.5719404647059441,15.050383136138189,Standard Transplant
Lebanon,1948,T+5,0.024543518374609878,2.6100766272276377,0.3224378119841945,0.26885793327953406,5.0,6.0,0.43344981870622756,17.660459763365825,Standard Transplant
Lebanon,1949,T+6,0.024543518374609878,2.6100766272276377,0.3224378119841945,0.26885793327953406,5.0,6.0,0.43344981870622756,17.660459763365825,Standard Transplant
Lebanon,1950,T+7,0.024543518374609878,2.6100766272276377,0.3224378119841945,0.26885793327953406,5.0,6.0,0.43344981870622756,17.660459763365825,Standard Transplant
Lebanon,1951,T+8,0.024543518374609878,2.6100766272276377,0.3224378119841945,0.26885793327953406,5.0,6.0,0.43344981870622756,17.660459763365825,Standard Transplant
Lebanon,1952,T+9,0.024543518374609878,2.6100766272276377,0.3224378119841945,0.26885793327953406,5.0,6.0,0.43344981870622756,17.660459763365825,Standard Transplant
Lebanon,1953,T+10,0.024543518374609878,2.6100766272276377,0.3224378119841945,0.26885793327953406,5.0,6.0,0.43344981870622756,17.660459763365825,Standard Transplant
Lebanon,1954,T+11,0.024543518374609878,2.6100766272276377,0.3224378119841945,0.26885793327953406,5.0,6.0,0.43344981870622756,17.660459763365825,Standard Transplant
Lebanon,1955,T+12,0.024543518374609878,2.6100766272276377,0.3224378119841945,0.26885793327953406,5.0,6.0,0.43344981870622756,17.660459763365825,Standard Transplant
Lebanon,1956,T+13,0.024543518374609878,2.6100766272276377,0.3224378119841945,0.26885793327953406,5.0,6.0,0.43344981870622756,17.660459763365825,Standard Transplant
Lebanon,1957,T+14,0.024543518374609878,2.6100766272276377,0.3224378119841945,0.26885793327953406,5.0,6.0,0.43344981870622756,17.660459763365825,Standard Transplant
Lebanon,1958,T+15,0.016205468328623816,2.6100766272276377,0.2806984188508103,0.2340544252631301,5.0,7.0,0.3284935354819789,20.270536390593463,Standard Transplant
Lebanon,1959,T+16,0.016205468328623816,2.6100766272276377,0.2806984188508103,0.2340544252631301,5.0,7.0,0.3284935354819789,20.270536390593463,Standard Transplant
Lebanon,1960,T+17,0.016205468328623816,2.6100766272276377,0.2806984188508103,0.2340544252631301,5.0,7.0,0.3284935354819789,20.270536390593463,Standard Transplant
Lebanon,1961,T+18,0.016205468328623816,2.6100766272276377,0.2806984188508103,0.2340544252631301,5.0,7.0,0.3284935354819789,20.270536390593463,Standard Transplant
Lebanon,1962,T+19,0.016205468328623816,2.6100766272276377,0.2806984188508103,0.2340544252631301,5.0,7.0,0.3284935354819789,20.270536390593463,Standard Transplant
Lebanon,1963,T+20,0.016205468328623816,2.6100766272276377,0.2806984188508103,0.2340544252631301,5.0,7.0,0.3284935354819789,20.270536390593463,Standard Transplant
Lebanon,1964,T+21,0.016205468328623816,2.6100766272276377,0.2806984188508103,0.2340544252631301,5.0,7.0,0.3284935354819789,20.270536390593463,Standard Transplant
Lebanon,1965,T+22,0.016205468328623816,2.6100766272276377,0.2806984188508103,0.2340544252631301,5.0,7.0,0.3284935354819789,20.270536390593463,Standard Transplant
Lebanon,1966,T+23,0.016205468328623816,2.6100766272276377,0.2806984188508103,0.2340544252631301,5.0,7.0,0.3284935354819789,20.270536390593463,Standard Transplant
Lebanon,1967,T+24,0.012938964106518422,2.3284920012746446,0.24564228009335531,0.21731122470127215,5.0,8.0,0.2669041236274998,20.627936010197157,Standard Transplant
Lebanon,1968,T+25,0.012938964106518422,2.3284920012746446,0.24564228009335531,0.21731122470127215,5.0,8.0,0.2669041236274998,20.627936010197157,Standard Transplant
Lebanon,1969,T+26,0.012938964106518422,2.3284920012746446,0.24564228009335531,0.21731122470127215,5.0,8.0,0.2669041236274998,20.627936010197157,Standard Transplant
Lebanon,1970,T+27,0.012938964106518422,2.3284920012746446,0.24564228009335531,0.21731122470127215,5.0,8.0,0.2669041236274998,20.627936010197157,Standard Transplant
Lebanon,1971,T+28,0.012938964106518422,2.3284920012746446,0.24564228009335531,0.21731122470127215,5.0,8.0,0.2669041236274998,20.627936010197157,Standard Transplant
Lebanon,1972,T+29,0.012938964106518422,2.3284920012746446,0.24564228009335531,0.21731122470127215,5.0,8.0,0.2669041236274998,20.627936010197157,Standard Transplant
Lebanon,1973,T+30,0.012938964106518422,2.3284920012746446,0.24564228009335531,0.21731122470127215,5.0,8.0,0.2669041236274998,20.627936010197157,Standard Transplant
Lebanon,1974,T+31,0.012938964106518422,2.3284920012746446,0.24564228009335531,0.21731122470127215,5.0,8.0,0.2669041236274998,20.627936010197157,Standard Transplant
Lebanon,1975,T+32,0.0007724639033111286,1.899835519196333,0.10335168431109534,0.07847221611731463,2.0,10.0,0.0162204714146975,20.99835519196333,Ruptured
Lebanon,1976,T+33,0.0007724639033111286,1.899835519196333,0.10335168431109534,0.07847221611731463,2.0,10.0,0.0162204714146975,20.99835519196333,Ruptured
Lebanon,1977,T+34,0.0007724639033111286,1.899835519196333,0.10335168431109534,0.07847221611731463,2.0,10.0,0.0162204714146975,20.99835519196333,Ruptured
Lebanon,1978,T+35,0.0007724639033111286,1.899835519196333,0.10335168431109534,0.07847221611731463,2.0,10.0,0.0162204714146975,20.99835519196333,Ruptured
Lebanon,1979,T+36,0.0007724639033111286,1.899835519196333,0.10335168431109534,0.07847221611731463,2.0,10.0,0.0162204714146975,20.99835519196333,Ruptured
Lebanon,1980,T+37,0.0007724639033111286,1.899835519196333,0.10335168431109534,0.07847221611731463,2.0,10.0,0.0162204714146975,20.99835519196333,Ruptured
Lebanon,1981,T+38,0.0007724639033111286,1.899835519196333,0.10335168431109534,0.07847221611731463,2.0,10.0,0.0162204714146975,20.99835519196333,Ruptured
Lebanon,1982,T+39,0.0007724639033111286,1.899835519196333,0.10335168431109534,0.07847221611731463,2.0,10.0,0.0162204714146975,20.99835519196333,Ruptured
Lebanon,1983,T+40,0.0007724639033111286,1.899835519196333,0.10335168431109534,0.07847221611731463,2.0,10.0,0.0162204714146975,20.99835519196333,Ruptured
Lebanon,1984,T+41,0.0007724639033111286,1.899835519196333,0.10335168431109534,0.07847221611731463,2.0,10.0,0.0162204714146975,20.99835519196333,Ruptured
Lebanon,1985,T+42,0.0007724639033111286,1.899835519196333,0.10335168431109534,0.07847221611731463,2.0,10.0,0.0162204714146975,20.99835519196333,Ruptured
Lebanon,1986,T+43,0.0007724639033111286,1.899835519196333,0.10335168431109534,0.07847221611731463,2.0,10.0,0.0162204714146975,20.99835519196333,Ruptured
Lebanon,1987,T+44,0.0007724639033111286,1.899835519196333,0.10335168431109534,0.07847221611731463,2.0,10.0,0.0162204714146975,20.99835519196333,Ruptured
Lebanon,1988,T+45,0.0007724639033111286,1.899835519196333,0.10335168431109534,0.07847221611731463,2.0,10.0,0.0162204714146975,20.99835519196333,Ruptured
Lebanon,1989,T+46,0.0007724639033111286,1.899835519196333,0.10335168431109534,0.07847221611731463,2.0,10.0,0.0162204714146975,20.99835519196333,Ruptured
Lebanon,1990,T+47,0.002990774402945547,1.899835519196333,0.15421981850317693,0.12345876236022768,3.0,9.0,0.0571193637714635,19.098519672766997,Ruptured
Lebanon,1991,T+48,0.00843382044621195,2.0530084632071053,0.2167785117007201,0.1791982029253015,4.0,8.0,0.15538527891836196,18.424067705656842,Standard Transplant
Lebanon,1992,T+49,0.03685180886152059,1.87812240016459,0.33258277897758265,0.29404821589540847,5.0,6.0,0.4889768639794757,13.26873440098754,Intermediate/Uncertain
Lebanon,1993,T+50,0.03685180886152059,1.87812240016459,0.33258277897758265,0.29404821589540847,5.0,6.0,0.4889768639794757,13.26873440098754,Intermediate/Uncertain
Lebanon,1994,T+51,0.03685180886152059,1.87812240016459,0.33258277897758265,0.29404821589540847,5.0,6.0,0.4889768639794757,13.26873440098754,Intermediate/Uncertain
Lebanon,1995,T+52,0.03685180886152059,1.87812240016459,0.33258277897758265,0.29404821589540847,5.0,6.0,0.4889768639794757,13.26873440098754,Intermediate/Uncertain
Lebanon,1996,T+53,0.03685180886152059,1.87812240016459,0.33258277897758265,0.29404821589540847,5.0,6.0,0.4889768639794757,13.26873440098754,Intermediate/Uncertain
Lebanon,1997,T+54,0.03685180886152059,1.87812240016459,0.33258277897758265,0.29404821589540847,5.0,6.0,0.4889768639794757,13.26873440098754,Intermediate/Uncertain
Lebanon,1998,T+55,0.03685180886152059,1.87812240016459,0.33258277897758265,0.29404821589540847,5.0,6.0,0.4889768639794757,13.26873440098754,Intermediate/Uncertain
Lebanon,1999,T+56,0.03685180886152059,1.87812240016459,0.33258277897758265,0.29404821589540847,5.0,6.0,0.4889768639794757,13.26873440098754,Intermediate/Uncertain
Lebanon,2000,T+57,0.03685180886152059,1.87812240016459,0.33258277897758265,0.29404821589540847,5.0,6.0,0.4889768639794757,13.26873440098754,Intermediate/Uncertain
Lebanon,2001,T+58,0.03685180886152059,1.87812240016459,0.33258277897758265,0.29404821589540847,5.0,6.0,0.4889768639794757,13.26873440098754,Intermediate/Uncertain
Lebanon,2002,T+59,0.03685180886152059,1.87812240016459,0.33258277897758265,0.29404821589540847,5.0,6.0,0.4889768639794757,13.26873440098754,Intermediate/Uncertain
Lebanon,2003,T+60,0.03685180886152059,1.87812240016459,0.33258277897758265,0.29404821589540847,5.0,6.0,0.4889768639794757,13.26873440098754,Intermediate/Uncertain
Lebanon,2004,T+61,0.03685180886152059,1.87812240016459,0.33258277897758265,0.29404821589540847,5.0,6.0,0.4889768639794757,13.26873440098754,Intermediate/Uncertain
Lebanon,2005,T+62,0.03685180886152059,1.87812240016459,0.33258277897758265,0.29404821589540847,5.0,6.0,0.4889768639794757,13.26873440098754,Intermediate/Uncertain
Lebanon,2006,T+63,0.03685180886152059,1.87812240016459,0.33258277897758265,0.29404821589540847,5.0,6.0,0.4889768639794757,13.26873440098754,Intermediate/Uncertain
Lebanon,2007,T+64,0.03685180886152059,1.87812240016459,0.33258277897758265,0.29404821589540847,5.0,6.0,0.4889768639794757,13.26873440098754,Intermediate/Uncertain
Lebanon,2008,T+65,0.03685180886152059,1.87812240016459,0.33258277897758265,0.29404821589540847,5.0,6.0,0.4889768639794757,13.26873440098754,Intermediate/Uncertain
Lebanon,2009,T+66,0.03685180886152059,1.87812240016459,0.33258277897758265,0.29404821589540847,5.0,6.0,0.4889768639794757,13.26873440098754,Intermediate/Uncertain
Lebanon,2010,T+67,0.03685180886152059,1.87812240016459,0.33258277897758265,0.29404821589540847,5.0,6.0,0.4889768639794757,13.26873440098754,Intermediate/Uncertain
Lebanon,2011,T+68,0.03685180886152059,1.87812240016459,0.33258277897758265,0.29404821589540847,5.0,6.0,0.4889768639794757,13.26873440098754,Intermediate/Uncertain
Lebanon,2012,T+69,0.03685180886152059,1.87812240016459,0.33258277897758265,0.29404821589540847,5.0,6.0,0.4889768639794757,13.26873440098754,Intermediate/Uncertain
Lebanon,2013,T+70,0.03685180886152059,1.87812240016459,0.33258277897758265,0.29404821589540847,5.0,6.0,0.4889768639794757,13.26873440098754,Intermediate/Uncertain
Lebanon,2014,T+71,0.03685180886152059,1.87812240016459,0.33258277897758265,0.29404821589540847,5.0,6.0,0.4889768639794757,13.26873440098754,Intermediate/Uncertain
Lebanon,2015,T+72,0.03685180886152059,1.87812240016459,0.33258277897758265,0.29404821589540847,5.0,6.0,0.4889768639794757,13.26873440098754,Intermediate/Uncertain
Lebanon,2016,T+73,0.03685180886152059,1.87812240016459,0.33258277897758265,0.29404821589540847,5.0,6.0,0.4889768639794757,13.26873440098754,Intermediate/Uncertain
Lebanon,2017,T+74,0.03685180886152059,1.87812240016459,0.33258277897758265,0.29404821589540847,5.0,6.0,0.4889768639794757,13.26873440098754,Intermediate/Uncertain
Lebanon,2018,T+75,0.03685180886152059,1.87812240016459,0.33258277897758265,0.29404821589540847,5.0,6.0,0.4889768639794757,13.26873440098754,Intermediate/Uncertain
Lebanon,2019,T+76,0.03685180886152059,1.87812240016459,0.33258277897758265,0.29404821589540847,5.0,6.0,0.4889768639794757,13.26873440098754,Intermediate/Uncertain
Lebanon,2020,T+77,0.01289573575931924,1.9803724397193574,0.2418780254943615,0.21142886886289455,4.0,7.0,0.2045599893322529,15.862607078035502,Intermediate/Uncertain
Lebanon,2021,T+78,0.01289573575931924,1.9803724397193574,0.2418780254943615,0.21142886886289455,4.0,7.0,0.2045599893322529,15.862607078035502,Intermediate/Uncertain
Lebanon,2022,T+79,0.01289573575931924,1.9803724397193574,0.2418780254943615,0.21142886886289455,4.0,7.0,0.2045599893322529,15.862607078035502,Intermediate/Uncertain
Lebanon,2023,T+80,0.01289573575931924,1.9803724397193574,0.2418780254943615,0.21142886886289455,4.0,7.0,0.2045599893322529,15.862607078035502,Intermediate/Uncertain
Lebanon,2024,T+81,0.01289573575931924,1.9803724397193574,0.2418780254943615,0.21142886886289455,4.0,7.0,0.2045599893322529,15.862607078035502,Intermediate/Uncertain
Lebanon,2025,T+82,0.01289573575931924,1.9803724397193574,0.2418780254943615,0.21142886886289455,4.0,7.0,0.2045599893322529,15.862607078035502,Intermediate/Uncertain
Netherlands,1900,T+0,1.4528788103025168,2.8282544859860117,0.5615760349419321,0.6899054185139254,7.5,0.0,2.9057576206050335,2.0,Greenhouse Garden
Netherlands,1901,T+1,1.4528788103025168,2.8282544859860117,0.5615760349419321,0.6899054185139254,7.5,0.0,2.9057576206050335,2.0,Greenhouse Garden
Netherlands,1902,T+2,1.4594093893018085,2.775450413896815,0.5628166314348177,0.6914789212163164,7.5,0.0,2.918818778603617,2.0,Greenhouse Garden
Netherlands,1903,T+3,1.2755875351972092,2.3665557118943976,0.5480441348079321,0.6650077217095728,7.0,0.0,2.5511750703944185,2.0,Greenhouse Garden
Netherlands,1904,T+4,1.1046368471795112,2.1240806834958037,0.5326389440665952,0.6381213098607432,6.5,0.0,2.2092736943590223,2.0,Greenhouse Garden
Netherlands,1905,T+5,1.2580494571724696,2.4486922530199666,0.5443213439730431,0.6603501884120091,7.0,0.0,2.5160989143449393,2.0,Greenhouse Garden
Netherlands,1906,T+6,1.4528788103025168,2.8282544859860117,0.5615760349419321,0.6899054185139254,7.5,0.0,2.9057576206050335,2.0,Greenhouse Garden
Netherlands,1907,T+7,1.4594093893018085,2.775450413896815,0.5628166314348177,0.6914789212163164,7.5,0.0,2.918818778603617,2.0,Greenhouse Garden
Netherlands,1908,T+8,0.9143649905727893,1.75,0.5078233566956533,0.6001857263402604,6.0,0.0,1.8287299811455786,2.0,Deep Ancient Forest
Netherlands,1909,T+9,0.5837280148186762,1.184205957593526,0.46005853308008976,0.50752499766551,5.0,0.0,1.1674560296373524,2.0,Deep Ancient Forest
Netherlands,1910,T+10,0.9143649905727893,1.75,0.5078233566956533,0.6001857263402604,6.0,0.0,1.8287299811455786,2.0,Deep Ancient Forest
Netherlands,1911,T+11,1.0786598458624308,2.085805824495655,0.5264309453608443,0.6304631977152125,6.5,0.0,2.1573196917248616,2.0,Greenhouse Garden
Netherlands,1912,T+12,0.9872698203502277,1.4577379737113252,0.5405419132478573,0.6088148431254828,6.0,0.0,1.9745396407004554,2.0,Deep Ancient Forest
Netherlands,1913,T+13,0.9184115365931069,1.7275343701356567,0.5070732617485718,0.603733625805268,6.0,0.0,1.8368230731862139,2.0,Deep Ancient Forest
Netherlands,1914,T+14,0.7948775140020172,2.4677608777999542,0.4457422806788747,0.5944223440739511,6.0,0.0,1.5897550280040345,2.0,Greenhouse Garden
Netherlands,1915,T+15,0.7034122508762315,3.020114857087392,0.4016465750035657,0.5837738073329658,6.0,0.0,1.406824501752463,2.0,Greenhouse Garden
Netherlands,1916,T+16,0.6851593619871452,2.979093821953246,0.3965448190091386,0.5759410867260676,6.0,0.0,1.3703187239742904,2.0,Greenhouse Garden
Netherlands,1917,T+17,0.7034122508762315,3.020114857087392,0.4016465750035657,0.5837738073329658,6.0,0.0,1.406824501752463,2.0,Greenhouse Garden
Netherlands,1918,T+18,0.7137421167835756,3.091697551507909,0.4045045285129528,0.5881616203469529,6.0,0.0,1.4274842335671512,2.0,Greenhouse Garden
Netherlands,1919,T+19,0.9246239653949997,3.731202889149825,0.42565684116221403,0.6206367436873094,7.0,0.0,1.8492479307899994,2.0,Greenhouse Garden
Netherlands,1920,T+20,0.9246239653949997,3.731202889149825,0.42565684116221403,0.6206367436873094,7.0,0.0,1.8492479307899994,2.0,Greenhouse Garden
Netherlands,1921,T+21,0.9123068566508286,3.665719574653795,0.42288560364032274,0.6163820656376265,7.0,0.0,1.8246137133016571,2.0,Greenhouse Garden
Netherlands,1922,T+22,0.8906202821724751,3.6223050327105253,0.41796049394519946,0.6088205499080687,7.0,0.0,1.7812405643449503,2.0,Greenhouse Garden
Netherlands,1923,T+23,0.9123068566508286,3.665719574653795,0.42288560364032274,0.6163820656376265,7.0,0.0,1.8246137133016571,2.0,Greenhouse Garden
Netherlands,1924,T+24,0.8906202821724751,3.6223050327105253,0.41796049394519946,0.6088205499080687,7.0,0.0,1.7812405643449503,2.0,Greenhouse Garden
Netherlands,1925,T+25,0.8906202821724751,3.6223050327105253,0.41796049394519946,0.6088205499080687,7.0,0.0,1.7812405643449503,2.0,Greenhouse Garden
New Zealand,1900,T+0,0.1609422053112727,1.5761900266148114,0.3784877651954127,0.3651528902748261,6.0,2.0,0.8292354083685881,5.1523800532296224,Deep Ancient Forest
New Zealand,1901,T+1,0.1609422053112727,1.5761900266148114,0.3784877651954127,0.3651528902748261,6.0,2.0,0.8292354083685881,5.1523800532296224,Deep Ancient Forest
New Zealand,1902,T+2,0.1609422053112727,1.5761900266148114,0.3784877651954127,0.3651528902748261,6.0,2.0,0.8292354083685881,5.1523800532296224,Deep Ancient Forest
New Zealand,1903,T+3,0.1609422053112727,1.5761900266148114,0.3784877651954127,0.3651528902748261,6.0,2.0,0.8292354083685881,5.1523800532296224,Deep Ancient Forest
New Zealand,1904,T+4,0.1609422053112727,1.5761900266148114,0.3784877651954127,0.3651528902748261,6.0,2.0,0.8292354083685881,5.1523800532296224,Deep Ancient Forest
New Zealand,1905,T+5,0.1642118792866926,1.5761900266148114,0.38232421814217366,0.36883268667078256,6.0,2.0,0.8460820113401055,5.1523800532296224,Deep Ancient Forest
New Zealand,1906,T+6,0.15802500898815514,1.6770509831248424,0.38232421814217366,0.36883268667078256,6.0,2.0,0.8460820113401055,5.354101966249685,Deep Ancient Forest
New Zealand,1907,T+7,0.15802500898815514,1.6770509831248424,0.38232421814217366,0.36883268667078256,6.0,2.0,0.8460820113401055,5.354101966249685,Deep Ancient Forest
New Zealand,1908,T+8,0.15802500898815514,1.6770509831248424,0.38232421814217366,0.36883268667078256,6.0,2.0,0.8460820113401055,5.354101966249685,Deep Ancient Forest
New Zealand,1909,T+9,0.15802500898815514,1.6770509831248424,0.38232421814217366,0.36883268667078256,6.0,2.0,0.8460820113401055,5.354101966249685,Deep Ancient Forest
New Zealand,1910,T+10,0.15802500898815514,1.6770509831248424,0.38232421814217366,0.36883268667078256,6.0,2.0,0.8460820113401055,5.354101966249685,Deep Ancient Forest
New Zealand,1911,T+11,0.15802500898815514,1.6770509831248424,0.38232421814217366,0.36883268667078256,6.0,2.0,0.8460820113401055,5.354101966249685,Deep Ancient Forest
New Zealand,1912,T+12,0.15802500898815514,1.6770509831248424,0.38232421814217366,0.36883268667078256,6.0,2.0,0.8460820113401055,5.354101966249685,Deep Ancient Forest
New Zealand,1913,T+13,0.12055669539754205,1.5360257159305635,0.37095441368590615,0.35792715334572867,6.0,3.0,0.7966479438697813,6.608077147791691,Young Ancient Forest
New Zealand,1914,T+14,0.12055669539754205,1.5360257159305635,0.37095441368590615,0.35792715334572867,6.0,3.0,0.7966479438697813,6.608077147791691,Young Ancient Forest
New Zealand,1915,T+15,0.13500630657657428,1.248436522214886,0.36601907997381206,0.35319334754682297,6.0,3.0,0.7756530247317539,5.745309566644658,Young Ancient Forest
New Zealand,1916,T+16,0.07587899783091437,1.6007810593582121,0.31754924408294666,0.3250865765685377,5.0,3.0,0.5161549832542605,6.802343178074636,Intermediate/Uncertain
New Zealand,1917,T+17,0.07587899783091437,1.6007810593582121,0.31754924408294666,0.3250865765685377,5.0,3.0,0.5161549832542605,6.802343178074636,Intermediate/Uncertain
New Zealand,1918,T+18,0.05750671442460424,1.6153559979150107,0.3083394556537295,0.31561883125352364,5.0,4.0,0.48658869311388897,8.461423991660043,Intermediate/Uncertain
New Zealand,1919,T+19,0.05750671442460424,1.6153559979150107,0.3083394556537295,0.31561883125352364,5.0,4.0,0.48658869311388897,8.461423991660043,Intermediate/Uncertain
New Zealand,1920,T+20,0.05750671442460424,1.6153559979150107,0.3083394556537295,0.31561883125352364,5.0,4.0,0.48658869311388897,8.461423991660043,Intermediate/Uncertain
New Zealand,1921,T+21,0.05750671442460424,1.6153559979150107,0.3083394556537295,0.31561883125352364,5.0,4.0,0.48658869311388897,8.461423991660043,Intermediate/Uncertain
New Zealand,1922,T+22,0.04491511668616543,1.6007810593582121,0.29632412039650646,0.30326695857325575,5.0,5.0,0.4493265737227189,10.00390529679106,Intermediate/Uncertain
New Zealand,1923,T+23,0.029955253367384662,1.4577379737113252,0.26070207553053365,0.26682282630224435,4.0,5.0,0.27824505846367265,9.288689868556625,Intermediate/Uncertain
New Zealand,1924,T+24,0.028479455354401714,1.479019945774904,0.25566203878248306,0.2616416232077765,4.0,5.0,0.26756732327863353,9.39509972887452,Intermediate/Uncertain
New Zealand,1925,T+25,0.022327774344253145,1.1575161985907585,0.2170219194521273,0.23007366270239388,4.0,6.0,0.1997241115802193,8.945097191544551,Intermediate/Uncertain
New Zealand,1926,T+26,0.01788354192614947,1.4142135623730951,0.2103202572894399,0.22289099904154197,4.0,6.0,0.18751396906366963,10.485281374238571,Intermediate/Uncertain
New Zealand,1927,T+27,0.016990414724624647,1.4361406616345072,0.20630600168354105,0.218588626411302,4.0,6.0,0.180384582113652,10.616843969807043,Intermediate/Uncertain
New Zealand,1928,T+28,0.009344748796794734,1.5,0.17982848775388424,0.19053754691233898,3.0,6.0,0.10279223676474208,11.0,Intermediate/Uncertain
New Zealand,1929,T+29,0.00574955175272943,2.0879116360612584,0.17339772711114612,0.18364522831152943,3.0,7.0,0.09553099555208011,16.615381452428807,Standard Transplant
New Zealand,1930,T+30,0.00574955175272943,2.0879116360612584,0.17339772711114612,0.18364522831152943,3.0,7.0,0.09553099555208011,16.615381452428807,Standard Transplant
New Zealand,1931,T+31,0.00574955175272943,2.0879116360612584,0.17339772711114612,0.18364522831152943,3.0,7.0,0.09553099555208011,16.615381452428807,Standard Transplant
New Zealand,1932,T+32,0.01900586031048977,1.0288798520721456,0.1913814079594345,0.20291966020344712,4.0,6.0,0.15534020108954297,8.173279112432873,Intermediate/Uncertain
New Zealand,1933,T+33,0.016376639175301695,1.3213984069916234,0.19577482913006658,0.2076284124238757,4.0,6.0,0.16259366785932503,9.928390441949741,Intermediate/Uncertain
New Zealand,1934,T+34,0.041705816705071244,0.5266343608235224,0.20141909404816305,0.2136777857786161,5.0,6.0,0.21519393014873156,5.159806164941134,Intermediate/Uncertain
New Zealand,1935,T+35,0.03526161305165424,0.7680128579652817,0.21587563984892302,0.21587563984892302,5.0,6.0,0.23301145940090962,6.608077147791691,Intermediate/Uncertain
New Zealand,1936,T+36,0.05848982139249533,0.9164298936634487,0.2695088305352287,0.28569657329299275,5.0,5.0,0.3849887467805837,6.582149468317244,Intermediate/Uncertain
New Zealand,1937,T+37,0.11752704405025415,0.42847841252506524,0.2766248371743798,0.293323320368067,6.0,5.0,0.4868430944175899,4.142392062625326,Young Ancient Forest
New Zealand,1938,T+38,0.07975526372325152,0.8637671850678283,0.28142007615063785,0.29846273024934006,6.0,5.0,0.5039604256493794,6.318835925339142,Intermediate/Uncertain
New Zealand,1939,T+39,0.10598071050756505,1.1110243021644486,0.30318878189613613,0.3217938513811264,7.0,4.0,0.6829500007533698,6.444097208657794,Young Ancient Forest
New Zealand,1940,T+40,0.10598071050756505,1.1110243021644486,0.30318878189613613,0.3217938513811264,7.0,4.0,0.6829500007533698,6.444097208657794,Young Ancient Forest
New Zealand,1941,T+41,0.10598071050756505,1.1110243021644486,0.30318878189613613,0.3217938513811264,7.0,4.0,0.6829500007533698,6.444097208657794,Young Ancient Forest
New Zealand,1942,T+42,0.11420127395990445,1.0532687216470449,0.3090063135601208,0.3280289274360499,7.0,4.0,0.709541067256659,6.2130748865881795,Young Ancient Forest
New Zealand,1943,T+43,0.14674125657130396,1.224744871391589,0.3448901103176392,0.3448901103176392,7.0,3.0,0.8326443173643934,5.674234614174766,Young Ancient Forest
New Zealand,1944,T+44,0.14674125657130396,1.224744871391589,0.3448901103176392,0.3448901103176392,7.0,3.0,0.8326443173643934,5.674234614174766,Young Ancient Forest
New Zealand,1945,T+45,0.224014571703804,0.982264602843857,0.39201533130145,0.4038303781371706,7.0,3.0,1.1081538963252293,4.946793808531571,Deep Ancient Forest
New Zealand,1946,T+46,0.18097509826450148,1.4017288432503627,0.3946230714527853,0.4065305145261974,7.0,3.0,1.1229842419712641,6.205186529751089,Deep Ancient Forest
New Zealand,1947,T+47,0.18097509826450148,1.4017288432503627,0.3946230714527853,0.4065305145261974,7.0,3.0,1.1229842419712641,6.205186529751089,Deep Ancient Forest
New Zealand,1948,T+48,0.24108708330056267,1.7399263633843818,0.44089081591345197,0.42806895984510474,7.0,2.0,1.3211217108133164,5.479852726768764,Deep Ancient Forest
New Zealand,1949,T+49,0.28629923656079803,1.3905372163304368,0.4487986125318522,0.4357086171804033,7.0,2.0,1.3688179600111587,4.781074432660874,Deep Ancient Forest
New Zealand,1950,T+50,0.28629923656079803,1.3905372163304368,0.4487986125318522,0.4357086171804033,7.0,2.0,1.3688179600111587,4.781074432660874,Deep Ancient Forest
New Zealand,1951,T+51,0.28629923656079803,1.3905372163304368,0.4487986125318522,0.4357086171804033,7.0,2.0,1.3688179600111587,4.781074432660874,Deep Ancient Forest
New Zealand,1952,T+52,0.28629923656079803,1.3905372163304368,0.4487986125318522,0.4357086171804033,7.0,2.0,1.3688179600111587,4.781074432660874,Deep Ancient Forest
New Zealand,1953,T+53,0.28629923656079803,1.3905372163304368,0.4487986125318522,0.4357086171804033,7.0,2.0,1.3688179600111587,4.781074432660874,Deep Ancient Forest
New Zealand,1954,T+54,0.28629923656079803,1.3905372163304368,0.4487986125318522,0.4357086171804033,7.0,2.0,1.3688179600111587,4.781074432660874,Deep Ancient Forest
New Zealand,1955,T+55,0.32936887104935997,1.1575161985907585,0.4573321721271074,0.44395281898579697,7.0,2.0,1.4212373492010895,4.3150323971815165,Deep Ancient Forest
New Zealand,1956,T+56,0.32936887104935997,1.1575161985907585,0.4573321721271074,0.44395281898579697,7.0,2.0,1.4212373492010895,4.3150323971815165,Deep Ancient Forest
New Zealand,1957,T+57,0.32936887104935997,1.1575161985907585,0.4573321721271074,0.44395281898579697,7.0,2.0,1.4212373492010895,4.3150323971815165,Deep Ancient Forest
New Zealand,1958,T+58,0.32936887104935997,1.1575161985907585,0.4573321721271074,0.44395281898579697,7.0,2.0,1.4212373492010895,4.3150323971815165,Deep Ancient Forest
New Zealand,1959,T+59,0.32936887104935997,1.1575161985907585,0.4573321721271074,0.44395281898579697,7.0,2.0,1.4212373492010895,4.3150323971815165,Deep Ancient Forest
New Zealand,1960,T+60,0.32936887104935997,1.1575161985907585,0.4573321721271074,0.44395281898579697,7.0,2.0,1.4212373492010895,4.3150323971815165,Deep Ancient Forest
New Zealand,1961,T+61,0.32936887104935997,1.1575161985907585,0.4573321721271074,0.44395281898579697,7.0,2.0,1.4212373492010895,4.3150323971815165,Deep Ancient Forest
New Zealand,1962,T+62,0.32936887104935997,1.1575161985907585,0.4573321721271074,0.44395281898579697,7.0,2.0,1.4212373492010895,4.3150323971815165,Deep Ancient Forest
New Zealand,1963,T+63,0.34594215901652736,0.9333240326917549,0.44364481156002894,0.4307295724098989,7.0,2.0,1.33763657989585,3.86664806538351,Deep Ancient Forest
New Zealand,1964,T+64,0.34594215901652736,0.9333240326917549,0.44364481156002894,0.4307295724098989,7.0,2.0,1.33763657989585,3.86664806538351,Deep Ancient Forest
New Zealand,1965,T+65,0.3627085597303528,0.49607837082461076,0.4315994350642332,0.41909263315321404,6.0,2.0,1.0852808622510546,2.9921567416492216,Deep Ancient Forest
New Zealand,1966,T+66,0.2044145053432144,0.82915619758885,0.38525877542937886,0.39683442711600403,6.0,3.0,0.9173036726335848,4.48746859276655,Deep Ancient Forest
New Zealand,1967,T+67,0.2044145053432144,0.82915619758885,0.38525877542937886,0.39683442711600403,6.0,3.0,0.9173036726335848,4.48746859276655,Deep Ancient Forest
New Zealand,1968,T+68,0.1849180293153172,0.8926785535678563,0.37415457564338117,0.3853367884813254,6.0,3.0,0.8650531354440818,4.678035660703569,Deep Ancient Forest
New Zealand,1969,T+69,0.1849180293153172,0.8926785535678563,0.37415457564338117,0.3853367884813254,6.0,3.0,0.8650531354440818,4.678035660703569,Deep Ancient Forest
New Zealand,1970,T+70,0.1849180293153172,0.8926785535678563,0.37415457564338117,0.3853367884813254,6.0,3.0,0.8650531354440818,4.678035660703569,Deep Ancient Forest
New Zealand,1971,T+71,0.1849180293153172,0.8926785535678563,0.37415457564338117,0.3853367884813254,6.0,3.0,0.8650531354440818,4.678035660703569,Deep Ancient Forest
New Zealand,1972,T+72,0.09963860108641144,1.5206906325745548,0.3610487381367498,0.37176659102809906,6.0,4.0,0.8053551514325777,8.082762530298218,Young Ancient Forest
New Zealand,1973,T+73,0.06446833976031413,1.6758859597239903,0.33986418509504396,0.3301924980225966,5.0,4.0,0.5611030213247336,8.70354383889596,Intermediate/Uncertain
New Zealand,1974,T+74,0.06446833976031413,1.6758859597239903,0.33986418509504396,0.3301924980225966,5.0,4.0,0.5611030213247336,8.70354383889596,Intermediate/Uncertain
New Zealand,1975,T+75,0.03830441538326609,2.315032397181517,0.29397838232174783,0.29343156298065043,5.0,4.0,0.4313126810359684,11.260129588726068,Standard Transplant
New Zealand,1976,T+76,0.03675651214936448,1.4737282653189494,0.2594095709446328,0.2654941199663881,5.0,5.0,0.344358578744018,9.368641326594748,Intermediate/Uncertain
New Zealand,1977,T+77,0.03675651214936448,1.4737282653189494,0.2594095709446328,0.2654941199663881,5.0,5.0,0.344358578744018,9.368641326594748,Intermediate/Uncertain
New Zealand,1978,T+78,0.02140938855115837,1.7218721642444887,0.24247934938191515,0.23418481685138579,4.0,5.0,0.22713992810098793,10.609360821222444,Intermediate/Uncertain
New Zealand,1979,T+79,0.012189258999224394,2.5487435630129602,0.23355445153759,0.22562435556655375,4.0,6.0,0.2107822904714746,17.29246137807776,Standard Transplant
New Zealand,1980,T+80,0.012189258999224394,2.5487435630129602,0.23355445153759,0.22562435556655375,4.0,6.0,0.2107822904714746,17.29246137807776,Standard Transplant
New Zealand,1981,T+81,0.012189258999224394,2.5487435630129602,0.23355445153759,0.22562435556655375,4.0,6.0,0.2107822904714746,17.29246137807776,Standard Transplant
New Zealand,1982,T+82,0.012189258999224394,2.5487435630129602,0.23355445153759,0.22562435556655375,4.0,6.0,0.2107822904714746,17.29246137807776,Standard Transplant
New Zealand,1983,T+83,0.013656307328390953,2.072890493972125,0.21946932354223808,0.2245880988482863,4.0,6.0,0.19716079251948276,14.437342963832752,Standard Transplant
New Zealand,1984,T+84,0.013656307328390953,2.072890493972125,0.21946932354223808,0.2245880988482863,4.0,6.0,0.19716079251948276,14.437342963832752,Standard Transplant
New Zealand,1985,T+85,0.013746380297735797,1.7036266463048764,0.2030789013554081,0.20682227211558618,4.0,6.0,0.16800495918824998,12.221759877829259,Intermediate/Uncertain
New Zealand,1986,T+86,0.0063738102833721276,1.9803724397193574,0.18727728205710914,0.17995642077619559,3.0,7.0,0.10110524811507418,15.862607078035502,Intermediate/Uncertain
New Zealand,1987,T+87,0.0063738102833721276,1.9803724397193574,0.18727728205710914,0.17995642077619559,3.0,7.0,0.10110524811507418,15.862607078035502,Intermediate/Uncertain
New Zealand,1988,T+88,0.006132172374929158,1.919269066598011,0.17600915375494847,0.1792508400507664,3.0,7.0,0.09464936600159707,15.434883466186077,Intermediate/Uncertain
New Zealand,1989,T+89,0.006132172374929158,1.919269066598011,0.17600915375494847,0.1792508400507664,3.0,7.0,0.09464936600159707,15.434883466186077,Intermediate/Uncertain
New Zealand,1990,T+90,0.006132172374929158,1.919269066598011,0.17600915375494847,0.1792508400507664,3.0,7.0,0.09464936600159707,15.434883466186077,Intermediate/Uncertain
New Zealand,1991,T+91,0.006132172374929158,1.919269066598011,0.17600915375494847,0.1792508400507664,3.0,7.0,0.09464936600159707,15.434883466186077,Intermediate/Uncertain
New Zealand,1992,T+92,0.01348192707671548,1.5699820858850588,0.20019095451638863,0.19226912435588966,4.0,6.0,0.1539621581153431,11.419892515310353,Intermediate/Uncertain
New Zealand,1993,T+93,0.0186153554182579,1.620185174601965,0.23085250037684016,0.23629010698604982,4.0,6.0,0.21819264804816269,11.72111104761179,Intermediate/Uncertain
New Zealand,1994,T+94,0.02661466561705364,1.299038105676658,0.2349876109499676,0.24054103783605627,4.0,5.0,0.2260966552660825,8.49519052838329,Intermediate/Uncertain
New Zealand,1995,T+95,0.022513776826425566,2.0,0.2688151585362814,0.2512556615000593,4.0,5.0,0.2701653219171068,12.0,Intermediate/Uncertain
New Zealand,1996,T+96,0.04116771262681463,1.4947825928876748,0.28388233914675787,0.2747753365311149,5.0,5.0,0.3900193263714524,9.473912964438373,Intermediate/Uncertain
New Zealand,1997,T+97,0.060702173168810915,1.165922381636102,0.28911980991866654,0.27981509513117203,5.0,4.0,0.40450043558349025,6.663689526544408,Intermediate/Uncertain
New Zealand,1998,T+98,0.07721155856041693,1.27322179921646,0.32611559012384467,0.3358642712881426,5.0,4.0,0.5476528751632384,7.09288719686584,Intermediate/Uncertain
New Zealand,1999,T+99,0.13883060804354197,1.248436522214886,0.369991739760486,0.3592984810291524,6.0,3.0,0.7976248205356564,5.745309566644658,Young Ancient Forest
New Zealand,2000,T+100,0.13883060804354197,1.248436522214886,0.369991739760486,0.3592984810291524,6.0,3.0,0.7976248205356564,5.745309566644658,Young Ancient Forest
New Zealand,2001,T+101,0.11951173860250441,1.1021995055342748,0.36254613635117333,0.3521053447553482,6.0,4.0,0.7659265939778963,6.408798022137099,Young Ancient Forest
New Zealand,2002,T+102,0.09311229255959613,1.4128318194321643,0.349622504615856,0.33961993032831544,6.0,4.0,0.7124326239530889,7.651327277728657,Young Ancient Forest
New Zealand,2003,T+103,0.06143076441370077,1.7677669529663689,0.3386897390683564,0.3290578753665437,5.0,4.0,0.5572426297314121,9.071067811865476,Intermediate/Uncertain
New Zealand,2004,T+104,0.028078845332614066,2.524102563288584,0.29069216608731546,0.2824480092339963,5.0,5.0,0.41052711805640235,14.620512816442918,Standard Transplant
New Zealand,2005,T+105,0.025195618255696214,1.8529958850466992,0.2571052306762614,0.2571052306762614,5.0,6.0,0.3305154982054679,13.117975310280196,Intermediate/Uncertain
New Zealand,2006,T+106,0.015003647812225697,2.4206145913796355,0.24895561277746853,0.24895561277746853,4.0,6.0,0.2479155885336194,16.523687548277813,Standard Transplant
New Zealand,2007,T+107,0.011721447324594974,2.9368350311176825,0.23978461030621673,0.23978461030621673,4.0,6.0,0.22998663735881686,19.621010186706094,Standard Transplant
New Zealand,2008,T+108,0.009085954514391124,3.2113081446662823,0.23580527303672802,0.23580527303672802,4.0,7.0,0.2224165071677034,24.479157012663975,Standard Transplant
New Zealand,2009,T+109,0.012424125656424373,2.8034576865007255,0.2417805382625799,0.2417805382625799,4.0,6.0,0.23383131473017144,18.820746119004355,Standard Transplant
New Zealand,2010,T+110,0.024834020570344444,2.0300477211139643,0.2578242325188244,0.2731733312186065,5.0,6.0,0.35215352233023917,14.180286326683785,Standard Transplant
New Zealand,2011,T+111,0.035488238170391935,1.6944302139657448,0.26482051134927137,0.28067175720558396,5.0,5.0,0.37163819132240644,10.472151069828724,Intermediate/Uncertain
New Zealand,2012,T+112,0.05311497649894835,1.695582495781317,0.33847373427549116,0.32884919491105075,5.0,5.0,0.556534075075161,10.477912478906585,Intermediate/Uncertain
New Zealand,2013,T+113,0.07996821940244692,1.340475661845451,0.34815035554717444,0.3381976992095942,5.0,4.0,0.5887182461252829,7.361902647381804,Intermediate/Uncertain
New Zealand,2014,T+114,0.14061309191058413,0.998044963916957,0.3692754324417234,0.38028476974421227,6.0,4.0,0.8425789367897711,5.992179855667828,Young Ancient Forest
New Zealand,2015,T+115,0.1727353769000404,1.0588171466310885,0.38037963222772114,0.3917824083788908,6.0,3.0,0.8941562904747199,5.176451439893265,Deep Ancient Forest
New Zealand,2016,T+116,0.12357774429318896,1.0439558180306292,0.36189719730639286,0.3514784100764667,6.0,4.0,0.7631943091222819,6.175823272122517,Young Ancient Forest
New Zealand,2017,T+117,0.05794865672664808,1.4361406616345072,0.3214367553643429,0.33101965822886026,5.0,5.0,0.5320094245144927,9.180703308172536,Intermediate/Uncertain
New Zealand,2018,T+118,0.04169140129033831,1.3678792892649556,0.2714873199278805,0.2714873199278805,5.0,5.0,0.3685268244081167,8.839396446324777,Intermediate/Uncertain
New Zealand,2019,T+119,0.017860712745695766,1.9525624189766635,0.24032573943771446,0.2548274323058705,4.0,6.0,0.24496636439168984,13.715374513859981,Intermediate/Uncertain
New Zealand,2020,T+120,0.011668155384424742,2.2878756522153907,0.2292396840868136,0.2292396840868136,4.0,7.0,0.21020333104088842,18.015129565507735,Standard Transplant
New Zealand,2021,T+121,0.011668155384424742,2.2878756522153907,0.2292396840868136,0.2292396840868136,4.0,7.0,0.21020333104088842,18.015129565507735,Standard Transplant
New Zealand,2022,T+122,0.011668155384424742,2.2878756522153907,0.2292396840868136,0.2292396840868136,4.0,7.0,0.21020333104088842,18.015129565507735,Standard Transplant
New Zealand,2023,T+123,0.014530724209961685,2.461421083439402,0.24680905270480943,0.24680905270480943,4.0,6.0,0.2436588339881816,16.768526500636412,Standard Transplant
New Zealand,2024,T+124,0.01935662990188993,2.331844763272204,0.24881044842678976,0.24881044842678976,5.0,6.0,0.309533196231701,15.991068579633223,Standard Transplant
New Zealand,2025,T+125,0.01935662990188993,2.331844763272204,0.24881044842678976,0.24881044842678976,5.0,6.0,0.309533196231701,15.991068579633223,Standard Transplant
Nigeria,1950,T+0,0.06214518193378297,2.598076211353316,0.45444381744551116,0.42366185303502724,4.0,4.0,0.7701220391971075,12.392304845413264,Standard Transplant
Nigeria,1951,T+1,0.06214518193378297,2.598076211353316,0.45444381744551116,0.42366185303502724,4.0,4.0,0.7701220391971075,12.392304845413264,Standard Transplant
Nigeria,1952,T+2,0.06214518193378297,2.598076211353316,0.45444381744551116,0.42366185303502724,4.0,4.0,0.7701220391971075,12.392304845413264,Standard Transplant
Nigeria,1953,T+3,0.06214518193378297,2.598076211353316,0.45444381744551116,0.42366185303502724,4.0,4.0,0.7701220391971075,12.392304845413264,Standard Transplant
Nigeria,1954,T+4,0.06214518193378297,2.598076211353316,0.45444381744551116,0.42366185303502724,4.0,4.0,0.7701220391971075,12.392304845413264,Standard Transplant
Nigeria,1955,T+5,0.06214518193378297,2.598076211353316,0.45444381744551116,0.42366185303502724,4.0,4.0,0.7701220391971075,12.392304845413264,Standard Transplant
Nigeria,1956,T+6,0.06214518193378297,2.598076211353316,0.45444381744551116,0.42366185303502724,4.0,4.0,0.7701220391971075,12.392304845413264,Standard Transplant
Nigeria,1957,T+7,0.06214518193378297,2.598076211353316,0.45444381744551116,0.42366185303502724,4.0,4.0,0.7701220391971075,12.392304845413264,Standard Transplant
Nigeria,1958,T+8,0.43852661497819234,1.7677669529663689,0.5128183309364988,0.5369887632831247,6.0,1.0,1.6522660879110398,3.767766952966369,Deep Ancient Forest
Nigeria,1959,T+9,0.8789511646461556,1.5194057226429023,0.5315509290733974,0.5511865477489606,6.0,0.0,1.7579023292923113,2.0,Deep Ancient Forest
Nigeria,1960,T+10,0.3957847269353368,2.179449471770337,0.5649834044596246,0.5855613651189542,5.0,1.0,1.6541622679246601,4.1794494717703365,Greenhouse Garden
Nigeria,1961,T+11,0.20025960624190917,2.042516829796024,0.5174251068961206,0.47101944934547324,5.0,2.0,1.218586444638667,6.085033659592048,Greenhouse Garden
Nigeria,1962,T+12,0.11741186619253856,2.3443749166888814,0.5109894410323802,0.4151146576776821,5.0,3.0,1.0605960344553331,9.033124750066644,Intermediate/Uncertain
Nigeria,1963,T+13,0.043088046638496996,2.091650066335189,0.3739848867389931,0.29859265143740743,4.0,4.0,0.44667655571565784,10.366600265340756,Standard Transplant
Nigeria,1964,T+14,0.02393853767702349,2.3443749166888814,0.3205977356621621,0.2561477945537649,4.0,5.0,0.3284816117151749,13.721874583444407,Standard Transplant
Nigeria,1965,T+15,0.0058784085408060014,1.9324531042175384,0.19765883981499255,0.15392693625511686,3.0,7.0,0.09127505890938814,15.527171729522768,Intermediate/Uncertain
Nigeria,1966,T+16,0.0011248809131202716,1.984313483298443,0.11869550348975556,0.0941013283424639,2.0,9.0,0.022338809093327118,19.858821349685986,Ruptured
Nigeria,1967,T+17,0.0007655938497983125,1.709349291397168,0.0988705256508102,0.07392425927688286,2.0,10.0,0.01461786074610438,19.09349291397168,Ruptured
Nigeria,1968,T+18,0.0007655938497983125,1.709349291397168,0.0988705256508102,0.07392425927688286,2.0,10.0,0.01461786074610438,19.09349291397168,Ruptured
Nigeria,1969,T+19,0.0007655938497983125,1.709349291397168,0.0988705256508102,0.07392425927688286,2.0,10.0,0.01461786074610438,19.09349291397168,Ruptured
Nigeria,1970,T+20,0.0007655938497983125,1.709349291397168,0.0988705256508102,0.07392425927688286,2.0,10.0,0.01461786074610438,19.09349291397168,Ruptured
Nigeria,1971,T+21,0.0007655938497983125,1.709349291397168,0.0988705256508102,0.07392425927688286,2.0,10.0,0.01461786074610438,19.09349291397168,Ruptured
Nigeria,1972,T+22,0.0007655938497983125,1.709349291397168,0.0988705256508102,0.07392425927688286,2.0,10.0,0.01461786074610438,19.09349291397168,Ruptured
Nigeria,1973,T+23,0.0007655938497983125,1.709349291397168,0.0988705256508102,0.07392425927688286,2.0,10.0,0.01461786074610438,19.09349291397168,Ruptured
Nigeria,1974,T+24,0.0007655938497983125,1.709349291397168,0.0988705256508102,0.07392425927688286,2.0,10.0,0.01461786074610438,19.09349291397168,Ruptured
Nigeria,1975,T+25,0.0007655938497983125,1.709349291397168,0.0988705256508102,0.07392425927688286,2.0,10.0,0.01461786074610438,19.09349291397168,Ruptured
Nigeria,1976,T+26,0.0007655938497983125,1.709349291397168,0.0988705256508102,0.07392425927688286,2.0,10.0,0.01461786074610438,19.09349291397168,Ruptured
Nigeria,1977,T+27,0.0007655938497983125,1.709349291397168,0.0988705256508102,0.07392425927688286,2.0,10.0,0.01461786074610438,19.09349291397168,Ruptured
Nigeria,1978,T+28,0.0007655938497983125,1.709349291397168,0.0988705256508102,0.07392425927688286,2.0,10.0,0.01461786074610438,19.09349291397168,Ruptured
Nigeria,1979,T+29,0.0007655938497983125,1.709349291397168,0.0988705256508102,0.07392425927688286,2.0,10.0,0.01461786074610438,19.09349291397168,Ruptured
Nigeria,1980,T+30,0.0007655938497983125,1.709349291397168,0.0988705256508102,0.07392425927688286,2.0,10.0,0.01461786074610438,19.09349291397168,Ruptured
Nigeria,1981,T+31,0.0007655938497983125,1.709349291397168,0.0988705256508102,0.07392425927688286,2.0,10.0,0.01461786074610438,19.09349291397168,Ruptured
Nigeria,1982,T+32,0.0007655938497983125,1.709349291397168,0.0988705256508102,0.07392425927688286,2.0,10.0,0.01461786074610438,19.09349291397168,Ruptured
Nigeria,1983,T+33,0.0007655938497983125,1.709349291397168,0.0988705256508102,0.07392425927688286,2.0,10.0,0.01461786074610438,19.09349291397168,Ruptured
Nigeria,1984,T+34,0.0007655938497983125,1.709349291397168,0.0988705256508102,0.07392425927688286,2.0,10.0,0.01461786074610438,19.09349291397168,Ruptured
Nigeria,1985,T+35,0.0007655938497983125,1.709349291397168,0.0988705256508102,0.07392425927688286,2.0,10.0,0.01461786074610438,19.09349291397168,Ruptured
Nigeria,1986,T+36,0.0007655938497983125,1.709349291397168,0.0988705256508102,0.07392425927688286,2.0,10.0,0.01461786074610438,19.09349291397168,Ruptured
Nigeria,1987,T+37,0.0007655938497983125,1.709349291397168,0.0988705256508102,0.07392425927688286,2.0,10.0,0.01461786074610438,19.09349291397168,Ruptured
Nigeria,1988,T+38,0.0007655938497983125,1.709349291397168,0.0988705256508102,0.07392425927688286,2.0,10.0,0.01461786074610438,19.09349291397168,Ruptured
Nigeria,1989,T+39,0.0007655938497983125,1.709349291397168,0.0988705256508102,0.07392425927688286,2.0,10.0,0.01461786074610438,19.09349291397168,Ruptured
Nigeria,1990,T+40,0.0007655938497983125,1.709349291397168,0.0988705256508102,0.07392425927688286,2.0,10.0,0.01461786074610438,19.09349291397168,Ruptured
Nigeria,1991,T+41,0.0007655938497983125,1.709349291397168,0.0988705256508102,0.07392425927688286,2.0,10.0,0.01461786074610438,19.09349291397168,Ruptured
Nigeria,1992,T+42,0.0007655938497983125,1.709349291397168,0.0988705256508102,0.07392425927688286,2.0,10.0,0.01461786074610438,19.09349291397168,Ruptured
Nigeria,1993,T+43,0.0007655938497983125,1.709349291397168,0.0988705256508102,0.07392425927688286,2.0,10.0,0.01461786074610438,19.09349291397168,Ruptured
Nigeria,1994,T+44,0.0007655938497983125,1.709349291397168,0.0988705256508102,0.07392425927688286,2.0,10.0,0.01461786074610438,19.09349291397168,Ruptured
Nigeria,1995,T+45,0.0007655938497983125,1.709349291397168,0.0988705256508102,0.07392425927688286,2.0,10.0,0.01461786074610438,19.09349291397168,Ruptured
Nigeria,1996,T+46,0.0007655938497983125,1.709349291397168,0.0988705256508102,0.07392425927688286,2.0,10.0,0.01461786074610438,19.09349291397168,Ruptured
Nigeria,1997,T+47,0.0007655938497983125,1.709349291397168,0.0988705256508102,0.07392425927688286,2.0,10.0,0.01461786074610438,19.09349291397168,Ruptured
Nigeria,1998,T+48,0.0007655938497983125,1.709349291397168,0.0988705256508102,0.07392425927688286,2.0,10.0,0.01461786074610438,19.09349291397168,Ruptured
Nigeria,1999,T+49,0.0007655938497983125,1.709349291397168,0.0988705256508102,0.07392425927688286,2.0,10.0,0.01461786074610438,19.09349291397168,Ruptured
Nigeria,2000,T+50,0.0007655938497983125,1.709349291397168,0.0988705256508102,0.07392425927688286,2.0,10.0,0.01461786074610438,19.09349291397168,Ruptured
Nigeria,2001,T+51,0.0007655938497983125,1.709349291397168,0.0988705256508102,0.07392425927688286,2.0,10.0,0.01461786074610438,19.09349291397168,Ruptured
Nigeria,2002,T+52,0.0007655938497983125,1.709349291397168,0.0988705256508102,0.07392425927688286,2.0,10.0,0.01461786074610438,19.09349291397168,Ruptured
Nigeria,2003,T+53,0.0007655938497983125,1.709349291397168,0.0988705256508102,0.07392425927688286,2.0,10.0,0.01461786074610438,19.09349291397168,Ruptured
Nigeria,2004,T+54,0.0007655938497983125,1.709349291397168,0.0988705256508102,0.07392425927688286,2.0,10.0,0.01461786074610438,19.09349291397168,Ruptured
Nigeria,2005,T+55,0.0007655938497983125,1.709349291397168,0.0988705256508102,0.07392425927688286,2.0,10.0,0.01461786074610438,19.09349291397168,Ruptured
Nigeria,2006,T+56,0.0007655938497983125,1.709349291397168,0.0988705256508102,0.07392425927688286,2.0,10.0,0.01461786074610438,19.09349291397168,Ruptured
Nigeria,2007,T+57,0.0007655938497983125,1.709349291397168,0.0988705256508102,0.07392425927688286,2.0,10.0,0.01461786074610438,19.09349291397168,Ruptured
Nigeria,2008,T+58,0.0007655938497983125,1.709349291397168,0.0988705256508102,0.07392425927688286,2.0,10.0,0.01461786074610438,19.09349291397168,Ruptured
Nigeria,2009,T+59,0.0007655938497983125,1.709349291397168,0.0988705256508102,0.07392425927688286,2.0,10.0,0.01461786074610438,19.09349291397168,Ruptured
Nigeria,2010,T+60,0.0007655938497983125,1.709349291397168,0.0988705256508102,0.07392425927688286,2.0,10.0,0.01461786074610438,19.09349291397168,Ruptured
Nigeria,2011,T+61,0.0007655938497983125,1.709349291397168,0.0988705256508102,0.07392425927688286,2.0,10.0,0.01461786074610438,19.09349291397168,Ruptured
Nigeria,2012,T+62,0.0007655938497983125,1.709349291397168,0.0988705256508102,0.07392425927688286,2.0,10.0,0.01461786074610438,19.09349291397168,Ruptured
Nigeria,2013,T+63,0.0007655938497983125,1.709349291397168,0.0988705256508102,0.07392425927688286,2.0,10.0,0.01461786074610438,19.09349291397168,Ruptured
Nigeria,2014,T+64,0.0007655938497983125,1.709349291397168,0.0988705256508102,0.07392425927688286,2.0,10.0,0.01461786074610438,19.09349291397168,Ruptured
Nigeria,2015,T+65,0.0007655938497983125,1.709349291397168,0.0988705256508102,0.07392425927688286,2.0,10.0,0.01461786074610438,19.09349291397168,Ruptured
Nigeria,2016,T+66,0.0007655938497983125,1.709349291397168,0.0988705256508102,0.07392425927688286,2.0,10.0,0.01461786074610438,19.09349291397168,Ruptured
Nigeria,2017,T+67,0.0007655938497983125,1.709349291397168,0.0988705256508102,0.07392425927688286,2.0,10.0,0.01461786074610438,19.09349291397168,Ruptured
Nigeria,2018,T+68,0.0007655938497983125,1.709349291397168,0.0988705256508102,0.07392425927688286,2.0,10.0,0.01461786074610438,19.09349291397168,Ruptured
Nigeria,2019,T+69,0.0007655938497983125,1.709349291397168,0.0988705256508102,0.07392425927688286,2.0,10.0,0.01461786074610438,19.09349291397168,Ruptured
Nigeria,2020,T+70,0.0007655938497983125,1.709349291397168,0.0988705256508102,0.07392425927688286,2.0,10.0,0.01461786074610438,19.09349291397168,Ruptured
Nigeria,2021,T+71,0.0007655938497983125,1.709349291397168,0.0988705256508102,0.07392425927688286,2.0,10.0,0.01461786074610438,19.09349291397168,Ruptured
Nigeria,2022,T+72,0.0007655938497983125,1.709349291397168,0.0988705256508102,0.07392425927688286,2.0,10.0,0.01461786074610438,19.09349291397168,Ruptured
Nigeria,2023,T+73,0.0007655938497983125,1.709349291397168,0.0988705256508102,0.07392425927688286,2.0,10.0,0.01461786074610438,19.09349291397168,Ruptured
Nigeria,2024,T+74,0.0007655938497983125,1.709349291397168,0.0988705256508102,0.07392425927688286,2.0,10.0,0.01461786074610438,19.09349291397168,Ruptured
Norway,1900,T+0,0.0381255682198758,2.500218740430525,0.358948866925068,0.33194542798800786,4.8,5.2,0.5719268892348104,15.001137450238732,Standard Transplant
Norway,1901,T+1,0.03934863842899057,2.466240813464898,0.3625359408222483,0.3352092998603802,4.8,5.2,0.5833220107068005,14.82445223001747,Standard Transplant
Norway,1902,T+2,0.03934863842899057,2.466240813464898,0.3625359408222483,0.3352092998603802,4.8,5.2,0.5833220107068005,14.82445223001747,Standard Transplant
Norway,1903,T+3,0.03934863842899057,2.466240813464898,0.3625359408222483,0.3352092998603802,4.8,5.2,0.5833220107068005,14.82445223001747,Standard Transplant
Norway,1904,T+4,0.03934863842899057,2.466240813464898,0.3625359408222483,0.3352092998603802,4.8,5.2,0.5833220107068005,14.82445223001747,Standard Transplant
Norway,1905,T+5,0.14735054587536595,2.5044647631779524,0.5004758982296218,0.466823626155668,6.0,3.0,1.4018038416904028,9.513394289533856,Intermediate/Uncertain
Norway,1906,T+6,0.11221653851344576,2.038994850410368,0.4257693674734843,0.4461213592501413,6.0,4.0,1.1396688536660622,10.155979401641472,Intermediate/Uncertain
Norway,1907,T+7,0.10080252887178513,2.455319480230628,0.43532246942747005,0.4562191603588264,6.0,4.0,1.1916147089251876,11.821277920922512,Intermediate/Uncertain
Norway,1908,T+8,0.11221653851344576,2.038994850410368,0.4257693674734843,0.4461213592501413,6.0,4.0,1.1396688536660622,10.155979401641472,Intermediate/Uncertain
Norway,1909,T+9,0.1098423126354511,2.166794868002045,0.4316865574680019,0.45237593582377567,6.0,4.0,1.1717076625027887,10.66717947200818,Intermediate/Uncertain
Norway,1910,T+10,0.11221653851344576,2.038994850410368,0.4257693674734843,0.4461213592501413,6.0,4.0,1.1396688536660622,10.155979401641472,Intermediate/Uncertain
Norway,1911,T+11,0.11221653851344576,2.038994850410368,0.4257693674734843,0.4461213592501413,6.0,4.0,1.1396688536660622,10.155979401641472,Intermediate/Uncertain
Norway,1912,T+12,0.11221653851344576,2.038994850410368,0.4257693674734843,0.4461213592501413,6.0,4.0,1.1396688536660622,10.155979401641472,Intermediate/Uncertain
Norway,1913,T+13,0.10898705457546896,2.203087322372856,0.4382579194244203,0.44814025785336536,6.0,4.0,1.178406102102835,10.812349289491424,Intermediate/Uncertain
Norway,1914,T+14,0.026214054909564143,2.1716569135109722,0.2862826176725638,0.27524948212037714,5.0,6.0,0.39399571127219557,15.029941481065833,Standard Transplant
Norway,1915,T+15,0.024174660087936492,2.382980014603564,0.2862826176725638,0.27524948212037714,5.0,6.0,0.39399571127219557,16.297880087621383,Standard Transplant
Norway,1916,T+16,0.021055503917120705,2.3882197867868027,0.2863232906291646,0.27528826208840795,5.0,7.0,0.3941072053636843,18.71753850750762,Standard Transplant
Norway,1917,T+17,0.019034421581733154,2.6238985784515383,0.28396902733783463,0.2730435702144,5.0,7.0,0.38767958527316465,20.36729004916077,Standard Transplant
Norway,1918,T+18,0.02778729648342321,2.0730035576428714,0.2888966953291302,0.27774189615721395,5.0,6.0,0.4011935797713278,14.438021345857228,Standard Transplant
Norway,1919,T+19,0.03744450834750095,1.9195946837809281,0.288033519814021,0.3015485230876444,5.0,5.0,0.434280412498269,11.59797341890464,Intermediate/Uncertain
Norway,1920,T+20,0.03763591451510059,1.9065266192739094,0.2879545593957603,0.3014650605010526,5.0,5.0,0.4340411933489841,11.532633096369548,Intermediate/Uncertain
Norway,1921,T+21,0.03029284512217623,2.2687758262992848,0.2779361809934996,0.29087545379269253,5.0,5.0,0.40422406385946064,13.343879131496424,Standard Transplant
Norway,1922,T+22,0.03155253799071092,2.259113487631819,0.2831162994589568,0.2963509324629259,5.0,5.0,0.41950889670057395,13.295567438159095,Standard Transplant
Norway,1923,T+23,0.045024771902508864,1.6038527831443887,0.2935366428007025,0.30736542336399486,5.0,5.0,0.4511150724364183,10.019263915721943,Intermediate/Uncertain
Norway,1924,T+24,0.045024771902508864,1.6038527831443887,0.2935366428007025,0.30736542336399486,5.0,5.0,0.4511150724364183,10.019263915721943,Intermediate/Uncertain
Norway,1925,T+25,0.04361619674706586,1.711313457552415,0.2965398779109422,0.3105398970555656,5.0,5.0,0.46043731579667,10.556567287762075,Intermediate/Uncertain
Norway,1926,T+26,0.04484735910507076,1.6518455587614724,0.2964315088686616,0.3104253490228365,5.0,5.0,0.46009927300960163,10.259227793807362,Intermediate/Uncertain
Norway,1927,T+27,0.045024771902508864,1.6038527831443887,0.2935366428007025,0.30736542336399486,5.0,5.0,0.4511150724364183,10.019263915721943,Intermediate/Uncertain
Norway,1928,T+28,0.045024771902508864,1.6038527831443887,0.2935366428007025,0.30736542336399486,5.0,5.0,0.4511150724364183,10.019263915721943,Intermediate/Uncertain
Norway,1929,T+29,0.0033953221657971712,3.675510168670466,0.1843622936231397,0.19278521546991148,3.0,8.0,0.10662697350199221,31.40408134936373,Ruptured
Norway,1930,T+30,0.002972442945120353,3.7695324643780426,0.1845001583765724,0.19293094100144742,3.0,9.0,0.10678736751152458,35.925792179402386,Ruptured
Norway,1931,T+31,0.001798265807980937,3.8645019083964756,0.17787132307585618,0.1859241425006802,2.0,9.0,0.06614114643668002,36.78051717556828,Ruptured
Norway,1932,T+32,0.0038733117375008377,3.2461515676258865,0.18582382722594973,0.19433008285496833,3.0,8.0,0.1083334792237384,27.969212541007092,Ruptured
Norway,1933,T+33,0.004672840988910443,2.8034576865007255,0.19071796679111636,0.19950327666837472,3.0,8.0,0.11414657788307396,24.427661492005804,Ruptured
Norway,1934,T+34,0.05979232038974224,2.078460969082653,0.3132074021627461,0.3281577708812166,6.0,4.0,0.616688657503341,10.313843876330612,Standard Transplant
Norway,1935,T+35,0.07981069175013628,2.6083699411701557,0.32692202028994366,0.34265436966107454,7.0,3.0,0.7841488115354297,9.825109823510466,Standard Transplant
Norway,1936,T+36,0.0795759361328051,2.5282157740192983,0.32244043088245666,0.337917248806972,7.0,3.0,0.7627072831555405,9.584647322057895,Standard Transplant
Norway,1937,T+37,0.05979232038974224,2.078460969082653,0.3132074021627461,0.3281577708812166,6.0,4.0,0.616688657503341,10.313843876330612,Standard Transplant
Norway,1938,T+38,0.05308526135015123,2.3594225988576105,0.31079222084987473,0.3256048806622848,6.0,4.0,0.6071727838835396,11.437690395430442,Standard Transplant
Norway,1939,T+39,0.04732249270342496,2.596512083545925,0.3053855772075,0.3198899607934082,6.0,4.0,0.586138681918677,12.3860483341837,Standard Transplant
Norway,1940,T+40,0.002236385503636541,4.073389252207551,0.13956635037617227,0.12223657698199823,4.0,7.0,0.06824045172741408,30.51372476545286,Ruptured
Norway,1941,T+41,0.0041905656235008085,4.528641490557626,0.1938722199423603,0.18210978956838217,4.0,7.0,0.14122411670743337,33.70049043390338,Ruptured
Norway,1942,T+42,0.004522426182541579,5.055628051983255,0.2244357197562127,0.18835101788734734,4.0,7.0,0.1690907850654484,37.38939636388278,Ruptured
Norway,1943,T+43,0.0036247885693531825,4.518970430308213,0.19183220905747003,0.18022530823471633,4.0,8.0,0.13829207602691632,38.15176344246571,Ruptured
Norway,1944,T+44,0.004690185783221839,4.199981398768332,0.19801376631872464,0.18593558623279063,4.0,7.0,0.1472712228905395,31.399869791378325,Ruptured
Norway,1945,T+45,0.15389238424034152,1.973575435599055,0.4402640846095524,0.46144253675579944,6.0,3.0,1.2189394562682105,7.920726306797165,Deep Ancient Forest
Norway,1946,T+46,0.14735686182232888,1.8055037385727006,0.4169753429341572,0.436825916662933,6.0,3.0,1.0928738184183246,7.416511215718102,Young Ancient Forest
Norway,1947,T+47,0.14735686182232888,1.8055037385727006,0.4169753429341572,0.436825916662933,6.0,3.0,1.0928738184183246,7.416511215718102,Young Ancient Forest
Norway,1948,T+48,0.1404399424015389,2.0365028234696845,0.42562614992646924,0.4459699757192214,6.0,3.0,1.1388989024890392,8.109508470409054,Intermediate/Uncertain
Norway,1949,T+49,0.18860827941269448,1.3289446000492269,0.42381163416062034,0.44405199981983606,6.0,3.0,1.1291664221756172,5.98683380014768,Deep Ancient Forest
Norway,1950,T+50,0.203948384635304,1.6959049943909004,0.43735647899791535,0.44956873882273696,7.0,2.8,1.3763526047533194,6.748533984294521,Deep Ancient Forest
Norway,1951,T+51,0.203948384635304,1.6959049943909004,0.43735647899791535,0.44956873882273696,7.0,2.8,1.3763526047533194,6.748533984294521,Deep Ancient Forest
Norway,1952,T+52,0.23262639944990757,1.4343443624178955,0.4410122652195471,0.453346192759072,7.0,2.8,1.3995186197813505,6.016164214770107,Deep Ancient Forest
Norway,1953,T+53,0.23262639944990757,1.4343443624178955,0.4410122652195471,0.453346192759072,7.0,2.8,1.3995186197813505,6.016164214770107,Deep Ancient Forest
Norway,1954,T+54,0.23262639944990757,1.4343443624178955,0.4410122652195471,0.453346192759072,7.0,2.8,1.3995186197813505,6.016164214770107,Deep Ancient Forest
Norway,1955,T+55,0.21771692966439538,1.5814846663815616,0.4410122652195471,0.453346192759072,7.0,2.8,1.3995186197813505,6.428157065868372,Deep Ancient Forest
Norway,1956,T+56,0.23262639944990757,1.4343443624178955,0.4410122652195471,0.453346192759072,7.0,2.8,1.3995186197813505,6.016164214770107,Deep Ancient Forest
Norway,1957,T+57,0.23262639944990757,1.4343443624178955,0.4410122652195471,0.453346192759072,7.0,2.8,1.3995186197813505,6.016164214770107,Deep Ancient Forest
Norway,1958,T+58,0.23262639944990757,1.4343443624178955,0.4410122652195471,0.453346192759072,7.0,2.8,1.3995186197813505,6.016164214770107,Deep Ancient Forest
Norway,1959,T+59,0.23262639944990757,1.4343443624178955,0.4410122652195471,0.453346192759072,7.0,2.8,1.3995186197813505,6.016164214770107,Deep Ancient Forest
Norway,1960,T+60,0.23262639944990757,1.4343443624178955,0.4410122652195471,0.453346192759072,7.0,2.8,1.3995186197813505,6.016164214770107,Deep Ancient Forest
Norway,1961,T+61,0.23262639944990757,1.4343443624178955,0.4410122652195471,0.453346192759072,7.0,2.8,1.3995186197813505,6.016164214770107,Deep Ancient Forest
Norway,1962,T+62,0.23262639944990757,1.4343443624178955,0.4410122652195471,0.453346192759072,7.0,2.8,1.3995186197813505,6.016164214770107,Deep Ancient Forest
Norway,1963,T+63,0.23262639944990757,1.4343443624178955,0.4410122652195471,0.453346192759072,7.0,2.8,1.3995186197813505,6.016164214770107,Deep Ancient Forest
Norway,1964,T+64,0.23262639944990757,1.4343443624178955,0.4410122652195471,0.453346192759072,7.0,2.8,1.3995186197813505,6.016164214770107,Deep Ancient Forest
Norway,1965,T+65,0.1558910262432614,1.550352782433727,0.39819270468230095,0.4339776106612487,6.0,3.0,1.0368403113645912,6.6510583473011815,Deep Ancient Forest
Norway,1966,T+66,0.16868567314448707,1.4110612141221937,0.4009654605710636,0.4370487743293053,6.0,3.0,1.0514487785458124,6.233183642366581,Deep Ancient Forest
Norway,1967,T+67,0.16868567314448707,1.4110612141221937,0.4009654605710636,0.4370487743293053,6.0,3.0,1.0514487785458124,6.233183642366581,Deep Ancient Forest
Norway,1968,T+68,0.16868567314448707,1.4110612141221937,0.4009654605710636,0.4370487743293053,6.0,3.0,1.0514487785458124,6.233183642366581,Deep Ancient Forest
Norway,1969,T+69,0.1531334156392084,1.644498403769368,0.4029090807635117,0.43920156958392526,6.0,3.0,1.061749804025705,6.933495211308104,Deep Ancient Forest
Norway,1970,T+70,0.16673034090756647,1.4560219778561034,0.4029090807635117,0.43920156958392526,6.0,3.0,1.061749804025705,6.36806593356831,Deep Ancient Forest
Norway,1971,T+71,0.16868567314448707,1.4110612141221937,0.4009654605710636,0.4370487743293053,6.0,3.0,1.0514487785458124,6.233183642366581,Deep Ancient Forest
Norway,1972,T+72,0.053577690799027106,3.0388885715011007,0.28470006227710415,0.3486741295406353,6.0,3.0,0.5956052783678036,11.116665714503302,Standard Transplant
Norway,1973,T+73,0.07052479199114228,2.4642126024351065,0.3091931786486787,0.3570657835463954,6.0,3.0,0.6624138276083464,9.39263780730532,Standard Transplant
Norway,1974,T+74,0.13663574810878773,3.21898664178651,0.4658244751323259,0.4884603306621651,7.0,3.0,1.592757440075658,11.65695992535953,Intermediate/Uncertain
Norway,1975,T+75,0.16375349373982645,2.4133741939450664,0.45407416005489026,0.4760400356430353,7.0,3.0,1.513102355359779,9.240122581835198,Greenhouse Garden
Norway,1976,T+76,0.18064769510888617,2.0316249653910043,0.44642099360785314,0.467950500641098,7.0,3.0,1.4623204921884392,8.094874896173014,Greenhouse Garden
Norway,1977,T+77,0.18064769510888617,2.0316249653910043,0.44642099360785314,0.467950500641098,7.0,3.0,1.4623204921884392,8.094874896173014,Greenhouse Garden
Norway,1978,T+78,0.18064769510888617,2.0316249653910043,0.44642099360785314,0.467950500641098,7.0,3.0,1.4623204921884392,8.094874896173014,Greenhouse Garden
Norway,1979,T+79,0.18064769510888617,2.0316249653910043,0.44642099360785314,0.467950500641098,7.0,3.0,1.4623204921884392,8.094874896173014,Greenhouse Garden
Norway,1980,T+80,0.18064769510888617,2.0316249653910043,0.44642099360785314,0.467950500641098,7.0,3.0,1.4623204921884392,8.094874896173014,Greenhouse Garden
Norway,1981,T+81,0.17571967990950196,2.073493428974396,0.4437039314467985,0.46507851691953656,7.0,3.0,1.4445001647205133,8.220480286923188,Greenhouse Garden
Norway,1982,T+82,0.18064769510888617,2.0316249653910043,0.44642099360785314,0.467950500641098,7.0,3.0,1.4623204921884392,8.094874896173014,Greenhouse Garden
Norway,1983,T+83,0.18064769510888617,2.0316249653910043,0.44642099360785314,0.467950500641098,7.0,3.0,1.4623204921884392,8.094874896173014,Greenhouse Garden
Norway,1984,T+84,0.18064769510888617,2.0316249653910043,0.44642099360785314,0.467950500641098,7.0,3.0,1.4623204921884392,8.094874896173014,Greenhouse Garden
Norway,1985,T+85,0.18064769510888617,2.0316249653910043,0.44642099360785314,0.467950500641098,7.0,3.0,1.4623204921884392,8.094874896173014,Greenhouse Garden
Norway,1986,T+86,0.02101636549486285,3.0399167340570368,0.2953377565742911,0.30906586922472085,4.8,6.2,0.43813833816245906,20.84748375115363,Standard Transplant
Norway,1987,T+87,0.030559252557966658,2.2059224261065937,0.3087573471225965,0.3232506185312266,4.8,6.2,0.47906881648051175,15.676719041860881,Standard Transplant
Norway,1988,T+88,0.022686746894919448,2.8674629465783865,0.2988600375284432,0.31278898373718533,4.8,6.2,0.44870461160725833,19.778270268785995,Standard Transplant
Norway,1989,T+89,0.011943339987689032,3.651690533164058,0.2915189853473586,0.3050293591450764,3.8,7.2,0.3379030272606853,28.29217183878122,Failed Transplant
Norway,1990,T+90,0.012656316061336246,3.4897841981990814,0.29383494992549314,0.3074773754854657,3.8,7.2,0.34332087707017667,27.126446227033387,Standard Transplant
Norway,1991,T+91,0.027687865609038385,2.3685108718348755,0.3032224297128057,0.31740011097606047,4.8,6.2,0.46196559763812106,16.684767405376228,Standard Transplant
Norway,1992,T+92,0.030559252557966658,2.2059224261065937,0.3087573471225965,0.3232506185312266,4.8,6.2,0.47906881648051175,15.676719041860881,Standard Transplant
Norway,1993,T+93,0.1595479328216856,2.3921420839908314,0.44668834081705555,0.46823309146431863,7.0,3.0,1.4640798391928598,9.176426251972494,Greenhouse Garden
Norway,1994,T+94,0.1459171311695992,2.2410586226156597,0.4044190019285905,0.44962589762954497,7.0,3.0,1.2728607973241102,8.72317586784698,Intermediate/Uncertain
Norway,1995,T+95,0.1650266122706871,2.170217443022703,0.43754095205263427,0.4585641365162969,7.0,3.0,1.4044841220797428,8.510652329068108,Greenhouse Garden
Norway,1996,T+96,0.15032677135608366,2.4738633753705956,0.4393724405328544,0.46050005288096996,7.0,3.0,1.416317224698742,9.421590126111788,Greenhouse Garden
Norway,1997,T+97,0.1650266122706871,2.170217443022703,0.43754095205263427,0.4585641365162969,7.0,3.0,1.4044841220797428,8.510652329068108,Greenhouse Garden
Norway,1998,T+98,0.16642412950669513,2.089519980761131,0.433114150083077,0.45388492697248234,7.0,3.0,1.376087890668443,8.268559942283392,Greenhouse Garden
Norway,1999,T+99,0.1650266122706871,2.170217443022703,0.43754095205263427,0.4585641365162969,7.0,3.0,1.4044841220797428,8.510652329068108,Greenhouse Garden
Norway,2000,T+100,0.1650266122706871,2.170217443022703,0.43754095205263427,0.4585641365162969,7.0,3.0,1.4044841220797428,8.510652329068108,Greenhouse Garden
Norway,2001,T+101,0.1011558000620908,3.0610455730027937,0.3801252602006836,0.42513773389097004,7.0,3.0,1.1312391420150378,11.183136719008381,Intermediate/Uncertain
Norway,2002,T+102,0.11074449411822736,2.789153097268058,0.38292695926200043,0.42833197849641785,7.0,3.0,1.148139034562169,10.367459291804174,Intermediate/Uncertain
Norway,2003,T+103,0.11074449411822736,2.789153097268058,0.38292695926200043,0.42833197849641785,7.0,3.0,1.148139034562169,10.367459291804174,Intermediate/Uncertain
Norway,2004,T+104,0.11074449411822736,2.789153097268058,0.38292695926200043,0.42833197849641785,7.0,3.0,1.148139034562169,10.367459291804174,Intermediate/Uncertain
Norway,2005,T+105,0.11074449411822736,2.789153097268058,0.38292695926200043,0.42833197849641785,7.0,3.0,1.148139034562169,10.367459291804174,Intermediate/Uncertain
Norway,2006,T+106,0.11074449411822736,2.789153097268058,0.38292695926200043,0.42833197849641785,7.0,3.0,1.148139034562169,10.367459291804174,Intermediate/Uncertain
Norway,2007,T+107,0.11074449411822736,2.789153097268058,0.38292695926200043,0.42833197849641785,7.0,3.0,1.148139034562169,10.367459291804174,Intermediate/Uncertain
Norway,2008,T+108,0.11074449411822736,2.789153097268058,0.38292695926200043,0.42833197849641785,7.0,3.0,1.148139034562169,10.367459291804174,Intermediate/Uncertain
Norway,2009,T+109,0.11074449411822736,2.789153097268058,0.38292695926200043,0.42833197849641785,7.0,3.0,1.148139034562169,10.367459291804174,Intermediate/Uncertain
Norway,2010,T+110,0.11074449411822736,2.789153097268058,0.38292695926200043,0.42833197849641785,7.0,3.0,1.148139034562169,10.367459291804174,Intermediate/Uncertain
Norway,2011,T+111,0.06436261825759507,3.8476453838679054,0.3072617001627521,0.40526590160344395,7.0,3.0,0.8716588296126536,13.542936151603715,Standard Transplant
Norway,2012,T+112,0.10080163851810348,2.9162261572107195,0.3609300533037314,0.4288462115056196,7.0,3.0,1.0834844018447858,10.748678471632159,Intermediate/Uncertain
Norway,2013,T+113,0.11074449411822736,2.789153097268058,0.38292695926200043,0.42833197849641785,7.0,3.0,1.148139034562169,10.367459291804174,Intermediate/Uncertain
Norway,2014,T+114,0.04824527082076642,2.7101660465735304,0.33480962931926495,0.3734729382375087,6.0,5.0,0.750254016072462,15.550830232867652,Standard Transplant
Norway,2015,T+115,0.026158084426633296,3.557738045444043,0.33094331745936273,0.369064918128573,5.0,6.0,0.6106978418166902,23.346428272664255,Standard Transplant
Norway,2016,T+116,0.07065565419080022,2.365375234502974,0.3477044383516818,0.38817443660997003,6.0,4.0,0.8098198467837009,11.461500938011897,Standard Transplant
Norway,2017,T+117,0.07994274867233593,2.3146273998205413,0.3663626524507381,0.4094468496810531,6.0,4.0,0.9000362033204956,11.258509599282165,Standard Transplant
Norway,2018,T+118,0.07994274867233593,2.3146273998205413,0.3663626524507381,0.4094468496810531,6.0,4.0,0.9000362033204956,11.258509599282165,Standard Transplant
Norway,2019,T+119,0.07994274867233593,2.3146273998205413,0.3663626524507381,0.4094468496810531,6.0,4.0,0.9000362033204956,11.258509599282165,Standard Transplant
Norway,2020,T+120,0.04586670192993163,2.5747572701130492,0.345677747940677,0.3858637869753792,6.0,6.0,0.8003071493610613,17.448543620678294,Standard Transplant
Norway,2021,T+121,0.06073859419773184,2.453568829277059,0.3595633943599517,0.40169494878012874,6.0,5.0,0.8666087956837801,14.267844146385297,Standard Transplant
Norway,2022,T+122,0.06608890687836504,2.8880951767557796,0.3654801937857494,0.4084407498935742,6.0,4.0,0.8956620265266019,13.552380707023119,Standard Transplant
Norway,2023,T+123,0.07166270109738077,2.5288337232803584,0.35989360809849547,0.40207142870531126,6.0,4.0,0.8682176231404288,12.115334893121434,Standard Transplant
Norway,2024,T+124,0.08822302330765738,2.0504572660750573,0.3663626524507381,0.4094468496810531,6.0,4.0,0.9000362033204956,10.20182906430023,Intermediate/Uncertain
Norway,2025,T+125,0.07994274867233593,2.3146273998205413,0.3663626524507381,0.4094468496810531,6.0,4.0,0.9000362033204956,11.258509599282165,Standard Transplant
Pakistan,1947,T+0,0.0006240245919691978,3.7453095666446585,0.1412595713819425,0.08714348232945028,2.0,10.0,0.024619701925176055,39.453095666446586,Ruptured
Pakistan,1948,T+1,0.002443616835491893,2.8476964374736293,0.1727268535112055,0.13029308589709518,3.0,9.0,0.06751534428381142,27.629267937262664,Ruptured
Pakistan,1949,T+2,0.007438978119224145,2.8476964374736293,0.24324481478315468,0.18946916536665057,4.0,8.0,0.1843495681469193,24.781571499789035,Standard Transplant
Pakistan,1950,T+3,0.026164543880602586,2.4462982238476156,0.3364808536323455,0.2974154534618743,5.0,7.0,0.5003730283215129,19.12408756693331,Standard Transplant
Pakistan,1951,T+4,0.07474091802517085,1.3095204274848102,0.36545478410362575,0.3359879350487187,6.0,6.0,0.7367303895879151,9.857122564908861,Intermediate/Uncertain
Pakistan,1952,T+5,0.07474091802517085,1.3095204274848102,0.36545478410362575,0.3359879350487187,6.0,6.0,0.7367303895879151,9.857122564908861,Intermediate/Uncertain
Pakistan,1953,T+6,0.07474091802517085,1.3095204274848102,0.36545478410362575,0.3359879350487187,6.0,6.0,0.7367303895879151,9.857122564908861,Intermediate/Uncertain
Pakistan,1954,T+7,0.07474091802517085,1.3095204274848102,0.36545478410362575,0.3359879350487187,6.0,6.0,0.7367303895879151,9.857122564908861,Intermediate/Uncertain
Pakistan,1955,T+8,0.07474091802517085,1.3095204274848102,0.36545478410362575,0.3359879350487187,6.0,6.0,0.7367303895879151,9.857122564908861,Intermediate/Uncertain
Pakistan,1956,T+9,0.07474091802517085,1.3095204274848102,0.36545478410362575,0.3359879350487187,6.0,6.0,0.7367303895879151,9.857122564908861,Intermediate/Uncertain
Pakistan,1957,T+10,0.07474091802517085,1.3095204274848102,0.36545478410362575,0.3359879350487187,6.0,6.0,0.7367303895879151,9.857122564908861,Intermediate/Uncertain
Pakistan,1958,T+11,0.0964783500993828,1.5699820858850588,0.351070351922743,0.38669624464279956,7.0,5.0,0.9503031068576554,9.849910429425293,Young Ancient Forest
Pakistan,1959,T+12,0.0964783500993828,1.5699820858850588,0.351070351922743,0.38669624464279956,7.0,5.0,0.9503031068576554,9.849910429425293,Young Ancient Forest
Pakistan,1960,T+13,0.0964783500993828,1.5699820858850588,0.351070351922743,0.38669624464279956,7.0,5.0,0.9503031068576554,9.849910429425293,Young Ancient Forest
Pakistan,1961,T+14,0.0964783500993828,1.5699820858850588,0.351070351922743,0.38669624464279956,7.0,5.0,0.9503031068576554,9.849910429425293,Young Ancient Forest
Pakistan,1962,T+15,0.0964783500993828,1.5699820858850588,0.351070351922743,0.38669624464279956,7.0,5.0,0.9503031068576554,9.849910429425293,Young Ancient Forest
Pakistan,1963,T+16,0.0964783500993828,1.5699820858850588,0.351070351922743,0.38669624464279956,7.0,5.0,0.9503031068576554,9.849910429425293,Young Ancient Forest
Pakistan,1964,T+17,0.0964783500993828,1.5699820858850588,0.351070351922743,0.38669624464279956,7.0,5.0,0.9503031068576554,9.849910429425293,Young Ancient Forest
Pakistan,1965,T+18,0.07131643863014907,1.4882351124738322,0.3275602206943567,0.339936029387154,7.0,6.0,0.7794466456561364,10.929410674842993,Intermediate/Uncertain
Pakistan,1966,T+19,0.07131643863014907,1.4882351124738322,0.3275602206943567,0.339936029387154,7.0,6.0,0.7794466456561364,10.929410674842993,Intermediate/Uncertain
Pakistan,1967,T+20,0.07131643863014907,1.4882351124738322,0.3275602206943567,0.339936029387154,7.0,6.0,0.7794466456561364,10.929410674842993,Intermediate/Uncertain
Pakistan,1968,T+21,0.19138252052884272,0.16535945694153692,0.2860186055472109,0.2860186055472109,7.0,6.0,0.5726464990341973,2.9921567416492216,Deep Ancient Forest
Pakistan,1969,T+22,0.19138252052884272,0.16535945694153692,0.2860186055472109,0.2860186055472109,7.0,6.0,0.5726464990341973,2.9921567416492216,Deep Ancient Forest
Pakistan,1970,T+23,0.19138252052884272,0.16535945694153692,0.2860186055472109,0.2860186055472109,7.0,6.0,0.5726464990341973,2.9921567416492216,Deep Ancient Forest
Pakistan,1971,T+24,0.13744502494202568,0.16535945694153692,0.24899365817229646,0.24899365817229646,7.0,7.0,0.4339848926701569,3.1575161985907583,Young Ancient Forest
Pakistan,1972,T+25,0.06098061345934783,0.16535945694153692,0.18377114205966974,0.18377114205966974,6.0,8.0,0.20263099592349193,3.3228756555322954,Intermediate/Uncertain
Pakistan,1973,T+26,0.06098061345934783,0.16535945694153692,0.18377114205966974,0.18377114205966974,6.0,8.0,0.20263099592349193,3.3228756555322954,Intermediate/Uncertain
Pakistan,1974,T+27,0.06098061345934783,0.16535945694153692,0.18377114205966974,0.18377114205966974,6.0,8.0,0.20263099592349193,3.3228756555322954,Intermediate/Uncertain
Pakistan,1975,T+28,0.06098061345934783,0.16535945694153692,0.18377114205966974,0.18377114205966974,6.0,8.0,0.20263099592349193,3.3228756555322954,Intermediate/Uncertain
Pakistan,1976,T+29,0.12121959719724343,0.16535945694153692,0.23383536385883094,0.23383536385883094,7.0,7.0,0.382752841736943,3.1575161985907583,Young Ancient Forest
Pakistan,1977,T+30,0.12121959719724343,0.16535945694153692,0.23383536385883094,0.23383536385883094,7.0,7.0,0.382752841736943,3.1575161985907583,Young Ancient Forest
Pakistan,1978,T+31,0.12121959719724343,0.16535945694153692,0.23383536385883094,0.23383536385883094,7.0,7.0,0.382752841736943,3.1575161985907583,Young Ancient Forest
Pakistan,1979,T+32,0.12121959719724343,0.16535945694153692,0.23383536385883094,0.23383536385883094,7.0,7.0,0.382752841736943,3.1575161985907583,Young Ancient Forest
Pakistan,1980,T+33,0.12121959719724343,0.16535945694153692,0.23383536385883094,0.23383536385883094,7.0,7.0,0.382752841736943,3.1575161985907583,Young Ancient Forest
Pakistan,1981,T+34,0.12121959719724343,0.16535945694153692,0.23383536385883094,0.23383536385883094,7.0,7.0,0.382752841736943,3.1575161985907583,Young Ancient Forest
Pakistan,1982,T+35,0.12121959719724343,0.16535945694153692,0.23383536385883094,0.23383536385883094,7.0,7.0,0.382752841736943,3.1575161985907583,Young Ancient Forest
Pakistan,1983,T+36,0.12121959719724343,0.16535945694153692,0.23383536385883094,0.23383536385883094,7.0,7.0,0.382752841736943,3.1575161985907583,Young Ancient Forest
Pakistan,1984,T+37,0.12121959719724343,0.16535945694153692,0.23383536385883094,0.23383536385883094,7.0,7.0,0.382752841736943,3.1575161985907583,Young Ancient Forest
Pakistan,1985,T+38,0.12121959719724343,0.16535945694153692,0.23383536385883094,0.23383536385883094,7.0,7.0,0.382752841736943,3.1575161985907583,Young Ancient Forest
Pakistan,1986,T+39,0.12121959719724343,0.16535945694153692,0.23383536385883094,0.23383536385883094,7.0,7.0,0.382752841736943,3.1575161985907583,Young Ancient Forest
Pakistan,1987,T+40,0.12121959719724343,0.16535945694153692,0.23383536385883094,0.23383536385883094,7.0,7.0,0.382752841736943,3.1575161985907583,Young Ancient Forest
Pakistan,1988,T+41,0.12121959719724343,0.16535945694153692,0.23383536385883094,0.23383536385883094,7.0,7.0,0.382752841736943,3.1575161985907583,Young Ancient Forest
Pakistan,1989,T+42,0.16878975473200986,0.16535945694153692,0.26860629780477224,0.26860629780477224,7.0,6.0,0.5050454025427019,2.9921567416492216,Deep Ancient Forest
Pakistan,1990,T+43,0.16878975473200986,0.16535945694153692,0.26860629780477224,0.26860629780477224,7.0,6.0,0.5050454025427019,2.9921567416492216,Deep Ancient Forest
Pakistan,1991,T+44,0.16878975473200986,0.16535945694153692,0.26860629780477224,0.26860629780477224,7.0,6.0,0.5050454025427019,2.9921567416492216,Deep Ancient Forest
Pakistan,1992,T+45,0.16878975473200986,0.16535945694153692,0.26860629780477224,0.26860629780477224,7.0,6.0,0.5050454025427019,2.9921567416492216,Deep Ancient Forest
Pakistan,1993,T+46,0.16878975473200986,0.16535945694153692,0.26860629780477224,0.26860629780477224,7.0,6.0,0.5050454025427019,2.9921567416492216,Deep Ancient Forest
Pakistan,1994,T+47,0.16878975473200986,0.16535945694153692,0.26860629780477224,0.26860629780477224,7.0,6.0,0.5050454025427019,2.9921567416492216,Deep Ancient Forest
Pakistan,1995,T+48,0.16878975473200986,0.16535945694153692,0.26860629780477224,0.26860629780477224,7.0,6.0,0.5050454025427019,2.9921567416492216,Deep Ancient Forest
Pakistan,1996,T+49,0.16878975473200986,0.16535945694153692,0.26860629780477224,0.26860629780477224,7.0,6.0,0.5050454025427019,2.9921567416492216,Deep Ancient Forest
Pakistan,1997,T+50,0.16878975473200986,0.16535945694153692,0.26860629780477224,0.26860629780477224,7.0,6.0,0.5050454025427019,2.9921567416492216,Deep Ancient Forest
Pakistan,1998,T+51,0.16878975473200986,0.16535945694153692,0.26860629780477224,0.26860629780477224,7.0,6.0,0.5050454025427019,2.9921567416492216,Deep Ancient Forest
Pakistan,1999,T+52,0.16878975473200986,0.16535945694153692,0.26860629780477224,0.26860629780477224,7.0,6.0,0.5050454025427019,2.9921567416492216,Deep Ancient Forest
Pakistan,2000,T+53,0.16878975473200986,0.16535945694153692,0.26860629780477224,0.26860629780477224,7.0,6.0,0.5050454025427019,2.9921567416492216,Deep Ancient Forest
Pakistan,2001,T+54,0.16878975473200986,0.16535945694153692,0.26860629780477224,0.26860629780477224,7.0,6.0,0.5050454025427019,2.9921567416492216,Deep Ancient Forest
Pakistan,2002,T+55,0.16878975473200986,0.16535945694153692,0.26860629780477224,0.26860629780477224,7.0,6.0,0.5050454025427019,2.9921567416492216,Deep Ancient Forest
Pakistan,2003,T+56,0.16878975473200986,0.16535945694153692,0.26860629780477224,0.26860629780477224,7.0,6.0,0.5050454025427019,2.9921567416492216,Deep Ancient Forest
Pakistan,2004,T+57,0.16878975473200986,0.16535945694153692,0.26860629780477224,0.26860629780477224,7.0,6.0,0.5050454025427019,2.9921567416492216,Deep Ancient Forest
Pakistan,2005,T+58,0.16878975473200986,0.16535945694153692,0.26860629780477224,0.26860629780477224,7.0,6.0,0.5050454025427019,2.9921567416492216,Deep Ancient Forest
Pakistan,2006,T+59,0.16878975473200986,0.16535945694153692,0.26860629780477224,0.26860629780477224,7.0,6.0,0.5050454025427019,2.9921567416492216,Deep Ancient Forest
Pakistan,2007,T+60,0.16878975473200986,0.16535945694153692,0.26860629780477224,0.26860629780477224,7.0,6.0,0.5050454025427019,2.9921567416492216,Deep Ancient Forest
Pakistan,2008,T+61,0.16878975473200986,0.16535945694153692,0.26860629780477224,0.26860629780477224,7.0,6.0,0.5050454025427019,2.9921567416492216,Deep Ancient Forest
Pakistan,2009,T+62,0.16878975473200986,0.16535945694153692,0.26860629780477224,0.26860629780477224,7.0,6.0,0.5050454025427019,2.9921567416492216,Deep Ancient Forest
Pakistan,2010,T+63,0.16878975473200986,0.16535945694153692,0.26860629780477224,0.26860629780477224,7.0,6.0,0.5050454025427019,2.9921567416492216,Deep Ancient Forest
Pakistan,2011,T+64,0.16878975473200986,0.16535945694153692,0.26860629780477224,0.26860629780477224,7.0,6.0,0.5050454025427019,2.9921567416492216,Deep Ancient Forest
Pakistan,2012,T+65,0.16878975473200986,0.16535945694153692,0.26860629780477224,0.26860629780477224,7.0,6.0,0.5050454025427019,2.9921567416492216,Deep Ancient Forest
Pakistan,2013,T+66,0.16878975473200986,0.16535945694153692,0.26860629780477224,0.26860629780477224,7.0,6.0,0.5050454025427019,2.9921567416492216,Deep Ancient Forest
Pakistan,2014,T+67,0.16878975473200986,0.16535945694153692,0.26860629780477224,0.26860629780477224,7.0,6.0,0.5050454025427019,2.9921567416492216,Deep Ancient Forest
Pakistan,2015,T+68,0.16878975473200986,0.16535945694153692,0.26860629780477224,0.26860629780477224,7.0,6.0,0.5050454025427019,2.9921567416492216,Deep Ancient Forest
Pakistan,2016,T+69,0.16878975473200986,0.16535945694153692,0.26860629780477224,0.26860629780477224,7.0,6.0,0.5050454025427019,2.9921567416492216,Deep Ancient Forest
Pakistan,2017,T+70,0.16878975473200986,0.16535945694153692,0.26860629780477224,0.26860629780477224,7.0,6.0,0.5050454025427019,2.9921567416492216,Deep Ancient Forest
Pakistan,2018,T+71,0.16878975473200986,0.16535945694153692,0.26860629780477224,0.26860629780477224,7.0,6.0,0.5050454025427019,2.9921567416492216,Deep Ancient Forest
Pakistan,2019,T+72,0.16878975473200986,0.16535945694153692,0.26860629780477224,0.26860629780477224,7.0,6.0,0.5050454025427019,2.9921567416492216,Deep Ancient Forest
Pakistan,2020,T+73,0.16878975473200986,0.16535945694153692,0.26860629780477224,0.26860629780477224,7.0,6.0,0.5050454025427019,2.9921567416492216,Deep Ancient Forest
Pakistan,2021,T+74,0.16878975473200986,0.16535945694153692,0.26860629780477224,0.26860629780477224,7.0,6.0,0.5050454025427019,2.9921567416492216,Deep Ancient Forest
Pakistan,2022,T+75,0.16878975473200986,0.16535945694153692,0.26860629780477224,0.26860629780477224,7.0,6.0,0.5050454025427019,2.9921567416492216,Deep Ancient Forest
Pakistan,2023,T+76,0.16878975473200986,0.16535945694153692,0.26860629780477224,0.26860629780477224,7.0,6.0,0.5050454025427019,2.9921567416492216,Deep Ancient Forest
Pakistan,2024,T+77,0.16878975473200986,0.16535945694153692,0.26860629780477224,0.26860629780477224,7.0,6.0,0.5050454025427019,2.9921567416492216,Deep Ancient Forest
Palestine,1945,T+0,0.005440010833715958,2.833256739160784,0.192544539513633,0.17422410530603288,4.0,8.0,0.13418360051329922,24.666053913286273,Standard Transplant
Palestine,1946,T+1,0.006205821353497813,2.48746859276655,0.19378986796545936,0.17532641129151508,4.0,8.0,0.1359059283801621,21.8997487421324,Standard Transplant
Palestine,1947,T+2,0.01681869102818369,2.48746859276655,0.26785650439696546,0.24377914041681684,5.0,7.0,0.3264891419847278,19.41228014936585,Standard Transplant
Palestine,1948,T+3,0.04206897212141183,1.919269066598011,0.3078387038098639,0.3078387038098639,6.0,6.0,0.5685880053800226,13.515614399588067,Intermediate/Uncertain
Palestine,1949,T+4,0.05386265448347727,1.5,0.314242263049347,0.314242263049347,6.0,6.0,0.59248919931825,11.0,Intermediate/Uncertain
Palestine,1950,T+5,0.05386265448347727,1.5,0.314242263049347,0.314242263049347,6.0,6.0,0.59248919931825,11.0,Intermediate/Uncertain
Palestine,1951,T+6,0.05386265448347727,1.5,0.314242263049347,0.314242263049347,6.0,6.0,0.59248919931825,11.0,Intermediate/Uncertain
Palestine,1952,T+7,0.05386265448347727,1.5,0.314242263049347,0.314242263049347,6.0,6.0,0.59248919931825,11.0,Intermediate/Uncertain
Palestine,1953,T+8,0.05386265448347727,1.5,0.314242263049347,0.314242263049347,6.0,6.0,0.59248919931825,11.0,Intermediate/Uncertain
Palestine,1954,T+9,0.05386265448347727,1.5,0.314242263049347,0.314242263049347,6.0,6.0,0.59248919931825,11.0,Intermediate/Uncertain
Palestine,1955,T+10,0.05386265448347727,1.5,0.314242263049347,0.314242263049347,6.0,6.0,0.59248919931825,11.0,Intermediate/Uncertain
Palestine,1956,T+11,0.05386265448347727,1.5,0.314242263049347,0.314242263049347,6.0,6.0,0.59248919931825,11.0,Intermediate/Uncertain
Palestine,1957,T+12,0.05386265448347727,1.5,0.314242263049347,0.314242263049347,6.0,6.0,0.59248919931825,11.0,Intermediate/Uncertain
Palestine,1958,T+13,0.05386265448347727,1.5,0.314242263049347,0.314242263049347,6.0,6.0,0.59248919931825,11.0,Intermediate/Uncertain
Palestine,1959,T+14,0.05386265448347727,1.5,0.314242263049347,0.314242263049347,6.0,6.0,0.59248919931825,11.0,Intermediate/Uncertain
Palestine,1960,T+15,0.05386265448347727,1.5,0.314242263049347,0.314242263049347,6.0,6.0,0.59248919931825,11.0,Intermediate/Uncertain
Palestine,1961,T+16,0.05386265448347727,1.5,0.314242263049347,0.314242263049347,6.0,6.0,0.59248919931825,11.0,Intermediate/Uncertain
Palestine,1962,T+17,0.05386265448347727,1.5,0.314242263049347,0.314242263049347,6.0,6.0,0.59248919931825,11.0,Intermediate/Uncertain
Palestine,1963,T+18,0.05386265448347727,1.5,0.314242263049347,0.314242263049347,6.0,6.0,0.59248919931825,11.0,Intermediate/Uncertain
Palestine,1964,T+19,0.05386265448347727,1.5,0.314242263049347,0.314242263049347,6.0,6.0,0.59248919931825,11.0,Intermediate/Uncertain
Palestine,1965,T+20,0.05386265448347727,1.5,0.314242263049347,0.314242263049347,6.0,6.0,0.59248919931825,11.0,Intermediate/Uncertain
Palestine,1966,T+21,0.05386265448347727,1.5,0.314242263049347,0.314242263049347,6.0,6.0,0.59248919931825,11.0,Intermediate/Uncertain
Palestine,1967,T+22,0.05386265448347727,1.5,0.314242263049347,0.314242263049347,6.0,6.0,0.59248919931825,11.0,Intermediate/Uncertain
Palestine,1968,T+23,0.05386265448347727,1.5,0.314242263049347,0.314242263049347,6.0,6.0,0.59248919931825,11.0,Intermediate/Uncertain
Palestine,1969,T+24,0.05386265448347727,1.5,0.314242263049347,0.314242263049347,6.0,6.0,0.59248919931825,11.0,Intermediate/Uncertain
Palestine,1970,T+25,0.05386265448347727,1.5,0.314242263049347,0.314242263049347,6.0,6.0,0.59248919931825,11.0,Intermediate/Uncertain
Palestine,1971,T+26,0.05386265448347727,1.5,0.314242263049347,0.314242263049347,6.0,6.0,0.59248919931825,11.0,Intermediate/Uncertain
Palestine,1972,T+27,0.05386265448347727,1.5,0.314242263049347,0.314242263049347,6.0,6.0,0.59248919931825,11.0,Intermediate/Uncertain
Palestine,1973,T+28,0.0215281594499113,1.5,0.2319922382856337,0.2319922382856337,5.0,7.0,0.26910199312389127,12.5,Intermediate/Uncertain
Palestine,1974,T+29,0.0215281594499113,1.5,0.2319922382856337,0.2319922382856337,5.0,7.0,0.26910199312389127,12.5,Intermediate/Uncertain
Palestine,1975,T+30,0.0215281594499113,1.5,0.2319922382856337,0.2319922382856337,5.0,7.0,0.26910199312389127,12.5,Intermediate/Uncertain
Palestine,1976,T+31,0.08652093376485048,0.21650635094610965,0.2251548315710938,0.2251548315710938,6.0,7.0,0.30416818907884574,3.5155444566227674,Young Ancient Forest
Palestine,1977,T+32,0.08652093376485048,0.21650635094610965,0.2251548315710938,0.2251548315710938,6.0,7.0,0.30416818907884574,3.5155444566227674,Young Ancient Forest
Palestine,1978,T+33,0.08652093376485048,0.21650635094610965,0.2251548315710938,0.2251548315710938,6.0,7.0,0.30416818907884574,3.5155444566227674,Young Ancient Forest
Palestine,1979,T+34,0.08652093376485048,0.21650635094610965,0.2251548315710938,0.2251548315710938,6.0,7.0,0.30416818907884574,3.5155444566227674,Young Ancient Forest
Palestine,1980,T+35,0.08652093376485048,0.21650635094610965,0.2251548315710938,0.2251548315710938,6.0,7.0,0.30416818907884574,3.5155444566227674,Young Ancient Forest
Palestine,1981,T+36,0.08652093376485048,0.21650635094610965,0.2251548315710938,0.2251548315710938,6.0,7.0,0.30416818907884574,3.5155444566227674,Young Ancient Forest
Palestine,1982,T+37,0.08652093376485048,0.21650635094610965,0.2251548315710938,0.2251548315710938,6.0,7.0,0.30416818907884574,3.5155444566227674,Young Ancient Forest
Palestine,1983,T+38,0.08652093376485048,0.21650635094610965,0.2251548315710938,0.2251548315710938,6.0,7.0,0.30416818907884574,3.5155444566227674,Young Ancient Forest
Palestine,1984,T+39,0.08652093376485048,0.21650635094610965,0.2251548315710938,0.2251548315710938,6.0,7.0,0.30416818907884574,3.5155444566227674,Young Ancient Forest
Palestine,1985,T+40,0.08652093376485048,0.21650635094610965,0.2251548315710938,0.2251548315710938,6.0,7.0,0.30416818907884574,3.5155444566227674,Young Ancient Forest
Palestine,1986,T+41,0.08652093376485048,0.21650635094610965,0.2251548315710938,0.2251548315710938,6.0,7.0,0.30416818907884574,3.5155444566227674,Young Ancient Forest
Palestine,1987,T+42,0.08652093376485048,0.21650635094610965,0.2251548315710938,0.2251548315710938,6.0,7.0,0.30416818907884574,3.5155444566227674,Young Ancient Forest
Palestine,1988,T+43,0.08652093376485048,0.21650635094610965,0.2251548315710938,0.2251548315710938,6.0,7.0,0.30416818907884574,3.5155444566227674,Young Ancient Forest
Palestine,1989,T+44,0.08652093376485048,0.21650635094610965,0.2251548315710938,0.2251548315710938,6.0,7.0,0.30416818907884574,3.5155444566227674,Young Ancient Forest
Palestine,1990,T+45,0.08652093376485048,0.21650635094610965,0.2251548315710938,0.2251548315710938,6.0,7.0,0.30416818907884574,3.5155444566227674,Young Ancient Forest
Palestine,1991,T+46,0.08652093376485048,0.21650635094610965,0.2251548315710938,0.2251548315710938,6.0,7.0,0.30416818907884574,3.5155444566227674,Young Ancient Forest
Palestine,1992,T+47,0.08652093376485048,0.21650635094610965,0.2251548315710938,0.2251548315710938,6.0,7.0,0.30416818907884574,3.5155444566227674,Young Ancient Forest
Palestine,1993,T+48,0.08652093376485048,0.21650635094610965,0.2251548315710938,0.2251548315710938,6.0,7.0,0.30416818907884574,3.5155444566227674,Young Ancient Forest
Palestine,1994,T+49,0.08652093376485048,0.21650635094610965,0.2251548315710938,0.2251548315710938,6.0,7.0,0.30416818907884574,3.5155444566227674,Young Ancient Forest
Palestine,1995,T+50,0.08652093376485048,0.21650635094610965,0.2251548315710938,0.2251548315710938,6.0,7.0,0.30416818907884574,3.5155444566227674,Young Ancient Forest
Palestine,1996,T+51,0.08652093376485048,0.21650635094610965,0.2251548315710938,0.2251548315710938,6.0,7.0,0.30416818907884574,3.5155444566227674,Young Ancient Forest
Palestine,1997,T+52,0.08652093376485048,0.21650635094610965,0.2251548315710938,0.2251548315710938,6.0,7.0,0.30416818907884574,3.5155444566227674,Young Ancient Forest
Palestine,1998,T+53,0.08652093376485048,0.21650635094610965,0.2251548315710938,0.2251548315710938,6.0,7.0,0.30416818907884574,3.5155444566227674,Young Ancient Forest
Palestine,1999,T+54,0.08652093376485048,0.21650635094610965,0.2251548315710938,0.2251548315710938,6.0,7.0,0.30416818907884574,3.5155444566227674,Young Ancient Forest
Palestine,2000,T+55,0.08652093376485048,0.21650635094610965,0.2251548315710938,0.2251548315710938,6.0,7.0,0.30416818907884574,3.5155444566227674,Young Ancient Forest
Palestine,2001,T+56,0.08652093376485048,0.21650635094610965,0.2251548315710938,0.2251548315710938,6.0,7.0,0.30416818907884574,3.5155444566227674,Young Ancient Forest
Palestine,2002,T+57,0.08652093376485048,0.21650635094610965,0.2251548315710938,0.2251548315710938,6.0,7.0,0.30416818907884574,3.5155444566227674,Young Ancient Forest
Palestine,2003,T+58,0.08652093376485048,0.21650635094610965,0.2251548315710938,0.2251548315710938,6.0,7.0,0.30416818907884574,3.5155444566227674,Young Ancient Forest
Palestine,2004,T+59,0.08652093376485048,0.21650635094610965,0.2251548315710938,0.2251548315710938,6.0,7.0,0.30416818907884574,3.5155444566227674,Young Ancient Forest
Palestine,2005,T+60,0.08652093376485048,0.21650635094610965,0.2251548315710938,0.2251548315710938,6.0,7.0,0.30416818907884574,3.5155444566227674,Young Ancient Forest
Palestine,2006,T+61,0.08652093376485048,0.21650635094610965,0.2251548315710938,0.2251548315710938,6.0,7.0,0.30416818907884574,3.5155444566227674,Young Ancient Forest
Palestine,2007,T+62,0.08652093376485048,0.21650635094610965,0.2251548315710938,0.2251548315710938,6.0,7.0,0.30416818907884574,3.5155444566227674,Young Ancient Forest
Palestine,2008,T+63,0.08652093376485048,0.21650635094610965,0.2251548315710938,0.2251548315710938,6.0,7.0,0.30416818907884574,3.5155444566227674,Young Ancient Forest
Palestine,2009,T+64,0.08652093376485048,0.21650635094610965,0.2251548315710938,0.2251548315710938,6.0,7.0,0.30416818907884574,3.5155444566227674,Young Ancient Forest
Palestine,2010,T+65,0.08652093376485048,0.21650635094610965,0.2251548315710938,0.2251548315710938,6.0,7.0,0.30416818907884574,3.5155444566227674,Young Ancient Forest
Palestine,2011,T+66,0.08652093376485048,0.21650635094610965,0.2251548315710938,0.2251548315710938,6.0,7.0,0.30416818907884574,3.5155444566227674,Young Ancient Forest
Palestine,2012,T+67,0.08652093376485048,0.21650635094610965,0.2251548315710938,0.2251548315710938,6.0,7.0,0.30416818907884574,3.5155444566227674,Young Ancient Forest
Palestine,2013,T+68,0.08652093376485048,0.21650635094610965,0.2251548315710938,0.2251548315710938,6.0,7.0,0.30416818907884574,3.5155444566227674,Young Ancient Forest
Palestine,2014,T+69,0.08652093376485048,0.21650635094610965,0.2251548315710938,0.2251548315710938,6.0,7.0,0.30416818907884574,3.5155444566227674,Young Ancient Forest
Palestine,2015,T+70,0.08652093376485048,0.21650635094610965,0.2251548315710938,0.2251548315710938,6.0,7.0,0.30416818907884574,3.5155444566227674,Young Ancient Forest
Palestine,2016,T+71,0.08652093376485048,0.21650635094610965,0.2251548315710938,0.2251548315710938,6.0,7.0,0.30416818907884574,3.5155444566227674,Young Ancient Forest
Palestine,2017,T+72,0.08652093376485048,0.21650635094610965,0.2251548315710938,0.2251548315710938,6.0,7.0,0.30416818907884574,3.5155444566227674,Young Ancient Forest
Palestine,2018,T+73,0.08652093376485048,0.21650635094610965,0.2251548315710938,0.2251548315710938,6.0,7.0,0.30416818907884574,3.5155444566227674,Young Ancient Forest
Palestine,2019,T+74,0.08652093376485048,0.21650635094610965,0.2251548315710938,0.2251548315710938,6.0,7.0,0.30416818907884574,3.5155444566227674,Young Ancient Forest
Palestine,2020,T+75,0.08652093376485048,0.21650635094610965,0.2251548315710938,0.2251548315710938,6.0,7.0,0.30416818907884574,3.5155444566227674,Young Ancient Forest
Palestine,2021,T+76,0.08652093376485048,0.21650635094610965,0.2251548315710938,0.2251548315710938,6.0,7.0,0.30416818907884574,3.5155444566227674,Young Ancient Forest
Palestine,2022,T+77,0.08652093376485048,0.21650635094610965,0.2251548315710938,0.2251548315710938,6.0,7.0,0.30416818907884574,3.5155444566227674,Young Ancient Forest
Palestine,2023,T+78,0.08652093376485048,0.21650635094610965,0.2251548315710938,0.2251548315710938,6.0,7.0,0.30416818907884574,3.5155444566227674,Young Ancient Forest
Palestine,2024,T+79,0.08652093376485048,0.21650635094610965,0.2251548315710938,0.2251548315710938,6.0,7.0,0.30416818907884574,3.5155444566227674,Young Ancient Forest
Palestine,2025,T+80,0.08652093376485048,0.21650635094610965,0.2251548315710938,0.2251548315710938,6.0,7.0,0.30416818907884574,3.5155444566227674,Young Ancient Forest
Philippines,1900,T+0,0.000984948365654879,3.0458732327528013,0.12256507332086185,0.13042123049824117,2.0,10.0,0.031970175357227903,32.45873232752801,Ruptured
Philippines,1901,T+1,0.003220664358196858,3.076498618559742,0.17413755120408592,0.18302897737024737,3.0,9.0,0.0956166537559288,29.68848756703768,Ruptured
Philippines,1902,T+2,0.0020328753787603993,4.513867521316947,0.21889158529764835,0.21889158529764835,2.0,10.0,0.09582705222823533,47.13867521316947,Ruptured
Philippines,1903,T+3,0.005202185045731502,4.077376607575022,0.2433732224443109,0.27571614301323577,3.0,9.0,0.20130577861514298,38.6963894681752,Failed Transplant
Philippines,1904,T+4,0.013985018799605538,3.344772040064913,0.3080365380118114,0.3264090350130898,4.0,8.0,0.4021836364848333,28.758176320519304,Standard Transplant
Philippines,1905,T+5,0.02178761662313671,3.0695072894521687,0.35139684558032924,0.36405845413376575,4.0,7.0,0.5117159695578251,23.48655102616518,Standard Transplant
Philippines,1906,T+6,0.028971256710693453,2.9154759474226504,0.36909054113755607,0.38251625490093505,4.0,6.0,0.5647325260611898,19.492855684535904,Standard Transplant
Philippines,1907,T+7,0.05192353448143242,2.6450129961873534,0.39762776223994206,0.39762776223994206,5.0,5.0,0.7905391865197196,15.225064980936768,Standard Transplant
Philippines,1908,T+8,0.053951518534804316,2.5852647349933044,0.4013222715988847,0.4013222715988847,5.0,5.0,0.8052978284064448,14.926323674966522,Standard Transplant
Philippines,1909,T+9,0.05070369399098985,2.9993488876754566,0.41516207168924774,0.41516207168924774,5.0,5.0,0.8617977288465404,16.996744438377284,Standard Transplant
Philippines,1910,T+10,0.05307821494807029,2.8878787630369804,0.4177496088659716,0.4177496088659716,5.0,5.0,0.8725736785383614,16.4393938151849,Standard Transplant
Philippines,1911,T+11,0.07756255271101808,2.357667014232502,0.42109186496245316,0.42109186496245316,5.0,4.0,0.8865917936877844,11.430668056930008,Standard Transplant
Philippines,1912,T+12,0.07756255271101808,2.357667014232502,0.42109186496245316,0.42109186496245316,5.0,4.0,0.8865917936877844,11.430668056930008,Standard Transplant
Philippines,1913,T+13,0.06871744665886306,2.1350863565673404,0.3992536270565978,0.3628298282149253,5.0,4.0,0.7243056245956561,10.540345426269361,Standard Transplant
Philippines,1914,T+14,0.05948723122753207,2.0766559657295187,0.38344299871542653,0.3197933038092219,5.0,4.0,0.6131125169086074,10.306623862918075,Standard Transplant
Philippines,1915,T+15,0.052813264789042635,2.598076211353316,0.3963559887960093,0.3302476034917105,5.0,4.0,0.6544780771473467,12.392304845413264,Standard Transplant
Philippines,1916,T+16,0.07656028391097867,2.9308435219233386,0.48005454561021643,0.43772751491596795,5.0,4.0,1.0506654163703713,13.723374087693355,Standard Transplant
Philippines,1917,T+17,0.12626568046080175,2.8442650632456883,0.49314392459056505,0.44947343140936347,6.0,3.0,1.32993055178641,10.532795189737065,Intermediate/Uncertain
Philippines,1918,T+18,0.010146937261076273,5.231739075106861,0.3528700284718962,0.3528700284718962,4.0,9.0,0.49806902797502733,49.08565167596175,Failed Transplant
Philippines,1919,T+19,0.023360836878818722,2.9414866564375233,0.363225413308819,0.363225413308819,4.0,7.0,0.5277308034934496,22.590406595062664,Standard Transplant
Philippines,1920,T+20,0.011420904593897416,3.6651867278489374,0.2943545407388516,0.2682649671022869,4.0,7.0,0.3158600447508672,27.656307094942562,Failed Transplant
Philippines,1921,T+21,0.016008381564436798,3.561403339977094,0.3238577805833594,0.2887769006833095,4.0,6.0,0.3740905845561513,23.368420039862563,Failed Transplant
Philippines,1922,T+22,0.02215570190137606,3.0097497819586265,0.34304795487839934,0.32386879974340926,4.0,6.0,0.44441011760359367,20.05849869175176,Standard Transplant
Philippines,1923,T+23,0.020559361653071307,3.3018697354680726,0.34460305329679936,0.3253197578728632,4.0,6.0,0.44842472744305656,21.811218412808437,Standard Transplant
Philippines,1924,T+24,0.011181798105427809,4.2311161352532025,0.3655386378533328,0.3655386378533328,3.0,8.0,0.40085548729100995,35.84892908202562,Failed Transplant
Philippines,1925,T+25,0.028473910278872826,3.422695392523267,0.4005286973705689,0.4005286973705689,4.0,6.0,0.6416929496694591,22.536172355139602,Standard Transplant
Philippines,1926,T+26,0.02995514987025232,3.353519606324078,0.4070139414510603,0.4070139414510603,4.0,6.0,0.6626413941421085,22.12111763794447,Standard Transplant
Philippines,1927,T+27,0.028265601106716633,3.6223050327105253,0.40952746460467104,0.40952746460467104,4.0,6.0,0.6708509770621204,23.733830196263153,Standard Transplant
Philippines,1928,T+28,0.02808251205894178,3.648094536878122,0.40952746460467104,0.40952746460467104,4.0,6.0,0.6708509770621204,23.88856722126873,Standard Transplant
Philippines,1929,T+29,0.030947838154142558,2.9040650388722358,0.3876670237397731,0.3876670237397731,4.0,6.0,0.6011428851810151,19.424390233233414,Standard Transplant
Philippines,1930,T+30,0.01896672504762962,3.617988909601576,0.35995946167998,0.35995946167998,4.0,7.0,0.518283256211764,27.32592236721103,Failed Transplant
Philippines,1931,T+31,0.008967717748779698,4.4960920531056745,0.3368941038050504,0.3368941038050504,3.0,8.0,0.3404929115358243,37.968736424845396,Failed Transplant
Philippines,1932,T+32,0.009054343615138398,4.450684638344982,0.3368941038050504,0.3368941038050504,3.0,8.0,0.3404929115358243,37.60547710675986,Failed Transplant
Philippines,1933,T+33,0.010587876218367643,4.018997853943194,0.3471776523300529,0.3471776523300529,3.0,8.0,0.3615969668322212,34.15198283154555,Failed Transplant
Philippines,1934,T+34,0.011375318838213772,4.575751304430781,0.3826032225751238,0.3826032225751238,3.0,8.0,0.4391556777746092,38.60601043544625,Failed Transplant
Philippines,1935,T+35,0.005741906126762422,5.588772226527039,0.3874891363965591,0.3874891363965591,2.0,9.0,0.3002956616507023,52.29895003874336,Failed Transplant
Philippines,1936,T+36,0.011709193998744316,4.922842166878804,0.4018948866121384,0.4018948866121384,3.0,8.0,0.4845584996549507,41.382737335030434,Failed Transplant
Philippines,1937,T+37,0.02292003303061451,4.284784125250653,0.42816230036629005,0.42816230036629005,4.0,7.0,0.7332918218198127,31.99348887675457,Standard Transplant
Philippines,1938,T+38,0.01317222867091163,4.342738191510052,0.40165191458674604,0.40165191458674604,3.0,8.0,0.48397278147359624,36.741905532080416,Failed Transplant
Philippines,1939,T+39,0.023122873340845552,3.640054944640259,0.3985678903123463,0.3985678903123463,4.0,7.0,0.635425452752138,27.480384612481814,Standard Transplant
Philippines,1940,T+40,0.017935518428982205,3.276335605520289,0.3398593334248793,0.32896733758761953,4.0,7.0,0.44721048028434246,24.934349238642024,Standard Transplant
Philippines,1941,T+41,0.01173796275369007,2.117634293262177,0.2329982772387568,0.2121786826743948,5.0,9.0,0.2471863376496142,21.058708639359594,Standard Transplant
Philippines,1942,T+42,0.0016263811289264195,2.44230296032249,0.12323439783875549,0.1054948995679786,3.0,9.0,0.03900180126995949,23.98072664290241,Ruptured
Philippines,1943,T+43,0.003100818492483101,1.7455300054711176,0.1377903497275172,0.13284622272145535,3.0,9.0,0.054914782466306926,17.709770049240056,Ruptured
Philippines,1944,T+44,0.0008456062858762492,2.5341418665891617,0.11290374994824257,0.10238843040754132,2.0,10.0,0.02312007548865216,27.341418665891617,Ruptured
Philippines,1945,T+45,0.0031417052453753358,3.1318674540918874,0.16826633190158133,0.1409046734038398,4.0,9.0,0.09483805016581771,30.186807086826988,Ruptured
Philippines,1946,T+46,0.006253537147170962,2.598076211353316,0.23258056528964619,0.20420795249727913,3.0,8.0,0.1424844030853752,22.784609690826528,Standard Transplant
Philippines,1947,T+47,0.005165201656762104,3.640054944640259,0.2446391654323927,0.2446391654323927,3.0,9.0,0.1795449637903728,34.76049450176233,Failed Transplant
Philippines,1948,T+48,0.0051394730365898166,3.605551275463989,0.24293665027038247,0.24293665027038247,3.0,9.0,0.17705464813378238,34.449961479175904,Failed Transplant
Philippines,1949,T+49,0.0028423324466887922,3.4043859578490805,0.22164097866290863,0.2092849333964753,2.0,9.0,0.09277223491479288,32.63947362064172,Ruptured
Philippines,1950,T+50,0.006480778407614266,2.6575364531836625,0.23073757379667087,0.2177723567669286,3.0,8.0,0.15074479572115237,23.2602916254693,Standard Transplant
Philippines,1951,T+51,0.00896389496437279,2.358495283014151,0.24970530755005707,0.24970530755005707,3.0,8.0,0.18705822185600576,20.867962264113206,Standard Transplant
Philippines,1952,T+52,0.020788933535746165,2.3642850399222173,0.31049743112987505,0.31049743112987505,4.0,7.0,0.385634618953006,18.549995279455523,Standard Transplant
Philippines,1953,T+53,0.032428363804278396,2.499218627891526,0.33200305810601566,0.33200305810601566,5.0,6.0,0.551130152958732,16.995311767349154,Standard Transplant
Philippines,1954,T+54,0.08114268880438191,2.2698774746668597,0.4248931601715915,0.4248931601715915,6.0,5.0,1.0832051853636102,13.349387373334299,Intermediate/Uncertain
Philippines,1955,T+55,0.08957683512760575,2.1130176880471208,0.4331167770888065,0.4331167770888065,6.0,5.0,1.1255408555747697,12.565088440235604,Intermediate/Uncertain
Philippines,1956,T+56,0.09145307536979835,2.1203994317109216,0.438271490431688,0.438271490431688,6.0,5.0,1.1524913959512793,12.601997158554608,Intermediate/Uncertain
Philippines,1957,T+57,0.07894440364890619,1.9595519258238603,0.4056917394938142,0.3826251180580442,6.0,5.0,0.9313670983139639,11.797759629119302,Intermediate/Uncertain
Philippines,1958,T+58,0.032686628865480634,3.2301073898556374,0.39130891618650593,0.35719154739884074,5.0,6.0,0.6988611864181067,21.380644339133823,Standard Transplant
Philippines,1959,T+59,0.02948622098513867,3.4318134783230865,0.3819534348417095,0.34879629023679526,5.0,6.0,0.6661197055799489,22.59088086993852,Standard Transplant
Philippines,1960,T+60,0.01780487384987259,3.5876306596415413,0.36337791450756596,0.33212731678940793,4.0,7.0,0.482750926903715,27.11341461749079,Failed Transplant
Philippines,1961,T+61,0.016409964858931855,3.707572487490973,0.35412929887829614,0.3238279569019748,4.0,7.0,0.45870786933954977,27.95300741243681,Failed Transplant
Philippines,1962,T+62,0.014393007247488236,4.069225202664507,0.3688752993783555,0.3370604632527577,4.0,8.0,0.49733311716387274,34.553801621316055,Failed Transplant
Philippines,1963,T+63,0.014491035209862257,3.8441310786704452,0.36027866181858087,0.3293461639683763,4.0,8.0,0.4746255809184381,32.75304862936356,Failed Transplant
Philippines,1964,T+64,0.014392683507989636,3.741135355744296,0.3544554053466365,0.324120592583991,4.0,8.0,0.45954518410220224,31.92908284595437,Failed Transplant
Philippines,1965,T+65,0.014422903092008586,3.732772930409778,0.3544554053466365,0.324120592583991,4.0,8.0,0.45954518410220224,31.862183443278223,Failed Transplant
Philippines,1966,T+66,0.021976291413434962,3.1911743528049357,0.38266424973729957,0.3494341487951271,4.0,7.0,0.5348638255251168,24.33822046963455,Standard Transplant
Philippines,1967,T+67,0.038653492461389674,2.7436005084559962,0.3954502463540762,0.36090782136362476,5.0,6.0,0.7136054343467917,18.461603050735977,Standard Transplant
Philippines,1968,T+68,0.027264723517650975,2.9040650388722358,0.34893528327476336,0.34893528327476336,5.0,7.0,0.6087791595701968,22.32845527210565,Standard Transplant
Philippines,1969,T+69,0.012374204710691304,3.512811374099099,0.291107663976124,0.319894004814925,4.0,8.0,0.37249438584655914,30.10249099279279,Failed Transplant
Philippines,1970,T+70,0.004693814783532312,3.3721052400540525,0.20005433902009087,0.25299787240697,3.0,9.0,0.151839966413597,32.348947160486475,Ruptured
Philippines,1971,T+71,0.003816883682892891,2.8497532787944992,0.16556568020180754,0.21246021185886016,3.0,9.0,0.10552835847669695,27.647779509150492,Ruptured
Philippines,1972,T+72,0.0015990461011695734,3.816084380618437,0.12167159515558522,0.15921805957279617,3.0,9.0,0.05811694585739731,36.34475942556593,Ruptured
Philippines,1973,T+73,0.008222270104689108,5.103613915648401,0.26398949166636393,0.3334894837883586,4.0,8.0,0.35215087720546756,42.82891132518721,Failed Transplant
Philippines,1974,T+74,0.004066556069119515,5.722761571129799,0.24003128820362404,0.30215573277885455,3.0,9.0,0.21758048933105534,53.50485414016819,Ruptured
Philippines,1975,T+75,0.005269567547183721,5.5,0.2530976226851848,0.3192445462989858,3.0,8.0,0.24240010717045118,46.0,Failed Transplant
Philippines,1976,T+76,0.006924850792720214,4.373213921133975,0.2682290382352859,0.31828586293078553,3.0,8.0,0.2561205326934379,36.9857113690718,Failed Transplant
Philippines,1977,T+77,0.006924850792720214,4.373213921133975,0.2682290382352859,0.31828586293078553,3.0,8.0,0.2561205326934379,36.9857113690718,Failed Transplant
Philippines,1978,T+78,0.007255722989079207,4.077376607575022,0.26566884489366277,0.3151617415187514,3.0,8.0,0.25118596747188543,34.61901286060018,Failed Transplant
Philippines,1979,T+79,0.007193329553378705,3.7479160876412374,0.25441631721709707,0.30143064469792363,3.0,8.0,0.23006662356126306,31.9833287011299,Failed Transplant
Philippines,1980,T+80,0.007191438795624637,3.491060010942235,0.24619855888255812,0.2914027790854075,3.0,8.0,0.21522883279559935,29.92848008753788,Standard Transplant
Philippines,1981,T+81,0.005824944427641285,3.488821434238216,0.23246096494370552,0.24983035564226988,3.0,8.0,0.17422741663449354,29.910571473905726,Standard Transplant
Philippines,1982,T+82,0.004977221430481292,3.473110997362451,0.22662399758935808,0.2434758704585213,3.0,9.0,0.16553242523957637,33.25799897626206,Ruptured
Philippines,1983,T+83,0.00211092543082272,3.82783799944564,0.1961432844434646,0.1961432844434646,2.0,9.0,0.07694437606453973,36.45054199501076,Ruptured
Philippines,1984,T+84,0.001383754512116601,4.415438115295015,0.1876832690741226,0.17014391716802726,2.0,10.0,0.06386633317434418,46.15438115295015,Ruptured
Philippines,1985,T+85,0.0012774299971246704,5.00585594578989,0.2051478823921737,0.16208104291198686,2.0,10.0,0.06650116545861828,52.0585594578989,Ruptured
Philippines,1986,T+86,0.006738818358073605,5.558987655140098,0.25323270307614454,0.15553435341506763,7.0,7.0,0.2757046931554856,40.91291358598068,Failed Transplant
Philippines,1987,T+87,0.008685471000927905,3.2349410736518833,0.27848008436599747,0.21738254427821316,4.0,8.0,0.24214683708116794,27.879528589215067,Standard Transplant
Philippines,1988,T+88,0.015629771188726705,2.8277365064659046,0.3147517157612344,0.27056060965395673,4.0,7.0,0.34063766442395393,21.794155545261333,Standard Transplant
Philippines,1989,T+89,0.00940810075363341,2.788788939665388,0.2536770806800418,0.22539862439885042,4.0,8.0,0.22871386010719047,24.310311517323104,Standard Transplant
Philippines,1990,T+90,0.006326449193509036,2.994134891750871,0.25459799439675684,0.23976763742320345,3.0,9.0,0.18313307882758914,28.94721402575784,Standard Transplant
Philippines,1991,T+91,0.0031725194411504408,3.5772720053135463,0.22244466202914587,0.17957228496077823,3.0,10.0,0.11983468871370537,37.772720053135465,Ruptured
Philippines,1992,T+92,0.005892699677014293,3.0413812651491097,0.24625573628783506,0.2100268781329573,3.0,8.0,0.15516097054460043,26.331050121192877,Standard Transplant
Philippines,1993,T+93,0.01569436609401749,2.7386127875258306,0.3059229223649674,0.27151796223688246,4.0,7.0,0.3322542739283518,21.170289512680814,Standard Transplant
Philippines,1994,T+94,0.018680723894099176,2.965952629426168,0.3362441852450698,0.31614259927744487,4.0,7.0,0.42520444286121223,22.761668405983176,Standard Transplant
Philippines,1995,T+95,0.00869415807644718,3.25,0.2719569264388246,0.2983762040656353,3.0,8.0,0.24343642614052108,28.0,Standard Transplant
Philippines,1996,T+96,0.01993589806424328,3.29772648956823,0.3578023631901805,0.34940641926475685,4.0,7.0,0.500073770106996,25.08408542697761,Standard Transplant
Philippines,1997,T+97,0.016954653206816366,2.947456530637899,0.31333561323283254,0.306158168304364,4.0,7.0,0.38372102964755456,22.63219571446529,Standard Transplant
Philippines,1998,T+98,0.01783889713922306,2.8661548719495253,0.2977180329250366,0.26439855458677003,5.0,7.0,0.39358108789898044,22.063084103646677,Standard Transplant
Philippines,1999,T+99,0.01614572498713279,2.6272311946229627,0.2598896011449815,0.25335474366486693,5.0,7.0,0.32922131639625646,20.39061836236074,Standard Transplant
Philippines,2000,T+100,0.005831691625249837,3.715991624048687,0.23267255167420384,0.19880677779440845,4.0,8.0,0.18502752111820583,31.727932992389498,Failed Transplant
Philippines,2001,T+101,0.0037665465462121944,3.7117844428253104,0.238537100079646,0.18635615858576754,3.0,9.0,0.13335857295309483,35.406059985427795,Ruptured
Philippines,2002,T+102,0.007993751269136998,2.958039891549808,0.2695643669516042,0.2536860811836939,3.0,8.0,0.20515418363614715,25.664319132398465,Standard Transplant
Philippines,2003,T+103,0.007698719519161329,2.902046691560975,0.26218065226868764,0.24681936600731696,3.0,8.0,0.19413378711702695,25.2163735324878,Standard Transplant
Philippines,2004,T+104,0.007724561816682289,3.0078023538789913,0.2670189805423548,0.2513189199055671,3.0,8.0,0.2013207653525707,26.06241883103193,Standard Transplant
Philippines,2005,T+105,0.006241668375295901,2.165063509461097,0.18923843306120006,0.21241668918222326,3.0,8.0,0.12059220425067568,19.320508075688775,Standard Transplant
Philippines,2006,T+106,0.006324887967085405,2.5341418665891617,0.19858070144511783,0.23646991223216765,3.0,8.0,0.1408750831251879,22.273134932713294,Standard Transplant
Philippines,2007,T+107,0.006156962797083454,2.6100766272276377,0.19858070144511783,0.23646991223216765,3.0,8.0,0.1408750831251879,22.8806130178211,Standard Transplant
Philippines,2008,T+108,0.005298110557854894,2.7698149757700423,0.21047819835127804,0.2259446915502515,3.0,9.0,0.14266929481359653,26.92833478193038,Standard Transplant
Philippines,2009,T+109,0.0049157444868487415,3.132491021535417,0.21886240892970799,0.22604493682041746,3.0,9.0,0.14841821819664064,30.19241919381875,Ruptured
Philippines,2010,T+110,0.01501918741826302,3.1893377055432683,0.3261337924773243,0.2800592950205699,4.0,7.0,0.3653472000143372,24.32536393880288,Standard Transplant
Philippines,2011,T+111,0.020036734570715288,3.050998811864731,0.34769335591460876,0.3365018591545053,4.0,7.0,0.46799784272373984,23.356991683053117,Standard Transplant
Philippines,2012,T+112,0.019025893103068375,3.1862742741327215,0.3400013905718175,0.3400013905718175,4.0,7.0,0.46240378236307833,24.30391991892905,Standard Transplant
Philippines,2013,T+113,0.011794248814301002,3.635222654803967,0.30273183740636556,0.30273183740636556,4.0,8.0,0.3665862615177366,31.081781238431734,Failed Transplant
Philippines,2014,T+114,0.018079683669701148,3.459023525505428,0.3386196459639233,0.3498953257870355,4.0,7.0,0.4739257253697503,26.213164678537993,Standard Transplant
Philippines,2015,T+115,0.010818437237528967,3.6651867278489374,0.26083478977336266,0.2867696663359535,4.0,7.0,0.29919802252846317,27.656307094942562,Failed Transplant
Philippines,2016,T+116,0.0152095774985041,3.278123510485839,0.2496583845289748,0.3039603663139069,5.0,7.0,0.379431270073827,24.946864573400873,Standard Transplant
Poland,1900,T+0,0.005908203463310181,3.7503333185198353,0.2276434995532652,0.23144000805895162,3.0,6.6,0.15805744011352696,26.752199902230913,Failed Transplant
Poland,1901,T+1,0.005908203463310181,3.7503333185198353,0.2276434995532652,0.23144000805895162,3.0,6.6,0.15805744011352696,26.752199902230913,Failed Transplant
Poland,1902,T+2,0.005908203463310181,3.7503333185198353,0.2276434995532652,0.23144000805895162,3.0,6.6,0.15805744011352696,26.752199902230913,Failed Transplant
Poland,1903,T+3,0.005908203463310181,3.7503333185198353,0.2276434995532652,0.23144000805895162,3.0,6.6,0.15805744011352696,26.752199902230913,Failed Transplant
Poland,1904,T+4,0.005908203463310181,3.7503333185198353,0.2276434995532652,0.23144000805895162,3.0,6.6,0.15805744011352696,26.752199902230913,Failed Transplant
Poland,1905,T+5,0.0058194697388838255,3.4441753367097907,0.20947141936369165,0.20526085751858839,4.0,8.0,0.17198513265690876,29.553402693678326,Standard Transplant
Poland,1906,T+6,0.008254495456193715,3.384061908417161,0.2407255003106686,0.22021457652418028,4.0,7.0,0.21204505643794128,25.68843335892013,Standard Transplant
Poland,1907,T+7,0.008254495456193715,3.384061908417161,0.2407255003106686,0.22021457652418028,4.0,7.0,0.21204505643794128,25.68843335892013,Standard Transplant
Poland,1908,T+8,0.008254495456193715,3.384061908417161,0.2407255003106686,0.22021457652418028,4.0,7.0,0.21204505643794128,25.68843335892013,Standard Transplant
Poland,1909,T+9,0.008254495456193715,3.384061908417161,0.2407255003106686,0.22021457652418028,4.0,7.0,0.21204505643794128,25.68843335892013,Standard Transplant
Poland,1910,T+10,0.008254495456193715,3.384061908417161,0.2407255003106686,0.22021457652418028,4.0,7.0,0.21204505643794128,25.68843335892013,Standard Transplant
Poland,1911,T+11,0.008254495456193715,3.384061908417161,0.2407255003106686,0.22021457652418028,4.0,7.0,0.21204505643794128,25.68843335892013,Standard Transplant
Poland,1912,T+12,0.00941855505120676,3.010165070224555,0.24371629077484167,0.22289949042950072,4.0,7.0,0.21729694809232095,23.071155491571883,Standard Transplant
Poland,1913,T+13,0.010181213432421354,2.7957277675052694,0.24502188085551474,0.224071554137821,4.0,7.0,0.2196097345642688,21.570094372536886,Standard Transplant
Poland,1914,T+14,0.004097107374828486,2.8934192575567064,0.19628590329571047,0.1830209025379112,3.0,8.4,0.10777326952995026,26.304721763476334,Ruptured
Poland,1915,T+15,0.002844917066590798,2.436698586202241,0.15986839021140659,0.14194943434278298,3.0,9.0,0.06807968267940141,23.930287275820167,Ruptured
Poland,1916,T+16,0.0029563669652456076,2.39292577193694,0.16164461143274325,0.14348768704320156,3.0,9.0,0.06958203425244415,23.536331947432462,Ruptured
Poland,1917,T+17,0.007348469717067123,2.3842910371848482,0.20765973466845772,0.18643968647653839,4.0,8.0,0.1548640633015536,21.074328297478786,Standard Transplant
Poland,1918,T+18,0.008636609909740276,2.4481817232386978,0.22709268672618554,0.20523023744310123,4.0,8.0,0.18642514407362745,21.585453785909582,Standard Transplant
Poland,1919,T+19,0.01327676422469194,2.0198623096637056,0.2443282583426877,0.21924825587619529,4.0,7.0,0.21427417801161094,16.13903616764594,Standard Transplant
Poland,1920,T+20,0.01042182305550742,2.31880896151451,0.21854444580544455,0.19599983782988664,5.0,8.0,0.21417337968244793,20.55047169211608,Standard Transplant
Poland,1921,T+21,0.021501729788938512,1.9665960439297137,0.2875870844584874,0.2579347057431399,4.0,6.0,0.2967147600213099,13.799576263578281,Intermediate/Uncertain
Poland,1922,T+22,0.022758662538134244,2.010441493801797,0.300503696222996,0.26625885651282927,4.0,6.0,0.3200470821368541,14.062648962810782,Standard Transplant
Poland,1923,T+23,0.02594513959229408,1.4670868242881878,0.2743342303059286,0.25541190537275615,4.0,6.0,0.28027291388562287,10.802520945729126,Intermediate/Uncertain
Poland,1924,T+24,0.04108723570031983,1.0439558180306292,0.282284318287711,0.2627145274848562,4.0,5.0,0.29664076518136295,7.219779090153146,Intermediate/Uncertain
Poland,1925,T+25,0.03616274170572228,1.27322179921646,0.28509634686489044,0.2652975406684364,4.0,5.0,0.3025414387072437,8.3661089960823,Intermediate/Uncertain
Poland,1926,T+26,0.03494961684612434,1.2975337182516684,0.282284318287711,0.2627145274848562,4.0,5.0,0.29664076518136295,8.487668591258341,Intermediate/Uncertain
Poland,1927,T+27,0.03574867276547636,1.3195051155641648,0.2873677609452635,0.26738396772774414,4.0,5.0,0.30735012847432974,8.597525577820825,Intermediate/Uncertain
Poland,1928,T+28,0.040450386490458304,1.1196400091100709,0.2873677609452635,0.26738396772774414,4.0,5.0,0.30735012847432974,7.598200045550355,Intermediate/Uncertain
Poland,1929,T+29,0.02400155722942251,1.6851835953390955,0.27941767296348113,0.26008134561564417,4.0,6.0,0.2906852974925367,12.111101572034572,Intermediate/Uncertain
Poland,1930,T+30,0.023481308260700218,1.6642847562842125,0.27490871848980286,0.2559396064654125,4.0,6.0,0.281440116896764,11.985708537705275,Intermediate/Uncertain
Poland,1931,T+31,0.013209372676402818,2.4358969087381346,0.25985474122755076,0.2421116453809208,4.0,7.0,0.25165543583454286,19.051278361166943,Standard Transplant
Poland,1932,T+32,0.013209372676402818,2.4358969087381346,0.25985474122755076,0.2421116453809208,4.0,7.0,0.25165543583454286,19.051278361166943,Standard Transplant
Poland,1933,T+33,0.020270447585226843,1.8727903646697888,0.2683781436168153,0.24994089040321468,4.0,6.0,0.2683146887213946,13.236742188018733,Intermediate/Uncertain
Poland,1934,T+34,0.02436624819112215,1.631285919144771,0.27773730611109254,0.2585378301022547,4.0,6.0,0.28722240184163017,11.787715514868626,Intermediate/Uncertain
Poland,1935,T+35,0.0328808867338091,1.394576548634029,0.2815148878040118,0.2620077604557539,4.0,5.0,0.29503634115392785,8.972882743170144,Intermediate/Uncertain
Poland,1936,T+36,0.03356911603757056,1.334107847964324,0.27960002583355603,0.26024884742244997,4.0,5.0,0.2910623378498808,8.67053923982162,Intermediate/Uncertain
Poland,1937,T+37,0.02249523090980081,1.6665364532466729,0.2691879225632429,0.25068471986191326,4.0,6.0,0.2699251958319078,11.999218719480037,Intermediate/Uncertain
Poland,1938,T+38,0.017294755605049006,1.529654781315052,0.23699552036194202,0.22067141593015255,4.0,6.6,0.20919254818949218,12.095721556679344,Intermediate/Uncertain
Poland,1939,T+39,0.002009365281695917,2.385765076448224,0.14303882724663325,0.12108009811625334,3.0,10.0,0.05195746571236849,25.857650764482237,Ruptured
Poland,1940,T+40,0.0014768318463961206,2.2491317769308226,0.1174961954068209,0.10261199782309964,3.0,10.0,0.03616955804192158,24.491317769308225,Ruptured
Poland,1941,T+41,0.0014768318463961206,2.2491317769308226,0.1174961954068209,0.10261199782309964,3.0,10.0,0.03616955804192158,24.491317769308225,Ruptured
Poland,1942,T+42,0.0014231461381888327,2.39057393736316,0.11863928486590702,0.1035847245937694,3.0,10.0,0.0368676529465102,25.905739373631597,Ruptured
Poland,1943,T+43,0.0013083876850912804,2.704163456597992,0.12046700086965102,0.10514004318400876,3.0,10.0,0.037997717021049385,29.041634565979923,Ruptured
Poland,1944,T+44,0.0012046976335224845,3.0126555976413902,0.12159360586626956,0.10609874228797676,3.0,10.0,0.038702785958013464,32.126555976413904,Ruptured
Poland,1945,T+45,0.001568774271208789,2.094897073843963,0.121829980857564,0.09850272374602234,3.0,10.0,0.03600175484518745,22.94897073843963,Ruptured
Poland,1946,T+46,0.007829219700653372,1.5909411522743386,0.17534422903378008,0.16084632062927956,4.0,7.8,0.11281389633464488,14.40934098773984,Intermediate/Uncertain
Poland,1947,T+47,0.015524902088458189,1.0816653826391966,0.1954824141058986,0.1900414532967314,4.0,7.0,0.14859904828255371,9.571657678474377,Intermediate/Uncertain
Poland,1948,T+48,0.021555736157453553,1.1335784048754634,0.22373954371186072,0.21198998981482345,4.0,6.0,0.1897221743706024,8.801470429252781,Intermediate/Uncertain
Poland,1949,T+49,0.02827730474356948,1.2134661099511597,0.23179446915633006,0.24603948193075645,4.0,5.0,0.22812236442255263,8.067330549755798,Intermediate/Uncertain
Poland,1950,T+50,0.06035119902960073,0.6557438524302,0.2524191105330427,0.2524191105330427,5.0,5.0,0.31857703681146216,5.278719262151,Intermediate/Uncertain
Poland,1951,T+51,0.06035119902960073,0.6557438524302,0.2524191105330427,0.2524191105330427,5.0,5.0,0.31857703681146216,5.278719262151,Intermediate/Uncertain
Poland,1952,T+52,0.06035119902960073,0.6557438524302,0.2524191105330427,0.2524191105330427,5.0,5.0,0.31857703681146216,5.278719262151,Intermediate/Uncertain
Poland,1953,T+53,0.06259124637531198,0.6179603547154136,0.2524191105330427,0.2524191105330427,5.0,5.0,0.31857703681146216,5.089801773577068,Intermediate/Uncertain
Poland,1954,T+54,0.06524019268181058,0.5766281297335397,0.2524191105330427,0.2524191105330427,5.0,5.0,0.31857703681146216,4.883140648667698,Intermediate/Uncertain
Poland,1955,T+55,0.07126643477387808,0.49607837082461076,0.252705976911222,0.252705976911222,5.0,5.0,0.3193015538332753,4.480391854123054,Intermediate/Uncertain
Poland,1956,T+56,0.03615212547825899,0.8214887400323876,0.24024704641438724,0.23325506240240942,5.0,7.0,0.2801941990169122,7.750421180226713,Intermediate/Uncertain
Poland,1957,T+57,0.07259695642209203,0.5555121510822243,0.2737985562727633,0.2533514965790786,5.0,5.0,0.34683636996447825,4.7775607554111215,Intermediate/Uncertain
Poland,1958,T+58,0.07259994976914924,0.5448623679425842,0.27226374046382457,0.25195040784545986,5.0,5.0,0.34298480225695516,4.724311839712922,Intermediate/Uncertain
Poland,1959,T+59,0.07259994976914924,0.5448623679425842,0.27226374046382457,0.25195040784545986,5.0,5.0,0.34298480225695516,4.724311839712922,Intermediate/Uncertain
Poland,1960,T+60,0.07259994976914924,0.5448623679425842,0.27226374046382457,0.25195040784545986,5.0,5.0,0.34298480225695516,4.724311839712922,Intermediate/Uncertain
Poland,1961,T+61,0.07259994976914924,0.5448623679425842,0.27226374046382457,0.25195040784545986,5.0,5.0,0.34298480225695516,4.724311839712922,Intermediate/Uncertain
Poland,1962,T+62,0.07259994976914924,0.5448623679425842,0.27226374046382457,0.25195040784545986,5.0,5.0,0.34298480225695516,4.724311839712922,Intermediate/Uncertain
Poland,1963,T+63,0.07259994976914924,0.5448623679425842,0.27226374046382457,0.25195040784545986,5.0,5.0,0.34298480225695516,4.724311839712922,Intermediate/Uncertain
Poland,1964,T+64,0.07259994976914924,0.5448623679425842,0.27226374046382457,0.25195040784545986,5.0,5.0,0.34298480225695516,4.724311839712922,Intermediate/Uncertain
Poland,1965,T+65,0.07259994976914924,0.5448623679425842,0.27226374046382457,0.25195040784545986,5.0,5.0,0.34298480225695516,4.724311839712922,Intermediate/Uncertain
Poland,1966,T+66,0.07259994976914924,0.5448623679425842,0.27226374046382457,0.25195040784545986,5.0,5.0,0.34298480225695516,4.724311839712922,Intermediate/Uncertain
Poland,1967,T+67,0.09932034868544978,0.25,0.25829206324279025,0.24994274247156678,5.0,5.0,0.3227911332277118,3.25,Young Ancient Forest
Poland,1968,T+68,0.06557678426376791,0.3897114317029974,0.23540994343160562,0.24169727010843872,5.0,6.0,0.2844897034190053,4.338268590217984,Intermediate/Uncertain
Poland,1969,T+69,0.07259994976914924,0.5448623679425842,0.27226374046382457,0.25195040784545986,5.0,5.0,0.34298480225695516,4.724311839712922,Intermediate/Uncertain
Poland,1970,T+70,0.03453890871957298,1.018270592720815,0.26095443743935215,0.241626473885185,5.0,7.0,0.31526750281581384,9.127894149045705,Intermediate/Uncertain
Poland,1971,T+71,0.06820803333574507,0.6057020719792859,0.27226374046382457,0.25195040784545986,5.0,5.0,0.34298480225695516,5.02851035989643,Intermediate/Uncertain
Poland,1972,T+72,0.06820803333574507,0.6057020719792859,0.27226374046382457,0.25195040784545986,5.0,5.0,0.34298480225695516,5.02851035989643,Intermediate/Uncertain
Poland,1973,T+73,0.06536037651329604,0.649519052838329,0.27226374046382457,0.25195040784545986,5.0,5.0,0.34298480225695516,5.247595264191645,Intermediate/Uncertain
Poland,1974,T+74,0.06536037651329604,0.649519052838329,0.27226374046382457,0.25195040784545986,5.0,5.0,0.34298480225695516,5.247595264191645,Intermediate/Uncertain
Poland,1975,T+75,0.06536037651329604,0.649519052838329,0.27226374046382457,0.25195040784545986,5.0,5.0,0.34298480225695516,5.247595264191645,Intermediate/Uncertain
Poland,1976,T+76,0.04271605568339759,0.9055385138137416,0.2618909110685196,0.24248135343719118,5.0,6.0,0.3175183128439685,7.4332310828824495,Intermediate/Uncertain
Poland,1977,T+77,0.06775862126693025,0.6123724356957945,0.27226374046382457,0.25195040784545986,5.0,5.0,0.34298480225695516,5.061862178478973,Intermediate/Uncertain
Poland,1978,T+78,0.053547201499419626,0.9143816216438297,0.27469798776186655,0.2562139537851627,5.0,5.0,0.3519072877064804,6.571908108219149,Intermediate/Uncertain
Poland,1979,T+79,0.03221295978573782,1.5811388300841898,0.2872466233143358,0.25763567529326764,5.0,6.0,0.3700248888664989,11.486832980505138,Intermediate/Uncertain
Poland,1980,T+80,0.026421704146686296,1.7036266463048764,0.25395747884990827,0.24146591031378692,6.0,7.0,0.36793244286892435,13.925386524134135,Intermediate/Uncertain
Poland,1981,T+81,0.01542702630316562,1.818954026356906,0.20764411484435066,0.2049520045941675,6.0,8.0,0.2553424654771872,16.551632210855246,Intermediate/Uncertain
Poland,1982,T+82,0.016823727200697063,1.4577379737113252,0.20000033872911713,0.2053192086621364,5.0,7.0,0.20531955640010782,12.204165815979277,Intermediate/Uncertain
Poland,1983,T+83,0.027155658720463757,1.1388041973930374,0.22264768159570142,0.2154625500924868,5.0,6.0,0.2398611862439493,8.832825184358224,Intermediate/Uncertain
Poland,1984,T+84,0.03261894187582977,1.0862780491200215,0.23264750078529625,0.2388483229652074,5.0,6.0,0.2778373270230739,8.517668294720128,Intermediate/Uncertain
Poland,1985,T+85,0.031711740228832865,1.1532562594670797,0.23692764717966047,0.23876830022133516,5.0,6.0,0.28285405796263874,8.919537556802478,Intermediate/Uncertain
Poland,1986,T+86,0.04163380830555599,0.81967981553775,0.24224406001877158,0.23779816971444903,5.0,6.0,0.2880259704833051,6.9180788932265,Intermediate/Uncertain
Poland,1987,T+87,0.022328938350525893,1.2579124572083702,0.22892188012855236,0.2107905321388356,5.0,7.0,0.24127282465260147,10.805387200458592,Intermediate/Uncertain
Poland,1988,T+88,0.01933475236046016,1.56983279364396,0.232223490709284,0.21628802679773643,5.0,7.0,0.25113580290796755,12.98882955550772,Intermediate/Uncertain
Poland,1989,T+89,0.02026279240219907,2.0757152381769517,0.24947346783073585,0.22376734515944482,6.0,7.0,0.3349440935052236,16.530006667238663,Standard Transplant
Poland,1990,T+90,0.011341774216486668,2.0498475553074673,0.2256097742505163,0.210212940312451,4.4,8.0,0.20867481363708903,18.39878044245974,Standard Transplant
Poland,1991,T+91,0.01001007937331779,2.1028254801575903,0.22483673729721665,0.20950286052948855,4.0,8.0,0.18841575846353614,18.822603841260722,Standard Transplant
Poland,1992,T+92,0.012423824827940657,1.7583728273605685,0.23146850798363888,0.21559453088181907,4.0,8.0,0.19961337757058886,16.06698261888455,Intermediate/Uncertain
Poland,1993,T+93,0.021276015775736856,1.4730919862656233,0.2651501805770471,0.2469758170197165,4.0,7.0,0.26194272992376627,12.311643903859363,Intermediate/Uncertain
Poland,1994,T+94,0.03819553753730821,1.1583932838203097,0.2765980849703253,0.257491388665103,4.8,6.0,0.3418638000053626,8.950359702921858,Intermediate/Uncertain
Poland,1995,T+95,0.04333900043106536,1.2747548783981961,0.2931700771860486,0.28526623059363343,5.0,6.0,0.41815761420854325,9.648529270389176,Intermediate/Uncertain
Poland,1996,T+96,0.05596355502275415,1.1344051304538427,0.29707861045427847,0.2890506516576215,5.0,5.0,0.4293538297267494,7.672025652269213,Intermediate/Uncertain
Poland,1997,T+97,0.056171790951142546,1.1379120132945253,0.29797289792862547,0.2899165417813384,5.0,5.0,0.43193636056015416,7.689560066472627,Intermediate/Uncertain
Poland,1998,T+98,0.05802297948747244,1.0885052824860335,0.29793873328833537,0.28988346201062026,5.0,5.0,0.43183755736340745,7.442526412430167,Intermediate/Uncertain
Poland,1999,T+99,0.05802297948747244,1.0885052824860335,0.29793873328833537,0.28988346201062026,5.0,5.0,0.43183755736340745,7.442526412430167,Intermediate/Uncertain
Poland,2000,T+100,0.05424169005693795,1.2018215341721916,0.2988330207626824,0.2907493521343372,5.0,5.0,0.4344275359154843,8.009107670860958,Intermediate/Uncertain
Poland,2001,T+101,0.05424169005693795,1.2018215341721916,0.2988330207626824,0.2907493521343372,5.0,5.0,0.4344275359154843,8.009107670860958,Intermediate/Uncertain
Poland,2002,T+102,0.05424169005693795,1.2018215341721916,0.2988330207626824,0.2907493521343372,5.0,5.0,0.4344275359154843,8.009107670860958,Intermediate/Uncertain
Poland,2003,T+103,0.05418602131810426,1.2305994474238973,0.3013567912944265,0.2931929824441107,5.0,5.0,0.4417784820970016,8.152997237119486,Intermediate/Uncertain
Poland,2004,T+104,0.0716674197450158,1.2224463178397649,0.34044515192508396,0.33124912398264594,5.0,4.8,0.5638607916966144,7.867742325630871,Intermediate/Uncertain
Poland,2005,T+105,0.0705208495577068,1.1934718262280013,0.339840620074295,0.33066378853505657,5.0,5.0,0.561864934659346,7.9673591311400065,Intermediate/Uncertain
Poland,2006,T+106,0.06266192991682631,1.3836094102021708,0.33360423907137643,0.3246254385938295,5.0,4.8,0.5414821121265316,8.641325168970418,Intermediate/Uncertain
Poland,2007,T+107,0.09346003970448066,1.0071618539241844,0.3403170675832873,0.3311251068519737,5.0,4.0,0.5634376268353318,6.028647415696738,Young Ancient Forest
Poland,2008,T+108,0.08508141428088044,1.0758717395675008,0.33200305076703257,0.323075094684613,5.0,4.0,0.5363095853106971,6.303486958270003,Young Ancient Forest
Poland,2009,T+109,0.06930324171270782,1.2183492931011204,0.3395128431396096,0.33034641988272956,5.0,5.0,0.5607842611768838,8.0917464655056,Intermediate/Uncertain
Poland,2010,T+110,0.06649929843367929,1.2467457639791681,0.33546894118255455,0.3264309286493871,5.0,5.0,0.5475371900162395,8.233728819895841,Intermediate/Uncertain
Poland,2011,T+111,0.09120645543679372,1.0404326023342405,0.3398784087520923,0.3307003772650025,5.0,4.0,0.5619895899927283,6.161730409336962,Young Ancient Forest
Poland,2012,T+112,0.09837306633856814,0.9509863300805118,0.3425843939334472,0.3333204361506204,5.0,4.0,0.5709518980214628,5.803945320322047,Young Ancient Forest
Poland,2013,T+113,0.09837306633856814,0.9509863300805118,0.3425843939334472,0.3333204361506204,5.0,4.0,0.5709518980214628,5.803945320322047,Young Ancient Forest
Poland,2014,T+114,0.092015421284222,0.9270248108869579,0.31902465812270836,0.32927433240923903,5.0,4.0,0.5252331566272026,5.7080992435478315,Young Ancient Forest
Poland,2015,T+115,0.07395138039066619,1.2183492931011204,0.31385315820984083,0.3239076590924524,5.0,4.0,0.5082972088726132,6.873397172404482,Intermediate/Uncertain
Poland,2016,T+116,0.04758819789064008,1.4523687548277813,0.26870785871959285,0.27661181508562255,5.0,4.0,0.37163884264098807,7.809475019311125,Intermediate/Uncertain
Poland,2017,T+117,0.04758819789064008,1.4523687548277813,0.26870785871959285,0.27661181508562255,5.0,4.0,0.37163884264098807,7.809475019311125,Intermediate/Uncertain
Poland,2018,T+118,0.03837173203157734,1.5,0.26613194173948523,0.2739479161481654,5.0,5.0,0.3645314542999847,9.5,Intermediate/Uncertain
Poland,2019,T+119,0.03837173203157734,1.5,0.26613194173948523,0.2739479161481654,5.0,5.0,0.3645314542999847,9.5,Intermediate/Uncertain
Poland,2020,T+120,0.03765049642812486,1.0532687216470449,0.2467435207451147,0.2538972722474762,5.0,6.0,0.3132375343096159,8.319612329882268,Intermediate/Uncertain
Poland,2021,T+121,0.04547897759362673,1.1110243021644486,0.2583960110454159,0.2659477601977539,5.0,5.0,0.3435992019078121,7.555121510822243,Intermediate/Uncertain
Poland,2022,T+122,0.03610730664262744,1.3656500283747663,0.2527168979677371,0.26007467367743614,5.0,5.2,0.32862632385866575,9.101380147548785,Intermediate/Uncertain
Poland,2023,T+123,0.04523998727127473,1.4523687548277813,0.2873954744728335,0.2915882341008723,5.0,5.0,0.4190056944505792,9.261843774138907,Intermediate/Uncertain
Poland,2024,T+124,0.055505430217234863,1.2613856468186089,0.307885150649247,0.29951403920893005,5.0,5.0,0.4610796254170295,8.306928234093045,Intermediate/Uncertain
Poland,2025,T+125,0.055505430217234863,1.2613856468186089,0.307885150649247,0.29951403920893005,5.0,5.0,0.4610796254170295,8.306928234093045,Intermediate/Uncertain
Russia,1900,T+0,0.015239322382496312,2.7950849718747373,0.2705404972736197,0.303693028296144,4.0,7.0,0.32864505157508095,21.56559480312316,Standard Transplant
Russia,1901,T+1,0.009350093302263591,3.3048260166005714,0.23628183991741575,0.2813415956143439,4.0,8.0,0.2659036394282349,28.43860813280457,Standard Transplant
Russia,1902,T+2,0.006675599853965299,3.927069518101252,0.2289071342297551,0.2722622679069175,4.0,9.0,0.24929110202186522,37.343625662911265,Failed Transplant
Russia,1903,T+3,0.006212415503272601,3.944933459514875,0.21581571583445217,0.26989800320507074,4.0,9.0,0.23299292305596642,37.50440113563387,Failed Transplant
Russia,1904,T+4,0.0033466301669008206,5.0682837331783235,0.19432547481817347,0.22682303086798616,4.0,10.0,0.1763099726924745,52.68283733178323,Ruptured
Russia,1905,T+5,0.0038502036517897497,4.962358310319802,0.16243064846281133,0.1748098210910444,7.0,10.0,0.19876130818240462,51.623583103198015,Ruptured
Russia,1906,T+6,0.007958671746901328,3.2445868381043526,0.18654722596873435,0.23854351639772542,5.0,8.0,0.22249815628411485,27.95669470483482,Standard Transplant
Russia,1907,T+7,0.007067386680636417,2.968585521759479,0.1594802162298106,0.22821126266037967,5.0,8.0,0.18197590757577725,25.748684174075834,Standard Transplant
Russia,1908,T+8,0.007181903481952407,2.8613807855648994,0.15811173532577436,0.2261250142020113,5.0,8.0,0.17876509198022691,24.891046284519195,Standard Transplant
Russia,1909,T+9,0.007112706296048132,2.839454172900137,0.1568348974940204,0.22417847556181084,5.0,8.0,0.1757950411755118,24.715633383201094,Standard Transplant
Russia,1910,T+10,0.01024029629757414,2.4929588343973914,0.1714173525935463,0.23239310307238722,5.0,7.0,0.19918105244833872,19.45071184078174,Standard Transplant
Russia,1911,T+11,0.0076494344250038785,2.833256739160784,0.16696349825102855,0.2260151037918629,5.0,8.0,0.18868136193329366,24.666053913286273,Standard Transplant
Russia,1912,T+12,0.007114223686615419,3.2493989828889895,0.16547435916180778,0.22388262991435354,6.0,9.0,0.22228100827522695,31.244590846000907,Standard Transplant
Russia,1913,T+13,0.007114223686615419,3.2493989828889895,0.16547435916180778,0.22388262991435354,6.0,9.0,0.22228100827522695,31.244590846000907,Standard Transplant
Russia,1914,T+14,0.00742494991242858,3.390588997504711,0.16327805732953107,0.22073748630865658,6.0,8.0,0.21624952766568845,29.124711980037688,Standard Transplant
Russia,1915,T+15,0.004054619667266616,4.561643755270681,0.14717973010431337,0.1976843930631236,6.0,9.0,0.1745708137011932,43.054793797436126,Ruptured
Russia,1916,T+16,0.0029445306781085722,4.9714025938360695,0.13777099893212572,0.18421092131664155,6.0,10.0,0.1522735358640055,51.71402593836069,Ruptured
Russia,1917,T+17,0.0009300528369715692,4.987092715199909,0.08697761129456649,0.06162850701976002,9.0,10.0,0.04824270295406235,51.87092715199908,Ruptured
Russia,1918,T+18,0.0006768691067419395,6.694213919497942,0.09784000524814783,0.05299445996942779,9.0,10.0,0.04666480417378417,68.94213919497942,Ruptured
Russia,1919,T+19,0.0005942814417595324,7.0611171212493,0.09128795278865633,0.05252180380606549,9.0,10.0,0.04315147151600859,72.61117121249299,Ruptured
Russia,1920,T+20,0.0008686294590635667,7.0611171212493,0.10486232119937651,0.06033170963350444,9.0,9.0,0.05693870802686454,65.5500540912437,Ruptured
Russia,1921,T+21,0.0014964586684446351,7.2669521637341195,0.11914236875108786,0.0839243062722685,9.0,8.0,0.08999046580562864,60.135617309872956,Ruptured
Russia,1922,T+22,0.0018308933320779054,7.549575733112424,0.12345209026896398,0.10282129094546395,9.0,8.0,0.11424152962233743,62.39660586489939,Ruptured
Russia,1923,T+23,0.0022702856840446563,7.989983964314321,0.13255068066951878,0.11024495534110165,9.0,7.0,0.13151739483759353,57.92988775020025,Ruptured
Russia,1924,T+24,0.0024225163458937277,8.18821561758116,0.12635823674196053,0.12635823674196053,9.0,7.0,0.1436976359328361,59.317509323068116,Ruptured
Russia,1925,T+25,0.0023882776381922515,8.774741805318262,0.12973142886502556,0.12973142886502556,9.0,7.0,0.1514721927182507,63.423192637227835,Ruptured
Russia,1926,T+26,0.0023694691012750087,8.576630675854009,0.12779904705736456,0.12779904705736456,9.0,7.0,0.1469933678589343,62.036414730978066,Ruptured
Russia,1927,T+27,0.0019745861045767287,8.14996165635152,0.12142285183279147,0.12142285183279147,9.0,8.0,0.1326915805248723,67.19969325081216,Ruptured
Russia,1928,T+28,0.0007579839724132733,8.97566153550812,0.061523009609440675,0.11332099181653403,9.0,9.0,0.06274663621631973,82.78095381957309,Ruptured
Russia,1929,T+29,0.0006345821363159782,8.590510753150827,0.05810838963402547,0.1066646720833243,9.0,10.0,0.0557830109304303,87.90510753150826,Ruptured
Russia,1930,T+30,0.0006322180356264078,8.421512631350737,0.05745991072782132,0.1054005539761806,9.0,10.0,0.05450675779920825,86.21512631350737,Ruptured
Russia,1931,T+31,0.0006322180356264078,8.421512631350737,0.05745991072782132,0.1054005539761806,9.0,10.0,0.05450675779920825,86.21512631350737,Ruptured
Russia,1932,T+32,0.000638782259279278,8.332916656249479,0.05745991072782132,0.1054005539761806,9.0,10.0,0.05450675779920825,85.32916656249479,Ruptured
Russia,1933,T+33,0.000638782259279278,8.332916656249479,0.05745991072782132,0.1054005539761806,9.0,10.0,0.05450675779920825,85.32916656249479,Ruptured
Russia,1934,T+34,0.0006355408815758387,7.821245105480329,0.05562649277602803,0.1018265644313386,9.0,10.0,0.05097829185672849,80.21245105480328,Ruptured
Russia,1935,T+35,0.0006417997060128143,7.636262174650632,0.05526319045187763,0.10111835782364156,9.0,10.0,0.050293107599301126,78.36262174650632,Ruptured
Russia,1936,T+36,0.0006620333610957013,7.056690088136222,0.05405169341366095,0.09875671532747296,9.0,10.0,0.048041709294786836,72.56690088136222,Ruptured
Russia,1937,T+37,0.0006626921956177477,6.689544080129826,0.052736815026101835,0.09619354548107839,9.0,10.0,0.0456564709326649,68.89544080129826,Ruptured
Russia,1938,T+38,0.0006610895844271181,7.14142842854285,0.05431866711675782,0.0992771428833844,9.0,10.0,0.04853341868926824,73.41428428542851,Ruptured
Russia,1939,T+39,0.0006568942656735072,7.188315171164938,0.05431866711675782,0.0992771428833844,9.0,10.0,0.04853341868926824,73.88315171164938,Ruptured
Russia,1940,T+40,0.0006559284029988942,7.326109131046302,0.05476759474196756,0.10015226393110897,9.0,10.0,0.04936588743122596,75.26109131046302,Ruptured
Russia,1941,T+41,0.0007379149608411407,6.010082674140182,0.05175374137319044,0.09838285850817176,9.0,10.0,0.04582512913308399,62.10082674140182,Ruptured
Russia,1942,T+42,0.0007180195269817773,6.292046070238202,0.05218072984801132,0.09925792448399613,9.0,10.0,0.0466141584849634,64.92046070238202,Ruptured
Russia,1943,T+43,0.0007101509783103701,7.0,0.054558416381180204,0.10413073185244945,9.0,10.0,0.051130870438346646,72.0,Ruptured
Russia,1944,T+44,0.0006779707849910503,7.936269589674988,0.056593067546410844,0.1083005259156536,9.0,10.0,0.055161530806107625,81.36269589674988,Ruptured
Russia,1945,T+45,0.0008382137550482921,9.48024261292927,0.0636566187890583,0.1277595266196301,9.0,9.0,0.07319465534426707,87.32218351636344,Ruptured
Russia,1946,T+46,0.0007370379096227983,9.222933372848358,0.062061912152533656,0.12433926192515857,9.0,10.0,0.06945059115639057,94.22933372848358,Ruptured
Russia,1947,T+47,0.0007370379096227983,9.222933372848358,0.062061912152533656,0.12433926192515857,9.0,10.0,0.06945059115639057,94.22933372848358,Ruptured
Russia,1948,T+48,0.0007290123159775253,9.051070378690026,0.061188431676552864,0.12246585501451947,9.0,10.0,0.06744144242039898,92.51070378690027,Ruptured
Russia,1949,T+49,0.0007386352026832395,9.30872406670216,0.062399411052443565,0.1250631164231247,9.0,10.0,0.07023478328267548,95.0872406670216,Ruptured
Russia,1950,T+50,0.0007220945436445233,8.964992679863158,0.06063332445873872,0.12127528267020811,9.0,10.0,0.06617991206671184,91.64992679863158,Ruptured
Russia,1951,T+51,0.0007220945436445233,8.964992679863158,0.06063332445873872,0.12127528267020811,9.0,10.0,0.06617991206671184,91.64992679863158,Ruptured
Russia,1952,T+52,0.0007177217619855952,8.643774855351104,0.05942440349591458,0.11868243606579124,9.0,10.0,0.06347369671786497,88.43774855351104,Ruptured
Russia,1953,T+53,0.0008320973273484181,8.346968012398275,0.06842539771315197,0.11548520932182164,9.0,10.0,0.07111909240049026,85.46968012398276,Ruptured
Russia,1954,T+54,0.0008320973273484181,8.346968012398275,0.06842539771315197,0.11548520932182164,9.0,10.0,0.07111909240049026,85.46968012398276,Ruptured
Russia,1955,T+55,0.0008255343561530029,8.684576846340875,0.06945857564038481,0.11732849973949766,9.0,10.0,0.07334523426535891,88.84576846340875,Ruptured
Russia,1956,T+56,0.0012594564835906078,8.071700177162182,0.10333734769520367,0.11201550230923944,9.0,10.0,0.1041784641844449,82.71700177162182,Ruptured
Russia,1957,T+57,0.0014761243470504742,8.249763254178873,0.11444753742639784,0.12109285613678673,9.0,10.0,0.12472901266305879,84.49763254178873,Ruptured
Russia,1958,T+58,0.0016634558775654909,8.641967006995571,0.11803704622241173,0.12491999880623396,9.0,9.0,0.13270668905875552,79.77770306296014,Ruptured
Russia,1959,T+59,0.0019054750362148564,8.551087284667371,0.1268868148866671,0.13174987696945653,9.0,9.0,0.15045590025328134,78.95978556200635,Ruptured
Russia,1960,T+60,0.0018951431790039956,8.339476902060465,0.12501184294952258,0.12979286852542785,9.0,9.0,0.14603081126461936,77.05529211854419,Ruptured
Russia,1961,T+61,0.0020210198561373383,8.044553670030426,0.13016429696431517,0.12835561374453097,9.0,9.0,0.15036586402032057,74.40098303027384,Ruptured
Russia,1962,T+62,0.0020210198561373383,8.044553670030426,0.13016429696431517,0.12835561374453097,9.0,9.0,0.15036586402032057,74.40098303027384,Ruptured
Russia,1963,T+63,0.0020464212624188146,7.833970497136175,0.12929982525637457,0.12750492154455473,9.0,9.0,0.14837727667534809,72.50573447422558,Ruptured
Russia,1964,T+64,0.0019294157946030312,7.664854858377946,0.12670930588876508,0.12009734396241226,9.0,9.0,0.13695705983305376,70.98369372540151,Ruptured
Russia,1965,T+65,0.0019586965856908233,7.9133490855642155,0.12967448816154772,0.12288551101396017,9.0,9.0,0.1434160416888497,73.22014177007794,Ruptured
Russia,1966,T+66,0.0019571311739083434,7.960841664045329,0.1300017221377787,0.12319320980167008,9.0,9.0,0.14413796486908007,73.64757497640797,Ruptured
Russia,1967,T+67,0.0019483334471555147,7.757053242050102,0.12807645778269078,0.1213828797286597,9.0,9.0,0.13991660343998205,71.81347917845092,Ruptured
Russia,1968,T+68,0.0018083660641232296,7.762087348130012,0.12616327388746076,0.11444340359587273,9.0,9.0,0.12994699025231374,71.85878613317011,Ruptured
Russia,1969,T+69,0.0018083660641232296,7.762087348130012,0.12616327388746076,0.11444340359587273,9.0,9.0,0.12994699025231374,71.85878613317011,Ruptured
Russia,1970,T+70,0.0018016911665817603,7.715396538739924,0.12555722576044123,0.1139013507084429,9.0,9.0,0.1287102384478724,71.43856884865932,Ruptured
Russia,1971,T+71,0.0018016911665817603,7.715396538739924,0.12555722576044123,0.1139013507084429,9.0,9.0,0.1287102384478724,71.43856884865932,Ruptured
Russia,1972,T+72,0.0018016911665817603,7.715396538739924,0.12555722576044123,0.1139013507084429,9.0,9.0,0.1287102384478724,71.43856884865932,Ruptured
Russia,1973,T+73,0.0018016911665817603,7.715396538739924,0.12555722576044123,0.1139013507084429,9.0,9.0,0.1287102384478724,71.43856884865932,Ruptured
Russia,1974,T+74,0.0018016911665817603,7.715396538739924,0.12555722576044123,0.1139013507084429,9.0,9.0,0.1287102384478724,71.43856884865932,Ruptured
Russia,1975,T+75,0.0018016911665817603,7.715396538739924,0.12555722576044123,0.1139013507084429,9.0,9.0,0.1287102384478724,71.43856884865932,Ruptured
Russia,1976,T+76,0.0017937255554415787,7.671986379028576,0.12493192366928939,0.113342076966122,9.0,9.0,0.1274403933724525,71.04787741125719,Ruptured
Russia,1977,T+77,0.0017937255554415787,7.671986379028576,0.12493192366928939,0.113342076966122,9.0,9.0,0.1274403933724525,71.04787741125719,Ruptured
Russia,1978,T+78,0.0017937255554415787,7.671986379028576,0.12493192366928939,0.113342076966122,9.0,9.0,0.1274403933724525,71.04787741125719,Ruptured
Russia,1979,T+79,0.0017937255554415787,7.671986379028576,0.12493192366928939,0.113342076966122,9.0,9.0,0.1274403933724525,71.04787741125719,Ruptured
Russia,1980,T+80,0.001602849941557952,7.57050196486336,0.12349664878858428,0.11205835895981811,9.0,10.0,0.12454948620257188,77.7050196486336,Ruptured
Russia,1981,T+81,0.001602849941557952,7.57050196486336,0.12349664878858428,0.11205835895981811,9.0,10.0,0.12454948620257188,77.7050196486336,Ruptured
Russia,1982,T+82,0.001602849941557952,7.57050196486336,0.12349664878858428,0.11205835895981811,9.0,10.0,0.12454948620257188,77.7050196486336,Ruptured
Russia,1983,T+83,0.001602849941557952,7.57050196486336,0.12349664878858428,0.11205835895981811,9.0,10.0,0.12454948620257188,77.7050196486336,Ruptured
Russia,1984,T+84,0.001602849941557952,7.57050196486336,0.12349664878858428,0.11205835895981811,9.0,10.0,0.12454948620257188,77.7050196486336,Ruptured
Russia,1985,T+85,0.0020094110709627587,7.4916620318858484,0.14187123679670502,0.1210464674396001,9.0,10.0,0.15455710840975334,76.91662031885849,Ruptured
Russia,1986,T+86,0.0020329797913655532,7.402491134746464,0.14187123679670502,0.1210464674396001,9.0,10.0,0.15455710840975334,76.02491134746464,Ruptured
Russia,1987,T+87,0.0020454897191145194,7.60114095054157,0.14418325332530796,0.12296969495936713,9.0,10.0,0.1595715361169605,78.0114095054157,Ruptured
Russia,1988,T+88,0.0020366288284401598,7.5163883448102915,0.14307328600459054,0.12204637989183355,9.0,10.0,0.1571541895448029,77.16388344810292,Ruptured
Russia,1989,T+89,0.0019728723860347078,7.136777546624247,0.13723610620448853,0.11719078102802782,9.0,10.0,0.14474525824214446,73.36777546624246,Ruptured
Russia,1990,T+90,0.0018452314161968482,7.19374728496908,0.1361707140046704,0.11132410660127665,9.0,10.0,0.13643174773645095,73.93747284969079,Ruptured
Russia,1991,T+91,0.0009262767983852013,7.6605217674777215,0.14291146310700092,0.05660862232167859,9.0,10.0,0.07281018936416447,78.60521767477721,Ruptured
Russia,1992,T+92,0.0013951947241198793,6.289562286041852,0.16039543641441695,0.06272139563829406,9.0,10.0,0.09054203063332934,64.89562286041851,Ruptured
Russia,1993,T+93,0.0013590476668143582,6.35136550278757,0.15898114907191482,0.06222693034843875,9.0,10.0,0.08903618001011522,65.5136550278757,Ruptured
Russia,1994,T+94,0.00137282223287393,6.189393649623524,0.15773046904057653,0.06178966569533236,9.0,10.0,0.08771501656786676,63.89393649623524,Ruptured
Russia,1995,T+95,0.00137282223287393,6.189393649623524,0.15773046904057653,0.06178966569533236,9.0,10.0,0.08771501656786676,63.89393649623524,Ruptured
Russia,1996,T+96,0.00137282223287393,6.189393649623524,0.15773046904057653,0.06178966569533236,9.0,10.0,0.08771501656786676,63.89393649623524,Ruptured
Russia,1997,T+97,0.00137282223287393,6.189393649623524,0.15773046904057653,0.06178966569533236,9.0,10.0,0.08771501656786676,63.89393649623524,Ruptured
Russia,1998,T+98,0.001292531690772149,6.46353956822421,0.1562159861430366,0.06126016988326626,9.0,10.0,0.08612836064643953,66.63539568224209,Ruptured
Russia,1999,T+99,0.0013568366634818534,6.264670282624617,0.15773046904057653,0.06178966569533236,9.0,10.0,0.08771501656786676,64.64670282624617,Ruptured
Russia,2000,T+100,0.001814743108405388,5.900211860602973,0.16408302408840036,0.07496420042601169,9.0,10.0,0.11070317433842054,61.00211860602973,Ruptured
Russia,2001,T+101,0.0017338505108333616,5.91475908216049,0.15722706613856222,0.07492403904613151,9.0,10.0,0.10602078158226903,61.1475908216049,Ruptured
Russia,2002,T+102,0.0017338505108333616,5.91475908216049,0.15722706613856222,0.07492403904613151,9.0,10.0,0.10602078158226903,61.1475908216049,Ruptured
Russia,2003,T+103,0.0016827352397971338,6.194755846681933,0.15845175365302203,0.07545711524891886,9.0,10.0,0.10760681013110446,63.94755846681933,Ruptured
Russia,2004,T+104,0.0016564595828615003,6.388466169590319,0.15962350118561214,0.07596714798618744,9.0,10.0,0.10913527922976686,65.88466169590319,Ruptured
Russia,2005,T+105,0.0019282023032653457,6.279617325124199,0.1611615326874324,0.08613864916383994,9.0,10.0,0.12494013050582517,64.79617325124198,Ruptured
Russia,2006,T+106,0.0019282023032653457,6.279617325124199,0.1611615326874324,0.08613864916383994,9.0,10.0,0.12494013050582517,64.79617325124198,Ruptured
Russia,2007,T+107,0.0021857619121447526,6.173279112432873,0.1625362135741488,0.095229859741506,9.0,10.0,0.13930470739423487,63.73279112432873,Ruptured
Russia,2008,T+108,0.0021641327524025192,6.323319934970869,0.16366134518193864,0.09584378380026695,9.0,10.0,0.1411733032567073,65.23319934970868,Ruptured
Russia,2009,T+109,0.0021641327524025192,6.323319934970869,0.16366134518193864,0.09584378380026695,9.0,10.0,0.1411733032567073,65.23319934970868,Ruptured
Russia,2010,T+110,0.0021641327524025192,6.323319934970869,0.16366134518193864,0.09584378380026695,9.0,10.0,0.1411733032567073,65.23319934970868,Ruptured
Russia,2011,T+111,0.0021749922947933045,6.2048368229954285,0.1625362135741488,0.095229859741506,9.0,10.0,0.13930470739423487,64.04836822995429,Ruptured
Russia,2012,T+112,0.0020332642926507035,6.219927652312364,0.15358228577117083,0.09443659752022628,9.0,10.0,0.13053409656847592,64.19927652312364,Ruptured
Russia,2013,T+113,0.002263278510655569,6.1182999068368655,0.15476760497888267,0.10266340516710803,9.0,10.0,0.14300072403020964,63.18299906836866,Ruptured
Russia,2014,T+114,0.0023809372431231888,6.6164449480064444,0.15973791833104448,0.11288996801743864,9.0,10.0,0.1622952764240745,68.16444948006445,Ruptured
Russia,2015,T+115,0.002355774965194525,6.689252106924958,0.15973791833104448,0.11288996801743864,9.0,10.0,0.1622952764240745,68.89252106924958,Ruptured
Russia,2016,T+116,0.002326002755401288,6.777432681332955,0.15973791833104448,0.11288996801743864,9.0,10.0,0.1622952764240745,69.77432681332955,Ruptured
Russia,2017,T+117,0.002326002755401288,6.777432681332955,0.15973791833104448,0.11288996801743864,9.0,10.0,0.1622952764240745,69.77432681332955,Ruptured
Russia,2018,T+118,0.002326002755401288,6.777432681332955,0.15973791833104448,0.11288996801743864,9.0,10.0,0.1622952764240745,69.77432681332955,Ruptured
Russia,2019,T+119,0.002326002755401288,6.777432681332955,0.15973791833104448,0.11288996801743864,9.0,10.0,0.1622952764240745,69.77432681332955,Ruptured
Russia,2020,T+120,0.0023017350931883625,6.934684113209483,0.16070524299674768,0.11354225977085616,9.0,10.0,0.16422152802187762,71.34684113209484,Ruptured
Russia,2021,T+121,0.0023017350931883625,6.934684113209483,0.16070524299674768,0.11354225977085616,9.0,10.0,0.16422152802187762,71.34684113209484,Ruptured
Russia,2022,T+122,0.002295579252556375,6.777432681332955,0.1586652321118574,0.11216662827475599,9.0,10.0,0.1601724969937673,69.77432681332955,Ruptured
Russia,2023,T+123,0.0023173842402635725,6.540439109876339,0.15663954246139217,0.11080065395317582,9.0,10.0,0.15620187365683652,67.4043910987634,Ruptured
Russia,2024,T+124,0.0022860076013436117,6.632955129502988,0.15663954246139217,0.11080065395317582,9.0,10.0,0.15620187365683652,68.32955129502987,Ruptured
Russia,2025,T+125,0.0022860076013436117,6.632955129502988,0.15663954246139217,0.11080065395317582,9.0,10.0,0.15620187365683652,68.32955129502987,Ruptured
Saudi Arabia,1900,T+0,0.01419938503480153,3.2307119958300214,0.25376951916814405,0.20315236340541093,5.0,5.0,0.257769387896316,18.153559979150106,Standard Transplant
Saudi Arabia,1901,T+1,0.01419938503480153,3.2307119958300214,0.25376951916814405,0.20315236340541093,5.0,5.0,0.257769387896316,18.153559979150106,Standard Transplant
Saudi Arabia,1902,T+2,0.015754527197870384,3.0078023538789913,0.2590984412116542,0.2072120334575691,5.0,5.0,0.26844157434576643,17.039011769394957,Standard Transplant
Saudi Arabia,1903,T+3,0.01595040714470962,2.965952629426168,0.2590984412116542,0.2072120334575691,5.0,5.0,0.26844157434576643,16.82976314713084,Standard Transplant
Saudi Arabia,1904,T+4,0.011750454949556361,2.7698149757700423,0.23411035795617713,0.18690367086484957,5.0,6.0,0.21878042644746726,18.618889854620253,Standard Transplant
Saudi Arabia,1905,T+5,0.017853499460031133,2.5248762345905194,0.2486053832753131,0.21004885568825565,5.0,5.0,0.2610963813745986,14.624381172952596,Standard Transplant
Saudi Arabia,1906,T+6,0.01962208547057792,2.4748737341529163,0.25855821438989207,0.2181753082638605,5.0,5.0,0.28205509064334017,14.374368670764582,Standard Transplant
Saudi Arabia,1907,T+7,0.01962208547057792,2.4748737341529163,0.25855821438989207,0.2181753082638605,5.0,5.0,0.28205509064334017,14.374368670764582,Standard Transplant
Saudi Arabia,1908,T+8,0.01962208547057792,2.4748737341529163,0.25855821438989207,0.2181753082638605,5.0,5.0,0.28205509064334017,14.374368670764582,Standard Transplant
Saudi Arabia,1909,T+9,0.01962208547057792,2.4748737341529163,0.25855821438989207,0.2181753082638605,5.0,5.0,0.28205509064334017,14.374368670764582,Standard Transplant
Saudi Arabia,1910,T+10,0.01962208547057792,2.4748737341529163,0.25855821438989207,0.2181753082638605,5.0,5.0,0.28205509064334017,14.374368670764582,Standard Transplant
Saudi Arabia,1911,T+11,0.01962208547057792,2.4748737341529163,0.25855821438989207,0.2181753082638605,5.0,5.0,0.28205509064334017,14.374368670764582,Standard Transplant
Saudi Arabia,1912,T+12,0.022148245531319315,3.0618621784789726,0.28033581977867555,0.22792358341587812,6.0,5.0,0.38337086762270123,17.309310892394862,Standard Transplant
Saudi Arabia,1913,T+13,0.024851534396701236,2.806243040080456,0.2858848866640437,0.23226148854445228,6.0,5.0,0.39840029597371696,16.03121520040228,Standard Transplant
Saudi Arabia,1914,T+14,0.016028222093474268,2.806243040080456,0.24887724912323184,0.2021953696843692,6.0,6.0,0.30193096435500427,18.837458240482736,Standard Transplant
Saudi Arabia,1915,T+15,0.016028222093474268,2.806243040080456,0.24887724912323184,0.2021953696843692,6.0,6.0,0.30193096435500427,18.837458240482736,Standard Transplant
Saudi Arabia,1916,T+16,0.016028222093474268,2.806243040080456,0.24887724912323184,0.2021953696843692,6.0,6.0,0.30193096435500427,18.837458240482736,Standard Transplant
Saudi Arabia,1917,T+17,0.024851534396701236,2.806243040080456,0.2858848866640437,0.23226148854445228,6.0,5.0,0.39840029597371696,16.03121520040228,Standard Transplant
Saudi Arabia,1918,T+18,0.024851534396701236,2.806243040080456,0.2858848866640437,0.23226148854445228,6.0,5.0,0.39840029597371696,16.03121520040228,Standard Transplant
Saudi Arabia,1919,T+19,0.024851534396701236,2.806243040080456,0.2858848866640437,0.23226148854445228,6.0,5.0,0.39840029597371696,16.03121520040228,Standard Transplant
Saudi Arabia,1920,T+20,0.024851534396701236,2.806243040080456,0.2858848866640437,0.23226148854445228,6.0,5.0,0.39840029597371696,16.03121520040228,Standard Transplant
Saudi Arabia,1921,T+21,0.022195906168734413,3.29772648956823,0.29023051888985174,0.23565862552417335,6.0,5.0,0.41037195100050056,18.488632447841148,Standard Transplant
Saudi Arabia,1922,T+22,0.022195906168734413,3.29772648956823,0.29023051888985174,0.23565862552417335,6.0,5.0,0.41037195100050056,18.488632447841148,Standard Transplant
Saudi Arabia,1923,T+23,0.022195906168734413,3.29772648956823,0.29023051888985174,0.23565862552417335,6.0,5.0,0.41037195100050056,18.488632447841148,Standard Transplant
Saudi Arabia,1924,T+24,0.02475903375631219,2.48746859276655,0.26431699002352,0.22648237666219134,7.0,6.0,0.41904198064906467,16.9248115565993,Standard Transplant
Saudi Arabia,1925,T+25,0.03271402574311648,3.072051431861127,0.3077667654967157,0.2636151617234536,7.0,5.0,0.5679238996166466,17.360257159305633,Standard Transplant
Saudi Arabia,1926,T+26,0.03112806562468199,3.409545424246464,0.31455845975220864,0.26927490693636436,7.0,5.0,0.5929188998307546,19.04772712123232,Standard Transplant
Saudi Arabia,1927,T+27,0.03076016013522454,3.0078023538789913,0.28715654590700773,0.2607451470750311,7.0,5.0,0.5241227305725645,17.039011769394957,Standard Transplant
Saudi Arabia,1928,T+28,0.023188443291095512,2.011684617428885,0.21590869879132818,0.21587424713286688,7.0,6.0,0.32626389460710425,14.07010770457331,Standard Transplant
Saudi Arabia,1929,T+29,0.01901009934609822,2.979093821953246,0.2393417384338086,0.22550983750241055,7.0,6.0,0.37781741579226835,19.874562931719478,Standard Transplant
Saudi Arabia,1930,T+30,0.029506908966351154,2.979093821953246,0.2749314612210466,0.25904277937466774,7.0,5.0,0.4985330689656702,16.895469109766232,Standard Transplant
Saudi Arabia,1931,T+31,0.02998233501554629,3.361082414937188,0.30116679634084564,0.267450354411636,7.0,5.0,0.5638301649286332,18.80541207468594,Standard Transplant
Saudi Arabia,1932,T+32,0.03572211742133979,3.3166247903554,0.32007767394292524,0.29628010854955367,7.0,5.0,0.6638285358606898,18.583123951776997,Standard Transplant
Saudi Arabia,1933,T+33,0.037853664668188625,3.179524335494226,0.32337738437497776,0.2992923182776708,7.0,5.0,0.6774905693370957,17.89762167747113,Standard Transplant
Saudi Arabia,1934,T+34,0.037853664668188625,3.179524335494226,0.32337738437497776,0.2992923182776708,7.0,5.0,0.6774905693370957,17.89762167747113,Standard Transplant
Saudi Arabia,1935,T+35,0.037853664668188625,3.179524335494226,0.32337738437497776,0.2992923182776708,7.0,5.0,0.6774905693370957,17.89762167747113,Standard Transplant
Saudi Arabia,1936,T+36,0.037853664668188625,3.179524335494226,0.32337738437497776,0.2992923182776708,7.0,5.0,0.6774905693370957,17.89762167747113,Standard Transplant
Saudi Arabia,1937,T+37,0.037853664668188625,3.179524335494226,0.32337738437497776,0.2992923182776708,7.0,5.0,0.6774905693370957,17.89762167747113,Standard Transplant
Saudi Arabia,1938,T+38,0.05474099986619663,2.29128784747792,0.3372887827599434,0.31199162944748177,7.0,5.0,0.7366189384934271,13.4564392373896,Standard Transplant
Saudi Arabia,1939,T+39,0.05474099986619663,2.29128784747792,0.3372887827599434,0.31199162944748177,7.0,5.0,0.7366189384934271,13.4564392373896,Standard Transplant
Saudi Arabia,1940,T+40,0.05474099986619663,2.29128784747792,0.3372887827599434,0.31199162944748177,7.0,5.0,0.7366189384934271,13.4564392373896,Standard Transplant
Saudi Arabia,1941,T+41,0.05474099986619663,2.29128784747792,0.3372887827599434,0.31199162944748177,7.0,5.0,0.7366189384934271,13.4564392373896,Standard Transplant
Saudi Arabia,1942,T+42,0.05474099986619663,2.29128784747792,0.3372887827599434,0.31199162944748177,7.0,5.0,0.7366189384934271,13.4564392373896,Standard Transplant
Saudi Arabia,1943,T+43,0.05474099986619663,2.29128784747792,0.3372887827599434,0.31199162944748177,7.0,5.0,0.7366189384934271,13.4564392373896,Standard Transplant
Saudi Arabia,1944,T+44,0.05474099986619663,2.29128784747792,0.3372887827599434,0.31199162944748177,7.0,5.0,0.7366189384934271,13.4564392373896,Standard Transplant
Saudi Arabia,1945,T+45,0.05794499866967921,2.2465250944514286,0.3441663027232558,0.3182699174868124,7.0,5.0,0.7667644653863034,13.232625472257142,Standard Transplant
Saudi Arabia,1946,T+46,0.05794499866967921,2.2465250944514286,0.3441663027232558,0.3182699174868124,7.0,5.0,0.7667644653863034,13.232625472257142,Standard Transplant
Saudi Arabia,1947,T+47,0.05794499866967921,2.2465250944514286,0.3441663027232558,0.3182699174868124,7.0,5.0,0.7667644653863034,13.232625472257142,Standard Transplant
Saudi Arabia,1948,T+48,0.05794499866967921,2.2465250944514286,0.3441663027232558,0.3182699174868124,7.0,5.0,0.7667644653863034,13.232625472257142,Standard Transplant
Saudi Arabia,1949,T+49,0.05794499866967921,2.2465250944514286,0.3441663027232558,0.3182699174868124,7.0,5.0,0.7667644653863034,13.232625472257142,Standard Transplant
Saudi Arabia,1950,T+50,0.06793427951432883,2.060605190229317,0.3520483187493988,0.33915685486675856,7.0,5.0,0.8357972038372334,12.303025951146585,Standard Transplant
Saudi Arabia,1951,T+51,0.06793427951432883,2.060605190229317,0.3520483187493988,0.33915685486675856,7.0,5.0,0.8357972038372334,12.303025951146585,Standard Transplant
Saudi Arabia,1952,T+52,0.06793427951432883,2.060605190229317,0.3520483187493988,0.33915685486675856,7.0,5.0,0.8357972038372334,12.303025951146585,Standard Transplant
Saudi Arabia,1953,T+53,0.07057695348513787,1.8946882989030147,0.3465043183278769,0.33384887857778095,7.0,5.0,0.809760546672841,11.473441494515074,Intermediate/Uncertain
Saudi Arabia,1954,T+54,0.07057695348513787,1.8946882989030147,0.3465043183278769,0.33384887857778095,7.0,5.0,0.809760546672841,11.473441494515074,Intermediate/Uncertain
Saudi Arabia,1955,T+55,0.07057695348513787,1.8946882989030147,0.3465043183278769,0.33384887857778095,7.0,5.0,0.809760546672841,11.473441494515074,Intermediate/Uncertain
Saudi Arabia,1956,T+56,0.042714586149373596,2.0832291640623697,0.30303957031668954,0.29196319205578763,7.0,6.0,0.619334801882125,14.499374984374217,Standard Transplant
Saudi Arabia,1957,T+57,0.044634290176754084,1.9515618744994994,0.3012114290694426,0.29021288006886586,7.0,6.0,0.611908054379313,13.709371246996996,Intermediate/Uncertain
Saudi Arabia,1958,T+58,0.03660723697026609,2.3175620272173947,0.2937983175894576,0.2831153661851086,7.0,6.0,0.5822517278823568,15.905372163304367,Standard Transplant
Saudi Arabia,1959,T+59,0.03660723697026609,2.3175620272173947,0.2937983175894576,0.2831153661851086,7.0,6.0,0.5822517278823568,15.905372163304367,Standard Transplant
Saudi Arabia,1960,T+60,0.03660723697026609,2.3175620272173947,0.2937983175894576,0.2831153661851086,7.0,6.0,0.5822517278823568,15.905372163304367,Standard Transplant
Saudi Arabia,1961,T+61,0.03660723697026609,2.3175620272173947,0.2937983175894576,0.2831153661851086,7.0,6.0,0.5822517278823568,15.905372163304367,Standard Transplant
Saudi Arabia,1962,T+62,0.023394914225130577,2.2836032383056386,0.24973461726102966,0.2406913536890379,7.0,7.0,0.42076274164099703,17.98522266813947,Standard Transplant
Saudi Arabia,1963,T+63,0.023394914225130577,2.2836032383056386,0.24973461726102966,0.2406913536890379,7.0,7.0,0.42076274164099703,17.98522266813947,Standard Transplant
Saudi Arabia,1964,T+64,0.05064884126937713,1.6758859597239903,0.30088527454908415,0.28990061088975744,7.0,6.0,0.6105877742965832,12.055315758343943,Intermediate/Uncertain
Saudi Arabia,1965,T+65,0.07496276796695517,1.9435389756832766,0.35423778177907284,0.35423778177907284,7.0,5.0,0.8783908422783062,11.717694878416383,Intermediate/Uncertain
Saudi Arabia,1966,T+66,0.07496276796695517,1.9435389756832766,0.35423778177907284,0.35423778177907284,7.0,5.0,0.8783908422783062,11.717694878416383,Intermediate/Uncertain
Saudi Arabia,1967,T+67,0.07496276796695517,1.9435389756832766,0.35423778177907284,0.35423778177907284,7.0,5.0,0.8783908422783062,11.717694878416383,Intermediate/Uncertain
Saudi Arabia,1968,T+68,0.07496276796695517,1.9435389756832766,0.35423778177907284,0.35423778177907284,7.0,5.0,0.8783908422783062,11.717694878416383,Intermediate/Uncertain
Saudi Arabia,1969,T+69,0.07496276796695517,1.9435389756832766,0.35423778177907284,0.35423778177907284,7.0,5.0,0.8783908422783062,11.717694878416383,Intermediate/Uncertain
Saudi Arabia,1970,T+70,0.07496276796695517,1.9435389756832766,0.35423778177907284,0.35423778177907284,7.0,5.0,0.8783908422783062,11.717694878416383,Intermediate/Uncertain
Saudi Arabia,1971,T+71,0.07496276796695517,1.9435389756832766,0.35423778177907284,0.35423778177907284,7.0,5.0,0.8783908422783062,11.717694878416383,Intermediate/Uncertain
Saudi Arabia,1972,T+72,0.07496276796695517,1.9435389756832766,0.35423778177907284,0.35423778177907284,7.0,5.0,0.8783908422783062,11.717694878416383,Intermediate/Uncertain
Saudi Arabia,1973,T+73,0.05734816441442277,2.060605190229317,0.32088313298686877,0.32088313298686877,8.0,6.0,0.8237278802837481,14.363631141375901,Standard Transplant
Saudi Arabia,1974,T+74,0.05734816441442277,2.060605190229317,0.32088313298686877,0.32088313298686877,8.0,6.0,0.8237278802837481,14.363631141375901,Standard Transplant
Saudi Arabia,1975,T+75,0.05705938339396621,2.0453835214941964,0.31905499173962176,0.31905499173962176,8.0,6.0,0.8143687020317609,14.272301128965179,Standard Transplant
Saudi Arabia,1976,T+76,0.08834537606232533,2.060605190229317,0.3685979270083109,0.3685979270083109,8.0,5.0,1.0869154543585928,12.303025951146585,Intermediate/Uncertain
Saudi Arabia,1977,T+77,0.08834537606232533,2.060605190229317,0.3685979270083109,0.3685979270083109,8.0,5.0,1.0869154543585928,12.303025951146585,Intermediate/Uncertain
Saudi Arabia,1978,T+78,0.08834537606232533,2.060605190229317,0.3685979270083109,0.3685979270083109,8.0,5.0,1.0869154543585928,12.303025951146585,Intermediate/Uncertain
Saudi Arabia,1979,T+79,0.023067077013761227,2.6743866119168334,0.22587436521296406,0.26450883833612454,8.0,7.0,0.4779661276191253,20.720706283417833,Standard Transplant
Saudi Arabia,1980,T+80,0.05734816441442277,2.060605190229317,0.32088313298686877,0.32088313298686877,8.0,6.0,0.8237278802837481,14.363631141375901,Standard Transplant
Saudi Arabia,1981,T+81,0.05734816441442277,2.060605190229317,0.32088313298686877,0.32088313298686877,8.0,6.0,0.8237278802837481,14.363631141375901,Standard Transplant
Saudi Arabia,1982,T+82,0.06656619549438683,1.6851835953390955,0.3174488058916802,0.3174488058916802,8.0,6.0,0.8061899548964291,12.111101572034572,Intermediate/Uncertain
Saudi Arabia,1983,T+83,0.09169879529309978,1.0734727523323542,0.31104954179343947,0.31104954179343947,8.0,6.0,0.7740145395992691,8.440836513994125,Young Ancient Forest
Saudi Arabia,1984,T+84,0.0996797670134789,0.9333240326917549,0.3077256624795302,0.3077256624795302,8.0,6.0,0.7575606667877259,7.599944196150529,Young Ancient Forest
Saudi Arabia,1985,T+85,0.0752544824878472,1.197327753791751,0.2939248730235549,0.2939248730235549,8.0,6.0,0.691134647855303,9.183966522750506,Intermediate/Uncertain
Saudi Arabia,1986,T+86,0.0752544824878472,1.197327753791751,0.2939248730235549,0.2939248730235549,8.0,6.0,0.691134647855303,9.183966522750506,Intermediate/Uncertain
Saudi Arabia,1987,T+87,0.1257944347933141,0.6584783595532961,0.30589752123228325,0.30589752123228325,8.0,6.0,0.7485863479684415,5.950870157319777,Young Ancient Forest
Saudi Arabia,1988,T+88,0.1257944347933141,0.6584783595532961,0.30589752123228325,0.30589752123228325,8.0,6.0,0.7485863479684415,5.950870157319777,Young Ancient Forest
Saudi Arabia,1989,T+89,0.12790550859697983,0.6817945071647321,0.3120582190031119,0.3120582190031119,8.0,6.0,0.7790426563791533,6.090767042988393,Young Ancient Forest
Saudi Arabia,1990,T+90,0.06751584759254063,0.8816709987291178,0.26261165449761287,0.26261165449761287,8.0,7.0,0.5517190486237887,8.171696991103826,Intermediate/Uncertain
Saudi Arabia,1991,T+91,0.06751584759254063,0.8816709987291178,0.26261165449761287,0.26261165449761287,8.0,7.0,0.5517190486237887,8.171696991103826,Intermediate/Uncertain
Saudi Arabia,1992,T+92,0.06574066479109543,0.8637671850678283,0.24960288047488108,0.26490766621635087,8.0,7.0,0.5289737323798361,8.046370295474798,Intermediate/Uncertain
Saudi Arabia,1993,T+93,0.05079961024531568,1.1301963325015703,0.23897656394071634,0.26335948206091114,8.0,7.0,0.5034939528329861,9.911374327510991,Intermediate/Uncertain
Saudi Arabia,1994,T+94,0.038746241826407006,1.3095204274848102,0.2150369887011872,0.2515064108189691,8.0,7.0,0.43266544977243837,11.166642992393673,Intermediate/Uncertain
Saudi Arabia,1995,T+95,0.038746241826407006,1.3095204274848102,0.2150369887011872,0.2515064108189691,8.0,7.0,0.43266544977243837,11.166642992393673,Intermediate/Uncertain
Saudi Arabia,1996,T+96,0.052259354196556376,1.1162856937182344,0.24117482779996233,0.2658202864907269,8.0,7.0,0.5128732945611018,9.81399985602764,Intermediate/Uncertain
Saudi Arabia,1997,T+97,0.050055729813750255,1.0879309490955758,0.23369471942522815,0.25744682224682974,8.0,7.0,0.4813117031351157,9.61551664366903,Intermediate/Uncertain
Saudi Arabia,1998,T+98,0.08042019475825064,1.0135796712641785,0.2715337083903639,0.2991866280459098,8.0,6.0,0.6499140369129147,8.08147802758507,Young Ancient Forest
Saudi Arabia,1999,T+99,0.08042019475825064,1.0135796712641785,0.2715337083903639,0.2991866280459098,8.0,6.0,0.6499140369129147,8.08147802758507,Young Ancient Forest
Saudi Arabia,2000,T+100,0.038391163018984036,1.4128318194321643,0.22079754844661276,0.2584177938891009,8.0,7.0,0.4564641229255644,11.88982273602515,Intermediate/Uncertain
Saudi Arabia,2001,T+101,0.038391163018984036,1.4128318194321643,0.22079754844661276,0.2584177938891009,8.0,7.0,0.4564641229255644,11.88982273602515,Intermediate/Uncertain
Saudi Arabia,2002,T+102,0.031371119370901326,1.2231491119238078,0.2048074169663993,0.22564776864932082,8.0,8.0,0.36971469313039246,11.785192895390463,Intermediate/Uncertain
Saudi Arabia,2003,T+103,0.031371119370901326,1.2231491119238078,0.2048074169663993,0.22564776864932082,8.0,8.0,0.36971469313039246,11.785192895390463,Intermediate/Uncertain
Saudi Arabia,2004,T+104,0.036422666669227846,2.242173889331512,0.2552391741233949,0.31563875375466693,8.0,7.0,0.6445069986374304,17.695217225320583,Standard Transplant
Saudi Arabia,2005,T+105,0.036422666669227846,2.242173889331512,0.2552391741233949,0.31563875375466693,8.0,7.0,0.6445069986374304,17.695217225320583,Standard Transplant
Saudi Arabia,2006,T+106,0.05620148867765055,1.9515618744994994,0.28743319739719725,0.33507223586768387,8.0,6.0,0.7704870729158096,13.709371246996996,Intermediate/Uncertain
Saudi Arabia,2007,T+107,0.05620148867765055,1.9515618744994994,0.28743319739719725,0.33507223586768387,8.0,6.0,0.7704870729158096,13.709371246996996,Intermediate/Uncertain
Saudi Arabia,2008,T+108,0.06350410414155858,1.5699820858850588,0.27896495409873723,0.32495571259149647,8.0,6.0,0.725210043577674,11.419892515310353,Intermediate/Uncertain
Saudi Arabia,2009,T+109,0.06304223619329183,1.7036266463048764,0.28743319739719725,0.33507223586768387,8.0,6.0,0.7704870729158096,12.221759877829259,Intermediate/Uncertain
Saudi Arabia,2010,T+110,0.0419320504560721,1.7036266463048764,0.25022513190413614,0.291697323679504,8.0,7.0,0.5839200103502991,13.925386524134135,Intermediate/Uncertain
Saudi Arabia,2011,T+111,0.0419320504560721,1.7036266463048764,0.25022513190413614,0.291697323679504,8.0,7.0,0.5839200103502991,13.925386524134135,Intermediate/Uncertain
Saudi Arabia,2012,T+112,0.0419320504560721,1.7036266463048764,0.25022513190413614,0.291697323679504,8.0,7.0,0.5839200103502991,13.925386524134135,Intermediate/Uncertain
Saudi Arabia,2013,T+113,0.04325178715742448,1.4563975247163805,0.23796920914555478,0.2770558775745142,8.0,7.0,0.5274461446042783,12.194782673014664,Intermediate/Uncertain
Saudi Arabia,2014,T+114,0.04206297605951722,1.5995604865087159,0.24404891895988762,0.28431895725720924,8.0,7.0,0.5551018732673952,13.19692340556101,Intermediate/Uncertain
Saudi Arabia,2015,T+115,0.0406412222224676,1.9273929931386593,0.25712725394477026,0.3060759232028928,8.0,7.0,0.6296036930541618,15.491750951970616,Intermediate/Uncertain
Saudi Arabia,2016,T+116,0.027262136069651877,2.6390990413396764,0.22990446478547794,0.30347203827910973,8.0,7.0,0.5581566123033344,20.473693289377735,Standard Transplant
Saudi Arabia,2017,T+117,0.02768249106191028,2.3443749166888814,0.2198974712896947,0.28970998556382177,8.0,7.0,0.5096519458628669,18.41062441682217,Standard Transplant
Saudi Arabia,2018,T+118,0.03391592543481385,2.228192933746986,0.24516121731178958,0.30430507890955877,8.0,7.0,0.596830428637021,17.5973505362289,Standard Transplant
Saudi Arabia,2019,T+119,0.028897499951656906,1.7399263633843818,0.22196621153280688,0.25906599293920834,8.0,8.0,0.4600311759176078,15.919410907075054,Intermediate/Uncertain
Saudi Arabia,2020,T+120,0.04275455867386239,1.7842628029525247,0.25754922996857005,0.30067392276434557,8.0,7.0,0.619506698236692,14.489839620667674,Intermediate/Uncertain
Saudi Arabia,2021,T+121,0.04468317627027806,2.6976552318634046,0.28599204421114255,0.35516948567254863,8.0,6.0,0.8126051779912983,18.18593139118043,Standard Transplant
Saudi Arabia,2022,T+122,0.053105140167863246,2.423033996872516,0.30651868348200895,0.3581607288058483,8.0,6.0,0.8782636405482037,16.538203981235096,Standard Transplant
Saudi Arabia,2023,T+123,0.052433066994160206,2.4866832830097203,0.30805058042620675,0.35999474493308226,8.0,6.0,0.887172721016162,16.920099698058323,Standard Transplant
Saudi Arabia,2024,T+124,0.052433066994160206,2.4866832830097203,0.30805058042620675,0.35999474493308226,8.0,6.0,0.887172721016162,16.920099698058323,Standard Transplant
Singapore,1930,T+0,0.007017405702479021,4.311594107751795,0.2677888248765818,0.3564259477513521,3.0,9.0,0.2863406571115696,40.80434696976616,Failed Transplant
Singapore,1931,T+1,0.0047763058935816494,4.703721930556695,0.24290053438388584,0.2905858088956043,3.0,9.0,0.21175034479534804,44.33349737501025,Ruptured
Singapore,1932,T+2,0.006014494984093084,4.0,0.24533332133364322,0.2778435318767306,3.0,8.0,0.20449282945916486,34.0,Failed Transplant
Singapore,1933,T+3,0.015274945454245594,2.858649156507318,0.2761204092204325,0.3044051157129508,4.0,7.0,0.3362098604778124,22.010544095551225,Standard Transplant
Singapore,1934,T+4,0.037028768228612584,2.331844763272204,0.3141484765906325,0.37697433938837327,5.0,6.0,0.5921295721630877,15.991068579633223,Standard Transplant
Singapore,1935,T+5,0.038161643822617795,2.6339134382131846,0.3432548782069242,0.39586332472621477,5.0,6.0,0.6794100865774246,17.803480629279107,Standard Transplant
Singapore,1936,T+6,0.035647650265766724,2.2698774746668597,0.29644177779618264,0.3585335226216818,6.0,7.0,0.6377058890729953,17.889142322668018,Standard Transplant
Singapore,1937,T+7,0.03197185553605995,2.650913757556062,0.2917173532132544,0.37549253623913437,6.0,7.0,0.6572261329380737,20.556396302892434,Standard Transplant
Singapore,1938,T+8,0.042852447334717075,2.554866679496212,0.31949123354565895,0.3873860248632444,6.0,6.0,0.7425986336514436,17.329200076977273,Standard Transplant
Singapore,1939,T+9,0.047811340884873835,2.1505813167606567,0.31930852194802967,0.37192646578942545,6.0,6.0,0.7125557403874552,14.90348790056394,Standard Transplant
Singapore,1940,T+10,0.03754240385950714,1.8833148966649205,0.29421888856133643,0.3228967779866186,6.0,7.0,0.5700139868355572,15.183204276654443,Intermediate/Uncertain
Singapore,1941,T+11,0.019651534565777413,2.1928505991061042,0.24162880611444632,0.26490088252488664,6.0,8.0,0.38404610389890936,19.542804792848834,Standard Transplant
Singapore,1942,T+12,0.0005856645628558906,1.346291201783626,0.07244884708019314,0.06249981864708666,2.0,10.0,0.009056079607405171,15.46291201783626,Ruptured
Singapore,1943,T+13,0.004197666404946803,4.326065620168053,0.19685308926067133,0.21822080152464748,4.0,9.0,0.1718297556842667,40.934590581512474,Ruptured
Singapore,1944,T+14,0.0015942445663260536,4.422509892583622,0.1452771418094274,0.1690885706967575,3.0,10.0,0.0736941127903987,46.22509892583622,Ruptured
Singapore,1945,T+15,0.0005194228186492045,1.4523687548277813,0.07360251046382331,0.05830494304283129,2.0,10.0,0.008582780360805224,16.523687548277813,Ruptured
Singapore,1946,T+16,0.013035117372342373,1.1989578808281798,0.18163503391161015,0.15298741425220844,6.0,9.0,0.16672724505449657,12.790620927453618,Intermediate/Uncertain
Singapore,1947,T+17,0.05028848010666701,0.6959705453537527,0.2362490878010067,0.23012718794536374,7.0,8.0,0.38057136761212107,7.5677643628300215,Intermediate/Uncertain
Singapore,1948,T+18,0.0055579958997571685,3.191786333700926,0.2160789193377173,0.2634460448115254,3.0,9.0,0.17077541000001076,30.726077003308333,Standard Transplant
Singapore,1949,T+19,0.023595987435694365,2.5495097567963922,0.30028153339748115,0.3397987643336208,4.0,6.0,0.4081411760026759,17.29705854077835,Standard Transplant
Singapore,1950,T+20,0.007869847410364365,4.898979485566356,0.1723854175916976,0.2866425993333012,5.0,6.0,0.24706502092820395,31.393876913398135,Failed Transplant
Singapore,1951,T+21,0.04651950510847691,3.2106998847603307,0.3275623517478627,0.42731806336008304,6.0,5.0,0.839839858671426,18.053499423801654,Standard Transplant
Singapore,1952,T+22,0.052044735445275145,1.8360538526960477,0.3103939029245852,0.36374806692868905,6.0,6.0,0.6774310930516142,13.016323116176286,Intermediate/Uncertain
Singapore,1953,T+23,0.07139066948758008,2.0766559657295187,0.34527368843237743,0.42673907059690935,6.0,5.0,0.8840506374191976,12.383279828647593,Standard Transplant
Singapore,1954,T+24,0.051383422213896426,2.0757152381769517,0.298359678177818,0.355616302653881,7.0,6.0,0.7427109593021822,14.45429142906171,Standard Transplant
Singapore,1955,T+25,0.01830317251841449,3.5482169818093143,0.2456951021573787,0.25151108044979237,9.0,8.0,0.5561553654434198,30.385735854474515,Failed Transplant
Singapore,1956,T+26,0.00707246930217486,3.6742346141747673,0.17588207304310696,0.28202776777962685,5.0,9.0,0.2480181422640037,35.0681115275729,Failed Transplant
Singapore,1957,T+27,0.01119556484193058,2.9679275176459416,0.20107133797423274,0.2866764923804676,5.0,8.0,0.28821212944350283,25.743420141167533,Standard Transplant
Singapore,1958,T+28,0.016859365762926563,2.8661548719495253,0.22850676797644792,0.3255655034252017,5.0,7.0,0.3719696047615901,22.063084103646677,Standard Transplant
Singapore,1959,T+29,0.02287736305517415,2.4866832830097203,0.24404352165747925,0.3032082262591937,6.0,7.0,0.44397601999086844,19.40678298106804,Standard Transplant
Singapore,1960,T+30,0.039406575907802284,2.4165768661476505,0.29198253404666463,0.3711336548581645,6.0,6.0,0.6501872700929227,16.499461196885903,Standard Transplant
Singapore,1961,T+31,0.0216820078494338,2.6860461183680373,0.25884171073069207,0.3485034352326006,5.0,7.0,0.4510361268556464,20.802322828576262,Standard Transplant
Singapore,1962,T+32,0.04985012651264453,2.23606797749979,0.3380128942892851,0.37893519025687095,6.0,6.0,0.7685098824407153,15.416407864998739,Standard Transplant
Singapore,1963,T+33,0.011192291224502363,3.1911743528049357,0.20923095964529567,0.2945233388112292,5.0,8.0,0.30811700408705023,27.529394822439485,Standard Transplant
Singapore,1964,T+34,0.005295255976822286,4.297073859034773,0.1627882296235438,0.2646106131454618,5.0,9.0,0.21537746626775076,40.67366473131296,Failed Transplant
Singapore,1965,T+35,0.007316930858564994,3.816084380618437,0.18965220569464417,0.2509963597342236,5.0,8.0,0.23801006622460935,32.52867504494749,Failed Transplant
Singapore,1966,T+36,0.025630645203859242,3.2971341722774947,0.28263810168869535,0.32922392276374657,6.0,6.0,0.5583073473627059,21.782805033664967,Standard Transplant
Singapore,1967,T+37,0.04434894857976773,2.9553976043842223,0.3551226446143789,0.4107081355172518,6.0,6.0,0.8751105554971632,19.732385626305334,Standard Transplant
Singapore,1968,T+38,0.0641974190973382,2.8034576865007255,0.3809465108557218,0.4498744351250164,6.0,5.0,1.0282685783043826,16.017288432503626,Standard Transplant
Singapore,1969,T+39,0.08856178113982532,2.4486922530199666,0.3904936248808285,0.4614768220309121,7.0,5.0,1.261426299233351,14.243461265099834,Intermediate/Uncertain
Singapore,1970,T+40,0.10853905534334343,2.6976552318634046,0.47783115350131816,0.5025932130780405,7.0,5.0,1.681082863229097,15.488276159317023,Intermediate/Uncertain
Singapore,1971,T+41,0.08807543629260264,2.978438139360964,0.4496397765022058,0.47269174230745226,7.0,5.0,1.4877870655589278,16.892190696804818,Intermediate/Uncertain
Singapore,1972,T+42,0.09713200156438899,2.9764702249476644,0.4719546346535641,0.4963602235875143,7.0,5.0,1.6398165558586468,16.88235112473832,Intermediate/Uncertain
Singapore,1973,T+43,0.053810913848960806,2.536452985962878,0.3694287256899048,0.41107631692682556,7.0,7.0,1.0630437994650364,19.755170901740147,Standard Transplant
Singapore,1974,T+44,0.030808032620654822,3.334830392988525,0.3467017851450566,0.3640562133757448,7.0,8.0,0.8835325734936426,28.6786431439082,Standard Transplant
Singapore,1975,T+45,0.09252666456272829,2.1469455046647083,0.43264321520646504,0.45466416668384557,7.0,6.0,1.3769515683928697,14.88167302798825,Intermediate/Uncertain
Singapore,1976,T+46,0.1131317717205904,2.2878756522153907,0.4545224892050594,0.47787064120161243,7.0,5.0,1.520420673498823,13.439378261076953,Intermediate/Uncertain
Singapore,1977,T+47,0.109828635493479,2.5973243443975185,0.4728341677636134,0.49729310932710524,7.0,5.0,1.64596021438283,14.986621721987593,Intermediate/Uncertain
Singapore,1978,T+48,0.11135247135065593,2.650913757556062,0.48030862686628695,0.5052209704029083,7.0,5.0,1.698633933907917,15.25456878778031,Intermediate/Uncertain
Singapore,1979,T+49,0.06133271813443371,2.9361699116365862,0.42085489074081306,0.46953693466664514,7.0,7.0,1.3832484073653506,22.553189381456104,Standard Transplant
Singapore,1980,T+50,0.14289870692809328,2.2560682059725057,0.47491283111997856,0.49949786475973995,8.0,5.0,1.8977435607314581,13.280341029862528,Intermediate/Uncertain
Singapore,1981,T+51,0.14935434004238848,2.5248762345905194,0.4838873048165664,0.5642364391649688,8.0,5.0,2.1842147986146663,14.624381172952596,Intermediate/Uncertain
Singapore,1982,T+52,0.18738280855284456,2.0463381929681126,0.5034177006036528,0.5691120424435586,8.0,5.0,2.2920086063422778,12.231690964840563,Greenhouse Garden
Singapore,1983,T+53,0.20231395399929908,1.713913650100261,0.48644199994521437,0.5494928339517372,8.0,5.0,2.138371144824373,10.569568250501305,Deep Ancient Forest
Singapore,1984,T+54,0.16331868900599328,1.8708286933869707,0.43997808263067334,0.5268284657267628,8.0,5.0,1.8543438258057638,11.354143466934854,Deep Ancient Forest
Singapore,1985,T+55,0.04888504898761735,3.2204182569970627,0.3899142069826179,0.43957736865731695,7.0,7.0,1.1997822277526655,24.542927798979438,Standard Transplant
Singapore,1986,T+56,0.07732425057105738,2.6860461183680373,0.42191198209282715,0.47655793480847325,8.0,7.0,1.608524022856858,20.802322828576262,Standard Transplant
Singapore,1987,T+57,0.104889620682211,2.3040385738958453,0.3671087907968352,0.4828704518869817,8.0,5.0,1.41812790163001,13.520192869479226,Intermediate/Uncertain
Singapore,1988,T+58,0.23637447190888647,1.9435389756832766,0.495197853825916,0.5831913754304804,8.0,4.0,2.3103609398636635,9.774155902733106,Deep Ancient Forest
Singapore,1989,T+59,0.25984948402288754,2.0300477211139643,0.5442224265331205,0.6040100176253357,8.0,4.0,2.6297263795389845,10.120190884455857,Greenhouse Garden
Singapore,1990,T+60,0.27936869897392036,1.8200274723201295,0.5403984857816384,0.5996899265810731,8.0,4.0,2.5925722261033104,9.280109889280517,Deep Ancient Forest
Singapore,1991,T+61,0.28383525208941923,1.7633419974582356,0.5380271855080231,0.5970109538299048,8.0,4.0,2.569664985652512,9.053367989832942,Deep Ancient Forest
Singapore,1992,T+62,0.27204467690360995,1.9324531042175384,0.5459852856776907,0.6060016049687859,8.0,4.0,2.646943675280173,9.729812416870153,Deep Ancient Forest
Singapore,1993,T+63,0.4318240654788412,1.71277370075559,0.5554154338588442,0.6166553000313156,9.0,3.0,3.08249883907424,7.1383211022667705,Deep Ancient Forest
Singapore,1994,T+64,0.2910254144750612,1.8529958850466992,0.5081742251662459,0.5989036120041592,9.0,4.0,2.739126410815316,9.411983540186796,Deep Ancient Forest
Singapore,1995,T+65,0.34114238936717606,1.5499495959546556,0.529326770668346,0.587181673861147,9.0,4.0,2.7972988129849936,8.199798383818623,Deep Ancient Forest
Singapore,1996,T+66,0.32991908048583046,1.5799030824705673,0.5243815990101555,0.5815948739650947,9.0,4.0,2.7447988498733356,8.319612329882268,Deep Ancient Forest
Singapore,1997,T+67,0.09040777656723492,2.633171804117612,0.42614518957916775,0.4720136590953971,8.0,6.0,1.6091708019133173,17.79903082470567,Intermediate/Uncertain
Singapore,1998,T+68,0.03546045023563329,3.600672680208519,0.3649476860605136,0.427604416165493,7.0,8.0,1.0923726956019748,30.805381441668153,Standard Transplant
Singapore,1999,T+69,0.12768553202768687,2.310810193417019,0.46412746817655265,0.5455702842213389,8.0,6.0,2.025713237824098,15.864861160502112,Intermediate/Uncertain
Singapore,2000,T+70,0.2546829635214297,2.0068242947502903,0.5591112733402965,0.6090788614901802,9.0,5.0,3.064885720311895,12.034121473751451,Greenhouse Garden
Singapore,2001,T+71,0.05751928246925425,2.806243040080456,0.39287649869812,0.4526795758835212,7.0,7.0,1.2449301676368743,21.643701280563192,Standard Transplant
Singapore,2002,T+72,0.13018768922092325,2.1028254801575903,0.4674263541514273,0.5088896095931666,8.0,6.0,1.9029473190214168,14.616952880945542,Intermediate/Uncertain
Singapore,2003,T+73,0.03804663338734802,3.766629793329841,0.3446691641695585,0.4473218540052951,7.0,7.0,1.0792463467434763,28.366408553308887,Standard Transplant
Singapore,2004,T+74,0.18834845568725675,2.011684617428885,0.4957515637608819,0.5726621791309887,8.0,5.0,2.2711853664872157,12.058423087144426,Greenhouse Garden
Singapore,2005,T+75,0.16362318697977613,2.3284920012746446,0.47671298248202437,0.5853162349556672,8.0,5.0,2.2322227844869236,13.642460006373224,Greenhouse Garden
Singapore,2006,T+76,0.17690266362615015,2.262983373778959,0.49993933346855934,0.5889325220037872,8.0,5.0,2.355444260068248,13.314916868894795,Greenhouse Garden
Singapore,2007,T+77,0.20850826454841245,2.1423920626253263,0.5463536820439273,0.6064178001836046,8.0,5.0,2.6505487838983277,12.711960313126632,Greenhouse Garden
Singapore,2008,T+78,0.06773273144767371,3.025284077570237,0.4033579958584818,0.48649114337225235,8.0,7.0,1.5698407407482644,23.17698854299166,Standard Transplant
Singapore,2009,T+79,0.14917789746025725,2.2560682059725057,0.40704853755334264,0.5407854536622558,9.0,5.0,1.9811333523900796,13.280341029862528,Intermediate/Uncertain
Singapore,2010,T+80,0.06920219614968055,2.973187473066574,0.4188059680874717,0.5384907950895993,7.0,7.0,1.578662111205844,22.81231231146602,Standard Transplant
Singapore,2011,T+81,0.02070877368485263,4.418975418578383,0.29749888813860464,0.43334057879876875,6.0,8.0,0.7735100422678385,37.351803348627065,Standard Transplant
Singapore,2012,T+82,0.018642275824414484,4.530711174859858,0.3224081988269236,0.44228818836678097,5.0,8.0,0.7129866908687849,38.245689398878866,Failed Transplant
Singapore,2013,T+83,0.017461515648823756,4.4651427748729375,0.2698670276877287,0.4067857174220517,6.0,8.0,0.6586683147990565,37.7211421989835,Failed Transplant
Singapore,2014,T+84,0.06631736706466422,3.196066918886399,0.38904239872411256,0.5156849583464934,7.0,6.0,1.4043631922674469,21.176401513318396,Standard Transplant
Singapore,2015,T+85,0.15382703582150722,3.0413812651491097,0.5677694198550408,0.5827381907129583,8.0,5.0,2.64688739574778,17.20690632574555,Greenhouse Garden
Singapore,2016,T+86,0.1073992432044693,2.5731486062798625,0.4398639254663218,0.5322452171503697,8.0,6.0,1.8729237642114918,17.438891637679177,Intermediate/Uncertain
Singapore,2017,T+87,0.041822851463153295,3.960744879438715,0.340727567430522,0.4517826282779388,7.0,6.0,1.0775435715835688,25.76446927663229,Standard Transplant
Singapore,2018,T+88,0.08862654893033713,2.2211694554896075,0.43127800471706174,0.39370794000060194,8.0,6.0,1.3583805984377941,15.327016732937645,Intermediate/Uncertain
Singapore,2019,T+89,0.18970665049577942,1.3905372163304368,0.4821459495980502,0.44031897678138454,8.0,5.0,1.6983840894904196,8.952686081652184,Deep Ancient Forest
Singapore,2020,T+90,0.01410215588406803,5.944732437208591,0.3441803849075429,0.4196151131558658,6.0,10.0,0.8665397469540483,61.447324372085916,Failed Transplant
Singapore,2021,T+91,0.01945131629369696,4.999609359740019,0.34824229270234125,0.4375035709116814,6.0,9.0,0.9141434795984715,46.99648423766017,Failed Transplant
Singapore,2022,T+92,0.05316963677665898,3.3166247903554,0.4150083085031346,0.5222233338090022,7.0,8.0,1.5170891569745928,28.5329983228432,Standard Transplant
Singapore,2023,T+93,0.039656399318683824,3.3674684482560484,0.3553315254295413,0.46139856296049286,7.0,8.0,1.147646186454251,28.939747586048387,Standard Transplant
Singapore,2024,T+94,0.1837756280388253,1.919269066598011,0.5340472788410414,0.5813718707651632,8.0,6.0,2.483840524614888,13.515614399588067,Deep Ancient Forest
Singapore,2025,T+95,0.1837756280388253,1.919269066598011,0.5340472788410414,0.5813718707651632,8.0,6.0,2.483840524614888,13.515614399588067,Deep Ancient Forest
South Africa,1900,T+0,0.002769591777746111,4.399928976699511,0.1409487432031091,0.16348247594981782,5.0,9.0,0.11521324760429666,41.5993607902956,Ruptured
South Africa,1901,T+1,0.006257409145469607,3.3048260166005714,0.1746214258407714,0.20381463014384416,5.0,8.0,0.17795200661463767,28.43860813280457,Standard Transplant
South Africa,1902,T+2,0.033058946900347386,2.218529918662356,0.27851253723151614,0.30290166677325076,6.0,6.0,0.5061714704680398,15.311179511974137,Standard Transplant
South Africa,1903,T+3,0.010888894667802178,4.198213905936666,0.3056470626021192,0.3169415879167126,4.0,8.0,0.3874890614527781,35.58571124749333,Failed Transplant
South Africa,1904,T+4,0.012437054047942668,4.175823272122517,0.34173119830806337,0.3221491248944092,4.0,8.0,0.4403536259362417,35.406586176980134,Failed Transplant
South Africa,1905,T+5,0.01155690724448669,4.532866091117186,0.34624496393946685,0.31928342956350153,4.0,8.0,0.44220111822273556,38.26292872893749,Failed Transplant
South Africa,1906,T+6,0.013236070323897986,4.7483549783056445,0.3736276806502174,0.3541417374725799,4.0,8.0,0.5292686239732728,39.986839826445156,Failed Transplant
South Africa,1907,T+7,0.03392456383311444,4.099828502510806,0.45638654314823474,0.45638654314823474,5.0,7.0,1.0414433838339776,30.69879951757564,Standard Transplant
South Africa,1908,T+8,0.0471670352514414,3.9031237489989987,0.4754784082194034,0.5043033300928764,5.0,6.0,1.1989267232615262,25.418742493993992,Standard Transplant
South Africa,1909,T+9,0.05960252185169781,4.245861956069698,0.5476919492247013,0.5979965658130066,5.0,6.0,1.637589523799015,27.475171736418186,Standard Transplant
South Africa,1910,T+10,0.04909523490226406,4.512136411945011,0.5495586358787913,0.6000674510578303,5.0,7.0,1.648861249193023,33.58495488361508,Standard Transplant
South Africa,1911,T+11,0.04909523490226406,4.512136411945011,0.5495586358787913,0.6000674510578303,5.0,7.0,1.648861249193023,33.58495488361508,Standard Transplant
South Africa,1912,T+12,0.04909523490226406,4.512136411945011,0.5495586358787913,0.6000674510578303,5.0,7.0,1.648861249193023,33.58495488361508,Standard Transplant
South Africa,1913,T+13,0.04909523490226406,4.512136411945011,0.5495586358787913,0.6000674510578303,5.0,7.0,1.648861249193023,33.58495488361508,Standard Transplant
South Africa,1914,T+14,0.014084444860920585,2.9148059540902547,0.2670566530334636,0.2670566530334636,5.0,8.0,0.3565962796471788,25.318447632722037,Standard Transplant
South Africa,1915,T+15,0.020265375287584438,3.4550687402713134,0.3309787299151075,0.3629700724618976,5.0,8.0,0.600676867903167,29.640549922170507,Standard Transplant
South Africa,1916,T+16,0.020265375287584438,3.4550687402713134,0.3309787299151075,0.3629700724618976,5.0,8.0,0.600676867903167,29.640549922170507,Standard Transplant
South Africa,1917,T+17,0.01658591991179444,3.7479160876412374,0.32877366323553936,0.3605127969089822,5.0,9.0,0.5926355644152805,35.731244788771136,Failed Transplant
South Africa,1918,T+18,0.024911547666392874,3.944933459514875,0.39038752010935796,0.4283017440917263,5.0,8.0,0.8360182786724093,33.559467676119,Standard Transplant
South Africa,1919,T+19,0.021988599903911218,2.973187473066574,0.330751903941852,0.3428473313847684,5.0,8.0,0.5669870380844761,25.785499784532593,Standard Transplant
South Africa,1920,T+20,0.0213377558214789,3.0097497819586265,0.3276727362607016,0.3396351893309188,5.0,8.0,0.556445959092418,26.077998255669012,Standard Transplant
South Africa,1921,T+21,0.015885950062046187,2.650913757556062,0.2989750658102611,0.27479378666763404,5.0,9.0,0.4107824522660337,25.858223818004557,Standard Transplant
South Africa,1922,T+22,0.012866726117759133,1.8708286933869707,0.21787826529517726,0.20382012862786256,6.0,10.0,0.26644785634607154,20.708286933869708,Intermediate/Uncertain
South Africa,1923,T+23,0.028473753239640097,2.1203994317109216,0.31885898531103524,0.30080859557872514,5.0,7.0,0.4795776177953493,16.84279602197645,Standard Transplant
South Africa,1924,T+24,0.043528440079923264,2.978438139360964,0.4271972530935891,0.40493587933064246,5.0,6.0,0.8649374766454376,19.870628836165782,Standard Transplant
South Africa,1925,T+25,0.03847398110047513,3.9111219617905038,0.45481592657504655,0.4308585076238593,5.0,6.0,0.9798065568384366,25.466731770743024,Standard Transplant
South Africa,1926,T+26,0.03847398110047513,3.9111219617905038,0.45481592657504655,0.4308585076238593,5.0,6.0,0.9798065568384366,25.466731770743024,Standard Transplant
South Africa,1927,T+27,0.03847398110047513,3.9111219617905038,0.45481592657504655,0.4308585076238593,5.0,6.0,0.9798065568384366,25.466731770743024,Standard Transplant
South Africa,1928,T+28,0.03847398110047513,3.9111219617905038,0.45481592657504655,0.4308585076238593,5.0,6.0,0.9798065568384366,25.466731770743024,Standard Transplant
South Africa,1929,T+29,0.03847398110047513,3.9111219617905038,0.45481592657504655,0.4308585076238593,5.0,6.0,0.9798065568384366,25.466731770743024,Standard Transplant
South Africa,1930,T+30,0.013182501055602855,2.9094404530768454,0.2852239244125768,0.2605309631522025,5.0,9.0,0.3715483187062982,28.18496407769161,Standard Transplant
South Africa,1931,T+31,0.006528190628476766,2.7950849718747373,0.22084976873598444,0.20067715029122493,4.0,9.0,0.17727800892965367,27.155764746872634,Standard Transplant
South Africa,1932,T+32,0.006528190628476766,2.7950849718747373,0.22084976873598444,0.20067715029122493,4.0,9.0,0.17727800892965367,27.155764746872634,Standard Transplant
South Africa,1933,T+33,0.022845860101409324,2.591301555203485,0.3129498176991046,0.3318716249824166,5.0,8.0,0.5192958226887645,22.73041244162788,Standard Transplant
South Africa,1934,T+34,0.04552017570434658,4.329675940529499,0.5344552309650165,0.55033744010467,5.0,7.0,1.4706536182991867,32.30773158370649,Standard Transplant
South Africa,1935,T+35,0.04552017570434658,4.329675940529499,0.5344552309650165,0.55033744010467,5.0,7.0,1.4706536182991867,32.30773158370649,Standard Transplant
South Africa,1936,T+36,0.04552017570434658,4.329675940529499,0.5344552309650165,0.55033744010467,5.0,7.0,1.4706536182991867,32.30773158370649,Standard Transplant
South Africa,1937,T+37,0.04552017570434658,4.329675940529499,0.5344552309650165,0.55033744010467,5.0,7.0,1.4706536182991867,32.30773158370649,Standard Transplant
South Africa,1938,T+38,0.04552017570434658,4.329675940529499,0.5344552309650165,0.55033744010467,5.0,7.0,1.4706536182991867,32.30773158370649,Standard Transplant
South Africa,1939,T+39,0.020817649929857795,3.7494791304926607,0.34483804382450023,0.386313554116979,5.0,8.0,0.6660780515229461,31.995833043941285,Standard Transplant
South Africa,1940,T+40,0.02085707442192175,3.8563057127255873,0.349696847629339,0.3918618056986774,5.0,8.0,0.6851641907958401,32.8504457018047,Standard Transplant
South Africa,1941,T+41,0.02495027887705132,4.328322423295196,0.398068791895286,0.4591384145695961,5.0,8.0,0.9138433700021804,36.62657938636157,Standard Transplant
South Africa,1942,T+42,0.03172484851752139,4.046603514059662,0.40831590962235165,0.47125025443312485,5.0,7.0,0.9620948814931302,30.32622459841763,Standard Transplant
South Africa,1943,T+43,0.03172484851752139,4.046603514059662,0.40831590962235165,0.47125025443312485,5.0,7.0,0.9620948814931302,30.32622459841763,Standard Transplant
South Africa,1944,T+44,0.03172484851752139,4.046603514059662,0.40831590962235165,0.47125025443312485,5.0,7.0,0.9620948814931302,30.32622459841763,Standard Transplant
South Africa,1945,T+45,0.025746713901679635,4.26788516129476,0.40165002816514334,0.4633713473190078,5.0,8.0,0.9305655735079996,36.14308129035808,Standard Transplant
South Africa,1946,T+46,0.009395457309318806,3.815572532399299,0.2832492063931943,0.30135331932190795,4.0,9.0,0.34143235416754114,36.34015279159369,Failed Transplant
South Africa,1947,T+47,0.009395457309318806,3.815572532399299,0.2832492063931943,0.30135331932190795,4.0,9.0,0.34143235416754114,36.34015279159369,Failed Transplant
South Africa,1948,T+48,0.010489507037538738,4.693329708213562,0.3694042065976869,0.3140566896783041,4.0,9.0,0.46405544910923957,44.239967373922056,Failed Transplant
South Africa,1949,T+49,0.011809266667542492,4.394154497739013,0.3800233039892445,0.32277245129722526,4.0,9.0,0.4906442135147162,41.54739047965111,Failed Transplant
South Africa,1950,T+50,0.013129809202050438,4.686666592579421,0.401605490026753,0.36109750501243393,4.0,9.0,0.5800749617918257,44.17999933321479,Failed Transplant
South Africa,1951,T+51,0.013129809202050438,4.686666592579421,0.401605490026753,0.36109750501243393,4.0,9.0,0.5800749617918257,44.17999933321479,Failed Transplant
South Africa,1952,T+52,0.013129809202050438,4.686666592579421,0.401605490026753,0.36109750501243393,4.0,9.0,0.5800749617918257,44.17999933321479,Failed Transplant
South Africa,1953,T+53,0.013129809202050438,4.686666592579421,0.401605490026753,0.36109750501243393,4.0,9.0,0.5800749617918257,44.17999933321479,Failed Transplant
South Africa,1954,T+54,0.013129809202050438,4.686666592579421,0.401605490026753,0.36109750501243393,4.0,9.0,0.5800749617918257,44.17999933321479,Failed Transplant
South Africa,1955,T+55,0.011236818148834753,4.554788002750512,0.3770423480530255,0.32032579313235626,4.0,9.0,0.48310555673828526,42.99309202475461,Failed Transplant
South Africa,1956,T+56,0.01049853675950109,4.399928976699511,0.34845736021257884,0.31333275480408496,4.0,9.0,0.43673241842866667,41.5993607902956,Failed Transplant
South Africa,1957,T+57,0.01049853675950109,4.399928976699511,0.34845736021257884,0.31333275480408496,4.0,9.0,0.43673241842866667,41.5993607902956,Failed Transplant
South Africa,1958,T+58,0.01049853675950109,4.399928976699511,0.34845736021257884,0.31333275480408496,4.0,9.0,0.43673241842866667,41.5993607902956,Failed Transplant
South Africa,1959,T+59,0.01049853675950109,4.399928976699511,0.34845736021257884,0.31333275480408496,4.0,9.0,0.43673241842866667,41.5993607902956,Failed Transplant
South Africa,1960,T+60,0.002724637729950625,4.911323014219285,0.21762456485572954,0.21331083868739958,3.0,10.0,0.13926503534506818,51.11323014219285,Ruptured
South Africa,1961,T+61,0.005902593316204959,5.979130371550699,0.34867794897810894,0.34867794897810894,3.0,10.0,0.3647289363107422,61.79130371550699,Failed Transplant
South Africa,1962,T+62,0.007759972427053691,6.183395103015818,0.40634537850779234,0.40634537850779234,3.0,10.0,0.4953496999039231,63.83395103015818,Failed Transplant
South Africa,1963,T+63,0.007759972427053691,6.183395103015818,0.40634537850779234,0.40634537850779234,3.0,10.0,0.4953496999039231,63.83395103015818,Failed Transplant
South Africa,1964,T+64,0.00994614970553278,6.475916923494309,0.4704595949451069,0.4704595949451069,3.0,10.0,0.6639966914277422,66.75916923494309,Failed Transplant
South Africa,1965,T+65,0.010475491728453804,6.537153432496441,0.4850257555204006,0.4850257555204006,3.0,10.0,0.7057499505544063,67.37153432496441,Failed Transplant
South Africa,1966,T+66,0.011466655577390303,6.782042004440846,0.5165935568439176,0.5165935568439176,3.0,10.0,0.8006067089179498,69.82042004440845,Failed Transplant
South Africa,1967,T+67,0.011466655577390303,6.782042004440846,0.5165935568439176,0.5165935568439176,3.0,10.0,0.8006067089179498,69.82042004440845,Failed Transplant
South Africa,1968,T+68,0.011466655577390303,6.782042004440846,0.5165935568439176,0.5165935568439176,3.0,10.0,0.8006067089179498,69.82042004440845,Failed Transplant
South Africa,1969,T+69,0.011466655577390303,6.782042004440846,0.5165935568439176,0.5165935568439176,3.0,10.0,0.8006067089179498,69.82042004440845,Failed Transplant
South Africa,1970,T+70,0.011466655577390303,6.782042004440846,0.5165935568439176,0.5165935568439176,3.0,10.0,0.8006067089179498,69.82042004440845,Failed Transplant
South Africa,1971,T+71,0.015581594542747823,4.440140059727846,0.4042967190686558,0.4042967190686558,4.0,9.0,0.6538233481987182,41.961260537550615,Failed Transplant
South Africa,1972,T+72,0.015581594542747823,4.440140059727846,0.4042967190686558,0.4042967190686558,4.0,9.0,0.6538233481987182,41.961260537550615,Failed Transplant
South Africa,1973,T+73,0.010471092515727094,3.731202889149825,0.2913500008453666,0.3196929121121913,4.0,9.0,0.3725701208565786,35.580826002348424,Failed Transplant
South Africa,1974,T+74,0.00984702793362557,3.416412592179112,0.2790683427680107,0.2888787426769498,4.0,9.0,0.3224676479190519,32.74771332961201,Standard Transplant
South Africa,1975,T+75,0.009672225522707302,3.512811374099099,0.2772492899442908,0.2931790966641484,4.0,9.0,0.32513478550657493,33.61530236689189,Failed Transplant
South Africa,1976,T+76,0.0027685277097346086,3.6223050327105253,0.18719617305150535,0.18843258074521915,3.0,10.0,0.1058215739811714,38.223050327105256,Ruptured
South Africa,1977,T+77,0.008655311753628587,3.815572532399299,0.2596262155454971,0.30287325850826896,4.0,9.0,0.3145353515857396,36.34015279159369,Failed Transplant
South Africa,1978,T+78,0.008655311753628587,3.815572532399299,0.2596262155454971,0.30287325850826896,4.0,9.0,0.3145353515857396,36.34015279159369,Failed Transplant
South Africa,1979,T+79,0.008655311753628587,3.815572532399299,0.2596262155454971,0.30287325850826896,4.0,9.0,0.3145353515857396,36.34015279159369,Failed Transplant
South Africa,1980,T+80,0.008655311753628587,3.815572532399299,0.2596262155454971,0.30287325850826896,4.0,9.0,0.3145353515857396,36.34015279159369,Failed Transplant
South Africa,1981,T+81,0.008655311753628587,3.815572532399299,0.2596262155454971,0.30287325850826896,4.0,9.0,0.3145353515857396,36.34015279159369,Failed Transplant
South Africa,1982,T+82,0.008655311753628587,3.815572532399299,0.2596262155454971,0.30287325850826896,4.0,9.0,0.3145353515857396,36.34015279159369,Failed Transplant
South Africa,1983,T+83,0.008655311753628587,3.815572532399299,0.2596262155454971,0.30287325850826896,4.0,9.0,0.3145353515857396,36.34015279159369,Failed Transplant
South Africa,1984,T+84,0.007440800559531423,2.7838821814150108,0.20674862378082579,0.2147774606575906,5.0,10.0,0.22202472205048657,29.83882181415011,Standard Transplant
South Africa,1985,T+85,0.004129304630519651,3.2858598570237287,0.160554985498786,0.1793052667188524,5.0,10.0,0.14394177248950651,34.85859857023729,Ruptured
South Africa,1986,T+86,0.004129304630519651,3.2858598570237287,0.160554985498786,0.1793052667188524,5.0,10.0,0.14394177248950651,34.85859857023729,Ruptured
South Africa,1987,T+87,0.004129304630519651,3.2858598570237287,0.160554985498786,0.1793052667188524,5.0,10.0,0.14394177248950651,34.85859857023729,Ruptured
South Africa,1988,T+88,0.007171303180864259,2.957379541080245,0.2087806158324514,0.21690256881237824,5.0,10.0,0.22642525946144496,31.57379541080245,Standard Transplant
South Africa,1989,T+89,0.022488948994241427,1.6153559979150107,0.256415732914782,0.2417472734365874,6.0,9.0,0.3719268257903566,16.538203981235096,Intermediate/Uncertain
South Africa,1990,T+90,0.01765005760502704,3.418698582794336,0.27988495358610077,0.2644055423166423,7.0,8.0,0.5180219305744087,29.349588662354687,Standard Transplant
South Africa,1991,T+91,0.009782305477556826,3.999511688944039,0.230107988893622,0.2064621754163393,7.0,8.0,0.33256017177359226,33.99609351155232,Failed Transplant
South Africa,1992,T+92,0.01025397133916365,4.903761311483258,0.25267965853551144,0.23902210448994943,7.0,8.0,0.4227721662147183,41.230090491866065,Failed Transplant
South Africa,1993,T+93,0.03530186662205994,4.02919036532155,0.3351015977658263,0.3446832933032849,8.0,6.0,0.9240313784729417,26.175142191929297,Standard Transplant
South Africa,1994,T+94,0.26421132467540515,2.0832291640623697,0.5841739464307948,0.5841739464307948,8.0,4.0,2.7300735975082326,10.332916656249479,Greenhouse Garden
South Africa,1995,T+95,0.25941371099936544,1.9273929931386593,0.545053564816187,0.5776487533076823,8.0,4.0,2.5187960976158275,9.709571972554638,Deep Ancient Forest
South Africa,1996,T+96,0.25941371099936544,1.9273929931386593,0.545053564816187,0.5776487533076823,8.0,4.0,2.5187960976158275,9.709571972554638,Deep Ancient Forest
South Africa,1997,T+97,0.25941371099936544,1.9273929931386593,0.545053564816187,0.5776487533076823,8.0,4.0,2.5187960976158275,9.709571972554638,Deep Ancient Forest
South Africa,1998,T+98,0.25941371099936544,1.9273929931386593,0.545053564816187,0.5776487533076823,8.0,4.0,2.5187960976158275,9.709571972554638,Deep Ancient Forest
South Africa,1999,T+99,0.092347526970757,1.7309228030157786,0.40422301047040526,0.40422301047040526,7.0,6.0,1.1437736953563016,12.385536818094671,Young Ancient Forest
South Africa,2000,T+100,0.092347526970757,1.7309228030157786,0.40422301047040526,0.40422301047040526,7.0,6.0,1.1437736953563016,12.385536818094671,Young Ancient Forest
South Africa,2001,T+101,0.092347526970757,1.7309228030157786,0.40422301047040526,0.40422301047040526,7.0,6.0,1.1437736953563016,12.385536818094671,Young Ancient Forest
South Africa,2002,T+102,0.12424334833041324,1.3564084008881692,0.42420261756448285,0.42420261756448285,7.0,6.0,1.2596350252399122,10.138450405329015,Young Ancient Forest
South Africa,2003,T+103,0.12326403682691746,1.4737282653189494,0.43694953037568146,0.43694953037568146,7.0,6.0,1.3364742446687,10.842369591913696,Young Ancient Forest
South Africa,2004,T+104,0.12326403682691746,1.4737282653189494,0.43694953037568146,0.43694953037568146,7.0,6.0,1.3364742446687,10.842369591913696,Young Ancient Forest
South Africa,2005,T+105,0.10064155812753206,1.8016919131749467,0.42915758089894956,0.42915758089894956,7.0,6.0,1.2892336047012691,12.81015147904968,Young Ancient Forest
South Africa,2006,T+106,0.09115549871117197,1.4577379737113252,0.3740886047307049,0.3740886047307049,7.0,6.0,0.9795959893255588,10.746427842267952,Young Ancient Forest
South Africa,2007,T+107,0.028994509508547282,2.0453835214941964,0.2892582438792103,0.27260719026835484,6.0,7.0,0.47312326275522043,16.317684650459377,Standard Transplant
South Africa,2008,T+108,0.011807807721211847,2.2878756522153907,0.22979092418931463,0.20865400373787546,5.0,8.0,0.23973398177363553,20.303005217723125,Standard Transplant
South Africa,2009,T+109,0.020602173103599106,1.9525624189766635,0.2694515087424502,0.2694515087424502,5.0,8.0,0.36302057781791364,17.620499351813308,Intermediate/Uncertain
South Africa,2010,T+110,0.06744960536955925,0.8076779989575054,0.29332636738129303,0.29332636738129303,6.0,7.0,0.5162421468066317,7.653745992702538,Intermediate/Uncertain
South Africa,2011,T+111,0.06744960536955925,0.8076779989575054,0.29332636738129303,0.29332636738129303,6.0,7.0,0.5162421468066317,7.653745992702538,Intermediate/Uncertain
South Africa,2012,T+112,0.009448520147770888,1.984313483298443,0.21365190857706098,0.21955862093997286,4.0,9.0,0.18763647363349067,19.858821349685986,Intermediate/Uncertain
South Africa,2013,T+113,0.009448520147770888,1.984313483298443,0.21365190857706098,0.21955862093997286,4.0,9.0,0.18763647363349067,19.858821349685986,Intermediate/Uncertain
South Africa,2014,T+114,0.008494416582060533,1.192424001771182,0.16175974900768847,0.16714502487329166,4.0,9.0,0.10814934908555002,12.731816015940637,Intermediate/Uncertain
South Africa,2015,T+115,0.003835706066611302,1.539835624344365,0.1233172977993756,0.1233172977993756,4.0,9.0,0.06082862374615954,15.858520619099284,Ruptured
South Africa,2016,T+116,0.0025474122778353994,2.2491317769308226,0.13931854347143033,0.10167350352485535,4.0,9.0,0.05666001768288074,22.242185992377404,Ruptured
South Africa,2017,T+117,0.0025474122778353994,2.2491317769308226,0.13931854347143033,0.10167350352485535,4.0,9.0,0.05666001768288074,22.242185992377404,Ruptured
South Africa,2018,T+118,0.011330616355668434,1.5499495959546556,0.21081947416080876,0.19347869462710143,4.0,8.0,0.16315630665042088,14.399596767637245,Intermediate/Uncertain
South Africa,2019,T+119,0.0126763292339379,2.4550649176752946,0.27278608938674365,0.25140793339364126,4.0,8.0,0.27432234796501725,21.640519341402356,Standard Transplant
South Africa,2020,T+120,0.0028368866838904,3.6906765978611564,0.19986977923721813,0.18407666354762625,3.0,10.0,0.1103740863179632,38.90676597861157,Ruptured
South Africa,2021,T+121,0.0009456860543732356,2.3175620272173947,0.11959180995684424,0.09953956299424867,2.0,10.0,0.023808233001591024,25.175620272173948,Ruptured
South Africa,2022,T+122,0.0024274585574130627,1.7853571071357126,0.13680804720017087,0.11742418660957757,3.0,10.0,0.04819372099237428,19.853571071357127,Ruptured
South Africa,2023,T+123,0.0007994427375219782,1.595893166850463,0.09269320650615975,0.07744438906148646,2.0,10.0,0.014357137496039488,17.95893166850463,Ruptured
South Africa,2024,T+124,0.0007994427375219782,1.595893166850463,0.09269320650615975,0.07744438906148646,2.0,10.0,0.014357137496039488,17.95893166850463,Ruptured
South Africa,2025,T+125,0.0007994427375219782,1.595893166850463,0.09269320650615975,0.07744438906148646,2.0,10.0,0.014357137496039488,17.95893166850463,Ruptured
Sweden,1900,T+0,0.0737643885933596,2.78318050977654,0.4589993113243617,0.5008454969495284,6.0,6.0,1.3793264290784475,18.69908305865924,Standard Transplant
Sweden,1901,T+1,0.07553668351296934,2.7726341266023544,0.46365519001842326,0.5060106865479516,6.0,6.0,1.4076868861364598,18.635804759614125,Standard Transplant
Sweden,1902,T+2,0.04236692279227292,3.4550687402713134,0.45100067588748277,0.4919718833365186,5.0,7.0,1.1093982595120386,26.185481181899192,Standard Transplant
Sweden,1903,T+3,0.07987541676718506,2.979093821953246,0.5143748628572908,0.5143748628572908,6.0,6.0,1.5874889972367405,19.874562931719478,Standard Transplant
Sweden,1904,T+4,0.07765611397236942,3.1991209730174317,0.5237524932791845,0.5237524932791845,6.0,6.0,1.645900045296973,21.19472583810459,Standard Transplant
Sweden,1905,T+5,0.05773559231814134,3.8649062084350767,0.49232900243378047,0.49232900243378047,6.0,6.0,1.4543270798246486,25.18943725061046,Standard Transplant
Sweden,1906,T+6,0.12451759890737259,2.357667014232502,0.5359186254363113,0.5359186254363113,7.0,6.0,2.0104614116268174,16.14600208539501,Intermediate/Uncertain
Sweden,1907,T+7,0.12402922490122903,2.3971011138456384,0.5387713547326708,0.5387713547326708,7.0,6.0,2.031922008763342,16.38260668307383,Intermediate/Uncertain
Sweden,1908,T+8,0.0698326279932832,3.091697551507909,0.5245593088269335,0.5245593088269335,6.0,7.0,1.6509748108619409,23.641882860555363,Standard Transplant
Sweden,1909,T+9,0.006833314733013185,5.493959751399713,0.3359886532141258,0.38601124061995495,3.0,10.0,0.38908619058423755,56.939597513997136,Failed Transplant
Sweden,1910,T+10,0.13438402123317322,2.037730048362638,0.5226031259796872,0.5226031259796872,7.0,6.0,1.9117981909861856,14.226380290175829,Intermediate/Uncertain
Sweden,1911,T+11,0.13438402123317322,2.037730048362638,0.5226031259796872,0.5226031259796872,7.0,6.0,1.9117981909861856,14.226380290175829,Intermediate/Uncertain
Sweden,1912,T+12,0.1336809534309814,2.1999644883497553,0.5387713547326708,0.5387713547326708,7.0,6.0,2.031922008763342,15.199786930098533,Intermediate/Uncertain
Sweden,1913,T+13,0.1336809534309814,2.1999644883497553,0.5387713547326708,0.5387713547326708,7.0,6.0,2.031922008763342,15.199786930098533,Intermediate/Uncertain
Sweden,1914,T+14,0.0715262181442177,2.7492896809903464,0.4347298335211699,0.4347298335211699,7.0,6.0,1.3229301970734086,18.49573808594208,Standard Transplant
Sweden,1915,T+15,0.04100118876673596,3.6093411794952277,0.431646717177704,0.431646717177704,6.0,7.0,1.1179133307017326,27.265388256466593,Standard Transplant
Sweden,1916,T+16,0.021663238150248513,4.7483549783056445,0.4162317705404342,0.4162317705404342,5.0,8.0,0.8662444340361233,39.986839826445156,Standard Transplant
Sweden,1917,T+17,0.004889294479805133,5.771698190307598,0.2990598001646278,0.32543536979182225,3.0,10.0,0.29197390996933237,59.716981903075975,Ruptured
Sweden,1918,T+18,0.009361000038417333,4.076897564325108,0.28819107483124506,0.3141982663718529,4.0,9.0,0.3621965443832725,38.692078078925974,Failed Transplant
Sweden,1919,T+19,0.046573084236823256,2.747157621979489,0.40594568435026274,0.40594568435026274,6.0,7.0,0.988751391855619,21.23010335385642,Standard Transplant
Sweden,1920,T+20,0.11164955231059058,1.9803724397193574,0.4705536681762045,0.4705536681762045,7.0,6.0,1.5499452824385709,13.882234638316145,Young Ancient Forest
Sweden,1921,T+21,0.22950055198230893,1.695582495781317,0.5482570904160046,0.5482570904160046,8.0,5.0,2.404686697531384,10.477912478906585,Deep Ancient Forest
Sweden,1922,T+22,0.138230272413534,2.4109126902482387,0.5268187726504342,0.5268187726504342,7.0,5.0,1.9427661345183689,14.054563451241194,Intermediate/Uncertain
Sweden,1923,T+23,0.138230272413534,2.4109126902482387,0.5268187726504342,0.5268187726504342,7.0,5.0,1.9427661345183689,14.054563451241194,Intermediate/Uncertain
Sweden,1924,T+24,0.1372915528189708,2.45903944661325,0.5295024384108322,0.5295024384108322,7.0,5.0,1.9626098259811202,14.29519723306625,Intermediate/Uncertain
Sweden,1925,T+25,0.12987699167339486,2.5860201081971503,0.526318282796983,0.526318282796983,7.0,5.0,1.9390765436445547,14.930100540985752,Intermediate/Uncertain
Sweden,1926,T+26,0.11178841269459378,3.1318674540918874,0.5310514210646031,0.5310514210646031,7.0,5.0,1.9741092827031408,17.65933727045944,Intermediate/Uncertain
Sweden,1927,T+27,0.11178841269459378,3.1318674540918874,0.5310514210646031,0.5310514210646031,7.0,5.0,1.9741092827031408,17.65933727045944,Intermediate/Uncertain
Sweden,1928,T+28,0.18509867170524746,2.6685377550261493,0.5415219892595623,0.5415219892595623,8.0,4.0,2.345968518813068,12.674151020104597,Greenhouse Garden
Sweden,1929,T+29,0.1978694297352514,2.5792137852454187,0.5519430567184607,0.5519430567184607,8.0,4.0,2.4371291028777433,12.316855140981675,Greenhouse Garden
Sweden,1930,T+30,0.14111780655155381,2.7321866242992994,0.5255992449880618,0.5255992449880618,8.0,5.0,2.2100365306561645,15.660933121496496,Intermediate/Uncertain
Sweden,1931,T+31,0.03286900755425675,3.6050095353549345,0.4375832688682066,0.4633096246738862,5.0,8.0,1.0136827003145052,30.840076282839476,Standard Transplant
Sweden,1932,T+32,0.02555500789862471,5.25594901040716,0.40289023643955274,0.41008718813337275,6.0,7.0,0.9913207451273154,38.79164307285012,Standard Transplant
Sweden,1933,T+33,0.09518043355697746,3.25,0.4981455484974588,0.4981455484974588,7.0,5.0,1.7370429124148385,18.25,Intermediate/Uncertain
Sweden,1934,T+34,0.22725474755442876,2.091650066335189,0.5426623174564555,0.5426623174564555,8.0,4.0,2.3558591262976876,10.366600265340756,Greenhouse Garden
Sweden,1935,T+35,0.27421260889661525,1.709349291397168,0.5503777944093974,0.5503777944093974,8.0,4.0,2.423325732631623,8.837397165588673,Deep Ancient Forest
Sweden,1936,T+36,0.27133157663605784,1.8027756377319946,0.5589345867026506,0.5589345867026506,8.0,4.0,2.499262977699703,9.21110255092798,Deep Ancient Forest
Sweden,1937,T+37,0.29091860339742037,1.7929985359726315,0.5775274589478354,0.5775274589478354,8.0,4.0,2.66830372670995,9.171994143890526,Deep Ancient Forest
Sweden,1938,T+38,0.6831802486290256,0.8660254037844386,0.590791827342063,0.590791827342063,9.0,3.0,3.1413148492875664,4.598076211353316,Deep Ancient Forest
Sweden,1939,T+39,0.20649614568453314,2.6918569334197535,0.5500561858562975,0.5325566298905121,9.0,4.0,2.6364246173105306,12.767427733679014,Greenhouse Garden
Sweden,1940,T+40,0.0477348259494546,5.144399260360728,0.44997186162396774,0.435824938609416,8.0,6.0,1.568871671745843,32.866395562164364,Standard Transplant
Sweden,1941,T+41,0.05438841595503723,4.534158549279017,0.45277424197364186,0.43852180948165426,8.0,6.0,1.5884110390157264,29.2049512956741,Standard Transplant
Sweden,1942,T+42,0.0910248466191823,3.8400642898264086,0.48481532139646377,0.4975492530398299,8.0,5.0,1.9297560081846048,21.200321449132044,Intermediate/Uncertain
Sweden,1943,T+43,0.1848561796304594,3.6309218870694533,0.5825714790270641,0.5825714790270641,9.0,4.0,3.0545057535820286,16.523687548277813,Greenhouse Garden
Sweden,1944,T+44,0.26610319814763445,1.6723860200324565,0.5376238776048957,0.5376238776048957,8.0,4.0,2.312315470167391,8.689544080129826,Deep Ancient Forest
Sweden,1945,T+45,0.6174850099381133,0.960143218483576,0.578656696755344,0.578656696755344,9.0,3.0,3.0135921542982556,4.880429655450728,Deep Ancient Forest
Sweden,1946,T+46,0.44965224695397743,1.5799030824705673,0.5749389400418937,0.5856709674044012,9.0,3.0,3.030525406915172,6.739709247411702,Deep Ancient Forest
Sweden,1947,T+47,0.6116069910158797,1.1726039399558574,0.6123481475381886,0.6123481475381886,9.0,3.0,3.3747322841410607,5.517811819867572,Deep Ancient Forest
Sweden,1948,T+48,0.8462308584915945,1.3678792892649556,0.6393590360476832,0.696451849355547,9.0,2.0,4.0075450475183,4.735758578529911,Deep Ancient Forest
Sweden,1949,T+49,0.9764420135584561,1.4306903927824497,0.7262427236530787,0.7262427236530787,9.0,2.0,4.746856442931379,4.861380785564899,Deep Ancient Forest
Sweden,1950,T+50,0.9764420135584561,1.4306903927824497,0.7262427236530787,0.7262427236530787,9.0,2.0,4.746856442931379,4.861380785564899,Deep Ancient Forest
Sweden,1951,T+51,1.0737994332901535,1.2231491119238078,0.7283491617659598,0.7283491617659598,9.0,2.0,4.774432513006586,4.446298223847616,Deep Ancient Forest
Sweden,1952,T+52,1.0737994332901535,1.2231491119238078,0.7283491617659598,0.7283491617659598,9.0,2.0,4.774432513006586,4.446298223847616,Deep Ancient Forest
Sweden,1953,T+53,1.0737994332901535,1.2231491119238078,0.7283491617659598,0.7283491617659598,9.0,2.0,4.774432513006586,4.446298223847616,Deep Ancient Forest
Sweden,1954,T+54,1.0737994332901535,1.2231491119238078,0.7283491617659598,0.7283491617659598,9.0,2.0,4.774432513006586,4.446298223847616,Deep Ancient Forest
Sweden,1955,T+55,1.0180722727039695,1.3448396744593758,0.7283491617659598,0.7283491617659598,9.0,2.0,4.774432513006586,4.689679348918752,Deep Ancient Forest
Sweden,1956,T+56,0.8894264176610995,1.6092991486979666,0.7181426033614756,0.7181426033614756,9.0,2.0,4.641559188865179,5.218598297395934,Deep Ancient Forest
Sweden,1957,T+57,1.0283526728171426,1.3213984069916234,0.7283491617659598,0.7283491617659598,9.0,2.0,4.774432513006586,4.642796813983247,Deep Ancient Forest
Sweden,1958,T+58,1.0929446686124031,1.184205957593526,0.7283491617659598,0.7283491617659598,9.0,2.0,4.774432513006586,4.3684119151870515,Deep Ancient Forest
Sweden,1959,T+59,1.1382609642162351,1.1162856937182344,0.7316473641020639,0.7316473641020639,9.0,2.0,4.817770788577483,4.232571387436469,Deep Ancient Forest
Sweden,1960,T+60,1.1382609642162351,1.1162856937182344,0.7316473641020639,0.7316473641020639,9.0,2.0,4.817770788577483,4.232571387436469,Deep Ancient Forest
Sweden,1961,T+61,1.287215273002205,1.1110243021644486,0.7372031909080291,0.7372031909080291,10.0,2.0,5.4346854468498,4.222048604328897,Deep Ancient Forest
Sweden,1962,T+62,1.287215273002205,1.1110243021644486,0.7372031909080291,0.7372031909080291,10.0,2.0,5.4346854468498,4.222048604328897,Deep Ancient Forest
Sweden,1963,T+63,1.287215273002205,1.1110243021644486,0.7372031909080291,0.7372031909080291,10.0,2.0,5.4346854468498,4.222048604328897,Deep Ancient Forest
Sweden,1964,T+64,1.287215273002205,1.1110243021644486,0.7372031909080291,0.7372031909080291,10.0,2.0,5.4346854468498,4.222048604328897,Deep Ancient Forest
Sweden,1965,T+65,0.7844033270175979,1.2183492931011204,0.7020476693983875,0.7020476693983875,9.0,3.0,4.435838370969368,5.655047879303361,Deep Ancient Forest
Sweden,1966,T+66,0.39826529964032076,1.8027756377319946,0.611916411355233,0.6661154020727149,9.0,4.0,3.6684625174630545,9.21110255092798,Deep Ancient Forest
Sweden,1967,T+67,0.17316619505301073,2.4462982238476156,0.48665091380119174,0.633003323624689,8.0,5.0,2.4644131670491713,14.231491119238079,Greenhouse Garden
Sweden,1968,T+68,0.17316619505301073,2.4462982238476156,0.48665091380119174,0.633003323624689,8.0,5.0,2.4644131670491713,14.231491119238079,Greenhouse Garden
Sweden,1969,T+69,0.05869687860326169,3.07967124868873,0.42098476531773626,0.547432075567926,6.0,7.0,1.3827633831621875,23.55769874082111,Standard Transplant
Sweden,1970,T+70,0.081516723038226,2.958039891549808,0.4205492255165732,0.5468399280393432,7.0,6.0,1.6098117575293909,19.74823934929885,Intermediate/Uncertain
Sweden,1971,T+71,0.1460060280767037,2.449489742783178,0.4606832365376718,0.5644370230886654,8.0,5.0,2.0802133969453998,14.24744871391589,Intermediate/Uncertain
Sweden,1972,T+72,0.061244304270478986,4.123105625617661,0.37634749774865234,0.46003769594585275,8.0,5.0,1.3850722859142162,22.615528128088304,Standard Transplant
Sweden,1973,T+73,0.07850185836995534,3.3166247903554,0.386052303028075,0.47234848526069834,8.0,5.0,1.4588097645337226,18.583123951776997,Standard Transplant
Sweden,1974,T+74,0.048402557801341256,3.774917217635375,0.3734653439660655,0.4563816114630818,7.0,6.0,1.1930990085339297,24.64950330581225,Standard Transplant
Sweden,1975,T+75,0.039228609559346275,3.9823830805184977,0.32914730102498657,0.4408783031808351,7.0,6.0,1.0157973250071335,25.894298483110987,Standard Transplant
Sweden,1976,T+76,0.02291741794655372,5.18260311040697,0.3064920313514894,0.40888408967345297,7.0,7.0,0.8772380066192481,38.27822177284879,Standard Transplant
Sweden,1977,T+77,0.033361847143370836,4.357106264483344,0.35634806474830827,0.43466791273076366,7.0,7.0,1.0842514865685593,32.49974385138341,Standard Transplant
Sweden,1978,T+78,0.020643824630600816,5.244044240850758,0.2839794061008008,0.4019846609280462,7.0,7.0,0.7990875569038484,38.70830968595531,Standard Transplant
Sweden,1979,T+79,0.025855899750396847,4.293891009329417,0.32135802041996053,0.42987812925495816,6.0,7.0,0.8288687078352557,32.05723706530591,Standard Transplant
Sweden,1980,T+80,0.0291963913973451,3.526683994916471,0.3118377395779409,0.4164334030477862,6.0,7.0,0.7791579065470275,26.6867879644153,Standard Transplant
Sweden,1981,T+81,0.08759295607119438,2.165063509461097,0.4035140000126333,0.46486324402789714,7.0,6.0,1.3130517893958196,14.99038105676658,Intermediate/Uncertain
Sweden,1982,T+82,0.13638458694513694,1.8328597873268975,0.4408354757868689,0.493426162248948,7.0,5.0,1.5226382990049263,11.164298936634488,Young Ancient Forest
Sweden,1983,T+83,0.27079001830916044,1.5360257159305635,0.4963762517654891,0.5553604135308581,8.0,4.0,2.205341763579035,8.144102863722253,Deep Ancient Forest
Sweden,1984,T+84,0.28702796968140626,1.5360257159305635,0.5108886323289098,0.5719410165760423,8.0,4.0,2.337585309850725,8.144102863722253,Deep Ancient Forest
Sweden,1985,T+85,0.05183509304227917,4.683748498798798,0.2859441462947466,0.46984715236317337,8.0,4.0,1.0748003429720427,20.734993995195193,Standard Transplant
Sweden,1986,T+86,0.10968294488282362,2.9154759474226504,0.37276911946454044,0.5024818856077534,8.0,4.0,1.4984778403590735,13.661903789690601,Intermediate/Uncertain
Sweden,1987,T+87,0.19331939040979523,1.9324531042175384,0.42512509649422314,0.553061152100366,8.0,4.0,1.8809614052309944,9.729812416870153,Deep Ancient Forest
Sweden,1988,T+88,0.16514595476169416,1.996089927833914,0.4565221152263402,0.5417379378089154,8.0,5.0,1.9785227941350527,11.980449639169569,Deep Ancient Forest
Sweden,1989,T+89,0.018937483801434965,4.121210380458634,0.33254120292295763,0.37102327696343945,6.0,9.0,0.740283161003039,39.09089342412771,Failed Transplant
Sweden,1990,T+90,0.007993705649518656,5.868347297152751,0.2990711108710977,0.32439497035471837,5.0,10.0,0.48508582072491213,60.683472971527515,Failed Transplant
Sweden,1991,T+91,0.004381914951657385,6.854514935427598,0.2668639279925204,0.2895884496715019,4.0,10.0,0.3091228447224052,70.54514935427598,Ruptured
Sweden,1992,T+92,0.013096352694800846,4.897384506039933,0.33828385568628355,0.3567616770382206,5.0,9.0,0.6034335783479696,46.0764605543594,Failed Transplant
Sweden,1993,T+93,0.06410068107670745,2.8613807855648994,0.4247022872253868,0.4749937628075161,7.0,7.0,1.4121165623750145,22.029665498954294,Standard Transplant
Sweden,1994,T+94,0.15064488182310623,2.179449471770337,0.5108585033181006,0.5557378407083132,8.0,6.0,2.271227212331855,15.076696830622023,Greenhouse Garden
Sweden,1995,T+95,0.20806882941460395,2.0,0.535430751688832,0.5829012307146791,8.0,5.0,2.4968259529752475,12.0,Greenhouse Garden
Sweden,1996,T+96,0.19001718856247324,2.4462982238476156,0.5570585268803628,0.6068096530793705,8.0,5.0,2.7042279315294255,14.231491119238079,Greenhouse Garden
Sweden,1997,T+97,0.25582385647557787,2.8722813232690143,0.6111032069731731,0.6274335794274555,9.0,4.0,3.4508400529569765,13.489125293076057,Greenhouse Garden
Sweden,1998,T+98,0.25582385647557787,2.8722813232690143,0.6111032069731731,0.6274335794274555,9.0,4.0,3.4508400529569765,13.489125293076057,Greenhouse Garden
Sweden,1999,T+99,0.25620049415017954,2.54644359843292,0.5813258065075989,0.5967205359289058,9.0,4.0,3.1220014212766607,12.18577439373168,Greenhouse Garden
Sweden,2000,T+100,0.18933966859068055,2.6457513110645907,0.472063154829013,0.560768198174583,9.0,4.0,2.3824620428226737,12.583005244258363,Greenhouse Garden
Sweden,2001,T+101,0.1337549851835409,2.5,0.452062646718632,0.5362772447688188,8.0,5.0,1.939447285161343,14.5,Intermediate/Uncertain
Sweden,2002,T+102,0.12127770788299017,2.666341125962693,0.422734678889341,0.5498112082990609,8.0,5.0,1.859394116720513,15.331705629813463,Intermediate/Uncertain
Sweden,2003,T+103,0.20566198989730605,2.4206145913796355,0.5178767573950376,0.5799250497431176,8.0,4.0,2.402637634344973,11.682458365518542,Greenhouse Garden
Sweden,2004,T+104,0.17571799943473265,3.24037034920393,0.5414842975704156,0.606897003159761,8.0,4.0,2.629001579628428,14.96148139681572,Greenhouse Garden
Sweden,2005,T+105,0.2733361608410208,3.585997071945263,0.579040728437621,0.6691566025049948,9.0,3.0,3.4872203389800216,12.757991215835789,Greenhouse Garden
Sweden,2006,T+106,0.2723013226476916,3.7332961307670196,0.5877574881238232,0.6794841486785799,9.0,3.0,3.594347068025489,13.199888392301059,Greenhouse Garden
Sweden,2007,T+107,0.13941135086167913,3.4798527267687636,0.5254582064036245,0.571877081322599,9.0,5.0,2.704477548916013,19.399263633843816,Intermediate/Uncertain
Sweden,2008,T+108,0.08215812084119485,3.9031237489989987,0.4900292333878807,0.5327121259212058,8.0,6.0,2.088356117452773,25.418742493993992,Intermediate/Uncertain
Sweden,2009,T+109,0.11732945589980673,4.2130748865881795,0.434436756703438,0.5657210205329737,9.0,4.0,2.2119300482337376,18.852299546352718,Intermediate/Uncertain
Sweden,2010,T+110,0.09502546551857215,4.662014049742879,0.3902324972814061,0.5586672805542602,9.0,4.0,1.9620911523609077,20.648056198971517,Intermediate/Uncertain
Sweden,2011,T+111,0.08494482875375257,4.847679857416329,0.3640997943333494,0.5544972459479418,9.0,4.0,1.8170309988724882,21.390719429665317,Intermediate/Uncertain
Sweden,2012,T+112,0.08060543959498356,4.985917668794783,0.3593865527318393,0.5468513584406457,9.0,4.0,1.7687792211003637,21.94367067517913,Intermediate/Uncertain
Sweden,2013,T+113,0.06114299909895113,5.09288719686584,0.35046874537983574,0.5323847646205219,9.0,5.0,1.679257984643041,27.4644359843292,Standard Transplant
Sweden,2014,T+114,0.019262814558934728,4.968651728587948,0.2650707502684687,0.3341075667488448,8.0,7.0,0.7084971471079102,36.78056210011563,Failed Transplant
Sweden,2015,T+115,0.040119576057792386,4.3857011982122085,0.32780354922349925,0.433168734573263,8.0,6.0,1.13595398884614,28.31420718927325,Standard Transplant
Sweden,2016,T+116,0.05448300563143593,4.085033659592048,0.35469326013798713,0.5090156921722745,8.0,6.0,1.4443554825438252,26.510201957552287,Standard Transplant
Sweden,2017,T+117,0.03421322947359391,5.543859215384171,0.30877252606428207,0.48841231089948084,8.0,6.0,1.2064664239786096,35.26315529230503,Standard Transplant
Sweden,2018,T+118,0.045620561709575,4.58257569495584,0.3362313471726675,0.5002504965767375,8.0,6.0,1.3455991871023387,29.49545416973504,Standard Transplant
Sweden,2019,T+119,0.0508790619584554,2.598076211353316,0.3815486562947701,0.37978759361138537,8.0,8.0,1.1592595681587863,22.784609690826528,Standard Transplant
Sweden,2020,T+120,0.09185613069488671,2.6190408549696205,0.43888781634333307,0.46343335221821846,8.0,6.0,1.6271620158057971,17.714245129817723,Intermediate/Uncertain
Sweden,2021,T+121,0.042132333636534625,4.19635258289863,0.30107833976992365,0.4754067623327792,8.0,6.0,1.1450774297483826,27.17811549739178,Standard Transplant
Sweden,2022,T+122,0.08314233481240119,3.4437443284889775,0.3518117054786618,0.5046542304619283,9.0,5.0,1.5978893894624937,19.218721642444887,Intermediate/Uncertain
Sweden,2023,T+123,0.1257044924878832,2.8284271247461903,0.4036297476974169,0.558580943117435,9.0,5.0,2.029138966251679,16.14213562373095,Intermediate/Uncertain
Sweden,2024,T+124,0.1389963490582072,2.5708704751503917,0.4070605067683026,0.5635800830379715,9.0,5.0,2.0647007478536286,14.854352375751958,Intermediate/Uncertain
Syria,1900,T+0,0.007809683453371328,2.622022120425379,0.24244952988552906,0.2185465243833251,3.0,7.0,0.15895950628456046,20.354154842977653,Standard Transplant
Syria,1901,T+1,0.007809683453371328,2.622022120425379,0.24244952988552906,0.2185465243833251,3.0,7.0,0.15895950628456046,20.354154842977653,Standard Transplant
Syria,1902,T+2,0.007809683453371328,2.622022120425379,0.24244952988552906,0.2185465243833251,3.0,7.0,0.15895950628456046,20.354154842977653,Standard Transplant
Syria,1903,T+3,0.007809683453371328,2.622022120425379,0.24244952988552906,0.2185465243833251,3.0,7.0,0.15895950628456046,20.354154842977653,Standard Transplant
Syria,1904,T+4,0.007809683453371328,2.622022120425379,0.24244952988552906,0.2185465243833251,3.0,7.0,0.15895950628456046,20.354154842977653,Standard Transplant
Syria,1905,T+5,0.007809683453371328,2.622022120425379,0.24244952988552906,0.2185465243833251,3.0,7.0,0.15895950628456046,20.354154842977653,Standard Transplant
Syria,1906,T+6,0.007809683453371328,2.622022120425379,0.24244952988552906,0.2185465243833251,3.0,7.0,0.15895950628456046,20.354154842977653,Standard Transplant
Syria,1907,T+7,0.007809683453371328,2.622022120425379,0.24244952988552906,0.2185465243833251,3.0,7.0,0.15895950628456046,20.354154842977653,Standard Transplant
Syria,1908,T+8,0.008303133134803903,2.521780125229002,0.2456802377975195,0.22139482408490702,3.0,7.0,0.16317699908495986,19.652460876603016,Standard Transplant
Syria,1909,T+9,0.008303133134803903,2.521780125229002,0.2456802377975195,0.22139482408490702,3.0,7.0,0.16317699908495986,19.652460876603016,Standard Transplant
Syria,1910,T+10,0.005845779469960405,2.310810193417019,0.198942571542643,0.17802619390710817,3.0,7.0,0.1062509664534879,18.17567135391913,Standard Transplant
Syria,1911,T+11,0.005845779469960405,2.310810193417019,0.198942571542643,0.17802619390710817,3.0,7.0,0.1062509664534879,18.17567135391913,Standard Transplant
Syria,1912,T+12,0.005845779469960405,2.310810193417019,0.198942571542643,0.17802619390710817,3.0,7.0,0.1062509664534879,18.17567135391913,Standard Transplant
Syria,1913,T+13,0.005845779469960405,2.310810193417019,0.198942571542643,0.17802619390710817,3.0,7.0,0.1062509664534879,18.17567135391913,Standard Transplant
Syria,1914,T+14,0.005845779469960405,2.310810193417019,0.198942571542643,0.17802619390710817,3.0,7.0,0.1062509664534879,18.17567135391913,Standard Transplant
Syria,1915,T+15,0.0017354482366183945,2.5341418665891617,0.15494714206971721,0.12473244819691108,2.0,8.0,0.03865387274294085,22.273134932713294,Ruptured
Syria,1916,T+16,0.006745643913236722,1.8708286933869707,0.1987446550132223,0.17079016479290932,3.0,7.0,0.10183089714425445,15.095800853708795,Intermediate/Uncertain
Syria,1917,T+17,0.011256761791606248,1.541103500742244,0.21533536715239007,0.19597420724361622,3.0,6.0,0.12660053360760803,11.246621004453464,Intermediate/Uncertain
Syria,1918,T+18,0.011256761791606248,1.541103500742244,0.21533536715239007,0.19597420724361622,3.0,6.0,0.12660053360760803,11.246621004453464,Intermediate/Uncertain
Syria,1919,T+19,0.011256761791606248,1.541103500742244,0.21533536715239007,0.19597420724361622,3.0,6.0,0.12660053360760803,11.246621004453464,Intermediate/Uncertain
Syria,1920,T+20,0.011256761791606248,1.541103500742244,0.21533536715239007,0.19597420724361622,3.0,6.0,0.12660053360760803,11.246621004453464,Intermediate/Uncertain
Syria,1921,T+21,0.011256761791606248,1.541103500742244,0.21533536715239007,0.19597420724361622,3.0,6.0,0.12660053360760803,11.246621004453464,Intermediate/Uncertain
Syria,1922,T+22,0.011256761791606248,1.541103500742244,0.21533536715239007,0.19597420724361622,3.0,6.0,0.12660053360760803,11.246621004453464,Intermediate/Uncertain
Syria,1923,T+23,0.011256761791606248,1.541103500742244,0.21533536715239007,0.19597420724361622,3.0,6.0,0.12660053360760803,11.246621004453464,Intermediate/Uncertain
Syria,1924,T+24,0.011256761791606248,1.541103500742244,0.21533536715239007,0.19597420724361622,3.0,6.0,0.12660053360760803,11.246621004453464,Intermediate/Uncertain
Syria,1925,T+25,0.01771494928493792,1.340475661845451,0.23079073205944106,0.22265797392967457,3.0,5.0,0.15416219040630463,8.702378309227255,Intermediate/Uncertain
Syria,1926,T+26,0.01771494928493792,1.340475661845451,0.23079073205944106,0.22265797392967457,3.0,5.0,0.15416219040630463,8.702378309227255,Intermediate/Uncertain
Syria,1927,T+27,0.01771494928493792,1.340475661845451,0.23079073205944106,0.22265797392967457,3.0,5.0,0.15416219040630463,8.702378309227255,Intermediate/Uncertain
Syria,1928,T+28,0.011256761791606248,1.541103500742244,0.21533536715239007,0.19597420724361622,3.0,6.0,0.12660053360760803,11.246621004453464,Intermediate/Uncertain
Syria,1929,T+29,0.011256761791606248,1.541103500742244,0.21533536715239007,0.19597420724361622,3.0,6.0,0.12660053360760803,11.246621004453464,Intermediate/Uncertain
Syria,1930,T+30,0.011256761791606248,1.541103500742244,0.21533536715239007,0.19597420724361622,3.0,6.0,0.12660053360760803,11.246621004453464,Intermediate/Uncertain
Syria,1931,T+31,0.01771494928493792,1.340475661845451,0.23079073205944106,0.22265797392967457,3.0,5.0,0.15416219040630463,8.702378309227255,Intermediate/Uncertain
Syria,1932,T+32,0.01771494928493792,1.340475661845451,0.23079073205944106,0.22265797392967457,3.0,5.0,0.15416219040630463,8.702378309227255,Intermediate/Uncertain
Syria,1933,T+33,0.010085353671604427,1.5612494995995996,0.21105700191886148,0.18106518861311743,3.0,6.0,0.11464522758167323,11.367496997597598,Intermediate/Uncertain
Syria,1934,T+34,0.006144760829668787,1.948557158514987,0.19891907384150814,0.1610427860896583,3.0,7.0,0.09610344557343281,15.639900109604909,Intermediate/Uncertain
Syria,1935,T+35,0.004174141412576454,2.179449471770337,0.17791328130816148,0.13495262855527987,3.0,7.0,0.07202959490229399,17.25614630239236,Ruptured
Syria,1936,T+36,0.004215953759984926,1.920286436967152,0.1643970134236023,0.13200316707594797,3.0,7.0,0.0651027792892279,15.442005058770064,Ruptured
Syria,1937,T+37,0.0012697695547474774,2.75,0.14761347948160025,0.10322387027581056,2.0,8.0,0.03047446931393946,24.0,Ruptured
Syria,1938,T+38,0.0026788495168749774,2.1028254801575903,0.1670605599092155,0.13405249632000996,2.0,7.0,0.044789770184897826,16.71977836110313,Ruptured
Syria,1939,T+39,0.0027458977770906533,2.091650066335189,0.1687774849097373,0.13537349620960656,2.0,7.0,0.0456959964273905,16.641550464346324,Ruptured
Syria,1940,T+40,0.0027458977770906533,2.091650066335189,0.1687774849097373,0.13537349620960656,2.0,7.0,0.0456959964273905,16.641550464346324,Ruptured
Syria,1941,T+41,0.0027458977770906533,2.091650066335189,0.1687774849097373,0.13537349620960656,2.0,7.0,0.0456959964273905,16.641550464346324,Ruptured
Syria,1942,T+42,0.004144099074714885,2.091650066335189,0.19387441927635213,0.1555033124061724,2.0,6.0,0.06029622877659168,14.549900398011133,Ruptured
Syria,1943,T+43,0.004144099074714885,2.091650066335189,0.19387441927635213,0.1555033124061724,2.0,6.0,0.06029622877659168,14.549900398011133,Ruptured
Syria,1944,T+44,0.0027328837261566844,2.358495283014151,0.1827313840526005,0.13841142109972496,2.0,7.0,0.050584221092480106,18.509466981099056,Ruptured
Syria,1945,T+45,0.002473636035482706,2.4109126902482387,0.175370765441703,0.13312742154133855,2.0,7.0,0.046693315633969605,18.87638883173767,Ruptured
Syria,1946,T+46,0.0015395046347764366,2.1323402636539974,0.13285670382795045,0.09806898165638854,2.0,7.0,0.026058243301263037,16.926381845577982,Ruptured
Syria,1947,T+47,0.0015395046347764366,2.1323402636539974,0.13285670382795045,0.09806898165638854,2.0,7.0,0.026058243301263037,16.926381845577982,Ruptured
Syria,1948,T+48,0.0015395046347764366,2.1323402636539974,0.13285670382795045,0.09806898165638854,2.0,7.0,0.026058243301263037,16.926381845577982,Ruptured
Syria,1949,T+49,0.0030035388533046817,1.5612494995995996,0.15141939970491716,0.1282266093530074,2.0,7.0,0.03883199242885859,12.928746497197197,Ruptured
Syria,1950,T+50,0.0031634332418370935,1.5155444566227676,0.15349545977626924,0.12992935601075548,2.0,7.0,0.03988713247861097,12.608811196359373,Ruptured
Syria,1951,T+51,0.0016396619039041511,2.218529918662356,0.13973628914405672,0.10284657233988985,2.0,7.0,0.028742796739923988,17.529709430636494,Ruptured
Syria,1952,T+52,0.0016396619039041511,2.218529918662356,0.13973628914405672,0.10284657233988985,2.0,7.0,0.028742796739923988,17.529709430636494,Ruptured
Syria,1953,T+53,0.0016396619039041511,2.218529918662356,0.13973628914405672,0.10284657233988985,2.0,7.0,0.028742796739923988,17.529709430636494,Ruptured
Syria,1954,T+54,0.0016396619039041511,2.218529918662356,0.13973628914405672,0.10284657233988985,2.0,7.0,0.028742796739923988,17.529709430636494,Ruptured
Syria,1955,T+55,0.001402159139137259,1.8498310733685928,0.12278166738431602,0.0959197702032274,2.0,8.0,0.023554378641345384,16.798648586948744,Ruptured
Syria,1956,T+56,0.0016396619039041511,2.218529918662356,0.13973628914405672,0.10284657233988985,2.0,7.0,0.028742796739923988,17.529709430636494,Ruptured
Syria,1957,T+57,0.0016396619039041511,2.218529918662356,0.13973628914405672,0.10284657233988985,2.0,7.0,0.028742796739923988,17.529709430636494,Ruptured
Syria,1958,T+58,0.0016396619039041511,2.218529918662356,0.13973628914405672,0.10284657233988985,2.0,7.0,0.028742796739923988,17.529709430636494,Ruptured
Syria,1959,T+59,0.0014032377216422704,2.944804747347437,0.14702945748160956,0.10791137951963717,2.0,7.0,0.03173230317372865,22.613633231432058,Ruptured
Syria,1960,T+60,0.0014032377216422704,2.944804747347437,0.14702945748160956,0.10791137951963717,2.0,7.0,0.03173230317372865,22.613633231432058,Ruptured
Syria,1961,T+61,0.0014324147907827374,2.806243040080456,0.14528249652964798,0.10669818657485426,2.0,7.0,0.031002757841561993,21.643701280563192,Ruptured
Syria,1962,T+62,0.0014032377216422704,2.944804747347437,0.14702945748160956,0.10791137951963717,2.0,7.0,0.03173230317372865,22.613633231432058,Ruptured
Syria,1963,T+63,0.0014324147907827374,2.806243040080456,0.14528249652964798,0.10669818657485426,2.0,7.0,0.031002757841561993,21.643701280563192,Ruptured
Syria,1964,T+64,0.0014712587020599994,2.6545950726994127,0.1435355355776864,0.10548499363007134,2.0,7.0,0.030281690112202254,20.58216550889589,Ruptured
Syria,1965,T+65,0.0014712587020599994,2.6545950726994127,0.1435355355776864,0.10548499363007134,2.0,7.0,0.030281690112202254,20.58216550889589,Ruptured
Syria,1966,T+66,0.001736316778240211,1.8027756377319946,0.1275743183474165,0.09948695394056865,2.0,7.0,0.025383960666857736,14.619429464123963,Ruptured
Syria,1967,T+67,0.0014606326888205788,1.8833148966649205,0.12639629791342027,0.09861014998243343,2.0,8.0,0.024927915788933424,17.066519173319364,Ruptured
Syria,1968,T+68,0.0014606326888205788,1.8833148966649205,0.12639629791342027,0.09861014998243343,2.0,8.0,0.024927915788933424,17.066519173319364,Ruptured
Syria,1969,T+69,0.0011478658517577467,2.03100960115899,0.1192200728697023,0.08784738897328273,2.0,8.0,0.0209463442296157,18.24807680927192,Ruptured
Syria,1970,T+70,0.00216637947321525,1.8833148966649205,0.14519121949086103,0.11327331707083219,2.0,7.0,0.032892582082578184,15.183204276654443,Ruptured
Syria,1971,T+71,0.0032404528463472566,1.8540496217739157,0.16505469691243532,0.12883204396217462,2.0,6.0,0.042528667937572553,13.124297730643494,Ruptured
Syria,1972,T+72,0.005287934750212116,1.5562374497485916,0.1769012440177192,0.14618970103392487,2.0,5.0,0.05172227995095952,9.781187248742958,Intermediate/Uncertain
Syria,1973,T+73,0.008297674663843633,1.5562374497485916,0.2032061680000831,0.16792786909517782,2.0,4.0,0.06824795755850133,8.224949798994366,Intermediate/Uncertain
Syria,1974,T+74,0.008297674663843633,1.5562374497485916,0.2032061680000831,0.16792786909517782,2.0,4.0,0.06824795755850133,8.224949798994366,Intermediate/Uncertain
Syria,1975,T+75,0.008356548375750544,1.5,0.20108094425870174,0.16623252703646313,2.0,4.0,0.06685238700600435,8.0,Intermediate/Uncertain
Syria,1976,T+76,0.008356548375750544,1.5,0.20108094425870174,0.16623252703646313,2.0,4.0,0.06685238700600435,8.0,Intermediate/Uncertain
Syria,1977,T+77,0.008356548375750544,1.5,0.20108094425870174,0.16623252703646313,2.0,4.0,0.06685238700600435,8.0,Intermediate/Uncertain
Syria,1978,T+78,0.008356548375750544,1.5,0.20108094425870174,0.16623252703646313,2.0,4.0,0.06685238700600435,8.0,Intermediate/Uncertain
Syria,1979,T+79,0.008356548375750544,1.5,0.20108094425870174,0.16623252703646313,2.0,4.0,0.06685238700600435,8.0,Intermediate/Uncertain
Syria,1980,T+80,0.008356548375750544,1.5,0.20108094425870174,0.16623252703646313,2.0,4.0,0.06685238700600435,8.0,Intermediate/Uncertain
Syria,1981,T+81,0.008356548375750544,1.5,0.20108094425870174,0.16623252703646313,2.0,4.0,0.06685238700600435,8.0,Intermediate/Uncertain
Syria,1982,T+82,0.008356548375750544,1.5,0.20108094425870174,0.16623252703646313,2.0,4.0,0.06685238700600435,8.0,Intermediate/Uncertain
Syria,1983,T+83,0.008297674663843633,1.5562374497485916,0.2032061680000831,0.16792786909517782,2.0,4.0,0.06824795755850133,8.224949798994366,Intermediate/Uncertain
Syria,1984,T+84,0.008356548375750544,1.5,0.20108094425870174,0.16623252703646313,2.0,4.0,0.06685238700600435,8.0,Intermediate/Uncertain
Syria,1985,T+85,0.008356548375750544,1.5,0.20108094425870174,0.16623252703646313,2.0,4.0,0.06685238700600435,8.0,Intermediate/Uncertain
Syria,1986,T+86,0.008356548375750544,1.5,0.20108094425870174,0.16623252703646313,2.0,4.0,0.06685238700600435,8.0,Intermediate/Uncertain
Syria,1987,T+87,0.003930796378033915,1.7809758560968758,0.17155044856683976,0.14533775294591508,2.0,6.0,0.04986551342313654,12.685855136581255,Ruptured
Syria,1988,T+88,0.003930796378033915,1.7809758560968758,0.17155044856683976,0.14533775294591508,2.0,6.0,0.04986551342313654,12.685855136581255,Ruptured
Syria,1989,T+89,0.003930796378033915,1.7809758560968758,0.17155044856683976,0.14533775294591508,2.0,6.0,0.04986551342313654,12.685855136581255,Ruptured
Syria,1990,T+90,0.0026122509079994022,1.7809758560968758,0.1493433396335651,0.1265238626952593,2.0,7.0,0.03779099239649734,14.46683099267813,Ruptured
Syria,1991,T+91,0.0026122509079994022,1.7809758560968758,0.1493433396335651,0.1265238626952593,2.0,7.0,0.03779099239649734,14.46683099267813,Ruptured
Syria,1992,T+92,0.0026122509079994022,1.7809758560968758,0.1493433396335651,0.1265238626952593,2.0,7.0,0.03779099239649734,14.46683099267813,Ruptured
Syria,1993,T+93,0.0026122509079994022,1.7809758560968758,0.1493433396335651,0.1265238626952593,2.0,7.0,0.03779099239649734,14.46683099267813,Ruptured
Syria,1994,T+94,0.0026122509079994022,1.7809758560968758,0.1493433396335651,0.1265238626952593,2.0,7.0,0.03779099239649734,14.46683099267813,Ruptured
Syria,1995,T+95,0.0026122509079994022,1.7809758560968758,0.1493433396335651,0.1265238626952593,2.0,7.0,0.03779099239649734,14.46683099267813,Ruptured
Syria,1996,T+96,0.003211054367901461,1.9685019685029528,0.16863102971435534,0.13149391863415702,2.0,6.0,0.04434790980090711,13.811011811017718,Ruptured
Syria,1997,T+97,0.003211054367901461,1.9685019685029528,0.16863102971435534,0.13149391863415702,2.0,6.0,0.04434790980090711,13.811011811017718,Ruptured
Syria,1998,T+98,0.001995714016235611,1.0439558180306292,0.10904961952350767,0.09472259596015062,2.0,8.0,0.020658926099466738,10.351646544245034,Ruptured
Syria,1999,T+99,0.0002983443930230514,1.0288798520721456,0.06559484331013975,0.055893023759696576,1.0,10.0,0.003666294135647215,12.288798520721457,Ruptured
Syria,2000,T+100,0.0013624449454172174,1.0288798520721456,0.09395948938641621,0.08163634868650148,2.0,9.0,0.015341019275910217,11.259918668649311,Ruptured
Syria,2001,T+101,0.0013624449454172174,1.0288798520721456,0.09395948938641621,0.08163634868650148,2.0,9.0,0.015341019275910217,11.259918668649311,Ruptured
Syria,2002,T+102,0.0002408888250474678,1.5090870584562046,0.06956829770649615,0.05917925074899515,1.0,10.0,0.004116999734153481,17.090870584562047,Ruptured
Syria,2003,T+103,0.0002408888250474678,1.5090870584562046,0.06956829770649615,0.05917925074899515,1.0,10.0,0.004116999734153481,17.090870584562047,Ruptured
Syria,2004,T+104,0.0002408888250474678,1.5090870584562046,0.06956829770649615,0.05917925074899515,1.0,10.0,0.004116999734153481,17.090870584562047,Ruptured
Syria,2005,T+105,0.0002408888250474678,1.5090870584562046,0.06956829770649615,0.05917925074899515,1.0,10.0,0.004116999734153481,17.090870584562047,Ruptured
Syria,2006,T+106,0.0002408888250474678,1.5090870584562046,0.06956829770649615,0.05917925074899515,1.0,10.0,0.004116999734153481,17.090870584562047,Ruptured
Syria,2007,T+107,0.0002408888250474678,1.5090870584562046,0.06956829770649615,0.05917925074899515,1.0,10.0,0.004116999734153481,17.090870584562047,Ruptured
Syria,2008,T+108,0.0002408888250474678,1.5090870584562046,0.06956829770649615,0.05917925074899515,1.0,10.0,0.004116999734153481,17.090870584562047,Ruptured
Syria,2009,T+109,0.0002408888250474678,1.5090870584562046,0.06956829770649615,0.05917925074899515,1.0,10.0,0.004116999734153481,17.090870584562047,Ruptured
Syria,2010,T+110,0.0002408888250474678,1.5090870584562046,0.06956829770649615,0.05917925074899515,1.0,10.0,0.004116999734153481,17.090870584562047,Ruptured
Syria,2011,T+111,0.0002408888250474678,1.5090870584562046,0.06956829770649615,0.05917925074899515,1.0,10.0,0.004116999734153481,17.090870584562047,Ruptured
Thailand,1900,T+0,0.05494167912372862,1.9029171684547912,0.3505186978030134,0.3505186978030134,6.0,6.0,0.7371801450571215,13.417503010728748,Intermediate/Uncertain
Thailand,1901,T+1,0.05494167912372862,1.9029171684547912,0.3505186978030134,0.3505186978030134,6.0,6.0,0.7371801450571215,13.417503010728748,Intermediate/Uncertain
Thailand,1902,T+2,0.05494167912372862,1.9029171684547912,0.3505186978030134,0.3505186978030134,6.0,6.0,0.7371801450571215,13.417503010728748,Intermediate/Uncertain
Thailand,1903,T+3,0.05494167912372862,1.9029171684547912,0.3505186978030134,0.3505186978030134,6.0,6.0,0.7371801450571215,13.417503010728748,Intermediate/Uncertain
Thailand,1904,T+4,0.05494167912372862,1.9029171684547912,0.3505186978030134,0.3505186978030134,6.0,6.0,0.7371801450571215,13.417503010728748,Intermediate/Uncertain
Thailand,1905,T+5,0.05494167912372862,1.9029171684547912,0.3505186978030134,0.3505186978030134,6.0,6.0,0.7371801450571215,13.417503010728748,Intermediate/Uncertain
Thailand,1906,T+6,0.05494167912372862,1.9029171684547912,0.3505186978030134,0.3505186978030134,6.0,6.0,0.7371801450571215,13.417503010728748,Intermediate/Uncertain
Thailand,1907,T+7,0.05494167912372862,1.9029171684547912,0.3505186978030134,0.3505186978030134,6.0,6.0,0.7371801450571215,13.417503010728748,Intermediate/Uncertain
Thailand,1908,T+8,0.05494167912372862,1.9029171684547912,0.3505186978030134,0.3505186978030134,6.0,6.0,0.7371801450571215,13.417503010728748,Intermediate/Uncertain
Thailand,1909,T+9,0.05494167912372862,1.9029171684547912,0.3505186978030134,0.3505186978030134,6.0,6.0,0.7371801450571215,13.417503010728748,Intermediate/Uncertain
Thailand,1910,T+10,0.05494167912372862,1.9029171684547912,0.3505186978030134,0.3505186978030134,6.0,6.0,0.7371801450571215,13.417503010728748,Intermediate/Uncertain
Thailand,1911,T+11,0.05494167912372862,1.9029171684547912,0.3505186978030134,0.3505186978030134,6.0,6.0,0.7371801450571215,13.417503010728748,Intermediate/Uncertain
Thailand,1912,T+12,0.05494167912372862,1.9029171684547912,0.3505186978030134,0.3505186978030134,6.0,6.0,0.7371801450571215,13.417503010728748,Intermediate/Uncertain
Thailand,1913,T+13,0.05494167912372862,1.9029171684547912,0.3505186978030134,0.3505186978030134,6.0,6.0,0.7371801450571215,13.417503010728748,Intermediate/Uncertain
Thailand,1914,T+14,0.05494167912372862,1.9029171684547912,0.3505186978030134,0.3505186978030134,6.0,6.0,0.7371801450571215,13.417503010728748,Intermediate/Uncertain
Thailand,1915,T+15,0.05494167912372862,1.9029171684547912,0.3505186978030134,0.3505186978030134,6.0,6.0,0.7371801450571215,13.417503010728748,Intermediate/Uncertain
Thailand,1916,T+16,0.05494167912372862,1.9029171684547912,0.3505186978030134,0.3505186978030134,6.0,6.0,0.7371801450571215,13.417503010728748,Intermediate/Uncertain
Thailand,1917,T+17,0.05494167912372862,1.9029171684547912,0.3505186978030134,0.3505186978030134,6.0,6.0,0.7371801450571215,13.417503010728748,Intermediate/Uncertain
Thailand,1918,T+18,0.05494167912372862,1.9029171684547912,0.3505186978030134,0.3505186978030134,6.0,6.0,0.7371801450571215,13.417503010728748,Intermediate/Uncertain
Thailand,1919,T+19,0.05494167912372862,1.9029171684547912,0.3505186978030134,0.3505186978030134,6.0,6.0,0.7371801450571215,13.417503010728748,Intermediate/Uncertain
Thailand,1920,T+20,0.05494167912372862,1.9029171684547912,0.3505186978030134,0.3505186978030134,6.0,6.0,0.7371801450571215,13.417503010728748,Intermediate/Uncertain
Thailand,1921,T+21,0.05494167912372862,1.9029171684547912,0.3505186978030134,0.3505186978030134,6.0,6.0,0.7371801450571215,13.417503010728748,Intermediate/Uncertain
Thailand,1922,T+22,0.05494167912372862,1.9029171684547912,0.3505186978030134,0.3505186978030134,6.0,6.0,0.7371801450571215,13.417503010728748,Intermediate/Uncertain
Thailand,1923,T+23,0.05494167912372862,1.9029171684547912,0.3505186978030134,0.3505186978030134,6.0,6.0,0.7371801450571215,13.417503010728748,Intermediate/Uncertain
Thailand,1924,T+24,0.05494167912372862,1.9029171684547912,0.3505186978030134,0.3505186978030134,6.0,6.0,0.7371801450571215,13.417503010728748,Intermediate/Uncertain
Thailand,1925,T+25,0.05494167912372862,1.9029171684547912,0.3505186978030134,0.3505186978030134,6.0,6.0,0.7371801450571215,13.417503010728748,Intermediate/Uncertain
Thailand,1926,T+26,0.05494167912372862,1.9029171684547912,0.3505186978030134,0.3505186978030134,6.0,6.0,0.7371801450571215,13.417503010728748,Intermediate/Uncertain
Thailand,1927,T+27,0.05494167912372862,1.9029171684547912,0.3505186978030134,0.3505186978030134,6.0,6.0,0.7371801450571215,13.417503010728748,Intermediate/Uncertain
Thailand,1928,T+28,0.05494167912372862,1.9029171684547912,0.3505186978030134,0.3505186978030134,6.0,6.0,0.7371801450571215,13.417503010728748,Intermediate/Uncertain
Thailand,1929,T+29,0.05494167912372862,1.9029171684547912,0.3505186978030134,0.3505186978030134,6.0,6.0,0.7371801450571215,13.417503010728748,Intermediate/Uncertain
Thailand,1930,T+30,0.05901764085979769,1.7218721642444887,0.34827199133598113,0.34827199133598113,6.0,6.0,0.7277602796947783,12.331232985466933,Intermediate/Uncertain
Thailand,1931,T+31,0.05901764085979769,1.7218721642444887,0.34827199133598113,0.34827199133598113,6.0,6.0,0.7277602796947783,12.331232985466933,Intermediate/Uncertain
Thailand,1932,T+32,0.051369287165430676,1.0288798520721456,0.2645296208397655,0.2645296208397655,6.0,6.0,0.4198555218097806,8.173279112432873,Intermediate/Uncertain
Thailand,1933,T+33,0.13545022355807446,0.16535945694153692,0.25990007681709354,0.25990007681709354,6.0,6.0,0.4052882995771867,2.9921567416492216,Young Ancient Forest
Thailand,1934,T+34,0.13545022355807446,0.16535945694153692,0.25990007681709354,0.25990007681709354,6.0,6.0,0.4052882995771867,2.9921567416492216,Young Ancient Forest
Thailand,1935,T+35,0.13545022355807446,0.16535945694153692,0.25990007681709354,0.25990007681709354,6.0,6.0,0.4052882995771867,2.9921567416492216,Young Ancient Forest
Thailand,1936,T+36,0.13545022355807446,0.16535945694153692,0.25990007681709354,0.25990007681709354,6.0,6.0,0.4052882995771867,2.9921567416492216,Young Ancient Forest
Thailand,1937,T+37,0.13545022355807446,0.16535945694153692,0.25990007681709354,0.25990007681709354,6.0,6.0,0.4052882995771867,2.9921567416492216,Young Ancient Forest
Thailand,1938,T+38,0.13545022355807446,0.16535945694153692,0.25990007681709354,0.25990007681709354,6.0,6.0,0.4052882995771867,2.9921567416492216,Young Ancient Forest
Thailand,1939,T+39,0.13545022355807446,0.16535945694153692,0.25990007681709354,0.25990007681709354,6.0,6.0,0.4052882995771867,2.9921567416492216,Young Ancient Forest
Thailand,1940,T+40,0.13545022355807446,0.16535945694153692,0.25990007681709354,0.25990007681709354,6.0,6.0,0.4052882995771867,2.9921567416492216,Young Ancient Forest
Thailand,1941,T+41,0.0897420589841434,0.0,0.1894645708137998,0.1894645708137998,5.0,7.0,0.1794841179682868,2.0,Young Ancient Forest
Thailand,1942,T+42,0.03482202253184497,0.0,0.13195079107728944,0.13195079107728944,4.0,8.0,0.06964404506368994,2.0,Intermediate/Uncertain
Thailand,1943,T+43,0.03482202253184497,0.0,0.13195079107728944,0.13195079107728944,4.0,8.0,0.06964404506368994,2.0,Intermediate/Uncertain
Thailand,1944,T+44,0.03482202253184497,0.0,0.13195079107728944,0.13195079107728944,4.0,8.0,0.06964404506368994,2.0,Intermediate/Uncertain
Thailand,1945,T+45,0.0897420589841434,0.0,0.1894645708137998,0.1894645708137998,5.0,7.0,0.1794841179682868,2.0,Young Ancient Forest
Thailand,1946,T+46,0.17824826822162276,0.0,0.24375415772291473,0.24375415772291473,6.0,6.0,0.3564965364432455,2.0,Deep Ancient Forest
Thailand,1947,T+47,0.17824826822162276,0.0,0.24375415772291473,0.24375415772291473,6.0,6.0,0.3564965364432455,2.0,Deep Ancient Forest
Thailand,1948,T+48,0.17824826822162276,0.0,0.24375415772291473,0.24375415772291473,6.0,6.0,0.3564965364432455,2.0,Deep Ancient Forest
Thailand,1949,T+49,0.17824826822162276,0.0,0.24375415772291473,0.24375415772291473,6.0,6.0,0.3564965364432455,2.0,Deep Ancient Forest
Thailand,1950,T+50,0.17824826822162276,0.0,0.24375415772291473,0.24375415772291473,6.0,6.0,0.3564965364432455,2.0,Deep Ancient Forest
Thailand,1951,T+51,0.2673030675527068,0.16535945694153692,0.3285491016906271,0.3285491016906271,7.0,5.0,0.7556115855520262,2.8267972847076845,Deep Ancient Forest
Thailand,1952,T+52,0.2673030675527068,0.16535945694153692,0.3285491016906271,0.3285491016906271,7.0,5.0,0.7556115855520262,2.8267972847076845,Deep Ancient Forest
Thailand,1953,T+53,0.2673030675527068,0.16535945694153692,0.3285491016906271,0.3285491016906271,7.0,5.0,0.7556115855520262,2.8267972847076845,Deep Ancient Forest
Thailand,1954,T+54,0.2673030675527068,0.16535945694153692,0.3285491016906271,0.3285491016906271,7.0,5.0,0.7556115855520262,2.8267972847076845,Deep Ancient Forest
Thailand,1955,T+55,0.2673030675527068,0.16535945694153692,0.3285491016906271,0.3285491016906271,7.0,5.0,0.7556115855520262,2.8267972847076845,Deep Ancient Forest
Thailand,1956,T+56,0.2673030675527068,0.16535945694153692,0.3285491016906271,0.3285491016906271,7.0,5.0,0.7556115855520262,2.8267972847076845,Deep Ancient Forest
Thailand,1957,T+57,0.2673030675527068,0.16535945694153692,0.3285491016906271,0.3285491016906271,7.0,5.0,0.7556115855520262,2.8267972847076845,Deep Ancient Forest
Thailand,1958,T+58,0.2673030675527068,0.16535945694153692,0.3285491016906271,0.3285491016906271,7.0,5.0,0.7556115855520262,2.8267972847076845,Deep Ancient Forest
Thailand,1959,T+59,0.2673030675527068,0.16535945694153692,0.3285491016906271,0.3285491016906271,7.0,5.0,0.7556115855520262,2.8267972847076845,Deep Ancient Forest
Thailand,1960,T+60,0.2673030675527068,0.16535945694153692,0.3285491016906271,0.3285491016906271,7.0,5.0,0.7556115855520262,2.8267972847076845,Deep Ancient Forest
Thailand,1961,T+61,0.2673030675527068,0.16535945694153692,0.3285491016906271,0.3285491016906271,7.0,5.0,0.7556115855520262,2.8267972847076845,Deep Ancient Forest
Thailand,1962,T+62,0.2673030675527068,0.16535945694153692,0.3285491016906271,0.3285491016906271,7.0,5.0,0.7556115855520262,2.8267972847076845,Deep Ancient Forest
Thailand,1963,T+63,0.2673030675527068,0.16535945694153692,0.3285491016906271,0.3285491016906271,7.0,5.0,0.7556115855520262,2.8267972847076845,Deep Ancient Forest
Thailand,1964,T+64,0.2673030675527068,0.16535945694153692,0.3285491016906271,0.3285491016906271,7.0,5.0,0.7556115855520262,2.8267972847076845,Deep Ancient Forest
Thailand,1965,T+65,0.2673030675527068,0.16535945694153692,0.3285491016906271,0.3285491016906271,7.0,5.0,0.7556115855520262,2.8267972847076845,Deep Ancient Forest
Thailand,1966,T+66,0.2673030675527068,0.16535945694153692,0.3285491016906271,0.3285491016906271,7.0,5.0,0.7556115855520262,2.8267972847076845,Deep Ancient Forest
Thailand,1967,T+67,0.2673030675527068,0.16535945694153692,0.3285491016906271,0.3285491016906271,7.0,5.0,0.7556115855520262,2.8267972847076845,Deep Ancient Forest
Thailand,1968,T+68,0.2673030675527068,0.16535945694153692,0.3285491016906271,0.3285491016906271,7.0,5.0,0.7556115855520262,2.8267972847076845,Deep Ancient Forest
Thailand,1969,T+69,0.2673030675527068,0.16535945694153692,0.3285491016906271,0.3285491016906271,7.0,5.0,0.7556115855520262,2.8267972847076845,Deep Ancient Forest
Thailand,1970,T+70,0.2673030675527068,0.16535945694153692,0.3285491016906271,0.3285491016906271,7.0,5.0,0.7556115855520262,2.8267972847076845,Deep Ancient Forest
Thailand,1971,T+71,0.2673030675527068,0.16535945694153692,0.3285491016906271,0.3285491016906271,7.0,5.0,0.7556115855520262,2.8267972847076845,Deep Ancient Forest
Thailand,1972,T+72,0.09636250087919043,1.5090870584562046,0.345440039364714,0.3803934989438383,7.0,5.0,0.9198220167446856,9.545435292281024,Young Ancient Forest
Thailand,1973,T+73,0.09636250087919043,1.5090870584562046,0.345440039364714,0.3803934989438383,7.0,5.0,0.9198220167446856,9.545435292281024,Young Ancient Forest
Thailand,1974,T+74,0.09636250087919043,1.5090870584562046,0.345440039364714,0.3803934989438383,7.0,5.0,0.9198220167446856,9.545435292281024,Young Ancient Forest
Thailand,1975,T+75,0.09636250087919043,1.5090870584562046,0.345440039364714,0.3803934989438383,7.0,5.0,0.9198220167446856,9.545435292281024,Young Ancient Forest
Thailand,1976,T+76,0.09636250087919043,1.5090870584562046,0.345440039364714,0.3803934989438383,7.0,5.0,0.9198220167446856,9.545435292281024,Young Ancient Forest
Thailand,1977,T+77,0.09636250087919043,1.5090870584562046,0.345440039364714,0.3803934989438383,7.0,5.0,0.9198220167446856,9.545435292281024,Young Ancient Forest
Thailand,1978,T+78,0.09636250087919043,1.5090870584562046,0.345440039364714,0.3803934989438383,7.0,5.0,0.9198220167446856,9.545435292281024,Young Ancient Forest
Thailand,1979,T+79,0.2673030675527068,0.16535945694153692,0.3285491016906271,0.3285491016906271,7.0,5.0,0.7556115855520262,2.8267972847076845,Deep Ancient Forest
Thailand,1980,T+80,0.2673030675527068,0.16535945694153692,0.3285491016906271,0.3285491016906271,7.0,5.0,0.7556115855520262,2.8267972847076845,Deep Ancient Forest
Thailand,1981,T+81,0.2673030675527068,0.16535945694153692,0.3285491016906271,0.3285491016906271,7.0,5.0,0.7556115855520262,2.8267972847076845,Deep Ancient Forest
Thailand,1982,T+82,0.2673030675527068,0.16535945694153692,0.3285491016906271,0.3285491016906271,7.0,5.0,0.7556115855520262,2.8267972847076845,Deep Ancient Forest
Thailand,1983,T+83,0.2673030675527068,0.16535945694153692,0.3285491016906271,0.3285491016906271,7.0,5.0,0.7556115855520262,2.8267972847076845,Deep Ancient Forest
Thailand,1984,T+84,0.13545022355807446,0.16535945694153692,0.25990007681709354,0.25990007681709354,6.0,6.0,0.4052882995771867,2.9921567416492216,Young Ancient Forest
Thailand,1985,T+85,0.13545022355807446,0.16535945694153692,0.25990007681709354,0.25990007681709354,6.0,6.0,0.4052882995771867,2.9921567416492216,Young Ancient Forest
Thailand,1986,T+86,0.13545022355807446,0.16535945694153692,0.25990007681709354,0.25990007681709354,6.0,6.0,0.4052882995771867,2.9921567416492216,Young Ancient Forest
Thailand,1987,T+87,0.13545022355807446,0.16535945694153692,0.25990007681709354,0.25990007681709354,6.0,6.0,0.4052882995771867,2.9921567416492216,Young Ancient Forest
Thailand,1988,T+88,0.18918269107191865,0.16535945694153692,0.29854679070339835,0.29854679070339835,6.0,5.0,0.5347811174357924,2.8267972847076845,Deep Ancient Forest
Thailand,1989,T+89,0.18918269107191865,0.16535945694153692,0.29854679070339835,0.29854679070339835,6.0,5.0,0.5347811174357924,2.8267972847076845,Deep Ancient Forest
Thailand,1990,T+90,0.18918269107191865,0.16535945694153692,0.29854679070339835,0.29854679070339835,6.0,5.0,0.5347811174357924,2.8267972847076845,Deep Ancient Forest
Thailand,1991,T+91,0.18918269107191865,0.16535945694153692,0.29854679070339835,0.29854679070339835,6.0,5.0,0.5347811174357924,2.8267972847076845,Deep Ancient Forest
Thailand,1992,T+92,0.18918269107191865,0.16535945694153692,0.29854679070339835,0.29854679070339835,6.0,5.0,0.5347811174357924,2.8267972847076845,Deep Ancient Forest
Thailand,1993,T+93,0.18918269107191865,0.16535945694153692,0.29854679070339835,0.29854679070339835,6.0,5.0,0.5347811174357924,2.8267972847076845,Deep Ancient Forest
Thailand,1994,T+94,0.18918269107191865,0.16535945694153692,0.29854679070339835,0.29854679070339835,6.0,5.0,0.5347811174357924,2.8267972847076845,Deep Ancient Forest
Thailand,1995,T+95,0.18918269107191865,0.16535945694153692,0.29854679070339835,0.29854679070339835,6.0,5.0,0.5347811174357924,2.8267972847076845,Deep Ancient Forest
Thailand,1996,T+96,0.18918269107191865,0.16535945694153692,0.29854679070339835,0.29854679070339835,6.0,5.0,0.5347811174357924,2.8267972847076845,Deep Ancient Forest
Thailand,1997,T+97,0.18918269107191865,0.16535945694153692,0.29854679070339835,0.29854679070339835,6.0,5.0,0.5347811174357924,2.8267972847076845,Deep Ancient Forest
Thailand,1998,T+98,0.374622865206812,0.16535945694153692,0.3774038126477769,0.3774038126477769,7.0,4.0,0.997035464607548,2.6614378277661475,Deep Ancient Forest
Thailand,1999,T+99,0.374622865206812,0.16535945694153692,0.3774038126477769,0.3774038126477769,7.0,4.0,0.997035464607548,2.6614378277661475,Deep Ancient Forest
Thailand,2000,T+100,0.374622865206812,0.16535945694153692,0.3774038126477769,0.3774038126477769,7.0,4.0,0.997035464607548,2.6614378277661475,Deep Ancient Forest
Thailand,2001,T+101,0.374622865206812,0.16535945694153692,0.3774038126477769,0.3774038126477769,7.0,4.0,0.997035464607548,2.6614378277661475,Deep Ancient Forest
Thailand,2002,T+102,0.374622865206812,0.16535945694153692,0.3774038126477769,0.3774038126477769,7.0,4.0,0.997035464607548,2.6614378277661475,Deep Ancient Forest
Thailand,2003,T+103,0.374622865206812,0.16535945694153692,0.3774038126477769,0.3774038126477769,7.0,4.0,0.997035464607548,2.6614378277661475,Deep Ancient Forest
Thailand,2004,T+104,0.374622865206812,0.16535945694153692,0.3774038126477769,0.3774038126477769,7.0,4.0,0.997035464607548,2.6614378277661475,Deep Ancient Forest
Thailand,2005,T+105,0.374622865206812,0.16535945694153692,0.3774038126477769,0.3774038126477769,7.0,4.0,0.997035464607548,2.6614378277661475,Deep Ancient Forest
Thailand,2006,T+106,0.374622865206812,0.16535945694153692,0.3774038126477769,0.3774038126477769,7.0,4.0,0.997035464607548,2.6614378277661475,Deep Ancient Forest
Thailand,2007,T+107,0.374622865206812,0.16535945694153692,0.3774038126477769,0.3774038126477769,7.0,4.0,0.997035464607548,2.6614378277661475,Deep Ancient Forest
Thailand,2008,T+108,0.374622865206812,0.16535945694153692,0.3774038126477769,0.3774038126477769,7.0,4.0,0.997035464607548,2.6614378277661475,Deep Ancient Forest
Thailand,2009,T+109,0.374622865206812,0.16535945694153692,0.3774038126477769,0.3774038126477769,7.0,4.0,0.997035464607548,2.6614378277661475,Deep Ancient Forest
Thailand,2010,T+110,0.374622865206812,0.16535945694153692,0.3774038126477769,0.3774038126477769,7.0,4.0,0.997035464607548,2.6614378277661475,Deep Ancient Forest
Thailand,2011,T+111,0.374622865206812,0.16535945694153692,0.3774038126477769,0.3774038126477769,7.0,4.0,0.997035464607548,2.6614378277661475,Deep Ancient Forest
Thailand,2012,T+112,0.374622865206812,0.16535945694153692,0.3774038126477769,0.3774038126477769,7.0,4.0,0.997035464607548,2.6614378277661475,Deep Ancient Forest
Thailand,2013,T+113,0.374622865206812,0.16535945694153692,0.3774038126477769,0.3774038126477769,7.0,4.0,0.997035464607548,2.6614378277661475,Deep Ancient Forest
Thailand,2014,T+114,0.374622865206812,0.16535945694153692,0.3774038126477769,0.3774038126477769,7.0,4.0,0.997035464607548,2.6614378277661475,Deep Ancient Forest
Thailand,2015,T+115,0.374622865206812,0.16535945694153692,0.3774038126477769,0.3774038126477769,7.0,4.0,0.997035464607548,2.6614378277661475,Deep Ancient Forest
Thailand,2016,T+116,0.374622865206812,0.16535945694153692,0.3774038126477769,0.3774038126477769,7.0,4.0,0.997035464607548,2.6614378277661475,Deep Ancient Forest
Thailand,2017,T+117,0.374622865206812,0.16535945694153692,0.3774038126477769,0.3774038126477769,7.0,4.0,0.997035464607548,2.6614378277661475,Deep Ancient Forest
Thailand,2018,T+118,0.374622865206812,0.16535945694153692,0.3774038126477769,0.3774038126477769,7.0,4.0,0.997035464607548,2.6614378277661475,Deep Ancient Forest
Thailand,2019,T+119,0.374622865206812,0.16535945694153692,0.3774038126477769,0.3774038126477769,7.0,4.0,0.997035464607548,2.6614378277661475,Deep Ancient Forest
Thailand,2020,T+120,0.374622865206812,0.16535945694153692,0.3774038126477769,0.3774038126477769,7.0,4.0,0.997035464607548,2.6614378277661475,Deep Ancient Forest
Thailand,2021,T+121,0.374622865206812,0.16535945694153692,0.3774038126477769,0.3774038126477769,7.0,4.0,0.997035464607548,2.6614378277661475,Deep Ancient Forest
Thailand,2022,T+122,0.374622865206812,0.16535945694153692,0.3774038126477769,0.3774038126477769,7.0,4.0,0.997035464607548,2.6614378277661475,Deep Ancient Forest
Thailand,2023,T+123,0.374622865206812,0.16535945694153692,0.3774038126477769,0.3774038126477769,7.0,4.0,0.997035464607548,2.6614378277661475,Deep Ancient Forest
Türkiye,1900,T+0,0.0024760433142756743,3.3553828023043812,0.19843864713145587,0.17994647942014044,2.0,8.0,0.07141667186440206,28.84306241843505,Ruptured
Türkiye,1901,T+1,0.0025202274481767356,3.3014201489661987,0.1987004997782917,0.18017844040491673,2.0,8.0,0.0716030923154602,28.41136119172959,Ruptured
Türkiye,1902,T+2,0.002600553638691688,3.5691166624250323,0.21052359013968333,0.18870698008651038,2.0,8.0,0.07945454186445979,30.55293329940026,Ruptured
Türkiye,1903,T+3,0.0007676692243375905,3.945487929268065,0.12686182965709988,0.13936262221329046,1.8,10.0,0.0318236350316206,41.45487929268065,Ruptured
Türkiye,1904,T+4,0.0009581108639982724,3.5678249676798894,0.13988960156559427,0.12979111195797585,1.8,9.0,0.03268156848940203,34.110424709119,Ruptured
Türkiye,1905,T+5,0.006517455710090519,3.805895919491231,0.24931082301169896,0.26740604332016893,2.8,7.0,0.18666821806766934,28.64127143643862,Failed Transplant
Türkiye,1906,T+6,0.006194353927864191,4.378195261748841,0.2655075581731058,0.27202527324754977,2.8,7.0,0.20222934497172065,32.647366832241886,Failed Transplant
Türkiye,1907,T+7,0.017633966924089993,3.988401152090898,0.3439990575809245,0.3497989523572521,3.8,6.0,0.4572559378240199,25.93040691254539,Failed Transplant
Türkiye,1908,T+8,0.007370551085231428,4.306372458345887,0.2639266720227128,0.29922890794957613,3.0,7.0,0.2369234695443669,32.144607208421206,Failed Transplant
Türkiye,1909,T+9,0.015044592468954898,3.5797171675985804,0.28496393848110735,0.3261922437075229,3.8,6.0,0.35322150058176277,23.47830300559148,Failed Transplant
Türkiye,1910,T+10,0.01647430364298337,3.291656118126558,0.2880386298471473,0.3273638584573096,3.8,6.0,0.35831506155577186,21.74993670875935,Standard Transplant
Türkiye,1911,T+11,0.012914062159321551,3.3709929916865744,0.23202281848644724,0.30926635189447454,4.0,6.0,0.28702740251830955,22.225957950119447,Standard Transplant
Türkiye,1912,T+12,0.006996947517450363,2.9697432548959517,0.2214584075500924,0.23999669684023925,3.0,7.0,0.15944785889856505,22.78820278427166,Standard Transplant
Türkiye,1913,T+13,0.018721797909708546,2.9717156240124996,0.2809550766310916,0.33035419435952346,4.0,6.0,0.37125875196672975,19.830293744074996,Standard Transplant
Türkiye,1914,T+14,0.01704619748921932,2.1227561682868807,0.23384797603795607,0.2685525917638536,4.0,6.0,0.25120192017489856,14.736537009721285,Standard Transplant
Türkiye,1915,T+15,0.006185369915246646,2.5260826886703454,0.18541478223612695,0.21886789791646685,3.0,7.0,0.12174403089198169,19.682578820692417,Standard Transplant
Türkiye,1916,T+16,0.0037045341860397845,3.018277654557314,0.17208861543425383,0.18761568501941375,3.0,8.0,0.09685957040621997,26.146221236458512,Ruptured
Türkiye,1917,T+17,0.01401529347922718,2.277848491449772,0.24448387211390615,0.27071379149410496,3.8,7.0,0.25150359272063855,17.944939440148403,Standard Transplant
Türkiye,1918,T+18,0.008876539447500997,2.317730571054367,0.2082055420548652,0.23046620160533662,3.8,8.0,0.18234049363614682,20.541844568434936,Standard Transplant
Türkiye,1919,T+19,0.011620141674101392,2.036195901675475,0.2149783268713552,0.2311940244502164,3.8,7.0,0.18886647732405829,16.253371311728323,Standard Transplant
Türkiye,1920,T+20,0.008762340417480563,2.3551804601770967,0.20496689512688857,0.20797059535853632,3.8,7.0,0.16198293139165285,18.48626322123968,Standard Transplant
Türkiye,1921,T+21,0.019588007012711666,2.542021833108441,0.27871396208234817,0.303119783147017,4.0,6.0,0.3379348629857892,17.252130998650646,Standard Transplant
Türkiye,1922,T+22,0.030022892384524505,2.229594974429212,0.283207522729001,0.2903791117384068,4.8,5.0,0.3947402346608735,13.14797487214606,Standard Transplant
Türkiye,1923,T+23,0.00990046384089987,2.3874345540768234,0.22566128060635388,0.20523890220563937,4.0,7.0,0.1852578940078672,18.712041878537764,Standard Transplant
Türkiye,1924,T+24,0.0033751965281244006,3.3234018715767735,0.1854639830569933,0.177448461939687,3.0,8.2,0.09873089561601489,29.25189534692954,Ruptured
UAE,1970,T+0,0.01811024658211318,3.1467989687935263,0.3048013180915706,0.2481329983394359,5.0,6.0,0.37815632477936784,20.88079381276116,Standard Transplant
UAE,1971,T+1,0.015344136001838484,3.6223050327105253,0.29901392324405646,0.24358405416376644,5.0,6.0,0.36417511837600275,23.733830196263153,Failed Transplant
UAE,1972,T+2,0.01791544713045094,3.3819373146171707,0.31337973324186497,0.2548757094663893,5.0,6.0,0.3993644092120408,22.291623887703025,Standard Transplant
UAE,1973,T+3,0.03705650753052418,3.06632414300902,0.35193553829269647,0.30415102751435974,6.0,5.0,0.6422493335432575,17.331620715045098,Standard Transplant
UAE,1974,T+4,0.045325737556542366,3.4860211918460853,0.4197432023108473,0.34969154098481553,6.0,5.0,0.8806838834038883,19.430105959230428,Standard Transplant
UAE,1975,T+5,0.10016985813481576,2.8497532787944992,0.4681011171594733,0.409611511485413,7.0,4.0,1.3421772428939156,13.399013115177997,Intermediate/Uncertain
UAE,1976,T+6,0.10393116231577669,2.833256739160784,0.4757150060668125,0.416130597737661,7.0,4.0,1.385716988791504,13.333026956643137,Intermediate/Uncertain
UAE,1977,T+7,0.1291458255215201,2.5617376914898995,0.45262257605799555,0.43679951311923887,8.0,4.0,1.581642566791265,12.246950765959598,Intermediate/Uncertain
UAE,1978,T+8,0.1493681616627839,2.1857135562557137,0.4429659505116542,0.45281143639524435,8.0,4.0,1.6046403866029348,10.742854225022855,Intermediate/Uncertain
UAE,1979,T+9,0.17725240996102226,1.6944302139657448,0.43619513219956113,0.4458647233811351,8.0,4.0,1.5558721756668399,8.77772085586298,Deep Ancient Forest
UAE,1980,T+10,0.1835289644596158,1.7036266463048764,0.4447639448488342,0.4546561396623628,8.0,4.0,1.6177172658077998,8.814506585219505,Deep Ancient Forest
UAE,1981,T+11,0.16940557584082164,1.8445443204217133,0.4407664523987993,0.45055479894600314,8.0,4.0,1.5887155227414727,9.378177281686852,Deep Ancient Forest
UAE,1982,T+12,0.17827713101881537,1.7320508075688772,0.4460513503295385,0.4460513503295385,8.0,4.0,1.5916944570464375,8.928203230275509,Deep Ancient Forest
UAE,1983,T+13,0.2065002604349261,1.248436522214886,0.4568492416873072,0.4656932474739775,8.0,5.0,1.7020128557390888,8.24218261107443,Deep Ancient Forest
UAE,1984,T+14,0.18901129018419396,1.3678792892649556,0.4526409741368009,0.4613882255013437,8.0,5.0,1.6707457267694252,8.839396446324777,Deep Ancient Forest
UAE,1985,T+15,0.12659409721865103,1.775484088917724,0.4474627116605657,0.4474627116605657,8.0,6.0,1.6017830266130126,12.652904533506344,Young Ancient Forest
UAE,1986,T+16,0.37051196869449976,1.5699820858850588,0.5784593825057813,0.5892687914741302,9.0,4.0,3.0678125512144807,8.279928343540234,Deep Ancient Forest
UAE,1987,T+17,0.5801200151103565,1.2358574958303243,0.6009202761346673,0.6122233900947804,9.0,3.0,3.3110770376867182,5.707572487490973,Deep Ancient Forest
UAE,1988,T+18,0.5801200151103565,1.2358574958303243,0.6009202761346673,0.6122233900947804,9.0,3.0,3.3110770376867182,5.707572487490973,Deep Ancient Forest
UAE,1989,T+19,0.7083893395511286,1.1439378261076953,0.6452203299270843,0.6626227049033432,9.0,3.0,3.8478387624742094,5.431813478323086,Deep Ancient Forest
UAE,1990,T+20,0.7083893395511286,1.1439378261076953,0.6452203299270843,0.6626227049033432,9.0,3.0,3.8478387624742094,5.431813478323086,Deep Ancient Forest
UAE,1991,T+21,0.5025523179935472,1.2358574958303243,0.6145034420259087,0.630940654103121,9.0,4.0,3.4894368329440146,6.943429983321297,Deep Ancient Forest
UAE,1992,T+22,0.536875638762579,1.0288798520721456,0.5961158317025567,0.6119752821476879,9.0,4.0,3.283273388689882,6.115519408288582,Deep Ancient Forest
UAE,1993,T+23,0.5343588255383308,1.1301963325015703,0.6140642315540042,0.6304876430908193,9.0,4.0,3.4844391905297334,6.520785330006281,Deep Ancient Forest
UAE,1994,T+24,0.49070070421896217,1.0439558180306292,0.5559873202913286,0.6056254878407519,9.0,4.0,3.030480828762374,6.175823272122517,Deep Ancient Forest
UAE,1995,T+25,0.35212114980727516,1.3792547806696194,0.5044685843889257,0.5829900344663511,9.0,4.0,2.6469014166008202,7.5170191226784775,Deep Ancient Forest
UAE,1996,T+26,0.44350048180129203,1.1439378261076953,0.5454951167730238,0.5940268822962403,9.0,4.0,2.916348871720526,6.575751304430781,Deep Ancient Forest
UAE,1997,T+27,0.442707493613301,1.260890062614501,0.571519322553323,0.606227564851659,9.0,4.0,3.1182369045945375,7.043560250458004,Deep Ancient Forest
UAE,1998,T+28,0.49909852273063954,1.2231491119238078,0.6182488446161774,0.6182488446161774,9.0,4.0,3.4400847048231435,6.892596447695231,Deep Ancient Forest
UAE,1999,T+29,0.2892647688455705,1.2854352375751958,0.5678795583693231,0.5497089533361931,9.0,6.0,2.8095162988699816,9.712611425451176,Deep Ancient Forest
UAE,2000,T+30,0.20490080345726433,1.529654781315052,0.5466312923900233,0.5292606834888084,9.0,7.0,2.6037940628404295,12.707583469205364,Deep Ancient Forest
UAE,2001,T+31,0.10498210097749065,2.1423920626253263,0.5092012311888584,0.4932398621854995,8.0,8.0,2.0092667607702333,19.13913650100261,Intermediate/Uncertain
UAE,2002,T+32,0.03867217924107516,3.3628252630786513,0.42893092962577745,0.41557619662931217,7.0,9.0,1.2477743904538903,32.26542736770786,Standard Transplant
UAE,2003,T+33,0.10199994964380225,2.1277555663186503,0.4716562634100406,0.4566929237726615,8.0,7.0,1.7232166236193602,16.89428896423055,Intermediate/Uncertain
UAE,2004,T+34,0.35087682997682196,1.184205957593526,0.5648091625960587,0.5467541578074121,9.0,5.0,2.7793058221540603,7.92102978796763,Deep Ancient Forest
UAE,2005,T+35,0.3758124176197533,1.0135796712641785,0.5432621598352386,0.5432621598352386,9.0,5.0,2.6562039687796353,7.067898356320892,Deep Ancient Forest
UAE,2006,T+36,0.5163957951507108,0.8569568250501305,0.5580628394154376,0.5580628394154376,9.0,4.0,2.802907194627784,5.427827300200522,Deep Ancient Forest
UAE,2007,T+37,0.4924800227587504,1.1162856937182344,0.6126152829318556,0.5774792742627827,9.0,4.0,3.1839536609079953,6.4651427748729375,Deep Ancient Forest
UAE,2008,T+38,0.5505502405323671,0.7680128579652817,0.5570177671018004,0.5570177671018004,9.0,4.0,2.79241913580368,5.0720514318611265,Deep Ancient Forest
UAE,2009,T+39,0.309988100156924,1.1575161985907585,0.5179079108215537,0.5179079108215537,9.0,5.0,2.414057436823918,7.787580992953792,Deep Ancient Forest
UAE,2010,T+40,0.309988100156924,1.1575161985907585,0.5179079108215537,0.5179079108215537,9.0,5.0,2.414057436823918,7.787580992953792,Deep Ancient Forest
UAE,2011,T+41,0.5486650206014088,0.7473912964438374,0.5515231319260331,0.5515231319260331,9.0,4.0,2.7375998854455044,4.98956518577535,Deep Ancient Forest
UAE,2012,T+42,0.617311885536981,0.7473912964438374,0.6024914961166985,0.5680334471649557,9.0,4.0,3.0801178928406583,4.98956518577535,Deep Ancient Forest
UAE,2013,T+43,0.2852112221351745,1.2854352375751958,0.5712093526727985,0.5388461752858104,9.0,6.0,2.7701457747769895,9.712611425451176,Deep Ancient Forest
UAE,2014,T+44,0.15578853973248982,2.014595182660775,0.5434161751918245,0.5129142237564237,9.0,7.0,2.5085329710767947,16.102166278625425,Greenhouse Garden
UAE,2015,T+45,0.40607313293466163,1.0,0.5869159238178062,0.5535009243480224,10.0,6.0,3.248585063477293,8.0,Deep Ancient Forest
UAE,2016,T+46,1.0431849540593428,0.4841229182759271,0.6408189202233091,0.6408189202233091,10.0,4.0,4.106488885161678,3.9364916731037085,Deep Ancient Forest
UAE,2017,T+47,1.0431849540593428,0.4841229182759271,0.6408189202233091,0.6408189202233091,10.0,4.0,4.106488885161678,3.9364916731037085,Deep Ancient Forest
UAE,2018,T+48,0.8260255452440947,0.6959705453537527,0.6286182376678904,0.6286182376678904,10.0,4.0,3.9516088872868433,4.783882181415011,Deep Ancient Forest
UAE,2019,T+49,0.8260255452440947,0.6959705453537527,0.6286182376678904,0.6286182376678904,10.0,4.0,3.9516088872868433,4.783882181415011,Deep Ancient Forest
USA,1900,T+0,0.07236241181383395,1.9480759738778155,0.3815502438844733,0.37142931419944075,5.0,4.0,0.7085947270931964,9.792303895511262,Intermediate/Uncertain
USA,1901,T+1,0.07236241181383395,1.9480759738778155,0.3815502438844733,0.37142931419944075,5.0,4.0,0.7085947270931964,9.792303895511262,Intermediate/Uncertain
USA,1902,T+2,0.07236241181383395,1.9480759738778155,0.3815502438844733,0.37142931419944075,5.0,4.0,0.7085947270931964,9.792303895511262,Intermediate/Uncertain
USA,1903,T+3,0.07236241181383395,1.9480759738778155,0.3815502438844733,0.37142931419944075,5.0,4.0,0.7085947270931964,9.792303895511262,Intermediate/Uncertain
USA,1904,T+4,0.07236241181383395,1.9480759738778155,0.3815502438844733,0.37142931419944075,5.0,4.0,0.7085947270931964,9.792303895511262,Intermediate/Uncertain
USA,1905,T+5,0.07236241181383395,1.9480759738778155,0.3815502438844733,0.37142931419944075,5.0,4.0,0.7085947270931964,9.792303895511262,Intermediate/Uncertain
USA,1906,T+6,0.07236241181383395,1.9480759738778155,0.3815502438844733,0.37142931419944075,5.0,4.0,0.7085947270931964,9.792303895511262,Intermediate/Uncertain
USA,1907,T+7,0.044912919969753044,1.8137926425035469,0.3438293331561442,0.32861140620162255,4.4,5.0,0.4971394589119496,11.068963212517735,Intermediate/Uncertain
USA,1908,T+8,0.07775583577322832,1.7251358642147572,0.37706457461211246,0.36708258580692527,5.0,4.0,0.6920691953240127,8.90054345685903,Intermediate/Uncertain
USA,1909,T+9,0.07775583577322832,1.7251358642147572,0.37706457461211246,0.36708258580692527,5.0,4.0,0.6920691953240127,8.90054345685903,Intermediate/Uncertain
USA,1910,T+10,0.07326756550754106,1.9772139489696103,0.38944544717030916,0.3728366816992543,5.0,4.0,0.7259977411293016,9.908855795878441,Intermediate/Uncertain
USA,1911,T+11,0.07326756550754106,1.9772139489696103,0.38944544717030916,0.3728366816992543,5.0,4.0,0.7259977411293016,9.908855795878441,Intermediate/Uncertain
USA,1912,T+12,0.07326756550754106,1.9772139489696103,0.38944544717030916,0.3728366816992543,5.0,4.0,0.7259977411293016,9.908855795878441,Intermediate/Uncertain
USA,1913,T+13,0.07326756550754106,1.9772139489696103,0.38944544717030916,0.3728366816992543,5.0,4.0,0.7259977411293016,9.908855795878441,Intermediate/Uncertain
USA,1914,T+14,0.07326756550754106,1.9772139489696103,0.38944544717030916,0.3728366816992543,5.0,4.0,0.7259977411293016,9.908855795878441,Intermediate/Uncertain
USA,1915,T+15,0.07326756550754106,1.9772139489696103,0.38944544717030916,0.3728366816992543,5.0,4.0,0.7259977411293016,9.908855795878441,Intermediate/Uncertain
USA,1916,T+16,0.07326756550754106,1.9772139489696103,0.38944544717030916,0.3728366816992543,5.0,4.0,0.7259977411293016,9.908855795878441,Intermediate/Uncertain
USA,1917,T+17,0.08261344075005594,1.4785444700785972,0.36998416401694106,0.3495487946255212,6.0,5.0,0.7759651113759172,9.392722350392987,Young Ancient Forest
USA,1918,T+18,0.12224343570644282,1.1920963677488494,0.38653728403455684,0.38144293638250654,6.6,5.0,0.9731166498468381,7.960481838744247,Young Ancient Forest
USA,1919,T+19,0.05805123360250872,1.5538259233260332,0.33520476535355254,0.3383663265467201,5.0,5.0,0.5671100254681842,9.769129616630167,Intermediate/Uncertain
USA,1920,T+20,0.06821889707145243,2.013974615033665,0.3776454317124961,0.36330496513733085,5.0,4.0,0.6860023020129034,10.05589846013466,Standard Transplant
USA,1921,T+21,0.04741220826815208,2.2455511572885625,0.361030386515787,0.3474262198922452,5.0,5.0,0.6271571122670805,13.227755786442813,Standard Transplant
USA,1922,T+22,0.07622393006492983,1.8877483280352814,0.3844593715142027,0.37872103021339065,5.0,4.0,0.7280142462752577,9.550993312141125,Intermediate/Uncertain
USA,1923,T+23,0.07622393006492983,1.8877483280352814,0.3844593715142027,0.37872103021339065,5.0,4.0,0.7280142462752577,9.550993312141125,Intermediate/Uncertain
USA,1924,T+24,0.07622393006492983,1.8877483280352814,0.3844593715142027,0.37872103021339065,5.0,4.0,0.7280142462752577,9.550993312141125,Intermediate/Uncertain
USA,1925,T+25,0.06386873801726525,2.7658633371878665,0.4263858666743698,0.391357380599748,5.0,4.0,0.8343462795321738,13.063453348751466,Standard Transplant
USA,1926,T+26,0.06386873801726525,2.7658633371878665,0.4263858666743698,0.391357380599748,5.0,4.0,0.8343462795321738,13.063453348751466,Standard Transplant
USA,1927,T+27,0.06386873801726525,2.7658633371878665,0.4263858666743698,0.391357380599748,5.0,4.0,0.8343462795321738,13.063453348751466,Standard Transplant
USA,1928,T+28,0.06386873801726525,2.7658633371878665,0.4263858666743698,0.391357380599748,5.0,4.0,0.8343462795321738,13.063453348751466,Standard Transplant
USA,1929,T+29,0.02387506119385369,2.036502823469685,0.2898247199798161,0.27888769296253774,4.2,6.0,0.33947989957847463,14.21901694081811,Standard Transplant
USA,1930,T+30,0.008834822431873363,2.5553864678361276,0.23057768255926117,0.2279903795365552,3.6,7.6,0.18925017609364309,21.42093715555457,Standard Transplant
USA,1931,T+31,0.004491816391977021,2.937260628544903,0.1976399176000711,0.19361109310017716,3.2,8.6,0.12244889755769187,27.260441405486166,Ruptured
USA,1932,T+32,0.002849178063699918,3.312264142546606,0.17487833551862414,0.17275520699143446,3.0,9.0,0.09063342915251231,31.810377282919454,Ruptured
USA,1933,T+33,0.007521968213688605,2.5399003425331474,0.2219218401232644,0.210139466562112,3.6,8.0,0.1678843335671463,22.31920274026518,Standard Transplant
USA,1934,T+34,0.012925301168492208,2.278705773021168,0.24269289459187868,0.23900711170584857,4.0,7.0,0.2320213110717475,17.950940411148174,Standard Transplant
USA,1935,T+35,0.028597867426327785,1.9566792660014571,0.30167109461891556,0.2790899857355985,4.8,6.2,0.40412823117137053,14.131411449209034,Intermediate/Uncertain
USA,1936,T+36,0.028597867426327785,1.9566792660014571,0.30167109461891556,0.2790899857355985,4.8,6.2,0.40412823117137053,14.131411449209034,Intermediate/Uncertain
USA,1937,T+37,0.028597867426327785,1.9566792660014571,0.30167109461891556,0.2790899857355985,4.8,6.2,0.40412823117137053,14.131411449209034,Intermediate/Uncertain
USA,1938,T+38,0.028597867426327785,1.9566792660014571,0.30167109461891556,0.2790899857355985,4.8,6.2,0.40412823117137053,14.131411449209034,Intermediate/Uncertain
USA,1939,T+39,0.06864299912175785,1.464528507745752,0.3486118482211992,0.3209933587722575,5.0,4.2,0.5595104403416359,8.15101973253216,Intermediate/Uncertain
USA,1940,T+40,0.11362333599779091,1.407790822530109,0.39430151603124397,0.36650388738663287,6.0,4.0,0.8670782305673619,7.631163290120436,Young Ancient Forest
USA,1941,T+41,0.18106441008696958,1.2328194312225937,0.42364392023510167,0.42320167360961347,7.0,4.0,1.2550077124062284,6.931277724890375,Deep Ancient Forest
USA,1942,T+42,0.18106441008696958,1.2328194312225937,0.42364392023510167,0.42320167360961347,7.0,4.0,1.2550077124062284,6.931277724890375,Deep Ancient Forest
USA,1943,T+43,0.19758474481428523,1.4212120707339915,0.4500651738190635,0.4390495719157194,7.4,3.8,1.4622468220558094,7.400605868789167,Deep Ancient Forest
USA,1944,T+44,0.19758474481428523,1.4212120707339915,0.4500651738190635,0.4390495719157194,7.4,3.8,1.4622468220558094,7.400605868789167,Deep Ancient Forest
USA,1945,T+45,0.20697193098825134,1.2613856468186089,0.4703711760527201,0.4428811082422731,7.0,4.0,1.4582295541481503,7.0455425872744355,Deep Ancient Forest
USA,1946,T+46,0.2067337253990116,1.090799592042461,0.45204578656580996,0.4258038405767558,6.6,3.8,1.2703866914393311,6.145038449761351,Deep Ancient Forest
USA,1947,T+47,0.2067337253990116,1.090799592042461,0.45204578656580996,0.4258038405767558,6.6,3.8,1.2703866914393311,6.145038449761351,Deep Ancient Forest
USA,1948,T+48,0.2067337253990116,1.090799592042461,0.45204578656580996,0.4258038405767558,6.6,3.8,1.2703866914393311,6.145038449761351,Deep Ancient Forest
USA,1949,T+49,0.2067337253990116,1.090799592042461,0.45204578656580996,0.4258038405767558,6.6,3.8,1.2703866914393311,6.145038449761351,Deep Ancient Forest
USA,1950,T+50,0.27358250089317976,1.0337280832017672,0.4601057781300363,0.4333148751128797,7.0,3.0,1.395594744523917,5.101184249605302,Deep Ancient Forest
USA,1951,T+51,0.27358250089317976,1.0337280832017672,0.4601057781300363,0.4333148751128797,7.0,3.0,1.395594744523917,5.101184249605302,Deep Ancient Forest
USA,1952,T+52,0.27358250089317976,1.0337280832017672,0.4601057781300363,0.4333148751128797,7.0,3.0,1.395594744523917,5.101184249605302,Deep Ancient Forest
USA,1953,T+53,0.27358250089317976,1.0337280832017672,0.4601057781300363,0.4333148751128797,7.0,3.0,1.395594744523917,5.101184249605302,Deep Ancient Forest
USA,1954,T+54,0.27956740320416135,0.9439776215567823,0.44383411795551,0.434799163787759,7.0,3.0,1.3508509234327333,4.831932864670347,Deep Ancient Forest
USA,1955,T+55,0.27956740320416135,0.9439776215567823,0.44383411795551,0.434799163787759,7.0,3.0,1.3508509234327333,4.831932864670347,Deep Ancient Forest
USA,1956,T+56,0.27956740320416135,0.9439776215567823,0.44383411795551,0.434799163787759,7.0,3.0,1.3508509234327333,4.831932864670347,Deep Ancient Forest
USA,1957,T+57,0.27956740320416135,0.9439776215567823,0.44383411795551,0.434799163787759,7.0,3.0,1.3508509234327333,4.831932864670347,Deep Ancient Forest
USA,1958,T+58,0.27956740320416135,0.9439776215567823,0.44383411795551,0.434799163787759,7.0,3.0,1.3508509234327333,4.831932864670347,Deep Ancient Forest
USA,1959,T+59,0.27956740320416135,0.9439776215567823,0.44383411795551,0.434799163787759,7.0,3.0,1.3508509234327333,4.831932864670347,Deep Ancient Forest
USA,1960,T+60,0.27956740320416135,0.9439776215567823,0.44383411795551,0.434799163787759,7.0,3.0,1.3508509234327333,4.831932864670347,Deep Ancient Forest
USA,1961,T+61,0.27956740320416135,0.9439776215567823,0.44383411795551,0.434799163787759,7.0,3.0,1.3508509234327333,4.831932864670347,Deep Ancient Forest
USA,1962,T+62,0.24864335252455325,1.1044653684022872,0.43991820281579314,0.42902151628360746,7.0,3.0,1.3211406208895378,5.313396105206861,Deep Ancient Forest
USA,1963,T+63,0.15815016004319646,1.2960878635339503,0.3913950388698921,0.41470937085486853,7.0,4.0,1.1362063322781482,7.184351454135801,Deep Ancient Forest
USA,1964,T+64,0.15815016004319646,1.2960878635339503,0.3913950388698921,0.41470937085486853,7.0,4.0,1.1362063322781482,7.184351454135801,Deep Ancient Forest
USA,1965,T+65,0.15815016004319646,1.2960878635339503,0.3913950388698921,0.41470937085486853,7.0,4.0,1.1362063322781482,7.184351454135801,Deep Ancient Forest
USA,1966,T+66,0.15815016004319646,1.2960878635339503,0.3913950388698921,0.41470937085486853,7.0,4.0,1.1362063322781482,7.184351454135801,Deep Ancient Forest
USA,1967,T+67,0.05348454782433823,2.089819071115966,0.3052676865567742,0.3635247932863142,6.0,5.0,0.6658342359152563,12.449095355579828,Standard Transplant
USA,1968,T+68,0.017743643516305547,2.962236275181303,0.22182453014994827,0.2909029094747201,5.6,6.2,0.3613646467955032,20.365864906124077,Standard Transplant
USA,1969,T+69,0.04237295304582061,1.737769763231021,0.2638559684120971,0.3055774886497548,5.8,5.2,0.46764497631718244,11.03640276880131,Intermediate/Uncertain
USA,1970,T+70,0.04237295304582061,1.737769763231021,0.2638559684120971,0.3055774886497548,5.8,5.2,0.46764497631718244,11.03640276880131,Intermediate/Uncertain
USA,1971,T+71,0.04237295304582061,1.737769763231021,0.2638559684120971,0.3055774886497548,5.8,5.2,0.46764497631718244,11.03640276880131,Intermediate/Uncertain
USA,1972,T+72,0.04237295304582061,1.737769763231021,0.2638559684120971,0.3055774886497548,5.8,5.2,0.46764497631718244,11.03640276880131,Intermediate/Uncertain
USA,1973,T+73,0.02641629992855089,2.2377444000600244,0.2426463937364741,0.2761197784001735,5.2,5.0,0.34839723603420564,13.188722000300121,Standard Transplant
USA,1974,T+74,0.013986130821385686,2.8086640507543796,0.217796780925273,0.2421214102482802,5.0,6.0,0.26366631872581414,18.851984304526276,Standard Transplant
USA,1975,T+75,0.09687122012359099,0.5332682251925391,0.2786606554151162,0.2860764320487346,5.8,5.2,0.4623658271104063,4.772994771001203,Young Ancient Forest
USA,1976,T+76,0.09687122012359099,0.5332682251925391,0.2786606554151162,0.2860764320487346,5.8,5.2,0.4623658271104063,4.772994771001203,Young Ancient Forest
USA,1977,T+77,0.09687122012359099,0.5332682251925391,0.2786606554151162,0.2860764320487346,5.8,5.2,0.4623658271104063,4.772994771001203,Young Ancient Forest
USA,1978,T+78,0.09687122012359099,0.5332682251925391,0.2786606554151162,0.2860764320487346,5.8,5.2,0.4623658271104063,4.772994771001203,Young Ancient Forest
USA,1979,T+79,0.027213552630803658,1.5771810295587503,0.2499501917625399,0.2564794501894832,5.0,6.2,0.32053543879006063,11.778522383264251,Intermediate/Uncertain
USA,1980,T+80,0.027213552630803658,1.5771810295587503,0.2499501917625399,0.2564794501894832,5.0,6.2,0.32053543879006063,11.778522383264251,Intermediate/Uncertain
USA,1981,T+81,0.023928785410289657,2.0443519755658515,0.2813820626295361,0.2864139531964249,4.6,6.6,0.3707220450149314,15.492723038734619,Standard Transplant
USA,1982,T+82,0.023928785410289657,2.0443519755658515,0.2813820626295361,0.2864139531964249,4.6,6.6,0.3707220450149314,15.492723038734619,Standard Transplant
USA,1983,T+83,0.04211001704903467,1.553825923326033,0.2975373471794899,0.3029113492177323,5.0,5.6,0.45063719638402056,10.701425170625784,Intermediate/Uncertain
USA,1984,T+84,0.08921041663826283,1.436086261336693,0.35153665022356034,0.38829052450498186,6.0,5.0,0.8189901017881835,9.180431306683465,Young Ancient Forest
USA,1985,T+85,0.08921041663826283,1.436086261336693,0.35153665022356034,0.38829052450498186,6.0,5.0,0.8189901017881835,9.180431306683465,Young Ancient Forest
USA,1986,T+86,0.08921041663826283,1.436086261336693,0.35153665022356034,0.38829052450498186,6.0,5.0,0.8189901017881835,9.180431306683465,Young Ancient Forest
USA,1987,T+87,0.08921041663826283,1.436086261336693,0.35153665022356034,0.38829052450498186,6.0,5.0,0.8189901017881835,9.180431306683465,Young Ancient Forest
USA,1988,T+88,0.08921041663826283,1.436086261336693,0.35153665022356034,0.38829052450498186,6.0,5.0,0.8189901017881835,9.180431306683465,Young Ancient Forest
USA,1989,T+89,0.12159586137795232,1.4500000000000004,0.4194988679645803,0.4188941743263163,6.2,4.8,1.089498917946453,8.96,Young Ancient Forest
USA,1990,T+90,0.12159586137795232,1.4500000000000004,0.4194988679645803,0.4188941743263163,6.2,4.8,1.089498917946453,8.96,Young Ancient Forest
USA,1991,T+91,0.12159586137795232,1.4500000000000004,0.4194988679645803,0.4188941743263163,6.2,4.8,1.089498917946453,8.96,Young Ancient Forest
USA,1992,T+92,0.1656317535699491,1.2373737309317667,0.43032854012534927,0.4197098740975447,6.6,4.2,1.1920467068174976,7.19696966991342,Deep Ancient Forest
USA,1993,T+93,0.1656317535699491,1.2373737309317667,0.43032854012534927,0.4197098740975447,6.6,4.2,1.1920467068174976,7.19696966991342,Deep Ancient Forest
USA,1994,T+94,0.1656317535699491,1.2373737309317667,0.43032854012534927,0.4197098740975447,6.6,4.2,1.1920467068174976,7.19696966991342,Deep Ancient Forest
USA,1995,T+95,0.1656317535699491,1.2373737309317667,0.43032854012534927,0.4197098740975447,6.6,4.2,1.1920467068174976,7.19696966991342,Deep Ancient Forest
USA,1996,T+96,0.1656317535699491,1.2373737309317667,0.43032854012534927,0.4197098740975447,6.6,4.2,1.1920467068174976,7.19696966991342,Deep Ancient Forest
USA,1997,T+97,0.2423238843092412,1.3329947486768279,0.4615070721277338,0.44998448784201134,7.0,3.0,1.4536971644080514,5.998984246030483,Deep Ancient Forest
USA,1998,T+98,0.2423238843092412,1.3329947486768279,0.4615070721277338,0.44998448784201134,7.0,3.0,1.4536971644080514,5.998984246030483,Deep Ancient Forest
USA,1999,T+99,0.2423238843092412,1.3329947486768279,0.4615070721277338,0.44998448784201134,7.0,3.0,1.4536971644080514,5.998984246030483,Deep Ancient Forest
USA,2000,T+100,0.2423238843092412,1.3329947486768279,0.4615070721277338,0.44998448784201134,7.0,3.0,1.4536971644080514,5.998984246030483,Deep Ancient Forest
USA,2001,T+101,0.08428821279533989,1.355025368766209,0.34260783433421255,0.359808739807068,6.0,5.0,0.7396397587189305,8.775126843831046,Young Ancient Forest
USA,2002,T+102,0.08428821279533989,1.355025368766209,0.34260783433421255,0.359808739807068,6.0,5.0,0.7396397587189305,8.775126843831046,Young Ancient Forest
USA,2003,T+103,0.10385042414713365,1.1213134040044286,0.3235570286230519,0.3589811824737075,6.4,4.6,0.7433656622898075,7.158041658420371,Young Ancient Forest
USA,2004,T+104,0.10385042414713365,1.1213134040044286,0.3235570286230519,0.3589811824737075,6.4,4.6,0.7433656622898075,7.158041658420371,Young Ancient Forest
USA,2005,T+105,0.10385042414713365,1.1213134040044286,0.3235570286230519,0.3589811824737075,6.4,4.6,0.7433656622898075,7.158041658420371,Young Ancient Forest
USA,2006,T+106,0.10385042414713365,1.1213134040044286,0.3235570286230519,0.3589811824737075,6.4,4.6,0.7433656622898075,7.158041658420371,Young Ancient Forest
USA,2007,T+107,0.07460172696162215,1.306713434537198,0.3099010673957116,0.3423774634354979,6.0,5.0,0.6366188482253821,8.53356717268599,Intermediate/Uncertain
USA,2008,T+108,0.010280782240582114,3.643980481561338,0.24123656852436692,0.2344606001901776,5.0,7.0,0.28280235322020986,27.507863370929364,Failed Transplant
USA,2009,T+109,0.017992496061429854,2.331710745354149,0.2605131922057087,0.25308358793423374,5.0,7.0,0.32965806693810706,18.321975217479043,Standard Transplant
USA,2010,T+110,0.03336922415675247,1.6766316679581121,0.286203797912918,0.28121627943901245,5.0,6.0,0.402425836051929,12.059790007748672,Intermediate/Uncertain
USA,2011,T+111,0.03336922415675247,1.6766316679581121,0.286203797912918,0.28121627943901245,5.0,6.0,0.402425836051929,12.059790007748672,Intermediate/Uncertain
USA,2012,T+112,0.0727480479543986,1.481342296702555,0.3231501760984762,0.35294214512369676,6.0,5.0,0.6843198980957793,9.406711483512774,Intermediate/Uncertain
USA,2013,T+113,0.0727480479543986,1.481342296702555,0.3231501760984762,0.35294214512369676,6.0,5.0,0.6843198980957793,9.406711483512774,Intermediate/Uncertain
USA,2014,T+114,0.0727480479543986,1.481342296702555,0.3231501760984762,0.35294214512369676,6.0,5.0,0.6843198980957793,9.406711483512774,Intermediate/Uncertain
USA,2015,T+115,0.0727480479543986,1.481342296702555,0.3231501760984762,0.35294214512369676,6.0,5.0,0.6843198980957793,9.406711483512774,Intermediate/Uncertain
USA,2016,T+116,0.04183285479402849,2.2692234354509915,0.27604533889096156,0.33708604063813347,6.0,5.0,0.558306181940196,13.346117177254957,Standard Transplant
USA,2017,T+117,0.03618977800348445,2.5989180441098947,0.25522028143791314,0.331048646373412,6.2,4.8,0.5238400379217869,14.474806611727494,Standard Transplant
USA,2018,T+118,0.03618977800348445,2.5989180441098947,0.25522028143791314,0.331048646373412,6.2,4.8,0.5238400379217869,14.474806611727494,Standard Transplant
USA,2019,T+119,0.03618977800348445,2.5989180441098947,0.25522028143791314,0.331048646373412,6.2,4.8,0.5238400379217869,14.474806611727494,Standard Transplant
USA,2020,T+120,0.00660002696725362,3.112474899497183,0.168281283560358,0.21979494237134403,4.8,8.0,0.17753940010715852,26.899799195977465,Standard Transplant
USA,2021,T+121,0.016651230421838817,2.207904832641117,0.19683270608130315,0.24367519263382245,5.6,6.4,0.26859418639758936,16.13059092890315,Standard Transplant
USA,2022,T+122,0.016651230421838817,2.207904832641117,0.19683270608130315,0.24367519263382245,5.6,6.4,0.26859418639758936,16.13059092890315,Standard Transplant
USA,2023,T+123,0.016651230421838817,2.207904832641117,0.19683270608130315,0.24367519263382245,5.6,6.4,0.26859418639758936,16.13059092890315,Standard Transplant
USA,2024,T+124,0.014076835582493199,2.673363985692932,0.17973266751541567,0.2354874291432059,6.0,6.0,0.253948702837535,18.04018391415759,Standard Transplant
USA,2025,T+125,0.005343007316875085,3.126399686540414,0.14454042496559036,0.19045090715838642,5.0,7.6,0.13763927527877684,25.760637617707147,Standard Transplant
Ukraine,1931,T+0,0.0019453574508811865,7.0089228844380935,0.16502512518163473,0.22818666273710128,3.0,8.0,0.1129695977489088,58.07138307550475,Ruptured
Ukraine,1932,T+1,0.0006351204586784845,7.858116822750856,0.13206513169218154,0.19376328887776068,2.0,10.0,0.05117874852550335,80.58116822750856,Ruptured
Ukraine,1933,T+2,0.0002590954933352017,9.432117670491605,0.1321100817940393,0.18890596734240597,1.0,10.0,0.024956382796987368,96.32117670491606,Ruptured
Ukraine,1934,T+3,0.010163109186869404,6.487668591258342,0.2531247101196521,0.3456800400030109,4.0,5.0,0.3500006396796475,34.43834295629171,Failed Transplant
Ukraine,1935,T+4,0.022192704152426634,6.234981956669963,0.30815051763045753,0.3880375426545371,5.0,4.0,0.5978698481452318,26.939927826679853,Standard Transplant
Ukraine,1936,T+5,0.01986217708905289,5.898887606998459,0.29261848073202124,0.34747180288873986,5.0,4.0,0.508383355292597,25.595550427993835,Failed Transplant
Ukraine,1937,T+6,0.0020769374747990387,4.8202048711647105,0.11501497500797175,0.16135447552888,4.0,7.0,0.07423272388151408,35.74143409815297,Ruptured
Ukraine,1938,T+7,0.005025019902223514,5.043560250458004,0.16189727464170064,0.20026771171153473,5.0,6.0,0.16211398362413632,32.261361502748024,Failed Transplant
Ukraine,1939,T+8,0.005377279000671047,5.9107952087684446,0.18057315818771788,0.22313230797257036,5.0,6.0,0.20145852772160766,37.46477125261067,Failed Transplant
Ukraine,1940,T+9,0.009052326326816405,6.570530800475712,0.226861834554984,0.27548058569585504,6.0,6.0,0.37497618633145896,41.42318480285427,Failed Transplant
Ukraine,1941,T+10,0.00024910146179349537,2.7943861132635197,0.05849077885782731,0.0637626966637894,2.0,10.0,0.007459059579880858,29.9438611326352,Ruptured
Ukraine,1942,T+11,0.000426340214835165,5.302932561328684,0.08099271888957495,0.13087819119675534,2.0,9.0,0.021200361096749696,49.726393051958155,Ruptured
Ukraine,1943,T+12,0.00019626241655333094,5.80913881311163,0.07366405760186538,0.08005044408766308,2.0,10.0,0.011793681048657035,60.091388131116304,Ruptured
Ukraine,1944,T+13,0.0007101396011357131,6.480439317669752,0.1127254389562438,0.12667483320249054,3.0,9.0,0.04283842853237914,60.32395385902777,Ruptured
Ukraine,1945,T+14,0.00316820850565257,6.465956522433475,0.18452007696742836,0.20287075075116437,4.0,7.0,0.1497349061721793,47.26169565703433,Ruptured
Ukraine,1946,T+15,0.0008153306363581821,7.454025757937787,0.14766837901996507,0.21130325034168607,2.0,10.0,0.06240561691921333,76.54025757937787,Ruptured
Ukraine,1947,T+16,0.0007652879453877782,7.92148975887743,0.14281879310159806,0.2175931498958187,2.0,10.0,0.06215278211059189,81.21489758877429,Ruptured
Ukraine,1948,T+17,0.007677313726531424,6.127550489388072,0.2288317043476125,0.325144403825842,4.0,6.0,0.2976133923462232,38.76530293632843,Failed Transplant
Ukraine,1949,T+18,0.015226468763790451,6.050568155140474,0.25195047507457935,0.3898360362046314,5.0,5.0,0.49109687261473906,32.25284077570237,Failed Transplant
Ukraine,1950,T+19,0.02950229201198505,5.845671475544961,0.2956347219754098,0.4221692942171237,6.0,4.0,0.748847411534606,25.382685902179844,Standard Transplant
Ukraine,1951,T+20,0.0241692049387417,6.214901447328026,0.260061569563799,0.4160395029944629,6.0,4.0,0.6491753168956973,26.859605789312106,Standard Transplant
Ukraine,1952,T+21,0.014831468800510762,5.994789404140899,0.22242728919949414,0.3553375422694022,6.0,5.0,0.4742205976667628,31.973947020704497,Failed Transplant
Ukraine,1953,T+22,0.021914793806232003,4.205650960315181,0.26595671055322295,0.3162541343941236,6.0,5.0,0.504659455693908,23.028254801575905,Standard Transplant
Ukraine,1954,T+23,0.05025814247503103,5.010925563206861,0.42970445822288994,0.42970445822288994,6.0,4.0,1.1078755284997641,22.043702252827444,Standard Transplant
Ukraine,1955,T+24,0.04504291650939749,4.910129835350589,0.38477698193701454,0.4222151842381381,6.0,4.0,0.9747521059147879,21.640519341402356,Standard Transplant
Ukraine,1956,T+25,0.027514947262276726,4.175355523784771,0.26880067272515,0.3190521793593609,6.0,4.0,0.5145686426773286,18.701422095139083,Standard Transplant
Ukraine,1957,T+26,0.04110123600790927,3.848701079585163,0.3232680194442814,0.36860433376024443,6.0,4.0,0.7149479575995186,17.394804318340654,Standard Transplant
Ukraine,1958,T+27,0.049771362586406,4.0697051490249265,0.3317055444299059,0.3918112756575497,7.0,4.0,0.9097618075403443,18.278820596099706,Standard Transplant
Ukraine,1959,T+28,0.0320654328471804,4.1902975729654335,0.32237613833195755,0.3804817341012735,6.0,5.0,0.7359493928724914,22.95148786482717,Standard Transplant
Ukraine,1960,T+29,0.019862576919789026,5.474015322411876,0.3166913791461,0.36423128942060157,6.0,6.0,0.6920934562486357,34.84409193447126,Failed Transplant
Ukraine,1961,T+30,0.011094136402571134,5.664789823991708,0.2702926553887154,0.3419330274700921,5.0,7.0,0.46210992979996873,41.65352876794195,Failed Transplant
Ukraine,1962,T+31,0.00563179465366171,5.91475908216049,0.245563999429336,0.28276667036459985,4.0,8.0,0.27774925792019134,49.31807265728392,Failed Transplant
Ukraine,1963,T+32,0.006544301606724087,5.782516753110189,0.2456673675677715,0.28288895439559825,4.0,7.0,0.2779863389614639,42.47761727177132,Failed Transplant
Ukraine,1964,T+33,0.02012587771383646,5.270421591296089,0.3150247056470277,0.36226432240585055,5.0,5.0,0.5706110576616151,28.352107956480445,Standard Transplant
Ukraine,1965,T+34,0.04132453589490001,5.533632961265139,0.3167700685262809,0.4497847071481787,7.0,4.0,0.9973483275378123,24.134531845060557,Standard Transplant
Ukraine,1966,T+35,0.03682012549157378,5.787580992953792,0.29631126670256164,0.4464600905764658,7.0,4.0,0.9260380847959708,25.15032397181517,Standard Transplant
Ukraine,1967,T+36,0.03124333650496061,5.8882828566569385,0.2670643839951264,0.42705864832749435,7.0,4.0,0.7983650839176152,25.553131426627754,Standard Transplant
Ukraine,1968,T+37,0.023686628244158698,6.188446897243281,0.23773703426512366,0.38079710496819963,7.0,4.0,0.6337070207431933,26.753787588973125,Standard Transplant
Ukraine,1969,T+38,0.01551010862487581,6.25,0.23186562778430456,0.37069682464022247,6.0,5.0,0.5157111117771207,33.25,Failed Transplant
Ukraine,1970,T+39,0.015346450191671258,5.675812166553787,0.2230463265070328,0.3483661527785348,6.0,5.0,0.46621074393983963,30.379060832768936,Failed Transplant
Ukraine,1971,T+40,0.010832081932620226,5.598200045550355,0.21249698097079395,0.30236126298175775,6.0,6.0,0.3855051332768388,35.589200273302126,Failed Transplant
Ukraine,1972,T+41,0.010944029510012181,5.186746933290654,0.20622964518509332,0.2929351950411808,6.0,6.0,0.362471528013413,33.120481599743925,Failed Transplant
Ukraine,1973,T+42,0.011268796933419532,5.027657879171971,0.20622964518509332,0.2929351950411808,6.0,6.0,0.362471528013413,32.165947275031826,Failed Transplant
Ukraine,1974,T+43,0.015329733159401487,4.513434806220203,0.2469811401566114,0.30083131941868463,6.0,6.0,0.4457979735890669,29.080608837321215,Failed Transplant
Ukraine,1975,T+44,0.002847717678867387,5.951627928558707,0.1449362764371053,0.16246666856224068,6.0,8.0,0.14128388391931487,49.61302342846965,Ruptured
Ukraine,1976,T+45,0.009262653093721995,4.599167723621307,0.2283665318622268,0.23115527598760746,6.0,7.0,0.31672877219367473,34.19417406534915,Failed Transplant
Ukraine,1977,T+46,0.009547151984104444,4.699983377630181,0.24995539234564937,0.22216930405356225,6.0,7.0,0.3331944933712081,34.899883643411265,Failed Transplant
Ukraine,1978,T+47,0.008456229804583517,5.532573994082682,0.2383584638984842,0.180613200025502,8.0,7.0,0.3444054793429466,40.728017958578775,Failed Transplant
Ukraine,1979,T+48,0.005509262656898594,6.218671481916375,0.24084630446119282,0.1691065906226825,7.0,8.0,0.2851008818805342,51.749371855331,Failed Transplant
Ukraine,1980,T+49,0.008622544397572974,5.152365961381237,0.2591876821041326,0.18091171612587262,7.0,7.0,0.3282306185770203,38.06656172966866,Failed Transplant
Ukraine,1981,T+50,0.0028323792771245996,4.115044805345381,0.17321880747722232,0.12765711627322368,5.0,9.0,0.11056306723414458,39.03540324810842,Ruptured
Ukraine,1982,T+51,0.0009986462703872798,3.648629879831606,0.13332239526807502,0.09609337995732845,3.0,10.0,0.03843419875594878,38.48629879831606,Ruptured
Ukraine,1983,T+52,0.002236826734317647,3.316035848720577,0.1680138009453833,0.1413182167441022,3.0,9.0,0.07123023221400035,31.844322638485195,Ruptured
Ukraine,1984,T+53,0.003178404773431207,3.4181272284688293,0.19223360753260435,0.1805694262238458,3.0,9.0,0.104134536639307,32.763145056219464,Ruptured
Ukraine,1985,T+54,0.007150258608894594,3.570714214271425,0.22529911141731268,0.24251400310335108,4.0,8.0,0.21855275762176163,30.5657137141714,Failed Transplant
Ukraine,1986,T+55,0.008009289001074001,3.585997071945263,0.21924907590598106,0.2475125441791313,4.0,7.0,0.21706758634565138,27.10197950361684,Failed Transplant
Ukraine,1987,T+56,0.0035847490065469235,4.044672421840859,0.1965444871722368,0.20887990526232622,3.0,8.0,0.12316258158110793,34.357379374726875,Ruptured
Ukraine,1988,T+57,0.0069811538076247365,4.3857011982122085,0.22478701694126033,0.2538882061057016,4.0,7.0,0.22828308994827418,32.69990838748546,Failed Transplant
Ukraine,1989,T+58,0.01964276554803601,2.902046691560975,0.27537080009965154,0.2769435739655748,5.0,6.0,0.3813108677267868,19.41228014936585,Standard Transplant
Ukraine,1990,T+59,0.03012802152455155,2.7264617638984046,0.3208109992794527,0.29361246194793883,5.0,5.0,0.4709705365920927,15.632308819492023,Standard Transplant
Ukraine,1991,T+60,0.022787689983252642,2.9993488876754566,0.2682023541148649,0.28882411883710485,5.0,5.0,0.3873165429863151,16.996744438377284,Standard Transplant
Ukraine,1992,T+61,0.013368522666887032,3.7909225460301874,0.23487628860731946,0.28168977907936077,5.0,6.0,0.33081124924388,24.745535276181123,Failed Transplant
Ukraine,1993,T+62,0.022993136117122587,4.8218253804964775,0.31948169165825824,0.20878633682923176,9.0,5.0,0.6003307087680048,26.109126902482387,Standard Transplant
Ukraine,1994,T+63,0.03902505529552995,2.912795049432761,0.33120821083623536,0.2788103972863902,7.0,5.0,0.6464100499343568,16.563975247163803,Standard Transplant
Ukraine,1995,T+64,0.03266077673729531,3.3796264586489437,0.3395058262167319,0.30300298842172335,6.0,5.0,0.6172276795815363,18.898132293244718,Standard Transplant
Ukraine,1996,T+65,0.0198254964327797,4.415880433163924,0.33449401389946676,0.2814864143263812,6.0,6.0,0.5649331235171977,28.495282598983543,Failed Transplant
Ukraine,1997,T+66,0.008707858463505514,4.06201920231798,0.23712838172415712,0.22352122763953286,5.0,7.0,0.26501613495579684,30.434134416225863,Failed Transplant
Ukraine,1998,T+67,0.0051081439497160045,3.8709656418005056,0.22520793730078179,0.18694266252291378,4.0,8.0,0.1684038856812063,32.96772513440405,Failed Transplant
Ukraine,1999,T+68,0.014673732933173735,3.0149367737980843,0.29029585857856766,0.2919694641272437,4.0,7.0,0.3390301050701701,23.10455741658659,Standard Transplant
Ukraine,2000,T+69,0.014880950309196504,3.508360550171547,0.2834693496339533,0.3485527396750972,4.0,7.0,0.39521607371532974,26.55852385120083,Failed Transplant
Ukraine,2001,T+70,0.01323515199726554,3.626616019101002,0.2716640520817468,0.33355720140063,4.0,7.0,0.36246200373416987,27.386312133707015,Failed Transplant
Ukraine,2002,T+71,0.01759551731464221,2.55868618630734,0.23775826931479688,0.27714583984813984,6.0,8.0,0.3953622913805376,22.46948949045872,Standard Transplant
Ukraine,2003,T+72,0.010924344384684481,6.864480588507772,0.28716506916214796,0.18254633900631648,9.0,6.0,0.47178838859441197,43.18688353104663,Failed Transplant
Ukraine,2004,T+73,0.020976898370660343,3.69120576505835,0.2751933574667325,0.23008099223266223,8.0,6.0,0.5065340859342682,24.147234590350102,Standard Transplant
Ukraine,2005,T+74,0.03628918220109023,2.042516829796024,0.28419912478542375,0.2600319442042737,7.0,6.0,0.5173059567137471,14.255100978776143,Standard Transplant
Ukraine,2006,T+75,0.0469461453185341,1.911110606427582,0.32842197371000914,0.3208311251681266,6.0,6.0,0.6322079481319147,13.466663638565493,Intermediate/Uncertain
Ukraine,2007,T+76,0.04223617087822614,2.1360009363293826,0.32674215216719954,0.3191973348928808,6.0,6.0,0.6257713450136053,14.816005617976295,Standard Transplant
Ukraine,2008,T+77,0.08618489536152907,1.8540496217739157,0.39457981542666626,0.3516670920689516,7.0,5.0,0.9713251539613955,11.270248108869579,Young Ancient Forest
Ukraine,2009,T+78,0.023000182397540075,2.9261749776799064,0.30574399842834354,0.2818906639484782,6.0,7.0,0.5171182722913694,22.483224843759345,Standard Transplant
Ukraine,2010,T+79,0.035258860961919714,2.8034576865007255,0.342014310583231,0.3233773412765207,6.0,6.0,0.6635980706095645,18.820746119004355,Standard Transplant
Ukraine,2011,T+80,0.04642963037005963,8.757139944068497,0.4559241811364713,0.37708514149492894,10.0,4.0,1.7192223435480591,37.02855977627399,Standard Transplant
Ukraine,2012,T+81,0.039187130788410005,6.799586384479573,0.42317965577625094,0.3703852875356416,9.0,5.0,1.410655666355285,35.99793192239787,Standard Transplant
Ukraine,2013,T+82,0.025919483278401708,5.984028221023026,0.3802532832629956,0.3229612097626012,8.0,6.0,0.982456483030545,37.90416932613816,Standard Transplant
Ukraine,2014,T+83,0.017222325928792696,5.744222641054227,0.3397451891941986,0.3056689024182456,7.0,7.0,0.7269467735800893,42.20955848737959,Failed Transplant
United Kingdom,1900,T+0,0.06583423044097994,2.960890913221897,0.44898387080524277,0.49280537955899817,5.0,5.0,1.1063083343402293,16.804454566109484,Standard Transplant
United Kingdom,1901,T+1,0.06523899723702381,3.067164814613,0.4539179222910961,0.4983155426407375,5.0,5.0,1.1309717788042184,17.335824073065,Standard Transplant
United Kingdom,1902,T+2,0.06575542052579267,3.1091598543658057,0.45842359426784174,0.503347307602225,5.0,5.0,1.1537314095802647,17.54579927182903,Standard Transplant
United Kingdom,1903,T+3,0.06573703187713227,3.1851216617265967,0.4632526539234112,0.508740219757667,5.0,5.0,1.1783762848015935,17.925608308632984,Standard Transplant
United Kingdom,1904,T+4,0.06573703187713227,3.1851216617265967,0.4632526539234112,0.508740219757667,5.0,5.0,1.1783762848015935,17.925608308632984,Standard Transplant
United Kingdom,1905,T+5,0.06573703187713227,3.1851216617265967,0.4632526539234112,0.508740219757667,5.0,5.0,1.1783762848015935,17.925608308632984,Standard Transplant
United Kingdom,1906,T+6,0.06565895745436497,3.179917451758772,0.46264644615481704,0.508063229727071,5.0,5.0,1.175268238275839,17.899587258793858,Standard Transplant
United Kingdom,1907,T+7,0.06565895745436497,3.179917451758772,0.46264644615481704,0.508063229727071,5.0,5.0,1.175268238275839,17.899587258793858,Standard Transplant
United Kingdom,1908,T+8,0.049488707319366707,3.50820466905795,0.4558446362582602,0.5004672243168162,5.0,6.0,1.1406764991394012,23.0492280143477,Standard Transplant
United Kingdom,1909,T+9,0.04715303142160138,3.4964267474094175,0.44437354714074256,0.48765674352959404,5.0,6.0,1.0835087845467453,22.978560484456505,Standard Transplant
United Kingdom,1910,T+10,0.04532415185554659,3.608583517115822,0.44202469649501835,0.48503363549156536,5.0,6.0,1.0719842275901728,23.651501102694933,Standard Transplant
United Kingdom,1911,T+11,0.03622452448892027,3.8858718455450894,0.4391155620107931,0.48178482354042285,5.0,7.0,1.0577960677861178,29.201102918815625,Standard Transplant
United Kingdom,1912,T+12,0.03622452448892027,3.8858718455450894,0.4391155620107931,0.48178482354042285,5.0,7.0,1.0577960677861178,29.201102918815625,Standard Transplant
United Kingdom,1913,T+13,0.06455816246023648,3.180703538527286,0.4588344790520123,0.5038061682718139,5.0,5.0,1.1558182038109408,17.90351769263643,Standard Transplant
United Kingdom,1914,T+14,0.04260250488290134,2.4107830678018294,0.3473140033811354,0.403921170723381,5.0,6.0,0.7014373942716625,16.464698406810975,Standard Transplant
United Kingdom,1915,T+15,0.0320744554707971,2.033930923114155,0.29931713632309714,0.3479984508124674,5.0,7.0,0.5208094987103096,16.237516461799085,Standard Transplant
United Kingdom,1916,T+16,0.024162690342947706,2.3687747360186022,0.29515432246072393,0.34301591111692326,5.0,8.0,0.5062131441948169,20.950197888148818,Standard Transplant
United Kingdom,1917,T+17,0.016921111711676852,2.65138525114703,0.24845927853551028,0.31615427199272844,5.0,8.0,0.39275731162616395,23.21108200917624,Standard Transplant
United Kingdom,1918,T+18,0.03269367623802696,2.058177288282037,0.30370319423128184,0.3532481949415565,5.0,7.0,0.5364130258009262,16.407241017974258,Standard Transplant
United Kingdom,1919,T+19,0.03204721209638904,2.969401244358869,0.36499659025283954,0.40012518693815313,5.0,7.0,0.7302216445335296,22.785808710512082,Standard Transplant
United Kingdom,1920,T+20,0.03225748811276703,2.9457596643310873,0.36486112103414936,0.39997390001103483,5.0,7.0,0.7296746277121346,22.62031765031761,Standard Transplant
United Kingdom,1921,T+21,0.014727942774109607,4.266438795998368,0.34851610098565,0.38172039651603523,4.0,8.0,0.5321428170418596,36.13151036798694,Failed Transplant
United Kingdom,1922,T+22,0.024145480977421606,3.5793679609674105,0.3972888817889303,0.4110798961340089,4.0,7.0,0.65326988904396,27.055575726771874,Standard Transplant
United Kingdom,1923,T+23,0.025310565799325866,3.7151715976519846,0.4022229332747835,0.44058452365860656,4.0,7.0,0.7088527978457518,28.006201183563892,Standard Transplant
United Kingdom,1924,T+24,0.04627284620246864,3.0744918279286417,0.415504458033278,0.45541683086158014,5.0,6.0,0.9461386174318696,20.44695096757185,Standard Transplant
United Kingdom,1925,T+25,0.04813078022421571,3.1003024046050736,0.4252734630041166,0.46632648810572913,5.0,6.0,0.9915814024363572,20.60181442763044,Standard Transplant
United Kingdom,1926,T+26,0.010801872395236091,4.474354003652371,0.30983975025641197,0.36840524287128895,4.0,9.0,0.45658635377757184,42.26918603287134,Failed Transplant
United Kingdom,1927,T+27,0.04482545168107503,3.27375930697417,0.4206920818127961,0.4612101739415642,5.0,6.0,0.9701373411435922,21.64255584184502,Standard Transplant
United Kingdom,1928,T+28,0.04805527090799769,3.091116303214746,0.4243791816316516,0.4653277883115797,5.0,6.0,0.9873771299706731,20.546697819288475,Standard Transplant
United Kingdom,1929,T+29,0.047424099027064466,3.0662477068886655,0.42008909710564246,0.46053678330473413,5.0,6.0,0.9673324074121135,20.397486241331993,Standard Transplant
United Kingdom,1930,T+30,0.020332538746442155,4.189868733027325,0.38149507064404314,0.4174364264490942,4.0,7.0,0.6369997559903764,31.329081131191273,Standard Transplant
United Kingdom,1931,T+31,0.008285887478773332,4.572044810585303,0.31736355586326237,0.33572366227900013,3.0,8.0,0.3196393657449015,38.57635848468242,Failed Transplant
United Kingdom,1932,T+32,0.009837254670799017,4.39116655912754,0.3391089708449459,0.3590298209882077,3.0,8.0,0.3652506992938688,37.12933247302032,Failed Transplant
United Kingdom,1933,T+33,0.012025594744012413,4.481332809555657,0.3786262939619592,0.40072646388002825,3.0,8.0,0.455176727734128,37.85066247644526,Failed Transplant
United Kingdom,1934,T+34,0.023425808781736362,4.120205547057088,0.40603512686134796,0.4448418380424061,4.0,7.0,0.7224856485711343,30.841438829399614,Standard Transplant
United Kingdom,1935,T+35,0.024989817372562475,3.7568063231952746,0.4017450423353388,0.4400508330355607,4.0,7.0,0.7071529621902898,28.297644262366923,Standard Transplant
United Kingdom,1936,T+36,0.02422788894706015,3.68881332544763,0.3923244463839398,0.42953026587727017,4.0,7.0,0.674060895061786,27.82169327813341,Standard Transplant
United Kingdom,1937,T+37,0.04771916359872992,3.0742631230914506,0.42187374481335205,0.46252981072674765,5.0,6.0,0.9756459166955198,20.445578738548704,Standard Transplant
United Kingdom,1938,T+38,0.054301222679003246,2.7547402327624284,0.3840132053372621,0.4460946902156459,5.0,5.0,0.8565312593682157,15.773701163812142,Standard Transplant
United Kingdom,1939,T+39,0.044658482887234625,2.2561028345356955,0.34545551885961767,0.40169672033761783,5.0,6.0,0.6938417447421925,15.536617007214172,Standard Transplant
United Kingdom,1940,T+40,0.03532621015215352,1.6635804759614126,0.28633317640235195,0.314782691903322,6.0,8.0,0.5407963682949666,15.3086438076913,Intermediate/Uncertain
United Kingdom,1941,T+41,0.04149541160511712,1.37908484148003,0.28633317640235195,0.314782691903322,6.0,8.0,0.5407963682949666,13.03267873184024,Intermediate/Uncertain
United Kingdom,1942,T+42,0.04162573139681633,1.3669651604923951,0.2857193454911541,0.3140954390421809,6.0,8.0,0.5384588595893316,12.935721283939161,Intermediate/Uncertain
United Kingdom,1943,T+43,0.04168519021143794,1.3617543831396322,0.2854646120978695,0.31381023630936106,6.0,8.0,0.5374903042823551,12.894035065117057,Intermediate/Uncertain
United Kingdom,1944,T+44,0.05940562614086626,1.3536986370680884,0.32155356315309874,0.3533534981358684,6.0,7.0,0.6817324582692019,11.475890459476618,Intermediate/Uncertain
United Kingdom,1945,T+45,0.05306828914908541,1.893368360884907,0.3606505172197165,0.37408390169829675,6.0,7.0,0.8094813157863618,15.25357852619435,Intermediate/Uncertain
United Kingdom,1946,T+46,0.09754224701367051,1.7370952766040209,0.4092563703116544,0.42446310447473906,6.0,5.0,1.0422853768112894,10.685476383020104,Young Ancient Forest
United Kingdom,1947,T+47,0.09089904521513603,1.678541033159452,0.3788490778393548,0.4155951239479956,6.0,5.0,0.944686976773383,10.39270516579726,Young Ancient Forest
United Kingdom,1948,T+48,0.10011535821101332,1.5612494995995996,0.38614474392070985,0.4237426493666989,6.0,5.0,0.9817559809679226,9.806247497997997,Young Ancient Forest
United Kingdom,1949,T+49,0.10672746968065054,1.620185174601965,0.41664135001175523,0.4312447063594537,6.0,5.0,1.0780462598581546,10.100925873009825,Young Ancient Forest
United Kingdom,1950,T+50,0.15317018324843443,1.3635890143294642,0.4287408372740139,0.4438520834474508,6.0,4.0,1.1417850832984533,7.454356057317857,Deep Ancient Forest
United Kingdom,1951,T+51,0.15578296645824868,1.3693063937629153,0.433030921800023,0.4483222491814557,6.0,4.0,1.1648243809590322,7.477225575051661,Deep Ancient Forest
United Kingdom,1952,T+52,0.16405393100817955,1.541103500742244,0.4509633172092934,0.495015950836812,6.0,4.0,1.3394042115652873,8.164414002968975,Deep Ancient Forest
United Kingdom,1953,T+53,0.16405393100817955,1.541103500742244,0.4509633172092934,0.495015950836812,6.0,4.0,1.3394042115652873,8.164414002968975,Deep Ancient Forest
United Kingdom,1954,T+54,0.16405393100817955,1.541103500742244,0.4509633172092934,0.495015950836812,6.0,4.0,1.3394042115652873,8.164414002968975,Deep Ancient Forest
United Kingdom,1955,T+55,0.16405393100817955,1.541103500742244,0.4509633172092934,0.495015950836812,6.0,4.0,1.3394042115652873,8.164414002968975,Deep Ancient Forest
United Kingdom,1956,T+56,0.13160263758948113,1.6909686573085854,0.40644421406860587,0.47294272981338564,6.0,4.0,1.1533490167107752,8.76387462923434,Young Ancient Forest
United Kingdom,1957,T+57,0.1561836783286749,1.5612494995995996,0.44225505781188545,0.48529089434411316,6.0,4.0,1.287734115202424,8.244997998398398,Deep Ancient Forest
United Kingdom,1958,T+58,0.07597887120544147,2.2043990110685496,0.42480895125324597,0.4658077388571611,5.0,5.0,0.9893964851477823,13.021995055342748,Standard Transplant
United Kingdom,1959,T+59,0.16122858109594945,1.5360257159305635,0.4465451423378945,0.49008189935095875,6.0,4.0,1.3130621490173975,8.144102863722253,Deep Ancient Forest
United Kingdom,1960,T+60,0.16122858109594945,1.5360257159305635,0.4465451423378945,0.49008189935095875,6.0,4.0,1.3130621490173975,8.144102863722253,Deep Ancient Forest
United Kingdom,1961,T+61,0.16122858109594945,1.5360257159305635,0.4465451423378945,0.49008189935095875,6.0,4.0,1.3130621490173975,8.144102863722253,Deep Ancient Forest
United Kingdom,1962,T+62,0.16122858109594945,1.5360257159305635,0.4465451423378945,0.49008189935095875,6.0,4.0,1.3130621490173975,8.144102863722253,Deep Ancient Forest
United Kingdom,1963,T+63,0.14297998588160912,1.7275343701356567,0.43990620716616124,0.4826677863060844,6.0,4.0,1.273971331171181,8.910137480542627,Young Ancient Forest
United Kingdom,1964,T+64,0.16122858109594945,1.5360257159305635,0.4465451423378945,0.49008189935095875,6.0,4.0,1.3130621490173975,8.144102863722253,Deep Ancient Forest
United Kingdom,1965,T+65,0.16122858109594945,1.5360257159305635,0.4465451423378945,0.49008189935095875,6.0,4.0,1.3130621490173975,8.144102863722253,Deep Ancient Forest
United Kingdom,1966,T+66,0.06810576399233506,2.3443749166888814,0.4129734218538917,0.45259026487332726,5.0,5.0,0.9345387519124858,13.721874583444407,Standard Transplant
United Kingdom,1967,T+67,0.057831217925932384,2.7719296076920856,0.4091569109556173,0.448328129078226,5.0,5.0,0.9171827619407911,15.859648038460428,Standard Transplant
United Kingdom,1968,T+68,0.05578911459098819,2.536452985962878,0.3684343126215654,0.4446440152635868,5.0,5.0,0.8191105606246623,14.68226492981439,Standard Transplant
United Kingdom,1969,T+69,0.05564394777276524,2.44230296032249,0.3621252537745462,0.4367465561433251,5.0,5.0,0.7907847873928033,14.21151480161245,Standard Transplant
United Kingdom,1970,T+70,0.0417440604116508,2.714975828621684,0.35593868827871117,0.42900242991421844,5.0,6.0,0.7634928108602332,18.289854971730104,Standard Transplant
United Kingdom,1971,T+71,0.039702417671386006,2.703441094235271,0.346647227344218,0.4173717042105997,5.0,6.0,0.7234037201826773,18.220646565411627,Standard Transplant
United Kingdom,1972,T+72,0.018503757757656645,3.1318674540918874,0.31740542269946015,0.3486603415970105,4.0,7.0,0.4426667324125491,23.92307217864321,Standard Transplant
United Kingdom,1973,T+73,0.0399860949178974,2.2878756522153907,0.3381660075860207,0.37193062204208227,5.0,6.0,0.628871467774781,15.727253913292344,Standard Transplant
United Kingdom,1974,T+74,0.012243827069154235,3.732772930409778,0.2981661884311639,0.3270953240689392,4.0,8.0,0.3901150641251678,31.862183443278223,Failed Transplant
United Kingdom,1975,T+75,0.010358373114012788,4.0151081865872555,0.2758432890999739,0.3203237759559142,4.0,8.0,0.3534366557464101,34.120865492698044,Failed Transplant
United Kingdom,1976,T+76,0.010358373114012788,4.0151081865872555,0.2758432890999739,0.3203237759559142,4.0,8.0,0.3534366557464101,34.120865492698044,Failed Transplant
United Kingdom,1977,T+77,0.010358373114012788,4.0151081865872555,0.2758432890999739,0.3203237759559142,4.0,8.0,0.3534366557464101,34.120865492698044,Failed Transplant
United Kingdom,1978,T+78,0.010582995408035131,3.9245819841099,0.2758432890999739,0.3203237759559142,4.0,8.0,0.3534366557464101,33.3966558728792,Failed Transplant
United Kingdom,1979,T+79,0.009015073018156183,4.25345447842104,0.2795392398289097,0.3247638601470495,4.0,9.0,0.36313697035763426,40.28109030578936,Failed Transplant
United Kingdom,1980,T+80,0.0066174034042152,4.64165918611007,0.28814609938774804,0.3351036032511259,3.0,9.0,0.2896763885027742,43.77493267499063,Failed Transplant
United Kingdom,1981,T+81,0.006593081833218252,4.556039947147084,0.2851232594964412,0.33147215234766936,3.0,9.0,0.28353126152900526,43.00435952432375,Failed Transplant
United Kingdom,1982,T+82,0.015287403897536979,3.99309951666622,0.3339465327971955,0.38848120712852746,4.0,8.0,0.5189278087097635,33.94479613332976,Failed Transplant
United Kingdom,1983,T+83,0.01741246302145073,3.8247344679075437,0.34901327894307904,0.4065814542044534,4.0,8.0,0.5676093059573665,32.597875743260346,Failed Transplant
United Kingdom,1984,T+84,0.00897231995374259,4.822198020612592,0.3415188949796281,0.39757816974562693,3.0,9.0,0.4073413715986486,45.399782185513324,Failed Transplant
United Kingdom,1985,T+85,0.0173745992765892,3.8719342711363267,0.3506218695517981,0.4085139144171573,4.0,8.0,0.5729356496434677,32.97547416909062,Failed Transplant
United Kingdom,1986,T+86,0.022309228007559204,3.6609211614018675,0.363456627863394,0.42393279081889135,4.0,7.0,0.6163247303670074,27.626448129813074,Standard Transplant
United Kingdom,1987,T+87,0.024867710470976533,3.8114752721223315,0.3916614861930367,0.45524904210992967,4.0,7.0,0.7132140656829256,28.680326904856322,Standard Transplant
United Kingdom,1988,T+88,0.047735054479795265,2.9308435219233386,0.4009384783062295,0.46635282502874625,5.0,6.0,0.934893960104184,19.58506113154003,Standard Transplant
United Kingdom,1989,T+89,0.06251488338853635,2.633171804117612,0.4037182525572566,0.4696799820932463,5.0,5.0,0.9480919081590446,15.16585902058806,Standard Transplant
United Kingdom,1990,T+90,0.04108372605430571,3.0304444806001642,0.37792439671660444,0.4388068960326742,5.0,6.0,0.8291791572911709,20.182666883600987,Standard Transplant
United Kingdom,1991,T+91,0.038353706366623636,3.076498618559742,0.36779939613922413,0.4266881179748334,5.0,6.0,0.7846781606546288,20.45899171135845,Standard Transplant
United Kingdom,1992,T+92,0.01776454058417073,3.491060010942235,0.33305006820511335,0.3525360499267441,4.0,7.0,0.46964862189145345,26.437420076595647,Standard Transplant
United Kingdom,1993,T+93,0.021164057769775847,3.2009520068254695,0.34918131495773574,0.36982509211382947,4.0,7.0,0.5165440478746909,24.406664047778285,Standard Transplant
United Kingdom,1994,T+94,0.046857695892552106,3.0304444806001642,0.4154119235134322,0.45531349179093944,5.0,6.0,0.9457132671324574,20.182666883600987,Standard Transplant
United Kingdom,1995,T+95,0.0479579248504453,2.9993488876754566,0.41828644609556836,0.4585236504719192,5.0,6.0,0.9589711410333281,19.99609332605274,Standard Transplant
United Kingdom,1996,T+96,0.0479579248504453,2.9993488876754566,0.41828644609556836,0.4585236504719192,5.0,6.0,0.9589711410333281,19.99609332605274,Standard Transplant
United Kingdom,1997,T+97,0.10392027077194248,2.0365028234696854,0.4385417060444806,0.481143962785549,6.0,5.0,1.2660101657578604,12.182514117348427,Intermediate/Uncertain
United Kingdom,1998,T+98,0.14135377461426438,1.7758360707002208,0.4420946843320249,0.4851117952750113,6.0,4.0,1.2867920759870881,9.103344282800883,Young Ancient Forest
United Kingdom,1999,T+99,0.14135377461426438,1.7758360707002208,0.4420946843320249,0.4851117952750113,6.0,4.0,1.2867920759870881,9.103344282800883,Young Ancient Forest
United Kingdom,2000,T+100,0.14135377461426438,1.7758360707002208,0.4420946843320249,0.4851117952750113,6.0,4.0,1.2867920759870881,9.103344282800883,Young Ancient Forest
United Kingdom,2001,T+101,0.09194217231833869,2.0073303166145826,0.398252651442237,0.463138115121546,6.0,5.0,1.106675893986694,12.036651583072913,Intermediate/Uncertain
United Kingdom,2002,T+102,0.12462652025133995,1.849324200890693,0.4095250985464451,0.4766302906113763,6.0,4.0,1.171152400397068,9.39729680356277,Young Ancient Forest
United Kingdom,2003,T+103,0.09416988364581023,1.9789122643513029,0.3484846827226945,0.44657893842619256,6.0,4.0,0.9337555180085366,9.915649057405211,Young Ancient Forest
United Kingdom,2004,T+104,0.10020088533137626,1.8717889170523476,0.35154603168101195,0.45068607027341173,6.0,4.0,0.9506213972311655,9.48715566820939,Young Ancient Forest
United Kingdom,2005,T+105,0.10020088533137626,1.8717889170523476,0.35154603168101195,0.45068607027341173,6.0,4.0,0.9506213972311655,9.48715566820939,Young Ancient Forest
United Kingdom,2006,T+106,0.11122362735524828,1.7933470801827514,0.3639142114978414,0.4672793257008339,6.0,4.0,1.020297524169972,9.173388320731005,Young Ancient Forest
United Kingdom,2007,T+107,0.13392460981774273,1.7113134575524145,0.4118362353924763,0.47939652793494963,6.0,4.0,1.1845971679497227,8.845253830209657,Young Ancient Forest
United Kingdom,2008,T+108,0.032005573980796245,2.8646280299543254,0.29955309669658886,0.34880725682604535,5.0,5.0,0.5224314696624213,16.323140149771625,Standard Transplant
United Kingdom,2009,T+109,0.01649247503727717,3.64580238082099,0.29089222727384395,0.3384026296473465,4.0,6.0,0.39375477861376945,23.87481428492594,Failed Transplant
United Kingdom,2010,T+110,0.034860588913661957,2.503372724945289,0.3189271897386868,0.37208208123328873,5.0,6.0,0.5933354625992727,17.020236349671734,Standard Transplant
United Kingdom,2011,T+111,0.020191402804939196,2.8995689334795958,0.31072281579527417,0.3622258591903077,4.0,7.0,0.4502073556858996,22.29698253435717,Standard Transplant
United Kingdom,2012,T+112,0.03806491614386847,2.630589287593181,0.3574815058116322,0.37872101640502204,5.0,6.0,0.6769287961348956,17.783535725559084,Standard Transplant
United Kingdom,2013,T+113,0.04057710903096129,2.55770893574699,0.36448262216636357,0.38622462712215205,5.0,6.0,0.70386082419354,17.346253614481938,Standard Transplant
United Kingdom,2014,T+114,0.059015374404765716,2.3173260452512934,0.3779321417001199,0.4243195966845589,5.0,5.0,0.8018200697016321,13.586630226256467,Standard Transplant
United Kingdom,2015,T+115,0.0600735695197482,2.2516660498395407,0.37668482764040256,0.4228868090759969,5.0,5.0,0.7964752239409587,13.258330249197703,Standard Transplant
United Kingdom,2016,T+116,0.04197346719069652,2.4253865671269805,0.31882677644372615,0.3719614509770346,5.0,5.0,0.592956351881695,14.126932835634904,Standard Transplant
United Kingdom,2017,T+117,0.026303247413619064,2.906028217344078,0.2875800840913862,0.3555422633615599,5.0,6.0,0.5112343699777959,19.436169304064467,Standard Transplant
United Kingdom,2018,T+118,0.02217504513007353,3.3958614518263257,0.2833981671523606,0.3501577875002632,5.0,6.0,0.4961703759585018,22.375168710957954,Standard Transplant
United Kingdom,2019,T+119,0.017755756702520317,3.2349652239243625,0.24711198660717607,0.30767187894615233,5.0,6.0,0.3801470461477314,21.409791343546175,Standard Transplant
United Kingdom,2020,T+120,0.008615665610431814,3.240924829427551,0.21649745555288089,0.27784752411702207,4.0,8.0,0.24061312801201196,27.927398635420406,Standard Transplant
United Kingdom,2021,T+121,0.020762572245584098,2.67242867070386,0.2585773169214548,0.3325354312098286,5.0,7.0,0.42993059791778243,20.70700069492702,Standard Transplant
United Kingdom,2022,T+122,0.013811039238874195,3.1767711595266035,0.2551830608634145,0.327944628559161,4.0,7.0,0.334743656437769,24.237398116686226,Standard Transplant
United Kingdom,2023,T+123,0.014901027001853476,2.9819247140060394,0.2574365312633146,0.3309924946329525,4.0,7.0,0.3408382387699943,22.873472998042274,Standard Transplant
United Kingdom,2024,T+124,0.029388486742376277,2.389037463080058,0.27286139221754524,0.3518549432355325,5.0,6.0,0.48003814834936376,16.334224778480348,Standard Transplant
United Kingdom,2025,T+125,0.047385248230785916,2.0542638584174138,0.3157716207569487,0.3682911778967915,5.0,5.0,0.5814795107747779,12.27131929208707,Standard Transplant
Venezuela,1970,T+0,0.08743368856039908,1.7853571071357126,0.3436362748954061,0.3322735880138176,7.0,4.0,0.799268806218394,9.14142842854285,Young Ancient Forest
Venezuela,1971,T+1,0.08743368856039908,1.7853571071357126,0.3436362748954061,0.3322735880138176,7.0,4.0,0.799268806218394,9.14142842854285,Young Ancient Forest
Venezuela,1972,T+2,0.08743368856039908,1.7853571071357126,0.3436362748954061,0.3322735880138176,7.0,4.0,0.799268806218394,9.14142842854285,Young Ancient Forest
Venezuela,1973,T+3,0.1693465951577548,1.9990231989649345,0.4305830670357215,0.3931519290798603,8.0,3.0,1.3542765074737337,7.997069596894804,Deep Ancient Forest
Venezuela,1974,T+4,0.18834406778157073,2.836701429477554,0.47442984909985697,0.3807833526190477,8.0,2.0,1.4452399081823395,7.673402858955108,Greenhouse Garden
Venezuela,1975,T+5,0.15866219308409574,3.149900792088538,0.4643627092514179,0.3544817163589794,8.0,2.0,1.3168647215083868,8.299801584177075,Greenhouse Garden
Venezuela,1976,T+6,0.09063728124416905,3.7479160876412374,0.4572922614771709,0.3281209406857406,8.0,3.0,1.2003773360335919,13.243748262923713,Intermediate/Uncertain
Venezuela,1977,T+7,0.06133550757320164,3.031088913245535,0.41438144211551214,0.2986635828288664,7.0,4.0,0.8663245231200796,14.12435565298214,Standard Transplant
Venezuela,1978,T+8,0.043335158606385975,3.4363634484728185,0.3898264273844559,0.2500496519752985,7.0,4.0,0.6823317374878002,15.745453793891274,Standard Transplant
Venezuela,1979,T+9,0.027918416283009905,3.263792847286727,0.3426423092147207,0.24877082975073547,6.0,5.0,0.5114364694263249,18.318964236433636,Standard Transplant
Venezuela,1980,T+10,0.024155687215108478,3.0458732327528013,0.31246760374452753,0.2219895091944369,6.0,5.0,0.4161871799664568,17.229366163764006,Standard Transplant
Venezuela,1981,T+11,0.024155687215108478,3.0458732327528013,0.31246760374452753,0.2219895091944369,6.0,5.0,0.4161871799664568,17.229366163764006,Standard Transplant
Venezuela,1982,T+12,0.013251357490503258,3.4318134783230865,0.26481986904586247,0.18840469404826665,6.0,6.0,0.2993598384329266,22.59088086993852,Standard Transplant
Venezuela,1983,T+13,0.0058184223917817635,3.5421568288261884,0.216207984797023,0.16328255574245917,5.0,8.0,0.17651496164792335,30.337254630609507,Failed Transplant
Venezuela,1984,T+14,0.01995972149829552,3.136852522832401,0.28287477027225383,0.20987765768393532,7.0,6.0,0.4155836594183535,20.821115136994408,Standard Transplant
Venezuela,1985,T+15,0.01565972209657321,3.7285846845686637,0.2904014824107568,0.1877455213619587,7.0,6.0,0.3816510440364525,24.371508107411984,Failed Transplant
Venezuela,1986,T+16,0.008430594230001589,3.2493989828889895,0.23132785822768023,0.15030740372213022,6.0,7.0,0.2086217386728218,24.745792880222925,Standard Transplant
Venezuela,1987,T+17,0.005892950316431831,3.152380053229623,0.19225702137744843,0.13905036405709972,6.0,8.0,0.16040045289040686,27.219040425836983,Standard Transplant
Venezuela,1988,T+18,0.008791840488071244,3.5355339059327378,0.23821563269358906,0.1645362434200764,6.0,7.0,0.23517063196403926,26.748737341529164,Failed Transplant
Venezuela,1989,T+19,0.0009623618535786567,3.20582965080804,0.13799177617747946,0.11876216925815948,2.0,10.0,0.03277640535724775,34.0582965080804,Ruptured
Venezuela,1990,T+20,0.0037717366762379497,3.8522517765587443,0.22419435555514042,0.18403809727200054,3.0,8.0,0.12378090784647122,32.818014212469954,Ruptured
Venezuela,1991,T+21,0.002708132521352182,4.6833314798335595,0.19685426060594244,0.18098147503333842,3.0,8.0,0.106880923353182,39.466651838668476,Ruptured
Venezuela,1992,T+22,0.002486376054211005,3.082207001484488,0.14084525871713457,0.10500102584275217,5.0,9.0,0.07394448325193481,29.73986301336039,Ruptured
Venezuela,1993,T+23,0.005382205992817981,2.598076211353316,0.21135120796003856,0.1450564962528767,4.0,8.0,0.12263146282198518,22.784609690826528,Standard Transplant
Venezuela,1994,T+24,0.0017768086343703455,4.282504378281475,0.16614019753021478,0.10839690686562163,4.0,9.0,0.07203633407327469,40.54253940453327,Ruptured
Venezuela,1995,T+25,0.002630259031971914,3.6293077852394937,0.1733401519377402,0.11772903422387715,4.0,8.0,0.08162867471940112,31.03446228191595,Ruptured
Venezuela,1996,T+26,0.003001989726441502,3.6651867278489374,0.20975942260668604,0.16690494642244103,3.0,9.0,0.1050296555753133,34.986680550640436,Ruptured
Venezuela,1997,T+27,0.0065436199418386866,3.4815361193013636,0.24015487310170305,0.17963427298438006,4.0,7.0,0.1725601841331219,26.370752835109545,Standard Transplant
Venezuela,1998,T+28,0.004992277162438942,4.7876795005513895,0.1439352253448514,0.11245654874704093,8.0,5.0,0.1294916694832768,25.93839750275695,Ruptured
Venezuela,1999,T+29,0.011654553002237597,4.512136411945011,0.18470974388177996,0.1581243312882428,8.0,4.0,0.23365683786983243,20.048545647780045,Failed Transplant
Venezuela,2000,T+30,0.017074010689039857,3.8441310786704452,0.20182400877887582,0.21000401267727162,7.0,4.0,0.2966869618872377,17.37652431468178,Failed Transplant
Venezuela,2001,T+31,0.011288280733873744,2.994134891750871,0.168110582101797,0.1627922824356833,7.0,5.0,0.19156973753360004,16.970674458754356,Standard Transplant
Venezuela,2002,T+32,0.0025781523569024683,3.6309218870694533,0.10661130881372326,0.09385128108299277,8.0,8.0,0.08004486328081989,31.047375096555626,Ruptured
Venezuela,2003,T+33,0.0048587374649237645,4.0,0.14602745562476369,0.1425975716338356,7.0,7.0,0.14576212394771293,30.0,Ruptured
Venezuela,2004,T+34,0.03287201128837666,4.733111423788795,0.2477706203263748,0.26864802328616644,8.0,3.0,0.5325046990325427,16.199334271366386,Standard Transplant
Venezuela,2005,T+35,0.05064275119430875,5.562148865321747,0.30172051006083717,0.24476314352385745,9.0,2.0,0.6646505445730094,13.124297730643494,Standard Transplant
Venezuela,2006,T+36,0.05064275119430875,5.562148865321747,0.30172051006083717,0.24476314352385745,9.0,2.0,0.6646505445730094,13.124297730643494,Standard Transplant
Venezuela,2007,T+37,0.014930698522147108,4.519056870631305,0.20980530510680842,0.20410222015190269,7.0,4.0,0.29975210000362845,20.07622748252522,Failed Transplant
Venezuela,2008,T+38,0.02255196568937778,5.385164807134504,0.24325078511059073,0.2104012157036997,8.0,3.0,0.40944208726518166,18.15549442140351,Standard Transplant
Venezuela,2009,T+39,0.0067577965191094646,4.7876795005513895,0.1977874445931793,0.14770604938713192,6.0,5.0,0.17528641235540854,25.93839750275695,Failed Transplant
Venezuela,2010,T+40,0.0067577965191094646,4.7876795005513895,0.1977874445931793,0.14770604938713192,6.0,5.0,0.17528641235540854,25.93839750275695,Failed Transplant
Venezuela,2011,T+41,0.012081266173353597,4.916490109824284,0.22319296496386468,0.1675374330464454,7.0,4.0,0.26175223496849775,21.665960439297137,Failed Transplant
Venezuela,2012,T+42,0.018475964410643288,6.32826002942357,0.27752230855033716,0.17463192963717264,8.0,3.0,0.3877140500760656,20.98478008827071,Failed Transplant
Venezuela,2013,T+43,0.0034997714304957437,5.113936228581659,0.16799607659650576,0.11348002151733398,6.0,6.0,0.11438519032199496,32.68361737148996,Ruptured
Venezuela,2014,T+44,0.001684491673308276,3.9877742852373177,0.1270374088673754,0.08990731861408974,5.0,8.0,0.05710796397473755,33.902194281898545,Ruptured
Venezuela,2015,T+45,0.0006906395489312485,4.759447840873981,0.11688894819760463,0.06622705945510456,4.0,9.0,0.030964845287709594,44.83503056786583,Ruptured
Venezuela,2016,T+46,0.00026077159325983316,4.64648724844909,0.08441704453800125,0.04990406887646207,3.0,10.0,0.012638262014915342,48.464872484490904,Ruptured
Venezuela,2017,T+47,0.0001567876185779963,4.911720676097125,0.08227165695213869,0.04870781392596829,2.0,10.0,0.008014545116411734,51.11720676097125,Ruptured
Venezuela,2018,T+48,0.000151082514896526,4.16082924427331,0.07436408925994402,0.04429860271374381,2.0,10.0,0.0065884504925912855,43.608292442733095,Ruptured
Venezuela,2019,T+49,0.00036750656440412324,4.433096406576333,0.108990764128581,0.05207454523165584,3.0,10.0,0.017026933429339572,46.33096406576333,Ruptured
Venezuela,2020,T+50,0.0002474487048086889,4.746297899415922,0.08641402701653442,0.04721282146219994,3.0,10.0,0.012239550088084085,49.46297899415922,Ruptured
Venezuela,2021,T+51,0.0006711991460034727,3.816084380618437,0.11336958139341953,0.0717257991908974,3.0,9.0,0.02439457148814152,36.34475942556593,Ruptured
Venezuela,2022,T+52,0.0014124522484301161,3.944933459514875,0.1330543599742823,0.0890634955224581,4.0,8.0,0.04740114557525208,33.559467676119,Ruptured
Venezuela,2023,T+53,0.0006240612404700041,3.2971341722774947,0.11022197784740032,0.059778293588096845,3.0,9.0,0.01976664525486781,31.674207550497453,Ruptured
Venezuela,2024,T+54,0.0012661531357944455,4.663270713780189,0.13641497937107364,0.056423838980689936,8.0,10.0,0.06157645464470078,48.632707137801894,Ruptured
Venezuela,2025,T+55,0.0002749242751049369,4.772561550153125,0.09455277659377052,0.04819452616267209,3.0,10.0,0.013670778795905291,49.72561550153125,Ruptured
