Society,Year,Rupture_Incoming,Is_Rupture_Year,Mean_S,Mean_K,SK_Ratio,Mean_NodeValue,Mean_BondStrength,Archive_V,Archive_S,Helm_V,Reactivity_Ratio,Cog_Gap,B_t_canonical,B_i_mean,N_v2,Cd_v2,T_v2,F_Deficit,P_i,Rupture_Deficit
Afghanistan,1900,0,0,5.75,3.75,1.533,3.812,0.1698,6.0,5.0,4.5,1.173,4.233,0.1698038415934825,0.1698038415934825,,0.0726053043237247,0.1697159352599863,0.875,-22.0,0
Afghanistan,1901,0,0,5.75,3.75,1.533,3.812,0.1698,6.0,5.0,4.5,1.173,4.233,0.1698038415934825,0.1698038415934825,,0.0726053043237247,0.1697159352599863,0.875,-22.0,0
Afghanistan,1902,0,0,5.75,3.75,1.533,3.812,0.1698,6.0,5.0,4.5,1.173,4.233,0.1698038415934825,0.1698038415934825,,0.0726053043237247,0.1697159352599863,0.875,-22.0,0
Afghanistan,1903,0,0,5.75,3.75,1.533,3.812,0.1698,6.0,5.0,4.5,1.173,4.233,0.1698038415934825,0.1698038415934825,,0.0726053043237247,0.1697159352599863,0.875,-22.0,0
Afghanistan,1904,0,0,5.75,3.75,1.533,3.812,0.1698,6.0,5.0,4.5,1.173,4.233,0.1698038415934825,0.1698038415934825,,0.0726053043237247,0.1697159352599863,0.875,-22.0,0
Afghanistan,1905,0,0,5.75,3.75,1.533,3.812,0.1698,6.0,5.0,4.5,1.173,4.233,0.1698038415934825,0.1698038415934825,0.0,0.0726053043237247,0.1697159352599863,0.875,-22.0,0
Afghanistan,1906,0,0,5.75,3.75,1.533,3.812,0.1698,6.0,5.0,4.5,1.173,4.233,0.1698038415934825,0.1698038415934825,0.0,0.0726053043237247,0.1697159352599863,0.875,-22.0,0
Afghanistan,1907,0,0,5.75,3.75,1.533,3.812,0.1698,6.0,5.0,4.5,1.173,4.233,0.1698038415934825,0.1698038415934825,0.0,0.0726053043237247,0.1697159352599863,0.875,-22.0,0
Afghanistan,1908,0,0,5.75,3.75,1.533,3.812,0.1698,6.0,5.0,4.5,1.173,4.233,0.1698038415934825,0.1698038415934825,0.0,0.0726053043237247,0.1697159352599863,0.875,-22.0,0
Afghanistan,1909,0,0,5.75,3.75,1.533,3.812,0.1698,6.0,5.0,4.5,1.173,4.233,0.1698038415934825,0.1698038415934825,0.0,0.0726053043237247,0.1697159352599863,0.875,-22.0,0
Afghanistan,1910,0,0,5.75,3.75,1.533,3.812,0.1698,6.0,5.0,4.5,1.173,4.233,0.1698038415934825,0.1698038415934825,0.0,0.0726053043237247,0.1697159352599863,0.875,-22.0,0
Afghanistan,1911,0,0,5.75,3.75,1.533,3.812,0.1698,6.0,5.0,4.5,1.173,4.233,0.1698038415934825,0.1698038415934825,0.0,0.0726053043237247,0.1697159352599863,0.875,-22.0,0
Afghanistan,1912,0,0,5.75,3.75,1.533,3.812,0.1698,6.0,5.0,4.5,1.173,4.233,0.1698038415934825,0.1698038415934825,0.0,0.0726053043237247,0.1697159352599863,0.875,-22.0,0
Afghanistan,1913,0,0,5.75,3.75,1.533,3.812,0.1698,6.0,5.0,4.5,1.173,4.233,0.1698038415934825,0.1698038415934825,0.0,0.0726053043237247,0.1697159352599863,0.875,-22.0,0
Afghanistan,1914,0,0,5.75,3.75,1.533,3.812,0.1698,6.0,5.0,4.5,1.173,4.233,0.1698038415934825,0.1698038415934825,0.0,0.0726053043237247,0.1697159352599863,0.875,-22.0,0
Afghanistan,1915,0,0,5.75,3.75,1.533,3.812,0.1698,6.0,5.0,4.5,1.173,4.233,0.1698038415934825,0.1698038415934825,0.0,0.0726053043237247,0.1697159352599863,0.875,-22.0,0
Afghanistan,1916,0,0,5.75,3.75,1.533,3.812,0.1698,6.0,5.0,4.5,1.173,4.233,0.1698038415934825,0.1698038415934825,0.0,0.0726053043237247,0.1697159352599863,0.875,-22.0,0
Afghanistan,1917,0,0,5.75,3.75,1.533,3.812,0.1698,6.0,5.0,4.5,1.173,4.233,0.1698038415934825,0.1698038415934825,0.0,0.0726053043237247,0.1697159352599863,0.875,-22.0,0
Afghanistan,1918,0,0,5.75,3.75,1.533,3.812,0.1698,6.0,5.0,4.5,1.173,4.233,0.1698038415934825,0.1698038415934825,0.0,0.0726053043237247,0.1697159352599863,0.875,-22.0,0
Afghanistan,1919,0,0,6.75,3.5,1.929,2.188,0.1408,4.0,6.0,3.0,1.146,4.033,0.1407748442128266,0.1407748442128266,0.1530951478206744,0.0105895868575258,0.1427205931111227,1.0,-37.25,0
Afghanistan,1920,0,0,6.75,3.5,1.929,2.188,0.1408,4.0,6.0,3.0,1.146,4.033,0.1407748442128266,0.1407748442128266,0.1224761182565395,0.0105895868575258,0.1427205931111227,1.0,-37.25,0
Afghanistan,1921,0,0,5.75,3.875,1.484,4.0,0.1743,6.0,5.0,4.0,1.173,2.667,0.1743205711106558,0.1743205711106558,0.1756602541693277,0.016109859257259,0.1733427077541423,1.0,-24.125,0
Afghanistan,1922,0,0,4.75,4.625,1.027,6.688,0.2299,9.5,4.0,7.0,1.212,3.767,0.2298960469284799,0.2298960469284799,0.3500456455422153,0.2549407913866028,0.2437954740306508,0.25,4.875,0
Afghanistan,1923,0,0,4.75,4.625,1.027,6.688,0.2299,9.5,4.0,7.0,1.212,3.767,0.2298960469284799,0.2298960469284799,0.2895674382096752,0.2549407913866028,0.2437954740306508,0.25,4.875,0
Afghanistan,1924,0,0,4.75,4.625,1.027,6.688,0.2299,9.5,4.0,7.0,1.212,3.767,0.2298960469284799,0.2298960469284799,0.2120752001199019,0.2549407913866028,0.2437954740306508,0.25,4.875,0
Afghanistan,1925,0,0,4.75,4.625,1.027,6.688,0.2299,9.5,4.0,7.0,1.212,3.767,0.2298960469284799,0.2298960469284799,0.1455630724991765,0.2549407913866028,0.2437954740306508,0.25,4.875,0
Afghanistan,1926,1,0,4.75,4.625,1.027,6.812,0.2352,9.5,4.0,7.0,1.212,3.7,0.2352232131788443,0.2352232131788443,0.1560765654697726,0.2482323339810965,0.2481647222470025,0.25,5.5,0
Afghanistan,1927,1,0,4.75,4.625,1.027,6.812,0.2352,9.5,4.0,7.0,1.212,3.7,0.2352232131788443,0.2352232131788443,0.0920582631845698,0.2482323339810965,0.2481647222470025,0.25,5.5,1
Afghanistan,1928,1,0,5.75,3.75,1.533,4.0,0.1783,6.5,5.0,4.0,1.173,4.267,0.1783005323797948,0.1783005323797948,0.3743091933762448,0.0093314109585834,0.17450666895726,1.0,-24.875,1
Afghanistan,1929,0,1,6.75,2.75,2.455,1.0,0.1313,3.5,6.0,1.0,1.146,4.267,0.1312511019800382,0.1312511019800382,0.2537380464648366,0.0179664360016005,0.1406309443647401,1.0,-43.25,1
Afghanistan,1930,0,0,5.75,3.75,1.533,4.0,0.1783,6.5,5.0,4.0,1.173,4.267,0.1783005323797948,0.1783005323797948,0.2999256681861087,0.0093314109585834,0.17450666895726,1.0,-24.875,0
Afghanistan,1931,0,0,5.75,3.75,1.533,4.0,0.1783,6.5,5.0,4.0,1.173,4.267,0.1783005323797948,0.1783005323797948,0.2304792772581799,0.0093314109585834,0.17450666895726,1.0,-24.875,0
Afghanistan,1932,0,0,5.75,3.75,1.533,4.0,0.1783,6.5,5.0,4.0,1.173,4.267,0.1783005323797948,0.1783005323797948,0.1539929098381817,0.0093314109585834,0.17450666895726,1.0,-24.875,0
Afghanistan,1933,0,0,5.75,3.75,1.533,4.0,0.1783,6.5,5.0,4.0,1.173,4.267,0.1783005323797948,0.1783005323797948,0.0709523690491042,0.0093314109585834,0.17450666895726,1.0,-24.875,0
Afghanistan,1934,0,0,5.75,3.75,1.533,4.0,0.1783,6.5,5.0,4.0,1.173,4.267,0.1783005323797948,0.1783005323797948,0.0709523690491042,0.0093314109585834,0.17450666895726,1.0,-24.875,0
Afghanistan,1935,0,0,5.75,3.75,1.533,4.0,0.1783,6.5,5.0,4.0,1.173,4.267,0.1783005323797948,0.1783005323797948,0.0,0.0093314109585834,0.17450666895726,1.0,-24.875,0
Afghanistan,1936,0,0,5.75,3.75,1.533,4.0,0.1783,6.5,5.0,4.0,1.173,4.267,0.1783005323797948,0.1783005323797948,0.0,0.0093314109585834,0.17450666895726,1.0,-24.875,0
Afghanistan,1937,0,0,5.75,3.75,1.533,4.0,0.1783,6.5,5.0,4.0,1.173,4.267,0.1783005323797948,0.1783005323797948,0.0,0.0093314109585834,0.17450666895726,1.0,-24.875,0
Afghanistan,1938,0,0,5.75,3.75,1.533,4.0,0.1783,6.5,5.0,4.0,1.173,4.267,0.1783005323797948,0.1783005323797948,0.0,0.0093314109585834,0.17450666895726,1.0,-24.875,0
Afghanistan,1939,0,0,5.75,3.75,1.533,4.0,0.1783,6.5,5.0,4.0,1.173,4.267,0.1783005323797948,0.1783005323797948,0.0,0.0093314109585834,0.17450666895726,1.0,-24.875,0
Afghanistan,1940,0,0,5.75,3.75,1.533,4.0,0.1783,6.5,5.0,4.0,1.173,4.267,0.1783005323797948,0.1783005323797948,0.0,0.0093314109585834,0.17450666895726,1.0,-24.875,0
Afghanistan,1941,0,0,5.75,3.75,1.533,4.0,0.1783,6.5,5.0,4.0,1.173,4.267,0.1783005323797948,0.1783005323797948,0.0,0.0093314109585834,0.17450666895726,1.0,-24.875,0
Afghanistan,1942,0,0,5.75,3.75,1.533,4.0,0.1783,6.5,5.0,4.0,1.173,4.267,0.1783005323797948,0.1783005323797948,0.0,0.0093314109585834,0.17450666895726,1.0,-24.875,0
Afghanistan,1943,0,0,5.75,3.75,1.533,4.0,0.1783,6.5,5.0,4.0,1.173,4.267,0.1783005323797948,0.1783005323797948,0.0,0.0093314109585834,0.17450666895726,1.0,-24.875,0
Afghanistan,1944,0,0,5.75,3.75,1.533,4.0,0.1783,6.5,5.0,4.0,1.173,4.267,0.1783005323797948,0.1783005323797948,0.0,0.0093314109585834,0.17450666895726,1.0,-24.875,0
Afghanistan,1945,0,0,5.75,4.75,1.211,5.938,0.2047,8.5,5.0,6.0,1.173,3.9,0.2047315064717759,0.2047315064717759,0.2388536488346403,0.3429160546651779,0.1629830069121237,0.5,-12.0,0
Afghanistan,1946,0,0,5.75,4.75,1.211,5.938,0.2047,8.5,5.0,6.0,1.173,3.9,0.2047315064717759,0.2047315064717759,0.1910829190677123,0.3429160546651779,0.1629830069121237,0.5,-12.0,0
Afghanistan,1947,0,0,5.75,4.75,1.211,5.938,0.2047,8.5,5.0,6.0,1.173,3.9,0.2047315064717759,0.2047315064717759,0.1433121893007842,0.3429160546651779,0.1629830069121237,0.5,-12.0,0
Afghanistan,1948,0,0,5.75,4.75,1.211,5.938,0.2047,8.5,5.0,6.0,1.173,3.9,0.2047315064717759,0.2047315064717759,0.0955414595338561,0.3429160546651779,0.1629830069121237,0.5,-12.0,0
Afghanistan,1949,0,0,5.75,4.75,1.211,5.938,0.2047,8.5,5.0,6.0,1.173,3.9,0.2047315064717759,0.2047315064717759,0.047770729766928,0.3429160546651779,0.1629830069121237,0.5,-12.0,0
Afghanistan,1950,0,0,5.75,4.75,1.211,5.938,0.2047,8.5,5.0,6.0,1.173,3.9,0.2047315064717759,0.2047315064717759,0.0,0.3429160546651779,0.1629830069121237,0.5,-12.0,0
Afghanistan,1951,0,0,5.75,4.75,1.211,5.938,0.2047,8.5,5.0,6.0,1.173,3.9,0.2047315064717759,0.2047315064717759,0.0,0.3429160546651779,0.1629830069121237,0.5,-12.0,0
Afghanistan,1952,0,0,5.75,4.75,1.211,5.938,0.2047,8.5,5.0,6.0,1.173,3.9,0.2047315064717759,0.2047315064717759,0.0,0.3429160546651779,0.1629830069121237,0.5,-12.0,0
Afghanistan,1953,0,0,5.75,4.75,1.211,5.938,0.2047,8.5,5.0,6.0,1.173,3.9,0.2047315064717759,0.2047315064717759,0.0,0.3429160546651779,0.1629830069121237,0.5,-12.0,0
Afghanistan,1954,0,0,5.75,4.75,1.211,5.938,0.2047,8.5,5.0,6.0,1.173,3.9,0.2047315064717759,0.2047315064717759,0.0,0.3429160546651779,0.1629830069121237,0.5,-12.0,0
Afghanistan,1955,0,0,5.75,4.75,1.211,5.938,0.2047,8.5,5.0,6.0,1.173,3.9,0.2047315064717759,0.2047315064717759,0.0,0.3429160546651779,0.1629830069121237,0.5,-12.0,0
Afghanistan,1956,0,0,5.75,4.75,1.211,5.938,0.2047,8.5,5.0,6.0,1.173,3.9,0.2047315064717759,0.2047315064717759,0.0,0.3429160546651779,0.1629830069121237,0.5,-12.0,0
Afghanistan,1957,0,0,5.75,4.75,1.211,5.938,0.2047,8.5,5.0,6.0,1.173,3.9,0.2047315064717759,0.2047315064717759,0.0,0.3429160546651779,0.1629830069121237,0.5,-12.0,0
Afghanistan,1958,0,0,5.75,4.75,1.211,5.938,0.2047,8.5,5.0,6.0,1.173,3.9,0.2047315064717759,0.2047315064717759,0.0,0.3429160546651779,0.1629830069121237,0.5,-12.0,0
Afghanistan,1959,0,0,5.75,4.75,1.211,5.938,0.2047,8.5,5.0,6.0,1.173,3.9,0.2047315064717759,0.2047315064717759,0.0,0.3429160546651779,0.1629830069121237,0.5,-12.0,0
Afghanistan,1960,0,0,5.75,4.75,1.211,5.938,0.2047,8.5,5.0,6.0,1.173,3.9,0.2047315064717759,0.2047315064717759,0.0,0.3429160546651779,0.1629830069121237,0.5,-12.0,0
Afghanistan,1961,0,0,5.75,4.75,1.211,5.938,0.2047,8.5,5.0,6.0,1.173,3.9,0.2047315064717759,0.2047315064717759,0.0,0.3429160546651779,0.1629830069121237,0.5,-12.0,0
Afghanistan,1962,0,0,5.75,4.75,1.211,5.938,0.2047,8.5,5.0,6.0,1.173,3.9,0.2047315064717759,0.2047315064717759,0.0,0.3429160546651779,0.1629830069121237,0.5,-12.0,0
Afghanistan,1963,0,0,5.75,4.75,1.211,5.938,0.2047,8.5,5.0,6.0,1.173,3.9,0.2047315064717759,0.2047315064717759,0.0,0.3429160546651779,0.1629830069121237,0.5,-12.0,0
Afghanistan,1964,0,0,4.75,4.75,1.0,6.938,0.2352,9.5,4.0,7.0,1.212,3.9,0.2351747447001937,0.2351747447001937,0.4553575637393997,0.154245256671057,0.2436271120878663,0.25,7.875,0
Afghanistan,1965,0,0,4.75,4.75,1.0,6.938,0.2352,9.5,4.0,7.0,1.212,3.9,0.2351747447001937,0.2351747447001937,0.3642860509915198,0.154245256671057,0.2436271120878663,0.25,7.875,0
Afghanistan,1966,0,0,4.75,4.75,1.0,6.938,0.2352,9.5,4.0,7.0,1.212,3.9,0.2351747447001937,0.2351747447001937,0.2732145382436398,0.154245256671057,0.2436271120878663,0.25,7.875,0
Afghanistan,1967,0,0,4.75,4.75,1.0,6.938,0.2352,9.5,4.0,7.0,1.212,3.9,0.2351747447001937,0.2351747447001937,0.1821430254957599,0.154245256671057,0.2436271120878663,0.25,7.875,0
Afghanistan,1968,0,0,4.75,4.75,1.0,6.938,0.2352,9.5,4.0,7.0,1.212,3.9,0.2351747447001937,0.2351747447001937,0.0910715127478799,0.154245256671057,0.2436271120878663,0.25,7.875,0
Afghanistan,1969,0,0,4.75,5.625,0.844,8.812,0.2665,11.5,4.0,9.0,1.212,3.7,0.2665217471296445,0.2665217471296445,0.4366341108135108,0.1130802375447486,0.291581386194334,0.125,29.0,0
Afghanistan,1970,1,0,4.75,5.625,0.844,8.812,0.2665,11.5,4.0,9.0,1.212,3.7,0.2665217471296445,0.2665217471296445,0.3493072886508086,0.1130802375447486,0.291581386194334,0.125,29.0,0
Afghanistan,1971,1,0,4.75,5.625,0.844,8.812,0.2665,11.5,4.0,9.0,1.212,3.7,0.2665217471296445,0.2665217471296445,0.2619804664881064,0.1130802375447486,0.291581386194334,0.125,29.0,1
Afghanistan,1972,1,0,4.75,5.625,0.844,8.812,0.2665,11.5,4.0,9.0,1.212,3.7,0.2665217471296445,0.2665217471296445,0.1746536443254043,0.1130802375447486,0.291581386194334,0.125,29.0,1
Afghanistan,1973,0,1,4.75,5.625,0.844,8.812,0.2665,11.5,4.0,9.0,1.212,3.7,0.2665217471296445,0.2665217471296445,0.0873268221627021,0.1130802375447486,0.291581386194334,0.125,29.0,1
Afghanistan,1974,0,0,5.75,4.5,1.278,5.5,0.1989,8.5,5.0,6.0,1.173,4.533,0.1988768919671878,0.1988768919671878,0.4609423063678232,0.2317070162505864,0.170705328695224,0.625,-15.625,0
Afghanistan,1975,1,0,5.75,4.5,1.278,5.5,0.1989,8.5,5.0,6.0,1.173,4.533,0.1988768919671878,0.1988768919671878,0.3687538450942585,0.2317070162505864,0.170705328695224,0.625,-15.625,0
Afghanistan,1976,1,0,5.75,4.5,1.278,5.5,0.1989,8.5,5.0,6.0,1.173,4.533,0.1988768919671878,0.1988768919671878,0.2765653838206939,0.2317070162505864,0.170705328695224,0.625,-15.625,1
Afghanistan,1977,1,0,6.75,3.625,1.862,2.625,0.1493,5.5,6.0,3.0,1.146,4.733,0.1492745285458961,0.1492745285458961,0.2449680567185209,0.0051156996747226,0.1520279978752542,1.0,-39.75,1
Afghanistan,1978,0,1,7.75,2.625,2.952,-0.25,0.1114,2.5,7.0,0.0,1.126,4.933,0.1114202288479233,0.1114202288479233,0.3951241103695275,0.026992634139305,0.1223403211080821,1.0,-54.5,1
Afghanistan,1979,0,0,7.75,2.625,2.952,-0.25,0.1114,2.5,7.0,0.0,1.126,4.933,0.1114202288479233,0.1114202288479233,0.3329529251692537,0.026992634139305,0.1223403211080821,1.0,-54.5,0
Afghanistan,1980,0,0,7.75,2.625,2.952,-0.25,0.1114,2.5,7.0,0.0,1.126,4.933,0.1114202288479233,0.1114202288479233,0.240927654041542,0.026992634139305,0.1223403211080821,1.0,-54.5,0
Afghanistan,1981,0,0,7.75,2.625,2.952,-0.25,0.1114,2.5,7.0,0.0,1.126,4.933,0.1114202288479233,0.1114202288479233,0.1495355494963467,0.026992634139305,0.1223403211080821,1.0,-54.5,0
Afghanistan,1982,0,0,8.75,2.125,4.118,-2.375,0.0851,-0.5,8.0,-1.0,1.111,4.733,0.0851112560866885,0.0851112560866885,0.3179510592401469,0.0575233513861896,0.0996544524169173,1.0,-58.0,0
Afghanistan,1983,0,0,8.75,2.125,4.118,-2.375,0.0851,-0.5,8.0,-1.0,1.111,4.733,0.0851112560866885,0.0851112560866885,0.2237284152565932,0.0575233513861896,0.0996544524169173,1.0,-58.0,0
Afghanistan,1984,0,0,8.0,2.625,3.048,-0.75,0.103,1.5,7.0,0.0,1.216,5.733,0.1030054178063452,0.1030054178063452,0.1937441214369531,0.0326495599745501,0.1166205752182681,1.0,-51.0,0
Afghanistan,1985,0,0,8.0,2.625,3.048,-0.75,0.103,1.5,7.0,0.0,1.216,5.733,0.1030054178063452,0.1030054178063452,0.1582312672885533,0.0326495599745501,0.1166205752182681,1.0,-51.0,0
Afghanistan,1986,0,0,8.0,2.625,3.048,-0.75,0.103,1.5,7.0,0.0,1.216,5.733,0.1030054178063452,0.1030054178063452,0.1276126571372015,0.0326495599745501,0.1166205752182681,1.0,-51.0,0
Afghanistan,1987,0,0,8.0,2.625,3.048,-0.75,0.103,1.5,7.0,0.0,1.216,5.733,0.1030054178063452,0.1030054178063452,0.1062090087186718,0.0326495599745501,0.1166205752182681,1.0,-51.0,0
Afghanistan,1988,0,0,8.0,2.625,3.048,-0.75,0.103,1.5,7.0,0.0,1.216,5.733,0.1030054178063452,0.1030054178063452,0.0531045043593359,0.0326495599745501,0.1166205752182681,1.0,-51.0,0
Afghanistan,1989,1,0,8.0,2.625,3.048,-0.75,0.103,1.5,7.0,0.0,1.216,5.733,0.1030054178063452,0.1030054178063452,0.0,0.0326495599745501,0.1166205752182681,1.0,-51.0,0
Afghanistan,1990,1,0,8.0,2.625,3.048,-0.75,0.103,1.5,7.0,0.0,1.216,5.733,0.1030054178063452,0.1030054178063452,0.0,0.0326495599745501,0.1166205752182681,1.0,-51.0,1
Afghanistan,1991,1,0,8.0,2.625,3.048,-0.75,0.103,1.5,7.0,0.0,1.216,5.733,0.1030054178063452,0.1030054178063452,0.0,0.0326495599745501,0.1166205752182681,1.0,-51.0,1
Afghanistan,1992,0,1,8.0,2.625,3.048,-0.75,0.103,1.5,7.0,0.0,1.216,5.733,0.1030054178063452,0.1030054178063452,0.0,0.0326495599745501,0.1166205752182681,1.0,-51.0,1
Afghanistan,1993,0,0,8.0,2.625,3.048,-0.75,0.103,1.5,7.0,0.0,1.216,5.733,0.1030054178063452,0.1030054178063452,0.0,0.0326495599745501,0.1166205752182681,1.0,-51.0,0
Afghanistan,1994,0,0,8.0,2.625,3.048,-0.75,0.103,1.5,7.0,0.0,1.216,5.733,0.1030054178063452,0.1030054178063452,0.0,0.0326495599745501,0.1166205752182681,1.0,-51.0,0
Afghanistan,1995,0,0,8.0,2.625,3.048,-0.75,0.103,1.5,7.0,0.0,1.216,5.733,0.1030054178063452,0.1030054178063452,0.0,0.0326495599745501,0.1166205752182681,1.0,-51.0,0
Afghanistan,1996,0,0,8.875,1.75,5.071,-3.375,0.0756,-1.5,8.0,-3.0,1.151,4.733,0.0755558102301444,0.0755558102301444,0.2043895117892137,0.0569870124650538,0.0885206366870954,1.0,-49.375,0
Afghanistan,1997,0,0,8.875,1.75,5.071,-3.375,0.0756,-1.5,8.0,-3.0,1.151,4.733,0.0755558102301444,0.0755558102301444,0.1635116094313709,0.0569870124650538,0.0885206366870954,1.0,-49.375,0
Afghanistan,1998,1,0,8.875,1.75,5.071,-3.375,0.0756,-1.5,8.0,-3.0,1.151,4.733,0.0755558102301444,0.0755558102301444,0.1226337070735282,0.0569870124650538,0.0885206366870954,1.0,-49.375,0
Afghanistan,1999,1,0,8.875,1.75,5.071,-3.375,0.0756,-1.5,8.0,-3.0,1.151,4.733,0.0755558102301444,0.0755558102301444,0.0817558047156854,0.0569870124650538,0.0885206366870954,1.0,-49.375,1
Afghanistan,2000,1,0,8.875,1.75,5.071,-3.375,0.0756,-1.5,8.0,-3.0,1.151,4.733,0.0755558102301444,0.0755558102301444,0.0408779023578427,0.0569870124650538,0.0885206366870954,1.0,-49.375,1
Afghanistan,2001,0,1,9.625,1.125,8.556,-5.375,0.0585,-4.5,9.0,-6.0,1.064,2.067,0.0585149463611264,0.0585149463611264,0.2033590038426682,0.0519134214470958,0.0647924339011684,1.0,-40.5,1
Afghanistan,2002,0,0,8.75,2.0,4.375,-2.75,0.0817,-1.5,8.0,-3.0,1.111,3.067,0.0816918147779527,0.0816918147779527,0.1940571157863232,0.036503375030807,0.0905216188039244,1.0,-53.5,0
Afghanistan,2003,0,0,8.75,2.0,4.375,-2.75,0.0817,-1.5,8.0,-3.0,1.111,3.067,0.0816918147779527,0.0816918147779527,0.1509864171052459,0.036503375030807,0.0905216188039244,1.0,-53.5,0
Afghanistan,2004,0,0,7.75,3.0,2.583,0.25,0.1147,1.5,7.0,0.0,1.126,3.067,0.1147346573909505,0.1147346573909505,0.1937727988070818,0.0184566746220483,0.1220561123977818,1.0,-53.75,0
Afghanistan,2005,0,0,7.75,3.0,2.583,0.25,0.1147,1.5,7.0,0.0,1.126,3.067,0.1147346573909505,0.1147346573909505,0.1420503285929927,0.0184566746220483,0.1220561123977818,1.0,-53.75,0
Afghanistan,2006,0,0,7.75,3.0,2.583,0.25,0.1147,1.5,7.0,0.0,1.126,3.067,0.1147346573909505,0.1147346573909505,0.095630180002091,0.0184566746220483,0.1220561123977818,1.0,-53.75,0
Afghanistan,2007,0,0,7.75,3.0,2.583,0.25,0.1147,1.5,7.0,0.0,1.126,3.067,0.1147346573909505,0.1147346573909505,0.0657107993616422,0.0184566746220483,0.1220561123977818,1.0,-53.75,0
Afghanistan,2008,0,0,7.75,3.0,2.583,0.25,0.1147,1.5,7.0,0.0,1.126,3.067,0.1147346573909505,0.1147346573909505,0.0328553996808211,0.0184566746220483,0.1220561123977818,1.0,-53.75,0
Afghanistan,2009,0,0,7.75,3.0,2.583,0.25,0.1147,1.5,7.0,0.0,1.126,3.067,0.1147346573909505,0.1147346573909505,0.0,0.0184566746220483,0.1220561123977818,1.0,-53.75,0
Afghanistan,2010,0,0,7.75,3.0,2.583,0.25,0.1147,1.5,7.0,0.0,1.126,3.067,0.1147346573909505,0.1147346573909505,0.0,0.0184566746220483,0.1220561123977818,1.0,-53.75,0
Afghanistan,2011,0,0,7.75,3.0,2.583,0.25,0.1147,1.5,7.0,0.0,1.126,3.067,0.1147346573909505,0.1147346573909505,0.0,0.0184566746220483,0.1220561123977818,1.0,-53.75,0
Afghanistan,2012,0,0,7.75,3.0,2.583,0.25,0.1147,1.5,7.0,0.0,1.126,3.067,0.1147346573909505,0.1147346573909505,0.0,0.0184566746220483,0.1220561123977818,1.0,-53.75,0
Afghanistan,2013,0,0,7.75,3.0,2.583,0.25,0.1147,1.5,7.0,0.0,1.126,3.067,0.1147346573909505,0.1147346573909505,0.0,0.0184566746220483,0.1220561123977818,1.0,-53.75,0
Afghanistan,2014,0,0,7.75,3.0,2.583,0.25,0.1147,1.5,7.0,0.0,1.126,3.067,0.1147346573909505,0.1147346573909505,0.0,0.0184566746220483,0.1220561123977818,1.0,-53.75,0
Afghanistan,2015,0,0,7.75,3.0,2.583,0.25,0.1147,1.5,7.0,0.0,1.126,3.067,0.1147346573909505,0.1147346573909505,0.0,0.0184566746220483,0.1220561123977818,1.0,-53.75,0
Afghanistan,2016,0,0,7.75,3.0,2.583,0.25,0.1147,1.5,7.0,0.0,1.126,3.067,0.1147346573909505,0.1147346573909505,0.0,0.0184566746220483,0.1220561123977818,1.0,-53.75,0
Afghanistan,2017,0,0,7.75,3.0,2.583,0.25,0.1147,1.5,7.0,0.0,1.126,3.067,0.1147346573909505,0.1147346573909505,0.0,0.0184566746220483,0.1220561123977818,1.0,-53.75,0
Afghanistan,2018,1,0,7.75,3.0,2.583,0.25,0.1147,1.5,7.0,0.0,1.126,3.067,0.1147346573909505,0.1147346573909505,0.0,0.0184566746220483,0.1220561123977818,1.0,-53.75,0
Afghanistan,2019,1,0,7.75,3.0,2.583,0.25,0.1147,1.5,7.0,0.0,1.126,3.067,0.1147346573909505,0.1147346573909505,0.0,0.0184566746220483,0.1220561123977818,1.0,-53.75,1
Afghanistan,2020,1,0,7.75,3.0,2.583,0.25,0.1147,1.5,7.0,0.0,1.126,3.067,0.1147346573909505,0.1147346573909505,0.0,0.0184566746220483,0.1220561123977818,1.0,-53.75,1
Afghanistan,2021,0,1,8.75,2.0,4.375,-2.75,0.0817,-1.5,8.0,-3.0,1.111,3.067,0.0816918147779527,0.0816918147779527,0.1642769984041056,0.036503375030807,0.0905216188039244,1.0,-53.5,1
Afghanistan,2022,0,0,8.75,2.0,4.375,-2.75,0.0817,-1.5,8.0,-3.0,1.111,3.067,0.0816918147779527,0.0816918147779527,0.1314215987232844,0.036503375030807,0.0905216188039244,1.0,-53.5,0
Afghanistan,2023,0,0,8.75,2.0,4.375,-2.75,0.0817,-1.5,8.0,-3.0,1.111,3.067,0.0816918147779527,0.0816918147779527,0.0985661990424633,0.036503375030807,0.0905216188039244,1.0,-53.5,0
Afghanistan,2024,0,0,8.75,2.0,4.375,-2.75,0.0817,-1.5,8.0,-3.0,1.111,3.067,0.0816918147779527,0.0816918147779527,0.0657107993616422,0.036503375030807,0.0905216188039244,1.0,-53.5,0
Afghanistan,2025,0,0,8.75,2.0,4.375,-2.75,0.0817,-1.5,8.0,-3.0,1.111,3.067,0.0816918147779527,0.0816918147779527,0.0328553996808211,0.036503375030807,0.0905216188039244,1.0,-53.5,0
Argentina,1950,0,0,4.1,5.55,0.739,9.725,0.31,8.5,4.0,12.2,1.013,1.213,0.3100406599244059,0.3100406599244059,,0.0659334311107013,0.3242623994028716,0.0,46.1,0
Argentina,1951,0,0,4.125,5.575,0.74,9.725,0.309,8.5,4.0,12.2,1.029,1.213,0.309020228217961,0.309020228217961,,0.0771266687671043,0.3249148807587135,0.0,46.35,0
Argentina,1952,1,0,5.375,5.25,1.024,7.412,0.2376,7.5,5.0,8.5,1.09,1.727,0.2376407137033465,0.2376407137033465,,0.4853716305567621,0.2241999488782488,0.25,-1.5,0
Argentina,1953,1,0,5.325,5.05,1.054,6.888,0.2269,7.5,5.0,7.1,1.023,1.047,0.2268987092261553,0.2268987092261553,,0.3207322622854988,0.2210918639299113,0.5,-5.59,1
Argentina,1954,1,0,5.175,5.025,1.03,6.912,0.2286,7.5,5.0,7.1,0.987,0.767,0.2285630332131059,0.2285630332131059,,0.3824396861643326,0.2266052873302644,0.5,-3.2650000000000023,1
Argentina,1955,0,1,7.3,4.0,1.825,1.763,0.1228,1.2,7.6,0.1,0.895,-1.5,0.1227510682366326,0.1227510682366326,0.3327284710133788,0.0063531757302921,0.1233483546987269,1.0,-36.952,1
Argentina,1956,0,0,6.0,4.375,1.371,4.55,0.1788,4.0,6.0,3.0,0.914,-0.4,0.1788223769219821,0.1788223769219821,0.4889180926930062,0.0883610464857931,0.1717767919335313,0.875,-26.5,0
Argentina,1957,0,0,5.175,4.975,1.04,7.062,0.2361,7.2,5.0,5.8,0.947,-0.54,0.236096154157926,0.236096154157926,0.7954525240805309,0.7395574443808787,0.2105366204472294,0.25,-4.312000000000001,0
Argentina,1958,0,0,5.0,5.0,1.0,7.5,0.25,7.5,5.0,7.5,1.0,0.0,0.25,0.25,,1.0,,0.0,0.0,0
Argentina,1959,0,0,5.425,4.9,1.107,6.45,0.2192,7.5,5.0,6.5,1.012,0.827,0.2191746148854437,0.2191746148854437,0.307754410539192,0.376160278095918,0.1896700196577671,0.5,-9.607,0
Argentina,1960,0,0,5.0,5.0,1.0,7.5,0.25,7.5,5.0,7.5,1.0,0.0,0.25,0.25,,1.0,,0.0,0.0,0
Argentina,1961,0,0,5.0,5.0,1.0,7.5,0.25,7.5,5.0,7.5,1.0,0.0,0.25,0.25,,1.0,,0.0,0.0,0
Argentina,1962,0,0,7.05,3.975,1.774,2.675,0.1443,3.0,7.0,-0.9,0.93,0.173,0.1442856851484352,0.1442856851484352,0.4051864902317367,0.0036941001254328,0.1426029528573635,1.0,-41.625,0
Argentina,1963,1,0,5.25,5.0,1.05,6.925,0.2308,7.5,5.0,5.0,0.926,-0.76,0.2308224565151694,0.2308224565151694,0.4583969634933462,0.6696413133872592,0.1867122948006883,0.25,-4.5,0
Argentina,1964,1,0,5.0,5.0,1.0,7.5,0.25,7.5,5.0,7.5,1.0,0.0,0.25,0.25,,1.0,,0.0,0.0,1
Argentina,1965,1,0,5.0,5.0,1.0,7.5,0.25,7.5,5.0,7.5,1.0,0.0,0.25,0.25,,1.0,,0.0,0.0,1
Argentina,1966,0,1,5.5,4.85,1.134,6.262,0.2149,6.1,5.0,3.2,0.952,-0.113,0.2148867604612973,0.2148867604612973,0.5172483552919869,0.3111076662470902,0.1899691667200257,0.5,-8.691,1
Argentina,1967,0,0,5.125,5.125,1.0,7.575,0.248,7.5,5.0,6.1,0.962,0.12,0.2479949263593005,0.2479949263593005,0.5031639284977025,0.670873325570549,0.240859896076648,0.125,0.875,0
Argentina,1968,0,0,5.425,5.05,1.074,7.012,0.2327,7.5,5.0,5.1,1.053,1.087,0.2327120441448254,0.2327120441448254,0.0835030644638493,0.3750533884030134,0.2101822451059289,0.375,-6.320000000000001,0
Argentina,1969,0,0,6.25,4.85,1.289,5.088,0.1817,4.8,6.0,3.2,1.022,0.247,0.1816732010063192,0.1816732010063192,0.3649908791595397,0.1077811427996192,0.1714067951361804,0.875,-24.04,0
Argentina,1970,0,0,6.525,4.3,1.517,4.1,0.1705,4.0,6.0,3.0,1.019,-0.107,0.17053906173472,0.17053906173472,0.055504541212513,0.0072582499644987,0.1686713137042311,1.0,-38.449999999999996,0
Argentina,1971,0,0,6.75,4.25,1.588,3.725,0.1628,3.6,6.4,2.4,1.012,0.04,0.1627863408628112,0.1627863408628112,0.1524528824797352,0.005060100028785,0.1618287425228274,1.0,-42.349,0
Argentina,1972,0,0,7.35,3.95,1.861,2.088,0.1315,3.0,7.0,-0.2,1.011,1.153,0.1315214498103489,0.1315214498103489,0.0510544451587778,0.0062458592622677,0.1317931752644386,1.0,-42.992000000000004,0
Argentina,1973,1,0,5.375,4.9,1.097,6.838,0.2321,7.5,5.0,6.5,0.893,-1.06,0.2321121709659891,0.2321121709659891,0.5953203364160896,0.6862831825945516,0.1816251573139645,0.25,-8.725,0
Argentina,1974,1,0,6.325,4.75,1.332,4.562,0.1705,4.8,6.0,3.2,0.92,-1.18,0.1705161304826255,0.1705161304826255,0.4161263066405413,0.0289081041973257,0.1667930190189986,1.0,-26.04,1
Argentina,1975,1,0,8.025,3.4,2.36,0.013,0.1016,-0.3,8.0,-1.7,0.93,-1.26,0.1016400594055439,0.1016400594055439,0.193467582192461,0.0006390979037254,0.1022592206449437,1.0,-43.003,1
Argentina,1976,0,1,7.625,4.4,1.733,2.338,0.1267,-0.5,8.0,2.5,1.009,1.607,0.1266732964018368,0.1266732964018368,0.1772588198670776,0.0744906687826432,0.1213851326346806,0.875,-33.525,1
Argentina,1977,0,0,7.25,4.375,1.657,2.962,0.1399,-0.5,8.0,5.0,1.095,2.607,0.1399009874950318,0.1399009874950318,0.1005557171645654,0.0172459115310988,0.1412830956165443,0.875,-25.65,0
Argentina,1978,0,0,6.575,4.525,1.453,4.388,0.1697,0.7,7.0,6.5,1.073,1.473,0.1696959152230249,0.1696959152230249,0.2012046784597032,0.0078980741101617,0.1696914665134627,0.875,-19.7,0
Argentina,1979,0,0,6.15,4.9,1.255,5.312,0.1837,3.5,6.0,6.9,1.142,2.633,0.1836866467970868,0.1836866467970868,0.266846375427811,0.0681485631841655,0.1971845486742625,0.75,-6.375000000000001,0
Argentina,1980,0,0,6.25,4.925,1.269,5.3,0.1849,4.0,6.0,7.3,1.207,3.147,0.1849302377910936,0.1849302377910936,0.6621803874891902,0.0754385301792681,0.1852371078712404,0.75,-9.725000000000001,0
Argentina,1981,0,0,7.125,4.525,1.575,3.15,0.1418,3.0,7.0,3.6,1.127,2.907,0.1418331517563613,0.1418331517563613,0.3052094776581566,0.0080274537173749,0.1402625509841025,0.875,-29.35,0
Argentina,1982,0,0,8.125,3.7,2.196,0.35,0.1021,-0.3,8.0,-1.6,1.042,2.16,0.1021204412734705,0.1021204412734705,0.3536240709327714,0.0082446720266888,0.1050352886257112,1.0,-40.609,0
Argentina,1983,0,0,5.925,4.575,1.295,5.363,0.1968,6.5,6.0,6.5,0.967,0.687,0.1968017362191696,0.1968017362191696,0.4200740263382461,0.0984158581242783,0.1828008353746114,0.875,-24.201999999999998,0
Argentina,1984,0,0,5.0,5.375,0.93,8.062,0.2555,10.0,5.0,10.0,1.0,0.9,0.2555205619454914,0.2555205619454914,0.7710907155895885,0.3936681354702396,0.2961165407143718,0.125,16.0,0
Argentina,1985,0,0,5.2,5.35,0.972,7.613,0.2415,10.0,5.0,10.0,1.085,1.993,0.2414629944379205,0.2414629944379205,0.6937689455068587,0.2224686156610149,0.2733369952496799,0.5,12.223999999999998,0
Argentina,1986,0,0,4.9,5.375,0.912,8.312,0.2641,10.0,5.0,10.0,1.033,1.3,0.2641285847347013,0.2641285847347013,1.1081182526162017,0.4605039083783533,0.3127788563091965,0.125,17.6,0
Argentina,1987,0,0,5.7,4.95,1.152,6.0,0.2044,7.7,5.0,6.5,0.991,0.693,0.2044345158387084,0.2044345158387084,1.0654603740520714,0.1590749562820281,0.1844107332484999,0.625,-12.674999999999997,0
Argentina,1988,0,0,6.625,4.525,1.464,3.412,0.1463,5.3,6.0,3.4,1.01,1.193,0.1463429996356416,0.1463429996356416,0.388599039301373,0.0203866243683099,0.1432505805480769,1.0,-26.176000000000002,0
Argentina,1989,0,0,8.25,3.275,2.519,-1.238,0.0796,0.7,7.0,-3.0,1.154,2.553,0.079589810946908,0.079589810946908,0.523226592623709,0.0161746283508068,0.0866878190291824,1.0,-28.01,0
Argentina,1990,0,0,6.375,4.875,1.308,4.312,0.1601,5.0,6.0,4.0,1.075,1.3,0.1601120927068582,0.1601120927068582,0.2899720154726551,0.0252030848205166,0.1559232653517275,1.0,-21.375,0
Argentina,1991,0,0,5.0,5.5,0.909,7.625,0.2369,7.5,5.0,8.5,1.0,-0.067,0.2369029133214195,0.2369029133214195,0.3755665821379912,0.3333333333333332,0.25,0.0,12.5,0
Argentina,1992,0,0,5.0,5.5,0.909,7.688,0.2393,7.5,5.0,9.0,1.0,0.033,0.2392808601686192,0.2392808601686192,0.1095515898641719,0.3349211198298953,0.2553496115283627,0.0,13.125,0
Argentina,1993,0,0,4.5,5.5,0.818,8.925,0.283,7.5,5.0,9.4,0.833,-1.72,0.2830220092933678,0.2830220092933678,0.4230626859714187,0.2585252651132461,0.309683442413351,0.0,29.925,0
Argentina,1994,0,0,4.5,5.5,0.818,8.875,0.2815,7.5,5.0,9.0,0.833,-1.8,0.2815021623111458,0.2815021623111458,0.3318383739211979,0.2609167622402674,0.3080910924748018,0.0,29.625,0
Argentina,1995,0,0,4.625,5.5,0.841,9.0,0.2846,7.5,5.0,10.0,0.903,-1.067,0.2845823670902159,0.2845823670902159,0.2262838021928384,0.3469003631567702,0.3242316823907681,0.0,28.5,0
Argentina,1996,0,0,4.5,5.5,0.818,9.125,0.2898,7.5,5.0,11.0,0.942,-0.867,0.2898070549678349,0.2898070549678349,0.2098176300180811,0.3353232628410144,0.3336892830437759,0.0,33.0,0
Argentina,1997,0,0,4.25,5.525,0.769,9.4,0.2996,8.5,4.0,11.0,1.032,-0.427,0.2996150800745124,0.2996150800745124,0.3027095123355672,0.1717289137955543,0.3244306386016947,0.0,39.875,0
Argentina,1998,1,0,4.875,5.425,0.899,8.3,0.2634,7.5,5.0,9.0,0.933,-0.693,0.2633921895597219,0.2633921895597219,0.9642264812874028,0.4119868815079114,0.2897719827784861,0.0,17.125,0
Argentina,1999,1,0,5.525,5.025,1.1,6.312,0.2118,7.5,5.0,5.3,1.042,0.66,0.2117648470981347,0.2117648470981347,0.8283196523791208,0.268857908477217,0.1829619612436334,0.5,-8.375,1
Argentina,2000,1,0,6.625,4.3,1.541,3.262,0.1482,4.0,6.0,2.0,1.01,0.953,0.1482461372408134,0.1482461372408134,0.425513665809144,0.0163403246050858,0.1459667748853948,1.0,-29.623,1
Argentina,2001,0,1,8.45,3.375,2.504,-1.262,0.0784,-0.5,8.0,-3.0,1.108,2.513,0.0784277560140364,0.0784277560140364,0.3755170822298195,0.0200943159331739,0.0852139394185177,1.0,-29.175,1
Argentina,2002,0,0,7.575,3.75,2.02,0.488,0.0998,1.5,7.0,0.5,1.02,2.113,0.0997727148232978,0.0997727148232978,0.1928621818636724,0.0161895483569365,0.1027267584505608,1.0,-29.925,0
Argentina,2003,0,0,6.0,4.75,1.263,4.75,0.1733,5.0,6.0,6.5,1.0,1.467,0.1733179252754542,0.1733179252754542,0.5092261691833588,0.0179694020490815,0.1748831476282333,1.0,-19.375,0
Argentina,2004,0,0,5.125,5.0,1.025,7.0,0.2332,7.5,5.0,8.5,0.962,0.533,0.233215803621536,0.233215803621536,0.0441566946278195,0.4831676838419756,0.2089649773103481,0.25,-0.875,0
Argentina,2005,0,0,5.0,5.45,0.917,7.888,0.247,7.5,5.0,9.5,1.0,-0.447,0.2469905273022361,0.2469905273022361,0.0471353930800978,0.3469003631567702,0.2585478212504045,0.0,11.874999999999998,0
Argentina,2006,0,0,5.0,5.525,0.905,7.962,0.247,7.5,5.0,9.5,1.0,-0.327,0.2469905273022361,0.2469905273022361,0.2841598248833207,0.2762303154184368,0.2575226483130111,0.0,13.75,0
Argentina,2007,0,0,4.425,5.5,0.805,8.512,0.268,7.5,5.0,10.3,0.876,-0.94,0.26800557138732,0.26800557138732,0.0862734795787153,0.2403747554056545,0.2913663988594752,0.0,28.0,0
Argentina,2008,0,0,5.375,5.05,1.064,6.462,0.2145,7.5,5.0,6.9,0.988,0.313,0.214507426421993,0.214507426421993,0.3510501700523499,0.4718984603211263,0.1875128807541347,0.375,-5.874999999999999,0
Argentina,2009,0,0,5.375,5.0,1.075,6.375,0.2132,7.5,5.0,6.5,0.988,0.333,0.2132262228206554,0.2132262228206554,0.0559323694978857,0.4831676838419756,0.1896789846886656,0.375,-7.125,0
Argentina,2010,0,0,5.0,5.25,0.952,7.562,0.2434,7.5,5.0,8.5,1.0,-0.433,0.2434016994374947,0.2434016994374947,0.179281673976646,0.6666666666666666,0.25,0.0,6.25,0
Argentina,2011,0,0,5.0,5.25,0.952,7.562,0.2434,7.5,5.0,8.5,1.0,-0.433,0.2434016994374947,0.2434016994374947,0.1401224577938132,0.6666666666666666,0.25,0.0,6.25,0
Argentina,2012,0,0,5.625,5.0,1.125,5.938,0.2,6.0,5.0,6.5,0.937,-0.26,0.2000271884208378,0.2000271884208378,0.311507657764596,0.1765409605212984,0.1974300191362731,0.75,-12.25,0
Argentina,2013,0,0,6.05,4.875,1.241,4.988,0.1778,5.0,6.0,4.9,0.969,0.247,0.1777643416960381,0.1777643416960381,0.397272433829505,0.0384153700820097,0.1770666457602068,1.0,-20.253,0
Argentina,2014,0,0,6.425,4.525,1.42,3.838,0.1566,5.0,6.0,3.2,0.977,0.54,0.1566257119913461,0.1566257119913461,0.2370694657650931,0.0304458871571798,0.1544838542819784,1.0,-26.053,0
Argentina,2015,0,0,5.625,4.925,1.142,5.988,0.2045,7.2,5.0,6.3,1.012,0.46,0.204542932814008,0.204542932814008,0.1074172512423805,0.2300891383476881,0.1825841658229026,0.625,-12.200000000000001,0
Argentina,2016,0,0,5.125,4.875,1.051,6.65,0.2254,7.5,5.0,7.1,1.003,0.347,0.2253915551614916,0.2253915551614916,0.3330999402890994,0.439698255305128,0.2135137368157996,0.5,-4.626000000000002,0
Argentina,2017,0,0,5.0,5.0,1.0,7.275,0.2422,7.5,5.0,7.5,1.0,-0.2,0.2421579876847088,0.2421579876847088,,1.0,,0.0,0.0,0
Argentina,2018,0,0,6.5,4.525,1.436,3.462,0.1471,5.0,6.0,3.2,1.042,1.273,0.1470545871012837,0.1470545871012837,0.2983231354371968,0.034813491681564,0.1420163684278333,1.0,-23.725,0
Argentina,2019,0,0,6.55,4.05,1.617,2.938,0.146,4.0,6.0,3.0,1.029,1.393,0.1459736376188344,0.1459736376188344,0.1378708463536465,0.0179518394229084,0.1458249107113369,1.0,-31.425,0
Argentina,2020,0,0,6.55,4.5,1.456,3.388,0.1465,5.0,6.0,4.0,1.115,2.22,0.1465153543671192,0.1465153543671192,0.4777933673120436,0.058146620692785,0.134615098842673,1.0,-23.175,0
Argentina,2021,0,0,6.475,4.625,1.4,3.775,0.1527,5.0,6.0,4.0,1.048,0.973,0.1527078280995703,0.1527078280995703,0.3786534707017377,0.0456911215046242,0.1477339289444883,1.0,-24.35,0
Argentina,2022,0,0,7.5,3.75,2.0,1.312,0.1192,1.5,7.0,0.5,1.036,1.033,0.119151648558687,0.119151648558687,0.3244903054443862,0.0085587447901254,0.1193181738308639,1.0,-40.75,0
Argentina,2023,0,0,8.0,3.675,2.177,0.15,0.0983,1.5,7.0,-0.7,1.054,1.413,0.0983402752058639,0.0983402752058639,0.3183646090705717,0.0102511218909928,0.0992343565987541,1.0,-36.021,0
Argentina,2024,0,0,7.5,3.875,1.935,1.625,0.1234,1.5,7.0,2.0,1.036,1.533,0.1234080060122185,0.1234080060122185,0.2045170777554242,0.0148949864972273,0.124339802752905,1.0,-43.125,0
Argentina,2025,0,0,7.3,4.075,1.791,2.1,0.1287,1.5,7.0,2.4,1.007,0.853,0.1286838722453903,0.1286838722453903,0.265318008729667,0.0148748476747769,0.1294689780990443,1.0,-39.879000000000005,0
Australia,1900,0,0,3.975,5.1,0.779,8.712,0.29,11.4,3.0,11.0,1.123,1.033,0.2899533528029451,0.2899533528029451,,0.2394822218481658,0.3416090869643178,0.125,33.910000000000004,0
Australia,1901,0,0,3.725,5.6,0.665,10.587,0.3448,12.4,3.0,12.0,1.093,1.1,0.3447661809517364,0.3447661809517364,,0.0890827528240053,0.3680656124303482,0.0,65.89500000000001,0
Australia,1902,0,0,3.475,5.6,0.621,10.65,0.3497,12.4,3.0,11.0,0.907,-0.933,0.3497076818091018,0.3497076818091018,,0.0691674870493325,0.3698501220829184,0.0,70.28500000000001,0
Australia,1903,0,0,3.475,5.6,0.621,10.65,0.3497,12.4,3.0,11.0,0.907,-0.933,0.3497076818091018,0.3497076818091018,,0.0691674870493325,0.3698501220829184,0.0,70.28500000000001,0
Australia,1904,0,0,3.475,5.6,0.621,10.65,0.3497,12.4,3.0,11.0,0.907,-0.933,0.3497076818091018,0.3497076818091018,,0.0691674870493325,0.3698501220829184,0.0,70.28500000000001,0
Australia,1905,0,0,3.475,5.6,0.621,10.65,0.3497,12.4,3.0,11.0,0.907,-0.933,0.3497076818091018,0.3497076818091018,0.1591287319115394,0.0691674870493325,0.3698501220829184,0.0,70.28500000000001,0
Australia,1906,0,0,3.475,5.6,0.621,10.65,0.3497,12.4,3.0,11.0,0.907,-0.933,0.3497076818091018,0.3497076818091018,0.0905934158538533,0.0691674870493325,0.3698501220829184,0.0,70.28500000000001,0
Australia,1907,0,0,3.475,5.6,0.621,10.65,0.3497,12.4,3.0,11.0,0.907,-0.933,0.3497076818091018,0.3497076818091018,0.0,0.0691674870493325,0.3698501220829184,0.0,70.28500000000001,0
Australia,1908,0,0,3.475,5.6,0.621,10.65,0.3497,12.4,3.0,11.0,0.907,-0.933,0.3497076818091018,0.3497076818091018,0.0,0.0691674870493325,0.3698501220829184,0.0,70.28500000000001,0
Australia,1909,0,0,3.475,5.6,0.621,10.65,0.3497,12.4,3.0,11.0,0.907,-0.933,0.3497076818091018,0.3497076818091018,0.0,0.0691674870493325,0.3698501220829184,0.0,70.28500000000001,0
Australia,1910,0,0,3.475,5.6,0.621,10.65,0.3497,12.4,3.0,11.0,0.907,-0.933,0.3497076818091018,0.3497076818091018,0.0,0.0691674870493325,0.3698501220829184,0.0,70.28500000000001,0
Australia,1911,0,0,3.475,5.6,0.621,10.65,0.3497,12.4,3.0,11.0,0.907,-0.933,0.3497076818091018,0.3497076818091018,0.0,0.0691674870493325,0.3698501220829184,0.0,70.28500000000001,0
Australia,1912,0,0,3.475,5.6,0.621,10.65,0.3497,12.4,3.0,11.0,0.907,-0.933,0.3497076818091018,0.3497076818091018,0.0,0.0691674870493325,0.3698501220829184,0.0,70.28500000000001,0
Australia,1913,0,0,3.475,5.6,0.621,10.65,0.3497,12.4,3.0,11.0,0.907,-0.933,0.3497076818091018,0.3497076818091018,0.0,0.0691674870493325,0.3698501220829184,0.0,70.28500000000001,0
Australia,1914,0,0,5.6,5.6,1.0,7.65,0.2343,7.9,5.0,5.5,0.908,-0.4,0.2342859252903195,0.2342859252903195,1.2597805892460077,0.104647373014974,0.2294635774772104,0.375,1.5750000000000037,0
Australia,1915,0,0,5.6,5.6,1.0,7.65,0.2343,7.9,5.0,5.5,0.908,-0.4,0.2342859252903195,0.2342859252903195,1.007824471396806,0.104647373014974,0.2294635774772104,0.375,1.5750000000000037,0
Australia,1916,0,0,6.1,5.6,1.089,7.15,0.22,7.9,5.0,3.5,0.875,-0.667,0.2199734203108893,0.2199734203108893,0.8545233210132276,0.1483287744099362,0.1981877075363261,0.375,-10.424999999999997,0
Australia,1917,0,0,6.1,5.6,1.089,7.15,0.22,7.9,5.0,3.5,0.875,-0.667,0.2199734203108893,0.2199734203108893,0.5957853517584789,0.1483287744099362,0.1981877075363261,0.375,-10.424999999999997,0
Australia,1918,0,0,5.6,5.6,1.0,7.65,0.2343,7.9,5.0,5.5,0.908,-0.4,0.2342859252903195,0.2342859252903195,0.2951688251389159,0.104647373014974,0.2294635774772104,0.375,1.5750000000000037,0
Australia,1919,0,0,4.6,4.85,0.948,7.525,0.2562,9.9,3.0,7.5,1.0,-0.6,0.2562003142212354,0.2562003142212354,1.32086870450078,0.1586545453832456,0.2708642863978442,0.375,9.705000000000002,0
Australia,1920,0,0,4.475,4.725,0.947,7.525,0.2602,9.9,3.0,5.5,1.045,-0.067,0.2602492479345548,0.2602492479345548,1.0959781382193892,0.2187024925486596,0.2802886695530118,0.375,6.705000000000001,0
Australia,1921,0,0,4.225,4.975,0.849,8.025,0.2692,9.9,3.0,7.5,1.016,-0.333,0.2692407109324478,0.2692407109324478,0.9079925435075652,0.3074531501808147,0.306320060611195,0.125,19.455000000000002,0
Australia,1922,0,0,4.225,4.975,0.849,8.025,0.2692,9.9,3.0,7.5,1.016,-0.333,0.2692407109324478,0.2692407109324478,0.614427505351378,0.3074531501808147,0.306320060611195,0.125,19.455000000000002,0
Australia,1923,0,0,4.225,4.975,0.849,8.025,0.2692,9.9,3.0,7.5,1.016,-0.333,0.2692407109324478,0.2692407109324478,0.3359840462415254,0.3074531501808147,0.306320060611195,0.125,19.455000000000002,0
Australia,1924,0,0,4.225,4.975,0.849,8.025,0.2692,9.9,3.0,7.5,1.016,-0.333,0.2692407109324478,0.2692407109324478,0.1057516574296362,0.3074531501808147,0.306320060611195,0.125,19.455000000000002,0
Australia,1925,0,0,4.225,4.975,0.849,8.025,0.2692,9.9,3.0,7.5,1.016,-0.333,0.2692407109324478,0.2692407109324478,0.0415845409608876,0.3074531501808147,0.306320060611195,0.125,19.455000000000002,0
Australia,1926,0,0,4.225,4.975,0.849,8.025,0.2692,9.9,3.0,7.5,1.016,-0.333,0.2692407109324478,0.2692407109324478,0.0,0.3074531501808147,0.306320060611195,0.125,19.455000000000002,0
Australia,1927,0,0,4.225,4.975,0.849,8.025,0.2692,9.9,3.0,7.5,1.016,-0.333,0.2692407109324478,0.2692407109324478,0.0,0.3074531501808147,0.306320060611195,0.125,19.455000000000002,0
Australia,1928,0,0,4.475,4.975,0.899,7.65,0.2568,9.9,3.0,6.5,1.045,0.133,0.256772543768634,0.256772543768634,0.0619281449049436,0.1409778284308571,0.2810985865495047,0.375,14.330000000000002,0
Australia,1929,0,0,7.75,2.775,2.793,-0.025,0.1145,5.4,5.0,-2.3,1.269,2.84,0.1144661449892018,0.1144661449892018,1.391685900174302,0.0417706251942366,0.1008436193898406,1.0,-47.69,0
Australia,1930,0,0,7.725,2.775,2.784,-0.0,0.1149,5.4,5.0,-2.3,1.345,3.84,0.1148629354116054,0.1148629354116054,1.0187707526494876,0.0429935474108066,0.1010484521466749,1.0,-47.465,0
Australia,1931,0,0,7.75,2.775,2.793,-0.375,0.1072,5.4,5.0,-3.1,1.269,2.813,0.1072199331163637,0.1072199331163637,0.7078814043179528,0.0253337847380279,0.0964962733129972,1.0,-39.809,0
Australia,1932,0,0,7.65,3.125,2.448,0.425,0.1158,5.4,5.0,-0.7,1.387,3.56,0.1158391369038036,0.1158391369038036,0.4981429209767766,0.0312799452351406,0.1042337514986434,1.0,-43.649,0
Australia,1933,0,0,7.175,3.375,2.126,1.15,0.1229,5.4,5.0,-0.7,1.198,1.627,0.122936911066735,0.122936911066735,0.3309591687705606,0.0331946959603179,0.1136057772091535,1.0,-37.134,0
Australia,1934,0,0,4.725,4.975,0.95,7.212,0.2396,8.9,4.0,7.0,1.197,1.033,0.2395687833848482,0.2395687833848482,1.272733905960447,0.2824289352446028,0.2589260746849022,0.25,7.455000000000002,0
Australia,1935,0,0,4.725,4.975,0.95,7.212,0.2396,8.9,4.0,7.0,1.197,1.033,0.2395687833848482,0.2395687833848482,0.9996736961449484,0.2824289352446028,0.2589260746849022,0.25,7.455000000000002,0
Australia,1936,0,0,4.725,4.975,0.95,7.212,0.2396,8.9,4.0,7.0,1.197,1.033,0.2395687833848482,0.2395687833848482,0.7366214241575471,0.2824289352446028,0.2589260746849022,0.25,7.455000000000002,0
Australia,1937,0,0,4.725,4.975,0.95,7.212,0.2396,8.9,4.0,7.0,1.197,1.033,0.2395687833848482,0.2395687833848482,0.4883297315022474,0.2824289352446028,0.2589260746849022,0.25,7.455000000000002,0
Australia,1938,0,0,4.725,4.975,0.95,7.212,0.2396,8.9,4.0,7.0,1.197,1.033,0.2395687833848482,0.2395687833848482,0.2352937585823264,0.2824289352446028,0.2589260746849022,0.25,7.455000000000002,0
Australia,1939,0,0,5.225,5.475,0.954,8.212,0.2558,7.9,5.0,7.5,0.914,-0.3,0.255751081028285,0.255751081028285,1.426042581787389,0.2634679928280254,0.261574023375024,0.125,6.700000000000004,0
Australia,1940,0,0,5.225,5.475,0.954,8.212,0.2558,7.9,5.0,7.5,0.914,-0.3,0.255751081028285,0.255751081028285,1.1408340654299112,0.2634679928280254,0.261574023375024,0.125,6.700000000000004,0
Australia,1941,0,0,5.225,5.475,0.954,8.212,0.2558,7.9,5.0,7.5,0.914,-0.3,0.255751081028285,0.255751081028285,0.8556255490724334,0.2634679928280254,0.261574023375024,0.125,6.700000000000004,0
Australia,1942,0,0,6.1,6.225,0.98,7.837,0.2223,7.9,5.0,8.5,0.798,-1.433,0.2223486287474723,0.2223486287474723,0.8120360328325238,0.174577168177084,0.2250151930691402,0.375,5.825000000000003,0
Australia,1943,0,0,5.85,6.1,0.959,8.087,0.2323,7.9,5.0,8.5,0.849,-1.033,0.2322787274147818,0.2322787274147818,0.5290841662590472,0.1772404562128076,0.2406862784924485,0.375,7.700000000000003,0
Australia,1944,0,0,4.1,6.6,0.621,11.837,0.349,11.4,4.0,14.5,0.937,0.433,0.3489867856494414,0.3489867856494414,0.7753507200380217,0.034002391261334,0.3597818204881175,0.0,96.595,0
Australia,1945,0,0,3.975,6.6,0.602,11.775,0.3485,11.4,4.0,13.0,0.983,0.333,0.3485002969791198,0.3485002969791198,0.615253603975838,0.034002391261334,0.3571407876634817,0.0,96.595,0
Australia,1946,0,0,3.85,5.85,0.658,10.712,0.3392,12.4,3.0,10.0,0.9,-0.833,0.3391787517323236,0.3391787517323236,0.9051395112012977,0.0610331043072508,0.3540590926960147,0.0,67.37,0
Australia,1947,0,0,3.975,5.85,0.679,10.587,0.3338,12.4,3.0,9.0,0.857,-1.033,0.3337916851024608,0.3337916851024608,0.6680768817861458,0.1202173971181443,0.3584265071255151,0.0,62.87000000000001,0
Australia,1948,0,0,4.1,5.85,0.701,10.462,0.3286,12.4,3.0,9.0,0.818,-1.233,0.3285619885287975,0.3285619885287975,0.777214804287171,0.1491308763475244,0.3606445941984416,0.125,59.620000000000005,0
Australia,1949,0,0,4.1,5.85,0.701,10.462,0.328,12.4,3.0,9.0,0.937,-0.7,0.3279541075135647,0.3279541075135647,0.2358104770956776,0.1217388985953106,0.3511590095105926,0.0,59.12000000000001,0
Australia,1950,0,0,3.175,6.375,0.498,12.312,0.3883,12.4,3.0,12.0,0.853,-0.62,0.3882794709085523,0.3882794709085523,0.6459438647592528,0.0370759262094618,0.4056303399681965,0.0,115.12,0
Australia,1951,0,0,3.425,6.375,0.537,12.062,0.3761,12.4,3.0,11.0,0.762,-1.02,0.3761342751102315,0.3761342751102315,0.5463184533188291,0.0832629480659237,0.4064242827301701,0.0,106.87,0
Australia,1952,0,0,3.3,6.375,0.518,12.188,0.3826,12.4,3.0,12.0,0.805,-0.82,0.3826381128755953,0.3826381128755953,0.4399890599722991,0.076025708988152,0.4108498155807407,0.0,111.37,0
Australia,1953,0,0,3.175,6.375,0.498,12.312,0.3883,12.4,3.0,12.0,0.853,-0.62,0.3882794709085523,0.3882794709085523,0.3315214510232867,0.0370759262094618,0.4056303399681965,0.0,115.12,0
Australia,1954,0,0,3.05,6.375,0.478,12.438,0.3943,12.4,3.0,12.0,0.907,-0.42,0.3943257287409416,0.3943257287409416,0.1077428321324105,0.0211207490614752,0.4044615656745703,0.0,118.87,0
Australia,1955,0,0,3.05,6.375,0.478,12.438,0.3943,12.4,3.0,12.0,0.907,-0.42,0.3943257287409416,0.3943257287409416,0.0284317947774464,0.0211207490614752,0.4044615656745703,0.0,118.87,0
Australia,1956,0,0,3.05,6.375,0.478,12.438,0.3943,12.4,3.0,12.0,0.907,-0.42,0.3943257287409416,0.3943257287409416,0.034205168592527,0.0211207490614752,0.4044615656745703,0.0,118.87,0
Australia,1957,0,0,3.05,6.375,0.478,12.438,0.3943,12.4,3.0,12.0,0.907,-0.42,0.3943257287409416,0.3943257287409416,0.000884999206488,0.0211207490614752,0.4044615656745703,0.0,118.87,0
Australia,1958,0,0,3.05,6.375,0.478,12.438,0.3943,12.4,3.0,12.0,0.907,-0.42,0.3943257287409416,0.3943257287409416,0.0458473765431799,0.0211207490614752,0.4044615656745703,0.0,118.87,0
Australia,1959,0,0,3.05,6.375,0.478,12.438,0.3943,12.4,3.0,12.0,0.907,-0.42,0.3943257287409416,0.3943257287409416,0.0,0.0211207490614752,0.4044615656745703,0.0,118.87,0
Australia,1960,0,0,3.3,6.25,0.528,12.062,0.381,12.4,3.0,12.0,1.118,0.58,0.3809691142625332,0.3809691142625332,0.2943798839609351,0.031163969754833,0.3927912762420328,0.0,105.94500000000001,0
Australia,1961,0,0,3.425,6.0,0.571,11.688,0.3746,12.4,3.0,12.0,1.224,1.58,0.3745973120823681,0.3745973120823681,0.3610324872316666,0.044738979992235,0.3906388209864712,0.0,93.02000000000001,0
Australia,1962,0,0,3.05,6.375,0.478,12.438,0.3943,12.4,3.0,12.0,0.907,-0.42,0.3943257287409416,0.3943257287409416,0.1260519296976612,0.0211207490614752,0.4044615656745703,0.0,118.87,0
Australia,1963,0,0,3.05,6.375,0.478,12.438,0.3943,12.4,3.0,12.0,0.907,-0.42,0.3943257287409416,0.3943257287409416,0.1260519296976612,0.0211207490614752,0.4044615656745703,0.0,118.87,0
Australia,1964,0,0,3.05,6.375,0.478,12.438,0.3943,12.4,3.0,12.0,0.907,-0.42,0.3943257287409416,0.3943257287409416,0.1260519296976612,0.0211207490614752,0.4044615656745703,0.0,118.87,0
Australia,1965,0,0,3.05,6.375,0.478,12.438,0.3943,12.4,3.0,12.0,0.907,-0.42,0.3943257287409416,0.3943257287409416,0.1260519296976612,0.0211207490614752,0.4044615656745703,0.0,118.87,0
Australia,1966,0,0,4.975,5.6,0.888,8.712,0.2716,11.9,3.0,5.5,0.79,-1.633,0.2716177380458512,0.2716177380458512,0.7045409909737365,0.1102720300384079,0.2974438867965107,0.375,24.155000000000005,0
Australia,1967,0,0,4.725,5.6,0.844,8.962,0.28,11.9,3.0,6.5,0.853,-1.233,0.2799964666752589,0.2799964666752589,0.5547161285657584,0.1445697788460075,0.3187413432631942,0.375,30.405000000000005,0
Australia,1968,0,0,4.725,5.6,0.844,8.962,0.28,11.9,3.0,6.5,0.853,-1.233,0.2799964666752589,0.2799964666752589,0.4210099279413981,0.1445697788460075,0.3187413432631942,0.375,30.405000000000005,0
Australia,1969,0,0,4.975,5.6,0.888,8.712,0.2715,11.9,3.0,5.5,0.79,-1.633,0.2715229542971032,0.2715229542971032,0.1762812719559298,0.1011166899268509,0.2984534912881135,0.375,24.030000000000005,0
Australia,1970,0,0,4.975,5.6,0.888,8.712,0.2715,11.9,3.0,6.5,0.79,-1.633,0.2715229542971032,0.2715229542971032,0.2959659853778217,0.1011166899268509,0.2984534912881135,0.375,24.030000000000005,0
Australia,1971,0,0,4.85,5.6,0.866,8.837,0.2758,11.9,3.0,5.5,0.821,-1.433,0.2757896735487745,0.2757896735487745,0.2374160765897508,0.1272901030874746,0.307314685846309,0.375,27.280000000000005,0
Australia,1972,0,0,4.475,5.475,0.817,9.338,0.2993,12.4,3.0,11.5,1.175,2.833,0.2993285093985854,0.2993285093985854,1.6915132812550764,0.4020514400133531,0.3919237342953238,0.125,40.7,0
Australia,1973,0,0,4.475,5.725,0.782,9.712,0.3033,12.4,3.0,12.5,1.175,3.433,0.3033007129805996,0.3033007129805996,1.52365271659545,0.4152598097998156,0.4060779991344225,0.125,56.1,0
Australia,1974,0,0,5.225,5.225,1.0,8.088,0.2628,12.4,3.0,7.0,1.236,2.967,0.2627608115017623,0.2627608115017623,0.8756652991688672,0.2154122668722221,0.2899892988265125,0.5,6.040000000000006,0
Australia,1975,0,0,5.35,5.35,1.0,7.838,0.2532,12.4,3.0,4.0,1.077,2.033,0.2531568760870157,0.2531568760870157,0.6700654795572513,0.2756913529903411,0.2712067719151954,0.375,8.540000000000006,0
Australia,1976,0,0,4.725,5.35,0.883,8.275,0.2644,8.9,4.0,9.5,1.197,1.667,0.264393938498475,0.264393938498475,0.8108319186100962,0.0556086926417001,0.2711450166246957,0.125,17.325000000000003,0
Australia,1977,0,0,4.85,5.225,0.928,7.9,0.2564,8.9,4.0,6.5,1.145,1.067,0.2563735849610439,0.2563735849610439,0.8045220117309728,0.0541461458859207,0.2614446015048096,0.25,10.450000000000003,0
Australia,1978,0,0,4.85,5.225,0.928,7.9,0.2564,8.9,4.0,6.5,1.145,1.067,0.2563735849610439,0.2563735849610439,0.6455137077563364,0.0541461458859207,0.2614446015048096,0.25,10.450000000000003,0
Australia,1979,0,0,4.975,5.225,0.952,7.775,0.2521,8.9,4.0,6.5,1.217,1.4,0.2520969664008323,0.2520969664008323,0.4099557237206508,0.0249431157451315,0.2570249461885566,0.375,7.200000000000003,0
Australia,1980,0,0,4.85,5.225,0.928,7.9,0.2564,8.9,4.0,6.5,1.145,1.067,0.2563735849610439,0.2563735849610439,0.3278224516940339,0.0541461458859207,0.2614446015048096,0.25,10.450000000000003,0
Australia,1981,0,0,4.85,5.225,0.928,7.9,0.2564,8.9,4.0,6.5,1.145,1.067,0.2563735849610439,0.2563735849610439,0.090760225828911,0.0541461458859207,0.2614446015048096,0.25,10.450000000000003,0
Australia,1982,0,0,5.1,4.975,1.025,7.4,0.2483,8.9,4.0,6.5,1.29,2.4,0.2482539938513064,0.2482539938513064,0.5696950840130814,0.0629441645529099,0.2403646832424394,0.375,-0.7999999999999976,0
Australia,1983,0,0,3.3,6.625,0.498,12.775,0.4003,12.4,3.0,16.2,0.984,-0.147,0.4003456487391754,0.4003456487391754,0.9965332980166106,0.1264161597897252,0.4591725836642412,0.0,150.716,0
Australia,1984,0,0,3.425,6.5,0.527,12.588,0.3947,12.4,3.0,13.7,0.928,-0.98,0.3946687212430954,0.3946687212430954,0.7961590044606209,0.1369199097320921,0.4529969160992056,0.0,140.846,0
Australia,1985,0,0,3.55,6.375,0.557,12.15,0.3793,12.4,3.0,13.7,1.023,0.187,0.379321967170764,0.379321967170764,0.4786241672502065,0.0590277222924681,0.4047620202622489,0.0,114.656,0
Australia,1986,0,0,3.55,6.375,0.557,12.15,0.3793,12.4,3.0,13.7,1.023,0.187,0.379321967170764,0.379321967170764,0.3099806689933808,0.0590277222924681,0.4047620202622489,0.0,114.656,0
Australia,1987,0,0,4.05,6.375,0.635,11.65,0.3538,12.4,3.0,13.7,1.088,0.453,0.353797557052985,0.353797557052985,0.7587375056700297,0.0794533750272623,0.3790106058425603,0.0,92.03600000000002,0
Australia,1988,0,0,3.3,6.375,0.518,12.4,0.3937,12.4,3.0,13.7,0.984,0.053,0.3936919140037649,0.3936919140037649,0.2891954694536331,0.0711106869007507,0.4288888206264712,0.0,125.96600000000001,0
Australia,1989,0,0,3.8,6.375,0.596,11.9,0.3664,12.4,3.0,13.7,1.212,0.853,0.3664081162620894,0.3664081162620894,0.3252774852197282,0.0619572241110621,0.3908107842768484,0.0,104.37100000000001,0
Australia,1990,0,0,6.6,4.475,1.475,5.275,0.1999,7.9,5.0,7.0,1.476,5.667,0.1999155260987949,0.1999155260987949,1.2429837665717411,0.1173396350009722,0.1716317982398048,0.625,-44.625,0
Australia,1991,0,0,6.6,4.475,1.475,5.275,0.1999,7.9,5.0,7.0,1.368,4.6,0.1999439566689512,0.1999439566689512,1.119067497409839,0.1252651071755204,0.1708567902592513,0.625,-44.625,0
Australia,1992,0,0,6.225,4.85,1.284,6.025,0.2092,7.9,5.0,7.0,1.298,3.667,0.2091745962861689,0.2091745962861689,0.6598459106082509,0.094422729612788,0.1913453669503739,0.625,-30.125,0
Australia,1993,0,0,4.725,5.725,0.825,9.4,0.2912,11.4,4.0,10.5,1.197,1.333,0.2912496671700291,0.2912496671700291,1.232395747961455,0.0957609574794131,0.3131255197610855,0.25,35.94500000000001,0
Australia,1994,0,0,4.475,5.975,0.749,10.087,0.3079,11.4,4.0,10.5,1.045,-0.5,0.3079329886631035,0.3079329886631035,1.1291498086639211,0.1333334734177399,0.3401986819580596,0.25,56.775000000000006,0
Australia,1995,0,0,4.725,5.725,0.825,9.4,0.2912,11.4,4.0,10.5,1.197,1.333,0.2912496671700291,0.2912496671700291,0.9931046406620986,0.0957609574794131,0.3131255197610855,0.25,35.94500000000001,0
Australia,1996,0,0,4.1,5.975,0.686,10.9,0.3387,12.4,3.0,11.0,0.937,-1.067,0.3387094001046485,0.3387094001046485,0.5860870449535113,0.1049780259135415,0.3603056681892751,0.0,68.87,0
Australia,1997,0,0,4.1,5.975,0.686,10.775,0.3348,12.4,3.0,10.0,0.937,-1.267,0.3348111706827542,0.3348111706827542,0.5520157604715258,0.1091209968965567,0.3582282884508787,0.0,68.12,0
Australia,1998,0,0,4.35,5.85,0.744,10.4,0.3236,12.4,3.0,9.0,0.97,-0.8,0.3235747641066128,0.3235747641066128,0.6737977848135596,0.1611799655418313,0.3529643223661604,0.0,52.77000000000001,0
Australia,1999,0,0,4.225,6.1,0.693,10.775,0.3299,12.4,3.0,11.0,0.894,-1.267,0.3298716374705632,0.3298716374705632,0.3892747111857126,0.0486101379687851,0.3476158026347841,0.125,69.495,0
Australia,2000,0,0,3.725,6.225,0.598,11.775,0.3678,12.4,3.0,12.5,0.947,-0.733,0.3678439998460343,0.3678439998460343,0.3964728190674221,0.1185623360662451,0.4066746535367812,0.0,101.63,0
Australia,2001,0,0,4.35,5.975,0.728,10.525,0.3246,12.4,3.0,9.0,0.855,-1.667,0.3245670279728871,0.3245670279728871,0.1372288190475283,0.1192831576593917,0.3542135452847273,0.125,60.495000000000005,0
Australia,2002,0,0,4.475,5.725,0.782,9.712,0.3032,8.9,4.0,9.5,0.819,-2.327,0.3031963602154376,0.3031963602154376,0.9185347032577996,0.2649880096415072,0.3611073198390956,0.125,51.437000000000005,0
Australia,2003,0,0,4.725,5.6,0.844,9.337,0.2941,8.9,4.0,9.5,0.756,-2.927,0.2940543779630245,0.2940543779630245,0.5098631942118469,0.1976524242177145,0.338637127571396,0.25,41.812000000000005,0
Australia,2004,0,0,4.475,5.725,0.782,9.712,0.3032,8.9,4.0,9.5,0.819,-2.327,0.3031963602154376,0.3031963602154376,0.6348293616849684,0.2649880096415072,0.3611073198390956,0.125,51.437000000000005,0
Australia,2005,0,0,4.6,5.6,0.821,9.462,0.2985,8.9,4.0,9.5,0.889,-1.66,0.2985212557832453,0.2985212557832453,0.476799630268792,0.1828938012919551,0.3444559731873097,0.25,45.187000000000005,0
Australia,2006,0,0,4.725,5.6,0.844,9.337,0.2937,8.9,4.0,8.5,0.853,-1.86,0.2936528569439843,0.2936528569439843,0.242679169816027,0.2460283777792341,0.3480351343333952,0.25,41.437000000000005,0
Australia,2007,0,0,4.225,5.85,0.722,10.462,0.3277,8.9,4.0,12.0,0.894,-1.127,0.3277245551656429,0.3277245551656429,0.7154201176385527,0.1714344128375029,0.377527930850062,0.125,68.04700000000001,0
Australia,2008,0,0,5.45,5.25,1.038,7.638,0.2469,8.9,4.0,5.5,0.839,-1.7,0.2468949905784194,0.2468949905784194,1.0550030832898276,0.1814036896569291,0.2352679034989543,0.375,-8.499999999999998,0
Australia,2009,0,0,4.825,5.375,0.898,8.388,0.2698,8.9,4.0,5.5,0.808,-2.1,0.2697749825479122,0.2697749825479122,0.9904006027551814,0.2433499808585487,0.293951774777651,0.375,20.200000000000003,0
Australia,2010,0,0,5.075,5.375,0.944,7.888,0.2549,8.9,4.0,1.5,0.75,-2.9,0.2549313217702861,0.2549313217702861,0.8120600470565973,0.2116074500689754,0.250504893610591,0.25,15.900000000000006,0
Australia,2011,0,0,5.075,5.25,0.967,7.888,0.2573,8.9,4.0,3.5,0.75,-2.9,0.2572533781442581,0.2572533781442581,0.8759268013935182,0.1709798702755521,0.2585095576978594,0.375,9.400000000000004,0
Australia,2012,0,0,4.95,5.375,0.921,8.262,0.265,8.9,4.0,4.5,0.778,-2.3,0.2649853829793622,0.2649853829793622,0.454387438066866,0.2184797193507227,0.2654658620337554,0.25,14.025000000000006,0
Australia,2013,0,0,4.95,5.375,0.921,8.262,0.265,8.9,4.0,4.5,0.778,-2.3,0.2649853829793622,0.2649853829793622,0.2512383903585999,0.2184797193507227,0.2654658620337554,0.25,14.025000000000006,0
Australia,2014,0,0,5.375,4.85,1.108,7.038,0.2415,8.9,4.0,2.1,0.788,-2.713,0.2415313201087285,0.2415313201087285,0.7702201682622519,0.2851759174626544,0.2284616986110382,0.375,-6.944999999999993,0
Australia,2015,0,0,5.25,4.975,1.055,7.162,0.2421,8.9,4.0,1.1,0.816,-2.513,0.2420628052804513,0.2420628052804513,0.3018361787339184,0.2681948876441942,0.2372361438199865,0.375,2.180000000000005,0
Australia,2016,0,0,5.25,4.975,1.055,7.288,0.2455,8.9,4.0,2.1,0.816,-2.313,0.2455260297813053,0.2455260297813053,0.1796653256647677,0.2795061675324317,0.2382561743478726,0.375,-0.4449999999999943,0
Australia,2017,0,0,5.25,4.975,1.055,7.288,0.2445,7.9,5.0,3.1,0.816,-2.313,0.2444657449953905,0.2444657449953905,0.702969876673505,0.3338940033845478,0.2430264992098168,0.375,-1.319999999999996,0
Australia,2018,0,0,5.35,4.975,1.075,7.062,0.2397,8.9,4.0,0.3,0.793,-2.673,0.2396813324802665,0.2396813324802665,0.1392925787480571,0.27334527569138,0.2272865706798942,0.375,0.7800000000000036,0
Australia,2019,0,0,5.975,4.85,1.232,6.525,0.222,7.9,5.0,5.5,0.989,-0.867,0.2220016748034011,0.2220016748034011,0.6968212267365765,0.1431475714945124,0.2084113840126629,0.875,-26.83,0
Australia,2020,0,0,6.575,4.625,1.422,5.7,0.2051,7.9,5.0,4.9,1.377,2.613,0.2051217563781506,0.2051217563781506,1.004160351881586,0.2253691464903542,0.1805746121214982,0.75,-51.205,0
Australia,2021,0,0,5.95,5.0,1.19,6.7,0.2232,7.9,5.0,4.9,1.088,-0.053,0.223212064273195,0.223212064273195,0.367327817173189,0.1940960489821043,0.2024458439843878,0.75,-22.879999999999995,0
Australia,2022,0,0,5.6,5.1,1.098,7.338,0.2389,7.9,5.0,9.0,1.099,0.433,0.238861717179387,0.238861717179387,0.3082551284549988,0.2333999436440286,0.2287513055853653,0.625,-12.254999999999997,0
Australia,2023,0,0,5.35,5.475,0.977,8.275,0.2589,11.4,4.0,10.0,1.187,0.6,0.2588852362386828,0.2588852362386828,1.3783789953782528,0.3059280322373309,0.2853877681932451,0.375,7.935000000000003,0
Australia,2024,0,0,5.35,5.6,0.955,8.4,0.2586,11.4,4.0,9.0,1.187,0.8,0.258632492064427,0.258632492064427,1.3378173568765024,0.4992093042252993,0.2872452716448491,0.25,9.935000000000004,0
Australia,2025,0,0,4.85,5.725,0.847,9.15,0.2811,11.4,4.0,11.0,1.028,-0.133,0.2810557698653213,0.2810557698653213,1.071957597353929,0.2580403823591981,0.3199807419485619,0.25,32.260000000000005,0
Brazil,1900,0,0,4.75,7.125,0.667,12.562,0.3527,13.5,4.0,12.5,1.212,1.7,0.3526848161020047,0.3526848161020047,,0.0677160159543547,0.3890876406198115,0.125,123.125,0
Brazil,1901,0,0,4.625,7.125,0.649,12.688,0.3575,13.5,4.0,12.5,1.136,1.367,0.3575053901630778,0.3575053901630778,,0.1007179638939195,0.395856626527458,0.0,126.25,0
Brazil,1902,0,0,4.375,7.625,0.574,13.625,0.3773,13.5,4.0,14.5,1.111,1.0,0.3773197977634536,0.3773197977634536,,0.0950709463310465,0.4100551600303121,0.0,166.25,0
Brazil,1903,0,0,4.375,7.75,0.565,13.875,0.3815,13.5,4.0,14.5,1.111,0.333,0.3814709484399503,0.3814709484399503,,0.0603311678490261,0.4050746743065905,0.0,170.75,0
Brazil,1904,0,0,5.375,7.625,0.705,12.625,0.3285,12.5,5.0,13.5,1.09,1.0,0.3284759624857542,0.3284759624857542,,0.0774339538348821,0.3532331527375451,0.125,118.75,0
Brazil,1905,0,0,4.375,7.75,0.565,13.875,0.3815,13.5,4.0,14.5,1.111,0.333,0.3814709484399503,0.3814709484399503,0.1304470212767745,0.0603311678490261,0.4050746743065905,0.0,170.75,0
Brazil,1906,0,0,4.375,7.75,0.565,13.875,0.3815,13.5,4.0,14.5,1.111,0.333,0.3814709484399503,0.3814709484399503,0.0985237239194989,0.0603311678490261,0.4050746743065905,0.0,170.75,0
Brazil,1907,0,0,4.375,7.75,0.565,13.875,0.3815,13.5,4.0,14.5,1.111,0.333,0.3814709484399503,0.3814709484399503,0.0537921525018423,0.0603311678490261,0.4050746743065905,0.0,170.75,0
Brazil,1908,0,0,4.25,7.75,0.548,14.0,0.3873,13.5,4.0,14.5,1.032,0.0,0.3872769033482631,0.3872769033482631,0.2192969884849833,0.0441683909887309,0.4033511664326111,0.0,175.25,0
Brazil,1909,0,0,5.125,7.75,0.661,13.125,0.3428,12.5,5.0,13.5,1.067,0.2,0.3427914084154795,0.3427914084154795,0.1388747870064179,0.0561111116757965,0.3561003809967255,0.0,132.25,0
Brazil,1910,0,0,5.5,7.375,0.746,12.125,0.3194,12.5,5.0,10.5,1.049,-0.333,0.3193536991293159,0.3193536991293159,0.4439768052262508,0.1242567530077596,0.3521808226808524,0.0,94.625,0
Brazil,1911,0,0,5.125,7.75,0.661,13.125,0.3428,12.5,5.0,13.5,1.067,0.2,0.3427914084154795,0.3427914084154795,0.1491955259772497,0.0561111116757965,0.3561003809967255,0.0,132.25,0
Brazil,1912,0,0,4.375,7.75,0.565,13.875,0.3815,13.5,4.0,14.5,1.111,0.333,0.3814709484399503,0.3814709484399503,0.1082710700218465,0.0603311678490261,0.4050746743065905,0.0,170.75,0
Brazil,1913,0,0,4.375,7.75,0.565,13.875,0.3815,13.5,4.0,14.5,1.111,0.333,0.3814709484399503,0.3814709484399503,0.1082710700218465,0.0603311678490261,0.4050746743065905,0.0,170.75,0
Brazil,1914,0,0,5.5,7.5,0.733,12.25,0.3193,12.5,5.0,13.5,1.154,0.933,0.3192664004902478,0.3192664004902478,0.4220187982429714,0.0750278451905306,0.3355394404023476,0.0,96.25,0
Brazil,1915,0,0,5.875,7.125,0.825,11.375,0.2995,12.5,5.0,11.5,1.131,1.667,0.2994546400669078,0.2994546400669078,0.3603148033518509,0.041129466949736,0.3114105217689551,0.125,62.75,0
Brazil,1916,0,0,5.875,7.125,0.825,11.375,0.2995,12.5,5.0,11.5,1.131,1.667,0.2994546400669078,0.2994546400669078,0.3156416330537494,0.041129466949736,0.3114105217689551,0.125,62.75,0
Brazil,1917,0,0,6.875,6.875,1.0,9.875,0.2549,11.5,6.0,9.5,1.111,1.4,0.2548501865431686,0.2548501865431686,0.2247336372804902,0.4739612705650194,0.2537668261447042,0.125,4.75,0
Brazil,1918,0,0,7.875,6.25,1.26,7.5,0.2067,8.5,7.0,7.5,1.096,1.333,0.2067321574219357,0.2067321574219357,0.3985154319812015,0.0304648379046278,0.1991843562668627,1.0,-57.75,0
Brazil,1919,0,0,6.875,6.875,1.0,9.875,0.2549,11.5,6.0,9.5,1.111,1.4,0.2548501865431686,0.2548501865431686,0.1546389003824581,0.4739612705650194,0.2537668261447042,0.125,4.75,0
Brazil,1920,0,0,5.875,7.125,0.825,11.375,0.2995,12.5,5.0,11.5,1.131,1.667,0.2994546400669078,0.2994546400669078,0.451229551593103,0.041129466949736,0.3114105217689551,0.125,62.75,0
Brazil,1921,0,0,5.125,7.25,0.707,12.625,0.3428,12.5,5.0,12.5,1.067,0.467,0.3427914084154795,0.3427914084154795,0.4993630126626603,0.0371778030827716,0.3542138610722775,0.0,106.0,0
Brazil,1922,0,0,6.375,7.125,0.895,10.625,0.273,11.5,6.0,9.5,0.99,0.467,0.2729935361714717,0.2729935361714717,0.2943354677168964,0.1800726768941627,0.294570110459694,0.125,39.125,0
Brazil,1923,0,0,7.0,7.0,1.0,9.875,0.2508,11.5,6.0,9.5,1.078,0.867,0.2507862886407693,0.2507862886407693,0.2653316477337223,0.1441606786302915,0.2445719781139272,0.25,8.0,0
Brazil,1924,0,0,7.25,6.625,1.094,9.125,0.2402,11.5,6.0,7.5,1.019,0.2,0.240202535639607,0.240202535639607,0.318624325979564,0.2423326821643665,0.2157553180235941,0.375,-17.0,0
Brazil,1925,0,0,6.5,7.0,0.929,10.375,0.2688,11.5,6.0,9.5,0.96,0.067,0.268768627452703,0.268768627452703,0.1798681534713618,0.0998707232199963,0.2775147846736071,0.25,30.125,0
Brazil,1926,0,0,7.5,6.75,1.111,9.0,0.2313,10.5,7.0,8.5,0.965,0.0,0.2313469802454519,0.2313469802454519,0.4373269561835445,0.4945221285146315,0.1769364286726627,0.375,-24.0,0
Brazil,1927,1,0,7.5,6.75,1.111,9.0,0.2313,10.5,7.0,8.5,0.965,0.0,0.2313469802454519,0.2313469802454519,0.2422300812163562,0.4945221285146315,0.1769364286726627,0.375,-24.0,0
Brazil,1928,1,0,7.5,6.75,1.111,9.0,0.2313,10.5,7.0,8.5,0.965,0.0,0.2313469802454519,0.2313469802454519,0.0960431825475613,0.4945221285146315,0.1769364286726627,0.375,-24.0,1
Brazil,1929,1,0,8.625,6.375,1.353,7.125,0.1904,9.5,8.0,6.5,1.008,1.267,0.1904040082410587,0.1904040082410587,0.2945095330341644,0.0323232606029371,0.1830692929983975,1.0,-83.625,1
Brazil,1930,0,1,9.625,5.5,1.75,4.25,0.1501,6.5,9.0,2.5,1.007,0.4,0.1500951364008106,0.1500951364008106,0.2876431513081565,0.0036873793887893,0.1499359340901659,1.0,-134.125,1
Brazil,1931,0,0,7.5,6.875,1.091,9.125,0.2309,10.5,7.0,8.5,1.036,1.267,0.230936618094553,0.230936618094553,0.3112627995366474,0.3425034110416828,0.1979938958571125,0.5,-22.5,0
Brazil,1932,0,0,8.875,5.875,1.511,5.75,0.1732,7.5,8.0,5.5,1.023,0.667,0.1731571669961193,0.1731571669961193,0.0945715936068138,0.006994374595778,0.1712142236082485,1.0,-103.125,0
Brazil,1933,0,0,6.5,7.125,0.912,11.25,0.2913,12.0,6.0,11.0,1.042,1.2,0.2912880778198797,0.2912880778198797,0.1126469766406312,0.1630771165212913,0.2988162517274497,0.125,40.25,0
Brazil,1934,1,0,5.5,7.875,0.698,13.375,0.3451,14.0,5.0,13.0,1.049,0.867,0.3451240367851373,0.3451240367851373,0.0383797496876716,0.0766519881977696,0.3680068285966435,0.0,137.25,0
Brazil,1935,1,0,7.625,7.125,1.07,9.875,0.2445,11.0,7.0,9.0,1.009,0.6,0.2444651415152328,0.2444651415152328,0.3945461538251034,0.247774926672643,0.2152734039323736,0.375,-15.625,0
Brazil,1936,1,0,5.5,7.875,0.698,13.375,0.3451,14.0,5.0,13.0,1.049,0.867,0.3451240367851373,0.3451240367851373,0.1015977345070079,0.0766519881977696,0.3680068285966435,0.0,137.25,0
Brazil,1937,0,1,7.125,7.5,0.95,11.0,0.2663,11.0,7.0,12.0,1.048,1.333,0.2663386242358613,0.2663386242358613,0.1643602776274632,0.1411563472219839,0.2591742983968493,0.125,25.375,0
Brazil,1938,0,0,4.5,8.125,0.554,15.25,0.4166,16.0,4.0,15.0,1.061,1.2,0.4166253342266431,0.4166253342266431,0.3429895124630717,0.0437058070503103,0.4392616497483915,0.0,226.25,0
Brazil,1939,0,0,4.5,8.125,0.554,15.25,0.4166,16.0,4.0,15.0,1.061,1.2,0.4166253342266431,0.4166253342266431,0.2497645363082232,0.0437058070503103,0.4392616497483915,0.0,226.25,0
Brazil,1940,0,0,4.125,8.5,0.485,16.125,0.442,16.0,4.0,17.0,1.083,0.467,0.4420090289356079,0.4420090289356079,0.1703272750495221,0.0124493871043167,0.4484965069749044,0.0,270.375,0
Brazil,1941,0,0,4.125,8.5,0.485,16.125,0.442,16.0,4.0,17.0,1.083,0.467,0.4420090289356079,0.4420090289356079,0.1196699470659711,0.0124493871043167,0.4484965069749044,0.0,270.375,0
Brazil,1942,0,0,5.125,8.625,0.594,15.312,0.3873,15.0,5.0,16.0,1.067,0.767,0.387277244622187,0.387277244622187,0.1594939939620063,0.0165010065990247,0.3938381333011468,0.0,220.25,0
Brazil,1943,0,0,5.125,8.625,0.594,15.312,0.3873,15.0,5.0,16.0,1.067,0.767,0.387277244622187,0.387277244622187,0.1694547687251125,0.0165010065990247,0.3938381333011468,0.0,220.25,0
Brazil,1944,0,0,6.125,8.5,0.721,14.188,0.3371,14.0,6.0,15.0,1.056,0.567,0.3371444234576157,0.3371444234576157,0.1169324464868101,0.0291749763066961,0.344197636378258,0.0,150.125,0
Brazil,1945,0,0,7.875,7.375,1.068,10.0,0.2379,11.0,7.0,9.0,1.026,-0.267,0.237889777901848,0.237889777901848,0.4210138840002075,0.4950920057989666,0.2038800698660167,0.375,-21.75,0
Brazil,1946,0,0,7.375,7.25,1.017,10.0,0.2441,10.5,7.0,8.5,0.991,-0.267,0.2441255592294269,0.2441255592294269,0.3945883592855169,0.2274197283519505,0.2333311747423628,0.375,-3.5,0
Brazil,1947,0,0,6.125,7.25,0.845,11.5,0.2965,11.5,6.0,11.5,1.056,0.533,0.29647743401401,0.29647743401401,0.3144279992717178,0.0915064810007105,0.3046926971536434,0.0,55.125,0
Brazil,1948,0,0,5.125,7.5,0.683,13.0,0.3478,12.5,5.0,13.5,1.067,0.267,0.347817813001805,0.347817813001805,0.2208618724676408,0.031395745136914,0.3561510590397391,0.0,120.75,0
Brazil,1949,0,0,5.125,7.5,0.683,13.0,0.3478,12.5,5.0,13.5,1.067,0.267,0.347817813001805,0.347817813001805,0.1869573168568643,0.031395745136914,0.3561510590397391,0.0,120.75,0
Brazil,1950,0,0,5.125,7.625,0.672,13.25,0.3514,12.5,5.0,13.5,1.067,-0.4,0.3514379615858122,0.3514379615858122,0.1816230206328587,0.0138196845435312,0.3545858051767153,0.0,127.75,0
Brazil,1951,0,0,4.125,8.25,0.5,15.875,0.442,16.0,4.0,16.0,1.083,0.6,0.4420090289356079,0.4420090289356079,0.0736266286192483,0.0104715318398306,0.4478789478338495,0.0,254.375,0
Brazil,1952,0,0,4.125,8.25,0.5,15.875,0.442,16.0,4.0,16.0,1.083,0.6,0.4420090289356079,0.4420090289356079,0.1184575571913452,0.0104715318398306,0.4478789478338495,0.0,254.375,0
Brazil,1953,0,0,4.125,8.5,0.485,16.125,0.442,16.0,4.0,17.0,1.083,0.467,0.4420090289356079,0.4420090289356079,0.0780008094639901,0.0124493871043167,0.4484965069749044,0.0,270.375,0
Brazil,1954,0,0,7.75,7.375,1.051,10.125,0.2421,11.0,7.0,8.0,0.983,-0.6,0.2421045483351747,0.2421045483351747,0.2668999919778179,0.3644338694470029,0.2216351446614175,0.375,-15.5,0
Brazil,1955,0,0,5.375,8.0,0.672,13.875,0.3577,14.0,5.0,13.0,0.988,-0.467,0.3576598407399259,0.3576598407399259,0.2746898743156427,0.0173257124581361,0.3669493725866013,0.0,152.5,0
Brazil,1956,0,0,4.125,8.5,0.485,16.125,0.442,16.0,4.0,17.0,1.083,0.467,0.4420090289356079,0.4420090289356079,0.0905686664106621,0.0124493871043167,0.4484965069749044,0.0,270.375,0
Brazil,1957,0,0,4.125,8.5,0.485,16.125,0.442,16.0,4.0,17.0,1.083,0.467,0.4420090289356079,0.4420090289356079,0.0736423626122181,0.0124493871043167,0.4484965069749044,0.0,270.375,0
Brazil,1958,0,0,4.125,8.5,0.485,16.125,0.442,16.0,4.0,17.0,1.083,0.467,0.4420090289356079,0.4420090289356079,0.0623581423644175,0.0124493871043167,0.4484965069749044,0.0,270.375,0
Brazil,1959,0,0,5.125,8.5,0.603,15.125,0.3848,15.0,5.0,16.0,1.067,0.467,0.3847912091218664,0.3847912091218664,0.128780349857604,0.0178753862639924,0.3914342203743278,0.0,209.25,0
Brazil,1960,0,0,5.125,8.5,0.603,15.125,0.3848,15.0,5.0,16.0,1.067,0.467,0.3847912091218664,0.3847912091218664,0.0749479911848863,0.0178753862639924,0.3914342203743278,0.0,209.25,0
Brazil,1961,1,0,7.625,7.375,1.034,10.25,0.2461,11.0,7.0,9.0,1.009,-0.4,0.2460643094088139,0.2460643094088139,0.2829399860017096,0.3368475799075556,0.2326764150275672,0.375,-9.5,0
Brazil,1962,1,0,7.625,7.375,1.034,10.25,0.2461,11.0,7.0,9.0,1.009,-0.4,0.2460643094088139,0.2460643094088139,0.2322319545464409,0.3368475799075556,0.2326764150275672,0.375,-9.5,1
Brazil,1963,1,0,8.625,6.625,1.302,7.875,0.2028,10.0,8.0,6.0,1.008,0.067,0.2027924920295385,0.2027924920295385,0.5068587326883338,0.0201713026946042,0.1952330547550985,1.0,-86.25,1
Brazil,1964,0,1,9.625,5.75,1.674,5.062,0.1613,7.0,9.0,2.5,1.007,0.367,0.1613474068336373,0.1613474068336373,0.173281730516303,0.0007020548125841,0.1614503579940044,1.0,-146.5,1
Brazil,1965,0,0,6.625,7.625,0.869,11.875,0.2922,12.0,6.0,12.0,1.094,1.133,0.2922087954889996,0.2922087954889996,0.4372803689681823,0.0309760766370578,0.2999545523044999,0.125,57.75,0
Brazil,1966,0,0,6.125,7.625,0.803,12.625,0.3188,12.0,6.0,13.0,1.056,0.733,0.3188222292136454,0.3188222292136454,0.077206775523034,0.0862950499816047,0.3325487398803756,0.0,88.0,0
Brazil,1967,0,0,6.125,7.625,0.803,12.625,0.3188,12.0,6.0,13.0,1.056,0.733,0.3188222292136454,0.3188222292136454,0.059676107481725,0.0862950499816047,0.3325487398803756,0.0,88.0,0
Brazil,1968,0,0,7.125,7.75,0.919,11.75,0.2776,11.0,7.0,12.0,1.048,0.933,0.2775508712332651,0.2775508712332651,0.223767573568887,0.1626365629710651,0.2809603097369768,0.125,38.75,0
Brazil,1969,0,0,5.125,8.5,0.603,14.75,0.3736,14.0,5.0,16.0,1.067,0.933,0.3735639279896487,0.3735639279896487,0.2335101819079278,0.0378065028571708,0.386822490793339,0.0,203.25,0
Brazil,1970,0,0,5.125,8.5,0.603,14.75,0.3736,14.0,5.0,16.0,1.067,0.933,0.3735639279896487,0.3735639279896487,0.1831978470416323,0.0378065028571708,0.386822490793339,0.0,203.25,0
Brazil,1971,0,0,5.125,8.625,0.594,15.0,0.3773,14.0,5.0,16.0,1.067,0.267,0.3773325592553018,0.3773325592553018,0.0812555192095395,0.0187593447698581,0.3846177984052567,0.0,210.25,0
Brazil,1972,0,0,4.125,8.625,0.478,16.5,0.4503,16.0,4.0,17.0,1.083,0.533,0.4503064141761768,0.4503064141761768,0.1170797490588648,0.0138128684384104,0.4587724883374973,0.0,287.375,0
Brazil,1973,0,0,4.125,8.625,0.478,16.5,0.4503,16.0,4.0,17.0,1.083,0.533,0.4503064141761768,0.4503064141761768,0.1538832460126738,0.0138128684384104,0.4587724883374973,0.0,287.375,0
Brazil,1974,0,0,5.125,8.375,0.612,15.0,0.3848,15.0,5.0,15.0,1.067,0.267,0.3847912091218664,0.3847912091218664,0.171658206214042,0.0169790653483067,0.3911233496434513,0.0,201.25,0
Brazil,1975,0,0,5.125,8.375,0.612,15.0,0.3848,15.0,5.0,15.0,1.067,0.267,0.3847912091218664,0.3847912091218664,0.112324620260495,0.0169790653483067,0.3911233496434513,0.0,201.25,0
Brazil,1976,0,0,6.125,7.875,0.778,13.375,0.3317,14.0,6.0,14.0,1.056,1.4,0.3316630547396154,0.3316630547396154,0.1643460422338563,0.0647072740033148,0.3459343019402358,0.0,110.0,0
Brazil,1977,0,0,6.125,7.875,0.778,13.375,0.3317,14.0,6.0,14.0,1.056,1.4,0.3316630547396154,0.3316630547396154,0.1263326912639374,0.0647072740033148,0.3459343019402358,0.0,110.0,0
Brazil,1978,0,0,7.125,7.625,0.934,11.5,0.2748,11.0,7.0,12.0,1.048,0.533,0.274795784295024,0.274795784295024,0.1083071734204106,0.1418570743398909,0.2758589804223836,0.125,30.75,0
Brazil,1979,0,0,7.125,7.625,0.934,11.5,0.2748,11.0,7.0,12.0,1.048,0.533,0.274795784295024,0.274795784295024,0.0837337324966457,0.1418570743398909,0.2758589804223836,0.125,30.75,0
Brazil,1980,0,0,8.125,7.125,1.14,9.625,0.2319,10.0,8.0,10.0,1.042,1.267,0.2318612393560437,0.2318612393560437,0.1618962822799457,0.1553246950925545,0.2235599537177034,0.75,-48.125,0
Brazil,1981,0,0,8.375,7.0,1.196,9.0,0.2194,10.0,8.0,10.0,1.057,1.867,0.2194412057549638,0.2194412057549638,0.280392514003403,0.0838505246879112,0.2106114520716288,0.875,-65.125,0
Brazil,1982,0,0,8.875,6.625,1.34,8.0,0.2028,10.0,8.0,8.0,1.085,1.867,0.2027884281086178,0.2027884281086178,0.2596270867327601,0.0265345824986714,0.1960084238821331,1.0,-105.75,0
Brazil,1983,0,0,9.375,6.375,1.471,6.625,0.1787,8.0,9.0,7.0,1.051,2.333,0.1786675024297982,0.1786675024297982,0.1504259162323331,0.0107033968627526,0.1751299084609155,1.0,-125.75,0
Brazil,1984,0,0,8.375,6.875,1.218,8.75,0.2171,10.0,8.0,9.0,1.057,1.467,0.2170637321700384,0.2170637321700384,0.2292766533162472,0.0240780526875341,0.2102162100929313,1.0,-70.25,0
Brazil,1985,0,0,7.375,7.0,1.054,10.375,0.2601,11.0,7.0,11.0,1.065,0.867,0.2601187253820873,0.2601187253820873,0.3422045079374179,0.4757921120349454,0.2338536202880456,0.375,-19.25,0
Brazil,1986,0,0,6.375,7.75,0.823,12.125,0.2988,13.0,6.0,13.0,1.075,1.0,0.2987979519503291,0.2987979519503291,0.6542061551098762,0.0923961697914323,0.3120380540708871,0.0,76.125,0
Brazil,1987,0,0,8.375,6.875,1.218,8.75,0.2171,10.0,8.0,9.0,1.057,1.467,0.2170637321700384,0.2170637321700384,0.2188744776949612,0.0240780526875341,0.2102162100929313,1.0,-70.25,0
Brazil,1988,0,0,8.375,6.875,1.218,8.75,0.2171,10.0,8.0,9.0,1.057,1.467,0.2170637321700384,0.2170637321700384,0.2205161535578954,0.0240780526875341,0.2102162100929313,1.0,-70.25,0
Brazil,1989,0,0,9.375,6.625,1.415,7.0,0.1808,9.0,9.0,8.0,1.051,1.867,0.1807833104091817,0.1807833104091817,0.1533550949050341,0.0127140997030745,0.1771206453137488,1.0,-120.0,0
Brazil,1990,0,0,9.375,5.875,1.596,5.688,0.1711,7.0,9.0,5.5,1.051,1.367,0.1711283608331278,0.1711283608331278,0.0125372372034179,0.0036030153010945,0.1708352086004906,1.0,-140.375,0
Brazil,1991,0,0,9.375,5.875,1.596,5.688,0.1711,7.0,9.0,5.5,1.051,1.367,0.1711283608331278,0.1711283608331278,0.0991887005144735,0.0036030153010945,0.1708352086004906,1.0,-140.375,0
Brazil,1992,0,0,9.375,5.875,1.596,5.688,0.1711,7.0,9.0,5.5,1.051,1.367,0.1711283608331278,0.1711283608331278,0.1275783281519813,0.0036030153010945,0.1708352086004906,1.0,-140.375,0
Brazil,1993,0,0,9.375,5.875,1.596,5.688,0.1711,7.0,9.0,5.5,1.051,1.367,0.1711283608331278,0.1711283608331278,0.0793024860362242,0.0036030153010945,0.1708352086004906,1.0,-140.375,0
Brazil,1994,0,0,8.375,6.875,1.218,8.75,0.2171,10.0,8.0,9.0,1.057,1.467,0.2170637321700384,0.2170637321700384,0.2163834465912838,0.0240780526875341,0.2102162100929313,1.0,-70.25,0
Brazil,1995,0,0,6.125,7.875,0.778,12.625,0.3124,13.0,6.0,13.0,1.056,0.733,0.3124133867436093,0.3124133867436093,0.1319223052483398,0.0654407617897726,0.3239138823274792,0.0,98.25,0
Brazil,1996,0,0,6.125,7.875,0.778,12.625,0.3124,13.0,6.0,13.0,1.056,0.733,0.3124133867436093,0.3124133867436093,0.1089763233853807,0.0654407617897726,0.3239138823274792,0.0,98.25,0
Brazil,1997,0,0,5.125,8.125,0.631,14.125,0.3661,14.0,5.0,14.0,1.067,0.467,0.3661174517745983,0.3661174517745983,0.2270857731698004,0.0376643925100429,0.3787739560783796,0.0,174.625,0
Brazil,1998,0,0,5.125,8.125,0.631,14.125,0.3661,14.0,5.0,14.0,1.067,0.467,0.3661174517745983,0.3661174517745983,0.1811456903468422,0.0376643925100429,0.3787739560783796,0.0,174.625,0
Brazil,1999,0,0,6.375,7.875,0.81,12.25,0.2988,13.0,6.0,13.0,1.075,1.2,0.2987979519503291,0.2987979519503291,0.4531086567347323,0.0821688540819451,0.3115958226794928,0.0,82.25,0
Brazil,2000,0,0,6.125,7.875,0.778,12.625,0.3124,13.0,6.0,13.0,1.056,0.733,0.3124133867436093,0.3124133867436093,0.0809227497477497,0.0654407617897726,0.3239138823274792,0.0,98.25,0
Brazil,2001,0,0,6.125,7.875,0.778,12.625,0.3124,13.0,6.0,13.0,1.056,0.733,0.3124133867436093,0.3124133867436093,0.0809227497477497,0.0654407617897726,0.3239138823274792,0.0,98.25,0
Brazil,2002,0,0,7.125,7.875,0.905,11.5,0.2692,12.0,7.0,12.0,1.048,1.067,0.2692486390017943,0.2692486390017943,0.0519903167141038,0.0021108298764703,0.2711186131578327,0.125,42.875,0
Brazil,2003,0,0,5.125,8.25,0.621,14.875,0.3848,15.0,5.0,15.0,1.067,0.6,0.3847912091218664,0.3847912091218664,0.1534230236958173,0.0152169587400075,0.3907943551231657,0.0,193.25,0
Brazil,2004,0,0,4.125,8.5,0.485,16.25,0.4461,16.0,4.0,17.0,1.083,0.133,0.4461465967022291,0.4461465967022291,0.1577550368788775,0.0141388025906118,0.4539259502766429,0.0,275.375,0
Brazil,2005,0,0,4.125,8.5,0.485,16.25,0.4461,16.0,4.0,17.0,1.083,0.133,0.4461465967022291,0.4461465967022291,0.0917677527504871,0.0141388025906118,0.4539259502766429,0.0,275.375,0
Brazil,2006,0,0,4.125,8.5,0.485,16.25,0.4461,16.0,4.0,17.0,1.083,0.133,0.4461465967022291,0.4461465967022291,0.0655033091062902,0.0141388025906118,0.4539259502766429,0.0,275.375,0
Brazil,2007,0,0,5.125,8.5,0.603,15.125,0.3848,15.0,5.0,16.0,1.067,0.467,0.3847912091218664,0.3847912091218664,0.0929366907567598,0.0178753862639924,0.3914342203743278,0.0,209.25,0
Brazil,2008,0,0,5.125,8.5,0.603,15.125,0.3848,15.0,5.0,16.0,1.067,0.467,0.3847912091218664,0.3847912091218664,0.0547471678982194,0.0178753862639924,0.3914342203743278,0.0,209.25,0
Brazil,2009,0,0,5.125,8.5,0.603,15.125,0.3848,15.0,5.0,16.0,1.067,0.467,0.3847912091218664,0.3847912091218664,0.0362116942357775,0.0178753862639924,0.3914342203743278,0.0,209.25,0
Brazil,2010,0,0,4.125,8.5,0.485,16.375,0.4503,16.0,4.0,17.0,1.083,0.333,0.4503064141761768,0.4503064141761768,0.0416927056561432,0.0156122392938946,0.4592489305915903,0.0,280.375,0
Brazil,2011,0,0,4.125,8.5,0.485,16.375,0.4503,16.0,4.0,17.0,1.083,0.333,0.4503064141761768,0.4503064141761768,0.0375514042717626,0.0156122392938946,0.4592489305915903,0.0,280.375,0
Brazil,2012,0,0,5.125,8.5,0.603,15.125,0.3848,15.0,5.0,16.0,1.067,0.467,0.3847912091218664,0.3847912091218664,0.0231259508023797,0.0178753862639924,0.3914342203743278,0.0,209.25,0
Brazil,2013,1,0,6.875,7.875,0.873,12.375,0.2935,14.0,6.0,12.0,1.111,1.4,0.2935395794559698,0.2935395794559698,0.4231071133038208,0.0402499743010487,0.3066773980628123,0.125,63.875,0
Brazil,2014,1,0,6.125,8.0,0.766,13.625,0.335,14.0,6.0,14.0,1.056,0.733,0.3349802038524374,0.3349802038524374,0.1107904928940909,0.0147243333629752,0.340988884080675,0.0,116.125,1
Brazil,2015,1,0,8.375,6.875,1.218,8.75,0.2171,10.0,8.0,9.0,1.057,1.467,0.2170637321700384,0.2170637321700384,0.4690659066337376,0.0240780526875341,0.2102162100929313,1.0,-70.25,1
Brazil,2016,0,1,9.25,6.5,1.423,6.75,0.1801,8.0,9.0,6.0,1.074,1.467,0.1801128250379804,0.1801128250379804,0.391469173340783,0.023694126673294,0.1730336140200236,1.0,-114.0,1
Brazil,2017,0,0,8.375,6.875,1.218,8.75,0.2171,10.0,8.0,9.0,1.057,1.467,0.2170637321700384,0.2170637321700384,0.3148730497324212,0.0240780526875341,0.2102162100929313,1.0,-70.25,0
Brazil,2018,0,0,8.375,6.875,1.218,8.75,0.2171,10.0,8.0,9.0,1.057,1.467,0.2170637321700384,0.2170637321700384,0.2212019799759219,0.0240780526875341,0.2102162100929313,1.0,-70.25,0
Brazil,2019,0,0,7.125,7.625,0.934,11.375,0.2721,11.0,7.0,12.0,1.048,0.867,0.2720565213709685,0.2720565213709685,0.27448216666663,0.1407675726500314,0.2715633225579406,0.125,29.75,0
Brazil,2020,0,0,8.875,7.125,1.246,8.625,0.2049,9.0,9.0,11.0,1.085,2.333,0.2048567781039816,0.2048567781039816,0.3222995637664442,0.1423998048649927,0.1927848769284065,0.75,-83.5,0
Brazil,2021,0,0,8.875,7.125,1.246,8.625,0.2049,9.0,9.0,11.0,1.085,2.333,0.2048567781039816,0.2048567781039816,0.2484348671919773,0.1423998048649927,0.1927848769284065,0.75,-83.5,0
Brazil,2022,0,0,7.125,7.625,0.934,11.375,0.2721,11.0,7.0,12.0,1.048,0.867,0.2720565213709685,0.2720565213709685,0.2419171710790117,0.1407675726500314,0.2715633225579406,0.125,29.75,0
Brazil,2023,0,0,6.25,8.0,0.781,13.375,0.3263,14.0,6.0,14.0,1.022,0.333,0.326269928336337,0.326269928336337,0.4476898295349291,0.0283372828213805,0.3372945171707451,0.0,108.25,0
Brazil,2024,0,0,7.125,7.875,0.905,11.875,0.2775,13.0,7.0,12.0,1.048,1.133,0.2774651434716652,0.2774651434716652,0.0771044191853621,0.0042676474027004,0.2807723168645805,0.125,45.875,0
Brazil,2025,0,0,7.125,7.875,0.905,11.875,0.2775,13.0,7.0,12.0,1.048,1.133,0.2774651434716652,0.2774651434716652,0.0693759707924165,0.0042676474027004,0.2807723168645805,0.125,45.875,0
Canada,1900,0,0,3.125,6.25,0.5,12.375,0.3953,13.0,3.0,14.0,1.111,0.867,0.395253494001604,0.395253494001604,,0.0393483399522327,0.4105808779214226,0.0,117.0,0
Canada,1901,0,0,3.4,6.625,0.513,12.412,0.3788,13.1,3.0,13.1,0.969,-0.247,0.3787627666092472,0.3787627666092472,,0.0723959389582197,0.4049269810854076,0.0,123.0,0
Canada,1902,0,0,5.875,5.75,1.022,8.362,0.2495,9.0,5.0,8.9,1.131,1.647,0.249477311427139,0.249477311427139,,0.4912550300168258,0.2221768980955729,0.25,-1.25,0
Canada,1903,0,0,6.975,5.85,1.192,6.225,0.1849,6.3,6.2,6.1,1.101,2.44,0.18493485988714,0.18493485988714,,0.0928899548415012,0.1790331039583774,0.75,-20.575000000000003,0
Canada,1904,0,0,4.775,5.375,0.888,8.6,0.272,9.5,4.0,9.5,1.101,1.333,0.2719701512171717,0.2719701512171717,,0.1904909923811821,0.2991618281952149,0.125,19.0,0
Canada,1905,0,0,4.75,6.0,0.792,9.675,0.2887,11.0,4.0,9.5,1.212,1.24,0.2886777790393529,0.2886777790393529,0.1737449009241353,0.0630264176869301,0.3055339995557237,0.125,44.1,0
Canada,1906,0,0,7.95,4.125,1.927,2.05,0.13,4.5,7.0,2.6,1.183,3.653,0.1299598824640974,0.1299598824640974,0.5681504458052619,0.0133754106661465,0.1344465309065571,1.0,-55.510999999999996,0
Canada,1907,0,0,5.75,5.5,1.045,7.938,0.2438,8.5,5.0,8.7,1.071,0.433,0.2437727660446791,0.2437727660446791,0.3657466246511989,0.4096214149822432,0.2133267312224891,0.25,-3.7499999999999996,0
Canada,1908,0,0,3.875,6.625,0.585,12.525,0.3785,13.5,3.0,13.0,1.053,0.573,0.3785085716840061,0.3785085716840061,0.2608948289845073,0.0213679387454787,0.3919122673056885,0.0,115.0,0
Canada,1909,0,0,3.525,6.875,0.513,13.1,0.397,14.5,3.0,13.0,0.916,-0.107,0.3970281783316607,0.3970281783316607,0.2258049516268837,0.0475424475540803,0.4225117403754048,0.0,142.0,0
Canada,1910,0,0,3.525,6.75,0.522,12.725,0.3877,14.5,3.0,11.8,0.916,-0.173,0.3877169354802562,0.3877169354802562,0.5375655800727143,0.059704633627342,0.4207006271677101,0.0,135.225,0
Canada,1911,0,0,2.75,7.125,0.386,15.0,0.4835,17.0,2.0,14.5,1.154,0.533,0.4834669801925169,0.4834669801925169,0.0844298686528569,0.0231915483273716,0.5006853440459537,0.0,224.75,0
Canada,1912,0,0,5.375,6.75,0.796,10.438,0.2888,10.0,5.0,7.8,0.857,-0.847,0.2887714877506367,0.2887714877506367,1.2689344939584075,0.1959870952101722,0.3482724170495844,0.375,58.025,0
Canada,1913,0,0,5.8,5.875,0.987,8.362,0.2479,10.0,5.0,7.3,1.285,2.927,0.2479113861191821,0.2479113861191821,0.9372184007539326,0.265258550900836,0.271464889705917,0.375,10.844999999999999,0
Canada,1914,0,0,6.2,5.85,1.06,7.712,0.2285,9.0,6.0,7.0,1.071,1.46,0.2284824391409629,0.2284824391409629,0.6443640121339754,0.0738463954832312,0.2232364130895996,0.5,-5.500000000000002,0
Canada,1915,0,0,5.5,5.875,0.936,9.25,0.2774,13.0,4.0,9.5,1.267,3.6,0.277441082863589,0.277441082863589,0.0410281640806904,0.413226653792468,0.3488600072347262,0.125,26.125,0
Canada,1916,0,0,4.375,6.75,0.648,11.938,0.3467,12.5,4.0,11.0,1.111,0.7,0.3467030130368155,0.3467030130368155,0.3191371244428921,0.0970350472866949,0.3818330472760691,0.0,105.75,0
Canada,1917,0,0,5.65,6.0,0.942,9.225,0.2706,11.5,5.0,9.0,1.123,2.333,0.2705974038541014,0.2705974038541014,0.3015453833445534,0.1135073591973939,0.2903993982406243,0.25,21.475,0
Canada,1918,0,0,6.45,5.875,1.098,7.588,0.2222,9.5,6.0,5.6,0.988,1.313,0.222219368554121,0.222219368554121,1.1269848114348568,0.3198726031062427,0.193006291493107,0.5,-11.844999999999997,0
Canada,1919,0,0,3.625,7.125,0.509,13.625,0.4084,14.5,3.0,13.5,1.019,0.733,0.408417383622183,0.408417383622183,0.3660850626928493,0.0279908923813676,0.4229436807478554,0.0,165.375,0
Canada,1920,0,0,4.625,7.125,0.649,12.25,0.3419,13.5,4.0,11.0,1.014,0.4,0.3418624950468188,0.3418624950468188,0.3753343489474773,0.0723214801285161,0.3689139956927014,0.0,111.875,0
Canada,1921,0,0,6.525,5.875,1.111,7.638,0.2242,10.0,5.0,6.1,1.176,2.407,0.224232102739664,0.224232102739664,1.0547656153757237,0.0869758013717389,0.2239742399618712,0.75,-12.125000000000002,0
Canada,1922,0,0,4.625,6.875,0.673,11.562,0.326,13.5,4.0,11.0,1.136,1.967,0.3260151431371956,0.3260151431371956,0.5244150115785523,0.0910225586713961,0.3609795836168937,0.0,93.75,0
Canada,1923,0,0,4.125,7.125,0.579,13.125,0.3806,14.0,4.0,13.5,0.952,0.2,0.3805947807011294,0.3805947807011294,0.2175469740522291,0.0201244056552503,0.3910877106225958,0.0,139.25,0
Canada,1924,0,0,5.825,6.625,0.879,9.238,0.2523,11.5,5.0,7.8,1.068,1.02,0.2522861931050882,0.2522861931050882,0.9957377000430196,0.3171774339662053,0.3078542003743726,0.25,33.5,0
Canada,1925,0,0,7.0,5.85,1.197,6.7,0.2,9.5,6.0,6.6,1.128,2.613,0.2000014605314143,0.2000014605314143,0.9494557011711844,0.2007051466608443,0.1634598967503076,0.75,-24.345,0
Chile,1900,0,0,3.8,5.75,0.661,10.3,0.3282,11.8,3.0,9.2,1.349,3.093,0.328168627352476,0.328168627352476,,0.1109271669201852,0.3760435767502479,0.125,76.303,0
Chile,1901,0,0,3.7,5.825,0.635,10.4,0.3295,11.6,3.0,9.5,1.305,2.933,0.3294581446984512,0.3294581446984512,,0.1010667099632286,0.3747762522173321,0.125,78.866,0
Chile,1902,0,0,3.575,5.725,0.624,10.45,0.3366,11.6,3.0,8.8,1.389,3.12,0.3365626698991116,0.3365626698991116,,0.097660780800469,0.3825186748822166,0.125,80.368,0
Chile,1903,0,0,3.775,5.8,0.651,10.325,0.3278,11.4,3.2,9.2,1.294,2.867,0.3277823473302383,0.3277823473302383,,0.0875619393331993,0.3686197728533275,0.125,75.616,0
Chile,1904,0,0,3.55,5.775,0.615,10.6,0.3407,11.8,2.8,9.0,1.368,2.72,0.3406513149495559,0.3406513149495559,,0.0816884882575944,0.3820166674155137,0.125,80.35,0
Chile,1905,0,0,3.975,5.85,0.679,10.162,0.3181,11.6,3.0,8.4,1.278,2.873,0.3181258271445751,0.3181258271445751,0.3346452341986352,0.1144073749765716,0.3630612483601176,0.125,71.105,0
Chile,1906,0,0,3.775,5.775,0.654,10.35,0.3291,12.2,3.0,8.2,1.193,2.213,0.3290865900582465,0.3290865900582465,0.5209204999051893,0.139535030382788,0.3838274516354509,0.125,75.93400000000001,0
Chile,1907,0,0,5.3,5.625,0.942,8.238,0.2545,10.8,4.0,7.7,1.253,3.847,0.2545150517300609,0.2545150517300609,1.0061301926573696,0.2429277293861813,0.2763344758177665,0.25,25.09,0
Chile,1908,0,0,3.925,5.775,0.68,10.238,0.3235,11.4,3.0,8.0,1.147,2.087,0.3235436145402657,0.3235436145402657,0.2329247873824007,0.158987981395146,0.3772953906966537,0.125,72.491,0
Chile,1909,0,0,3.75,5.75,0.652,10.212,0.3251,11.4,3.0,8.6,1.31,2.633,0.3250734582467538,0.3250734582467538,0.2036019418155606,0.1096253675147568,0.3755210843365145,0.125,75.00999999999999,0
Chile,1910,0,0,3.7,5.8,0.638,10.488,0.3347,12.2,3.0,8.9,1.27,2.593,0.3347194984264806,0.3347194984264806,0.2731349187407651,0.1043366210585772,0.3794700414621328,0.125,78.68299999999999,0
Chile,1911,0,0,3.7,5.7,0.649,10.35,0.3334,12.2,3.0,8.9,1.341,2.96,0.333389411440352,0.333389411440352,0.2368433302624966,0.093802556383512,0.375880897326746,0.125,75.845,0
Chile,1912,0,0,3.75,5.725,0.655,10.4,0.3345,11.8,3.0,8.8,1.31,2.987,0.3344756445250032,0.3344756445250032,0.1776711597545679,0.1014776697052448,0.3798129638010832,0.125,78.512,0
Chile,1913,0,0,3.7,5.775,0.641,10.5,0.3359,12.1,3.0,8.7,1.27,2.667,0.3358665642287406,0.3358665642287406,0.0782440370841989,0.1049363730781625,0.3821491536976866,0.125,78.656,0
Chile,1914,0,0,4.075,5.5,0.741,9.525,0.3075,11.8,3.0,8.1,1.456,3.56,0.3074976244390983,0.3074976244390983,0.6518224585206598,0.1052530271980864,0.3412695096147999,0.125,50.94,0
Chile,1915,0,0,4.175,5.525,0.756,9.375,0.3004,11.8,3.0,9.2,1.392,3.693,0.3003861252389844,0.3003861252389844,0.6476202257371536,0.0964333524914918,0.3354364887612934,0.125,48.935,0
Chile,1916,0,0,4.1,5.475,0.749,9.525,0.3082,11.8,3.2,9.4,1.404,3.613,0.308210061819358,0.308210061819358,0.4451943103505182,0.0837354515897609,0.3423570324486124,0.125,51.996,0
Chile,1917,0,0,4.425,5.45,0.812,9.2,0.2961,12.0,3.2,7.9,1.505,4.107,0.2960889429164735,0.2960889429164735,0.4977815729573983,0.1247516687999312,0.3375410647059414,0.375,41.61,0
Chile,1918,0,0,4.6,5.4,0.852,8.612,0.277,11.8,3.0,7.1,1.431,4.18,0.277019754092549,0.277019754092549,0.8010405522809463,0.1889254501092689,0.3277316036902039,0.375,32.285999999999994,0
Chile,1919,0,0,5.075,5.35,0.949,7.95,0.2548,9.9,4.0,7.2,1.381,4.027,0.2548341404193908,0.2548341404193908,0.4248717047561186,0.1206832565243362,0.2631754663316867,0.375,15.184,0
Chile,1920,0,0,5.1,5.375,0.949,8.05,0.2575,10.0,4.0,7.4,1.342,4.027,0.2574990293653522,0.2574990293653522,0.2806570800527544,0.0662637936347189,0.2696789160910216,0.5,14.83,0
Chile,1921,0,0,5.0,5.45,0.917,8.112,0.257,10.2,4.0,8.0,1.336,3.967,0.256952925432992,0.256952925432992,0.1634770627879467,0.1527004508390036,0.2686080293008653,0.25,20.091,0
Chile,1922,0,0,5.275,5.375,0.981,7.45,0.2385,9.6,4.0,5.5,1.289,3.493,0.2384803525182835,0.2384803525182835,0.4415334650755684,0.0760242435605712,0.2447192794314225,0.375,10.014999999999995,0
Chile,1923,0,0,5.4,5.35,1.009,7.3,0.2343,8.9,4.2,6.3,1.237,3.093,0.2343300149849769,0.2343300149849769,0.3935323787275318,0.0813515129032615,0.2310200013522788,0.375,5.103,0
Chile,1924,0,0,6.125,5.25,1.167,6.288,0.2067,7.6,5.0,3.3,0.968,1.26,0.2067375725937928,0.2067375725937928,0.8135187065620764,0.1663244592208632,0.1876424099070966,0.75,-16.429000000000002,0
Chile,1925,0,0,4.95,5.25,0.943,8.025,0.2614,9.0,4.0,7.4,1.178,2.813,0.261374706495541,0.261374706495541,0.9220615885850004,0.1007998386496356,0.271142745847918,0.375,12.329999999999998,0
Chile,1926,0,0,4.5,5.375,0.837,8.55,0.2752,9.1,4.0,8.4,1.218,2.587,0.275192094733718,0.275192094733718,0.6401297456373523,0.1406634743950209,0.2865824531827391,0.125,26.633000000000003,0
Chile,1927,0,0,4.925,5.5,0.895,8.375,0.2601,7.3,5.0,9.6,1.047,1.507,0.260129552878259,0.260129552878259,1.20700954455972,0.1659259118361875,0.295973977073195,0.5,20.820999999999998,0
Chile,1928,0,0,4.225,5.625,0.751,9.325,0.2902,8.6,4.0,11.9,1.068,1.907,0.2902062106486602,0.2902062106486602,1.5524731492198327,0.1664497166770301,0.3328698388196196,0.125,43.94500000000001,0
Chile,1929,0,0,4.075,6.125,0.665,10.162,0.3034,9.8,4.0,12.5,1.023,1.54,0.3034288008655467,0.3034288008655467,1.2927624025243762,0.1256079760035855,0.3387649460774263,0.0,64.531,0
Chile,1930,0,0,5.75,5.15,1.117,6.962,0.2264,7.5,4.8,8.6,1.194,3.247,0.226367859496566,0.226367859496566,1.0221334394267996,0.2470028477821516,0.2109896556138172,0.5,-8.217000000000002,0
Chile,1931,0,0,7.425,4.125,1.8,2.6,0.1439,5.8,6.0,1.1,1.228,3.627,0.1439299519593349,0.1439299519593349,0.8454348315316652,0.0656740885531919,0.1300070041981492,1.0,-46.553999999999995,0
Chile,1932,0,0,7.2,4.15,1.735,3.012,0.1522,5.0,6.0,1.8,1.092,2.633,0.1521934661301849,0.1521934661301849,0.6625988188048856,0.024410166279676,0.1461374228013268,1.0,-49.019999999999996,0
Chile,1933,0,0,4.85,4.9,0.99,7.462,0.2528,8.7,3.8,8.4,1.246,2.713,0.2527540145875119,0.2527540145875119,0.9648776222377022,0.1107257747511482,0.2575465337772715,0.375,6.986,0
Chile,1934,0,0,4.725,4.9,0.964,7.712,0.2609,8.2,4.2,8.3,1.146,2.26,0.2608507966297742,0.2608507966297742,1.0074557222387897,0.1034557593209042,0.2643179500282206,0.25,9.846000000000002,0
Chile,1935,0,0,3.95,5.2,0.76,9.05,0.2999,9.3,3.6,10.4,1.326,3.333,0.2999221294663963,0.2999221294663963,0.5724572208024467,0.0488754612661683,0.3203399614765327,0.125,40.80500000000001,0
Chile,1936,0,0,4.05,5.375,0.753,8.988,0.2906,9.0,3.8,10.0,1.206,2.7,0.2906306254503299,0.2906306254503299,0.4407090949108079,0.0336982255614835,0.3085183302539221,0.125,40.13700000000001,0
Chile,1937,0,0,3.675,5.6,0.656,9.925,0.319,11.1,3.0,10.2,1.285,2.387,0.3190056954687845,0.3190056954687845,0.2974148749283983,0.0863122085451916,0.3480650252762864,0.0,58.265,0
Chile,1938,0,0,3.85,5.45,0.706,9.875,0.324,12.1,3.0,10.9,1.318,2.84,0.3239935578494193,0.3239935578494193,0.5500742723575924,0.1391001702713201,0.3670092819417702,0.0,54.97,0
Chile,1939,0,0,4.0,5.65,0.708,9.925,0.3175,11.7,3.2,10.5,1.201,2.867,0.3174611204586179,0.3174611204586179,0.2360738296831447,0.120577551694271,0.3499177039179407,0.0,54.92999999999999,0
Chile,1940,0,0,3.75,5.675,0.661,10.425,0.3366,12.1,3.0,11.5,1.275,3.347,0.336634808559773,0.336634808559773,0.3222727618373272,0.0960886496103913,0.3713732844643388,0.0,68.415,0
Chile,1941,0,0,3.75,5.825,0.644,10.45,0.3329,12.3,2.6,11.3,1.31,2.853,0.3328608272851092,0.3328608272851092,0.2077838382402672,0.0933722187831979,0.3643098076441786,0.0,70.008,0
Chile,1942,0,0,3.775,5.825,0.648,10.488,0.3333,12.3,3.0,11.1,1.294,2.593,0.3332574462514808,0.3332574462514808,0.2147201621770967,0.0980510385456264,0.3612111350555211,0.0,69.479,0
Chile,1943,0,0,3.75,5.825,0.644,10.488,0.3336,12.2,3.0,11.2,1.31,3.073,0.3335900838413287,0.3335900838413287,0.1655282767039679,0.0959516189853482,0.3658933564110687,0.0,71.1,0
Chile,1944,0,0,3.775,5.85,0.645,10.562,0.3348,11.6,3.2,11.2,1.26,2.34,0.3348471547972541,0.3348471547972541,0.3207217792163703,0.0789070465048913,0.3592217815219568,0.0,70.425,0
Chile,1945,0,0,3.725,5.95,0.626,10.75,0.3381,12.2,2.8,11.0,1.29,2.693,0.3380625706346944,0.3380625706346944,0.2052322448146838,0.1047386407211241,0.3696545005549782,0.0,77.086,0
Chile,1946,0,0,3.75,5.775,0.649,10.587,0.3388,12.2,2.8,10.9,1.275,2.113,0.3387656516235108,0.3387656516235108,0.296037397667892,0.0765871229002499,0.364059742729886,0.0,68.876,0
Chile,1947,0,0,4.0,5.875,0.681,10.125,0.3145,12.2,3.2,10.9,1.111,2.333,0.3145033273668773,0.3145033273668773,0.2770970037730244,0.0836476825330881,0.3396973781612171,0.0,60.346000000000004,0
Chile,1948,0,0,4.5,5.75,0.783,9.175,0.2831,10.1,4.0,9.8,1.061,2.04,0.2830950685846204,0.2830950685846204,0.4900278929605818,0.0419022466020164,0.2983244801278303,0.125,39.01,0
Chile,1949,0,0,4.35,5.775,0.753,9.538,0.2956,11.1,3.6,10.6,1.095,2.087,0.2956170484944227,0.2956170484944227,0.3754544128831249,0.0691816693612149,0.3185361010309822,0.125,45.186,0
Chile,1950,0,0,3.85,5.8,0.664,10.3,0.3248,11.8,3.0,11.3,1.25,2.88,0.3247899641630476,0.3247899641630476,0.2335877861956936,0.0844193947064331,0.3540638190404853,0.0,64.369,0
Chile,1951,0,0,3.85,5.8,0.664,10.262,0.3232,11.8,3.2,11.1,1.217,2.713,0.3232072235865897,0.3232072235865897,0.3203993097436518,0.0775433160153656,0.3510921699509123,0.0,63.83,0
Chile,1952,0,0,3.925,5.675,0.692,9.788,0.3107,12.1,3.0,7.9,1.178,2.167,0.3107256290632494,0.3107256290632494,0.9352652102155762,0.1506157374665854,0.355384810181808,0.0,55.83,0
Chile,1953,0,0,4.75,5.325,0.892,8.362,0.2706,11.8,3.4,7.3,1.239,2.607,0.2706423618153326,0.2706423618153326,0.9300934875868574,0.3427404869242405,0.3372701122774084,0.375,23.719,0
Chile,1954,0,0,4.7,5.325,0.883,8.35,0.2705,11.9,3.0,7.5,1.317,3.013,0.2704901085641336,0.2704901085641336,0.5971279892296324,0.3063549375750343,0.3380081616045746,0.5,24.574,0
Chile,1955,0,0,4.75,5.2,0.913,8.288,0.2728,12.0,2.8,7.5,1.349,3.02,0.2727639181493492,0.2727639181493492,0.4949230293981438,0.2515173748583316,0.329661309199071,0.375,21.049999999999997,0
Chile,1956,0,0,4.725,5.175,0.913,8.212,0.2712,11.7,3.0,7.4,1.333,2.953,0.2712144475666533,0.2712144475666533,0.4490535772041496,0.2456473655495722,0.3228603546140908,0.375,20.319999999999997,0
Chile,1957,0,0,4.675,5.25,0.89,8.312,0.2721,12.3,2.8,7.1,1.246,2.847,0.2720933478201706,0.2720933478201706,0.1766956936713421,0.3256783136330023,0.3419559275327571,0.375,26.107,0
Chile,1958,0,0,4.175,5.45,0.766,9.225,0.2987,12.1,2.8,8.4,1.326,2.92,0.2986651075730877,0.2986651075730877,0.751552966207394,0.3025682543390702,0.373573323286531,0.0,42.899000000000015,0
Chile,1959,0,0,3.725,5.85,0.637,10.838,0.346,11.8,3.0,10.8,1.255,1.927,0.3459772781688077,0.3459772781688077,0.4637598254347516,0.0778462882548636,0.3701049757889603,0.0,75.035,0
Chile,1960,0,0,4.05,5.975,0.678,10.6,0.3285,11.5,3.4,10.2,1.117,1.707,0.3285058438344373,0.3285058438344373,0.3576641619682424,0.0983299410241604,0.3566542128998911,0.0,68.315,0
Chile,1961,0,0,3.75,5.825,0.644,10.762,0.3438,11.8,3.2,10.8,1.275,2.287,0.3438372478157203,0.3438372478157203,0.3236293597265287,0.0765395685938468,0.369366933464267,0.125,74.237,0
Chile,1962,0,0,3.775,5.9,0.64,10.738,0.3398,12.4,2.8,10.8,1.294,2.033,0.3398153349836443,0.3398153349836443,0.482466783772581,0.0904910544641246,0.3683761024018738,0.0,74.197,0
Chile,1963,0,0,3.625,5.975,0.607,10.95,0.3467,12.7,2.8,11.0,1.28,2.213,0.3467023913914216,0.3467023913914216,0.3078601070174063,0.0946795804196503,0.3783930389030391,0.0,82.58900000000001,0
Chile,1964,0,0,3.725,6.15,0.606,11.25,0.3516,12.9,3.0,11.7,1.29,2.267,0.351625545265984,0.351625545265984,0.2432655124087926,0.0843159015147335,0.3814989877979123,0.0,90.99000000000001,0
Chile,1965,0,0,3.95,6.175,0.64,11.288,0.3508,13.7,3.0,12.8,1.165,2.433,0.3508176966990795,0.3508176966990795,0.503078264138367,0.1198447697056651,0.3967289835564468,0.125,92.365,0
Chile,1966,0,0,3.975,6.2,0.641,11.262,0.3474,13.5,3.2,12.8,1.183,2.5,0.3473644869452555,0.3473644869452555,0.3505371534833901,0.1223530541658899,0.384738614036209,0.0,89.109,0
Chile,1967,0,0,3.95,6.075,0.65,11.05,0.3456,13.5,3.0,11.4,1.259,2.693,0.3456078845274447,0.3456078845274447,0.202866144741437,0.1177266889761711,0.3875942319653151,0.125,85.098,0
Chile,1968,0,0,4.35,6.125,0.71,10.462,0.3188,13.3,3.2,10.3,1.095,1.86,0.3187917284135393,0.3187917284135393,0.4013403798954267,0.1606699312996715,0.3550729758142917,0.0,65.701,0
Chile,1969,0,0,4.525,6.15,0.736,10.425,0.3141,13.2,3.0,10.5,1.127,1.8,0.3141239165593102,0.3141239165593102,0.2017215718391826,0.1334352974620402,0.3484801793716667,0.125,62.49,0
Chile,1970,1,0,5.45,5.975,0.912,8.8,0.2641,12.3,4.2,8.8,0.966,1.12,0.2641181383226017,0.2641181383226017,0.5023708796917664,0.1051263572733529,0.2803706317953115,0.375,22.766999999999996,0
Chile,1971,1,0,5.55,5.85,0.949,8.35,0.2546,12.5,4.0,8.9,1.034,1.52,0.2546369564605249,0.2546369564605249,0.5261700072637434,0.1773146454980552,0.2662518376777872,0.25,20.69,1
Chile,1972,1,0,7.275,5.075,1.433,5.038,0.1815,9.0,5.8,4.7,1.043,2.193,0.1814760142246581,0.1814760142246581,1.4866787275268956,0.0974842204416722,0.1665123243823269,0.875,-48.642999999999994,1
Chile,1973,0,1,8.3,4.9,1.694,2.525,0.1279,2.8,8.0,1.9,0.994,2.173,0.1278990998412018,0.1278990998412018,0.6506758677946461,0.0172765306771016,0.1282015964209221,1.0,-54.43299999999999,1
Chile,1974,0,0,7.025,5.1,1.377,4.312,0.1549,3.0,7.4,6.7,1.01,2.1,0.1548663196898507,0.1548663196898507,0.5146078733018099,0.0631566894183384,0.139504662873549,1.0,-24.171000000000003,0
Chile,1975,0,0,6.575,5.15,1.277,5.212,0.1754,4.7,6.2,8.5,1.073,2.473,0.1753549450034789,0.1753549450034789,0.431181523997874,0.0508944912989466,0.1701204141814213,0.75,-17.839,0
Chile,1976,0,0,5.45,5.35,1.019,7.137,0.2214,5.8,5.2,10.8,1.065,2.087,0.2213837274843914,0.2213837274843914,1.0244102970079665,0.1416745806286778,0.2412542885170252,0.375,12.251999999999999,0
Chile,1977,0,0,5.35,5.475,0.977,7.262,0.2219,5.8,5.2,10.9,1.035,1.967,0.2218963485494678,0.2218963485494678,0.8089128071607375,0.1513531951821634,0.2497886169076361,0.375,17.55,0
Chile,1978,0,0,5.075,5.725,0.886,7.888,0.2358,5.9,5.0,12.3,1.107,2.167,0.235822057175425,0.235822057175425,0.877526751216847,0.1495715281276655,0.2811709147090598,0.375,33.78800000000001,0
Chile,1979,0,0,4.15,5.875,0.706,9.663,0.2912,8.5,4.0,12.2,1.046,1.487,0.291172849333996,0.291172849333996,1.1793402240111177,0.1495190612552926,0.3660498904828181,0.25,67.209,0
Chile,1980,0,0,4.1,6.025,0.68,10.125,0.3057,8.9,4.0,13.1,1.04,1.16,0.3056564611132039,0.3056564611132039,0.8538773828775996,0.1600289045751654,0.383457624710399,0.25,78.65,0
Chile,1981,0,0,4.275,6.05,0.707,9.988,0.2974,8.8,4.0,12.7,1.1,1.42,0.2973987444807136,0.2973987444807136,0.6272366972368378,0.1352964108836074,0.3581864725147954,0.25,70.05199999999999,0
Chile,1982,0,0,6.975,4.8,1.453,4.65,0.1729,7.6,5.0,7.8,1.276,5.467,0.1728833442569686,0.1728833442569686,0.8255539793012758,0.0975792600180821,0.1611309190073336,0.75,-30.53,0
Chile,1983,0,0,6.75,4.925,1.371,4.912,0.177,7.2,5.0,6.4,1.128,3.54,0.1770279591430529,0.1770279591430529,1.0726976464598172,0.1453406188680096,0.1564872075154021,0.875,-30.972,0
Chile,1984,0,0,5.75,5.2,1.106,6.975,0.2243,7.8,5.0,8.6,1.131,2.947,0.2243031802356708,0.2243031802356708,1.2150408310528331,0.151847583875874,0.2084014204963943,0.5,-7.573999999999998,0
Chile,1985,0,0,5.25,5.525,0.95,7.938,0.2445,7.9,5.0,8.8,1.047,1.66,0.2444633679241877,0.2444633679241877,0.9024352762619025,0.1753293697864335,0.2453756666227972,0.125,13.444,0
Chile,1986,0,0,5.425,5.5,0.986,7.688,0.2376,7.4,5.0,8.3,1.012,1.58,0.2376357045156485,0.2376357045156485,0.6215208085499868,0.1840207488794192,0.2269253685978546,0.25,7.459000000000001,0
Chile,1987,0,0,4.825,5.825,0.828,8.9,0.2673,9.3,4.6,8.9,1.036,2.187,0.2673381739579871,0.2673381739579871,0.5162179002350418,0.0678006390128062,0.2839561430919479,0.125,33.074000000000005,0
Chile,1988,0,0,4.6,6.125,0.751,9.95,0.2967,10.9,4.0,8.3,0.977,1.36,0.2966828793648642,0.2966828793648642,1.264463667576946,0.1249407726670063,0.3221588540885937,0.125,49.972,0
Chile,1989,0,0,3.575,6.325,0.565,11.612,0.3597,12.2,3.0,10.8,1.073,1.567,0.3596568861046891,0.3596568861046891,0.8860672784681802,0.0705023249457195,0.3880714714915408,0.0,100.92600000000002,0
Chile,1990,0,0,3.475,6.375,0.545,12.188,0.3822,13.3,2.8,12.7,1.059,1.633,0.3821608355426446,0.3821608355426446,0.7711773970608866,0.0857332581871421,0.4166302004680799,0.0,119.23,0
Chile,1991,0,0,3.125,6.625,0.472,12.962,0.406,14.7,2.8,14.2,1.111,2.127,0.4059683522724322,0.4059683522724322,0.5994500678187071,0.0470354752534318,0.4307772372095493,0.0,145.085,0
Chile,1992,0,0,3.1,6.625,0.468,13.1,0.4119,14.9,3.2,14.3,1.126,2.453,0.4118862441980649,0.4118862441980649,0.4033623332074976,0.0480790386232216,0.4377264471695551,0.0,149.583,0
Chile,1993,0,0,3.15,6.8,0.463,13.175,0.4067,14.8,3.0,14.7,1.061,1.88,0.406664349176921,0.406664349176921,0.3242271439185687,0.0452187195510467,0.4316182863480376,0.0,152.19400000000002,0
Chile,1994,0,0,3.15,6.65,0.474,12.988,0.4053,14.4,3.0,14.3,1.061,1.9,0.4053023628453975,0.4053023628453975,0.129866566123513,0.0496567660816227,0.4302358826676039,0.0,146.15,0
Chile,1995,0,0,3.1,6.675,0.464,13.038,0.4073,14.5,3.0,14.2,1.126,1.713,0.4072543536111891,0.4072543536111891,0.0831467105444027,0.0479350912575715,0.4325931121691324,0.0,148.676,0
Chile,1996,0,0,3.1,6.75,0.459,13.138,0.4083,14.3,3.0,14.5,1.126,1.927,0.4082532804124102,0.4082532804124102,0.0759899947544721,0.0459519380910503,0.4341832749691858,0.0,153.03,0
Chile,1997,0,0,3.075,6.7,0.459,13.088,0.4093,14.3,2.8,14.5,1.142,1.633,0.4092634759178046,0.4092634759178046,0.1519566590046633,0.0382960596132813,0.4326420018541588,0.0,149.54,0
Chile,1998,0,0,3.675,6.575,0.559,12.325,0.3757,14.8,2.8,13.4,1.285,2.707,0.3756974132246378,0.3756974132246378,0.6046426801196543,0.0760144145327637,0.4081569956464321,0.0,122.735,0
Chile,1999,0,0,3.7,6.625,0.558,12.312,0.3734,14.5,3.0,13.5,1.27,2.74,0.373393105998875,0.373393105998875,0.3011976385698133,0.0858905271921417,0.4081127655839093,0.0,124.63000000000001,0
Chile,2000,0,0,3.075,6.725,0.457,13.2,0.414,14.6,2.8,14.8,1.142,1.813,0.4140139802114349,0.4140139802114349,0.095488763917088,0.0410955056538056,0.4369617555882158,0.0,154.99,0
Chile,2001,0,0,3.075,6.75,0.456,13.2,0.4123,14.3,3.0,14.8,1.104,1.547,0.4122976849252064,0.4122976849252064,0.1136250617088334,0.0346111673290505,0.4328110071026409,0.0,153.515,0
Chile,2002,0,0,2.95,6.85,0.431,13.412,0.4194,15.2,2.0,14.8,1.184,1.567,0.4193535189640597,0.4193535189640597,0.1073354345920918,0.0375509663057752,0.4433279539213199,0.0,162.79500000000002,0
Chile,2003,0,0,3.0,6.9,0.435,13.538,0.4218,15.5,2.0,14.6,1.275,1.607,0.4218185922214785,0.4218185922214785,0.1265510357245151,0.0468338930142367,0.4488689127696558,0.0,168.679,0
Chile,2004,0,0,2.975,7.0,0.425,13.625,0.4218,15.1,2.2,14.5,1.25,1.48,0.4218405511204939,0.4218405511204939,0.1168496165323327,0.0468135234384953,0.4505597329646676,0.0,173.075,0
Chile,2005,0,0,3.05,6.9,0.442,13.412,0.4162,15.2,2.0,14.2,1.238,1.567,0.4162451302234847,0.4162451302234847,0.0696381708139404,0.0447255570091995,0.4435644447721718,0.0,164.18,0
Chile,2006,0,0,3.4,7.0,0.486,13.125,0.3936,14.8,3.0,13.9,1.032,1.16,0.3936190445911552,0.3936190445911552,0.1742254521192662,0.0454100005523451,0.4151459900135604,0.0,150.04999999999998,0
Chile,2007,0,0,3.075,7.0,0.439,13.438,0.4122,14.3,3.0,14.9,1.142,1.34,0.4122062461054503,0.4122062461054503,0.1053991862302632,0.0386771939755972,0.432383076220025,0.0,165.321,0
Chile,2008,0,0,3.7,6.775,0.546,12.488,0.3735,14.1,3.2,13.2,1.136,1.527,0.3734962598804352,0.3734962598804352,0.156954560572335,0.0313821874253018,0.3880408668343647,0.0,124.049,0
Chile,2009,0,0,3.9,6.75,0.578,12.25,0.3638,14.5,3.0,13.5,1.255,2.0,0.3638466247159865,0.3638466247159865,0.2016200340512905,0.0501338877957918,0.3886393004027034,0.0,118.965,0
Chile,2010,0,0,4.4,6.625,0.664,11.6,0.3383,13.3,4.0,11.9,0.976,0.96,0.3383268956120663,0.3383268956120663,0.3252363364002907,0.0608771691934183,0.3607901351469208,0.0,92.28999999999999,0
Chile,2011,0,0,4.275,6.75,0.633,11.725,0.3427,14.4,3.0,11.5,1.022,0.68,0.3427363234940793,0.3427363234940793,0.2096763396541123,0.0551630957352439,0.36667159763596,0.0,101.6,0
Chile,2012,0,0,3.625,6.775,0.535,12.588,0.3813,14.7,3.0,12.5,1.08,0.94,0.3813135144834665,0.3813135144834665,0.1472006918198722,0.0558116432655418,0.4103076621502695,0.0,133.195,0
Chile,2013,0,0,3.325,6.725,0.494,12.775,0.3938,14.2,3.0,12.8,1.07,0.92,0.3937976309572937,0.3937976309572937,0.1269092125171049,0.0406597558565684,0.4152481253313193,0.0,139.13400000000001,0
Chile,2014,0,0,3.575,6.75,0.53,12.712,0.3874,14.2,3.2,14.2,1.105,1.3,0.3873958858699426,0.3873958858699426,0.2833203075516273,0.0346725732529185,0.4043786752693851,0.0,136.416,0
Chile,2015,0,0,3.95,6.7,0.59,11.988,0.3565,14.3,3.2,11.5,1.165,1.26,0.3564792102447019,0.3564792102447019,0.2911880088002965,0.0529548399003561,0.3804030358213255,0.0,110.175,0
Chile,2016,1,0,4.0,6.475,0.618,11.575,0.3507,14.7,2.8,10.5,1.14,1.027,0.3507417607656575,0.3507417607656575,0.505265780074352,0.0946038797529877,0.3855269814892491,0.0,98.685,0
Chile,2017,1,0,3.75,6.675,0.562,12.075,0.3644,14.7,3.0,11.2,1.207,1.453,0.3643778143919104,0.3643778143919104,0.1646351282192021,0.0604831773831358,0.3921858926588531,0.0,117.05600000000001,0
Chile,2018,1,0,3.325,6.7,0.496,12.75,0.395,14.1,3.0,12.5,1.175,1.2,0.3950227899817905,0.3950227899817905,0.171794474086054,0.0377098895526858,0.4174510688141113,0.0,138.89,0
Chile,2019,0,1,6.55,6.225,1.052,7.712,0.2207,11.5,5.2,5.1,1.029,0.873,0.2206822528732691,0.2206822528732691,0.8841804755370215,0.0877345697271579,0.2229075879491151,0.5,-3.5389999999999997,0
Chile,2020,0,0,5.95,6.175,0.964,8.65,0.2505,11.8,4.8,8.1,1.187,2.48,0.2504864342966165,0.2504864342966165,1.144189520126448,0.2046963247641068,0.2672446822180692,0.375,11.424,0
Chile,2021,0,0,4.875,6.15,0.793,9.888,0.2964,12.7,4.0,8.4,1.159,1.9,0.2963593280750384,0.2963593280750384,0.7729366591919085,0.120622960772504,0.3204166318380048,0.25,48.309000000000005,0
Chile,2022,0,0,5.2,5.95,0.874,9.25,0.2791,12.5,4.0,7.8,1.063,1.467,0.2791269984142685,0.2791269984142685,0.3495920679888096,0.0852838034831707,0.2967147779408045,0.25,29.512999999999998,0
Chile,2023,0,0,5.0,5.925,0.844,9.463,0.2872,12.2,4.2,7.1,1.066,0.953,0.2872190066738669,0.2872190066738669,0.2288006056083313,0.0828506126513558,0.3056311622521073,0.25,35.513999999999996,0
Chile,2024,0,0,4.325,6.275,0.689,10.588,0.319,12.4,3.8,9.3,0.955,0.087,0.3190388659893275,0.3190388659893275,0.7180196602422338,0.1363435403319464,0.349798700546568,0.0,72.94000000000001,0
Chile,2025,0,0,4.2,6.475,0.649,10.962,0.3269,14.2,2.6,9.4,1.026,0.313,0.326878827644132,0.326878827644132,0.4761106443151296,0.1186962143289586,0.3634289751237607,0.0,86.023,0
China,1900,0,0,7.25,3.125,2.32,0.875,0.1226,5.5,6.0,-3.0,1.019,0.867,0.1225945275519701,0.1225945275519701,,0.0285510030955545,0.1287778407685411,1.0,-40.625,0
China,1901,0,0,7.25,3.125,2.32,0.875,0.1226,5.5,6.0,-3.0,1.019,0.867,0.1225945275519701,0.1225945275519701,,0.0285510030955545,0.1287778407685411,1.0,-40.625,0
China,1902,0,0,7.25,3.125,2.32,0.875,0.1226,5.5,6.0,-3.0,1.019,0.867,0.1225945275519701,0.1225945275519701,,0.0285510030955545,0.1287778407685411,1.0,-40.625,0
China,1903,0,0,6.875,3.5,1.964,2.0,0.1378,5.5,6.0,0.5,0.952,1.6,0.1377506918090297,0.1377506918090297,,0.0377560227397943,0.1416426863144747,1.0,-42.5,0
China,1904,0,0,6.875,3.5,1.964,2.0,0.1378,5.5,6.0,0.5,0.952,1.6,0.1377506918090297,0.1377506918090297,,0.0377560227397943,0.1416426863144747,1.0,-42.5,0
China,1905,0,0,6.875,3.5,1.964,2.0,0.1378,5.5,6.0,0.5,0.952,1.6,0.1377506918090297,0.1377506918090297,0.1810894061833203,0.0377560227397943,0.1416426863144747,1.0,-42.5,0
China,1906,0,0,6.875,3.5,1.964,2.0,0.1378,5.5,6.0,0.5,0.952,1.6,0.1377506918090297,0.1377506918090297,0.1207262707888802,0.0377560227397943,0.1416426863144747,1.0,-42.5,0
China,1907,0,0,6.875,3.5,1.964,2.0,0.1378,5.5,6.0,0.5,0.952,1.6,0.1377506918090297,0.1377506918090297,0.0603631353944401,0.0377560227397943,0.1416426863144747,1.0,-42.5,0
China,1908,0,0,7.75,3.0,2.583,0.0,0.1087,3.5,7.0,-3.0,0.983,0.533,0.1087338505644458,0.1087338505644458,0.3187467367070303,0.0177149213250991,0.1150616081917342,1.0,-45.375,0
China,1909,1,0,7.75,3.0,2.583,0.0,0.1087,3.5,7.0,-3.0,0.983,0.533,0.1087338505644458,0.1087338505644458,0.2549973893656242,0.0177149213250991,0.1150616081917342,1.0,-45.375,0
China,1910,1,0,7.75,3.0,2.583,0.0,0.1087,3.5,7.0,-3.0,0.983,0.533,0.1087338505644458,0.1087338505644458,0.1912480420242182,0.0177149213250991,0.1150616081917342,1.0,-45.375,1
China,1911,1,0,8.25,2.375,3.474,-1.938,0.0847,2.0,7.0,-6.5,1.016,1.167,0.084740687050886,0.084740687050886,0.3198458373002853,0.0321042281582243,0.0949162820777412,1.0,-40.25,1
China,1912,0,1,7.0,3.25,2.154,1.5,0.1342,4.5,6.0,0.5,1.0,1.6,0.1341508745626518,0.1341508745626518,0.2669917363767662,0.0154239616393738,0.1348136584866559,1.0,-45.5,1
China,1913,0,0,7.0,3.25,2.154,1.5,0.1342,4.5,6.0,0.5,1.0,1.6,0.1341508745626518,0.1341508745626518,0.2499808389568774,0.0154239616393738,0.1348136584866559,1.0,-45.5,0
China,1914,0,0,6.875,3.375,2.037,1.875,0.1395,4.5,6.0,0.0,1.029,2.2,0.1395329679234037,0.1395329679234037,0.1732458222252055,0.0725742263040485,0.1225556778180001,0.875,-37.625,0
China,1915,0,0,6.875,3.375,2.037,1.875,0.1395,4.5,6.0,0.0,1.029,2.2,0.1395329679234037,0.1395329679234037,0.1215172569884161,0.0725742263040485,0.1225556778180001,0.875,-37.625,0
China,1916,0,0,7.375,3.25,2.269,0.75,0.1187,4.5,6.0,-5.5,1.065,2.8,0.1186573273741698,0.1186573273741698,0.1570212887201503,0.0831806582148418,0.1029770025383348,0.875,-33.0,0
China,1917,0,0,7.375,3.25,2.269,0.812,0.1203,5.0,6.0,-5.5,1.065,2.9,0.1202783042059381,0.1202783042059381,0.1888145976079169,0.0845714610733029,0.1066473785724241,0.875,-34.0,0
China,1918,0,0,7.625,3.375,2.259,0.875,0.1214,8.0,5.0,-5.5,1.081,3.533,0.1213568621524039,0.1213568621524039,0.1352717516509474,0.1614904779661421,0.084907142114647,0.75,-31.125,0
China,1919,0,0,7.625,3.375,2.259,0.938,0.1229,8.5,5.0,-5.5,1.081,3.633,0.122901588817723,0.122901588817723,0.0954235572871827,0.1614904779661421,0.084907142114647,0.75,-31.125,0
China,1920,0,0,7.625,3.375,2.259,0.938,0.1229,8.5,5.0,-5.5,1.081,3.633,0.122901588817723,0.122901588817723,0.0635274038485724,0.1614904779661421,0.084907142114647,0.75,-31.125,0
China,1921,0,0,7.625,3.375,2.259,0.75,0.1181,8.0,5.0,-5.5,1.081,3.333,0.118107633437359,0.118107633437359,0.0942493017041937,0.1548838708567917,0.0816817430530331,0.75,-29.25,0
China,1922,0,0,7.625,3.375,2.259,0.75,0.1181,8.0,5.0,-5.5,1.081,3.333,0.118107633437359,0.118107633437359,0.0778490270953729,0.1548838708567917,0.0816817430530331,0.75,-29.25,0
China,1923,0,0,7.625,3.375,2.259,0.75,0.1181,8.0,5.0,-5.5,1.081,3.333,0.118107633437359,0.118107633437359,0.0643276669910201,0.1548838708567917,0.0816817430530331,0.75,-29.25,0
China,1924,1,0,7.0,3.5,2.0,2.188,0.1455,8.0,5.0,-2.0,1.078,3.233,0.145549837713467,0.145549837713467,0.2459252142179617,0.1614211831015726,0.1103596232455402,0.75,-37.125,0
China,1925,1,0,7.0,3.5,2.0,2.188,0.1455,8.0,5.0,-2.0,1.078,3.233,0.145549837713467,0.145549837713467,0.1909539223931507,0.1614211831015726,0.1103596232455402,0.75,-37.125,1
China,1926,1,0,6.375,4.0,1.594,4.0,0.1775,8.0,5.0,1.0,1.075,2.4,0.1774977691926266,0.1774977691926266,0.2365560223729871,0.1694454292846443,0.1445887138567814,0.75,-33.625,1
China,1927,0,1,6.0,4.25,1.412,4.812,0.1912,8.0,5.0,3.5,1.092,3.167,0.1912001840806,0.1912001840806,0.2954596180936753,0.1645442788031184,0.1632875286484126,0.75,-26.5,1
China,1928,0,0,6.0,4.25,1.412,4.812,0.1912,8.0,5.0,3.5,1.092,3.167,0.1912001840806,0.1912001840806,0.2254282434160598,0.1645442788031184,0.1632875286484126,0.75,-26.5,0
China,1929,0,0,5.5,4.75,1.158,6.812,0.2367,8.0,5.0,7.0,0.952,0.767,0.2366597374892483,0.2366597374892483,0.4240428071174598,0.3505244202816733,0.2102528470567403,0.5,-17.125,0
China,1930,0,0,5.5,4.75,1.158,6.812,0.2367,8.0,5.0,7.0,0.952,0.767,0.2366597374892483,0.2366597374892483,0.3440577079943758,0.3505244202816733,0.2102528470567403,0.5,-17.125,0
China,1931,0,0,5.5,4.75,1.158,6.812,0.2367,8.0,5.0,7.0,0.952,0.767,0.2366597374892483,0.2366597374892483,0.2662182728399515,0.3505244202816733,0.2102528470567403,0.5,-17.125,0
China,1932,0,0,5.125,5.125,1.0,7.938,0.2598,8.0,5.0,10.0,1.067,2.567,0.2597805102347948,0.2597805102347948,0.1748492957375541,0.4730695686968992,0.2469493084543826,0.125,4.25,0
China,1933,0,0,5.125,5.125,1.0,7.938,0.2598,8.0,5.0,10.0,1.067,2.567,0.2597805102347948,0.2597805102347948,0.1195833210862627,0.4730695686968992,0.2469493084543826,0.125,4.25,0
China,1934,0,0,5.125,5.125,1.0,7.938,0.2598,8.0,5.0,10.0,1.067,2.567,0.2597805102347948,0.2597805102347948,0.0973020370135907,0.4730695686968992,0.2469493084543826,0.125,4.25,0
China,1935,0,0,5.25,5.0,1.05,7.562,0.2518,8.0,5.0,7.0,1.026,1.967,0.2518462084056391,0.2518462084056391,0.092951675446081,0.4719048397799489,0.2259068526515593,0.25,-4.0,0
China,1936,0,0,5.25,5.0,1.05,7.562,0.2518,8.0,5.0,7.0,1.026,1.967,0.2518462084056391,0.2518462084056391,0.0678062521501886,0.4719048397799489,0.2259068526515593,0.25,-4.0,0
China,1937,0,0,7.875,3.875,2.032,1.812,0.1314,3.5,7.0,2.5,1.096,3.167,0.1313617475127408,0.1313617475127408,0.367895968403689,0.0146879812246834,0.1328691948461418,1.0,-60.0,0
China,1938,0,0,8.125,3.875,2.097,1.5,0.1249,2.0,8.0,2.5,1.042,2.667,0.1248679008789244,0.1248679008789244,0.3232835143964574,0.0208101851733897,0.127026060663317,1.0,-63.5,0
China,1939,0,0,8.125,3.625,2.241,1.0,0.1182,2.0,8.0,2.5,1.042,2.933,0.1181535678724002,0.1181535678724002,0.176007917585606,0.0127918530305063,0.1221388979062696,1.0,-59.125,0
China,1940,0,0,8.125,3.75,2.167,1.0,0.1154,2.0,8.0,2.5,1.042,2.933,0.1154327541913902,0.1154327541913902,0.2278440052946722,0.0218400256558672,0.1221417133377513,1.0,-55.75,0
China,1941,0,0,8.625,3.625,2.379,0.375,0.108,2.0,8.0,0.5,1.071,3.0,0.1079739507831176,0.1079739507831176,0.2569950351281048,0.0314028534207385,0.1140223893635883,1.0,-64.125,0
China,1942,0,0,8.625,3.625,2.379,0.375,0.108,2.0,8.0,0.5,1.071,3.0,0.1079739507831176,0.1079739507831176,0.182779826474058,0.0314028534207385,0.1140223893635883,1.0,-64.125,0
China,1943,0,0,8.625,3.375,2.556,-0.25,0.1009,2.0,8.0,-1.0,1.071,2.533,0.1009477254509529,0.1009477254509529,0.1620001034124658,0.0122424718597672,0.1042945273711473,1.0,-57.75,0
China,1944,0,0,8.625,3.375,2.556,-0.25,0.1009,2.0,8.0,-1.0,1.071,2.533,0.1009477254509529,0.1009477254509529,0.1334700014639223,0.0122424718597672,0.1042945273711473,1.0,-57.75,0
China,1945,0,0,7.625,3.5,2.179,1.312,0.1265,3.0,7.0,0.5,1.081,2.9,0.1264867210477815,0.1264867210477815,0.1915669360401891,0.0101017925717864,0.1268016526124523,1.0,-52.25,0
China,1946,1,0,7.875,3.0,2.625,0.0,0.1098,2.0,8.0,-2.0,1.026,1.867,0.1097680307190383,0.1097680307190383,0.2308899829055031,0.0084285152277261,0.11344762702605,1.0,-51.25,0
China,1947,1,0,8.25,2.875,2.87,-0.75,0.0994,0.0,8.0,-3.0,1.016,1.2,0.0993744115261367,0.0993744115261367,0.119522345384893,0.0049931242458776,0.1016875106830392,1.0,-49.75,1
China,1948,1,0,9.0,2.5,3.6,-2.25,0.0832,0.0,8.0,-4.0,1.061,1.467,0.0832335489952429,0.0832335489952429,0.1288460190124591,0.0087772903867621,0.0857595674693787,1.0,-54.875,1
China,1949,0,1,6.25,5.0,1.25,6.188,0.2078,6.5,6.0,9.0,1.022,1.633,0.2077597249519521,0.2077597249519521,0.4120631706629339,0.1658356460499815,0.1864038352613132,0.75,-24.5,1
China,1950,0,0,5.875,5.625,1.044,7.812,0.2365,6.5,6.0,10.0,0.944,0.5,0.2365124045728716,0.2365124045728716,0.1857184849511401,0.0079984837854384,0.2402477638449269,0.625,-3.0,0
China,1951,0,0,5.875,5.625,1.044,7.812,0.2365,6.5,6.0,10.0,0.944,0.5,0.2365124045728716,0.2365124045728716,0.1458498986081871,0.0079984837854384,0.2402477638449269,0.625,-3.0,0
China,1952,0,0,5.0,6.125,0.816,10.0,0.2931,10.0,5.0,12.0,1.0,0.8,0.2931172193304907,0.2931172193304907,0.2621593905235698,0.1180583333680056,0.3073514360996194,0.0,41.25,0
China,1953,0,0,5.0,6.125,0.816,10.0,0.2931,10.0,5.0,12.0,1.0,0.8,0.2931172193304907,0.2931172193304907,0.2119721309582245,0.1180583333680056,0.3073514360996194,0.0,41.25,0
China,1954,0,0,5.0,6.125,0.816,10.0,0.2931,10.0,5.0,12.0,1.0,0.8,0.2931172193304907,0.2931172193304907,0.1579609574184668,0.1180583333680056,0.3073514360996194,0.0,41.25,0
China,1955,0,0,4.375,6.625,0.66,11.875,0.3479,13.5,4.0,13.5,1.111,1.933,0.3479265585698792,0.3479265585698792,0.6260518371430227,0.0838970476886749,0.3772902939649527,0.0,97.875,0
China,1956,0,0,4.375,6.625,0.66,11.875,0.3479,13.5,4.0,13.5,1.111,1.933,0.3479265585698792,0.3479265585698792,0.4982575433852588,0.0838970476886749,0.3772902939649527,0.0,97.875,0
China,1957,0,0,5.375,6.125,0.878,9.562,0.278,5.5,7.0,12.5,0.893,-0.967,0.2779981903569318,0.2779981903569318,0.1901077047382532,0.0672896776940514,0.2955701741098419,0.25,35.5,0
China,1958,0,0,6.375,6.375,1.0,8.812,0.2423,9.0,6.0,11.5,1.167,1.567,0.2422553214109898,0.2422553214109898,0.3623574772413246,0.372873715921183,0.2607565503339337,0.25,7.25,0
China,1959,0,0,7.75,5.25,1.476,4.625,0.1627,5.5,7.0,7.0,1.204,3.933,0.1627198009638971,0.1627198009638971,0.4240489887313147,0.0093831382191181,0.1645305524351646,0.875,-42.75,0
China,1960,0,0,8.75,4.25,2.059,1.625,0.1217,4.5,8.0,4.0,1.25,7.4,0.1216962927017628,0.1216962927017628,0.4409368522280763,0.0280174508882414,0.1331594466814027,0.875,-52.125,0
China,1961,0,0,7.5,4.875,1.538,4.25,0.1619,5.5,7.0,7.0,1.111,4.4,0.1619476369986897,0.1619476369986897,0.2577847046114421,0.0063000064494878,0.1658647034143159,0.875,-40.25,0
China,1962,0,0,6.0,5.625,1.067,7.75,0.2353,9.0,6.0,8.0,1.0,2.0,0.2353428292700112,0.2353428292700112,0.3924870927312615,0.2295182912150879,0.2466030270052672,0.625,-4.75,0
China,1963,1,0,5.625,5.75,0.978,8.5,0.2548,10.0,5.0,9.0,1.111,2.133,0.2548227248639727,0.2548227248639727,0.5294528393045134,0.3374289446700371,0.2775082976576407,0.375,8.875,0
China,1964,1,0,5.125,6.5,0.788,10.812,0.308,12.5,5.0,11.5,0.962,1.567,0.3080357824303542,0.3080357824303542,0.2659998013723683,0.1312530764987903,0.337140312377117,0.0,59.125,1
China,1965,1,0,4.75,6.625,0.717,11.562,0.3324,13.5,4.0,12.5,1.087,1.7,0.3323718680001991,0.3323718680001991,0.2995051893247297,0.0695691701432589,0.3519127016592897,0.0,81.125,1
China,1966,0,1,7.375,4.625,1.595,4.188,0.1669,-1.5,9.0,8.5,0.921,-0.767,0.1669429176943281,0.1669429176943281,0.3951627078344434,0.0079910749095929,0.1651365734263022,0.875,-38.75,1
China,1967,0,0,8.625,3.5,2.464,0.125,0.1059,-5.0,10.0,1.5,0.947,-1.133,0.1059017866086732,0.1059017866086732,0.4720916567808076,0.0886288032844937,0.099936255144261,0.875,-52.0,0
China,1968,0,0,8.375,3.75,2.233,0.875,0.1149,-5.0,10.0,4.5,0.992,0.067,0.1148916286380654,0.1148916286380654,0.5262421175104791,0.0115829688454466,0.1224393015928946,0.875,-41.875,0
China,1969,0,0,8.25,3.75,2.2,1.0,0.1167,-5.0,10.0,4.5,0.952,-0.267,0.1167223414497216,0.1167223414497216,0.3290060723902033,0.0129315523617815,0.1247532870551179,0.875,-40.75,0
China,1970,0,0,7.75,4.25,1.824,2.75,0.1419,-1.5,9.0,4.5,0.917,-2.0,0.1419080719903746,0.1419080719903746,0.2540787010789118,0.0750486647032375,0.1284091171822282,0.875,-48.375,0
China,1971,0,0,7.625,4.25,1.794,2.875,0.1444,-1.5,9.0,4.5,0.875,-2.333,0.1443818868360855,0.1443818868360855,0.2115869107862966,0.0748858676160315,0.1307352803237514,0.875,-46.375,0
China,1972,0,0,7.0,4.625,1.514,4.438,0.1717,2.0,8.0,5.0,0.789,-1.433,0.1716961347066449,0.1716961347066449,0.5560097367269028,0.125811240805823,0.1543375326032119,0.875,-44.25,0
China,1973,0,0,6.75,4.75,1.421,5.125,0.1869,2.0,8.0,6.0,0.833,-2.2,0.1868712868983049,0.1868712868983049,0.3461586539091371,0.1033881462954056,0.1688397484589124,0.875,-38.875,0
China,1974,0,0,6.75,4.75,1.421,5.125,0.1869,2.0,8.0,6.0,0.833,-2.2,0.1868712868983049,0.1868712868983049,0.2338237158104306,0.1033881462954056,0.1688397484589124,0.875,-38.875,0
China,1975,0,0,6.5,4.75,1.368,5.5,0.1969,3.5,7.0,6.0,0.882,-1.6,0.1969187044448713,0.1969187044448713,0.1158860447954838,0.1000286077942234,0.184275278189873,0.875,-37.875,0
China,1976,0,0,7.0,4.5,1.556,4.25,0.1711,2.0,8.0,2.5,0.856,-1.733,0.1711411442042325,0.1711411442042325,0.1810536833156495,0.1003494278903719,0.1523286395301853,0.875,-44.25,0
China,1977,0,0,5.125,5.625,0.911,8.562,0.2636,9.0,5.0,8.0,0.962,0.633,0.2635827848749051,0.2635827848749051,0.4061294525922246,0.3389834889044412,0.2888270298360608,0.0,16.5,0
China,1978,0,0,5.0,6.0,0.833,9.875,0.2956,10.0,5.0,10.5,1.0,0.6,0.295586219421888,0.295586219421888,0.3612554899909477,0.0976797285760278,0.3072236347557296,0.0,37.5,0
China,1979,0,0,4.0,6.125,0.653,11.25,0.3486,11.0,4.0,11.5,1.0,0.667,0.3485940941781112,0.3485940941781112,0.2541047061627537,0.0137969405229614,0.3521927492440991,0.0,78.75,0
China,1980,0,0,4.0,6.375,0.627,11.75,0.3568,11.0,4.0,13.5,1.0,1.467,0.3567925452400194,0.3567925452400194,0.2418881634406189,0.0336491793722713,0.3665026489216287,0.0,94.5,0
China,1981,0,0,4.0,6.375,0.627,11.75,0.3568,11.0,4.0,13.5,1.0,1.467,0.3567925452400194,0.3567925452400194,0.1846817831913866,0.0336491793722713,0.3665026489216287,0.0,94.5,0
China,1982,0,0,4.0,6.375,0.627,11.812,0.3598,11.0,4.0,13.5,1.0,1.567,0.3597869121199424,0.3597869121199424,0.1238271444350953,0.0303565865195006,0.368236279370712,0.0,96.0,0
China,1983,0,0,4.0,6.75,0.593,12.688,0.3784,13.5,4.0,13.5,1.0,0.567,0.3784234811867433,0.3784234811867433,0.307979484011495,0.0203745410909806,0.3856913936106733,0.0,121.5,0
China,1984,0,0,4.0,6.75,0.593,12.688,0.3784,13.5,4.0,13.5,1.0,0.567,0.3784234811867433,0.3784234811867433,0.2311222994994588,0.0203745410909806,0.3856913936106733,0.0,121.5,0
China,1985,0,0,4.0,6.75,0.593,12.688,0.3784,13.5,4.0,13.5,1.0,0.567,0.3784234811867433,0.3784234811867433,0.1886715881723368,0.0203745410909806,0.3856913936106733,0.0,121.5,0
China,1986,1,0,4.5,6.75,0.667,12.188,0.3532,13.5,4.0,12.5,0.942,0.3,0.3532024920794762,0.3532024920794762,0.308368303048938,0.0319557709128055,0.3627945286538575,0.0,98.625,0
China,1987,1,0,4.5,6.75,0.667,12.188,0.3532,13.5,4.0,12.5,0.942,0.3,0.3532024920794762,0.3532024920794762,0.230256624068257,0.0319557709128055,0.3627945286538575,0.0,98.625,1
China,1988,1,0,5.375,6.125,0.878,9.812,0.2871,9.0,6.0,9.0,0.988,0.5,0.2871016561509319,0.2871016561509319,0.2566847957397764,0.5268145671427956,0.3482688271887692,0.0,29.25,1
China,1989,0,1,6.5,5.375,1.209,6.812,0.2162,2.5,8.0,8.0,0.96,-0.033,0.2161542237921371,0.2161542237921371,0.4059554305310435,0.0332459803738852,0.2048087083515865,0.625,-20.75,1
China,1990,0,0,6.0,5.5,1.091,7.562,0.2355,2.5,8.0,9.0,0.914,-0.967,0.2355307986591491,0.2355307986591491,0.416133518320417,0.2086573579776046,0.223105642659301,0.375,-2.5,0
China,1991,0,0,5.625,5.75,0.978,8.438,0.2537,5.5,7.0,9.0,0.92,-0.1,0.2536715887450965,0.2536715887450965,0.3888529850439992,0.1292510065808271,0.2602709117456252,0.375,8.75,0
China,1992,0,0,4.0,6.75,0.593,12.688,0.3782,13.5,4.0,13.5,1.0,0.3,0.378155891474775,0.378155891474775,0.3861284792010819,0.0249534713787517,0.3878199539687288,0.0,122.625,0
China,1993,0,0,4.0,6.75,0.593,12.688,0.3782,13.5,4.0,13.5,1.0,0.3,0.378155891474775,0.378155891474775,0.3775215872616844,0.0249534713787517,0.3878199539687288,0.0,122.625,0
China,1994,0,0,4.0,6.75,0.593,12.75,0.381,13.5,4.0,13.5,1.0,0.4,0.3809819815568477,0.3809819815568477,0.2146774784704792,0.0253937966856607,0.3910155446587445,0.0,125.25,0
China,1995,0,0,4.0,6.75,0.593,12.75,0.381,13.5,4.0,13.5,1.0,0.4,0.3809819815568477,0.3809819815568477,0.1408357307113026,0.0253937966856607,0.3910155446587445,0.0,125.25,0
China,1996,0,0,4.125,6.625,0.623,12.25,0.3649,13.5,4.0,13.5,1.083,1.467,0.3649379144441369,0.3649379144441369,0.453237400478545,0.0467626424173632,0.3810095401370715,0.0,108.75,0
China,1997,0,0,4.75,6.625,0.717,11.625,0.3356,13.5,4.0,12.5,1.212,2.067,0.3355669993678274,0.3355669993678274,0.2839996994567073,0.128078405325057,0.3684895718233969,0.0,84.5,0
China,1998,0,0,4.125,6.625,0.623,12.375,0.371,13.5,4.0,13.5,1.083,1.4,0.3710186549636014,0.3710186549636014,0.1999181090242114,0.0388657630300155,0.3836753508229216,0.0,111.75,0
China,1999,0,0,4.0,7.0,0.571,13.375,0.3962,13.5,4.0,13.5,1.0,0.067,0.3962285198552736,0.3962285198552736,0.3635706655968592,0.0010156272731232,0.396788220512195,0.0,141.75,0
China,2000,0,0,4.0,7.5,0.533,14.625,0.4242,13.5,4.0,16.0,1.0,-0.6,0.4241684319716564,0.4241684319716564,0.2905925819214665,0.0231415128175915,0.4336837057446457,0.0,196.25,0
China,2001,0,0,4.0,7.5,0.533,14.625,0.4242,13.5,4.0,16.0,1.0,-0.6,0.4241684319716564,0.4241684319716564,0.2358174370931193,0.0231415128175915,0.4336837057446457,0.0,196.25,0
China,2002,0,0,4.0,7.5,0.533,14.625,0.4242,13.5,4.0,16.0,1.0,-0.6,0.4241684319716564,0.4241684319716564,0.1748803260058268,0.0231415128175915,0.4336837057446457,0.0,196.25,0
China,2003,0,0,3.25,7.75,0.419,15.938,0.4841,17.0,3.0,16.0,0.882,-0.1,0.4841191808715674,0.4841191808715674,0.2231574928878467,0.0199883467936397,0.4972530949606766,0.0,263.75,0
China,2004,0,0,3.25,7.75,0.419,15.938,0.4841,17.0,3.0,16.0,0.882,-0.1,0.4841191808715674,0.4841191808715674,0.1873912402783654,0.0199883467936397,0.4972530949606766,0.0,263.75,0
China,2005,0,0,3.5,7.75,0.452,15.688,0.468,17.0,3.0,16.0,1.078,0.567,0.4680391077869373,0.4680391077869373,0.1997833507713385,0.0250027450091882,0.4846223575392973,0.0,250.5,0
China,2006,0,0,3.875,7.75,0.5,15.312,0.4435,16.0,4.0,16.0,1.053,0.5,0.4435420309801936,0.4435420309801936,0.1271031052059128,0.0181258915568048,0.4530296115901376,0.0,226.5,0
China,2007,0,0,4.25,7.625,0.557,14.625,0.4151,16.0,4.0,15.0,1.032,1.267,0.4150707503682614,0.4150707503682614,0.336333365430209,0.0391782517160208,0.4350483281733784,0.0,193.5,0
China,2008,0,0,4.5,7.625,0.59,14.375,0.402,16.0,4.0,15.0,1.19,1.933,0.401985445054375,0.401985445054375,0.466588383497039,0.0652578753474112,0.4342328692812609,0.0,182.125,0
China,2009,0,0,4.0,7.75,0.516,15.188,0.436,16.0,4.0,16.0,1.14,0.833,0.4360020444929469,0.4360020444929469,0.1084053749228346,0.018730547848586,0.445880027169566,0.0,218.5,0
China,2010,0,0,3.875,7.75,0.5,15.375,0.4466,16.0,4.0,16.0,1.053,0.6,0.4466362665858188,0.4466362665858188,0.2084537500443599,0.0150908742493026,0.4542878805214032,0.0,229.125,0
China,2011,0,0,3.875,7.75,0.5,15.312,0.4435,16.0,4.0,16.0,1.053,0.5,0.4435420309801936,0.4435420309801936,0.1839687212587403,0.0181258915568048,0.4530296115901376,0.0,226.5,0
China,2012,0,0,3.875,7.75,0.5,15.312,0.4435,16.0,4.0,16.0,1.053,0.5,0.4435420309801936,0.4435420309801936,0.1839687212587403,0.0181258915568048,0.4530296115901376,0.0,226.5,0
China,2013,0,0,3.875,7.75,0.5,15.312,0.4435,16.0,4.0,16.0,1.053,0.5,0.4435420309801936,0.4435420309801936,0.1232313016498074,0.0181258915568048,0.4530296115901376,0.0,226.5,0
China,2014,0,0,4.0,7.375,0.542,14.312,0.4188,13.5,4.0,16.0,1.0,0.233,0.418786650603852,0.418786650603852,0.4424638317290678,0.0540856814314339,0.4467491948469834,0.0,186.375,0
China,2015,0,0,4.0,7.375,0.542,14.312,0.4188,13.5,4.0,16.0,1.0,0.233,0.418786650603852,0.418786650603852,0.3621337963348158,0.0540856814314339,0.4467491948469834,0.0,186.375,0
China,2016,0,0,4.0,7.5,0.533,14.625,0.425,13.5,4.0,16.0,1.0,-0.6,0.4250303624858906,0.4250303624858906,0.2666848481632832,0.0374156755694512,0.4436102798989417,0.0,198.125,0
China,2017,0,0,4.0,7.5,0.533,14.625,0.425,13.5,4.0,16.0,1.0,-0.6,0.4250303624858906,0.4250303624858906,0.2082053023225497,0.0374156755694512,0.4436102798989417,0.0,198.125,0
China,2018,0,0,5.0,7.375,0.678,13.312,0.3638,12.5,5.0,15.0,1.111,0.767,0.363831834524762,0.363831834524762,0.3243837238978827,0.0610046732737896,0.3838994963585671,0.0,131.625,0
China,2019,0,0,5.5,7.0,0.786,12.125,0.3302,12.5,5.0,14.0,1.154,2.333,0.3301502428649475,0.3301502428649475,0.3260570413098618,0.2624380414255266,0.380034800712661,0.0,88.5,0
China,2020,0,0,5.625,6.75,0.833,11.562,0.3197,12.5,5.0,13.0,1.218,3.3,0.3197427324293986,0.3197427324293986,0.6113235094223941,0.2466762519427213,0.3673651190698468,0.125,66.125,0
China,2021,0,0,5.875,6.75,0.87,11.125,0.3034,12.5,5.0,13.0,1.131,2.867,0.3034004808051373,0.3034004808051373,0.4243885409075843,0.2025569108767828,0.3511826695807302,0.25,55.5,0
China,2022,0,0,6.0,6.75,0.889,10.938,0.2965,12.5,5.0,13.0,1.19,3.1,0.2965224770056603,0.2965224770056603,0.36470103499934,0.1533183581193421,0.3427561262464532,0.375,52.5,0
China,2023,0,0,5.25,6.75,0.778,11.75,0.3316,12.5,5.0,13.0,1.133,2.267,0.331620918260874,0.331620918260874,0.256614874286967,0.2674241287281693,0.3892776176870486,0.0,84.5,0
China,2024,0,0,5.375,6.75,0.796,11.625,0.3258,12.5,5.0,12.0,1.09,2.067,0.3257989449401417,0.3257989449401417,0.3264174331549833,0.2908180780011994,0.3843314189288217,0.0,77.5,0
China,2025,0,0,5.375,6.75,0.796,11.625,0.3258,12.5,5.0,12.0,1.09,2.067,0.3257989449401417,0.3257989449401417,0.2910778363202154,0.2908180780011994,0.3843314189288217,0.0,77.5,0
Colombia,1900,0,0,7.875,2.75,2.864,-0.25,0.1093,1.0,7.0,-0.6,0.958,2.267,0.1093374585346047,0.1093374585346047,,0.0246995226239051,0.1132230426854903,1.0,-55.425,0
Colombia,1901,0,0,7.875,2.75,2.864,-0.25,0.1093,1.0,7.0,-0.6,0.958,2.267,0.1093374585346047,0.1093374585346047,,0.0246995226239051,0.1132230426854903,1.0,-55.425,0
Colombia,1902,0,0,7.875,2.75,2.864,-0.275,0.1089,1.0,7.0,-0.6,0.958,2.227,0.1088728385289757,0.1088728385289757,,0.0238831055913534,0.1125688859526711,1.0,-54.925,0
Colombia,1903,0,0,6.85,2.825,2.425,0.875,0.1265,2.0,6.0,0.4,0.973,2.253,0.1264773493433109,0.1264773493433109,,0.0280192997065151,0.1301756624548247,1.0,-43.45,0
Colombia,1904,0,0,5.45,3.375,1.615,3.35,0.1682,3.0,5.0,4.4,0.966,1.627,0.1682256151163171,0.1682256151163171,,0.0129363189821279,0.1714479821682781,1.0,-25.0,0
Colombia,1905,0,0,4.8,3.7,1.297,4.762,0.1975,5.2,4.4,6.1,1.068,2.82,0.1974710314050232,0.1974710314050232,0.2561081855857424,0.0186394799046057,0.2043327778365143,0.875,-11.950000000000001,0
Colombia,1906,0,0,4.675,3.875,1.206,5.262,0.208,6.4,4.0,6.5,1.067,2.98,0.2080341345624398,0.2080341345624398,0.4294056502478413,0.1735214254721846,0.2040835208525459,0.625,-7.5249999999999995,0
Colombia,1907,0,0,4.65,3.9,1.192,5.312,0.2088,6.4,4.0,6.7,1.077,3.06,0.2088017110566471,0.2088017110566471,0.4360980571592709,0.1313352193742006,0.204278516347326,0.625,-6.424999999999998,0
Colombia,1908,0,0,4.6,4.05,1.136,5.538,0.2112,6.4,4.0,7.5,1.096,3.313,0.2112050919797304,0.2112050919797304,0.6096469332503073,0.1519065559573685,0.203163075005832,0.5,-2.8699999999999988,0
Colombia,1909,0,0,4.6,4.05,1.136,5.588,0.2127,6.4,4.0,7.7,1.096,3.287,0.2127300123341893,0.2127300123341893,0.435677557125274,0.1493574799986052,0.2042772605864133,0.5,-2.889999999999999,0
Colombia,1910,0,0,4.05,4.325,0.936,6.638,0.2378,6.5,4.0,8.5,1.033,2.247,0.2378174702710904,0.2378174702710904,1.1031378501817115,0.2241385717756558,0.2639741384844503,0.25,9.899999999999999,0
Colombia,1911,0,0,4.05,4.325,0.936,6.638,0.2378,6.5,4.0,8.5,1.033,2.247,0.2378174702710904,0.2378174702710904,0.938555915418984,0.2241385717756558,0.2639741384844503,0.25,9.899999999999999,0
Colombia,1912,0,0,4.075,4.325,0.942,6.612,0.2372,6.5,4.0,8.5,1.05,2.313,0.2371653146144234,0.2371653146144234,0.7581431405281798,0.219560272842248,0.2616297187951931,0.25,9.75,0
Colombia,1913,0,0,4.075,4.35,0.937,6.638,0.2372,6.5,4.0,8.5,1.05,2.247,0.2371653146144234,0.2371653146144234,0.5441714630358674,0.2171440946065049,0.2619000583153021,0.25,10.25,0
Colombia,1914,0,0,4.075,4.35,0.937,6.638,0.2372,6.5,4.0,8.5,1.05,2.247,0.2371653146144234,0.2371653146144234,0.2777145788917265,0.2171440946065049,0.2619000583153021,0.25,10.25,0
Colombia,1915,0,0,4.075,4.35,0.937,6.638,0.2372,6.5,4.0,8.5,1.05,2.247,0.2371653146144234,0.2371653146144234,0.0498858656063925,0.2171440946065049,0.2619000583153021,0.25,10.25,0
Colombia,1916,0,0,4.075,4.35,0.937,6.638,0.2372,6.5,4.0,8.5,1.05,2.247,0.2371653146144234,0.2371653146144234,0.032758838964891,0.2171440946065049,0.2619000583153021,0.25,10.25,0
Colombia,1917,0,0,4.075,4.35,0.937,6.638,0.2372,6.5,4.0,8.5,1.05,2.247,0.2371653146144234,0.2371653146144234,0.0166321383159761,0.2171440946065049,0.2619000583153021,0.25,10.25,0
Colombia,1918,0,0,4.125,4.35,0.948,6.588,0.2359,6.5,4.0,8.5,1.083,2.38,0.2358878149514578,0.2358878149514578,0.083160691579881,0.2100180177867391,0.2573228909770398,0.25,9.95,0
Colombia,1919,0,0,4.125,4.35,0.948,6.588,0.2359,6.5,4.0,8.5,1.083,2.38,0.2358878149514578,0.2358878149514578,0.0665285532639047,0.2100180177867391,0.2573228909770398,0.25,9.95,0
Colombia,1920,0,0,4.125,4.375,0.943,6.612,0.2359,6.5,4.0,8.5,1.083,2.313,0.2358878149514578,0.2358878149514578,0.3557644010859594,0.2443866642248959,0.2587253078282313,0.125,10.25,0
Colombia,1921,0,0,4.125,4.375,0.943,6.612,0.2359,6.5,4.0,8.5,1.083,2.313,0.2358878149514578,0.2358878149514578,0.284214811743219,0.2443866642248959,0.2587253078282313,0.125,10.25,0
Colombia,1922,0,0,4.125,4.375,0.943,6.612,0.2359,6.5,4.0,8.5,1.083,2.313,0.2358878149514578,0.2358878149514578,0.2129658629379403,0.2443866642248959,0.2587253078282313,0.125,10.25,0
Colombia,1923,0,0,4.125,4.375,0.943,6.637,0.237,6.5,4.0,8.5,1.083,2.353,0.2369562101753886,0.2369562101753886,0.1474820417133866,0.2438753422402306,0.2607651530901637,0.125,10.5,0
Colombia,1924,0,0,4.125,4.375,0.943,6.65,0.2375,6.5,4.0,8.5,1.083,2.373,0.2374836733635684,0.2374836733635684,0.0860542371261346,0.2438709452541135,0.261841954425549,0.125,10.625,0
Colombia,1925,0,0,4.125,4.375,0.943,6.662,0.238,6.5,4.0,8.5,1.083,2.393,0.2380067950694422,0.2380067950694422,0.0541228529432231,0.2440166576941334,0.2629528267898021,0.125,10.75,0
Colombia,1926,0,0,4.125,4.375,0.943,6.662,0.238,6.5,4.0,8.5,1.083,2.393,0.2380067950694422,0.2380067950694422,0.0395371283997067,0.2440166576941334,0.2629528267898021,0.125,10.75,0
Colombia,1927,0,0,4.125,4.375,0.943,6.662,0.238,6.5,4.0,8.5,1.083,2.393,0.2380067950694422,0.2380067950694422,0.0249514038561904,0.2440166576941334,0.2629528267898021,0.125,10.75,0
Colombia,1928,0,0,4.95,4.375,1.131,5.812,0.2115,5.7,4.8,7.5,1.038,2.207,0.2114516654458754,0.2114516654458754,0.8327843775228783,0.2878676381916402,0.1874154232167989,0.5,-4.649999999999999,0
Colombia,1929,0,0,5.125,4.375,1.171,5.662,0.2072,5.5,5.0,7.5,1.067,2.393,0.2071969495160082,0.2071969495160082,0.5054386603435345,0.3461082833173674,0.1694217211598384,0.5,-7.75,0
Colombia,1930,0,0,4.625,4.375,1.057,6.112,0.2198,6.5,4.0,7.5,1.014,2.047,0.2198000722117497,0.2198000722117497,0.1114728383642737,0.5178664451833823,0.2059505569624169,0.25,0.625,0
Colombia,1931,0,0,4.75,4.375,1.086,5.988,0.2162,6.5,4.0,7.5,1.087,2.38,0.2162118021833143,0.2162118021833143,0.091927707718687,0.3768522617323675,0.2049859260824018,0.375,-0.875,0
Colombia,1932,0,0,5.525,4.375,1.263,5.2,0.1938,5.5,5.0,6.5,0.964,1.76,0.1937781982971095,0.1937781982971095,0.1993464509381305,0.0517400363920148,0.1853389500282034,0.875,-15.125,0
Colombia,1933,0,0,4.8,4.375,1.097,5.925,0.2141,5.9,4.6,7.5,1.022,2.067,0.214096054989211,0.214096054989211,0.1355693725589975,0.2759126758805312,0.2118586906159421,0.5,-2.199999999999999,0
Colombia,1934,0,0,4.7,4.375,1.074,6.025,0.2171,6.3,4.2,7.5,1.034,2.12,0.2170601277872543,0.2170601277872543,0.264373839805482,0.3377567891157044,0.2108953554395362,0.5,-0.600000000000001,0
Colombia,1935,0,0,4.625,4.375,1.057,6.1,0.2193,6.5,4.0,7.5,1.038,2.133,0.2192884481982105,0.2192884481982105,0.4251072340731406,0.4587117650829199,0.2066643593945122,0.375,0.5,0
Colombia,1936,0,0,4.075,4.375,0.931,6.988,0.2483,6.5,4.0,9.5,1.05,2.167,0.2483206668912361,0.2483206668912361,0.4297167971613089,0.2502552756736311,0.2792454819203636,0.125,11.21,0
Colombia,1937,0,0,4.075,4.375,0.931,6.988,0.2483,6.5,4.0,9.5,1.05,2.167,0.2483206668912361,0.2483206668912361,0.3793092699530528,0.2502552756736311,0.2792454819203636,0.125,11.21,0
Colombia,1938,0,0,4.075,4.375,0.931,6.988,0.2483,6.5,4.0,9.5,1.05,2.167,0.2483206668912361,0.2483206668912361,0.3719650785517809,0.2502552756736311,0.2792454819203636,0.125,11.21,0
Colombia,1939,0,0,4.075,4.375,0.931,6.988,0.2483,6.5,4.0,9.5,1.05,2.167,0.2483206668912361,0.2483206668912361,0.2937120577533255,0.2502552756736311,0.2792454819203636,0.125,11.21,0
Colombia,1940,0,0,4.075,4.375,0.931,6.988,0.2483,6.5,4.0,9.5,1.05,2.167,0.2483206668912361,0.2483206668912361,0.1481339441238102,0.2502552756736311,0.2792454819203636,0.125,11.21,0
Colombia,1941,0,0,4.075,4.375,0.931,6.988,0.2483,6.5,4.0,9.5,1.05,2.167,0.2483206668912361,0.2483206668912361,0.0,0.2502552756736311,0.2792454819203636,0.125,11.21,0
Colombia,1942,0,0,4.1,4.375,0.937,6.962,0.2476,6.5,4.0,9.5,1.067,2.233,0.2475970885466399,0.2475970885466399,0.0471132142625535,0.2463993407278967,0.2767343193799388,0.125,11.01,0
Colombia,1943,0,0,4.1,4.375,0.937,6.962,0.2476,6.5,4.0,9.5,1.067,2.233,0.2475970885466399,0.2475970885466399,0.0376905714100428,0.2463993407278967,0.2767343193799388,0.125,11.01,0
Colombia,1944,0,0,4.1,4.375,0.937,6.962,0.2476,6.5,4.0,9.5,1.067,2.233,0.2475970885466399,0.2475970885466399,0.0282679285575321,0.2463993407278967,0.2767343193799388,0.125,11.01,0
Colombia,1945,0,0,4.1,4.375,0.937,6.962,0.2476,6.5,4.0,9.5,1.067,2.233,0.2475970885466399,0.2475970885466399,0.0188452857050213,0.2463993407278967,0.2767343193799388,0.125,11.01,0
Colombia,1946,0,0,5.05,4.375,1.154,5.675,0.2071,5.7,4.8,7.5,1.07,2.307,0.207133503794261,0.207133503794261,1.0053614820769412,0.2596491503109452,0.1791780251722731,0.5,-6.249999999999998,0
Colombia,1947,0,0,5.675,4.375,1.297,5.038,0.1896,5.1,5.4,6.5,1.017,2.033,0.189621725450934,0.189621725450934,0.3977246861517032,0.0871175565294155,0.179336241976365,0.875,-17.325,0
Colombia,1948,0,0,7.5,4.25,1.765,2.388,0.1331,2.9,7.0,2.3,0.937,1.207,0.1330841598024591,0.1330841598024591,0.1906024432756527,0.0133828557082938,0.1339397372637839,1.0,-43.135000000000005,0
Colombia,1949,0,0,6.375,4.25,1.5,3.938,0.1654,4.5,6.0,4.5,0.99,2.3,0.1653840760707975,0.1653840760707975,0.0736940001714773,0.0144929243267252,0.1655023204355744,1.0,-30.125,0
Colombia,1950,1,0,6.375,4.25,1.5,3.938,0.1654,4.5,6.0,4.5,0.99,2.3,0.1653840760707975,0.1653840760707975,0.1225364732354535,0.0144929243267252,0.1655023204355744,1.0,-30.125,0
Colombia,1951,1,0,6.375,4.25,1.5,3.938,0.1654,4.5,6.0,4.5,0.99,2.3,0.1653840760707975,0.1653840760707975,0.0943373309018061,0.0144929243267252,0.1655023204355744,1.0,-30.125,1
Colombia,1952,1,0,6.375,4.25,1.5,3.938,0.1654,4.5,6.0,4.5,0.99,2.3,0.1653840760707975,0.1653840760707975,0.0564800623176938,0.0144929243267252,0.1655023204355744,1.0,-30.125,1
Colombia,1953,0,1,5.325,4.5,1.183,5.325,0.1923,5.0,5.0,6.0,1.003,1.853,0.1922630794438158,0.1922630794438158,0.365116219791015,0.2439319340362331,0.1729376463867378,0.625,-9.375,1
Colombia,1954,0,0,5.075,4.5,1.128,5.612,0.2001,5.0,5.0,7.0,1.04,2.1,0.2001388790213119,0.2001388790213119,0.147337021178707,0.4754814580999779,0.1630189534970048,0.375,-5.449999999999999,0
Colombia,1955,0,0,5.1,4.5,1.133,5.588,0.1996,5.0,5.0,7.0,1.053,2.167,0.1995886708490913,0.1995886708490913,0.1385961162219045,0.4765994706845425,0.1609442602480864,0.375,-5.6,0
Colombia,1956,0,0,5.475,4.5,1.217,5.188,0.1888,5.0,5.0,6.0,0.978,1.74,0.1887893789241331,0.1887893789241331,0.1524163015117482,0.1479128303823671,0.1759629484962156,0.75,-11.774999999999999,0
Colombia,1957,0,0,5.375,4.5,1.194,5.288,0.1914,5.0,5.0,6.0,0.988,1.793,0.1914190271657392,0.1914190271657392,0.0882711201257888,0.2328900026042629,0.1723541607361213,0.625,-10.125,0
Colombia,1958,0,0,4.875,4.375,1.114,5.862,0.2123,5.5,5.0,7.5,1.042,2.18,0.212339132464707,0.212339132464707,0.269716074590436,0.2610997302380541,0.2121913921512886,0.5,-3.375,0
Colombia,1959,0,0,4.875,4.375,1.114,5.862,0.2123,5.5,5.0,7.5,1.042,2.18,0.212339132464707,0.212339132464707,0.2096868098762605,0.2610997302380541,0.2121913921512886,0.5,-3.375,0
Colombia,1960,0,0,4.975,4.375,1.137,5.762,0.209,5.5,5.0,7.5,1.008,2.02,0.2089981784402115,0.2089981784402115,0.3090534825607499,0.2584954686334989,0.1886123364845653,0.5,-6.2749999999999995,0
Colombia,1961,0,0,5.025,4.375,1.149,5.712,0.2077,5.5,5.0,7.5,0.992,1.94,0.2076573826961506,0.2076573826961506,0.2726580274991542,0.2599755821700499,0.1857674810889334,0.5,-6.875,0
Colombia,1962,0,0,5.075,4.375,1.16,5.662,0.2064,5.5,5.0,7.5,0.977,1.86,0.2063532510822204,0.2063532510822204,0.2945887564753378,0.2682915362133149,0.1824510693209847,0.5,-7.475,0
Colombia,1963,0,0,5.175,4.375,1.183,5.562,0.2041,5.5,5.0,7.5,1.029,2.127,0.204077138723257,0.204077138723257,0.3709952711472832,0.2647449159097094,0.175632745516825,0.5,-8.075,0
Colombia,1964,0,0,5.225,4.375,1.194,5.512,0.2029,5.5,5.0,7.5,1.034,2.153,0.2028936938430316,0.2028936938430316,0.2598130120696003,0.2692701956246116,0.1723745561808793,0.5,-8.524999999999999,0
Colombia,1965,0,0,5.225,4.375,1.194,5.512,0.2029,5.5,5.0,7.5,1.034,2.153,0.2028936938430316,0.2028936938430316,0.1247345524596466,0.2692701956246116,0.1723745561808793,0.5,-8.524999999999999,0
Colombia,1966,0,0,5.25,4.375,1.2,5.488,0.2021,5.5,5.0,7.5,1.026,2.113,0.2021005174811642,0.2021005174811642,0.2245411554593569,0.3471005085276045,0.1638949792487679,0.5,-9.25,0
Colombia,1967,0,0,5.25,4.425,1.186,5.588,0.2035,6.3,5.0,7.5,1.026,2.273,0.2035121510754595,0.2035121510754595,0.2669017123138384,0.3518040116103159,0.1625418981782295,0.5,-8.399999999999999,0
Colombia,1968,0,0,5.25,4.575,1.148,5.788,0.2049,7.1,5.0,8.3,1.026,2.593,0.2048877250901817,0.2048877250901817,0.6293564320467013,0.2765172487378781,0.1753800033564678,0.5,-4.8500000000000005,0
Colombia,1969,0,0,5.25,4.575,1.148,5.788,0.2049,7.1,5.0,8.3,1.026,2.593,0.2048877250901817,0.2048877250901817,0.4871049830537917,0.2765172487378781,0.1753800033564678,0.5,-4.8500000000000005,0
Colombia,1970,0,0,5.3,4.6,1.152,5.788,0.204,7.5,5.0,7.9,1.01,2.593,0.2040337256441331,0.2040337256441331,0.0018426777295229,0.361128026045817,0.160662785255878,0.375,-5.500000000000002,0
Colombia,1971,0,0,5.35,4.6,1.163,5.738,0.2026,7.5,5.0,7.9,1.015,2.62,0.2025552762077656,0.2025552762077656,0.4549233043275072,0.2273239856340294,0.1682857134390875,0.625,-6.500000000000003,0
Colombia,1972,0,0,5.4,4.6,1.174,5.688,0.2012,7.5,5.0,7.9,1.02,2.647,0.2011649244074685,0.2011649244074685,0.2611635092719293,0.2022708218838058,0.1695699358536711,0.625,-7.300000000000003,0
Colombia,1973,0,0,5.525,4.6,1.201,5.562,0.1976,7.5,5.0,7.7,1.022,2.66,0.1975694888316426,0.1975694888316426,0.5241759232046594,0.1783339089108608,0.1701371680075238,0.625,-9.924999999999997,0
Colombia,1974,0,0,5.625,4.6,1.223,5.462,0.1949,7.5,5.0,7.5,1.051,2.82,0.1948650043668663,0.1948650043668663,0.3171377438486263,0.2317938497746833,0.1653976452938501,0.625,-11.649999999999999,0
Colombia,1975,0,0,5.675,4.625,1.227,5.438,0.1935,7.3,5.2,7.7,1.055,2.887,0.1934941001124348,0.1934941001124348,0.2585379812113583,0.1230320139051756,0.1712746552970989,0.75,-11.95,0
Colombia,1976,0,0,5.675,4.625,1.227,5.438,0.1935,7.3,5.2,7.7,1.055,2.887,0.1934941001124348,0.1934941001124348,0.3534046714728832,0.1230320139051756,0.1712746552970989,0.75,-11.95,0
Colombia,1977,0,0,5.725,4.625,1.238,5.388,0.1922,7.3,5.2,7.7,1.04,2.807,0.1922019598201423,0.1922019598201423,0.2443787269230288,0.1271362138253913,0.1700441368956564,0.75,-12.75,0
Colombia,1978,0,0,5.95,4.625,1.286,5.163,0.1866,6.9,5.6,7.5,1.032,2.767,0.1865804273135957,0.1865804273135957,0.2192487438392009,0.1535446229371595,0.1655706445144553,0.75,-16.325,0
Colombia,1979,0,0,6.125,4.625,1.324,4.988,0.1819,6.7,5.8,7.3,1.02,2.7,0.1818985644810185,0.1818985644810185,0.0441089207094949,0.0372188599363378,0.1742574398142854,1.0,-20.2,0
Colombia,1980,0,0,6.475,4.625,1.4,4.638,0.1731,6.7,5.8,6.7,1.014,2.673,0.1731364082294718,0.1731364082294718,0.3155428283395799,0.0151227831992338,0.1710003408451424,1.0,-27.25,0
Colombia,1981,0,0,6.475,4.625,1.4,4.625,0.1728,6.7,5.8,6.7,1.014,2.653,0.172762300774967,0.172762300774967,0.2303937522596961,0.0154911249771906,0.1704808850593824,1.0,-27.15,0
Colombia,1982,0,0,6.475,4.625,1.4,4.625,0.1728,6.7,5.8,6.7,1.014,2.653,0.172762300774967,0.172762300774967,0.1510952335329566,0.0154911249771906,0.1704808850593824,1.0,-27.15,0
Colombia,1983,0,0,6.45,4.625,1.395,4.65,0.1733,6.5,6.0,6.7,0.988,2.48,0.1733302896876565,0.1733302896876565,0.1167828597112014,0.0106243308191538,0.1719108111482149,1.0,-26.775,0
Colombia,1984,0,0,6.75,4.625,1.459,4.338,0.166,6.1,6.4,6.5,0.965,2.3,0.1659998817588901,0.1659998817588901,0.172579853835705,0.0136517662626941,0.1656859745804167,1.0,-32.075,0
Colombia,1985,0,0,7.075,4.625,1.53,3.75,0.1527,4.5,7.0,4.9,0.939,1.68,0.1527296823243635,0.1527296823243635,0.2223752319429061,0.0082346219124406,0.155496692249671,1.0,-37.025,0
Colombia,1986,0,0,7.025,4.625,1.519,3.862,0.1554,4.5,7.0,5.3,0.964,1.967,0.1553691664214801,0.1553691664214801,0.1595948452339693,0.0066432191832633,0.1585073431129458,1.0,-36.575,0
Colombia,1987,0,0,7.025,4.625,1.519,3.838,0.1548,4.5,7.0,5.3,0.964,1.927,0.1548247162945621,0.1548247162945621,0.1198923056080833,0.0065996215311139,0.1578934373859512,1.0,-36.375,0
Colombia,1988,0,0,7.475,4.625,1.616,3.188,0.1414,4.5,7.0,4.5,0.984,2.06,0.1414055029846799,0.1414055029846799,0.1064566064842156,0.007227616818913,0.1444895708191991,1.0,-41.435,0
Colombia,1989,0,0,7.775,4.625,1.681,2.762,0.1332,4.5,7.0,3.7,0.951,1.7,0.1332251118626986,0.1332251118626986,0.1420440036020031,0.0094760479046047,0.1358851203246496,1.0,-44.790000000000006,0
Colombia,1990,0,0,7.825,4.625,1.692,2.712,0.1323,4.3,7.2,3.7,0.955,1.727,0.1323375719086771,0.1323375719086771,0.0813860676042924,0.0082800708394343,0.1352371648702512,1.0,-45.440000000000005,0
Colombia,1991,0,0,6.625,4.775,1.387,4.775,0.1735,7.0,6.0,7.0,1.01,3.107,0.1734710363008221,0.1734710363008221,0.611822409474892,0.0388748661376926,0.1699919563868817,1.0,-28.15,0
Colombia,1992,0,0,6.625,4.975,1.332,5.138,0.1781,7.0,6.0,7.0,1.01,2.62,0.1780986991110208,0.1780986991110208,0.5005751614772632,0.0475600103435019,0.1742676254867853,1.0,-26.725,0
Colombia,1993,0,0,6.675,4.95,1.348,5.062,0.1767,6.6,6.4,7.0,0.998,2.5,0.1767279433466987,0.1767279433466987,0.2413879499909488,0.0358513618297594,0.1762710358988898,1.0,-28.975,0
Colombia,1994,0,0,6.925,4.9,1.413,4.612,0.1676,6.6,6.4,5.0,0.942,1.78,0.1676045648151484,0.1676045648151484,0.230340101428929,0.0260612945428967,0.1676671869897229,1.0,-33.925000000000004,0
Colombia,1995,0,0,7.125,4.9,1.454,4.312,0.1605,6.2,6.8,5.0,0.901,1.3,0.1604619999699775,0.1604619999699775,0.3859587806014951,0.0266039000860706,0.1641471575529639,1.0,-38.135,0
Colombia,1996,1,0,7.225,4.875,1.482,4.188,0.1588,6.0,7.0,5.0,0.923,1.42,0.1587502009149723,0.1587502009149723,0.3125079016956104,0.0289389962243667,0.1608015794273123,1.0,-39.425000000000004,0
Colombia,1997,1,0,7.45,4.875,1.528,3.912,0.1526,6.0,7.0,5.0,0.947,1.727,0.152636760648241,0.152636760648241,0.345384615863457,0.0204361871005908,0.15832428967481,1.0,-43.45,1
Colombia,1998,1,0,7.9,4.875,1.621,3.075,0.1356,5.4,7.0,4.0,0.954,1.773,0.1355565737885171,0.1355565737885171,0.2315017365906321,0.0232573643638074,0.1414036591194351,1.0,-47.05,1
Colombia,1999,0,1,7.975,4.7,1.697,2.725,0.1324,5.2,7.0,3.6,0.952,1.96,0.132397088738501,0.132397088738501,0.1744273207794549,0.0246885523246702,0.1370557240016751,1.0,-49.45,1
Colombia,2000,0,0,7.875,4.75,1.658,3.038,0.1378,5.4,7.0,4.0,0.958,2.247,0.1378212511525192,0.1378212511525192,0.1472544046729661,0.0222511891584888,0.1417537365329658,1.0,-50.15,0
Colombia,2001,0,0,7.875,4.75,1.658,3.038,0.1378,5.4,7.0,4.0,0.958,2.247,0.1378212511525192,0.1378212511525192,0.1173956834921375,0.0222511891584888,0.1417537365329658,1.0,-50.15,0
Colombia,2002,0,0,7.725,4.75,1.626,3.538,0.1475,6.0,7.0,5.4,0.988,2.833,0.1475317491093729,0.1475317491093729,0.1073001846647282,0.0196195515387643,0.1526239945561049,1.0,-51.79,0
Colombia,2003,0,0,6.7,4.975,1.347,5.212,0.18,6.8,6.2,6.8,0.992,2.74,0.1799894211064669,0.1799894211064669,0.310245965766956,0.0249400839027564,0.1803765470304274,1.0,-30.625,0
Colombia,2004,0,0,6.275,5.2,1.207,5.862,0.1905,7.0,6.0,7.0,0.964,2.5,0.1905296880067535,0.1905296880067535,0.5036818271646784,0.045331839549028,0.1928367898710054,1.0,-19.075,0
Colombia,2005,0,0,6.025,5.475,1.1,6.488,0.2008,7.6,6.0,7.4,0.993,2.433,0.2008046861973136,0.2008046861973136,0.7355462312096754,0.0609551329679268,0.2008955262032713,0.875,-7.280000000000003,0
Colombia,2006,0,0,5.675,5.5,1.032,6.888,0.2118,8.6,5.2,7.8,0.979,2.327,0.2118204033396911,0.2118204033396911,0.7758534527479817,0.1388180939467568,0.2178912243305235,0.625,1.4249999999999965,0
Colombia,2007,0,0,5.35,5.55,0.964,7.438,0.2267,8.8,5.0,8.4,0.937,1.713,0.2267098266379421,0.2267098266379421,0.4539270216301432,0.2652317623254536,0.239937271575759,0.125,8.399999999999997,0
Colombia,2008,0,0,5.325,5.575,0.955,7.538,0.2291,8.8,5.0,8.8,0.925,1.767,0.2291123095513508,0.2291123095513508,0.5102499431239659,0.2805107816619293,0.2437417946327989,0.125,9.54,0
Colombia,2009,0,0,5.4,5.5,0.982,7.262,0.2237,8.8,5.0,8.0,0.923,1.54,0.2237115912332705,0.2237115912332705,0.3314100494277684,0.2592842840232501,0.2373401209023697,0.25,6.725,0
Colombia,2010,0,0,5.3,5.625,0.942,7.55,0.2281,9.0,5.0,8.0,0.931,1.627,0.2280951339273418,0.2280951339273418,0.3957517083293997,0.261289255250602,0.2454295108800422,0.125,11.2,0
Colombia,2011,0,0,5.15,5.625,0.916,7.875,0.2379,9.0,5.0,9.2,0.954,1.72,0.2378826070317986,0.2378826070317986,0.3613426484932735,0.112847543789683,0.2520425701663086,0.125,15.34,0
Colombia,2012,0,0,5.025,5.725,0.878,8.137,0.2433,9.0,5.0,10.0,0.992,1.66,0.2433030176834704,0.2433030176834704,0.2498460434036374,0.0392338291905793,0.2579750046462007,0.125,21.25,0
Colombia,2013,0,0,5.0,5.725,0.873,8.162,0.2441,9.0,5.0,10.0,1.0,1.7,0.2441225064855762,0.2441225064855762,0.1781975306050791,0.0356877401215864,0.2580484088236455,0.125,21.75,0
Colombia,2014,0,0,5.0,5.75,0.87,8.188,0.2441,9.0,5.0,10.0,1.0,1.633,0.2441225064855762,0.2441225064855762,0.1237005525257254,0.032079120215857,0.2575185691438812,0.125,22.25,0
Colombia,2015,0,0,5.0,5.75,0.87,8.188,0.2441,9.0,5.0,10.0,1.0,1.633,0.2441225064855762,0.2441225064855762,0.0772551700766829,0.032079120215857,0.2575185691438812,0.125,22.25,0
Colombia,2016,0,0,5.0,5.75,0.87,8.525,0.2544,9.8,5.0,10.5,1.0,2.173,0.254374504430894,0.254374504430894,0.1287180901508886,0.0447343179359438,0.2741366218766682,0.125,24.95,0
Colombia,2017,0,0,5.0,5.75,0.87,8.062,0.2407,9.0,5.0,9.0,1.0,1.433,0.2407023178183711,0.2407023178183711,0.0839819662703134,0.0281557678206881,0.2521237992142881,0.125,21.5,0
Colombia,2018,0,0,5.025,5.75,0.874,7.938,0.2371,9.0,5.0,9.0,0.992,1.66,0.2370814925715588,0.2370814925715588,0.089935836632532,0.0299539865418297,0.2481118774890197,0.125,20.5,0
Colombia,2019,0,0,5.325,5.75,0.926,7.613,0.2272,9.0,5.0,8.2,0.983,1.673,0.2272463792785761,0.2272463792785761,0.6714282324141813,0.1053902792109247,0.2384006817088307,0.125,14.575000000000001,0
Colombia,2020,0,0,6.65,5.0,1.33,5.275,0.1816,7.2,6.0,6.8,1.053,3.213,0.1815581771915167,0.1815581771915167,0.8112416202166348,0.0402509691354066,0.1776315321924916,1.0,-28.27,0
Colombia,2021,0,0,7.0,4.975,1.407,4.7,0.1692,7.0,6.4,4.6,1.047,2.827,0.1692325909980793,0.1692325909980793,0.5137920756894647,0.0327704240949623,0.1647822089567759,1.0,-33.68,0
Colombia,2022,0,0,5.7,5.275,1.081,6.75,0.2154,9.0,5.0,8.0,1.048,2.373,0.2153700829268458,0.2153700829268458,0.3648342122216473,0.0876386251061608,0.2207102287615922,0.625,-3.4999999999999987,0
Colombia,2023,0,0,5.625,5.25,1.071,6.812,0.2181,9.0,5.0,8.0,1.012,2.1,0.2180790019017953,0.2180790019017953,0.272473652310886,0.150615185787574,0.2214847605791253,0.5,-2.625,0
Colombia,2024,0,0,5.625,5.25,1.071,6.812,0.2181,9.0,5.0,8.0,1.012,2.1,0.2180790019017953,0.2180790019017953,0.2826032689715575,0.150615185787574,0.2214847605791253,0.5,-2.625,0
Colombia,2025,0,0,5.625,5.25,1.071,6.812,0.2181,9.0,5.0,8.0,1.012,2.1,0.2180790019017953,0.2180790019017953,0.2630176543340905,0.150615185787574,0.2214847605791253,0.5,-2.625,0
Denmark,1912,0,0,3.625,5.0,0.725,9.25,0.3161,9.5,4.0,9.5,1.176,0.133,0.3161132273786414,0.3161132273786414,0.7476777207300406,0.1745974606377792,0.3698900681085587,0.0,37.25,0
Denmark,1913,0,0,3.75,4.875,0.769,9.0,0.3115,9.5,4.0,9.5,1.111,-0.267,0.3114974026749046,0.3114974026749046,0.5992949336953073,0.0974183661144132,0.3471575419512752,0.125,32.25,0
Denmark,1914,0,0,0.25,5.5,0.045,13.75,0.5387,17.0,0.0,15.0,0.0,-2.0,0.5386913747594324,0.5386913747594324,0.2120082701005114,0.0669974151963676,0.6199189805238954,0.0,198.0,0
Egypt,1900,0,0,4.375,6.625,0.66,11.562,0.3389,17.0,3.0,8.0,1.111,1.7,0.3388561991773191,0.3388561991773191,,0.22951769853001,0.4165314209701742,0.0,108.625,0
Egypt,1901,0,0,4.375,6.625,0.66,11.562,0.3389,17.0,3.0,8.0,1.111,1.7,0.3388561991773191,0.3388561991773191,,0.22951769853001,0.4165314209701742,0.0,108.625,0
Egypt,1902,0,0,4.375,7.125,0.614,12.312,0.3465,17.0,3.0,8.0,1.111,0.767,0.3465426811221141,0.3465426811221141,,0.1965162439446136,0.424499974179941,0.0,135.75,0
Egypt,1903,0,0,4.375,7.125,0.614,12.312,0.3465,17.0,3.0,8.0,1.111,0.767,0.3465426811221141,0.3465426811221141,,0.1965162439446136,0.424499974179941,0.0,135.75,0
Egypt,1904,0,0,4.25,7.375,0.576,13.062,0.367,18.0,3.0,12.5,1.167,1.967,0.3669691461923867,0.3669691461923867,,0.1623948391437963,0.4266150559782629,0.0,156.5,0
Egypt,1905,0,0,4.125,7.5,0.55,13.375,0.375,18.0,3.0,12.5,1.083,1.667,0.3749758816651812,0.3749758816651812,0.4645544824678582,0.1095674153489317,0.4211936329022354,0.0,165.0,0
Egypt,1906,0,0,5.5,7.125,0.772,11.688,0.3153,18.0,3.0,8.5,1.049,1.633,0.3153494613205433,0.3153494613205433,0.4802891135558262,0.3783508516201506,0.4056651689223196,0.0,90.875,0
Egypt,1907,0,0,6.375,6.125,1.041,9.0,0.2567,16.0,4.0,5.0,1.167,2.667,0.2566602791783665,0.2566602791783665,0.3264300352959965,0.2387776590958512,0.2978024787578847,0.625,9.25,0
Egypt,1908,0,0,5.5,6.125,0.898,9.875,0.2884,16.0,4.0,7.0,1.049,1.4,0.2884288475105856,0.2884288475105856,0.6198249657195042,0.5306263788426839,0.3520717780486836,0.125,36.5,0
Egypt,1909,0,0,5.625,6.375,0.882,10.125,0.2873,16.0,4.0,6.0,0.92,0.2,0.2873415193234765,0.2873415193234765,0.446979572347825,0.3064562269122861,0.3514844270062995,0.25,45.625,0
Egypt,1910,0,0,6.625,6.375,1.039,9.125,0.2519,16.0,4.0,2.0,0.931,-0.867,0.2518533240955402,0.2518533240955402,0.4898750378239853,0.1595410290078354,0.2960540702312339,0.5,12.875,0
Egypt,1911,0,0,4.875,7.25,0.672,12.438,0.3431,18.0,3.0,11.5,1.042,1.767,0.3430689703344134,0.3430689703344134,0.2708379131888535,0.1563112983383302,0.3970457951884577,0.125,120.875,0
Egypt,1912,0,0,4.25,7.5,0.567,13.875,0.3921,19.5,3.0,14.5,1.032,1.4,0.392072830612823,0.392072830612823,0.4647449442619121,0.1163180487305174,0.4468399894542701,0.125,180.125,0
Egypt,1913,0,0,4.25,7.625,0.557,14.0,0.3921,19.5,3.0,14.5,1.032,1.067,0.392072830612823,0.392072830612823,0.4006317263355488,0.0984643331514748,0.4430005317971202,0.125,185.375,0
Egypt,1914,0,0,6.375,6.75,0.944,10.75,0.2914,19.5,3.0,15.0,1.369,6.0,0.2914354937437781,0.2914354937437781,0.5892469493328285,0.1546071792096982,0.3611252882780166,0.5,73.5,0
Egypt,1915,0,0,7.125,6.125,1.163,8.625,0.2441,17.5,4.0,12.0,1.212,5.267,0.2440760313690978,0.2440760313690978,0.640598049656288,0.156373828453713,0.271161961355291,0.625,0.625,0
Egypt,1916,0,0,6.75,6.625,1.019,9.188,0.2481,17.5,4.0,12.5,1.237,5.633,0.2480527644261919,0.2480527644261919,0.5203733097820504,0.1860660222566132,0.3094022279574366,0.5,39.375,0
Egypt,1917,0,0,7.625,6.0,1.271,7.312,0.2126,17.5,4.0,10.5,1.238,6.9,0.2126312375071727,0.2126312375071727,0.4783810594217189,0.1769606158929875,0.245982725897784,0.625,-8.625,0
Egypt,1918,0,0,8.625,5.875,1.468,5.688,0.1756,16.5,5.0,8.5,1.208,7.5,0.1755626189949788,0.1755626189949788,0.4628601570305851,0.138037395343702,0.1932299642058546,0.75,-43.75,0
Egypt,1919,0,0,8.875,5.25,1.69,5.875,0.1853,10.0,7.0,0.0,1.085,0.867,0.1853033030922271,0.1853033030922271,1.1304186668902534,0.0299054434357094,0.1775342360418568,1.0,-121.625,0
Egypt,1920,0,0,7.625,5.875,1.298,7.75,0.221,13.0,6.0,3.0,1.009,1.733,0.2210299485381511,0.2210299485381511,0.5697694734088627,0.0356765880428103,0.2153713903207385,0.875,-56.0,0
Egypt,1921,0,0,7.125,6.25,1.14,8.625,0.2372,15.0,5.0,4.0,1.048,1.0,0.2372488090860842,0.2372488090860842,0.4662880019000417,0.1478770143017231,0.2587181881320266,0.75,-19.875,0
Egypt,1922,0,0,5.25,6.75,0.778,11.438,0.3199,16.0,4.0,8.5,1.026,1.233,0.3199168041557895,0.3199168041557895,0.2534426927203245,0.2787552116587292,0.3795229273381223,0.0,79.25,0
Egypt,1923,0,0,5.0,5.375,0.93,9.25,0.296,12.5,4.0,5.0,1.0,0.667,0.2960131270491932,0.2960131270491932,0.1857329701897165,0.0634066300244559,0.3251284346565419,0.375,32.125,0
Egypt,1924,0,0,6.625,5.125,1.293,7.0,0.229,11.5,5.0,2.0,0.857,-0.8,0.2289764620132933,0.2289764620132933,0.5816464296540013,0.3525462896744762,0.1602976083491077,0.375,-19.75,0
Egypt,1925,0,0,4.875,5.125,0.951,8.875,0.2916,12.5,4.0,5.0,1.042,1.133,0.2915556557638888,0.2915556557638888,0.3999312760552149,0.1328707445641808,0.3149659989730065,0.375,20.875,0
Egypt,1926,0,0,4.75,5.5,0.864,9.75,0.308,12.5,4.0,7.0,0.972,0.933,0.3080113864202555,0.3080113864202555,0.0900591435513062,0.082122736835479,0.3383841261213162,0.375,40.75,0
Egypt,1927,0,0,4.875,5.5,0.886,9.625,0.3032,12.5,4.0,6.0,0.833,0.2,0.3031921673213229,0.3031921673213229,0.2502686244253248,0.0678383519139713,0.324371598913962,0.375,34.5,0
Egypt,1928,0,0,6.25,5.125,1.22,7.0,0.2299,10.5,5.0,0.0,0.938,0.267,0.2299468539310611,0.2299468539310611,0.5346892499789324,0.1466621000931955,0.2083393765320504,0.5,-14.625,0
Egypt,1929,0,0,7.125,5.125,1.39,6.125,0.2044,11.5,5.0,1.0,1.048,1.533,0.2044005382612432,0.2044005382612432,0.5039381975364303,0.0344478997333906,0.1914982103206918,0.875,-43.375,0
Egypt,1930,0,0,6.875,5.25,1.31,6.875,0.2222,12.5,4.0,9.0,1.29,5.4,0.2221978072775779,0.2221978072775779,0.2879248258091829,0.0355739248488147,0.2215850392487839,0.75,-29.625,0
Egypt,1931,0,0,6.375,5.25,1.214,7.375,0.2365,12.5,4.0,10.0,1.264,5.133,0.2365074944367843,0.2365074944367843,0.3472442812988335,0.1069129953879665,0.235168483988977,0.625,-15.75,0
Egypt,1932,0,0,5.875,5.375,1.093,8.375,0.2621,12.5,4.0,10.0,1.131,4.067,0.262116529830771,0.262116529830771,0.1084367438675927,0.2580364818053913,0.2631810973580992,0.375,-3.5,0
Egypt,1933,0,0,5.75,5.5,1.045,8.625,0.2656,11.5,5.0,6.0,0.977,1.8,0.2655561021777661,0.2655561021777661,0.1216095054888854,0.3502786503765287,0.2556147390176819,0.25,-0.625,0
Egypt,1934,0,0,4.625,5.875,0.787,10.5,0.3214,12.5,4.0,10.0,1.014,1.6,0.3213855561577879,0.3213855561577879,0.0806525566876698,0.187438525995795,0.3603122541219358,0.0,52.875,0
Egypt,1935,0,0,6.0,6.375,0.941,10.312,0.2886,13.0,5.0,7.0,0.914,0.5,0.2886483982082567,0.2886483982082567,0.3533939954145061,0.1309509829435466,0.3135819407973489,0.375,26.5,0
Egypt,1936,0,0,4.125,6.25,0.66,12.25,0.3786,14.0,4.0,12.0,1.083,1.467,0.378597121874473,0.378597121874473,0.06961009541607,0.1134362735561211,0.4119089774778451,0.0,108.25,0
Egypt,1937,0,0,5.25,5.75,0.913,10.0,0.307,14.0,4.0,5.0,1.026,0.533,0.3069623262863662,0.3069623262863662,0.693602067132086,0.1597755898354849,0.3394487983718129,0.25,37.875,0
Egypt,1938,0,0,5.375,5.75,0.935,9.375,0.2877,14.0,4.0,5.0,0.988,0.6,0.2877440063693933,0.2877440063693933,0.4668816948205262,0.2623516326935524,0.316426979493745,0.25,28.25,0
Egypt,1939,0,0,6.75,5.75,1.174,7.75,0.231,14.0,5.0,4.0,0.98,1.2,0.2310236017005545,0.2310236017005545,0.4313132933576821,0.122253610467336,0.2428386889724375,0.75,-18.875,0
Egypt,1940,0,0,7.875,6.0,1.312,6.438,0.1899,14.0,6.0,2.0,1.026,0.7,0.1899045141481009,0.1899045141481009,0.3264012358483322,0.032060094868823,0.1979835534521784,0.875,-38.375,0
Egypt,1941,0,0,8.75,5.75,1.522,5.375,0.1691,13.0,7.0,0.0,0.985,-0.733,0.1691281401499042,0.1691281401499042,0.7116778751844867,0.0314823072427177,0.1642474441328261,0.875,-76.5,0
Egypt,1942,0,0,7.875,6.5,1.212,7.562,0.2034,14.0,6.0,3.0,1.026,0.1,0.2033647548490451,0.2033647548490451,0.2907225771537376,0.0910473323753737,0.2034930918859085,0.625,-25.25,0
Egypt,1943,0,0,6.625,6.875,0.964,10.062,0.2625,15.0,5.0,7.0,1.094,0.9,0.2625473889565126,0.2625473889565126,0.7285061502455243,0.3235457695601598,0.2870354283796409,0.25,32.875,0
Egypt,1944,0,0,5.625,6.125,0.918,10.125,0.2952,16.0,4.0,5.0,1.111,1.267,0.2952230092111442,0.2952230092111442,0.4472672483646183,0.2752827351044703,0.3354722860276088,0.25,45.5,0
Egypt,1945,0,0,7.0,5.625,1.244,7.375,0.2244,14.0,5.0,1.0,1.078,1.133,0.2243949370733608,0.2243949370733608,0.293357663340671,0.1115146180500349,0.2258270709574354,0.75,-24.0,0
Egypt,1946,0,0,8.0,5.5,1.455,5.875,0.1869,13.0,6.0,1.0,1.068,1.933,0.1869241912496599,0.1869241912496599,0.4737338856991124,0.0195435471981721,0.1828130374092671,0.875,-59.625,0
Egypt,1947,0,0,7.0,5.5,1.273,7.625,0.2325,14.0,5.0,3.0,1.078,2.067,0.2325032678590891,0.2325032678590891,0.2951263771180927,0.1011621239691448,0.2309191924096049,0.75,-34.0,0
Egypt,1948,0,0,9.125,4.875,1.872,3.625,0.152,11.0,7.0,0.0,1.037,1.0,0.1519890627966761,0.1519890627966761,0.2768991513489608,0.076696906081178,0.1407466438854494,0.875,-106.375,0
Egypt,1949,1,0,8.125,5.125,1.585,5.438,0.1865,12.0,6.0,2.0,1.042,1.767,0.1864970167524868,0.1864970167524868,0.2338394408566184,0.0418353266813582,0.1754956193109537,0.875,-83.875,0
Egypt,1950,1,0,6.5,6.25,1.04,9.312,0.2602,14.0,5.0,6.0,0.96,0.5,0.2602023675880076,0.2602023675880076,0.2540744228336256,0.2075368300385058,0.2619442884645827,0.375,9.5,1
Egypt,1951,1,0,8.75,4.875,1.795,3.312,0.1447,10.5,7.0,-2.5,1.047,0.767,0.1447254420127513,0.1447254420127513,0.2241880857033723,0.0748404887652931,0.1364716722874303,0.875,-75.75,1
Egypt,1952,0,1,8.75,5.25,1.667,4.562,0.1616,7.5,8.0,4.0,1.111,3.033,0.1615891064854231,0.1615891064854231,0.5014534231766082,0.0197056999543366,0.1556591713472527,1.0,-91.25,1
Egypt,1953,0,0,5.75,6.125,0.939,9.75,0.2799,12.5,5.0,10.5,0.977,1.2,0.2799001204982311,0.2799001204982311,0.3902932931559216,0.2747117950765673,0.2944866411122639,0.125,25.875,0
Egypt,1954,0,0,5.625,6.125,0.918,10.188,0.2962,12.5,5.0,13.5,0.833,-0.5,0.2961809831794648,0.2961809831794648,0.36588154498728,0.0504596719602858,0.30353486327071,0.25,37.125,0
Egypt,1955,0,0,5.0,7.0,0.714,12.625,0.3549,15.0,4.0,16.0,1.0,0.733,0.3548615844838697,0.3548615844838697,0.5379489242620942,0.056703266797731,0.3883591236272808,0.125,120.25,0
Egypt,1956,0,0,6.5,7.0,0.929,11.125,0.2899,15.0,5.0,15.0,1.042,2.067,0.2899131224603806,0.2899131224603806,0.6627253444051813,0.1653174720450545,0.3272711618194564,0.25,69.125,0
Egypt,1957,0,0,5.125,7.125,0.719,12.875,0.3565,16.0,4.0,15.0,1.067,1.667,0.3565088501846594,0.3565088501846594,0.5696636605000831,0.1329361549196733,0.4063140685107728,0.125,129.25,0
Egypt,1958,0,0,5.75,7.25,0.793,12.438,0.3297,15.5,5.0,11.0,0.889,-0.367,0.329697403306443,0.329697403306443,0.4114362026473012,0.1082889877342485,0.3551985132760007,0.125,90.375,0
Egypt,1959,0,0,5.0,7.5,0.667,13.812,0.3765,16.5,4.0,15.0,1.0,0.767,0.3765346068528485,0.3765346068528485,0.1467150916643991,0.0919736499673675,0.4025522197495157,0.0,148.25,0
Egypt,1960,0,0,5.0,8.0,0.625,14.688,0.3896,18.5,4.0,15.0,0.897,-0.5,0.3895993923916275,0.3895993923916275,0.54890547374173,0.0646605525664743,0.4189599470349459,0.0,190.875,0
Egypt,1961,0,0,5.125,7.375,0.695,13.562,0.3749,17.5,4.0,15.0,0.962,0.1,0.3748540321881575,0.3748540321881575,0.3469987538627448,0.0610921944711078,0.4189922462490391,0.125,167.25,0
Egypt,1962,0,0,4.75,7.75,0.613,14.688,0.4048,18.5,4.0,17.0,0.972,0.833,0.4047600783449991,0.4047600783449991,0.2563244322976625,0.0706401037588746,0.4504881062859709,0.125,211.75,0
Egypt,1963,0,0,5.375,7.5,0.717,13.375,0.3566,16.5,5.0,15.0,0.893,-0.733,0.3565995438626407,0.3565995438626407,0.2384440081748999,0.0342045382083023,0.3779638600408822,0.125,136.125,0
Egypt,1964,1,0,5.5,7.5,0.733,13.25,0.351,17.5,5.0,15.0,0.862,-0.933,0.3510170201452453,0.3510170201452453,0.0755477214655729,0.1105840235142791,0.3878467112681965,0.125,134.0,0
Egypt,1965,1,0,6.625,7.0,0.946,10.875,0.2824,14.5,6.0,12.0,0.931,-0.467,0.282435352654149,0.282435352654149,0.5989260371891009,0.1131355649591671,0.2944058425882999,0.25,33.875,1
Egypt,1966,1,0,7.25,6.75,1.074,10.0,0.2585,14.5,6.0,11.0,1.019,0.8,0.2585374824411929,0.2585374824411929,0.5181116571842059,0.3727706047235941,0.2487700902539174,0.375,-10.875,1
Egypt,1967,0,1,9.75,4.375,2.229,2.188,0.134,8.0,9.0,1.0,1.042,0.033,0.134031208362314,0.134031208362314,0.5239473785096846,0.0115128707510345,0.138849584424725,1.0,-139.25,1
Egypt,1968,0,0,8.0,5.875,1.362,7.312,0.2098,10.0,8.0,8.0,1.0,1.3,0.2098056556297888,0.2098056556297888,0.7140015539946507,0.0108370105210724,0.2088655696617262,1.0,-85.75,0
Egypt,1969,0,0,7.0,6.75,1.037,10.375,0.2689,12.5,7.0,11.0,1.0,1.133,0.2688768263436744,0.2688768263436744,0.1335561707453273,0.6686565961743478,0.2308670692668455,0.25,-9.625,0
Egypt,1970,0,0,6.5,7.375,0.881,11.812,0.297,14.5,6.0,8.5,0.96,0.767,0.2969601492258952,0.2969601492258952,0.8290339350445299,0.1204746475860411,0.3273620323025859,0.25,58.5,0
Egypt,1971,0,0,5.875,6.75,0.87,11.312,0.3097,14.0,5.0,13.5,1.235,3.433,0.3097491665977561,0.3097491665977561,,0.1545273795981344,0.352400085401187,0.25,58.125,0
Egypt,1972,0,0,6.25,6.875,0.909,10.938,0.2919,15.0,5.0,11.5,1.207,3.367,0.2918985637546221,0.2918985637546221,,0.2448061587371593,0.3340173275273916,0.25,47.5,0
Egypt,1973,0,0,4.75,7.75,0.613,14.625,0.4,17.0,4.0,17.0,1.212,3.133,0.4000239092023358,0.4000239092023358,,0.1001846945661936,0.4432643310376954,0.0,197.0,0
Egypt,1974,0,0,5.875,7.125,0.825,12.625,0.3358,15.0,5.0,13.0,1.034,1.8,0.3358387071985478,0.3358387071985478,,0.0670044773563418,0.3528330810916096,0.125,79.75,0
Egypt,1975,0,0,5.875,7.0,0.839,12.312,0.3308,15.0,5.0,13.0,1.034,1.3,0.3308256974092783,0.3308256974092783,0.5281343476887983,0.090071563494996,0.3590953334140911,0.25,73.25,0
Egypt,1976,0,0,6.875,6.875,1.0,10.75,0.2783,14.0,6.0,11.0,1.029,1.467,0.2782757215888407,0.2782757215888407,0.5032369283351752,0.2437097132572354,0.2865505288066988,0.25,18.625,0
Egypt,1977,0,0,8.625,5.75,1.5,6.375,0.1904,10.0,8.0,4.0,1.071,2.467,0.1903909455317009,0.1903909455317009,0.8463258553795909,0.0324939135900237,0.1852460285058693,1.0,-102.375,0
Egypt,1978,0,0,7.25,6.25,1.16,9.25,0.2522,12.0,7.0,9.0,1.019,1.2,0.2522364443940543,0.2522364443940543,0.5085378938884618,0.3648850037288976,0.2174842037470364,0.5,-37.375,0
Egypt,1979,0,0,6.875,6.25,1.1,9.5,0.2652,13.0,6.0,7.0,0.952,0.0,0.2652457496062385,0.2652457496062385,0.4710091065267238,0.0875032581244521,0.2418627560128388,0.375,-6.25,0
Egypt,1980,0,0,6.875,6.25,1.1,9.5,0.2652,13.0,6.0,7.0,0.952,0.0,0.2652457496062385,0.2652457496062385,0.3082776552555011,0.0875032581244521,0.2418627560128388,0.375,-6.25,0
Egypt,1981,0,0,7.375,6.0,1.229,7.375,0.2152,12.0,6.0,1.0,0.855,-0.467,0.2151919206507178,0.2151919206507178,0.1058844780846253,0.2487512017662735,0.167501107805014,0.5,-26.75,0
Egypt,1982,0,0,6.25,6.125,1.02,9.562,0.2732,13.0,5.0,8.5,1.022,2.5,0.2731613999966148,0.2731613999966148,0.5058005033596474,0.2641272213969027,0.2834841347175847,0.375,5.25,0
Egypt,1983,0,0,6.0,6.125,0.98,9.938,0.2855,13.0,5.0,10.5,1.092,3.1,0.2854713369796956,0.2854713369796956,0.6918288284274161,0.3813344491810966,0.3041782550557785,0.25,15.75,0
Egypt,1984,0,0,5.75,6.25,0.92,10.438,0.3,15.0,4.0,12.5,1.173,3.9,0.299959468351369,0.299959468351369,0.6449808166249372,0.3053664755827296,0.3489647115681462,0.25,38.0,0
Egypt,1985,0,0,6.25,6.125,1.02,9.688,0.2769,13.0,5.0,10.5,1.207,3.767,0.276918206507393,0.276918206507393,0.3371194306202276,0.2653677280580311,0.2832824873503516,0.375,8.0,0
Egypt,1986,0,0,7.0,6.0,1.167,8.312,0.2396,13.0,5.0,8.5,1.0,1.567,0.2396317005079784,0.2396317005079784,0.3094523037925085,0.2485264491861059,0.2184952695752489,0.5,-22.5,0
Egypt,1987,0,0,6.5,6.125,1.061,9.312,0.2639,13.0,5.0,9.5,1.129,3.167,0.2639040353467239,0.2639040353467239,0.3537393146335119,0.1768772255466619,0.2633733510965513,0.5,-4.875,0
Egypt,1988,0,0,6.375,5.875,1.085,9.188,0.2687,13.0,5.0,10.5,1.167,4.033,0.2686547295591116,0.2686547295591116,0.3626152821756104,0.2602038992681383,0.2552480070345347,0.375,-6.5,0
Egypt,1989,0,0,6.375,5.875,1.085,9.188,0.2687,13.0,5.0,10.5,1.167,4.033,0.2686547295591116,0.2686547295591116,0.2559224245112104,0.2602038992681383,0.2552480070345347,0.375,-6.5,0
Egypt,1990,0,0,6.375,6.25,1.02,9.625,0.271,13.0,5.0,10.5,1.075,3.133,0.270989525263723,0.270989525263723,0.3675490589494421,0.3451045673392541,0.2629144096176377,0.25,8.25,0
Egypt,1991,0,0,5.375,7.0,0.768,11.938,0.3286,16.0,4.0,15.5,1.2,4.167,0.3285856926566513,0.3285856926566513,0.7177102618059387,0.1434136346951715,0.3837629274449812,0.25,103.125,0
Egypt,1992,0,0,6.875,6.25,1.1,9.125,0.2536,13.0,5.0,9.5,1.029,2.867,0.2536229447579391,0.2536229447579391,0.5915299927232158,0.1791178347513604,0.2565378472835228,0.5,-12.875,0
Egypt,1993,0,0,7.125,6.25,1.14,8.75,0.2437,13.0,5.0,9.5,1.048,2.8,0.243724534608007,0.243724534608007,0.5376886512387986,0.1791354869169217,0.2335935984798002,0.5,-16.375,0
Egypt,1994,0,0,7.375,6.25,1.18,8.625,0.2372,13.0,5.0,9.5,1.065,4.2,0.2371539181075183,0.2371539181075183,0.5796237798549336,0.1256762461512004,0.2298857134319333,0.625,-25.625,0
Egypt,1995,0,0,7.5,6.125,1.224,8.25,0.2308,13.0,5.0,6.5,1.036,3.6,0.2308194922698236,0.2308194922698236,0.3498457720307609,0.1193237067465728,0.2202252317832759,0.625,-35.25,0
Egypt,1996,0,0,6.5,6.375,1.02,10.125,0.2786,14.0,5.0,11.5,1.042,3.933,0.2786277963368669,0.2786277963368669,0.1006180008820315,0.1684900495511808,0.283331535488471,0.25,21.125,0
Egypt,1997,0,0,8.375,5.875,1.426,6.875,0.1997,13.0,6.0,7.5,1.057,4.6,0.1996508418900713,0.1996508418900713,0.6280337459334246,0.1073019901288079,0.1737046897017179,0.75,-73.625,0
Egypt,1998,0,0,6.375,6.5,0.981,10.25,0.2802,14.0,5.0,12.5,1.167,5.733,0.2801613697758006,0.2801613697758006,0.6336946222948548,0.1138852399404565,0.3023886223451587,0.375,34.75,0
Egypt,1999,0,0,5.875,6.75,0.87,11.375,0.3113,14.0,5.0,14.5,1.235,5.933,0.3113135826296882,0.3113135826296882,0.6292801595345441,0.1323619909285203,0.3531444771423162,0.25,77.125,0
Egypt,2000,0,0,6.5,6.5,1.0,10.312,0.281,13.0,5.0,12.5,1.129,5.3,0.2810204227648534,0.2810204227648534,0.2538858012214326,0.1077767028583852,0.2953249071254784,0.25,35.875,0
Egypt,2001,0,0,5.375,6.625,0.811,11.438,0.3227,15.0,4.0,12.5,1.2,4.167,0.3227093500932176,0.3227093500932176,0.429272509455873,0.1806797683609783,0.366452636640898,0.125,75.5,0
Egypt,2002,0,0,5.625,6.625,0.849,11.188,0.3116,15.0,4.0,11.5,1.218,4.3,0.3115640141587792,0.3115640141587792,0.4179509748675318,0.2185420497405882,0.3581476677026235,0.125,63.25,0
Egypt,2003,0,0,7.125,6.0,1.188,8.562,0.2433,14.0,5.0,7.5,1.212,5.433,0.2432682495061884,0.2432682495061884,0.4742895201621256,0.0158981795235071,0.24756618273883,0.625,-20.75,0
Egypt,2004,0,0,5.875,7.0,0.839,11.5,0.3085,16.0,4.0,13.0,1.235,5.067,0.3085352961124853,0.3085352961124853,0.3408390803137632,0.1551431466659367,0.3613836113435161,0.25,86.0,0
Egypt,2005,0,0,6.875,6.625,1.038,9.75,0.2615,15.0,5.0,7.0,1.111,3.867,0.2615015672819225,0.2615015672819225,0.3541227729478809,0.0794031731011527,0.2970539182956467,0.5,35.25,0
Egypt,2006,0,0,6.5,6.875,0.945,10.875,0.2899,16.5,4.0,11.0,1.222,5.4,0.2898730188668506,0.2898730188668506,0.3857715372608614,0.1609780744166991,0.3480810038905244,0.375,77.125,0
Egypt,2007,0,0,7.375,6.75,1.093,9.5,0.2466,15.5,5.0,9.0,1.143,4.8,0.2465897516546119,0.2465897516546119,0.4703784210484927,0.0723390036175415,0.278121965308521,0.5,33.75,0
Egypt,2008,1,0,8.375,5.875,1.426,6.562,0.1942,12.5,6.0,5.0,1.197,5.967,0.1942125581346754,0.1942125581346754,0.5173494936724585,0.027304978880871,0.1950217445878999,0.75,-48.625,0
Egypt,2009,1,0,8.0,6.125,1.306,7.562,0.2126,12.0,6.0,5.5,1.14,4.633,0.2125928669875317,0.2125928669875317,0.6004952269307835,0.0525820060855557,0.2060369304302099,0.625,-33.375,1
Egypt,2010,1,0,8.75,5.25,1.667,4.812,0.1694,9.0,7.0,2.5,1.111,4.5,0.1694186624441935,0.1694186624441935,0.5752467498108709,0.1738536564976623,0.1421284659292019,0.75,-77.75,1
Egypt,2011,1,1,9.875,3.25,3.038,1.188,0.1343,1.0,10.0,-3.5,1.02,2.433,0.1343213776472835,0.1343213776472835,0.5489615988463468,0.089818859758687,0.1494488485772718,1.0,-169.5,1
Egypt,2012,1,0,8.75,4.0,2.188,2.875,0.1557,5.0,8.0,0.0,0.985,2.467,0.1557335697686577,0.1557335697686577,0.2260179757452802,0.0248218339865313,0.1538264770587453,1.0,-120.875,1
Egypt,2013,0,1,9.75,4.0,2.438,2.125,0.1386,6.0,9.0,-2.0,1.042,3.4,0.138612467420547,0.138612467420547,0.3231916667595055,0.0302304960042373,0.1374494550466667,1.0,-147.75,1
Egypt,2014,0,0,6.75,6.125,1.102,9.625,0.2707,13.0,6.0,12.5,1.333,7.933,0.2707267933920831,0.2707267933920831,0.4166389111772438,0.0481120168568072,0.2758903529725302,0.5,5.0,0
Egypt,2015,0,0,6.375,7.0,0.911,11.375,0.2987,15.0,5.0,14.0,1.369,8.6,0.2986687677034165,0.2986687677034165,0.7056176282047628,0.0849401177877684,0.3342563867377964,0.375,77.0,0
Egypt,2016,0,0,7.75,6.625,1.17,9.438,0.2438,13.0,6.0,13.0,1.373,9.233,0.2437789446789039,0.2437789446789039,0.5532128890309256,0.0626404702575947,0.244555502844456,0.5,-7.75,0
Egypt,2017,0,0,6.625,6.75,0.981,10.938,0.2908,14.0,5.0,14.0,1.379,8.433,0.2907722604136193,0.2907722604136193,0.5105156363316486,0.079522247140918,0.3282922237856604,0.5,55.5,0
Egypt,2018,0,0,5.875,7.5,0.783,13.188,0.3427,15.0,5.0,16.0,1.346,6.967,0.3426876295985139,0.3426876295985139,0.5853111990471601,0.1688548069745492,0.4024682603445214,0.125,138.625,0
Egypt,2019,0,0,5.25,7.625,0.689,14.062,0.377,16.0,4.0,17.0,1.377,6.233,0.3770001801696418,0.3770001801696418,0.5831007042159331,0.1213891102357823,0.4427369193477111,0.125,184.25,0
Egypt,2020,0,0,7.0,7.0,1.0,10.938,0.2791,14.0,6.0,12.0,1.25,6.3,0.2791453759883203,0.2791453759883203,0.3914754144118046,0.2206242534509092,0.2998254262326071,0.375,29.625,0
Egypt,2021,0,0,6.625,7.5,0.883,12.375,0.3082,14.0,6.0,15.0,1.278,7.0,0.3081512310137457,0.3081512310137457,0.265204802418712,0.2801961701033305,0.3620773862708083,0.125,94.875,0
Egypt,2022,0,0,8.0,6.625,1.208,9.312,0.2374,12.0,7.0,11.0,1.216,7.7,0.2373886353648909,0.2373886353648909,0.5125275204324324,0.1229535806286761,0.2447035801222694,0.625,-27.125,0
Egypt,2023,0,0,9.5,5.125,1.854,4.938,0.1677,8.0,9.0,6.0,1.087,7.1,0.1676648228432219,0.1676648228432219,0.1572182703625248,0.0845655612037152,0.1622999400816553,0.875,-146.625,0
Egypt,2024,0,0,7.625,7.0,1.089,10.062,0.25,13.0,7.0,13.0,1.238,7.3,0.2499816191113218,0.2499816191113218,0.4509153517466355,0.069004476506237,0.2670706753758341,0.5,16.875,0
Egypt,2025,0,0,6.875,7.125,0.965,11.188,0.2828,14.0,6.0,13.0,1.198,6.967,0.2827721474286527,0.2827721474286527,0.3705729275103557,0.2124048994247016,0.3116893966769017,0.25,57.125,0
Estonia,1900,0,0,2.125,4.875,0.436,10.688,0.3764,10.0,3.0,10.5,0.513,-0.767,0.3764172835789245,0.3764172835789245,,0.1522997252196355,0.4170618240762432,0.0,59.75,0
Estonia,1901,0,0,2.125,4.875,0.436,10.688,0.3764,10.0,3.0,10.5,0.513,-0.767,0.3764172835789245,0.3764172835789245,,0.1522997252196355,0.4170618240762432,0.0,59.75,0
Estonia,1902,0,0,2.125,4.875,0.436,10.688,0.3764,10.0,3.0,10.5,0.513,-0.767,0.3764172835789245,0.3764172835789245,,0.1522997252196355,0.4170618240762432,0.0,59.75,0
Estonia,1903,0,0,1.625,5.125,0.317,11.906,0.4287,12.25,2.0,11.75,0.5,-1.083,0.4286819933656002,0.4286819933656002,,0.0617058849185345,0.4541373232421956,0.0,89.546875,0
Estonia,1904,0,0,1.625,5.125,0.317,11.906,0.4287,12.25,2.0,11.75,0.5,-1.083,0.4286819933656002,0.4286819933656002,,0.0617058849185345,0.4541373232421956,0.0,89.546875,0
Estonia,1905,0,0,1.375,4.625,0.297,10.906,0.4092,11.0,2.0,11.5,0.952,-0.15,0.4091988459132692,0.4091988459132692,0.6865386089053827,0.1151775637357427,0.4782902404685543,0.0,75.359375,0
Estonia,1906,0,0,1.25,5.125,0.244,12.281,0.4519,13.25,1.0,12.75,0.714,-0.483,0.4519133062139676,0.4519133062139676,0.2573467220234987,0.0475911269502542,0.4762468561447482,0.0,100.484375,0
Estonia,1907,0,0,1.625,5.125,0.317,11.906,0.4287,12.25,2.0,11.75,0.5,-1.083,0.4286819933656002,0.4286819933656002,0.137280999142161,0.0617058849185345,0.4541373232421956,0.0,89.546875,0
Estonia,1908,0,0,1.625,5.125,0.317,11.906,0.4287,12.25,2.0,11.75,0.5,-1.083,0.4286819933656002,0.4286819933656002,0.1552730852958578,0.0617058849185345,0.4541373232421956,0.0,89.546875,0
Estonia,1909,0,0,1.625,5.125,0.317,11.906,0.4287,12.25,2.0,11.75,0.5,-1.083,0.4286819933656002,0.4286819933656002,0.1552730852958578,0.0617058849185345,0.4541373232421956,0.0,89.546875,0
Estonia,1910,0,0,2.0,5.625,0.356,12.781,0.4459,12.5,3.0,12.0,0.385,-1.683,0.4459053779136566,0.4459053779136566,0.3611816520720716,0.0759111933344786,0.4785157657268732,0.0,110.953125,0
Estonia,1911,0,0,2.0,5.625,0.356,12.781,0.4459,12.5,3.0,12.0,0.385,-1.683,0.4459053779136566,0.4459053779136566,0.2141918974895794,0.0759111933344786,0.4785157657268732,0.0,110.953125,0
Estonia,1912,0,0,2.0,5.625,0.356,12.781,0.4459,12.5,3.0,12.0,0.385,-1.683,0.4459053779136566,0.4459053779136566,0.1326990236746864,0.0759111933344786,0.4785157657268732,0.0,110.953125,0
Estonia,1913,0,0,1.5,5.938,0.253,14.062,0.5035,14.75,2.0,13.25,0.333,-2.167,0.5034904568596514,0.5034904568596514,0.2436658422495322,0.0435222619128502,0.5268235062632374,0.0,155.75,0
Estonia,1914,0,0,2.75,3.75,0.733,7.25,0.2782,9.5,1.0,8.0,1.667,3.067,0.2781929494403569,0.2781929494403569,1.1378011786765505,0.1744140732366194,0.3559656653031539,0.25,23.375,0
Estonia,1915,0,0,5.25,2.25,2.333,1.188,0.128,3.0,4.0,3.5,1.25,3.767,0.1279789968202536,0.1279789968202536,0.5774653034469496,0.104624518072008,0.1311446097506029,0.875,-13.25,0
Estonia,1916,0,0,5.25,2.25,2.333,1.188,0.128,3.0,4.0,3.5,1.25,3.767,0.1279789968202536,0.1279789968202536,0.4519932735906727,0.104624518072008,0.1311446097506029,0.875,-13.25,0
Estonia,1917,0,0,5.5,4.125,1.333,4.562,0.1887,0.5,7.0,2.0,0.778,-3.9,0.1886899460923924,0.1886899460923924,0.3431871120612261,0.0700039451360475,0.1774237060818476,0.5,-7.375,0
Estonia,1918,0,0,7.125,3.125,2.28,0.25,0.1062,-3.0,8.0,-5.0,0.901,-3.6,0.1061712297377264,0.1061712297377264,0.7421155357130288,0.0991093716538542,0.1054523343720285,0.875,-23.5,0
Estonia,1919,0,0,3.5,5.5,0.636,9.875,0.3245,5.0,5.0,9.5,0.926,-1.533,0.3245173223498989,0.3245173223498989,0.8318290493503714,0.0733003418534238,0.359767447859211,0.125,63.5,0
Estonia,1920,0,0,2.5,6.5,0.385,13.375,0.444,8.5,4.0,13.0,0.897,-1.533,0.4439822148850192,0.4439822148850192,0.785414127071295,0.0568603201482798,0.4823675674226554,0.0,167.0,0
Estonia,1921,0,0,1.625,6.5,0.25,14.812,0.5285,11.0,3.0,15.0,0.741,-0.833,0.5284623013299845,0.5284623013299845,0.2597247396834592,0.0303625961227024,0.551184505653301,0.0,215.125,0
Estonia,1922,0,0,1.625,6.5,0.25,14.812,0.5285,11.0,3.0,15.0,0.741,-0.833,0.5284623013299845,0.5284623013299845,0.1611933682063122,0.0303625961227024,0.551184505653301,0.0,215.125,0
Estonia,1923,0,0,1.625,6.5,0.25,14.812,0.5285,11.0,3.0,15.0,0.741,-0.833,0.5284623013299845,0.5284623013299845,0.0978092438967932,0.0303625961227024,0.551184505653301,0.0,215.125,0
Estonia,1924,0,0,1.625,6.5,0.25,14.812,0.5285,11.0,3.0,15.0,0.741,-0.833,0.5284623013299845,0.5284623013299845,0.1040070080508638,0.0303625961227024,0.551184505653301,0.0,215.125,0
Estonia,1925,0,0,1.625,6.5,0.25,14.812,0.5285,11.0,3.0,15.0,0.741,-0.833,0.5284623013299845,0.5284623013299845,0.0585344139280645,0.0303625961227024,0.551184505653301,0.0,215.125,0
Estonia,1926,0,0,1.625,6.5,0.25,14.812,0.5285,11.0,3.0,15.0,0.741,-0.833,0.5284623013299845,0.5284623013299845,0.0,0.0303625961227024,0.551184505653301,0.0,215.125,0
Estonia,1927,0,0,1.625,6.5,0.25,14.812,0.5285,11.0,3.0,15.0,0.741,-0.833,0.5284623013299845,0.5284623013299845,0.0,0.0303625961227024,0.551184505653301,0.0,215.125,0
Estonia,1928,0,0,1.625,6.5,0.25,14.812,0.5285,11.0,3.0,15.0,0.741,-0.833,0.5284623013299845,0.5284623013299845,0.0,0.0303625961227024,0.551184505653301,0.0,215.125,0
Estonia,1929,0,0,1.625,6.5,0.25,14.812,0.5285,11.0,3.0,15.0,0.741,-0.833,0.5284623013299845,0.5284623013299845,0.0,0.0303625961227024,0.551184505653301,0.0,215.125,0
Estonia,1930,0,0,2.625,6.5,0.404,13.812,0.4601,10.0,4.0,14.0,0.833,-0.833,0.4600531541035842,0.4600531541035842,0.1615712273336159,0.0441741230951745,0.4834472661198162,0.0,172.0,0
Estonia,1931,0,0,2.625,6.5,0.404,13.812,0.4601,10.0,4.0,14.0,0.833,-0.833,0.4600531541035842,0.4600531541035842,0.1292569818668926,0.0441741230951745,0.4834472661198162,0.0,172.0,0
Estonia,1932,0,0,3.625,6.5,0.558,12.812,0.4005,9.0,5.0,13.0,0.877,-0.833,0.4004995324510338,0.4004995324510338,0.187643510135904,0.0842558218332506,0.4263834330249533,0.0,128.875,0
Estonia,1933,0,0,4.625,6.5,0.712,10.938,0.3208,7.0,6.0,11.0,0.903,-0.633,0.320826081171716,0.320826081171716,0.2096573855101799,0.0511236295653322,0.3401785299382782,0.125,75.25,0
Estonia,1934,0,0,5.625,6.5,0.865,8.938,0.2517,5.0,7.0,9.0,0.92,-0.633,0.2516725150397077,0.2516725150397077,0.3145614826495477,0.0891029871384054,0.2628945094365492,0.125,31.75,0
Estonia,1935,0,0,6.625,6.5,1.019,6.938,0.195,3.0,8.0,7.0,0.931,-0.633,0.1950340891205345,0.1950340891205345,0.4601486845974781,0.2618170367366172,0.1851192267140764,0.25,1.0,0
Estonia,1936,0,0,7.625,6.5,1.173,4.938,0.1488,1.0,9.0,5.0,0.94,-0.633,0.1488264419074141,0.1488264419074141,,0.2621215478220913,0.1341425622662324,0.625,-17.0,0
Estonia,1937,1,0,8.625,6.5,1.327,2.938,0.1113,-1.0,10.0,3.0,0.947,-0.633,0.1112934171191806,0.1112934171191806,,0.0407599940070946,0.1111198356392569,1.0,-22.25,0
Estonia,1938,1,0,9.5,6.5,1.462,1.312,0.0864,-1.0,10.0,1.0,0.972,-0.567,0.0864200260552563,0.0864200260552563,0.2598131702248253,0.0429232552552333,0.0876033322620983,1.0,-21.5,1
Estonia,1939,1,0,8.625,5.5,1.568,2.188,0.1159,-1.0,10.0,2.0,0.947,-0.767,0.1159362830999704,0.1159362830999704,0.1944371948272618,0.0352051945121557,0.114494478179437,1.0,-41.875,1
Estonia,1940,0,1,7.625,5.5,1.386,4.188,0.1541,1.0,9.0,4.0,0.94,-0.767,0.154103322871801,0.154103322871801,0.4169005025612587,0.0677711547199406,0.1490313957663196,1.0,-41.5,1
Estonia,1941,0,0,7.625,5.5,1.386,4.188,0.1541,1.0,9.0,4.0,0.94,-0.767,0.154103322871801,0.154103322871801,0.1982961966963631,0.0677711547199406,0.1490313957663196,1.0,-41.5,0
Estonia,1942,0,0,8.625,4.5,1.917,1.188,0.1159,-2.0,10.0,1.0,0.947,-0.767,0.1159362830999704,0.1159362830999704,0.1529533494513884,0.0231460073111605,0.1154591038816453,1.0,-55.5,0
Estonia,1943,0,0,7.625,5.5,1.386,4.188,0.1541,1.0,9.0,4.0,0.94,-0.767,0.154103322871801,0.154103322871801,0.1387114518890957,0.0677711547199406,0.1490313957663196,1.0,-41.5,0
Estonia,1944,0,0,5.625,5.5,1.023,8.188,0.2585,5.0,7.0,8.0,0.92,-0.767,0.2585380048424903,0.2585380048424903,0.3571395147479927,0.281561952449855,0.2485054183998003,0.25,-2.5,0
Estonia,1945,0,0,4.625,5.5,0.841,10.062,0.3248,7.0,6.0,10.0,0.903,-0.967,0.324750624699595,0.324750624699595,0.7340003167183741,0.0924132714232174,0.3319752704397858,0.125,35.25,0
Estonia,1946,0,0,3.625,5.5,0.659,12.062,0.4094,9.0,5.0,12.0,0.877,-0.967,0.4094216846229753,0.4094216846229753,0.9444566909927874,0.0422667643325002,0.4245517606950169,0.125,85.75,0
Estonia,1947,0,0,3.625,5.5,0.659,12.062,0.4094,9.0,5.0,12.0,0.877,-0.967,0.4094216846229753,0.4094216846229753,0.699439144799114,0.0422667643325002,0.4245517606950169,0.125,85.75,0
Estonia,1948,0,0,3.625,5.5,0.659,12.062,0.4094,9.0,5.0,12.0,0.877,-0.967,0.4094216846229753,0.4094216846229753,0.524597528073513,0.0422667643325002,0.4245517606950169,0.125,85.75,0
Estonia,1949,0,0,3.625,5.5,0.659,12.062,0.4094,9.0,5.0,12.0,0.877,-0.967,0.4094216846229753,0.4094216846229753,0.2855175508445304,0.0422667643325002,0.4245517606950169,0.125,85.75,0
Estonia,1950,0,0,3.625,5.5,0.659,12.062,0.4094,9.0,5.0,12.0,0.877,-0.967,0.4094216846229753,0.4094216846229753,0.0933005576020158,0.0422667643325002,0.4245517606950169,0.125,85.75,0
Estonia,1951,0,0,3.625,5.5,0.659,12.062,0.4094,9.0,5.0,12.0,0.877,-0.967,0.4094216846229753,0.4094216846229753,0.0,0.0422667643325002,0.4245517606950169,0.125,85.75,0
Estonia,1952,0,0,3.625,5.5,0.659,12.062,0.4094,9.0,5.0,12.0,0.877,-0.967,0.4094216846229753,0.4094216846229753,0.0,0.0422667643325002,0.4245517606950169,0.125,85.75,0
Estonia,1953,0,0,3.625,5.5,0.659,12.062,0.4094,9.0,5.0,12.0,0.877,-0.967,0.4094216846229753,0.4094216846229753,0.0,0.0422667643325002,0.4245517606950169,0.125,85.75,0
Estonia,1954,0,0,3.625,5.5,0.659,12.062,0.4094,9.0,5.0,12.0,0.877,-0.967,0.4094216846229753,0.4094216846229753,0.0,0.0422667643325002,0.4245517606950169,0.125,85.75,0
Estonia,1955,0,0,3.625,5.5,0.659,12.062,0.4094,9.0,5.0,12.0,0.877,-0.967,0.4094216846229753,0.4094216846229753,0.0,0.0422667643325002,0.4245517606950169,0.125,85.75,0
Estonia,1956,0,0,3.625,5.5,0.659,12.062,0.4094,9.0,5.0,12.0,0.877,-0.967,0.4094216846229753,0.4094216846229753,0.0,0.0422667643325002,0.4245517606950169,0.125,85.75,0
Estonia,1957,0,0,3.625,5.5,0.659,12.062,0.4094,9.0,5.0,12.0,0.877,-0.967,0.4094216846229753,0.4094216846229753,0.0,0.0422667643325002,0.4245517606950169,0.125,85.75,0
Estonia,1958,0,0,3.625,5.5,0.659,12.062,0.4094,9.0,5.0,12.0,0.877,-0.967,0.4094216846229753,0.4094216846229753,0.0,0.0422667643325002,0.4245517606950169,0.125,85.75,0
Estonia,1959,0,0,3.625,5.5,0.659,12.062,0.4094,9.0,5.0,12.0,0.877,-0.967,0.4094216846229753,0.4094216846229753,0.0,0.0422667643325002,0.4245517606950169,0.125,85.75,0
Estonia,1960,0,0,3.625,5.5,0.659,12.062,0.4094,9.0,5.0,12.0,0.877,-0.967,0.4094216846229753,0.4094216846229753,0.0,0.0422667643325002,0.4245517606950169,0.125,85.75,0
Estonia,1961,0,0,3.625,5.5,0.659,12.062,0.4094,9.0,5.0,12.0,0.877,-0.967,0.4094216846229753,0.4094216846229753,0.0,0.0422667643325002,0.4245517606950169,0.125,85.75,0
Estonia,1962,0,0,3.625,5.5,0.659,12.062,0.4094,9.0,5.0,12.0,0.877,-0.967,0.4094216846229753,0.4094216846229753,0.0,0.0422667643325002,0.4245517606950169,0.125,85.75,0
Estonia,1963,0,0,3.625,5.5,0.659,12.062,0.4094,9.0,5.0,12.0,0.877,-0.967,0.4094216846229753,0.4094216846229753,0.0,0.0422667643325002,0.4245517606950169,0.125,85.75,0
Estonia,1964,0,0,3.625,5.5,0.659,12.062,0.4094,9.0,5.0,12.0,0.877,-0.967,0.4094216846229753,0.4094216846229753,0.0,0.0422667643325002,0.4245517606950169,0.125,85.75,0
Estonia,1965,0,0,3.625,5.5,0.659,12.062,0.4094,9.0,5.0,12.0,0.877,-0.967,0.4094216846229753,0.4094216846229753,0.0,0.0422667643325002,0.4245517606950169,0.125,85.75,0
Estonia,1966,0,0,3.625,5.5,0.659,12.062,0.4094,9.0,5.0,12.0,0.877,-0.967,0.4094216846229753,0.4094216846229753,0.0,0.0422667643325002,0.4245517606950169,0.125,85.75,0
Estonia,1967,0,0,3.625,5.5,0.659,12.062,0.4094,9.0,5.0,12.0,0.877,-0.967,0.4094216846229753,0.4094216846229753,0.0,0.0422667643325002,0.4245517606950169,0.125,85.75,0
Estonia,1968,0,0,3.625,5.5,0.659,12.062,0.4094,9.0,5.0,12.0,0.877,-0.967,0.4094216846229753,0.4094216846229753,0.0,0.0422667643325002,0.4245517606950169,0.125,85.75,0
Estonia,1969,0,0,3.625,5.5,0.659,12.062,0.4094,9.0,5.0,12.0,0.877,-0.967,0.4094216846229753,0.4094216846229753,0.0,0.0422667643325002,0.4245517606950169,0.125,85.75,0
Estonia,1970,0,0,3.625,5.5,0.659,12.062,0.4094,9.0,5.0,12.0,0.877,-0.967,0.4094216846229753,0.4094216846229753,0.0,0.0422667643325002,0.4245517606950169,0.125,85.75,0
Estonia,1971,0,0,3.625,5.5,0.659,12.062,0.4094,9.0,5.0,12.0,0.877,-0.967,0.4094216846229753,0.4094216846229753,0.0,0.0422667643325002,0.4245517606950169,0.125,85.75,0
Estonia,1972,0,0,3.625,5.5,0.659,12.062,0.4094,9.0,5.0,12.0,0.877,-0.967,0.4094216846229753,0.4094216846229753,0.0,0.0422667643325002,0.4245517606950169,0.125,85.75,0
Estonia,1973,0,0,3.625,5.5,0.659,12.062,0.4094,9.0,5.0,12.0,0.877,-0.967,0.4094216846229753,0.4094216846229753,0.0,0.0422667643325002,0.4245517606950169,0.125,85.75,0
Estonia,1974,0,0,3.625,5.5,0.659,12.062,0.4094,9.0,5.0,12.0,0.877,-0.967,0.4094216846229753,0.4094216846229753,0.0,0.0422667643325002,0.4245517606950169,0.125,85.75,0
Estonia,1975,0,0,3.625,5.5,0.659,12.062,0.4094,9.0,5.0,12.0,0.877,-0.967,0.4094216846229753,0.4094216846229753,0.0,0.0422667643325002,0.4245517606950169,0.125,85.75,0
Estonia,1976,0,0,3.625,5.5,0.659,12.062,0.4094,9.0,5.0,12.0,0.877,-0.967,0.4094216846229753,0.4094216846229753,0.0,0.0422667643325002,0.4245517606950169,0.125,85.75,0
Estonia,1977,0,0,3.625,5.5,0.659,12.062,0.4094,9.0,5.0,12.0,0.877,-0.967,0.4094216846229753,0.4094216846229753,0.0,0.0422667643325002,0.4245517606950169,0.125,85.75,0
Estonia,1978,0,0,3.625,5.5,0.659,12.062,0.4094,9.0,5.0,12.0,0.877,-0.967,0.4094216846229753,0.4094216846229753,0.0,0.0422667643325002,0.4245517606950169,0.125,85.75,0
Estonia,1979,0,0,3.625,5.5,0.659,12.062,0.4094,9.0,5.0,12.0,0.877,-0.967,0.4094216846229753,0.4094216846229753,0.0,0.0422667643325002,0.4245517606950169,0.125,85.75,0
Estonia,1980,0,0,3.625,5.5,0.659,12.062,0.4094,9.0,5.0,12.0,0.877,-0.967,0.4094216846229753,0.4094216846229753,0.0,0.0422667643325002,0.4245517606950169,0.125,85.75,0
Estonia,1981,0,0,3.625,5.5,0.659,12.062,0.4094,9.0,5.0,12.0,0.877,-0.967,0.4094216846229753,0.4094216846229753,0.0,0.0422667643325002,0.4245517606950169,0.125,85.75,0
Estonia,1982,0,0,3.625,5.5,0.659,12.062,0.4094,9.0,5.0,12.0,0.877,-0.967,0.4094216846229753,0.4094216846229753,0.0,0.0422667643325002,0.4245517606950169,0.125,85.75,0
Estonia,1983,0,0,3.625,5.5,0.659,11.062,0.373,8.0,5.0,11.0,0.877,-0.967,0.3730405083766843,0.3730405083766843,0.0,0.0422667643325002,0.387079090090447,0.125,73.5,0
Estonia,1984,0,0,3.625,5.5,0.659,10.062,0.3367,7.0,5.0,10.0,0.877,-0.967,0.3366573156626583,0.3366573156626583,0.0,0.0422667643325002,0.3496041832560072,0.125,61.25,0
Estonia,1985,0,0,3.625,5.5,0.659,9.062,0.3003,6.0,5.0,9.0,0.877,-0.967,0.3002713795538145,0.3002713795538145,0.0,0.0422667643325002,0.3121262340414048,0.125,49.0,0
Estonia,1986,0,0,3.625,5.5,0.659,8.062,0.2639,5.0,5.0,8.0,0.877,-0.967,0.2638815757920953,0.2638815757920953,0.0,0.0422667643325002,0.2746439956627677,0.125,36.75,0
Estonia,1987,0,0,3.625,5.5,0.659,7.062,0.2275,4.0,5.0,7.0,0.877,-0.967,0.2274860681320188,0.2274860681320188,0.0,0.0422667643325002,0.2371554317537692,0.125,24.5,0
Estonia,1988,1,0,1.625,6.5,0.25,14.562,0.5242,11.5,3.0,14.5,0.741,-0.967,0.524233652549866,0.524233652549866,0.2265009477027738,0.0233286637122636,0.5392629065465587,0.0,217.5,0
Estonia,1989,1,0,1.125,7.5,0.15,17.062,0.612,14.5,2.0,17.5,0.833,-0.7,0.6119887130840764,0.6119887130840764,0.2781410083423997,0.0083315287904836,0.6172783853109447,0.0,329.875,0
Estonia,1990,1,0,1.125,7.5,0.15,18.062,0.6634,15.5,2.0,18.5,0.833,-0.7,0.6633571112709894,0.6633571112709894,0.2154439207557496,0.0083315287904836,0.6689695736681949,0.0,377.0,0
Estonia,1991,0,1,1.125,7.5,0.15,18.375,0.6848,16.0,2.0,19.0,0.833,-0.467,0.6847808172489216,0.6847808172489216,0.200681068400993,0.0064266656217236,0.6887084891662122,0.0,408.0,0
Estonia,1992,0,0,1.125,7.5,0.15,18.375,0.6848,16.0,2.0,19.0,0.833,-0.467,0.6847808172489216,0.6847808172489216,0.1311748646024907,0.0064266656217236,0.6887084891662122,0.0,408.0,0
Estonia,1993,0,0,1.125,7.5,0.15,18.375,0.6848,16.0,2.0,19.0,0.833,-0.467,0.6847808172489216,0.6847808172489216,0.0663236557435688,0.0064266656217236,0.6887084891662122,0.0,408.0,0
Estonia,1994,0,0,1.125,7.5,0.15,18.375,0.6848,16.0,2.0,19.0,0.833,-0.467,0.6847808172489216,0.6847808172489216,0.025858242991533,0.0064266656217236,0.6887084891662122,0.0,408.0,0
Estonia,1995,0,0,1.125,7.5,0.15,18.375,0.6848,16.0,2.0,19.0,0.833,-0.467,0.6847808172489216,0.6847808172489216,0.0129291214957665,0.0064266656217236,0.6887084891662122,0.0,408.0,0
Estonia,1996,0,0,1.125,7.5,0.15,18.375,0.6848,16.0,2.0,19.0,0.833,-0.467,0.6847808172489216,0.6847808172489216,0.0,0.0064266656217236,0.6887084891662122,0.0,408.0,0
Estonia,1997,0,0,1.125,7.5,0.15,18.375,0.6848,16.0,2.0,19.0,0.833,-0.467,0.6847808172489216,0.6847808172489216,0.0,0.0064266656217236,0.6887084891662122,0.0,408.0,0
Estonia,1998,0,0,1.125,7.5,0.15,18.375,0.6848,16.0,2.0,19.0,0.833,-0.467,0.6847808172489216,0.6847808172489216,0.0,0.0064266656217236,0.6887084891662122,0.0,408.0,0
Estonia,1999,0,0,1.125,7.5,0.15,18.375,0.6848,16.0,2.0,19.0,0.833,-0.467,0.6847808172489216,0.6847808172489216,0.0,0.0064266656217236,0.6887084891662122,0.0,408.0,0
Estonia,2000,0,0,1.125,7.5,0.15,18.375,0.6848,16.0,2.0,19.0,0.833,-0.467,0.6847808172489216,0.6847808172489216,0.0,0.0064266656217236,0.6887084891662122,0.0,408.0,0
Estonia,2001,0,0,1.125,7.5,0.15,18.375,0.6848,16.0,2.0,19.0,0.833,-0.467,0.6847808172489216,0.6847808172489216,0.0,0.0064266656217236,0.6887084891662122,0.0,408.0,0
Estonia,2002,0,0,1.125,7.5,0.15,18.375,0.6848,16.0,2.0,19.0,0.833,-0.467,0.6847808172489216,0.6847808172489216,0.0,0.0064266656217236,0.6887084891662122,0.0,408.0,0
Estonia,2003,0,0,1.125,7.5,0.15,18.375,0.6848,16.0,2.0,19.0,0.833,-0.467,0.6847808172489216,0.6847808172489216,0.0,0.0064266656217236,0.6887084891662122,0.0,408.0,0
Estonia,2004,0,0,1.125,7.5,0.15,18.375,0.6848,16.0,2.0,19.0,0.833,-0.467,0.6847808172489216,0.6847808172489216,0.0,0.0064266656217236,0.6887084891662122,0.0,408.0,0
Estonia,2005,0,0,2.125,7.5,0.283,17.375,0.5961,15.0,3.0,18.0,0.909,-0.467,0.5961363261904289,0.5961363261904289,0.0431731296083199,0.0092531707014074,0.600234273562432,0.0,344.0,0
Estonia,2006,0,0,2.375,6.5,0.365,15.125,0.5329,13.0,3.0,15.0,0.769,-0.867,0.5329175124363238,0.5329175124363238,0.1196735099503712,0.0137769240856714,0.5376417339724485,0.0,231.0,0
Estonia,2007,0,0,1.375,6.5,0.212,16.125,0.6122,14.0,2.0,16.0,0.625,-0.867,0.6121614698847169,0.6121614698847169,0.0568484973730207,0.0086434327117894,0.6164891517508888,0.0,287.0,0
Estonia,2008,0,0,1.125,7.5,0.15,18.375,0.6848,16.0,2.0,19.0,0.833,-0.467,0.6847808172489216,0.6847808172489216,0.0443973544328031,0.0064266656217236,0.6887084891662122,0.0,408.0,0
Estonia,2009,0,0,1.125,7.5,0.15,18.375,0.6848,16.0,2.0,19.0,0.833,-0.467,0.6847808172489216,0.6847808172489216,0.0443973544328031,0.0064266656217236,0.6887084891662122,0.0,408.0,0
Estonia,2010,0,0,1.125,7.5,0.15,18.375,0.6848,16.0,2.0,19.0,0.833,-0.467,0.6847808172489216,0.6847808172489216,0.0443973544328031,0.0064266656217236,0.6887084891662122,0.0,408.0,0
Estonia,2011,0,0,1.125,7.5,0.15,18.375,0.6848,16.0,2.0,19.0,0.833,-0.467,0.6847808172489216,0.6847808172489216,0.0392706097311965,0.0064266656217236,0.6887084891662122,0.0,408.0,0
Estonia,2012,0,0,1.125,7.5,0.15,18.375,0.6848,16.0,2.0,19.0,0.833,-0.467,0.6847808172489216,0.6847808172489216,0.0154052092215861,0.0064266656217236,0.6887084891662122,0.0,408.0,0
Estonia,2013,0,0,1.125,7.5,0.15,18.375,0.6848,16.0,2.0,19.0,0.833,-0.467,0.6847808172489216,0.6847808172489216,0.0,0.0064266656217236,0.6887084891662122,0.0,408.0,0
Estonia,2014,0,0,1.125,7.5,0.15,18.375,0.6848,16.0,2.0,19.0,0.833,-0.467,0.6847808172489216,0.6847808172489216,0.0,0.0064266656217236,0.6887084891662122,0.0,408.0,0
Estonia,2015,0,0,1.125,7.5,0.15,18.375,0.6848,16.0,2.0,19.0,0.833,-0.467,0.6847808172489216,0.6847808172489216,0.0,0.0064266656217236,0.6887084891662122,0.0,408.0,0
Estonia,2016,0,0,1.125,7.5,0.15,18.375,0.6848,16.0,2.0,19.0,0.833,-0.467,0.6847808172489216,0.6847808172489216,0.0,0.0064266656217236,0.6887084891662122,0.0,408.0,0
Estonia,2017,0,0,2.375,7.5,0.317,16.625,0.5544,15.0,3.0,16.0,0.769,-1.133,0.5544411549308421,0.5544411549308421,0.1232423540642494,0.0110422813413633,0.5607295406114877,0.0,308.0,0
Estonia,2018,0,0,1.375,7.5,0.183,17.625,0.6369,16.0,2.0,17.0,0.625,-1.133,0.6368856426117147,0.6368856426117147,0.095670144303439,0.0080381830647902,0.6432535554730617,0.0,368.0,0
Estonia,2019,0,0,2.375,6.875,0.345,16.0,0.5544,14.0,3.0,15.0,0.769,-1.6,0.5544411549308421,0.5544411549308421,0.2013795688965326,0.0280250717576052,0.5649860176300305,0.0,272.0,0
Estonia,2020,0,0,1.375,6.875,0.2,17.0,0.6369,15.0,2.0,16.0,0.625,-1.6,0.6368856426117147,0.6368856426117147,0.1005138144184861,0.0193386125382545,0.6471490129322506,0.0,332.0,0
Estonia,2021,0,0,1.125,7.5,0.15,18.375,0.6848,16.0,2.0,19.0,0.833,-0.467,0.6847808172489216,0.6847808172489216,0.1291639458011791,0.0064266656217236,0.6887084891662122,0.0,408.0,0
Estonia,2022,0,0,1.125,7.5,0.15,18.375,0.6848,16.0,2.0,19.0,0.833,-0.467,0.6847808172489216,0.6847808172489216,0.1291639458011791,0.0064266656217236,0.6887084891662122,0.0,408.0,0
Finland,1900,0,0,5.125,6.5,0.788,11.188,0.323,12.5,5.0,6.0,0.774,-2.633,0.3230470197961739,0.3230470197961739,,0.0677381439803367,0.3558824848628483,0.25,77.125,0
Finland,1901,0,0,5.5,6.375,0.863,10.438,0.3033,12.5,5.0,4.0,0.699,-3.833,0.3032927267060484,0.3032927267060484,,0.0517944090837327,0.3242261989309499,0.25,67.5,0
Finland,1902,0,0,5.625,6.25,0.9,9.875,0.2904,11.5,5.0,1.5,0.677,-4.733,0.2903725879482142,0.2903725879482142,,0.0501879837677343,0.3116496418971399,0.25,65.375,0
Finland,1903,0,0,5.875,6.375,0.922,9.625,0.2753,11.5,5.0,4.0,0.707,-4.067,0.275313347852066,0.275313347852066,,0.1124974086978848,0.294144564437555,0.25,44.5,0
Finland,1904,0,0,5.5,6.375,0.863,10.438,0.3033,12.5,5.0,4.0,0.699,-3.833,0.3032927267060484,0.3032927267060484,,0.0517944090837327,0.3242261989309499,0.25,67.5,0
Finland,1905,0,0,4.125,7.375,0.559,14.0,0.4055,16.0,4.0,9.0,0.725,-2.133,0.4054909056497836,0.4054909056497836,0.3131916386049608,0.1522861176289467,0.4744343138958961,0.0,184.75,0
Finland,1906,0,0,5.125,6.5,0.788,10.938,0.3157,12.5,5.0,6.0,0.774,-2.5,0.3156632618155541,0.3156632618155541,0.2263457532869533,0.0632471009693832,0.3473994509524404,0.25,74.875,0
Finland,1907,0,0,5.125,6.5,0.788,10.938,0.3157,12.5,5.0,6.0,0.774,-2.5,0.3156632618155541,0.3156632618155541,0.2008167576189564,0.0632471009693832,0.3473994509524404,0.25,74.875,0
Finland,1908,0,0,5.25,6.375,0.824,10.688,0.3098,12.5,5.0,6.0,0.833,-1.833,0.3097998732769923,0.3097998732769923,0.3097920882856404,0.0453717845399154,0.3349174236151525,0.25,62.625,0
Finland,1909,0,0,4.875,6.75,0.722,11.688,0.3327,12.5,5.0,8.0,0.833,-1.833,0.3326712354096752,0.3326712354096752,0.1714212282290516,0.196698238422329,0.3871680782664157,0.0,92.125,0
Finland,1910,0,0,5.75,6.25,0.92,9.875,0.2828,12.5,5.0,6.0,0.977,-0.2,0.2827570360325062,0.2827570360325062,0.1946722306340144,0.1558784365022628,0.30997119710764,0.25,35.25,0
Finland,1911,0,0,5.75,6.375,0.902,10.0,0.2828,12.5,5.0,6.0,0.977,-0.533,0.2827570360325062,0.2827570360325062,0.1677627858906125,0.0942616719034417,0.306454938032235,0.25,39.75,0
Finland,1912,0,0,5.875,6.25,0.94,9.75,0.2782,12.5,5.0,6.0,1.034,0.133,0.2781769063986593,0.2781769063986593,0.1288809271917556,0.0942616719034417,0.3036059207339888,0.375,30.75,0
Finland,1913,0,0,5.0,7.0,0.714,12.312,0.3435,16.0,4.0,9.0,1.0,-0.033,0.3435084098880709,0.3435084098880709,0.5378334971918701,0.2023131629614857,0.4004431762435697,0.0,109.5,0
Finland,1914,0,0,9.5,4.375,2.171,0.938,0.1111,3.0,9.0,-1.5,1.028,0.7,0.1111201699351349,0.1111201699351349,0.1943484487388185,0.0041488721502798,0.1124538861416315,1.0,-88.375,0
Finland,1915,1,0,7.25,5.75,1.261,7.312,0.2161,8.5,7.0,5.0,1.019,0.5,0.2160670980531014,0.2160670980531014,0.3521198871703878,0.0358574989919042,0.2082743081205413,1.0,-49.125,0
Finland,1916,1,0,4.75,6.875,0.691,12.125,0.3446,12.5,5.0,9.0,0.867,-0.6,0.3446476095528178,0.3446476095528178,0.5316702417926614,0.1119275017657309,0.3725356836820272,0.0,99.125,0
Finland,1917,1,0,4.75,6.75,0.704,12.0,0.3446,12.5,5.0,9.0,0.867,-0.8,0.3446476095528178,0.3446476095528178,0.4679678387849421,0.1301673803302278,0.374904818437724,0.0,93.875,0
Finland,1918,0,1,4.625,7.0,0.661,12.688,0.3615,12.5,5.0,9.0,0.8,-2.1,0.3614785868745066,0.3614785868745066,0.3304491452025245,0.0872775359957543,0.3851693982376913,0.0,114.625,0
Finland,1919,0,0,4.25,7.625,0.557,14.25,0.3994,16.0,4.0,12.0,0.909,-0.667,0.3994060000858661,0.3994060000858661,0.2715028271555024,0.0377499656675225,0.4167741697109488,0.0,177.75,0
Finland,1920,0,0,4.25,7.625,0.557,14.438,0.4065,16.0,4.0,12.0,0.909,-0.367,0.4065441668436524,0.4065441668436524,0.2270414431802302,0.037683975187758,0.4244011773533991,0.0,184.75,0
Finland,1921,0,0,4.125,7.75,0.532,14.75,0.4169,16.0,4.0,12.5,0.833,-0.933,0.416869062680655,0.416869062680655,0.1600151843262475,0.0439160103282364,0.4378070966230598,0.0,200.5,0
Finland,1922,0,0,4.125,7.75,0.532,14.75,0.4169,16.0,4.0,12.5,0.833,-0.933,0.416869062680655,0.416869062680655,0.0908621729172869,0.0439160103282364,0.4378070966230598,0.0,200.5,0
Finland,1923,0,0,4.125,7.75,0.532,14.75,0.4169,16.0,4.0,12.5,0.833,-0.933,0.416869062680655,0.416869062680655,0.0898925231318127,0.0439160103282364,0.4378070966230598,0.0,200.5,0
Finland,1924,0,0,4.125,7.75,0.532,14.75,0.4169,16.0,4.0,12.5,0.833,-0.933,0.416869062680655,0.416869062680655,0.0542214333551814,0.0439160103282364,0.4378070966230598,0.0,200.5,0
Finland,1925,0,0,4.5,7.625,0.59,14.125,0.3925,16.0,4.0,10.5,0.942,-0.333,0.3924618298331364,0.3924618298331364,0.2822579464305252,0.0632660141716087,0.423210720748949,0.0,174.25,0
Finland,1926,0,0,5.5,7.5,0.733,12.438,0.3251,15.0,5.0,8.0,0.952,-0.367,0.3251156251971678,0.3251156251971678,0.2891925051837928,0.0800874921312336,0.3543410918884552,0.125,108.0,0
Finland,1927,0,0,6.125,7.5,0.817,11.562,0.2915,13.0,6.0,8.0,1.056,0.367,0.291543635919447,0.291543635919447,0.202765199118316,0.1136409241907582,0.3153577475010952,0.125,72.5,0
Finland,1928,0,0,4.125,7.75,0.532,14.75,0.4169,16.0,4.0,12.5,0.833,-0.933,0.416869062680655,0.416869062680655,0.1423939749758394,0.0439160103282364,0.4378070966230598,0.0,200.5,0
Finland,1929,0,0,4.125,7.75,0.532,14.75,0.4169,16.0,4.0,12.5,0.833,-0.933,0.416869062680655,0.416869062680655,0.1423939749758394,0.0439160103282364,0.4378070966230598,0.0,200.5,0
Finland,1930,0,0,4.0,7.875,0.508,15.188,0.431,16.0,4.0,12.5,0.873,-0.233,0.4310121083089939,0.4310121083089939,0.3569400326717919,0.0271457443328924,0.4440796272345438,0.0,218.0,0
Finland,1931,0,0,4.0,7.875,0.508,15.188,0.431,16.0,4.0,12.5,0.873,-0.233,0.4310121083089939,0.4310121083089939,0.2871182598148752,0.0271457443328924,0.4440796272345438,0.0,218.0,0
Finland,1932,0,0,4.0,7.875,0.508,15.188,0.431,16.0,4.0,12.5,0.873,-0.233,0.4310121083089939,0.4310121083089939,0.2007668271754091,0.0271457443328924,0.4440796272345438,0.0,218.0,0
Finland,1933,0,0,4.0,7.875,0.508,15.188,0.431,16.0,4.0,12.5,0.873,-0.233,0.4310121083089939,0.4310121083089939,0.1297515141043139,0.0271457443328924,0.4440796272345438,0.0,218.0,0
Finland,1934,0,0,4.0,7.875,0.508,15.188,0.431,16.0,4.0,12.5,0.873,-0.233,0.4310121083089939,0.4310121083089939,0.0648757570521569,0.0271457443328924,0.4440796272345438,0.0,218.0,0
Finland,1935,0,0,5.375,7.75,0.694,13.438,0.3491,15.0,5.0,11.5,0.988,0.7,0.3490787662643852,0.3490787662643852,0.2821197352825601,0.0494935971817279,0.3640297085104665,0.0,131.125,0
Finland,1936,0,0,8.25,6.875,1.2,8.812,0.2179,10.0,8.0,6.5,1.016,1.3,0.2179018538213048,0.2179018538213048,0.7813103789653083,0.0408562452209815,0.2109161430957631,0.875,-57.125,0
Finland,1937,0,0,6.375,7.75,0.823,12.438,0.3039,14.0,6.0,10.5,0.99,0.7,0.3038907166061765,0.3038907166061765,0.3089801511793939,0.1531836693990488,0.3245722113972747,0.0,77.5,0
Finland,1938,0,0,6.75,7.75,0.871,12.062,0.2886,14.0,6.0,10.5,1.061,1.167,0.2885750261051926,0.2885750261051926,0.3684270568225407,0.1859474768131955,0.3113791540505479,0.0,58.25,0
Finland,1939,0,0,6.75,7.75,0.871,12.062,0.2886,14.0,6.0,10.5,1.061,1.167,0.2885750261051926,0.2885750261051926,0.2740718008173208,0.1859474768131955,0.3113791540505479,0.0,58.25,0
Finland,1940,0,0,8.75,6.875,1.273,8.312,0.203,10.0,8.0,6.5,1.047,1.567,0.2029909536714679,0.2029909536714679,0.3982481817834873,0.0761016456817208,0.192143486783696,0.875,-81.75,0
Finland,1941,0,0,9.75,6.125,1.592,5.312,0.1558,8.0,9.0,3.0,1.042,1.567,0.1557835991782731,0.1557835991782731,0.2967937503141277,0.0042589852403001,0.1536984115926377,1.0,-126.625,0
Finland,1942,0,0,7.75,7.125,1.088,9.562,0.2332,12.0,7.0,7.5,1.053,1.433,0.2331753745616945,0.2331753745616945,0.1250211628683772,0.0790628839888948,0.2335375259298482,0.625,-21.125,0
Finland,1943,0,0,6.75,7.625,0.885,11.562,0.2795,14.0,6.0,9.5,1.061,0.9,0.2795177815301435,0.2795177815301435,0.3122008363550433,0.2755013004563278,0.314354171452114,0.0,51.25,0
Finland,1944,0,0,5.75,7.875,0.73,13.125,0.3303,15.0,5.0,11.5,1.071,0.467,0.3302883541338558,0.3302883541338558,0.3381259830585397,0.0611501561359818,0.3465420382822503,0.0,120.125,0
Finland,1945,0,0,5.125,7.875,0.651,14.0,0.3672,15.0,5.0,11.5,0.962,-0.267,0.367167020993414,0.367167020993414,0.3029846708467923,0.040559414620146,0.3787139788380562,0.0,157.0,0
Finland,1946,0,0,4.25,8.125,0.523,15.25,0.4189,16.0,4.0,12.5,0.909,-0.933,0.4188918600021633,0.4188918600021633,0.2318452485890544,0.024227759854777,0.4295691873378487,0.0,221.25,0
Finland,1947,0,0,4.25,8.375,0.507,15.625,0.4229,16.0,4.0,13.5,0.909,-0.867,0.4229039751130069,0.4229039751130069,0.260800742206649,0.0196944607166023,0.4338594005424037,0.0,239.375,0
Finland,1948,0,0,3.25,8.625,0.377,17.875,0.5292,19.5,3.0,16.0,0.882,-0.467,0.5291785818757397,0.5291785818757397,0.1124379064718664,0.017488253824932,0.5423360600187853,0.0,372.5,0
Finland,1949,0,0,4.0,8.375,0.478,15.938,0.4404,16.0,4.0,16.0,1.0,0.167,0.440365384054475,0.440365384054475,0.2954693724692431,0.0068123036321571,0.4433517394693571,0.0,255.0,0
Finland,1950,0,0,4.0,8.375,0.478,15.938,0.4404,16.0,4.0,16.0,1.0,0.167,0.440365384054475,0.440365384054475,0.2189921910021747,0.0068123036321571,0.4433517394693571,0.0,255.0,0
Finland,1951,0,0,3.25,8.625,0.377,17.875,0.5292,19.5,3.0,16.0,0.882,-0.467,0.5291785818757397,0.5291785818757397,0.1291911441129565,0.017488253824932,0.5423360600187853,0.0,372.5,0
Finland,1952,0,0,3.25,8.625,0.377,17.875,0.5292,19.5,3.0,16.0,0.882,-0.467,0.5291785818757397,0.5291785818757397,0.1148478738088098,0.017488253824932,0.5423360600187853,0.0,372.5,0
Finland,1953,0,0,3.75,8.625,0.435,17.25,0.4895,19.5,3.0,16.0,1.111,0.667,0.4895423726059649,0.4895423726059649,0.1356212812633783,0.0203221312751208,0.5038240100353617,0.0,334.5,0
Finland,1954,0,0,5.625,7.75,0.726,13.25,0.3396,15.0,5.0,11.5,1.111,1.2,0.3396038460901888,0.3396038460901888,0.4543494966489219,0.054987028615851,0.3567619992986747,0.0,120.875,0
Finland,1955,0,0,4.25,8.625,0.493,16.75,0.4565,18.5,4.0,15.0,0.909,-0.133,0.4564619150515713,0.4564619150515713,0.1450108257321862,0.0215906962218542,0.4686989236325896,0.0,299.25,0
Finland,1956,0,0,3.25,8.625,0.377,17.875,0.5292,19.5,3.0,16.0,0.882,-0.467,0.5291785818757397,0.5291785818757397,0.1103458640423919,0.017488253824932,0.5423360600187853,0.0,372.5,0
Finland,1957,0,0,4.5,8.625,0.522,16.375,0.438,18.5,4.0,13.0,0.942,-0.2,0.4379993624787124,0.4379993624787124,0.1878096382540716,0.0388825121819579,0.4621057710032663,0.0,282.25,0
Finland,1958,0,0,3.5,8.625,0.406,17.625,0.5128,19.5,3.0,15.0,0.789,-0.867,0.5127588784131868,0.5127588784131868,0.1906331295153984,0.0293987357805142,0.5372277746906411,0.0,357.5,0
Finland,1959,0,0,3.25,8.625,0.377,18.0,0.534,19.5,3.0,16.0,0.882,-0.267,0.5340456710151481,0.5340456710151481,0.1317707644263574,0.0178395032934138,0.5477612925897435,0.0,378.5,0
Finland,1960,0,0,3.25,8.625,0.377,18.0,0.534,19.5,3.0,16.0,0.882,-0.267,0.5340456710151481,0.5340456710151481,0.0665491239097617,0.0178395032934138,0.5477612925897435,0.0,378.5,0
Finland,1961,0,0,3.25,8.625,0.377,18.0,0.534,19.5,3.0,16.0,0.882,-0.267,0.5340456710151481,0.5340456710151481,0.0593935785216492,0.0178395032934138,0.5477612925897435,0.0,378.5,0
Finland,1962,0,0,3.25,8.625,0.377,18.0,0.534,19.5,3.0,16.0,0.882,-0.267,0.5340456710151481,0.5340456710151481,0.0590332551063825,0.0178395032934138,0.5477612925897435,0.0,378.5,0
Finland,1963,0,0,3.25,8.625,0.377,18.0,0.534,19.5,3.0,16.0,0.882,-0.267,0.5340456710151481,0.5340456710151481,0.0244272559213024,0.0178395032934138,0.5477612925897435,0.0,378.5,0
Finland,1964,0,0,3.25,8.625,0.377,18.0,0.534,19.5,3.0,16.0,0.882,-0.267,0.5340456710151481,0.5340456710151481,0.0,0.0178395032934138,0.5477612925897435,0.0,378.5,0
Finland,1965,0,0,3.25,8.625,0.377,18.0,0.534,19.5,3.0,16.0,0.882,-0.267,0.5340456710151481,0.5340456710151481,0.0,0.0178395032934138,0.5477612925897435,0.0,378.5,0
Finland,1966,0,0,3.25,8.625,0.377,18.0,0.534,19.5,3.0,16.0,0.882,-0.267,0.5340456710151481,0.5340456710151481,0.0,0.0178395032934138,0.5477612925897435,0.0,378.5,0
Finland,1967,0,0,3.25,8.625,0.377,18.0,0.534,19.5,3.0,16.0,0.882,-0.267,0.5340456710151481,0.5340456710151481,0.0,0.0178395032934138,0.5477612925897435,0.0,378.5,0
Finland,1968,0,0,3.25,8.625,0.377,18.0,0.534,19.5,3.0,16.0,0.882,-0.267,0.5340456710151481,0.5340456710151481,0.0,0.0178395032934138,0.5477612925897435,0.0,378.5,0
Finland,1969,0,0,4.75,8.625,0.551,16.25,0.4262,18.5,4.0,15.0,1.087,0.667,0.4261713882294438,0.4261713882294438,0.1376814411906713,0.0262637155217353,0.4402677424177693,0.0,267.25,0
Finland,1970,0,0,4.75,8.625,0.551,16.25,0.4262,18.5,4.0,15.0,1.087,0.667,0.4261713882294438,0.4261713882294438,0.110145152952537,0.0262637155217353,0.4402677424177693,0.0,267.25,0
Finland,1971,0,0,3.875,8.625,0.449,17.375,0.4903,19.5,3.0,15.0,1.053,0.333,0.4902791550769672,0.4902791550769672,0.0825782034182292,0.0250412740057158,0.5083262281199707,0.0,336.5,0
Finland,1972,0,0,3.875,8.625,0.449,17.375,0.4903,19.5,3.0,15.0,1.053,0.333,0.4902791550769672,0.4902791550769672,0.0649128404507514,0.0250412740057158,0.5083262281199707,0.0,336.5,0
Finland,1973,0,0,4.0,8.625,0.464,17.125,0.478,19.5,3.0,15.0,1.14,1.0,0.4779658532247979,0.4779658532247979,0.1110792638646217,0.027472218666389,0.4982350272873306,0.0,323.5,0
Finland,1974,0,0,4.0,8.625,0.464,17.125,0.478,19.5,3.0,15.0,1.14,1.0,0.4779658532247979,0.4779658532247979,0.0830835957177885,0.027472218666389,0.4982350272873306,0.0,323.5,0
Finland,1975,0,0,4.75,8.625,0.551,16.25,0.4262,18.5,4.0,15.0,1.087,0.667,0.4261713882294438,0.4261713882294438,0.078268844871263,0.0262637155217353,0.4402677424177693,0.0,267.25,0
Finland,1976,0,0,4.75,8.625,0.551,16.25,0.4262,18.5,4.0,15.0,1.087,0.667,0.4261713882294438,0.4261713882294438,0.078268844871263,0.0262637155217353,0.4402677424177693,0.0,267.25,0
Finland,1977,0,0,4.75,8.625,0.551,16.25,0.4262,18.5,4.0,15.0,1.087,0.667,0.4261713882294438,0.4261713882294438,0.0614142190635462,0.0262637155217353,0.4402677424177693,0.0,267.25,0
Finland,1978,0,0,4.75,8.625,0.551,16.25,0.4262,18.5,4.0,15.0,1.087,0.667,0.4261713882294438,0.4261713882294438,0.0480098177508973,0.0262637155217353,0.4402677424177693,0.0,267.25,0
Finland,1979,0,0,3.75,8.625,0.435,17.5,0.4983,19.5,3.0,16.0,1.111,0.533,0.4983380265105448,0.4983380265105448,0.0654420112390967,0.0197452185110844,0.51217894161128,0.0,344.5,0
Finland,1980,0,0,3.25,8.625,0.377,18.0,0.534,19.5,3.0,16.0,0.882,-0.267,0.5340456710151481,0.5340456710151481,0.1283744291483012,0.0178395032934138,0.5477612925897435,0.0,378.5,0
Finland,1981,0,0,3.25,8.625,0.377,18.0,0.534,19.5,3.0,16.0,0.882,-0.267,0.5340456710151481,0.5340456710151481,0.1008934238950847,0.0178395032934138,0.5477612925897435,0.0,378.5,0
Finland,1982,0,0,3.25,8.625,0.377,18.0,0.534,19.5,3.0,16.0,0.882,-0.267,0.5340456710151481,0.5340456710151481,0.0734538375529932,0.0178395032934138,0.5477612925897435,0.0,378.5,0
Finland,1983,0,0,3.25,8.625,0.377,18.0,0.534,19.5,3.0,16.0,0.882,-0.267,0.5340456710151481,0.5340456710151481,0.046129641849,0.0178395032934138,0.5477612925897435,0.0,378.5,0
Finland,1984,0,0,3.25,8.625,0.377,18.0,0.534,19.5,3.0,16.0,0.882,-0.267,0.5340456710151481,0.5340456710151481,0.0194143195306898,0.0178395032934138,0.5477612925897435,0.0,378.5,0
Finland,1985,0,0,3.25,8.625,0.377,18.0,0.534,19.5,3.0,16.0,0.882,-0.267,0.5340456710151481,0.5340456710151481,0.0,0.0178395032934138,0.5477612925897435,0.0,378.5,0
Finland,1986,0,0,5.375,8.0,0.672,14.625,0.3814,18.5,4.0,12.0,1.2,2.333,0.3814279015658357,0.3814279015658357,0.5898694008612053,0.1173410735846737,0.427524415222534,0.0,183.375,0
Finland,1987,0,0,9.25,6.5,1.423,7.438,0.1907,12.5,8.0,6.5,1.136,4.433,0.1906609122755675,0.1906609122755675,0.2355558714087039,0.1466506833739986,0.1635096262207027,0.75,-109.75,0
Finland,1988,0,0,9.75,5.75,1.696,5.0,0.1574,9.0,9.0,3.5,1.042,2.933,0.1574461750825673,0.1574461750825673,0.3407159819559764,0.0110330080991384,0.1560343529960926,1.0,-144.625,0
Finland,1989,0,0,9.75,5.625,1.733,4.875,0.1574,9.0,9.0,3.5,1.042,3.267,0.1574461750825673,0.1574461750825673,0.2683955170275132,0.0085277538926015,0.155224906058238,1.0,-147.125,0
Finland,1990,0,0,7.875,7.0,1.125,9.5,0.2352,13.5,7.0,7.5,1.096,2.933,0.2352015253609969,0.2352015253609969,0.4470990175018952,0.0159734573366906,0.2336521796189385,0.75,-27.875,0
Finland,1991,0,0,5.875,7.75,0.758,13.0,0.3318,15.5,5.0,12.0,1.131,1.867,0.3318484370901787,0.3318484370901787,0.3285470547515547,0.1071604280653072,0.3602594204080319,0.0,115.25,0
Finland,1992,0,0,4.375,8.625,0.507,16.25,0.4366,18.5,4.0,14.0,0.985,0.667,0.4365829405489983,0.4365829405489983,0.2795550377084932,0.0315398325502835,0.4558328157250127,0.0,281.625,0
Finland,1993,0,0,3.375,8.625,0.391,17.875,0.5253,19.5,3.0,16.0,0.98,0.067,0.525341735029786,0.525341735029786,0.2170923513105082,0.0217960828835545,0.5428868225013156,0.0,371.5,0
Finland,1994,0,0,3.25,8.625,0.377,18.0,0.534,19.5,3.0,16.0,0.882,-0.267,0.5340456710151481,0.5340456710151481,0.1415844290642216,0.0178395032934138,0.5477612925897435,0.0,378.5,0
Finland,1995,0,0,3.25,8.625,0.377,18.0,0.534,19.5,3.0,16.0,0.882,-0.267,0.5340456710151481,0.5340456710151481,0.0996544575362825,0.0178395032934138,0.5477612925897435,0.0,378.5,0
Finland,1996,0,0,3.25,8.625,0.377,18.0,0.534,19.5,3.0,16.0,0.882,-0.267,0.5340456710151481,0.5340456710151481,0.0715733171046891,0.0178395032934138,0.5477612925897435,0.0,378.5,0
Finland,1997,0,0,3.25,8.625,0.377,18.0,0.534,19.5,3.0,16.0,0.882,-0.267,0.5340456710151481,0.5340456710151481,0.0412461353465927,0.0178395032934138,0.5477612925897435,0.0,378.5,0
Finland,1998,0,0,3.25,8.625,0.377,18.0,0.534,19.5,3.0,16.0,0.882,-0.267,0.5340456710151481,0.5340456710151481,0.0147595585861294,0.0178395032934138,0.5477612925897435,0.0,378.5,0
Finland,1999,0,0,3.25,8.625,0.377,18.0,0.534,19.5,3.0,16.0,0.882,-0.267,0.5340456710151481,0.5340456710151481,0.0,0.0178395032934138,0.5477612925897435,0.0,378.5,0
Finland,2000,0,0,3.25,8.625,0.377,18.0,0.534,19.5,3.0,16.0,0.882,-0.267,0.5340456710151481,0.5340456710151481,0.0,0.0178395032934138,0.5477612925897435,0.0,378.5,0
Finland,2001,0,0,3.25,8.625,0.377,18.0,0.534,19.5,3.0,16.0,0.882,-0.267,0.5340456710151481,0.5340456710151481,0.0,0.0178395032934138,0.5477612925897435,0.0,378.5,0
Finland,2002,0,0,3.25,8.625,0.377,18.0,0.534,19.5,3.0,16.0,0.882,-0.267,0.5340456710151481,0.5340456710151481,0.0,0.0178395032934138,0.5477612925897435,0.0,378.5,0
Finland,2003,0,0,3.25,8.625,0.377,18.0,0.534,19.5,3.0,16.0,0.882,-0.267,0.5340456710151481,0.5340456710151481,0.0,0.0178395032934138,0.5477612925897435,0.0,378.5,0
Finland,2004,0,0,6.375,8.0,0.797,13.625,0.3321,17.5,5.0,11.0,1.167,2.333,0.3320522745649969,0.3320522745649969,0.7178836960326646,0.2642787263552262,0.3923282864223713,0.0,119.0,0
Finland,2005,0,0,9.125,6.625,1.377,7.812,0.196,12.5,8.0,6.5,1.098,3.433,0.1959897978231325,0.1959897978231325,0.1775338549219776,0.1496341435322215,0.1701606673283613,0.75,-104.5,0
Finland,2006,0,0,7.75,7.0,1.107,9.75,0.2416,13.5,7.0,7.5,1.053,2.267,0.2415686678908433,0.2415686678908433,0.2267826249719568,0.0121095571035406,0.2435912679693342,0.75,-25.625,0
Finland,2007,0,0,8.25,6.625,1.245,8.562,0.219,13.5,7.0,7.5,1.154,4.1,0.2190118762931784,0.2190118762931784,0.3824268941118606,0.0219714798210278,0.2103230476536329,0.75,-57.125,0
Finland,2008,0,0,8.25,6.5,1.269,7.938,0.2087,13.0,7.0,7.5,1.154,4.7,0.2087081670109947,0.2087081670109947,0.2414628462017078,0.018965987692623,0.1976180363520817,0.75,-55.0,0
Finland,2009,0,0,8.25,6.125,1.347,7.25,0.2023,12.0,7.0,7.5,1.154,4.933,0.2023385518946226,0.2023385518946226,0.4318246113047325,0.0383472727630327,0.1884682926891786,0.75,-67.625,0
Finland,2010,0,0,7.75,6.625,1.17,8.688,0.2254,12.0,7.0,7.5,1.053,2.7,0.22540129277824,0.22540129277824,0.1246140964667788,0.0108213370819112,0.2225232303047279,0.75,-41.625,0
Finland,2011,0,0,6.5,7.375,0.881,11.875,0.2997,14.0,6.0,12.0,1.129,2.2,0.2997218554063082,0.2997218554063082,0.5114571682489697,0.3551760972042953,0.3327730798990284,0.0,51.25,0
Finland,2012,0,0,5.625,7.75,0.726,13.375,0.3455,15.0,5.0,12.0,1.111,1.4,0.3455338186536882,0.3455338186536882,0.7147881959182423,0.0453771335804989,0.3580279899705436,0.0,124.125,0
Finland,2013,0,0,5.0,8.0,0.625,14.625,0.3873,15.0,5.0,14.0,1.0,0.2,0.387258763163789,0.387258763163789,0.1176631093567841,0.001999972514696,0.3886636610131029,0.0,180.375,0
Finland,2014,0,0,3.625,8.375,0.433,17.0,0.4923,16.0,4.0,16.0,0.877,-1.333,0.4923383730494534,0.4923383730494534,0.1780969736238125,0.0201621399508882,0.5065340656991357,0.0,314.0,0
Finland,2015,0,0,3.625,8.375,0.433,17.0,0.4923,16.0,4.0,16.0,0.877,-1.333,0.4923383730494534,0.4923383730494534,0.2291148066415761,0.0201621399508882,0.5065340656991357,0.0,314.0,0
Finland,2016,0,0,7.625,7.375,1.034,10.75,0.2549,13.0,7.0,10.0,1.081,2.267,0.2548843482632371,0.2548843482632371,0.2033492380578913,0.0044519920938538,0.2584693484520243,0.625,-7.625,0
Finland,2017,0,0,5.0,8.0,0.625,14.875,0.3949,15.0,5.0,15.0,1.0,0.067,0.3949450459110107,0.3949450459110107,0.1485894693822094,0.0007677293807537,0.3953681332471535,0.0,186.0,0
Finland,2018,0,0,5.125,8.0,0.641,14.688,0.3873,15.0,5.0,15.0,1.067,0.833,0.387277244622187,0.387277244622187,0.1705769775599867,0.0083891835153163,0.3926004152698772,0.0,180.25,0
Finland,2019,0,0,5.875,7.625,0.77,13.062,0.3364,15.0,5.0,15.0,1.346,4.367,0.3364182798615531,0.3364182798615531,0.3170466046150422,0.3544672854572657,0.4290187071730891,0.0,117.0,0
Finland,2020,0,0,6.0,7.625,0.787,12.812,0.3282,15.0,5.0,15.0,1.41,5.033,0.3282455852990761,0.3282455852990761,0.4415620334671528,0.3021965231965614,0.4160243301890067,0.125,112.5,0
Finland,2021,0,0,6.125,7.625,0.803,12.562,0.3191,15.0,5.0,15.0,1.358,4.633,0.3190703025510506,0.3190703025510506,0.4117220568022277,0.3183225170213265,0.4033655940004599,0.125,102.5,0
France,1900,0,0,3.625,6.625,0.547,11.938,0.3591,14.0,3.0,10.5,1.176,1.5,0.3591093038677332,0.3591093038677332,,0.0752452111362192,0.3964060975175619,0.0,112.875,0
France,1901,0,0,3.75,6.625,0.566,11.688,0.3483,14.0,3.0,10.5,1.111,1.1,0.3483286192696821,0.3483286192696821,,0.0659316835686836,0.3783687165406589,0.0,104.125,0
France,1902,0,0,3.75,6.625,0.566,11.688,0.3483,14.0,3.0,10.5,1.111,1.1,0.3483286192696821,0.3483286192696821,,0.0659316835686836,0.3783687165406589,0.0,104.125,0
France,1903,0,0,3.75,6.625,0.566,11.688,0.3483,14.0,3.0,10.5,1.111,1.1,0.3483286192696821,0.3483286192696821,,0.0659316835686836,0.3783687165406589,0.0,104.125,0
France,1904,0,0,3.75,6.625,0.566,11.625,0.3455,14.0,3.0,10.5,1.111,1.0,0.3454967998288477,0.3454967998288477,,0.0660445239217907,0.3752265667550515,0.0,101.875,0
France,1905,0,0,4.375,6.5,0.673,10.5,0.3057,12.0,4.0,8.5,0.87,-0.8,0.3056666780325494,0.3056666780325494,0.322312136901328,0.1675766921336039,0.3571209675327098,0.0,73.375,0
France,1906,0,0,3.625,6.625,0.547,12.062,0.3639,14.0,3.0,10.5,1.176,1.7,0.3638651318753091,0.3638651318753091,0.1189428395851619,0.0714766684320395,0.3987796370031355,0.0,114.75,0
France,1907,0,0,3.625,6.625,0.547,12.062,0.3639,14.0,3.0,10.5,1.176,1.7,0.3638651318753091,0.3638651318753091,0.105253459378396,0.0714766684320395,0.3987796370031355,0.0,114.75,0
France,1908,0,0,3.625,6.625,0.547,12.062,0.3639,14.0,3.0,10.5,1.176,1.7,0.3638651318753091,0.3638651318753091,0.0924711212824035,0.0714766684320395,0.3987796370031355,0.0,114.75,0
France,1909,0,0,3.625,6.625,0.547,12.062,0.3639,14.0,3.0,10.5,1.176,1.7,0.3638651318753091,0.3638651318753091,0.0810262412363893,0.0714766684320395,0.3987796370031355,0.0,114.75,0
France,1910,0,0,3.625,6.625,0.547,12.062,0.3639,14.0,3.0,10.5,1.176,1.7,0.3638651318753091,0.3638651318753091,0.070321354870308,0.0714766684320395,0.3987796370031355,0.0,114.75,0
France,1911,0,0,3.875,6.625,0.585,11.812,0.3524,14.0,3.0,9.5,1.053,1.3,0.3523540972210865,0.3523540972210865,0.248492039034904,0.0986778814062498,0.3986286917799374,0.0,107.25,0
France,1912,0,0,4.0,6.625,0.604,11.688,0.3461,14.0,3.0,9.5,1.0,1.1,0.3461480567181274,0.3461480567181274,0.201667084413937,0.099230089843437,0.3910680162816453,0.0,102.75,0
France,1913,0,0,4.0,6.75,0.593,11.938,0.3503,14.0,3.0,9.5,1.0,1.5,0.3502743567991767,0.3502743567991767,0.1976143647448619,0.0876133172262053,0.3897101123855404,0.0,108.375,0
France,1914,0,0,6.375,6.5,0.981,8.5,0.229,10.5,5.0,8.5,1.075,2.4,0.2289848418775377,0.2289848418775377,0.7397244683985473,0.1688967917348479,0.2435017334942549,0.375,5.75,0
France,1915,0,0,6.5,6.375,1.02,7.938,0.2175,10.5,5.0,7.5,1.129,2.567,0.2175394917865935,0.2175394917865935,0.851983593212154,0.1638378422093174,0.2183358629418456,0.375,2.125,0
France,1916,0,0,7.125,6.25,1.14,6.688,0.1878,10.5,5.0,6.5,1.048,1.9,0.1878322980040738,0.1878322980040738,0.7848241521708693,0.0933189282689094,0.1839591507772555,0.625,-12.0,0
France,1917,0,0,7.5,5.875,1.277,4.812,0.1529,9.5,5.0,3.0,1.036,0.767,0.1529011712237676,0.1529011712237676,0.6766502162635863,0.0998546515935366,0.1456239777500288,0.625,-17.0,0
France,1918,0,0,6.625,6.375,1.039,7.688,0.21,10.5,5.0,9.5,1.094,2.167,0.2099776983059981,0.2099776983059981,0.3802417011212166,0.2582064876112101,0.2047121194627327,0.375,-1.0,0
France,1919,0,0,5.125,6.375,0.804,9.562,0.2724,13.0,4.0,8.0,1.181,3.033,0.272364269906715,0.272364269906715,0.2734306744685214,0.3067397771051205,0.3288246042052628,0.0,45.125,0
France,1920,0,0,5.125,6.25,0.82,9.375,0.27,13.0,4.0,7.5,1.181,3.267,0.2699500329975365,0.2699500329975365,0.3899886397967135,0.2441660776674591,0.3196742888154174,0.125,42.625,0
France,1921,0,0,4.625,6.25,0.74,9.875,0.2882,13.0,4.0,8.5,1.136,3.0,0.2882185290407946,0.2882185290407946,0.3412862916829723,0.1546322024015415,0.3215617230844235,0.0,55.125,0
France,1922,0,0,4.5,6.25,0.72,10.0,0.2935,13.0,4.0,8.5,1.19,3.2,0.2934827267191066,0.2934827267191066,0.3940014081086582,0.1590659247262649,0.330539109258806,0.0,59.625,0
France,1923,0,0,4.625,6.25,0.74,10.062,0.2953,13.0,4.0,10.0,1.27,4.9,0.2953401092916344,0.2953401092916344,0.2391547132769353,0.1517682587474852,0.337092426048976,0.125,61.0,0
France,1924,0,0,4.5,6.25,0.72,9.875,0.2894,13.0,4.0,8.5,1.19,3.0,0.2894487812068236,0.2894487812068236,0.1679965704633395,0.1554072197581643,0.323153734525172,0.0,57.375,0
France,1925,0,0,4.375,6.25,0.7,10.125,0.2986,13.0,4.0,8.5,1.111,2.333,0.2985743825909182,0.2985743825909182,0.3661349833537077,0.1318881024448328,0.3279144572751373,0.0,61.75,0
France,1926,0,0,3.5,6.5,0.538,12.0,0.3681,14.0,3.0,11.0,1.078,0.8,0.3680734640558437,0.3680734640558437,0.6315805652991608,0.0465758466856284,0.3871453650304873,0.0,109.75,0
France,1927,0,0,3.5,6.5,0.538,12.0,0.3681,14.0,3.0,10.5,1.078,0.8,0.368138812706657,0.368138812706657,0.4954602992189829,0.0537575671700173,0.3907523653283902,0.0,111.25,0
France,1928,0,0,3.5,6.5,0.538,12.25,0.3773,14.0,3.0,10.5,1.078,1.2,0.3772802057678159,0.3772802057678159,0.3711856021077205,0.0611811643515354,0.4057254851578792,0.0,117.75,0
France,1929,0,0,4.125,6.5,0.635,11.375,0.3385,14.0,3.0,9.5,1.228,1.933,0.3384721223139104,0.3384721223139104,0.242998812266845,0.0951077029743104,0.374404059609961,0.0,91.375,0
France,1930,0,0,4.875,6.0,0.812,9.25,0.2768,14.0,3.0,6.5,1.288,3.067,0.2768200831674949,0.2768200831674949,0.5394674613656848,0.2115904714441868,0.3329215681395159,0.25,43.25,0
France,1931,0,0,5.0,5.75,0.87,8.625,0.264,14.0,3.0,6.0,1.364,4.2,0.2639539378045855,0.2639539378045855,0.5220476270394043,0.2093799484613142,0.3188368081599312,0.375,35.5,0
France,1932,0,0,5.625,5.75,0.978,7.438,0.2243,13.0,4.0,4.0,1.333,4.7,0.22434724577348,0.22434724577348,0.4164891649659412,0.0976286086425601,0.2603166030163165,0.5,20.375,0
France,1933,0,0,5.75,5.75,1.0,7.312,0.22,13.0,4.0,4.0,1.282,4.5,0.2199650768441435,0.2199650768441435,0.3044690427104007,0.1072583043725028,0.2503835793458273,0.5,16.625,0
France,1934,0,0,5.875,5.5,1.068,6.5,0.2035,11.5,4.0,0.5,1.235,3.2,0.203461550315587,0.203461550315587,0.5052440181673105,0.067266887254351,0.2154332370278468,0.5,7.25,0
France,1935,0,0,5.375,5.625,0.956,7.312,0.2225,11.5,4.0,4.0,1.09,2.9,0.2225276824852966,0.2225276824852966,0.3630021897586054,0.1684393395914639,0.2429960934000611,0.375,13.75,0
France,1936,0,0,6.5,6.125,1.061,7.625,0.2164,11.5,4.0,7.5,1.322,2.6,0.2164259158098962,0.2164259158098962,0.5001692297925003,0.1198280305091256,0.2323552268283124,0.625,-4.5,0
France,1937,1,0,6.0,5.875,1.021,7.062,0.2075,11.5,4.0,5.0,1.092,1.167,0.2075105161489792,0.2075105161489792,0.312936523280442,0.5228152304482634,0.2186011111302266,0.25,2.25,0
France,1938,1,0,6.125,6.0,1.021,7.188,0.2084,11.5,4.0,6.5,1.056,2.167,0.2083878180512458,0.2083878180512458,0.2032443767747537,0.2391132831455239,0.2252990848755747,0.5,2.75,1
France,1939,1,0,7.125,5.75,1.239,5.75,0.1766,9.5,5.0,5.0,1.127,2.533,0.1766366479315809,0.1766366479315809,0.6995964073438288,0.0775309485480161,0.1651525649732068,0.75,-24.125,1
France,1940,0,1,8.75,4.125,2.121,0.438,0.1002,3.0,8.0,-2.5,0.985,-0.367,0.1002453414265946,0.1002453414265946,0.4427520414856904,0.0146265466967701,0.0977977748216163,1.0,-43.875,1
France,1941,0,0,8.5,4.375,1.943,1.25,0.11,3.0,8.0,0.5,1.032,0.933,0.1100052457517148,0.1100052457517148,0.3082052470777424,0.0110082822346017,0.106251427101515,1.0,-46.25,0
France,1942,0,0,8.75,4.125,2.121,0.25,0.0964,3.0,8.0,-0.5,0.985,-0.667,0.0963719631219705,0.0963719631219705,0.1636463479710702,0.0031901273587549,0.098910940095342,1.0,-44.5,0
France,1943,0,0,8.5,4.5,1.889,1.312,0.1092,3.0,8.0,-0.5,1.032,1.033,0.1092420333439135,0.1092420333439135,0.1749600735555769,0.0020680174432319,0.1094385491283719,1.0,-48.375,0
France,1944,0,0,8.125,5.25,1.548,3.875,0.1452,6.5,7.0,3.0,0.976,0.333,0.1451764742824419,0.1451764742824419,0.3332256099833959,0.0193927903418752,0.1416935039041141,1.0,-54.375,0
France,1945,0,0,6.0,6.25,0.96,8.312,0.2327,11.0,5.0,7.5,1.0,1.567,0.2326873239739875,0.2326873239739875,0.4933947695341734,0.5086527608421206,0.2614473909725244,0.125,9.75,0
France,1946,0,0,5.125,6.125,0.837,8.875,0.2572,13.0,4.0,4.0,0.962,0.867,0.2572295683446607,0.2572295683446607,0.8540104048358084,0.1153630641828801,0.2827416005399349,0.125,36.375,0
France,1947,0,0,5.5,6.125,0.898,8.188,0.2354,13.0,4.0,4.0,0.952,0.3,0.2353756349862991,0.2353756349862991,0.6684117049282978,0.2721269475959461,0.2671087216132768,0.125,24.25,0
France,1948,0,0,5.125,6.25,0.82,9.0,0.2566,13.0,4.0,5.0,0.962,-0.8,0.2566018791031161,0.2566018791031161,0.653645324785749,0.1838381597450564,0.292632231918667,0.125,38.375,0
France,1949,0,0,5.125,6.375,0.804,9.125,0.2566,13.0,4.0,5.0,0.962,-0.6,0.2566018791031161,0.2566018791031161,0.5000658625439035,0.1653530404541993,0.2903396006950325,0.125,41.5,0
France,1950,0,0,5.0,6.625,0.755,9.5,0.2612,13.0,4.0,5.0,1.0,-0.533,0.2611593971908949,0.2611593971908949,0.3256743246580163,0.0908061857807376,0.2907558442233547,0.125,51.5,0
France,1951,0,0,4.75,6.625,0.717,10.125,0.2854,13.0,4.0,5.0,0.972,-0.6,0.2854027132520249,0.2854027132520249,0.5134212995603267,0.0904332379712589,0.321204133954869,0.125,67.25,0
France,1952,0,0,4.75,6.625,0.717,10.25,0.2894,13.0,4.0,5.0,0.972,-0.4,0.2894063471371251,0.2894063471371251,0.3928294027968912,0.0922567414346676,0.3272528060368024,0.125,69.5,0
France,1953,0,0,4.75,6.5,0.731,10.125,0.2904,13.0,4.0,5.0,0.867,-1.133,0.290355826918108,0.290355826918108,0.2844911712613508,0.0915333847298616,0.3321906543311419,0.25,67.75,0
France,1954,0,0,5.5,6.125,0.898,8.188,0.2397,12.5,4.0,0.5,0.699,-4.233,0.2396707017887542,0.2396707017887542,0.5725441124777525,0.0753716306203692,0.2827043084218591,0.25,49.75,0
France,1955,1,0,5.25,6.25,0.84,8.75,0.253,12.5,4.0,0.5,0.747,-3.333,0.2529614665069898,0.2529614665069898,0.2987026766655605,0.0570616244964667,0.2888651441304887,0.25,52.5,0
France,1956,1,0,5.375,6.25,0.86,8.688,0.2506,12.5,4.0,0.5,0.722,-3.433,0.2506139215285466,0.2506139215285466,0.2193361592181846,0.1212996431688181,0.2965661864339113,0.25,46.0,0
France,1957,1,0,5.375,6.25,0.86,8.688,0.2506,12.5,4.0,0.5,0.722,-3.433,0.2506139215285466,0.2506139215285466,0.1477467031608939,0.1212996431688181,0.2965661864339113,0.25,46.0,0
France,1958,0,1,5.75,6.375,0.902,8.5,0.2418,10.5,5.0,2.0,0.657,-3.733,0.2418186295026763,0.2418186295026763,0.3862280700540449,0.0660981018972118,0.2687933864501312,0.375,34.375,0
France,1959,0,0,4.25,7.0,0.607,12.125,0.3461,14.0,3.0,12.0,0.909,-0.6,0.3461305836418551,0.3461305836418551,0.4099604626256991,0.0766208197926584,0.3752046250353616,0.0,105.75,0
France,1960,0,0,4.25,7.0,0.607,12.312,0.3531,14.0,3.0,12.0,0.909,-0.3,0.353077159523871,0.353077159523871,0.3123429905342689,0.0794652119739404,0.3825698950070211,0.0,108.75,0
France,1961,0,0,4.625,6.875,0.673,11.375,0.3235,14.0,3.0,10.0,0.8,-1.8,0.3235433715286013,0.3235433715286013,0.3845905461721399,0.057970408799078,0.362764559563277,0.125,93.25,0
France,1962,0,0,3.875,6.875,0.564,12.375,0.3642,14.0,3.0,12.0,0.794,-1.267,0.3641608274833228,0.3641608274833228,0.2348526795499162,0.0777095596342306,0.396937550117491,0.0,117.75,0
France,1963,0,0,3.5,7.0,0.5,13.25,0.3976,14.0,3.0,13.0,0.926,0.133,0.3976391223729604,0.3976391223729604,0.3249240278016131,0.01709041770147,0.4092464582297445,0.0,143.0,0
France,1964,0,0,3.375,7.0,0.482,13.375,0.404,14.0,3.0,13.0,0.98,0.333,0.4039548923301139,0.4039548923301139,0.215281876868004,0.0094481420174211,0.4106233071650291,0.0,147.5,0
France,1965,0,0,3.375,7.0,0.482,13.375,0.404,14.0,3.0,13.0,0.98,0.333,0.4039548923301139,0.4039548923301139,0.1783398304424651,0.0094481420174211,0.4106233071650291,0.0,147.5,0
France,1966,0,0,3.375,7.0,0.482,13.625,0.4145,14.0,3.0,13.5,0.98,0.733,0.4144768690774306,0.4144768690774306,0.186254520247709,0.0055066288179903,0.4183510437440154,0.0,155.0,0
France,1967,0,0,3.5,7.0,0.5,13.5,0.4079,14.0,3.0,13.5,1.078,1.067,0.4078724579010567,0.4078724579010567,0.1451215810147162,0.0101821809982531,0.4153298755539714,0.0,151.25,0
France,1968,0,0,8.125,6.125,1.327,5.25,0.1566,8.5,6.0,2.0,1.111,-0.133,0.1565990602005998,0.1565990602005998,0.41580619597157,0.0221399038708888,0.1511749455605514,0.875,-41.5,0
France,1969,0,0,4.625,6.625,0.698,11.0,0.3154,14.0,3.0,8.5,0.903,-1.867,0.315389003620362,0.315389003620362,0.5039362969842609,0.191784099429519,0.3680714386779065,0.0,77.25,0
France,1970,0,0,3.625,7.0,0.518,12.938,0.383,14.0,3.0,13.0,1.019,0.167,0.3830179813994431,0.3830179813994431,0.1475237916241618,0.0117695326382432,0.39126485177913,0.0,132.75,0
France,1971,0,0,3.0,6.375,0.471,12.812,0.4153,15.5,2.0,11.0,1.19,2.1,0.4153097682422707,0.4153097682422707,0.4518809692708616,0.0552678531904898,0.4448072790644284,0.0,139.25,0
France,1972,0,0,3.0,6.375,0.471,12.812,0.4153,15.5,2.0,11.0,1.19,2.1,0.4153097682422707,0.4153097682422707,0.3830873607746881,0.0552678531904898,0.4448072790644284,0.0,139.25,0
France,1973,0,0,3.75,6.125,0.612,11.312,0.3589,15.5,2.0,9.0,1.458,3.967,0.3588663060442887,0.3588663060442887,0.5653509945932175,0.2437166622976579,0.4536644035214089,0.0,102.5,0
France,1974,0,0,3.75,6.125,0.612,11.312,0.3589,15.5,2.0,9.0,1.458,3.967,0.3588663060442887,0.3588663060442887,0.399745374722562,0.2437166622976579,0.4536644035214089,0.0,102.5,0
France,1975,0,0,4.0,6.125,0.653,10.875,0.3413,15.5,2.0,9.0,1.667,5.133,0.3412902565683817,0.3412902565683817,0.4423949479292811,0.1675647084799555,0.4351585341469546,0.25,96.875,0
France,1976,0,0,4.0,6.125,0.653,10.875,0.3413,15.5,2.0,9.0,1.667,5.133,0.3412902565683817,0.3412902565683817,0.2856826075907344,0.1675647084799555,0.4351585341469546,0.25,96.875,0
France,1977,0,0,3.125,6.375,0.49,12.562,0.4036,15.5,2.0,11.0,1.31,2.767,0.4036217857430776,0.4036217857430776,0.2742354124071687,0.0685303041654119,0.4405998425876516,0.0,133.25,0
France,1978,0,0,3.0,6.375,0.471,12.812,0.4153,15.5,2.0,11.0,1.19,2.1,0.4153097682422707,0.4153097682422707,0.2775141352506297,0.0552678531904898,0.4448072790644284,0.0,139.25,0
France,1979,0,0,3.0,6.375,0.471,12.812,0.4153,15.5,2.0,11.0,1.19,2.1,0.4153097682422707,0.4153097682422707,0.2203340405641351,0.0552678531904898,0.4448072790644284,0.0,139.25,0
France,1980,0,0,3.0,6.375,0.471,12.812,0.4153,15.5,2.0,11.0,1.19,2.1,0.4153097682422707,0.4153097682422707,0.2519624160561596,0.0552678531904898,0.4448072790644284,0.0,139.25,0
France,1981,0,0,3.0,6.375,0.471,12.812,0.4153,15.5,2.0,11.0,1.19,2.1,0.4153097682422707,0.4153097682422707,0.142595504444617,0.0552678531904898,0.4448072790644284,0.0,139.25,0
France,1982,0,0,3.0,6.375,0.471,12.812,0.4153,15.5,2.0,11.0,1.19,2.1,0.4153097682422707,0.4153097682422707,0.0388784334822766,0.0552678531904898,0.4448072790644284,0.0,139.25,0
France,1983,0,0,3.0,6.375,0.471,12.812,0.4153,15.5,2.0,11.0,1.19,2.1,0.4153097682422707,0.4153097682422707,0.0,0.0552678531904898,0.4448072790644284,0.0,139.25,0
France,1984,0,0,3.0,6.375,0.471,12.812,0.4153,15.5,2.0,11.0,1.19,2.1,0.4153097682422707,0.4153097682422707,0.0,0.0552678531904898,0.4448072790644284,0.0,139.25,0
France,1985,0,0,3.0,6.375,0.471,12.812,0.4153,15.5,2.0,11.0,1.19,2.1,0.4153097682422707,0.4153097682422707,0.0,0.0552678531904898,0.4448072790644284,0.0,139.25,0
France,1986,0,0,3.0,6.375,0.471,12.812,0.4153,15.5,2.0,11.0,1.19,2.1,0.4153097682422707,0.4153097682422707,0.0,0.0552678531904898,0.4448072790644284,0.0,139.25,0
France,1987,0,0,3.0,6.375,0.471,12.812,0.4153,15.5,2.0,11.0,1.19,2.1,0.4153097682422707,0.4153097682422707,0.0,0.0552678531904898,0.4448072790644284,0.0,139.25,0
France,1988,0,0,3.0,6.375,0.471,12.812,0.4153,15.5,2.0,11.0,1.19,2.1,0.4153097682422707,0.4153097682422707,0.0,0.0552678531904898,0.4448072790644284,0.0,139.25,0
France,1989,0,0,3.0,6.375,0.471,12.812,0.4153,15.5,2.0,11.0,1.19,2.1,0.4153097682422707,0.4153097682422707,0.0,0.0552678531904898,0.4448072790644284,0.0,139.25,0
France,1990,0,0,3.0,6.375,0.471,12.812,0.4153,15.5,2.0,11.0,1.19,2.1,0.4153097682422707,0.4153097682422707,0.0,0.0552678531904898,0.4448072790644284,0.0,139.25,0
France,1991,0,0,3.0,6.375,0.471,12.812,0.4153,15.5,2.0,11.0,1.19,2.1,0.4153097682422707,0.4153097682422707,0.0,0.0552678531904898,0.4448072790644284,0.0,139.25,0
France,1992,0,0,3.0,6.375,0.471,12.812,0.4153,15.5,2.0,11.0,1.19,2.1,0.4153097682422707,0.4153097682422707,0.0,0.0552678531904898,0.4448072790644284,0.0,139.25,0
France,1993,0,0,3.0,6.375,0.471,12.812,0.4153,15.5,2.0,11.0,1.19,2.1,0.4153097682422707,0.4153097682422707,0.0,0.0552678531904898,0.4448072790644284,0.0,139.25,0
France,1994,0,0,3.0,6.375,0.471,12.812,0.4153,15.5,2.0,11.0,1.19,2.1,0.4153097682422707,0.4153097682422707,0.0,0.0552678531904898,0.4448072790644284,0.0,139.25,0
France,1995,0,0,3.0,6.375,0.471,12.812,0.4153,15.5,2.0,11.0,1.19,2.1,0.4153097682422707,0.4153097682422707,0.0,0.0552678531904898,0.4448072790644284,0.0,139.25,0
France,1996,0,0,3.0,6.375,0.471,12.812,0.4153,15.5,2.0,11.0,1.19,2.1,0.4153097682422707,0.4153097682422707,0.0,0.0552678531904898,0.4448072790644284,0.0,139.25,0
France,1997,0,0,3.0,6.375,0.471,12.812,0.4153,15.5,2.0,11.0,1.19,2.1,0.4153097682422707,0.4153097682422707,0.0,0.0552678531904898,0.4448072790644284,0.0,139.25,0
France,1998,0,0,3.0,6.375,0.471,12.812,0.4153,15.5,2.0,11.0,1.19,2.1,0.4153097682422707,0.4153097682422707,0.0,0.0552678531904898,0.4448072790644284,0.0,139.25,0
France,1999,0,0,3.0,6.375,0.471,12.812,0.4153,15.5,2.0,11.0,1.19,2.1,0.4153097682422707,0.4153097682422707,0.0,0.0552678531904898,0.4448072790644284,0.0,139.25,0
France,2000,0,0,3.0,6.375,0.471,12.812,0.4153,15.5,2.0,11.0,1.19,2.1,0.4153097682422707,0.4153097682422707,0.0,0.0552678531904898,0.4448072790644284,0.0,139.25,0
France,2001,0,0,3.0,6.375,0.471,12.812,0.4153,15.5,2.0,11.0,1.19,2.1,0.4153097682422707,0.4153097682422707,0.0,0.0552678531904898,0.4448072790644284,0.0,139.25,0
France,2002,0,0,3.0,6.375,0.471,12.812,0.4153,15.5,2.0,11.0,1.19,2.1,0.4153097682422707,0.4153097682422707,0.0,0.0552678531904898,0.4448072790644284,0.0,139.25,0
France,2003,0,0,3.0,6.375,0.471,12.812,0.4153,15.5,2.0,11.0,1.19,2.1,0.4153097682422707,0.4153097682422707,0.0,0.0552678531904898,0.4448072790644284,0.0,139.25,0
France,2004,0,0,3.0,6.375,0.471,12.812,0.4153,15.5,2.0,11.0,1.19,2.1,0.4153097682422707,0.4153097682422707,0.0,0.0552678531904898,0.4448072790644284,0.0,139.25,0
France,2005,0,0,3.0,6.375,0.471,12.812,0.4153,15.5,2.0,11.0,1.19,2.1,0.4153097682422707,0.4153097682422707,0.0,0.0552678531904898,0.4448072790644284,0.0,139.25,0
France,2006,0,0,3.0,6.375,0.471,12.812,0.4153,15.5,2.0,11.0,1.19,2.1,0.4153097682422707,0.4153097682422707,0.0,0.0552678531904898,0.4448072790644284,0.0,139.25,0
France,2007,0,0,3.0,6.375,0.471,12.812,0.4153,15.5,2.0,11.0,1.19,2.1,0.4153097682422707,0.4153097682422707,0.0,0.0552678531904898,0.4448072790644284,0.0,139.25,0
France,2008,0,0,3.625,6.125,0.592,11.688,0.3738,15.5,2.0,11.0,1.556,4.567,0.3738095132135524,0.3738095132135524,0.2388600227134366,0.2079648821914979,0.4535573534325362,0.0,109.25,0
France,2009,0,0,3.625,6.125,0.592,11.688,0.3738,15.5,2.0,11.0,1.556,4.567,0.3738095132135524,0.3738095132135524,0.1910880181707493,0.2079648821914979,0.4535573534325362,0.0,109.25,0
France,2010,0,0,3.625,6.125,0.592,11.562,0.3692,15.5,2.0,11.0,1.556,4.367,0.3691721736065204,0.3691721736065204,0.1871175480615075,0.2141970511011186,0.4517538368561076,0.0,107.75,0
France,2011,0,0,3.875,6.125,0.633,11.312,0.3583,15.5,2.0,11.0,1.562,4.5,0.3582532618964609,0.3582532618964609,0.3959685859545199,0.1959367931559685,0.4456615794197043,0.125,100.875,0
France,2012,0,0,3.875,6.125,0.633,11.312,0.3583,15.5,2.0,11.0,1.562,4.5,0.3582532618964609,0.3582532618964609,0.3062460742994812,0.1959367931559685,0.4456615794197043,0.125,100.875,0
France,2013,0,0,3.875,6.125,0.633,11.312,0.3583,15.5,2.0,11.0,1.562,4.5,0.3582532618964609,0.3582532618964609,0.2210766000564517,0.1959367931559685,0.4456615794197043,0.125,100.875,0
France,2014,0,0,4.5,6.125,0.735,10.562,0.324,15.5,2.0,10.0,1.491,4.367,0.3239513852063734,0.3239513852063734,0.2758271216864748,0.1743192815696655,0.3947669481570338,0.25,73.25,0
France,2015,0,0,4.5,6.125,0.735,10.562,0.324,15.5,2.0,10.0,1.491,4.367,0.3239513852063734,0.3239513852063734,0.2195431060516259,0.1743192815696655,0.3947669481570338,0.25,73.25,0
France,2016,0,0,4.5,6.125,0.735,10.562,0.324,15.5,2.0,10.0,1.491,4.367,0.3239513852063734,0.3239513852063734,0.1829724756934968,0.1743192815696655,0.3947669481570338,0.25,73.25,0
France,2017,0,0,4.5,6.125,0.735,10.562,0.324,15.5,2.0,10.0,1.491,4.367,0.3239513852063734,0.3239513852063734,0.1219816504623312,0.1743192815696655,0.3947669481570338,0.25,73.25,0
France,2018,0,0,4.5,6.125,0.735,10.562,0.324,15.5,2.0,10.0,1.491,4.367,0.3239513852063734,0.3239513852063734,0.0609908252311656,0.1743192815696655,0.3947669481570338,0.25,73.25,0
France,2019,0,0,4.5,6.125,0.735,10.562,0.324,15.5,2.0,10.0,1.491,4.367,0.3239513852063734,0.3239513852063734,0.0,0.1743192815696655,0.3947669481570338,0.25,73.25,0
France,2020,0,0,5.125,5.75,0.891,8.875,0.2764,15.5,2.0,9.0,1.587,7.267,0.2764497347918601,0.2764497347918601,0.4112234630465214,0.1953398650298587,0.3485960323428652,0.375,49.25,0
France,2021,0,0,5.125,5.75,0.891,8.875,0.2764,15.5,2.0,9.0,1.587,7.267,0.2764497347918601,0.2764497347918601,0.3289787704372171,0.1953398650298587,0.3485960323428652,0.375,49.25,0
France,2022,0,0,5.25,5.625,0.933,8.5,0.2677,15.5,2.0,9.0,1.515,6.667,0.2677035927041934,0.2677035927041934,0.5183850510035359,0.2264791237968382,0.3313944249478546,0.375,38.0,0
France,2023,0,0,5.25,5.625,0.933,8.5,0.2677,15.5,2.0,9.0,1.515,6.667,0.2677035927041934,0.2677035927041934,0.3980026340443607,0.2264791237968382,0.3313944249478546,0.375,38.0,0
France,2024,0,0,5.25,5.625,0.933,8.5,0.2677,15.5,2.0,9.0,1.515,6.667,0.2677035927041934,0.2677035927041934,0.2812134139438773,0.2264791237968382,0.3313944249478546,0.375,38.0,0
France,2025,0,0,5.25,5.625,0.933,8.5,0.2677,15.5,2.0,9.0,1.515,6.667,0.2677035927041934,0.2677035927041934,0.1753502880838862,0.2264791237968382,0.3313944249478546,0.375,38.0,0
Germany,1900,0,0,2.75,7.125,0.386,15.312,0.4981,17.0,2.0,14.5,1.154,1.567,0.4981075722955196,0.4981075722955196,,0.0478177137908031,0.534750073666831,0.0,245.0,0
Germany,1901,0,0,2.75,7.125,0.386,15.312,0.4981,17.0,2.0,14.5,1.154,1.567,0.4981075722955196,0.4981075722955196,,0.0478177137908031,0.534750073666831,0.0,245.0,0
Germany,1902,0,0,2.75,7.125,0.386,15.312,0.4981,17.0,2.0,14.5,1.154,1.567,0.4981075722955196,0.4981075722955196,,0.0478177137908031,0.534750073666831,0.0,245.0,0
Germany,1903,0,0,2.75,7.125,0.386,15.312,0.4981,17.0,2.0,14.5,1.154,1.567,0.4981075722955196,0.4981075722955196,,0.0478177137908031,0.534750073666831,0.0,245.0,0
Germany,1904,0,0,2.875,7.125,0.404,15.188,0.49,17.0,2.0,13.5,1.071,1.367,0.4900291291911264,0.4900291291911264,,0.053328636042108,0.5308740758574809,0.0,238.875,0
Germany,1905,0,0,2.875,7.125,0.404,15.188,0.49,17.0,2.0,13.5,1.071,1.367,0.4900291291911264,0.4900291291911264,0.0761135220359078,0.053328636042108,0.5308740758574809,0.0,238.875,0
Germany,1906,0,0,2.875,7.125,0.404,15.188,0.49,17.0,2.0,13.5,1.071,1.367,0.4900291291911264,0.4900291291911264,0.0570851415269308,0.053328636042108,0.5308740758574809,0.0,238.875,0
Germany,1907,0,0,3.25,7.5,0.433,15.25,0.4701,17.0,2.0,13.5,1.222,2.0,0.4700532772267714,0.4700532772267714,0.258802972576028,0.0632374566661687,0.5189977968710757,0.0,245.25,0
Germany,1908,0,0,3.25,7.5,0.433,15.25,0.4701,17.0,2.0,13.5,1.222,2.0,0.4700532772267714,0.4700532772267714,0.2063785205661244,0.0632374566661687,0.5189977968710757,0.0,245.25,0
Germany,1909,0,0,3.25,7.5,0.433,15.25,0.4701,17.0,2.0,13.5,1.222,2.0,0.4700532772267714,0.4700532772267714,0.1550052411900816,0.0632374566661687,0.5189977968710757,0.0,245.25,0
Germany,1910,0,0,3.375,7.5,0.45,15.125,0.4627,17.0,2.0,12.5,1.146,1.8,0.4626883158116043,0.4626883158116043,0.1641786122462707,0.0733358811805972,0.5186052042297753,0.0,239.125,0
Germany,1911,0,0,3.375,7.5,0.45,15.125,0.4627,17.0,2.0,12.5,1.146,1.8,0.4626883158116043,0.4626883158116043,0.1161706632111299,0.0733358811805972,0.5186052042297753,0.0,239.125,0
Germany,1912,0,0,3.375,7.5,0.45,15.125,0.4627,17.0,2.0,12.5,1.146,1.8,0.4626883158116043,0.4626883158116043,0.0804569881026091,0.0733358811805972,0.5186052042297753,0.0,239.125,0
Germany,1913,0,0,3.375,7.5,0.45,15.125,0.4627,17.0,2.0,12.5,1.146,1.8,0.4626883158116043,0.4626883158116043,0.053637992068406,0.0733358811805972,0.5186052042297753,0.0,239.125,0
Germany,1914,0,0,5.625,6.875,0.818,11.188,0.3038,11.5,5.0,10.5,1.111,3.233,0.3037724041667462,0.3037724041667462,0.6493453741134098,0.1386171219821698,0.329849964417698,0.125,73.25,0
Germany,1915,1,0,7.375,5.75,1.283,6.812,0.2024,8.0,6.0,6.0,1.143,3.967,0.2023610891266676,0.2023610891266676,1.1357933590106086,0.2488061597399085,0.1673145117522873,0.625,-34.0,0
Germany,1916,1,0,7.375,5.75,1.283,6.812,0.2024,8.0,6.0,6.0,1.143,3.967,0.2023610891266676,0.2023610891266676,0.8804915423140994,0.2488061597399085,0.1673145117522873,0.625,-34.0,1
Germany,1917,1,0,8.375,4.875,1.718,3.938,0.1554,5.0,7.0,1.5,1.125,3.1,0.1554027755140603,0.1554027755140603,0.3733121614324578,0.0300376441292198,0.1590605098134384,1.0,-76.5,1
Germany,1918,0,1,9.125,3.875,2.355,0.562,0.1094,2.5,8.0,-2.0,1.098,2.5,0.1093867968841897,0.1093867968841897,0.2524061865457878,0.0219899441929524,0.1165804082119189,1.0,-75.75,1
Germany,1919,0,0,8.625,3.5,2.464,0.562,0.1164,5.0,7.0,-0.5,1.138,3.567,0.1164033983504343,0.1164033983504343,0.2826524175142639,0.0115392549141946,0.1207364722743476,1.0,-69.25,0
Germany,1920,0,0,8.625,3.5,2.464,0.562,0.1164,5.0,7.0,-0.5,1.138,3.567,0.1164033983504343,0.1164033983504343,0.2467456137720446,0.0115392549141946,0.1207364722743476,1.0,-69.25,0
Germany,1921,0,0,9.125,3.375,2.704,-0.375,0.1016,4.0,8.0,-2.0,1.098,3.133,0.1016220474098672,0.1016220474098672,0.3682438161691245,0.0334041853587693,0.1112882071804593,1.0,-67.75,0
Germany,1922,0,0,9.125,3.25,2.808,-0.75,0.0958,3.5,8.0,-2.0,1.098,3.067,0.0958052195896344,0.0958052195896344,0.3796000881572369,0.044211974522092,0.1091031387450817,1.0,-62.75,0
Germany,1923,0,0,9.125,3.25,2.808,-0.75,0.0958,3.5,8.0,-2.0,1.098,3.067,0.0958052195896344,0.0958052195896344,0.2852368383622177,0.044211974522092,0.1091031387450817,1.0,-62.75,0
Germany,1924,0,0,6.375,4.875,1.308,5.875,0.2062,9.5,5.0,3.5,1.075,1.133,0.2062034484611852,0.2062034484611852,0.2941741048697621,0.1459344997137972,0.1831900733220308,0.625,-25.75,0
Germany,1925,0,0,6.375,4.875,1.308,5.875,0.2062,9.5,5.0,3.5,1.075,1.133,0.2062034484611852,0.2062034484611852,0.2645602998574628,0.1459344997137972,0.1831900733220308,0.625,-25.75,0
Germany,1926,0,0,5.75,4.875,1.179,6.875,0.2341,9.5,5.0,3.5,0.977,0.067,0.2341192837229513,0.2341192837229513,0.2113923628862312,0.0849517556948394,0.2210203713199714,0.625,-13.0,0
Germany,1927,0,0,5.375,5.875,0.915,9.312,0.2824,13.0,4.0,7.0,1.09,1.033,0.2823561636485692,0.2823561636485692,0.9532717911937244,0.2612362045857687,0.3514330446155025,0.375,35.5,0
Germany,1928,0,0,4.75,5.875,0.809,10.312,0.3183,13.0,4.0,7.0,0.972,-0.033,0.3183395850338965,0.3183395850338965,0.8446732133365636,0.241460416793958,0.3819101993376397,0.125,58.625,0
Germany,1929,0,0,4.75,5.875,0.809,10.312,0.3183,13.0,4.0,7.0,0.972,-0.033,0.3183395850338965,0.3183395850338965,0.6344526916661425,0.241460416793958,0.3819101993376397,0.125,58.625,0
Germany,1930,1,0,7.375,4.375,1.686,4.375,0.1798,8.5,6.0,2.5,1.313,4.067,0.1798416174577162,0.1798416174577162,0.7896317240397418,0.0289874537088021,0.1670407948306011,1.0,-64.5,0
Germany,1931,1,0,7.75,4.125,1.879,3.062,0.1553,8.0,6.0,2.0,1.373,4.9,0.1553267626878352,0.1553267626878352,0.6227988465996667,0.0391345117719309,0.1432801559062883,1.0,-62.0,1
Germany,1932,1,0,8.375,3.875,2.161,1.562,0.1289,6.0,7.0,-1.0,1.272,4.633,0.1288611778490264,0.1288611778490264,0.3754598465082295,0.0171343922514224,0.1289479954123003,1.0,-68.25,1
Germany,1933,0,1,6.875,4.625,1.486,5.25,0.1925,2.0,8.0,7.0,1.029,0.933,0.1925273843909365,0.1925273843909365,0.3694440965164359,0.0238812764124168,0.1888122814128706,1.0,-52.5,1
Germany,1934,0,0,6.125,5.375,1.14,7.25,0.2283,2.0,8.0,9.0,0.968,-0.4,0.2282964458247983,0.2282964458247983,0.4370497968132193,0.281599846220264,0.2047440740181142,0.375,-10.375,0
Germany,1935,0,0,5.75,5.75,1.0,8.688,0.2593,3.0,7.0,10.0,0.889,-1.033,0.2593010142493698,0.2593010142493698,0.5253347494286844,0.1084031879342823,0.2676704923530419,0.375,16.0,0
Germany,1936,0,0,5.0,6.5,0.769,10.688,0.3054,3.0,7.0,12.0,0.802,-2.367,0.3054456524001491,0.3054456524001491,0.8209974297882662,0.1037378243022714,0.3627961810339842,0.25,88.25,0
Germany,1937,0,0,5.0,6.625,0.755,10.875,0.3078,3.0,7.0,13.0,0.802,-2.067,0.3077570247460344,0.3077570247460344,0.7123245329410776,0.1047026105135223,0.3682458924296064,0.25,97.5,0
Germany,1938,0,0,5.0,6.75,0.741,11.188,0.3135,3.0,7.0,13.5,0.802,-1.567,0.3135067107256979,0.3135067107256979,0.6588118635189084,0.1323304076231424,0.3840897371351262,0.25,113.125,0
Germany,1939,0,0,5.875,6.75,0.87,10.312,0.2754,3.0,7.0,12.5,0.944,-0.833,0.2754095990124684,0.2754095990124684,0.3293427962828877,0.1795934021249897,0.3324353643968663,0.25,72.75,0
Germany,1940,0,0,6.5,6.625,0.981,9.312,0.2457,2.0,8.0,12.5,0.96,0.233,0.2457192057607944,0.2457192057607944,0.3815961973336405,0.1786165866978978,0.28248621347971,0.375,42.25,0
Germany,1941,0,0,7.0,6.5,1.077,8.625,0.227,2.0,8.0,11.5,1.0,1.0,0.2270262441872725,0.2270262441872725,0.3945227948414498,0.0643206830949316,0.2453356339523218,0.5,19.375,0
Germany,1942,1,0,7.75,5.875,1.319,6.5,0.1867,2.0,8.0,8.0,0.983,-0.267,0.1866745982525883,0.1866745982525883,0.6025572179267641,0.0771517458281429,0.1695671433759881,0.75,-33.0,0
Germany,1943,1,0,8.625,5.25,1.643,4.188,0.1489,-1.0,9.0,6.0,1.008,0.567,0.1489334834571586,0.1489334834571586,0.5048542871519245,0.0229246304671292,0.1514201465432187,1.0,-71.125,1
Germany,1944,1,0,9.5,4.25,2.235,0.812,0.1053,-1.5,9.0,2.5,1.028,0.767,0.1053469933371444,0.1053469933371444,0.2809409780676904,0.0374839997089984,0.114628613673429,1.0,-80.75,1
Germany,1945,0,1,10.0,1.75,5.714,-5.5,0.0446,-4.5,10.0,-6.0,1.0,0.533,0.0445723246976536,0.0445723246976536,0.6989225851047695,0.095900505331869,0.0535999852802353,1.0,-31.25,1
Germany,1946,0,0,9.75,1.875,5.2,-4.562,0.056,-3.0,9.0,-5.0,1.042,0.7,0.055973995572753,0.055973995572753,0.4126522149721512,0.0964482103465597,0.0683695362421513,1.0,-42.125,0
Germany,1947,0,0,8.75,2.375,3.684,-2.438,0.0759,0.0,8.0,-3.5,1.047,0.1,0.0758681490344833,0.0758681490344833,0.2287130658883102,0.0577958292247279,0.0886790897198417,1.0,-43.75,0
Germany,1948,0,0,7.75,3.0,2.583,0.188,0.1112,2.5,7.0,0.0,1.053,-0.233,0.111191305858531,0.111191305858531,0.3016848507060241,0.0349597205658538,0.1233940550034714,1.0,-51.625,0
Germany,1949,0,0,5.875,4.375,1.343,5.75,0.214,6.0,6.0,5.5,1.034,-0.4,0.2140341692262817,0.2140341692262817,0.470367268737544,0.0914513642414169,0.2076258334688561,0.875,-32.625,0
Germany,1950,0,0,5.875,4.625,1.27,6.312,0.2224,6.0,6.0,5.5,1.034,-1.9,0.222367149390651,0.222367149390651,0.4644553315695516,0.2457269273298848,0.2047021739258226,0.625,-26.375,0
Germany,1951,0,0,5.25,5.25,1.0,8.5,0.2729,9.0,5.0,8.0,1.026,-0.267,0.2729071153571701,0.2729071153571701,0.3432230952726788,0.0842159956306145,0.2752572627539615,0.375,8.0,0
Germany,1952,0,0,4.375,5.625,0.778,10.0,0.3189,11.5,4.0,10.0,0.985,-0.267,0.3188876560701204,0.3188876560701204,0.4936534569528721,0.1025535722251449,0.3415548021526659,0.125,50.0,0
Germany,1953,0,0,4.375,5.875,0.745,10.562,0.3296,11.5,4.0,10.0,0.985,-1.767,0.3295660086666806,0.3295660086666806,0.5800101757421746,0.1332974920092785,0.3625692994189836,0.125,66.125,0
Germany,1954,0,0,4.125,6.125,0.673,11.25,0.3478,11.5,4.0,11.0,0.952,-2.8,0.3478071155978511,0.3478071155978511,0.3871566687651473,0.0776202403841951,0.3714822479112412,0.125,87.25,0
Germany,1955,0,0,3.5,6.625,0.528,13.0,0.4042,13.5,3.0,13.0,0.926,-1.067,0.4042114181352494,0.4042114181352494,0.1393714182159594,0.1004097708926492,0.4431210862645887,0.0,143.125,0
Germany,1956,0,0,3.5,6.625,0.528,13.0,0.4042,13.5,3.0,13.0,0.926,-1.067,0.4042114181352494,0.4042114181352494,0.1062253197472902,0.1004097708926492,0.4431210862645887,0.0,143.125,0
Germany,1957,0,0,3.5,6.625,0.528,13.0,0.4042,13.5,3.0,13.0,0.926,-1.067,0.4042114181352494,0.4042114181352494,0.1156205488358716,0.1004097708926492,0.4431210862645887,0.0,143.125,0
Germany,1958,0,0,2.875,7.125,0.404,14.75,0.4708,15.0,2.0,13.0,0.889,-0.933,0.4708317444060726,0.4708317444060726,0.2398010690756295,0.0733791736714591,0.5214203397264556,0.0,220.0,0
Germany,1959,0,0,2.625,7.5,0.35,15.812,0.507,16.0,2.0,14.5,0.833,-2.167,0.5069565478803716,0.5069565478803716,0.1865448555179762,0.0543369266154585,0.5462037423049736,0.0,273.125,0
Germany,1960,0,0,2.625,7.5,0.35,15.812,0.507,16.0,2.0,14.5,0.833,-2.167,0.5069565478803716,0.5069565478803716,0.1886330068799975,0.0543369266154585,0.5462037423049736,0.0,273.125,0
Germany,1961,0,0,2.625,7.5,0.35,15.812,0.507,16.0,2.0,14.5,0.833,-2.167,0.5069565478803716,0.5069565478803716,0.138639559385599,0.0543369266154585,0.5462037423049736,0.0,273.125,0
Germany,1962,0,0,2.625,7.5,0.35,15.812,0.507,16.0,2.0,14.5,0.833,-2.167,0.5069565478803716,0.5069565478803716,0.0908449302895642,0.0543369266154585,0.5462037423049736,0.0,273.125,0
Germany,1963,0,0,2.625,7.5,0.35,15.812,0.507,16.0,2.0,14.5,0.833,-2.167,0.5069565478803716,0.5069565478803716,0.0518204271991691,0.0543369266154585,0.5462037423049736,0.0,273.125,0
Germany,1964,0,0,2.625,7.5,0.35,15.812,0.507,16.0,2.0,14.5,0.833,-2.167,0.5069565478803716,0.5069565478803716,0.0,0.0543369266154585,0.5462037423049736,0.0,273.125,0
Germany,1965,0,0,2.625,7.5,0.35,15.812,0.507,16.0,2.0,14.5,0.833,-2.167,0.5069565478803716,0.5069565478803716,0.0,0.0543369266154585,0.5462037423049736,0.0,273.125,0
Germany,1966,0,0,2.625,7.5,0.35,15.812,0.507,16.0,2.0,14.5,0.833,-2.167,0.5069565478803716,0.5069565478803716,0.0,0.0543369266154585,0.5462037423049736,0.0,273.125,0
Germany,1967,0,0,2.625,7.5,0.35,15.812,0.507,16.0,2.0,14.5,0.833,-2.167,0.5069565478803716,0.5069565478803716,0.0,0.0543369266154585,0.5462037423049736,0.0,273.125,0
Germany,1968,0,0,3.125,7.25,0.431,14.812,0.4617,15.0,3.0,14.5,0.938,-1.1,0.4617089822111793,0.4617089822111793,0.1558793856302187,0.0326217528906217,0.4789884059950476,0.0,217.625,0
Germany,1969,0,0,3.125,7.25,0.431,14.812,0.4617,15.0,3.0,14.5,0.938,-1.1,0.4617089822111793,0.4617089822111793,0.1247035085041749,0.0326217528906217,0.4789884059950476,0.0,217.625,0
Germany,1970,0,0,3.625,7.25,0.5,14.312,0.431,15.0,3.0,14.5,1.176,-0.3,0.4309701768197079,0.4309701768197079,0.18490292881186,0.0362229296853363,0.4488730692383134,0.0,192.125,0
Germany,1971,0,0,3.75,7.0,0.536,13.562,0.4082,15.0,3.0,13.5,1.111,0.367,0.4082481405483452,0.4082481405483452,0.3019862545408358,0.0615932371790721,0.4359496773586484,0.0,164.875,0
Germany,1972,0,0,3.875,6.75,0.574,13.0,0.395,15.0,3.0,13.5,1.204,1.867,0.3950178146881636,0.3950178146881636,0.5522394215944281,0.0838027022978032,0.4296701747394914,0.0,142.25,0
Germany,1973,0,0,4.375,6.75,0.648,12.5,0.3701,15.0,3.0,13.5,1.404,2.667,0.3700779902208201,0.3700779902208201,0.4382104486787618,0.1632059746538281,0.4277339262654651,0.0,121.875,0
Germany,1974,0,0,4.75,6.375,0.745,11.5,0.3429,15.0,3.0,11.5,1.212,1.6,0.3429242746784046,0.3429242746784046,0.3840539591170674,0.1916690913030849,0.3947235526549211,0.0,80.875,0
Germany,1975,0,0,4.75,6.375,0.745,11.5,0.3429,15.0,3.0,11.5,1.212,1.6,0.3429242746784046,0.3429242746784046,0.2854037708369738,0.1916690913030849,0.3947235526549211,0.0,80.875,0
Germany,1976,0,0,4.625,6.375,0.725,11.625,0.3484,15.0,3.0,11.5,1.136,1.267,0.3483961039073686,0.3483961039073686,0.2022574939942122,0.1350106145037733,0.388970382660035,0.0,85.375,0
Germany,1977,0,0,4.0,6.75,0.593,13.188,0.3999,15.0,3.0,13.5,1.296,0.833,0.3999104113941923,0.3999104113941923,0.3364688297612906,0.0526441738026182,0.4229565960715801,0.0,137.625,0
Germany,1978,0,0,3.875,6.75,0.574,13.312,0.4067,15.0,3.0,13.5,1.204,0.5,0.4066881941405685,0.4066881941405685,0.300518312753305,0.0474279234798767,0.4274031081668231,0.0,143.75,0
Germany,1979,0,0,3.875,6.75,0.574,13.312,0.4067,15.0,3.0,13.5,1.204,0.5,0.4066881941405685,0.4066881941405685,0.2653233032049333,0.0474279234798767,0.4274031081668231,0.0,143.75,0
Germany,1980,0,0,3.875,6.75,0.574,13.312,0.4067,15.0,3.0,13.5,1.204,0.5,0.4066881941405685,0.4066881941405685,0.1784208720603601,0.0474279234798767,0.4274031081668231,0.0,143.75,0
Germany,1981,0,0,3.875,6.875,0.564,13.312,0.4024,15.0,3.0,13.5,1.204,0.5,0.4023640185931626,0.4023640185931626,0.1676994843024096,0.0550424774795286,0.4272454499248144,0.0,150.0,0
Germany,1982,0,0,4.0,6.875,0.582,13.25,0.399,15.0,3.0,13.5,1.14,0.4,0.3989634869549899,0.3989634869549899,0.2654146525449883,0.0700948155874632,0.4305851376233178,0.0,148.125,0
Germany,1983,0,0,4.0,6.875,0.582,13.25,0.399,15.0,3.0,13.5,1.14,0.4,0.3989634869549899,0.3989634869549899,0.2078579171071918,0.0700948155874632,0.4305851376233178,0.0,148.125,0
Germany,1984,0,0,3.25,7.125,0.456,14.312,0.4447,15.0,3.0,14.5,1.042,-0.3,0.4446795263104477,0.4446795263104477,0.2819349674838593,0.0380588736225301,0.4660716129402011,0.0,199.0,0
Germany,1985,0,0,3.25,7.125,0.456,14.312,0.4447,15.0,3.0,14.5,1.042,-0.3,0.4446795263104477,0.4446795263104477,0.2283938041381681,0.0380588736225301,0.4660716129402011,0.0,199.0,0
Germany,1986,0,0,3.25,7.125,0.456,14.312,0.4447,15.0,3.0,14.5,1.042,-0.3,0.4446795263104477,0.4446795263104477,0.1789198312629659,0.0380588736225301,0.4660716129402011,0.0,199.0,0
Germany,1987,0,0,3.5,7.0,0.5,14.0,0.4326,15.0,3.0,14.0,0.926,-0.267,0.4325568867537106,0.4325568867537106,0.1254917523906405,0.0522439162614333,0.4582782998187821,0.0,184.875,0
Germany,1988,0,0,3.5,7.0,0.5,14.0,0.4326,15.0,3.0,14.0,0.926,-0.267,0.4325568867537106,0.4325568867537106,0.0965418006437287,0.0522439162614333,0.4582782998187821,0.0,184.875,0
Germany,1989,0,0,3.5,7.0,0.5,14.0,0.4326,15.0,3.0,14.0,0.926,-0.267,0.4325568867537106,0.4325568867537106,0.090296051267674,0.0522439162614333,0.4582782998187821,0.0,184.875,0
Germany,1990,0,0,4.625,6.75,0.685,12.125,0.3531,14.0,4.0,13.0,1.136,1.533,0.3531300483837946,0.3531300483837946,0.3600474594086624,0.0866026922179361,0.3849929018533589,0.0,106.125,0
Germany,1991,0,0,4.625,6.75,0.685,12.125,0.3531,14.0,4.0,13.0,1.136,1.533,0.3531300483837946,0.3531300483837946,0.2873692672083747,0.0866026922179361,0.3849929018533589,0.0,106.125,0
Germany,1992,0,0,5.0,6.25,0.8,10.75,0.3197,14.0,4.0,10.0,1.111,2.267,0.3197188304534805,0.3197188304534805,0.3434907741126086,0.372903033589769,0.3948933441907009,0.0,60.0,0
Germany,1993,0,0,5.375,6.125,0.878,10.188,0.302,14.0,4.0,9.5,1.2,2.967,0.3020193325937873,0.3020193325937873,0.5021051475560718,0.3376206176840217,0.3595720713886253,0.125,44.75,0
Germany,1994,0,0,5.375,6.125,0.878,10.188,0.302,14.0,4.0,9.5,1.2,2.967,0.3020193325937873,0.3020193325937873,0.3981696202801333,0.3376206176840217,0.3595720713886253,0.125,44.75,0
Germany,1995,0,0,4.875,6.125,0.796,10.688,0.3223,14.0,4.0,10.5,1.159,2.7,0.3222974483183357,0.3222974483183357,0.4259129242250438,0.1397007816922386,0.3621973115298896,0.125,62.875,0
Germany,1996,0,0,4.375,6.625,0.66,12.438,0.3726,15.0,3.0,12.5,1.25,2.033,0.3726223303028935,0.3726223303028935,0.3676789385808022,0.0679604022714146,0.4075423525731242,0.125,116.375,0
Germany,1997,0,0,3.875,6.625,0.585,12.938,0.3981,15.0,3.0,13.5,1.204,1.767,0.3980790004741567,0.3980790004741567,0.3554193222739693,0.0882402599178503,0.4293170129251638,0.0,138.5,0
Germany,1998,0,0,3.875,6.625,0.585,12.938,0.3981,15.0,3.0,13.5,1.204,1.767,0.3980790004741567,0.3980790004741567,0.3259476910048574,0.0882402599178503,0.4293170129251638,0.0,138.5,0
Germany,1999,0,0,3.875,6.625,0.585,12.938,0.3981,15.0,3.0,13.5,1.204,1.767,0.3980790004741567,0.3980790004741567,0.2437562441817058,0.0882402599178503,0.4293170129251638,0.0,138.5,0
Germany,2000,0,0,4.0,6.75,0.593,12.812,0.388,15.0,3.0,13.5,1.296,2.633,0.3879664091412473,0.3879664091412473,0.2003797100536953,0.0671478425006745,0.425241080183357,0.125,142.375,0
Germany,2001,0,0,4.0,6.75,0.593,12.812,0.388,15.0,3.0,13.5,1.296,2.633,0.3879664091412473,0.3879664091412473,0.1586002461252781,0.0671478425006745,0.425241080183357,0.125,142.375,0
Germany,2002,0,0,4.125,6.75,0.611,12.625,0.3801,15.0,3.0,13.5,1.389,3.133,0.3800526299042418,0.3800526299042418,0.0908907608072748,0.0571117716306577,0.4194423079093412,0.125,140.5,0
Germany,2003,0,0,4.125,6.75,0.611,12.625,0.3801,15.0,3.0,13.5,1.389,3.133,0.3800526299042418,0.3800526299042418,0.0540323711293039,0.0571117716306577,0.4194423079093412,0.125,140.5,0
Germany,2004,0,0,4.0,6.75,0.593,12.938,0.3917,15.0,3.0,13.5,1.296,2.3,0.3916674079522441,0.3916674079522441,0.1372413487628095,0.0706618839816611,0.4343077437291822,0.125,148.625,0
Germany,2005,0,0,3.75,6.75,0.556,13.25,0.4096,15.0,3.0,13.5,1.111,1.467,0.4095624717764808,0.4095624717764808,0.1944685559110879,0.0694828187316153,0.4545556871246937,0.125,162.125,0
Germany,2006,0,0,3.75,6.75,0.556,13.25,0.4096,15.0,3.0,13.5,1.111,1.467,0.4095624717764808,0.4095624717764808,0.157107507048958,0.0694828187316153,0.4545556871246937,0.125,162.125,0
Germany,2007,0,0,4.25,6.5,0.654,12.125,0.3679,15.0,3.0,13.5,1.316,2.6,0.3679200147720081,0.3679200147720081,0.6255269515323417,0.133559779142398,0.4299528114362421,0.125,120.25,0
Germany,2008,0,0,4.875,6.5,0.75,11.312,0.3328,15.0,3.0,12.5,1.429,3.7,0.3327935417713922,0.3327935417713922,0.4476869061893593,0.1941049758794363,0.4063676758459045,0.25,88.875,0
Germany,2009,0,0,4.625,6.75,0.685,11.812,0.344,15.0,3.0,12.5,1.27,2.367,0.3440241710967291,0.3440241710967291,0.3937625812762361,0.2776121676700431,0.4332895077870526,0.0,108.75,0
Germany,2010,0,0,4.25,7.0,0.607,12.438,0.3602,15.0,3.0,12.5,1.167,1.767,0.3601926766794681,0.3601926766794681,0.1474149028858631,0.1025901475745256,0.4055948882075477,0.0,129.875,0
Germany,2011,0,0,3.875,7.0,0.554,13.125,0.3895,15.0,3.0,12.5,1.053,0.467,0.3894653653209776,0.3894653653209776,0.2069915132382917,0.0697509488349774,0.4199534177091873,0.0,150.75,0
Germany,2012,0,0,3.75,7.0,0.536,13.625,0.412,15.0,3.0,12.5,0.965,-0.067,0.4120191054734663,0.4120191054734663,0.2968635716144687,0.0694940065682105,0.4454605582376664,0.0,168.5,0
Germany,2013,0,0,3.75,7.0,0.536,13.625,0.412,15.0,3.0,12.5,0.965,-0.067,0.4120191054734663,0.4120191054734663,0.2075492887941774,0.0694940065682105,0.4454605582376664,0.0,168.5,0
Germany,2014,0,0,4.0,7.0,0.571,13.375,0.3973,14.0,4.0,12.5,0.873,-0.467,0.3972605651222449,0.3972605651222449,0.1992859092418891,0.0619845704928324,0.4224643672123376,0.0,154.5,0
Germany,2015,0,0,4.25,6.875,0.618,13.0,0.385,14.0,4.0,12.5,0.909,-0.533,0.3849831555421007,0.3849831555421007,0.3341417875089988,0.0932724590443399,0.4241921755318765,0.0,139.25,0
Germany,2016,0,0,4.25,6.875,0.618,13.0,0.385,14.0,4.0,12.5,0.909,-0.533,0.3849831555421007,0.3849831555421007,0.2534583095808834,0.0932724590443399,0.4241921755318765,0.0,139.25,0
Germany,2017,0,0,4.125,6.875,0.6,13.125,0.3916,14.0,4.0,13.5,0.952,-0.333,0.3916183831572329,0.3916183831572329,0.2528568043780062,0.0861700251525598,0.4288274048188991,0.0,145.375,0
Germany,2018,0,0,4.125,6.875,0.6,13.125,0.3916,14.0,4.0,13.5,0.952,-0.333,0.3916183831572329,0.3916183831572329,0.1812312830242484,0.0861700251525598,0.4288274048188991,0.0,145.375,0
Germany,2019,0,0,4.375,6.5,0.673,12.0,0.3597,14.0,4.0,10.5,0.985,-0.267,0.3596893050116541,0.3596893050116541,0.4205289331734402,0.1252886519336213,0.4002671259496013,0.0,106.125,0
Germany,2020,0,0,6.25,5.625,1.111,8.312,0.2512,12.0,5.0,9.5,1.207,2.633,0.2511759486709104,0.2511759486709104,0.8323375087963549,0.2567098061960087,0.2445798528886724,0.5,-14.625,0
Germany,2021,0,0,6.5,5.625,1.156,7.875,0.2374,10.0,6.0,9.0,1.222,2.467,0.2373795407310116,0.2373795407310116,0.8107403925467912,0.4159180545782072,0.201374929640237,0.5,-26.125,0
Germany,2022,0,0,6.875,5.375,1.279,6.75,0.2133,9.5,6.0,6.0,1.111,1.2,0.2132740737517974,0.2132740737517974,0.6353567891331741,0.150038110774221,0.1909669303246621,0.75,-40.125,0
Germany,2023,0,0,6.875,5.25,1.31,6.5,0.2103,9.5,6.0,6.0,1.111,1.867,0.2103453199624036,0.2103453199624036,0.4689767489527766,0.1519310125902968,0.1893355098154195,0.75,-43.75,0
Germany,2024,0,0,7.125,5.375,1.326,6.25,0.2008,9.5,6.0,4.0,1.127,2.0,0.2007762314717612,0.2007762314717612,0.2982044675625933,0.1705346161679819,0.1755362108638063,0.75,-45.25,0
Germany,2025,0,0,6.875,5.375,1.279,6.688,0.2123,9.5,6.0,6.0,1.111,2.167,0.2123187284242949,0.2123187284242949,0.3408369129986248,0.1632111414540674,0.1908551493501511,0.75,-41.25,0
Hong Kong,1900,0,0,5.25,6.625,0.792,9.875,0.2727,11.5,4.0,9.5,1.25,1.667,0.2727304336778081,0.2727304336778081,,0.058528439682264,0.2937215700614343,0.125,51.75,0
Hong Kong,1901,0,0,4.5,6.625,0.679,10.625,0.3018,11.5,4.0,10.5,1.19,1.267,0.3018445472629077,0.3018445472629077,,0.0646764849472844,0.3268787050773091,0.125,73.75,0
Hong Kong,1902,0,0,3.5,7.375,0.475,13.125,0.3742,14.5,3.0,13.5,1.25,0.467,0.3741538308987597,0.3741538308987597,,0.069306356817158,0.4059946037594045,0.0,145.125,0
Hong Kong,1903,0,0,3.125,7.375,0.424,13.5,0.3929,14.5,3.0,14.5,1.111,0.0,0.3929104202070523,0.3929104202070523,,0.0528919686992047,0.4173939272580364,0.0,156.375,0
Hong Kong,1904,0,0,3.875,7.375,0.525,12.75,0.3546,14.5,3.0,13.5,1.204,0.4,0.3545783367013723,0.3545783367013723,,0.0647979207648208,0.3804360007107293,0.0,131.25,0
Hong Kong,1905,0,0,3.875,7.375,0.525,12.75,0.3546,14.5,3.0,13.5,1.204,0.4,0.3545783367013723,0.3545783367013723,0.2054361839073556,0.0647979207648208,0.3804360007107293,0.0,131.25,0
Hong Kong,1906,0,0,3.875,7.375,0.525,12.75,0.3546,14.5,3.0,13.5,1.204,0.4,0.3545783367013723,0.3545783367013723,0.0988205660207004,0.0647979207648208,0.3804360007107293,0.0,131.25,0
Hong Kong,1907,0,0,3.875,7.375,0.525,12.75,0.3546,14.5,3.0,13.5,1.204,0.4,0.3545783367013723,0.3545783367013723,0.0472126377318454,0.0647979207648208,0.3804360007107293,0.0,131.25,0
Hong Kong,1908,0,0,3.125,7.375,0.424,13.5,0.3929,14.5,3.0,14.5,1.111,0.0,0.3929104202070523,0.3929104202070523,0.1615029212417507,0.0528919686992047,0.4173939272580364,0.0,156.375,0
Hong Kong,1909,0,0,3.125,7.375,0.424,13.5,0.3929,14.5,3.0,14.5,1.111,0.0,0.3929104202070523,0.3929104202070523,0.1615029212417507,0.0528919686992047,0.4173939272580364,0.0,156.375,0
Hong Kong,1910,0,0,4.125,7.5,0.55,13.25,0.3692,14.0,4.0,14.0,1.083,0.4,0.369169485468842,0.369169485468842,0.1321261178174256,0.0552078041411485,0.3900766224465029,0.0,151.0,0
Hong Kong,1911,0,0,5.125,6.5,0.788,10.25,0.2918,11.0,5.0,11.0,1.067,0.4,0.2917547815116876,0.2917547815116876,0.3107540208728387,0.0799883403523433,0.3082355991272973,0.125,57.0,0
Hong Kong,1912,0,0,5.125,6.5,0.788,10.25,0.2918,11.0,5.0,11.0,1.067,0.4,0.2917547815116876,0.2917547815116876,0.234554387058853,0.0799883403523433,0.3082355991272973,0.125,57.0,0
Hong Kong,1913,0,0,4.125,6.5,0.635,11.25,0.3351,12.0,4.0,12.0,1.083,0.4,0.3351382375849949,0.3351382375849949,0.1823538633152713,0.096329128341835,0.3601676855551061,0.0,93.25,0
Hong Kong,1914,0,0,4.125,6.5,0.635,11.25,0.3351,12.0,4.0,12.0,1.083,0.4,0.3351382375849949,0.3351382375849949,0.1448482243683241,0.096329128341835,0.3601676855551061,0.0,93.25,0
Hong Kong,1915,0,0,5.125,6.5,0.788,10.25,0.2918,11.0,5.0,11.0,1.067,0.4,0.2917547815116876,0.2917547815116876,0.1180613549220657,0.0799883403523433,0.3082355991272973,0.125,57.0,0
Hong Kong,1916,0,0,5.125,6.5,0.788,10.25,0.2918,11.0,5.0,11.0,1.067,0.4,0.2917547815116876,0.2917547815116876,0.0847720705003748,0.0799883403523433,0.3082355991272973,0.125,57.0,0
Hong Kong,1917,0,0,5.125,6.5,0.788,10.25,0.2918,11.0,5.0,11.0,1.067,0.4,0.2917547815116876,0.2917547815116876,0.0847720705003748,0.0799883403523433,0.3082355991272973,0.125,57.0,0
Hong Kong,1918,0,0,6.125,6.5,0.942,9.25,0.254,10.0,6.0,10.0,1.056,0.4,0.2539872893893373,0.2539872893893373,0.3894023337292191,0.2758970465597582,0.2547574041561674,0.125,20.75,0
Hong Kong,1919,0,0,6.125,6.5,0.942,9.25,0.254,10.0,6.0,10.0,1.056,0.4,0.2539872893893373,0.2539872893893373,0.3401208614878546,0.2758970465597582,0.2547574041561674,0.125,20.75,0
Hong Kong,1920,0,0,5.125,6.875,0.745,11.5,0.3226,13.5,5.0,11.5,1.067,0.533,0.3226113010088392,0.3226113010088392,0.2018056775709506,0.1020149341409939,0.3448009275101215,0.0,84.75,0
Hong Kong,1921,0,0,5.125,6.875,0.745,11.5,0.3226,13.5,5.0,11.5,1.067,0.533,0.3226113010088392,0.3226113010088392,0.1299540822363998,0.1020149341409939,0.3448009275101215,0.0,84.75,0
Hong Kong,1922,0,0,6.125,6.875,0.891,10.5,0.2808,12.5,6.0,10.5,1.056,0.533,0.2808494498189404,0.2808494498189404,0.1079444989861621,0.1092126817564622,0.2941701153281004,0.125,39.875,0
Hong Kong,1923,0,0,6.125,6.875,0.891,10.5,0.2808,12.5,6.0,10.5,1.056,0.533,0.2808494498189404,0.2808494498189404,0.0462999255331086,0.1092126817564622,0.2941701153281004,0.125,39.875,0
Hong Kong,1924,0,0,6.125,6.875,0.891,10.5,0.2808,12.5,6.0,10.5,1.056,0.533,0.2808494498189404,0.2808494498189404,0.0486133880390939,0.1092126817564622,0.2941701153281004,0.125,39.875,0
Hong Kong,1925,0,0,5.125,6.875,0.745,11.5,0.3226,13.5,5.0,11.5,1.067,0.533,0.3226113010088392,0.3226113010088392,0.0755789582506911,0.1020149341409939,0.3448009275101215,0.0,84.75,0
Hong Kong,1926,0,0,5.125,6.875,0.745,11.5,0.3226,13.5,5.0,11.5,1.067,0.533,0.3226113010088392,0.3226113010088392,0.0755789582506911,0.1020149341409939,0.3448009275101215,0.0,84.75,0
Hong Kong,1927,0,0,6.125,6.875,0.891,10.5,0.2808,12.5,6.0,10.5,1.056,0.533,0.2808494498189404,0.2808494498189404,0.0503859721671274,0.1092126817564622,0.2941701153281004,0.125,39.875,0
Hong Kong,1928,0,0,6.125,6.875,0.891,10.5,0.2808,12.5,6.0,10.5,1.056,0.533,0.2808494498189404,0.2808494498189404,0.0503859721671274,0.1092126817564622,0.2941701153281004,0.125,39.875,0
Hong Kong,1929,0,0,6.125,6.875,0.891,10.5,0.2808,12.5,6.0,10.5,1.056,0.533,0.2808494498189404,0.2808494498189404,0.0503859721671274,0.1092126817564622,0.2941701153281004,0.125,39.875,0
Hong Kong,1930,0,0,6.125,6.875,0.891,10.5,0.2808,12.5,6.0,10.5,1.056,0.533,0.2808494498189404,0.2808494498189404,0.0503859721671274,0.1092126817564622,0.2941701153281004,0.125,39.875,0
Hong Kong,1931,0,0,7.125,6.875,1.036,9.5,0.2445,11.5,7.0,9.5,1.048,0.533,0.2444936467412851,0.2444936467412851,0.6527768814173912,0.482582520570691,0.224875366793551,0.25,-5.0,0
Hong Kong,1932,0,0,7.125,6.875,1.036,9.5,0.2445,11.5,7.0,9.5,1.048,0.533,0.2444936467412851,0.2444936467412851,0.5545361554196951,0.482582520570691,0.224875366793551,0.25,-5.0,0
Hong Kong,1933,0,0,7.125,6.875,1.036,9.5,0.2445,11.5,7.0,9.5,1.048,0.533,0.2444936467412851,0.2444936467412851,0.4159021165647713,0.482582520570691,0.224875366793551,0.25,-5.0,0
Hong Kong,1934,0,0,7.125,6.875,1.036,9.5,0.2445,11.5,7.0,9.5,1.048,0.533,0.2444936467412851,0.2444936467412851,0.2772680777098475,0.482582520570691,0.224875366793551,0.25,-5.0,0
Hong Kong,1935,0,0,6.125,6.875,0.891,10.5,0.2808,12.5,6.0,10.5,1.056,0.533,0.2808494498189404,0.2808494498189404,0.5545361554196951,0.1092126817564622,0.2941701153281004,0.125,39.875,0
Hong Kong,1936,0,0,6.125,6.875,0.891,10.5,0.2808,12.5,6.0,10.5,1.056,0.533,0.2808494498189404,0.2808494498189404,0.5545361554196951,0.1092126817564622,0.2941701153281004,0.125,39.875,0
Hong Kong,1937,0,0,6.125,6.875,0.891,10.5,0.2808,12.5,6.0,10.5,1.056,0.533,0.2808494498189404,0.2808494498189404,0.4159021165647713,0.1092126817564622,0.2941701153281004,0.125,39.875,0
Hong Kong,1938,0,0,6.125,6.875,0.891,10.5,0.2808,12.5,6.0,10.5,1.056,0.533,0.2808494498189404,0.2808494498189404,0.2772680777098475,0.1092126817564622,0.2941701153281004,0.125,39.875,0
Hong Kong,1939,0,0,6.125,6.875,0.891,10.5,0.2808,12.5,6.0,10.5,1.056,0.533,0.2808494498189404,0.2808494498189404,0.1386340388549237,0.1092126817564622,0.2941701153281004,0.125,39.875,0
Hong Kong,1940,0,0,7.125,5.875,1.213,7.0,0.2071,9.0,7.0,7.0,1.048,0.533,0.2070907911974481,0.2070907911974481,0.3894969393307816,0.0823218159437934,0.1991089519756132,0.875,-35.375,0
Hong Kong,1941,0,0,8.125,4.875,1.667,3.5,0.1477,5.5,8.0,3.5,1.042,0.533,0.147665724280796,0.147665724280796,0.1521517461882489,0.0100408441719271,0.1504410336063844,1.0,-67.625,0
Hong Kong,1942,0,0,9.125,2.875,3.174,-2.5,0.0714,-0.5,9.0,-2.5,1.037,0.533,0.0713617425015988,0.0713617425015988,0.3701445345681913,0.053135584069395,0.0800133694984917,1.0,-43.75,0
Hong Kong,1943,0,0,9.125,2.875,3.174,-2.5,0.0714,-0.5,9.0,-2.5,1.037,0.533,0.0713617425015988,0.0713617425015988,0.3104107884764407,0.053135584069395,0.0800133694984917,1.0,-43.75,0
Hong Kong,1944,0,0,9.125,2.875,3.174,-2.5,0.0714,-0.5,9.0,-2.5,1.037,0.533,0.0713617425015988,0.0713617425015988,0.2521050693275072,0.053135584069395,0.0800133694984917,1.0,-43.75,0
Hong Kong,1945,0,0,8.125,3.875,2.097,1.0,0.1149,3.0,8.0,1.0,1.042,0.533,0.1149422522231595,0.1149422522231595,0.0380586287117957,0.0207442132592529,0.1207140373363459,1.0,-55.125,0
Hong Kong,1946,0,0,7.125,4.875,1.462,4.5,0.1696,6.5,7.0,4.5,1.048,0.533,0.1696233745707962,0.1696233745707962,0.3722025944616196,0.0130817321542195,0.1704428452705175,1.0,-45.5,0
Hong Kong,1947,0,0,6.125,5.875,1.043,8.0,0.2379,10.0,6.0,8.0,1.056,0.533,0.2378848511835431,0.2378848511835431,0.4306677037934308,0.4832208496936069,0.2174518647570338,0.25,-2.875,0
Hong Kong,1948,0,0,5.125,5.875,0.872,9.0,0.2733,11.0,5.0,9.0,1.067,0.533,0.2732579372332505,0.2732579372332505,0.5100293086664428,0.1156557215980672,0.2896317412179947,0.125,29.625,0
Hong Kong,1949,0,0,5.125,5.875,0.872,9.0,0.2733,11.0,5.0,9.0,1.067,0.533,0.2732579372332505,0.2732579372332505,0.4678758791548532,0.1156557215980672,0.2896317412179947,0.125,29.625,0
Hong Kong,1950,0,0,4.125,6.875,0.6,12.5,0.3706,14.5,4.0,12.5,1.083,0.533,0.3705830707723069,0.3705830707723069,0.7905217639047968,0.0519318754587381,0.3901129852904775,0.0,129.625,0
Hong Kong,1951,0,0,4.125,6.875,0.6,12.5,0.3706,14.5,4.0,12.5,1.083,0.533,0.3705830707723069,0.3705830707723069,0.6400851515715659,0.0519318754587381,0.3901129852904775,0.0,129.625,0
Hong Kong,1952,0,0,4.125,6.875,0.6,12.5,0.3706,14.5,4.0,12.5,1.083,0.533,0.3705830707723069,0.3705830707723069,0.417549944833206,0.0519318754587381,0.3901129852904775,0.0,129.625,0
Hong Kong,1953,0,0,4.125,6.875,0.6,12.5,0.3706,14.5,4.0,12.5,1.083,0.533,0.3705830707723069,0.3705830707723069,0.1472206042128413,0.0519318754587381,0.3901129852904775,0.0,129.625,0
Hong Kong,1954,0,0,4.125,6.875,0.6,12.5,0.3706,14.5,4.0,12.5,1.083,0.533,0.3705830707723069,0.3705830707723069,0.0736103021064206,0.0519318754587381,0.3901129852904775,0.0,129.625,0
Hong Kong,1955,0,0,4.125,6.875,0.6,12.5,0.3706,14.5,4.0,12.5,1.083,0.533,0.3705830707723069,0.3705830707723069,0.0,0.0519318754587381,0.3901129852904775,0.0,129.625,0
Hong Kong,1956,0,0,4.125,6.875,0.6,12.5,0.3706,14.5,4.0,12.5,1.083,0.533,0.3705830707723069,0.3705830707723069,0.0,0.0519318754587381,0.3901129852904775,0.0,129.625,0
Hong Kong,1957,0,0,4.125,6.875,0.6,12.5,0.3706,14.5,4.0,12.5,1.083,0.533,0.3705830707723069,0.3705830707723069,0.0,0.0519318754587381,0.3901129852904775,0.0,129.625,0
Hong Kong,1958,0,0,4.125,6.875,0.6,12.5,0.3706,14.5,4.0,12.5,1.083,0.533,0.3705830707723069,0.3705830707723069,0.0,0.0519318754587381,0.3901129852904775,0.0,129.625,0
Hong Kong,1959,0,0,4.125,6.875,0.6,12.5,0.3706,14.5,4.0,12.5,1.083,0.533,0.3705830707723069,0.3705830707723069,0.0,0.0519318754587381,0.3901129852904775,0.0,129.625,0
Hong Kong,1960,0,0,4.125,6.875,0.6,12.5,0.3706,14.5,4.0,12.5,1.083,0.533,0.3705830707723069,0.3705830707723069,0.0,0.0519318754587381,0.3901129852904775,0.0,129.625,0
Hong Kong,1961,0,0,4.125,6.875,0.6,12.5,0.3706,14.5,4.0,12.5,1.083,0.533,0.3705830707723069,0.3705830707723069,0.0,0.0519318754587381,0.3901129852904775,0.0,129.625,0
Hong Kong,1962,0,0,4.125,6.875,0.6,12.5,0.3706,14.5,4.0,12.5,1.083,0.533,0.3705830707723069,0.3705830707723069,0.0,0.0519318754587381,0.3901129852904775,0.0,129.625,0
Hong Kong,1963,0,0,4.125,6.875,0.6,12.5,0.3706,14.5,4.0,12.5,1.083,0.533,0.3705830707723069,0.3705830707723069,0.0,0.0519318754587381,0.3901129852904775,0.0,129.625,0
Hong Kong,1964,1,0,4.125,6.875,0.6,12.5,0.3706,14.5,4.0,12.5,1.083,0.533,0.3705830707723069,0.3705830707723069,0.0,0.0519318754587381,0.3901129852904775,0.0,129.625,0
Hong Kong,1965,1,0,4.125,6.875,0.6,12.5,0.3706,14.5,4.0,12.5,1.083,0.533,0.3705830707723069,0.3705830707723069,0.0,0.0519318754587381,0.3901129852904775,0.0,129.625,0
Hong Kong,1966,1,0,6.125,5.875,1.043,8.0,0.2379,10.0,6.0,8.0,1.056,0.533,0.2378848511835431,0.2378848511835431,0.8959452572966073,0.4832208496936069,0.2174518647570338,0.25,-2.875,0
Hong Kong,1967,0,1,7.125,4.875,1.462,4.5,0.1696,6.5,7.0,4.5,1.048,0.533,0.1696233745707962,0.1696233745707962,0.9027550320941696,0.0130817321542195,0.1704428452705175,1.0,-45.5,0
Hong Kong,1968,0,0,6.125,5.875,1.043,8.0,0.2379,10.0,6.0,8.0,1.056,0.533,0.2378848511835431,0.2378848511835431,0.5252605437670301,0.4832208496936069,0.2174518647570338,0.25,-2.875,0
Hong Kong,1969,0,0,5.125,6.875,0.745,11.5,0.3226,13.5,5.0,11.5,1.067,0.533,0.3226113010088392,0.3226113010088392,0.5010814314367522,0.1020149341409939,0.3448009275101215,0.0,84.75,0
Hong Kong,1970,0,0,5.125,6.875,0.745,11.5,0.3226,13.5,5.0,11.5,1.067,0.533,0.3226113010088392,0.3226113010088392,0.4514036288876413,0.1020149341409939,0.3448009275101215,0.0,84.75,0
Hong Kong,1971,0,0,5.125,6.875,0.745,11.5,0.3226,13.5,5.0,11.5,1.067,0.533,0.3226113010088392,0.3226113010088392,0.4058752377464146,0.1020149341409939,0.3448009275101215,0.0,84.75,0
Hong Kong,1972,0,0,4.125,6.875,0.6,12.5,0.3706,14.5,4.0,12.5,1.083,0.533,0.3705830707723069,0.3705830707723069,0.2622124824457019,0.0519318754587381,0.3901129852904775,0.0,129.625,0
Hong Kong,1973,0,0,4.125,6.875,0.6,12.5,0.3706,14.5,4.0,12.5,1.083,0.533,0.3705830707723069,0.3705830707723069,0.1969731630350018,0.0519318754587381,0.3901129852904775,0.0,129.625,0
Hong Kong,1974,0,0,4.125,6.875,0.6,12.5,0.3706,14.5,4.0,12.5,1.083,0.533,0.3705830707723069,0.3705830707723069,0.1328794688416366,0.0519318754587381,0.3901129852904775,0.0,129.625,0
Hong Kong,1975,0,0,4.125,6.875,0.6,12.5,0.3706,14.5,4.0,12.5,1.083,0.533,0.3705830707723069,0.3705830707723069,0.0885863125610911,0.0519318754587381,0.3901129852904775,0.0,129.625,0
Hong Kong,1976,0,0,4.125,6.875,0.6,12.5,0.3706,14.5,4.0,12.5,1.083,0.533,0.3705830707723069,0.3705830707723069,0.0442931562805455,0.0519318754587381,0.3901129852904775,0.0,129.625,0
Hong Kong,1977,0,0,4.125,6.875,0.6,12.5,0.3706,14.5,4.0,12.5,1.083,0.533,0.3705830707723069,0.3705830707723069,0.0,0.0519318754587381,0.3901129852904775,0.0,129.625,0
Hong Kong,1978,0,0,4.125,6.875,0.6,12.5,0.3706,14.5,4.0,12.5,1.083,0.533,0.3705830707723069,0.3705830707723069,0.0,0.0519318754587381,0.3901129852904775,0.0,129.625,0
Hong Kong,1979,0,0,4.125,6.875,0.6,12.5,0.3706,14.5,4.0,12.5,1.083,0.533,0.3705830707723069,0.3705830707723069,0.0,0.0519318754587381,0.3901129852904775,0.0,129.625,0
Hong Kong,1980,0,0,4.125,6.875,0.6,12.5,0.3706,14.5,4.0,12.5,1.083,0.533,0.3705830707723069,0.3705830707723069,0.0,0.0519318754587381,0.3901129852904775,0.0,129.625,0
Hong Kong,1981,0,0,4.125,6.875,0.6,12.5,0.3706,14.5,4.0,12.5,1.083,0.533,0.3705830707723069,0.3705830707723069,0.0,0.0519318754587381,0.3901129852904775,0.0,129.625,0
Hong Kong,1982,0,0,4.125,6.875,0.6,12.5,0.3706,14.5,4.0,12.5,1.083,0.533,0.3705830707723069,0.3705830707723069,0.0,0.0519318754587381,0.3901129852904775,0.0,129.625,0
Hong Kong,1983,0,0,4.125,6.875,0.6,12.5,0.3706,14.5,4.0,12.5,1.083,0.533,0.3705830707723069,0.3705830707723069,0.0,0.0519318754587381,0.3901129852904775,0.0,129.625,0
Hong Kong,1984,0,0,4.125,6.875,0.6,12.5,0.3706,14.5,4.0,12.5,1.083,0.533,0.3705830707723069,0.3705830707723069,0.0,0.0519318754587381,0.3901129852904775,0.0,129.625,0
Hong Kong,1985,0,0,4.125,6.875,0.6,12.5,0.3706,14.5,4.0,12.5,1.083,0.533,0.3705830707723069,0.3705830707723069,0.0,0.0519318754587381,0.3901129852904775,0.0,129.625,0
Hong Kong,1986,0,0,4.125,6.875,0.6,12.5,0.3706,14.5,4.0,12.5,1.083,0.533,0.3705830707723069,0.3705830707723069,0.0,0.0519318754587381,0.3901129852904775,0.0,129.625,0
Hong Kong,1987,0,0,4.125,6.875,0.6,12.5,0.3706,14.5,4.0,12.5,1.083,0.533,0.3705830707723069,0.3705830707723069,0.0,0.0519318754587381,0.3901129852904775,0.0,129.625,0
Hong Kong,1988,0,0,4.125,6.875,0.6,12.5,0.3706,14.5,4.0,12.5,1.083,0.533,0.3705830707723069,0.3705830707723069,0.0,0.0519318754587381,0.3901129852904775,0.0,129.625,0
Hong Kong,1989,0,0,4.125,6.875,0.6,12.5,0.3706,14.5,4.0,12.5,1.083,0.533,0.3705830707723069,0.3705830707723069,0.0,0.0519318754587381,0.3901129852904775,0.0,129.625,0
Hong Kong,1990,0,0,4.125,6.875,0.6,12.5,0.3706,14.5,4.0,12.5,1.083,0.533,0.3705830707723069,0.3705830707723069,0.0,0.0519318754587381,0.3901129852904775,0.0,129.625,0
Hong Kong,1991,0,0,4.125,6.875,0.6,12.5,0.3706,14.5,4.0,12.5,1.083,0.533,0.3705830707723069,0.3705830707723069,0.0,0.0519318754587381,0.3901129852904775,0.0,129.625,0
Hong Kong,1992,0,0,4.125,6.875,0.6,12.5,0.3706,14.5,4.0,12.5,1.083,0.533,0.3705830707723069,0.3705830707723069,0.0,0.0519318754587381,0.3901129852904775,0.0,129.625,0
Hong Kong,1993,0,0,4.125,6.875,0.6,12.5,0.3706,14.5,4.0,12.5,1.083,0.533,0.3705830707723069,0.3705830707723069,0.0,0.0519318754587381,0.3901129852904775,0.0,129.625,0
Hong Kong,1994,1,0,4.125,6.875,0.6,12.5,0.3706,14.5,4.0,12.5,1.083,0.533,0.3705830707723069,0.3705830707723069,0.0,0.0519318754587381,0.3901129852904775,0.0,129.625,0
Hong Kong,1995,1,0,4.125,6.875,0.6,12.5,0.3706,14.5,4.0,12.5,1.083,0.533,0.3705830707723069,0.3705830707723069,0.0,0.0519318754587381,0.3901129852904775,0.0,129.625,0
Hong Kong,1996,1,0,4.125,6.875,0.6,12.5,0.3706,14.5,4.0,12.5,1.083,0.533,0.3705830707723069,0.3705830707723069,0.0,0.0519318754587381,0.3901129852904775,0.0,129.625,0
Hong Kong,1997,0,1,5.125,6.875,0.745,11.5,0.3226,13.5,5.0,11.5,1.067,0.533,0.3226113010088392,0.3226113010088392,0.2214657814027277,0.1020149341409939,0.3448009275101215,0.0,84.75,0
Hong Kong,1998,0,0,6.125,6.875,0.891,10.5,0.2808,12.5,6.0,10.5,1.056,0.533,0.2808494498189404,0.2808494498189404,0.2313891531994094,0.1092126817564622,0.2941701153281004,0.125,39.875,0
Hong Kong,1999,0,0,6.125,6.875,0.891,10.5,0.2808,12.5,6.0,10.5,1.056,0.533,0.2808494498189404,0.2808494498189404,0.1794594392245247,0.1092126817564622,0.2941701153281004,0.125,39.875,0
Hong Kong,2000,0,0,5.125,6.875,0.745,11.5,0.3226,13.5,5.0,11.5,1.067,0.533,0.3226113010088392,0.3226113010088392,0.0405797376894808,0.1020149341409939,0.3448009275101215,0.0,84.75,0
Hong Kong,2001,0,0,5.125,6.875,0.745,11.5,0.3226,13.5,5.0,11.5,1.067,0.533,0.3226113010088392,0.3226113010088392,0.0342071639334626,0.1020149341409939,0.3448009275101215,0.0,84.75,0
Hong Kong,2002,0,0,5.125,6.875,0.745,11.5,0.3226,13.5,5.0,11.5,1.067,0.533,0.3226113010088392,0.3226113010088392,0.0503859721671274,0.1020149341409939,0.3448009275101215,0.0,84.75,0
Hong Kong,2003,0,0,6.125,6.875,0.891,10.5,0.2808,12.5,6.0,10.5,1.056,0.533,0.2808494498189404,0.2808494498189404,0.0755789582506911,0.1092126817564622,0.2941701153281004,0.125,39.875,0
Hong Kong,2004,0,0,6.125,6.875,0.891,10.5,0.2808,12.5,6.0,10.5,1.056,0.533,0.2808494498189404,0.2808494498189404,0.0755789582506911,0.1092126817564622,0.2941701153281004,0.125,39.875,0
Hong Kong,2005,0,0,5.125,6.875,0.745,11.5,0.3226,13.5,5.0,11.5,1.067,0.533,0.3226113010088392,0.3226113010088392,0.0503859721671274,0.1020149341409939,0.3448009275101215,0.0,84.75,0
Hong Kong,2006,0,0,5.125,6.875,0.745,11.5,0.3226,13.5,5.0,11.5,1.067,0.533,0.3226113010088392,0.3226113010088392,0.0503859721671274,0.1020149341409939,0.3448009275101215,0.0,84.75,0
Hong Kong,2007,0,0,5.125,6.875,0.745,11.5,0.3226,13.5,5.0,11.5,1.067,0.533,0.3226113010088392,0.3226113010088392,0.0503859721671274,0.1020149341409939,0.3448009275101215,0.0,84.75,0
Hong Kong,2008,0,0,6.125,6.875,0.891,10.5,0.2808,12.5,6.0,10.5,1.056,0.533,0.2808494498189404,0.2808494498189404,0.0755789582506911,0.1092126817564622,0.2941701153281004,0.125,39.875,0
Hong Kong,2009,0,0,6.125,6.875,0.891,10.5,0.2808,12.5,6.0,10.5,1.056,0.533,0.2808494498189404,0.2808494498189404,0.0755789582506911,0.1092126817564622,0.2941701153281004,0.125,39.875,0
Hong Kong,2010,0,0,5.125,6.875,0.745,11.5,0.3226,13.5,5.0,11.5,1.067,0.533,0.3226113010088392,0.3226113010088392,0.0503859721671274,0.1020149341409939,0.3448009275101215,0.0,84.75,0
Hong Kong,2011,0,0,5.125,6.875,0.745,11.5,0.3226,13.5,5.0,11.5,1.067,0.533,0.3226113010088392,0.3226113010088392,0.0503859721671274,0.1020149341409939,0.3448009275101215,0.0,84.75,0
Hong Kong,2012,0,0,5.125,6.875,0.745,11.5,0.3226,13.5,5.0,11.5,1.067,0.533,0.3226113010088392,0.3226113010088392,0.0503859721671274,0.1020149341409939,0.3448009275101215,0.0,84.75,0
Hong Kong,2013,0,0,5.125,6.875,0.745,11.5,0.3226,13.5,5.0,11.5,1.067,0.533,0.3226113010088392,0.3226113010088392,0.0503859721671274,0.1020149341409939,0.3448009275101215,0.0,84.75,0
Hong Kong,2014,0,0,5.125,6.875,0.745,11.5,0.3226,13.5,5.0,11.5,1.067,0.533,0.3226113010088392,0.3226113010088392,0.0251929860835637,0.1020149341409939,0.3448009275101215,0.0,84.75,0
Hong Kong,2015,0,0,5.125,6.875,0.745,11.5,0.3226,13.5,5.0,11.5,1.067,0.533,0.3226113010088392,0.3226113010088392,0.0,0.1020149341409939,0.3448009275101215,0.0,84.75,0
India,1950,0,0,1.125,4.0,0.281,10.875,0.4378,8.5,1.0,13.5,0.833,0.6,0.437825037960116,0.437825037960116,,0.0755874381933577,0.446654274254006,0.0,66.5,0
India,1951,0,0,1.125,4.0,0.281,10.875,0.4378,8.5,1.0,13.5,0.833,0.6,0.437825037960116,0.437825037960116,,0.0755874381933577,0.446654274254006,0.0,66.5,0
India,1952,0,0,1.0,4.0,0.25,11.0,0.4455,8.5,1.0,13.5,1.0,0.8,0.4455274287064201,0.4455274287064201,,0.0719455681234175,0.4542756176333377,0.0,68.75,0
India,1953,0,0,1.0,4.0,0.25,11.0,0.4455,8.5,1.0,13.5,1.0,0.8,0.4455274287064201,0.4455274287064201,,0.0719455681234175,0.4542756176333377,0.0,68.75,0
India,1954,0,0,1.0,4.0,0.25,11.0,0.4455,8.5,1.0,13.5,1.0,0.8,0.4455274287064201,0.4455274287064201,,0.0719455681234175,0.4542756176333377,0.0,68.75,0
India,1955,0,0,1.0,4.0,0.25,11.0,0.4455,8.5,1.0,13.5,1.0,0.8,0.4455274287064201,0.4455274287064201,0.0380567610179538,0.0719455681234175,0.4542756176333377,0.0,68.75,0
India,1956,0,0,1.0,4.0,0.25,11.0,0.4455,8.5,1.0,13.5,1.0,0.8,0.4455274287064201,0.4455274287064201,0.0190283805089769,0.0719455681234175,0.4542756176333377,0.0,68.75,0
India,1957,0,0,1.0,4.0,0.25,11.0,0.4455,8.5,1.0,13.5,1.0,0.8,0.4455274287064201,0.4455274287064201,0.0,0.0719455681234175,0.4542756176333377,0.0,68.75,0
India,1958,0,0,1.0,4.0,0.25,11.0,0.4455,8.5,1.0,13.5,1.0,0.8,0.4455274287064201,0.4455274287064201,0.0,0.0719455681234175,0.4542756176333377,0.0,68.75,0
India,1959,0,0,1.125,4.0,0.281,10.875,0.4378,8.5,1.0,13.5,0.833,0.6,0.437825037960116,0.437825037960116,0.0951419025448847,0.0755874381933577,0.446654274254006,0.0,66.5,0
India,1960,0,0,1.125,4.0,0.281,10.875,0.4378,8.5,1.0,13.5,0.833,0.6,0.437825037960116,0.437825037960116,0.0761135220359077,0.0755874381933577,0.446654274254006,0.0,66.5,0
India,1961,0,0,1.125,4.0,0.281,10.875,0.4378,8.5,1.0,13.5,0.833,0.6,0.437825037960116,0.437825037960116,0.0570851415269308,0.0755874381933577,0.446654274254006,0.0,66.5,0
India,1962,0,0,1.0,4.0,0.25,11.0,0.4455,8.5,1.0,13.5,1.0,0.8,0.4455274287064201,0.4455274287064201,0.0570851415269308,0.0719455681234175,0.4542756176333377,0.0,68.75,0
India,1963,0,0,1.0,4.0,0.25,11.0,0.4455,8.5,1.0,13.5,1.0,0.8,0.4455274287064201,0.4455274287064201,0.0570851415269308,0.0719455681234175,0.4542756176333377,0.0,68.75,0
India,1964,0,0,1.0,4.125,0.242,11.125,0.4455,8.5,1.0,13.5,1.0,1.0,0.4455274287064201,0.4455274287064201,0.1308829344575783,0.0718863243646806,0.4549945153214736,0.0,71.0,0
India,1965,0,0,1.0,4.125,0.242,11.125,0.4455,8.5,1.0,13.5,1.0,1.0,0.4455274287064201,0.4455274287064201,0.0970949953624718,0.0718863243646806,0.4549945153214736,0.0,71.0,0
India,1966,0,0,1.0,4.125,0.242,11.125,0.4455,8.5,1.0,13.5,1.0,1.0,0.4455274287064201,0.4455274287064201,0.0633070562673654,0.0718863243646806,0.4549945153214736,0.0,71.0,0
India,1967,0,0,1.0,4.125,0.242,11.125,0.4455,8.5,1.0,13.5,1.0,1.0,0.4455274287064201,0.4455274287064201,0.0295191171722589,0.0718863243646806,0.4549945153214736,0.0,71.0,0
India,1968,0,0,1.0,4.125,0.242,11.125,0.4455,8.5,1.0,13.5,1.0,1.0,0.4455274287064201,0.4455274287064201,0.0147595585861294,0.0718863243646806,0.4549945153214736,0.0,71.0,0
India,1969,0,0,1.0,4.25,0.235,11.25,0.4455,8.5,1.0,13.5,1.0,1.2,0.4455274287064201,0.4455274287064201,0.0602971872403677,0.0743368688672477,0.4556276262670959,0.0,73.25,0
India,1970,0,0,1.0,4.25,0.235,11.25,0.4455,8.5,1.0,13.5,1.0,1.2,0.4455274287064201,0.4455274287064201,0.0482377497922941,0.0743368688672477,0.4556276262670959,0.0,73.25,0
India,1971,0,0,1.0,4.25,0.235,11.25,0.4455,8.5,1.0,13.5,1.0,1.2,0.4455274287064201,0.4455274287064201,0.0361783123442206,0.0743368688672477,0.4556276262670959,0.0,73.25,0
India,1972,1,0,1.0,4.25,0.235,11.25,0.4455,8.5,1.0,13.5,1.0,1.2,0.4455274287064201,0.4455274287064201,0.0241188748961471,0.0743368688672477,0.4556276262670959,0.0,73.25,0
India,1973,1,0,1.0,4.25,0.235,11.25,0.4455,8.5,1.0,13.5,1.0,1.2,0.4455274287064201,0.4455274287064201,0.0120594374480735,0.0743368688672477,0.4556276262670959,0.0,73.25,0
India,1974,1,0,1.0,4.25,0.235,11.25,0.4455,8.5,1.0,13.5,1.0,1.2,0.4455274287064201,0.4455274287064201,0.0,0.0743368688672477,0.4556276262670959,0.0,73.25,0
India,1975,0,1,1.0,4.25,0.235,11.25,0.4455,8.5,1.0,13.5,1.0,1.2,0.4455274287064201,0.4455274287064201,0.0,0.0743368688672477,0.4556276262670959,0.0,73.25,0
India,1976,0,0,1.0,4.25,0.235,11.25,0.4455,8.5,1.0,13.5,1.0,1.2,0.4455274287064201,0.4455274287064201,0.0,0.0743368688672477,0.4556276262670959,0.0,73.25,0
India,1977,0,0,1.0,4.25,0.235,11.25,0.4455,8.5,1.0,13.5,1.0,1.2,0.4455274287064201,0.4455274287064201,0.0,0.0743368688672477,0.4556276262670959,0.0,73.25,0
India,1978,0,0,1.625,4.75,0.342,10.938,0.3992,10.5,2.0,11.0,0.5,-0.9,0.3991693408105726,0.3991693408105726,0.8290841520854171,0.0452111380821067,0.3958026066273783,0.0,59.125,0
India,1979,0,0,1.625,4.75,0.342,10.938,0.3992,10.5,2.0,11.0,0.5,-0.9,0.3991693408105726,0.3991693408105726,0.6632673216683337,0.0452111380821067,0.3958026066273783,0.0,59.125,0
India,1980,0,0,1.625,4.75,0.342,10.938,0.3992,10.5,2.0,11.0,0.5,-0.9,0.3991693408105726,0.3991693408105726,0.4974504912512502,0.0452111380821067,0.3958026066273783,0.0,59.125,0
India,1981,0,0,1.625,4.75,0.342,10.938,0.3992,10.5,2.0,11.0,0.5,-0.9,0.3991693408105726,0.3991693408105726,0.3316336608341668,0.0452111380821067,0.3958026066273783,0.0,59.125,0
India,1982,0,0,1.625,4.75,0.342,10.938,0.3992,10.5,2.0,11.0,0.5,-0.9,0.3991693408105726,0.3991693408105726,0.1658168304170834,0.0452111380821067,0.3958026066273783,0.0,59.125,0
India,1983,0,0,2.125,5.25,0.405,11.688,0.4098,11.25,2.5,11.75,0.6,-0.9,0.4097995199261921,0.4097995199261921,0.0318397205120682,0.0418366204395841,0.4077454912246244,0.0,74.34375,0
India,1984,0,0,2.625,5.75,0.457,12.438,0.4172,12.0,3.0,12.5,0.667,-0.9,0.4172088137502733,0.4172088137502733,0.0475446630517965,0.0397331578658213,0.4161873844410925,0.0,91.125,0
India,1985,0,0,2.625,5.75,0.457,12.438,0.4172,12.0,3.0,12.5,0.667,-0.9,0.4172088137502733,0.4172088137502733,0.036762466939181,0.0397331578658213,0.4161873844410925,0.0,91.125,0
India,1986,0,0,2.625,5.75,0.457,12.438,0.4172,12.0,3.0,12.5,0.667,-0.9,0.4172088137502733,0.4172088137502733,0.0259803106903169,0.0397331578658213,0.4161873844410925,0.0,91.125,0
India,1987,0,0,2.625,5.75,0.457,12.438,0.4172,12.0,3.0,12.5,0.667,-0.9,0.4172088137502733,0.4172088137502733,0.0151982791473875,0.0397331578658213,0.4161873844410925,0.0,91.125,0
India,1988,0,0,2.625,5.75,0.457,12.438,0.4172,12.0,3.0,12.5,0.667,-0.9,0.4172088137502733,0.4172088137502733,0.0044172855787166,0.0397331578658213,0.4161873844410925,0.0,91.125,0
India,1989,0,0,2.625,5.75,0.457,12.438,0.4172,12.0,3.0,12.5,0.667,-0.9,0.4172088137502733,0.4172088137502733,0.0,0.0397331578658213,0.4161873844410925,0.0,91.125,0
India,1990,0,0,2.625,5.75,0.457,12.438,0.4172,12.0,3.0,12.5,0.667,-0.9,0.4172088137502733,0.4172088137502733,0.0,0.0397331578658213,0.4161873844410925,0.0,91.125,0
India,1991,0,0,2.625,5.75,0.457,12.438,0.4172,12.0,3.0,12.5,0.667,-0.9,0.4172088137502733,0.4172088137502733,0.0,0.0397331578658213,0.4161873844410925,0.0,91.125,0
India,1992,0,0,2.625,5.75,0.457,12.438,0.4172,12.0,3.0,12.5,0.667,-0.9,0.4172088137502733,0.4172088137502733,0.0,0.0397331578658213,0.4161873844410925,0.0,91.125,0
India,1993,0,0,2.625,5.75,0.457,12.438,0.4172,12.0,3.0,12.5,0.667,-0.9,0.4172088137502733,0.4172088137502733,0.0,0.0397331578658213,0.4161873844410925,0.0,91.125,0
India,1994,0,0,2.625,5.75,0.457,12.438,0.4172,12.0,3.0,12.5,0.667,-0.9,0.4172088137502733,0.4172088137502733,0.0,0.0397331578658213,0.4161873844410925,0.0,91.125,0
India,1995,0,0,2.625,5.75,0.457,12.438,0.4172,12.0,3.0,12.5,0.667,-0.9,0.4172088137502733,0.4172088137502733,0.0,0.0397331578658213,0.4161873844410925,0.0,91.125,0
India,1996,0,0,2.625,5.75,0.457,12.438,0.4172,12.0,3.0,12.5,0.667,-0.9,0.4172088137502733,0.4172088137502733,0.0,0.0397331578658213,0.4161873844410925,0.0,91.125,0
India,1997,0,0,2.625,5.75,0.457,12.438,0.4172,12.0,3.0,12.5,0.667,-0.9,0.4172088137502733,0.4172088137502733,0.0,0.0397331578658213,0.4161873844410925,0.0,91.125,0
India,1998,0,0,2.625,5.75,0.457,12.438,0.4172,12.0,3.0,12.5,0.667,-0.9,0.4172088137502733,0.4172088137502733,0.0,0.0397331578658213,0.4161873844410925,0.0,91.125,0
India,1999,0,0,3.125,6.25,0.5,13.188,0.4218,12.75,3.5,13.25,0.714,-0.9,0.4217829135949895,0.4217829135949895,0.0161148204319997,0.0383528333428546,0.4215946718377139,0.0,109.46875,0
India,2000,0,0,3.625,6.75,0.537,13.938,0.4239,13.5,4.0,14.0,0.75,-0.9,0.4238696649709445,0.4238696649709445,0.0250981456222623,0.0374126765019865,0.4243640243725213,0.0,129.375,0
India,2001,0,0,3.625,6.75,0.537,13.938,0.4239,13.5,4.0,14.0,0.75,-0.9,0.4238696649709445,0.4238696649709445,0.019434083012019,0.0374126765019865,0.4243640243725213,0.0,129.375,0
India,2002,0,0,3.625,6.75,0.537,13.938,0.4239,13.5,4.0,14.0,0.75,-0.9,0.4238696649709445,0.4238696649709445,0.0137700390457515,0.0374126765019865,0.4243640243725213,0.0,129.375,0
India,2003,0,0,3.625,6.75,0.537,13.938,0.4239,13.5,4.0,14.0,0.75,-0.9,0.4238696649709445,0.4238696649709445,0.0081060528055711,0.0374126765019865,0.4243640243725213,0.0,129.375,0
India,2004,0,0,3.625,6.75,0.537,13.938,0.4239,13.5,4.0,14.0,0.75,-0.9,0.4238696649709445,0.4238696649709445,0.0024425259084826,0.0374126765019865,0.4243640243725213,0.0,129.375,0
India,2005,0,0,3.625,6.75,0.537,13.938,0.4239,13.5,4.0,14.0,0.75,-0.9,0.4238696649709445,0.4238696649709445,0.0,0.0374126765019865,0.4243640243725213,0.0,129.375,0
India,2006,0,0,3.625,6.75,0.537,13.938,0.4239,13.5,4.0,14.0,0.75,-0.9,0.4238696649709445,0.4238696649709445,0.0,0.0374126765019865,0.4243640243725213,0.0,129.375,0
India,2007,0,0,3.625,6.75,0.537,13.938,0.4239,13.5,4.0,14.0,0.75,-0.9,0.4238696649709445,0.4238696649709445,0.0,0.0374126765019865,0.4243640243725213,0.0,129.375,0
India,2008,0,0,3.625,6.75,0.537,13.938,0.4239,13.5,4.0,14.0,0.75,-0.9,0.4238696649709445,0.4238696649709445,0.0,0.0374126765019865,0.4243640243725213,0.0,129.375,0
India,2009,0,0,4.125,7.25,0.569,14.625,0.4217,14.25,4.5,14.75,0.778,-1.0,0.4216599890828337,0.4216599890828337,0.0144121721096898,0.0377740841537823,0.4232001854491217,0.0,150.28125,0
India,2010,0,0,4.625,7.75,0.597,15.312,0.4178,15.0,5.0,15.5,0.8,-1.1,0.4177984160375828,0.4177984160375828,0.0253214110731033,0.0382924531030394,0.4203174404158717,0.0,172.625,0
India,2011,0,0,4.625,7.75,0.597,15.312,0.4178,15.0,5.0,15.5,0.8,-1.1,0.4177984160375828,0.4177984160375828,0.0196816927163025,0.0382924531030394,0.4203174404158717,0.0,172.625,0
India,2012,0,0,4.625,7.75,0.597,15.312,0.4178,15.0,5.0,15.5,0.8,-1.1,0.4177984160375828,0.4177984160375828,0.0140420821051675,0.0382924531030394,0.4203174404158717,0.0,172.625,0
India,2013,0,0,4.625,7.75,0.597,15.312,0.4178,15.0,5.0,15.5,0.8,-1.1,0.4177984160375828,0.4177984160375828,0.0084027961858541,0.0382924531030394,0.4203174404158717,0.0,172.625,0
India,2014,0,0,4.625,7.75,0.597,15.312,0.4178,15.0,5.0,15.5,0.8,-1.1,0.4177984160375828,0.4177984160375828,0.0027658217327177,0.0382924531030394,0.4203174404158717,0.0,172.625,0
India,2015,0,0,4.625,7.75,0.597,15.312,0.4178,15.0,5.0,15.5,0.8,-1.1,0.4177984160375828,0.4177984160375828,0.0,0.0382924531030394,0.4203174404158717,0.0,172.625,0
India,2016,0,0,4.625,7.75,0.597,15.312,0.4178,15.0,5.0,15.5,0.8,-1.1,0.4177984160375828,0.4177984160375828,0.0,0.0382924531030394,0.4203174404158717,0.0,172.625,0
India,2017,0,0,4.625,7.75,0.597,15.312,0.4178,15.0,5.0,15.5,0.8,-1.1,0.4177984160375828,0.4177984160375828,0.0,0.0382924531030394,0.4203174404158717,0.0,172.625,0
India,2018,0,0,4.625,7.75,0.597,15.312,0.4178,15.0,5.0,15.5,0.8,-1.1,0.4177984160375828,0.4177984160375828,0.0,0.0382924531030394,0.4203174404158717,0.0,172.625,0
India,2019,0,0,4.625,7.75,0.597,15.312,0.4178,15.0,5.0,15.5,0.8,-1.1,0.4177984160375828,0.4177984160375828,0.0,0.0382924531030394,0.4203174404158717,0.0,172.625,0
India,2020,0,0,4.625,7.75,0.597,15.312,0.4178,15.0,5.0,15.5,0.8,-1.1,0.4177984160375828,0.4177984160375828,0.0,0.0382924531030394,0.4203174404158717,0.0,172.625,0
India,2021,0,0,4.625,7.75,0.597,15.312,0.4178,15.0,5.0,15.5,0.8,-1.1,0.4177984160375828,0.4177984160375828,0.0,0.0382924531030394,0.4203174404158717,0.0,172.625,0
India,2022,0,0,4.625,7.75,0.597,15.312,0.4178,15.0,5.0,15.5,0.8,-1.1,0.4177984160375828,0.4177984160375828,0.0,0.0382924531030394,0.4203174404158717,0.0,172.625,0
Indonesia,1941,1,0,6.75,5.0,1.35,4.188,0.1536,-0.5,8.0,6.0,1.061,2.167,0.1535799237932829,0.1535799237932829,,0.0972160786059385,0.1399709016346985,0.625,-13.375,1
Indonesia,1942,0,1,8.5,2.875,2.957,-1.688,0.0791,-4.0,9.0,-1.5,1.032,1.3,0.0791094463456357,0.0791094463456357,,0.0223192118662244,0.0831354705422121,1.0,-32.5,1
Indonesia,1943,0,0,9.375,1.875,5.0,-5.0,0.0437,-7.5,10.0,-5.0,0.993,0.8,0.0436528772691037,0.0436528772691037,,0.0512026560030173,0.0490688210571239,1.0,-17.25,0
Indonesia,1944,0,0,9.375,1.875,5.0,-5.0,0.0437,-7.5,10.0,-5.0,0.993,0.8,0.0436528772691037,0.0436528772691037,,0.0512026560030173,0.0490688210571239,1.0,-17.25,0
Indonesia,1945,0,0,8.5,3.0,2.833,-1.438,0.0811,-4.0,9.0,0.5,1.032,1.7,0.0810713160755699,0.0810713160755699,,0.027780701026843,0.0864796499541134,1.0,-33.25,0
Indonesia,1946,0,0,7.5,4.0,1.875,2.062,0.129,-0.5,8.0,4.0,1.036,1.7,0.1290412252723782,0.1290412252723782,0.4271809886451366,0.0187059039507992,0.126287948996551,1.0,-39.625,0
Indonesia,1947,0,0,6.5,5.0,1.3,5.562,0.1893,3.0,7.0,7.5,1.042,1.7,0.1892536531846321,0.1892536531846321,0.5260786826138283,0.0296388610605186,0.180743995285702,0.875,-24.5,0
Indonesia,1948,0,0,6.5,5.0,1.3,5.562,0.1893,3.0,7.0,7.5,1.042,1.7,0.1892536531846321,0.1892536531846321,0.4186879705709759,0.0296388610605186,0.180743995285702,0.875,-24.5,0
Indonesia,1949,0,0,6.5,5.0,1.3,5.562,0.1893,3.0,7.0,7.5,1.042,1.7,0.1892536531846321,0.1892536531846321,0.2955691403531483,0.0296388610605186,0.180743995285702,0.875,-24.5,0
Indonesia,1950,0,0,5.5,6.25,0.88,9.375,0.2657,9.0,6.0,10.0,0.952,1.667,0.2657278210865244,0.2657278210865244,0.5753170803331003,0.1955407250624492,0.2823222771928753,0.125,27.5,0
Indonesia,1951,0,0,5.5,6.25,0.88,9.375,0.2657,9.0,6.0,10.0,0.952,1.667,0.2657278210865244,0.2657278210865244,0.5159029700661609,0.1955407250624492,0.2823222771928753,0.125,27.5,0
Indonesia,1952,0,0,5.5,6.25,0.88,9.375,0.2657,9.0,6.0,10.0,0.952,1.667,0.2657278210865244,0.2657278210865244,0.3987300936716453,0.1955407250624492,0.2823222771928753,0.125,27.5,0
Indonesia,1953,0,0,5.5,6.25,0.88,9.375,0.2657,9.0,6.0,10.0,0.952,1.667,0.2657278210865244,0.2657278210865244,0.2658200624477635,0.1955407250624492,0.2823222771928753,0.125,27.5,0
Indonesia,1954,0,0,5.5,6.25,0.88,9.375,0.2657,9.0,6.0,10.0,0.952,1.667,0.2657278210865244,0.2657278210865244,0.1329100312238817,0.1955407250624492,0.2823222771928753,0.125,27.5,0
Indonesia,1955,0,0,5.5,6.25,0.88,9.375,0.2657,9.0,6.0,10.0,0.952,1.667,0.2657278210865244,0.2657278210865244,0.0,0.1955407250624492,0.2823222771928753,0.125,27.5,0
Indonesia,1956,0,0,5.5,6.25,0.88,9.375,0.2657,9.0,6.0,10.0,0.952,1.667,0.2657278210865244,0.2657278210865244,0.0,0.1955407250624492,0.2823222771928753,0.125,27.5,0
Indonesia,1957,0,0,5.5,6.25,0.88,9.375,0.2657,9.0,6.0,10.0,0.952,1.667,0.2657278210865244,0.2657278210865244,0.0,0.1955407250624492,0.2823222771928753,0.125,27.5,0
Indonesia,1958,0,0,5.5,6.25,0.88,9.375,0.2657,9.0,6.0,10.0,0.952,1.667,0.2657278210865244,0.2657278210865244,0.0,0.1955407250624492,0.2823222771928753,0.125,27.5,0
Indonesia,1959,0,0,5.5,6.25,0.88,9.375,0.2657,9.0,6.0,10.0,0.952,1.667,0.2657278210865244,0.2657278210865244,0.0,0.1955407250624492,0.2823222771928753,0.125,27.5,0
Indonesia,1960,0,0,5.5,6.25,0.88,9.375,0.2657,9.0,6.0,10.0,0.952,1.667,0.2657278210865244,0.2657278210865244,0.0,0.1955407250624492,0.2823222771928753,0.125,27.5,0
Indonesia,1961,0,0,5.5,6.25,0.88,9.375,0.2657,9.0,6.0,10.0,0.952,1.667,0.2657278210865244,0.2657278210865244,0.0,0.1955407250624492,0.2823222771928753,0.125,27.5,0
Indonesia,1962,1,0,5.5,6.25,0.88,9.375,0.2657,9.0,6.0,10.0,0.952,1.667,0.2657278210865244,0.2657278210865244,0.0,0.1955407250624492,0.2823222771928753,0.125,27.5,0
Indonesia,1963,1,0,5.5,6.25,0.88,9.375,0.2657,9.0,6.0,10.0,0.952,1.667,0.2657278210865244,0.2657278210865244,0.0,0.1955407250624492,0.2823222771928753,0.125,27.5,1
Indonesia,1964,1,0,5.5,6.25,0.88,9.375,0.2657,9.0,6.0,10.0,0.952,1.667,0.2657278210865244,0.2657278210865244,0.0,0.1955407250624492,0.2823222771928753,0.125,27.5,1
Indonesia,1965,0,1,6.875,4.875,1.41,4.938,0.1765,3.0,7.0,5.5,1.029,1.233,0.1764705589657071,0.1764705589657071,0.5015185654479014,0.0788996975799283,0.1648123399628621,0.875,-35.75,1
Indonesia,1966,0,0,6.875,4.875,1.41,4.938,0.1765,3.0,7.0,5.5,1.029,1.233,0.1764705589657071,0.1764705589657071,0.4012148523583211,0.0788996975799283,0.1648123399628621,0.875,-35.75,0
Indonesia,1967,0,0,6.875,4.875,1.41,4.938,0.1765,3.0,7.0,5.5,1.029,1.233,0.1764705589657071,0.1764705589657071,0.3009111392687408,0.0788996975799283,0.1648123399628621,0.875,-35.75,0
Indonesia,1968,0,0,6.875,4.875,1.41,4.938,0.1765,3.0,7.0,5.5,1.029,1.233,0.1764705589657071,0.1764705589657071,0.2006074261791605,0.0788996975799283,0.1648123399628621,0.875,-35.75,0
Indonesia,1969,0,0,6.875,4.875,1.41,4.938,0.1765,3.0,7.0,5.5,1.029,1.233,0.1764705589657071,0.1764705589657071,0.1003037130895802,0.0788996975799283,0.1648123399628621,0.875,-35.75,0
Indonesia,1970,0,0,6.875,4.875,1.41,4.938,0.1765,3.0,7.0,5.5,1.029,1.233,0.1764705589657071,0.1764705589657071,0.0,0.0788996975799283,0.1648123399628621,0.875,-35.75,0
Indonesia,1971,0,0,6.875,4.875,1.41,4.938,0.1765,3.0,7.0,5.5,1.029,1.233,0.1764705589657071,0.1764705589657071,0.0,0.0788996975799283,0.1648123399628621,0.875,-35.75,0
Indonesia,1972,0,0,6.875,4.875,1.41,4.938,0.1765,3.0,7.0,5.5,1.029,1.233,0.1764705589657071,0.1764705589657071,0.0,0.0788996975799283,0.1648123399628621,0.875,-35.75,0
Indonesia,1973,0,0,6.875,4.875,1.41,4.938,0.1765,3.0,7.0,5.5,1.029,1.233,0.1764705589657071,0.1764705589657071,0.0,0.0788996975799283,0.1648123399628621,0.875,-35.75,0
Indonesia,1974,0,0,6.875,4.875,1.41,4.938,0.1765,3.0,7.0,5.5,1.029,1.233,0.1764705589657071,0.1764705589657071,0.0,0.0788996975799283,0.1648123399628621,0.875,-35.75,0
Indonesia,1975,0,0,6.875,4.875,1.41,4.938,0.1765,3.0,7.0,5.5,1.029,1.233,0.1764705589657071,0.1764705589657071,0.0,0.0788996975799283,0.1648123399628621,0.875,-35.75,0
Indonesia,1976,0,0,6.875,4.875,1.41,4.938,0.1765,3.0,7.0,5.5,1.029,1.233,0.1764705589657071,0.1764705589657071,0.0,0.0788996975799283,0.1648123399628621,0.875,-35.75,0
Indonesia,1977,0,0,6.875,4.875,1.41,4.938,0.1765,3.0,7.0,5.5,1.029,1.233,0.1764705589657071,0.1764705589657071,0.0,0.0788996975799283,0.1648123399628621,0.875,-35.75,0
Indonesia,1978,0,0,6.875,4.875,1.41,4.938,0.1765,3.0,7.0,5.5,1.029,1.233,0.1764705589657071,0.1764705589657071,0.0,0.0788996975799283,0.1648123399628621,0.875,-35.75,0
Indonesia,1979,0,0,6.875,4.875,1.41,4.938,0.1765,3.0,7.0,5.5,1.029,1.233,0.1764705589657071,0.1764705589657071,0.0,0.0788996975799283,0.1648123399628621,0.875,-35.75,0
Indonesia,1980,0,0,5.875,5.25,1.119,7.188,0.2303,6.5,6.0,9.0,1.034,2.433,0.2302960889410372,0.2302960889410372,0.2825474310308879,0.2447302398939844,0.2141077464270004,0.5,-10.875,0
Indonesia,1981,0,0,5.875,5.25,1.119,7.188,0.2303,6.5,6.0,9.0,1.034,2.433,0.2302960889410372,0.2302960889410372,0.2260379448247103,0.2447302398939844,0.2141077464270004,0.5,-10.875,0
Indonesia,1982,0,0,5.875,5.25,1.119,7.188,0.2303,6.5,6.0,9.0,1.034,2.433,0.2302960889410372,0.2302960889410372,0.1695284586185327,0.2447302398939844,0.2141077464270004,0.5,-10.875,0
Indonesia,1983,0,0,5.875,5.25,1.119,7.188,0.2303,6.5,6.0,9.0,1.034,2.433,0.2302960889410372,0.2302960889410372,0.1130189724123551,0.2447302398939844,0.2141077464270004,0.5,-10.875,0
Indonesia,1984,0,0,5.875,5.25,1.119,7.188,0.2303,6.5,6.0,9.0,1.034,2.433,0.2302960889410372,0.2302960889410372,0.0565094862061775,0.2447302398939844,0.2141077464270004,0.5,-10.875,0
Indonesia,1985,0,0,5.875,5.25,1.119,7.188,0.2303,6.5,6.0,9.0,1.034,2.433,0.2302960889410372,0.2302960889410372,0.0,0.2447302398939844,0.2141077464270004,0.5,-10.875,0
Indonesia,1986,0,0,5.875,5.25,1.119,7.188,0.2303,6.5,6.0,9.0,1.034,2.433,0.2302960889410372,0.2302960889410372,0.0,0.2447302398939844,0.2141077464270004,0.5,-10.875,0
Indonesia,1987,0,0,5.875,5.25,1.119,7.188,0.2303,6.5,6.0,9.0,1.034,2.433,0.2302960889410372,0.2302960889410372,0.0,0.2447302398939844,0.2141077464270004,0.5,-10.875,0
Indonesia,1988,0,0,5.875,5.25,1.119,7.188,0.2303,6.5,6.0,9.0,1.034,2.433,0.2302960889410372,0.2302960889410372,0.0,0.2447302398939844,0.2141077464270004,0.5,-10.875,0
Indonesia,1989,0,0,5.875,5.25,1.119,7.188,0.2303,6.5,6.0,9.0,1.034,2.433,0.2302960889410372,0.2302960889410372,0.0,0.2447302398939844,0.2141077464270004,0.5,-10.875,0
Indonesia,1990,0,0,5.875,5.25,1.119,7.188,0.2303,6.5,6.0,9.0,1.034,2.433,0.2302960889410372,0.2302960889410372,0.0,0.2447302398939844,0.2141077464270004,0.5,-10.875,0
Indonesia,1991,0,0,5.875,5.25,1.119,7.188,0.2303,6.5,6.0,9.0,1.034,2.433,0.2302960889410372,0.2302960889410372,0.0,0.2447302398939844,0.2141077464270004,0.5,-10.875,0
Indonesia,1992,0,0,5.875,5.25,1.119,7.188,0.2303,6.5,6.0,9.0,1.034,2.433,0.2302960889410372,0.2302960889410372,0.0,0.2447302398939844,0.2141077464270004,0.5,-10.875,0
Indonesia,1993,0,0,5.875,5.25,1.119,7.188,0.2303,6.5,6.0,9.0,1.034,2.433,0.2302960889410372,0.2302960889410372,0.0,0.2447302398939844,0.2141077464270004,0.5,-10.875,0
Indonesia,1994,1,0,5.875,5.25,1.119,7.188,0.2303,6.5,6.0,9.0,1.034,2.433,0.2302960889410372,0.2302960889410372,0.0,0.2447302398939844,0.2141077464270004,0.5,-10.875,0
Indonesia,1995,1,0,5.875,5.25,1.119,7.188,0.2303,6.5,6.0,9.0,1.034,2.433,0.2302960889410372,0.2302960889410372,0.0,0.2447302398939844,0.2141077464270004,0.5,-10.875,1
Indonesia,1996,1,0,5.875,5.25,1.119,7.188,0.2303,6.5,6.0,9.0,1.034,2.433,0.2302960889410372,0.2302960889410372,0.0,0.2447302398939844,0.2141077464270004,0.5,-10.875,1
Indonesia,1997,0,1,7.0,5.25,1.333,6.0,0.1949,5.5,7.0,8.0,1.078,2.933,0.1948824478835605,0.1948824478835605,0.3381891846287656,0.0718285995305396,0.1838168167042781,0.875,-39.25,1
Indonesia,1998,0,0,8.0,4.25,1.882,2.562,0.1383,2.0,8.0,4.5,1.068,2.767,0.1383068080439724,0.1383068080439724,0.2960881156625282,0.0031283759061375,0.1385816888067745,1.0,-61.875,0
Indonesia,1999,0,0,7.0,5.25,1.333,6.0,0.1949,5.5,7.0,8.0,1.078,2.933,0.1948824478835605,0.1948824478835605,0.2054936456635667,0.0718285995305396,0.1838168167042781,0.875,-39.25,0
Indonesia,2000,0,0,7.0,5.25,1.333,6.0,0.1949,5.5,7.0,8.0,1.078,2.933,0.1948824478835605,0.1948824478835605,0.1386660351181257,0.0718285995305396,0.1838168167042781,0.875,-39.25,0
Indonesia,2001,0,0,7.0,5.25,1.333,6.0,0.1949,5.5,7.0,8.0,1.078,2.933,0.1948824478835605,0.1948824478835605,0.0733393083594917,0.0718285995305396,0.1838168167042781,0.875,-39.25,0
Indonesia,2002,0,0,7.0,5.25,1.333,6.0,0.1949,5.5,7.0,8.0,1.078,2.933,0.1948824478835605,0.1948824478835605,0.0457810314808284,0.0718285995305396,0.1838168167042781,0.875,-39.25,0
Indonesia,2003,0,0,7.0,5.25,1.333,6.0,0.1949,5.5,7.0,8.0,1.078,2.933,0.1948824478835605,0.1948824478835605,0.0457810314808284,0.0718285995305396,0.1838168167042781,0.875,-39.25,0
Indonesia,2004,0,0,7.0,5.25,1.333,6.0,0.1949,5.5,7.0,8.0,1.078,2.933,0.1948824478835605,0.1948824478835605,0.0,0.0718285995305396,0.1838168167042781,0.875,-39.25,0
Indonesia,2005,0,0,7.0,5.25,1.333,6.0,0.1949,5.5,7.0,8.0,1.078,2.933,0.1948824478835605,0.1948824478835605,0.0,0.0718285995305396,0.1838168167042781,0.875,-39.25,0
Indonesia,2006,0,0,7.0,5.25,1.333,6.0,0.1949,5.5,7.0,8.0,1.078,2.933,0.1948824478835605,0.1948824478835605,0.0,0.0718285995305396,0.1838168167042781,0.875,-39.25,0
Indonesia,2007,0,0,7.0,5.25,1.333,6.0,0.1949,5.5,7.0,8.0,1.078,2.933,0.1948824478835605,0.1948824478835605,0.0,0.0718285995305396,0.1838168167042781,0.875,-39.25,0
Indonesia,2008,0,0,7.0,5.25,1.333,6.0,0.1949,5.5,7.0,8.0,1.078,2.933,0.1948824478835605,0.1948824478835605,0.0,0.0718285995305396,0.1838168167042781,0.875,-39.25,0
Indonesia,2009,0,0,7.0,5.25,1.333,6.0,0.1949,5.5,7.0,8.0,1.078,2.933,0.1948824478835605,0.1948824478835605,0.0,0.0718285995305396,0.1838168167042781,0.875,-39.25,0
Indonesia,2010,0,0,7.0,5.25,1.333,6.0,0.1949,5.5,7.0,8.0,1.078,2.933,0.1948824478835605,0.1948824478835605,0.0,0.0718285995305396,0.1838168167042781,0.875,-39.25,0
Indonesia,2011,0,0,7.0,5.25,1.333,6.0,0.1949,5.5,7.0,8.0,1.078,2.933,0.1948824478835605,0.1948824478835605,0.0,0.0718285995305396,0.1838168167042781,0.875,-39.25,0
Indonesia,2012,0,0,7.0,5.25,1.333,6.0,0.1949,5.5,7.0,8.0,1.078,2.933,0.1948824478835605,0.1948824478835605,0.0,0.0718285995305396,0.1838168167042781,0.875,-39.25,0
Indonesia,2013,0,0,7.0,5.25,1.333,6.0,0.1949,5.5,7.0,8.0,1.078,2.933,0.1948824478835605,0.1948824478835605,0.0,0.0718285995305396,0.1838168167042781,0.875,-39.25,0
Indonesia,2014,0,0,7.0,5.25,1.333,6.0,0.1949,5.5,7.0,8.0,1.078,2.933,0.1948824478835605,0.1948824478835605,0.0,0.0718285995305396,0.1838168167042781,0.875,-39.25,0
Indonesia,2015,0,0,7.0,5.25,1.333,6.0,0.1949,5.5,7.0,8.0,1.078,2.933,0.1948824478835605,0.1948824478835605,0.0,0.0718285995305396,0.1838168167042781,0.875,-39.25,0
Indonesia,2016,0,0,7.0,5.25,1.333,6.0,0.1949,5.5,7.0,8.0,1.078,2.933,0.1948824478835605,0.1948824478835605,0.0,0.0718285995305396,0.1838168167042781,0.875,-39.25,0
Indonesia,2017,0,0,7.0,5.25,1.333,6.0,0.1949,5.5,7.0,8.0,1.078,2.933,0.1948824478835605,0.1948824478835605,0.0,0.0718285995305396,0.1838168167042781,0.875,-39.25,0
Indonesia,2018,0,0,7.0,5.25,1.333,6.0,0.1949,5.5,7.0,8.0,1.078,2.933,0.1948824478835605,0.1948824478835605,0.0,0.0718285995305396,0.1838168167042781,0.875,-39.25,0
Indonesia,2019,0,0,7.0,5.25,1.333,6.0,0.1949,5.5,7.0,8.0,1.078,2.933,0.1948824478835605,0.1948824478835605,0.0,0.0718285995305396,0.1838168167042781,0.875,-39.25,0
Indonesia,2020,0,0,7.0,5.25,1.333,6.0,0.1949,5.5,7.0,8.0,1.078,2.933,0.1948824478835605,0.1948824478835605,0.0,0.0718285995305396,0.1838168167042781,0.875,-39.25,0
Indonesia,2021,0,0,7.0,5.25,1.333,6.0,0.1949,5.5,7.0,8.0,1.078,2.933,0.1948824478835605,0.1948824478835605,0.0,0.0718285995305396,0.1838168167042781,0.875,-39.25,0
Indonesia,2022,0,0,7.0,5.25,1.333,6.0,0.1949,5.5,7.0,8.0,1.078,2.933,0.1948824478835605,0.1948824478835605,0.0,0.0718285995305396,0.1838168167042781,0.875,-39.25,0
Indonesia,2023,0,0,7.0,5.25,1.333,6.0,0.1949,5.5,7.0,8.0,1.078,2.933,0.1948824478835605,0.1948824478835605,0.0,0.0718285995305396,0.1838168167042781,0.875,-39.25,0
Indonesia,2024,0,0,7.0,5.25,1.333,6.0,0.1949,5.5,7.0,8.0,1.078,2.933,0.1948824478835605,0.1948824478835605,0.0,0.0718285995305396,0.1838168167042781,0.875,-39.25,0
Indonesia,2025,0,0,7.0,5.25,1.333,6.0,0.1949,5.5,7.0,8.0,1.078,2.933,0.1948824478835605,0.1948824478835605,0.0,0.0718285995305396,0.1838168167042781,0.875,-39.25,0
Iran,1900,0,0,5.15,3.825,1.346,4.875,0.2011,5.9,5.2,1.3,0.915,0.227,0.2011185186541099,0.2011185186541099,,0.0596660936076597,0.1819971841131362,0.75,-14.539,0
Iran,1901,0,0,5.075,3.6,1.41,4.55,0.1976,4.0,5.4,1.7,0.896,-1.467,0.197633347206525,0.197633347206525,,0.107526817103683,0.1773199378289821,0.75,-16.902,0
Iran,1902,0,0,5.25,3.625,1.448,4.25,0.1865,4.8,5.0,1.2,1.005,-0.667,0.1864764437307216,0.1864764437307216,,0.0801302882875599,0.1747197771389241,0.875,-18.749000000000002,0
Iran,1903,1,0,4.925,3.875,1.271,4.75,0.1937,5.7,4.8,1.7,0.919,-1.093,0.1936519083786764,0.1936519083786764,,0.018309958889525,0.1941955257498485,0.75,-9.716999999999999,0
Iran,1904,1,0,5.075,3.7,1.372,4.588,0.1956,5.6,5.2,1.9,0.956,0.033,0.1956313426278735,0.1956313426278735,,0.1053617050859653,0.1748898015683692,0.875,-16.726999999999997,1
Iran,1905,1,0,6.525,3.65,1.788,3.012,0.159,4.7,6.0,0.7,0.907,0.5,0.1589531023419403,0.1589531023419403,0.2793406638450125,0.0245257753534873,0.1531489789120771,1.0,-39.866,1
Iran,1906,0,1,6.95,3.625,1.917,2.313,0.144,5.3,5.6,-1.3,0.907,0.767,0.1439525740978912,0.1439525740978912,0.3908207064691723,0.0289613108545656,0.1336020251905113,1.0,-39.983000000000004,1
Iran,1907,0,0,7.025,2.85,2.465,1.1,0.1338,-0.6,7.0,-3.1,0.798,-1.333,0.1338453298398921,0.1338453298398921,0.3056690981532755,0.0357737935836218,0.1270901379126701,1.0,-43.083,0
Iran,1908,0,0,7.575,2.65,2.858,0.288,0.1223,0.8,7.8,-3.7,1.005,-0.02,0.1222899591239607,0.1222899591239607,0.4900510654899721,0.0205784017344452,0.1298528802395792,1.0,-57.095,0
Iran,1909,0,0,7.15,2.925,2.444,1.35,0.1381,1.2,7.0,-0.5,0.938,0.133,0.1380668753711218,0.1380668753711218,0.3890503078928541,0.0588980293010023,0.1328087597039939,1.0,-54.607,0
Iran,1910,0,0,6.875,3.125,2.2,1.738,0.142,2.5,6.6,0.1,0.967,0.593,0.1420187095986176,0.1420187095986176,0.375452615461031,0.0386686340015575,0.1328827155045511,1.0,-44.769,0
Iran,1911,0,0,6.85,3.075,2.228,1.662,0.1405,-1.4,7.2,2.3,1.036,1.273,0.1404668012785177,0.1404668012785177,0.427152447027668,0.0292007703780081,0.1488147978145163,1.0,-47.186,0
Iran,1912,0,0,7.875,3.0,2.625,0.05,0.1096,2.5,7.0,-2.9,1.04,0.88,0.1095987733249564,0.1095987733249564,0.3638562857015389,0.042166131797662,0.113598557415542,1.0,-45.932,0
Iran,1913,0,0,8.3,2.775,2.991,-0.837,0.1007,-1.2,7.8,-3.4,1.046,0.847,0.1006931482803976,0.1006931482803976,0.2955403189408316,0.0173312345683221,0.0969249981865049,1.0,-50.338,0
Iran,1914,0,0,7.775,2.925,2.658,-0.2,0.1049,1.1,7.0,-2.1,0.964,1.333,0.1049062907447536,0.1049062907447536,0.5182534714671811,0.0309281560916977,0.1114789037123942,1.0,-41.088,0
Iran,1915,0,0,8.0,3.1,2.581,-0.175,0.1036,1.8,6.2,-2.0,1.097,0.84,0.103626020633868,0.103626020633868,0.4604606765404611,0.0366824487872441,0.1077814444210114,1.0,-45.63999999999999,0
Iran,1916,0,0,8.075,2.8,2.884,-0.475,0.1046,0.7,7.8,-2.2,1.039,1.213,0.1045839677836314,0.1045839677836314,0.3524665778193697,0.0452082124920727,0.1097182588054234,1.0,-50.966,0
Iran,1917,0,0,8.075,2.9,2.784,-0.5,0.1019,1.3,8.2,-3.8,0.972,0.587,0.1019102009290958,0.1019102009290958,0.3267513681909739,0.0230914734505632,0.1048179186656988,1.0,-43.589,0
Iran,1918,0,0,7.475,3.05,2.451,0.337,0.1143,1.3,6.0,-2.0,1.042,0.327,0.1143084838870875,0.1143084838870875,0.3458660144644941,0.0143710924226273,0.1087524920937093,1.0,-41.827,0
Iran,1919,0,0,7.975,2.775,2.874,-0.738,0.0987,1.0,6.8,-2.9,1.161,0.9,0.0987299618466826,0.0987299618466826,0.2254950510704118,0.0201453819981131,0.1045732161347857,1.0,-43.096000000000004,0
Iran,1920,0,0,8.1,2.65,3.057,-0.812,0.1015,0.7,6.6,-2.4,1.061,-0.18,0.1015058160024122,0.1015058160024122,0.3586335889848213,0.0425626853964862,0.1024929120185717,1.0,-48.041,0
Iran,1921,0,0,7.125,3.35,2.127,1.588,0.1336,2.2,7.6,-2.8,0.972,1.633,0.1336266480723874,0.1336266480723874,0.5058643256865039,0.0374060548323268,0.1331909197547128,1.0,-45.306,0
Iran,1922,0,0,6.05,3.975,1.522,3.875,0.1707,4.2,5.4,2.5,1.004,1.613,0.1706517728586049,0.1706517728586049,0.374859573642436,0.0508068809995662,0.1615777588985763,1.0,-29.830000000000002,0
Iran,1923,0,0,6.475,3.875,1.671,3.287,0.1601,3.2,6.4,2.3,1.1,1.847,0.1600704877984534,0.1600704877984534,0.377613587480751,0.0221906653834784,0.1606384216598607,1.0,-39.187,0
Iran,1924,0,0,6.45,4.25,1.518,3.713,0.1615,2.9,6.4,5.3,1.09,1.78,0.1615173759312027,0.1615173759312027,0.3015032378785622,0.0152859899055476,0.1609026704562822,1.0,-32.92,0
Iran,1925,0,0,5.15,4.625,1.114,6.012,0.213,6.4,4.6,5.7,0.995,0.98,0.2130242173388147,0.2130242173388147,0.5174053036393179,0.1212743039463948,0.206764730327405,0.5,-11.177000000000003,0
Iran,1926,0,0,3.775,5.275,0.716,9.525,0.314,11.1,3.2,11.3,0.982,1.48,0.3139625371473836,0.3139625371473836,0.7380726656798071,0.0830083923420103,0.333522368889258,0.125,41.503,0
Iran,1927,0,0,3.8,5.15,0.738,9.362,0.3152,11.7,2.6,9.8,0.918,0.633,0.3152444926713367,0.3152444926713367,0.4178599420719782,0.0562304758008731,0.3353404328069932,0.125,38.515,0
Iran,1928,0,0,4.075,5.375,0.758,9.45,0.3087,11.3,3.2,11.4,1.077,1.627,0.3087017372318858,0.3087017372318858,0.8690762544992999,0.167843652511952,0.3389899776851848,0.0,41.355999999999995,0
Iran,1929,0,0,4.075,5.275,0.773,9.412,0.311,11.5,2.8,10.9,1.077,1.407,0.3109560957079383,0.3109560957079383,0.5236654049750358,0.1391042165543503,0.3481519465513972,0.125,39.526,0
Iran,1930,0,0,3.6,5.275,0.682,9.738,0.3247,10.9,3.2,11.0,0.971,0.86,0.3246703170578058,0.3246703170578058,0.3536164177833846,0.0693935331052577,0.3371208254741492,0.0,47.989999999999995,0
Iran,1931,0,0,3.975,5.625,0.707,9.538,0.3036,12.3,2.8,12.1,1.065,1.5,0.303565510295638,0.303565510295638,0.3128634679630783,0.1141429480846563,0.3351119516128384,0.125,49.996,0
Iran,1932,0,0,3.8,5.45,0.697,9.775,0.3194,12.5,2.2,12.7,1.148,2.04,0.3194333198249754,0.3194333198249754,0.2694594189327329,0.1289818070737228,0.3600835423092999,0.125,53.874,0
Iran,1933,0,0,3.85,5.75,0.67,10.075,0.3187,12.5,2.8,12.7,1.093,2.093,0.3187060458645716,0.3187060458645716,0.3934734948861769,0.1349221694325207,0.3548192812222502,0.0,60.212,0
Iran,1934,0,0,3.775,5.825,0.648,10.2,0.3219,11.6,3.4,12.2,1.039,1.28,0.3219223585765294,0.3219223585765294,0.4182236785906878,0.1178409699907203,0.3488907260689745,0.0,61.05099999999999,0
Iran,1935,0,0,3.85,5.65,0.681,9.95,0.3174,12.0,3.0,12.0,1.154,1.573,0.3173733351066269,0.3173733351066269,0.2200426847466783,0.0999275160222838,0.3392469404238121,0.0,54.618,0
Iran,1936,0,0,3.95,5.525,0.715,9.712,0.3126,12.7,3.2,9.5,1.135,2.26,0.3125667859979604,0.3125667859979604,0.548276359615972,0.1443206655956126,0.3379741492368997,0.0,48.34599999999999,0
Iran,1937,0,0,3.875,5.575,0.695,9.812,0.3152,12.4,3.0,12.3,1.053,1.993,0.3151535342012347,0.3151535342012347,0.3807486937993453,0.1766949669841488,0.355865344673214,0.125,52.760999999999996,0
Iran,1938,0,0,4.075,5.55,0.734,9.375,0.3,11.9,3.0,11.8,1.163,2.2,0.2999538071696983,0.2999538071696983,0.4947349756618922,0.2002785612393862,0.3475041950611473,0.125,46.763,0
Iran,1939,0,0,4.1,5.5,0.745,9.263,0.296,11.3,3.8,10.9,1.122,2.447,0.2960042643815126,0.2960042643815126,0.3559185290292009,0.1313955240674443,0.3234821872569863,0.0,40.655,0
Iran,1940,0,0,3.975,5.525,0.719,9.55,0.3063,10.5,3.4,11.3,1.094,0.773,0.3063103789474697,0.3063103789474697,0.4868616780684682,0.0956405349685,0.3247874219397447,0.125,43.038999999999994,0
Iran,1941,0,0,6.975,3.125,2.232,1.35,0.1345,4.4,6.2,-2.2,0.946,0.4,0.1344620341041874,0.1344620341041874,0.6240390179062665,0.0063667230344996,0.1324413122001493,1.0,-44.033,0
Iran,1942,0,0,6.075,3.875,1.568,3.687,0.168,5.7,5.2,2.4,1.146,1.313,0.167970715584891,0.167970715584891,0.804392644344711,0.0308116598925476,0.1666355050725142,1.0,-29.003,0
Iran,1943,0,0,5.975,3.95,1.513,3.3,0.156,4.9,4.8,0.7,1.062,0.16,0.1559600531538119,0.1559600531538119,0.7326883156638482,0.0616290990016878,0.1643589713737471,1.0,-24.753,0
Iran,1944,0,0,6.225,3.875,1.606,3.412,0.1611,5.9,5.2,-0.3,1.046,0.553,0.1610632516216342,0.1610632516216342,0.2665933325878544,0.0438988281339733,0.1602521119995721,1.0,-30.376,0
Iran,1945,0,0,6.075,3.9,1.558,3.638,0.1681,4.6,5.6,3.1,1.015,-0.047,0.1680866154716245,0.1680866154716245,0.4022262032245434,0.0445377011952973,0.1751699337059477,1.0,-34.532000000000004,0
Iran,1946,0,0,6.15,3.625,1.697,2.95,0.1568,4.0,6.4,-0.8,0.912,0.08,0.1567735078700994,0.1567735078700994,0.2693707516384571,0.0357020334102653,0.1538300842856245,1.0,-31.976,0
Iran,1947,0,0,6.375,3.675,1.735,2.862,0.153,6.0,5.2,-0.4,0.957,-0.06,0.1530343538308168,0.1530343538308168,0.4573314810956896,0.0957742412514812,0.1519916549835049,1.0,-35.6,0
Iran,1948,0,0,4.975,4.1,1.213,5.35,0.2064,4.9,5.2,4.1,0.945,-0.507,0.2064450352353744,0.2064450352353744,0.6912776617401155,0.0467079063759969,0.2000884373804693,0.875,-13.002999999999997,0
Iran,1949,0,0,5.025,4.1,1.226,5.5,0.2123,5.8,4.8,5.3,0.992,-0.16,0.2123428006457382,0.2123428006457382,0.3377282935545549,0.0709614504187488,0.2050792926438451,0.875,-15.325999999999999,0
Iran,1950,1,0,5.175,3.875,1.335,5.3,0.215,5.3,5.0,3.9,0.967,0.213,0.2149885448046821,0.2149885448046821,0.4026235383797268,0.0357775117110867,0.2139444485865161,1.0,-24.844,0
Iran,1951,1,0,6.05,4.275,1.415,4.438,0.1804,6.2,5.2,4.8,1.134,2.62,0.180370635491487,0.180370635491487,0.913825113401016,0.0868800775834204,0.1699258369376593,1.0,-26.42,1
Iran,1952,1,0,6.65,3.875,1.716,3.1,0.1561,4.3,6.4,4.2,0.988,0.427,0.1560970262061126,0.1560970262061126,0.4211417802285661,0.0319788281364961,0.1531120978880319,1.0,-38.464,1
Iran,1953,0,1,7.45,2.975,2.504,1.075,0.1323,1.4,6.8,2.2,1.018,1.347,0.1322944577745306,0.1322944577745306,0.5533894704786666,0.0466641403955687,0.1424887042350178,1.0,-63.45400000000001,1
Iran,1954,0,0,4.275,4.925,0.868,8.113,0.2741,7.3,4.4,8.0,0.901,-0.087,0.2740830350790747,0.2740830350790747,0.9581251510990642,0.1940752089125593,0.290091923223627,0.125,17.414999999999992,0
Iran,1955,0,0,4.25,5.05,0.842,8.113,0.2707,8.8,3.6,8.6,0.909,0.18,0.2706840507709784,0.2706840507709784,0.6361650976087733,0.0932513846322131,0.2752441976983646,0.125,19.332,0
Iran,1956,0,0,4.125,4.875,0.846,8.225,0.2805,9.5,3.8,7.7,0.928,0.253,0.2804622398321214,0.2804622398321214,0.7306291537415219,0.1614775488857374,0.2932578263598547,0.125,19.555,0
Iran,1957,0,0,4.125,4.85,0.851,8.0,0.2734,7.6,4.2,7.0,1.003,0.533,0.2734198858969378,0.2734198858969378,0.774878127004786,0.2362574108691512,0.2880493956971546,0.125,17.252,0
Iran,1958,0,0,4.225,5.275,0.801,8.312,0.2709,8.5,4.0,7.1,0.917,0.073,0.2709146604127068,0.2709146604127068,0.5299458431285127,0.0989404867685875,0.2785726073105851,0.125,23.833000000000006,0
Iran,1959,0,0,4.275,5.275,0.81,8.375,0.2715,8.7,3.6,7.6,1.074,1.453,0.2715139259980751,0.2715139259980751,0.9623077554254011,0.1724744642546863,0.2901502522751019,0.125,24.881,0
Iran,1960,0,0,4.075,5.025,0.811,8.425,0.2826,8.7,3.6,7.5,0.971,0.52,0.2825982860918744,0.2825982860918744,0.1805853035314747,0.1453025262955644,0.2900928974348447,0.125,21.994000000000003,0
Iran,1961,0,0,4.525,5.2,0.87,7.912,0.2579,7.2,4.4,6.6,0.912,-0.887,0.2579279700054104,0.2579279700054104,0.2727048168384292,0.0807921951122179,0.2701668736691856,0.25,15.818,0
Iran,1962,0,0,4.35,5.05,0.861,8.325,0.2768,8.5,4.2,7.0,0.97,0.307,0.2768077453292815,0.2768077453292815,0.3832615800547115,0.0456630962343341,0.2797366256102817,0.25,17.200000000000003,0
Iran,1963,0,0,5.275,5.275,1.0,7.75,0.2488,7.5,4.6,8.1,0.919,-0.133,0.2487882478004267,0.2487882478004267,0.7702258282193896,0.0444785171687879,0.2458551503144377,0.5,-1.1779999999999964,0
Iran,1964,0,0,3.925,5.7,0.689,9.612,0.3026,9.2,3.6,10.6,0.899,-0.513,0.3026338799291156,0.3026338799291156,0.8032621736197705,0.080452987376283,0.3152146273412228,0.125,47.815999999999995,0
Iran,1965,0,0,3.95,5.55,0.712,9.5,0.3037,8.8,4.2,11.0,0.915,-0.213,0.3036620320726923,0.3036620320726923,0.5696517718139688,0.0914415388753796,0.3198967266038219,0.125,43.04899999999999,0
Iran,1966,0,0,3.9,5.575,0.7,9.4,0.2991,7.7,4.6,11.6,0.908,-0.213,0.2991216557490597,0.2991216557490597,0.6335855697949198,0.1213078777230046,0.3350304444983687,0.0,48.123,0
Iran,1967,0,0,3.925,5.5,0.714,9.85,0.3179,8.5,4.0,11.5,0.874,0.24,0.3179364086950554,0.3179364086950554,0.3407004436279319,0.131509275924166,0.3326490440539792,0.0,46.302,0
Iran,1968,0,0,3.65,6.25,0.584,11.125,0.3423,11.5,3.4,12.0,0.978,-0.173,0.3422535362810751,0.3422535362810751,0.3286168951676431,0.0458765194376978,0.354203954403387,0.0,83.081,0
Iran,1969,0,0,3.5,6.25,0.56,11.438,0.3567,12.2,3.2,11.8,1.078,0.54,0.3567318308934584,0.3567318308934584,0.4787405545981906,0.0905667587494292,0.3847349666230715,0.0,92.25900000000001,0
Iran,1970,0,0,3.725,6.25,0.596,11.038,0.338,13.3,2.8,12.4,1.155,1.66,0.3380020182463016,0.3380020182463016,0.5946015568044408,0.1164600546430461,0.3750370974273816,0.0,85.17500000000001,0
Iran,1971,0,0,3.4,6.375,0.533,11.263,0.3453,11.4,3.2,12.1,1.032,0.633,0.3452680494713513,0.3452680494713513,0.2443218603017608,0.0719280033823296,0.3690662852614051,0.0,92.878,0
Iran,1972,0,0,3.55,6.1,0.582,11.1,0.3488,12.4,2.6,11.1,1.118,0.96,0.3487615542871145,0.3487615542871145,0.3651733958789713,0.0885144627513374,0.3839070858988533,0.0,87.245,0
Iran,1973,0,0,3.65,6.45,0.566,11.825,0.3658,12.9,2.2,12.7,1.007,-0.227,0.3657724737513705,0.3657724737513705,0.3302490818471167,0.0838881341806123,0.3863285163019809,0.0,107.398,0
Iran,1974,0,0,3.625,6.525,0.556,11.8,0.362,12.4,3.2,11.8,0.877,-0.48,0.3620110831641284,0.3620110831641284,0.3908821912554377,0.0614153932296669,0.3800891575338589,0.0,109.083,0
Iran,1975,0,0,3.775,6.65,0.568,11.725,0.3538,12.7,3.4,12.0,0.901,0.52,0.3537640716070226,0.3537640716070226,0.2085493987018621,0.0944185808553684,0.3814815157728892,0.0,111.69900000000001,0
Iran,1976,1,0,4.95,5.975,0.828,8.8,0.2628,9.9,3.6,8.8,1.083,1.173,0.2627524955599989,0.2627524955599989,0.7076266098779267,0.2282590541531941,0.2844608444026763,0.0,30.597,0
Iran,1977,1,0,5.325,5.0,1.065,6.8,0.2285,7.1,5.0,5.0,0.906,-0.533,0.2285456493590972,0.2285456493590972,0.5922965050556953,0.0532483420639188,0.2297475369360198,0.625,-7.459,1
Iran,1978,1,0,7.05,4.2,1.679,2.612,0.1386,2.9,6.8,0.2,0.974,0.073,0.1385991387791115,0.1385991387791115,0.2940603545224469,0.0166277525011644,0.1422286044034786,1.0,-37.332,1
Iran,1979,0,1,8.25,3.55,2.324,0.062,0.1037,1.1,8.0,-1.0,0.952,0.953,0.1036552809053624,0.1036552809053624,0.4899193202914727,0.0544529375861045,0.1133155491979144,1.0,-52.526,1
Iran,1980,0,0,8.4,3.825,2.196,1.575,0.1295,4.1,7.6,4.4,1.092,3.16,0.1294964888916221,0.1294964888916221,0.5878140638599805,0.0370453438252579,0.1414001865446636,1.0,-76.673,0
Iran,1981,0,0,7.55,3.725,2.027,2.262,0.1433,3.2,8.0,2.3,0.982,3.727,0.1433338399339722,0.1433338399339722,0.4265739836126065,0.0586973869513697,0.1440658532071623,1.0,-62.714,0
Iran,1982,0,0,8.075,3.725,2.168,1.763,0.1343,1.2,8.6,2.9,1.025,3.407,0.1343319408298805,0.1343319408298805,0.3963768777015644,0.0323250164195386,0.1322615924653676,1.0,-70.789,0
Iran,1983,0,0,7.525,4.275,1.76,3.85,0.1642,6.0,7.0,3.6,1.09,3.173,0.1641721035211421,0.1641721035211421,0.6467852056720685,0.0665209659448291,0.1609089895868807,1.0,-65.683,0
Iran,1984,0,0,7.5,4.4,1.705,3.287,0.1502,4.4,6.6,4.0,1.096,3.18,0.1501602015275704,0.1501602015275704,0.3592625859982469,0.0455689575610557,0.1486486169866809,1.0,-49.14999999999999,0
Iran,1985,0,0,7.3,4.125,1.77,3.525,0.1608,4.3,6.8,5.8,1.114,4.04,0.1607557135365464,0.1607557135365464,0.3788810042615304,0.0219152003866446,0.1686114375912743,1.0,-59.458999999999996,0
Iran,1986,0,0,7.65,4.05,1.889,3.3,0.158,4.4,8.4,3.8,1.018,3.627,0.1579503105756123,0.1579503105756123,0.5156346393091596,0.0813847385171416,0.1543570594615136,1.0,-72.192,0
Iran,1987,0,0,7.3,4.175,1.749,3.837,0.1685,2.7,7.8,5.4,1.022,3.42,0.16854647704148,0.16854647704148,0.4541616073885469,0.0360086468659716,0.1668063017779649,1.0,-63.811,0
Iran,1988,0,0,6.8,4.475,1.52,4.613,0.1778,5.3,6.8,5.9,1.115,3.86,0.1778016827736226,0.1778016827736226,0.3727020687019671,0.0401910807261784,0.1712844929175407,1.0,-39.886,0
Iran,1989,0,0,5.8,4.85,1.196,6.112,0.2097,7.2,5.2,8.0,1.115,3.593,0.209703575703284,0.209703575703284,0.9338755756285964,0.1641904652545309,0.2131617148204421,0.75,-20.670000000000005,0
Iran,1990,0,0,4.725,4.95,0.955,7.913,0.265,8.5,4.4,8.4,1.072,1.673,0.2650109771584855,0.2650109771584855,0.6652226308080625,0.3741870627032535,0.2822721627377476,0.25,6.266,0
Iran,1991,0,0,4.825,5.125,0.941,7.925,0.2591,8.5,4.8,7.9,0.992,1.053,0.2591174635553016,0.2591174635553016,0.8411078834909084,0.0719470149083179,0.2604221913919612,0.25,7.299000000000003,0
Iran,1992,0,0,5.05,4.925,1.025,7.45,0.2501,7.1,5.0,7.4,1.027,0.88,0.2501306291524267,0.2501306291524267,0.4052670392243541,0.1622459513144049,0.2608380958575507,0.625,-3.671000000000003,0
Iran,1993,0,0,4.95,5.075,0.975,7.725,0.2548,7.0,5.6,7.3,0.911,0.147,0.254801137802375,0.254801137802375,0.6330761375506709,0.1763739344514899,0.254781816123917,0.25,3.3830000000000036,0
Iran,1994,0,0,5.125,5.175,0.99,7.725,0.2502,7.7,5.2,8.0,0.982,0.467,0.2501984678567646,0.2501984678567646,0.3497267280317259,0.1067352888626368,0.2442342842604999,0.25,1.6109999999999989,0
Iran,1995,0,0,5.0,4.8,1.042,7.275,0.2482,7.2,5.0,7.3,0.859,-0.253,0.24815374647161,0.24815374647161,0.3887436339452881,0.2010402010505608,0.2523613966530964,0.5,-6.7500000000000036,0
Iran,1996,0,0,5.0,4.95,1.01,7.788,0.2603,8.2,5.0,6.9,1.0,0.353,0.2602564023158144,0.2602564023158144,0.7853467534065262,0.1423926721373577,0.256411066682389,0.625,-0.8240000000000015,0
Iran,1997,0,0,5.1,5.15,0.99,7.962,0.2601,8.4,4.8,8.2,1.01,0.847,0.2600746592886813,0.2600746592886813,0.4563884122190846,0.2047636921263956,0.2733518536757844,0.375,3.7079999999999984,0
Iran,1998,0,0,5.1,5.45,0.936,8.262,0.2603,8.9,4.6,7.9,0.969,0.473,0.2603323521147233,0.2603323521147233,0.5543889884302104,0.1072752876589914,0.2649064050851678,0.25,9.648,0
Iran,1999,0,0,4.875,5.075,0.961,7.913,0.262,9.1,4.4,8.5,1.042,1.3,0.2620332223120656,0.2620332223120656,0.3011525662247095,0.2806109857573396,0.2865239214628778,0.375,7.837999999999995,0
Iran,2000,0,0,4.9,4.85,1.01,7.687,0.262,7.6,4.4,8.7,1.149,2.007,0.2620079717560493,0.2620079717560493,0.2099304308118272,0.1688755990431319,0.2663289021241492,0.5,1.2029999999999963,0
Iran,2001,0,0,5.075,4.75,1.068,7.088,0.2434,7.0,4.8,5.0,0.936,-0.5,0.243398565784433,0.243398565784433,0.5271779920798794,0.1835478801636569,0.2285523320717367,0.625,-7.256000000000002,0
Iran,2002,0,0,5.25,5.0,1.05,7.4,0.2465,7.5,5.4,5.0,1.047,0.213,0.2465084252040699,0.2465084252040699,0.3426224579743847,0.4000365903048982,0.2298321743273931,0.375,-5.232999999999997,0
Iran,2003,0,0,5.1,5.0,1.02,7.2,0.2399,7.9,4.8,5.6,1.01,0.213,0.2398789591706057,0.2398789591706057,0.3082146841176313,0.2347751241642786,0.2338039462405202,0.375,-2.3329999999999993,0
Iran,2004,0,0,4.875,5.025,0.97,7.613,0.2523,7.4,4.0,6.6,0.976,-0.033,0.2523076254554234,0.2523076254554234,0.889176979257589,0.0252429318238855,0.2562782482760783,0.5,2.1380000000000003,0
Iran,2005,0,0,5.35,5.15,1.039,6.862,0.2238,6.3,5.2,7.1,1.035,1.22,0.2237518997229279,0.2237518997229279,0.5444431224340859,0.0641624587593185,0.2282115281730127,0.625,-3.3530000000000006,0
Iran,2006,0,0,5.375,4.9,1.097,6.812,0.2314,6.7,5.0,7.4,1.133,0.927,0.2314157077166666,0.2314157077166666,0.121718081720006,0.2055787298073198,0.2116047282603883,0.5,-9.239999999999998,0
Iran,2007,0,0,5.375,4.725,1.138,6.638,0.2288,7.4,5.2,6.9,1.028,0.913,0.2288316418142069,0.2288316418142069,0.5706008955713173,0.1637069648581852,0.2229678582919499,0.875,-14.253000000000002,0
Iran,2008,0,0,5.15,4.8,1.073,6.75,0.2318,7.8,4.4,5.9,1.037,0.827,0.2317670010975593,0.2317670010975593,0.4895052002364765,0.2491869454767676,0.2143756811043777,0.375,-6.785000000000003,0
Iran,2009,0,0,6.55,4.525,1.448,4.712,0.1813,3.1,6.4,5.9,1.029,-0.033,0.1812765750345952,0.1812765750345952,0.4004442306939209,0.0846576147130718,0.1726353738574093,0.875,-38.707,0
Iran,2010,0,0,6.25,3.95,1.582,4.413,0.1881,6.7,5.0,4.7,1.168,3.38,0.1881323398829126,0.1881323398829126,0.5558973479652622,0.078668801927624,0.1734841292222149,1.0,-39.605000000000004,0
Iran,2011,0,0,5.875,4.05,1.451,4.675,0.1917,6.2,5.0,5.5,1.131,3.053,0.1916529867134916,0.1916529867134916,0.6917012926690478,0.0208651785530961,0.1898051668682836,1.0,-30.312000000000005,0
Iran,2012,0,0,6.1,4.375,1.394,4.875,0.1895,8.2,4.8,5.6,1.1,2.733,0.1894653841261005,0.1894653841261005,0.5871939515216859,0.0537886721429584,0.1831195786226129,0.875,-29.069999999999997,0
Iran,2013,0,0,5.55,5.15,1.078,6.912,0.2258,6.2,5.6,5.0,0.976,0.553,0.2257977075654152,0.2257977075654152,0.6642724134788106,0.1399378836888388,0.2162019468082465,0.625,-7.090000000000002,0
Iran,2014,0,0,5.5,4.85,1.134,6.538,0.2231,6.9,5.2,7.0,1.049,1.127,0.2231077949854193,0.2231077949854193,0.4066854781197233,0.0468941313406156,0.2171671701507228,0.875,-13.828000000000007,0
Iran,2015,0,0,5.3,4.875,1.087,6.85,0.2317,6.9,4.8,6.2,1.072,0.72,0.2317267098159014,0.2317267098159014,0.3425746409324392,0.1014202467227203,0.2231231372635231,0.625,-8.431000000000001,0
Iran,2016,0,0,4.975,5.1,0.975,7.588,0.2506,7.4,5.2,8.0,0.966,0.407,0.2506281039874524,0.2506281039874524,0.560273629037741,0.3112393314123611,0.2569411077314346,0.375,3.423999999999997,0
Iran,2017,0,0,5.025,5.175,0.971,7.637,0.2477,6.3,5.6,7.8,1.035,0.06,0.2476798420602504,0.2476798420602504,0.5461315528020994,0.0783979172049249,0.2489296871633849,0.25,4.192000000000001,0
Iran,2018,0,0,6.8,3.875,1.755,3.338,0.164,5.6,5.6,3.3,1.184,3.58,0.1640131087509147,0.1640131087509147,0.8298682348244856,0.0618168580447299,0.158436259658316,1.0,-46.489000000000004,0
Iran,2019,0,0,6.75,4.0,1.688,3.425,0.1624,3.6,6.2,3.9,1.146,2.227,0.1624224440234398,0.1624224440234398,0.4500336353226407,0.0574974444731464,0.1543499082926474,1.0,-45.807,0
Iran,2020,0,0,7.225,4.025,1.795,2.712,0.1425,3.1,7.0,2.3,1.039,0.873,0.1425104740223589,0.1425104740223589,0.2829883096689068,0.0170402522957076,0.1422184083518766,1.0,-43.667,0
Iran,2021,0,0,7.05,4.3,1.64,3.062,0.1443,2.7,6.6,3.7,1.034,2.393,0.144305646398131,0.144305646398131,0.3053670423260093,0.0433247801164916,0.1457664136041264,1.0,-38.801,0
Iran,2022,0,0,7.925,4.2,1.887,2.225,0.1313,1.5,8.4,2.2,1.029,2.12,0.1313389130507043,0.1313389130507043,0.2749082628166032,0.0395388795360399,0.1386203816997176,1.0,-57.272,0
Iran,2023,0,0,6.55,4.45,1.472,3.85,0.1592,5.6,5.8,3.1,1.132,2.267,0.159157927174646,0.159157927174646,0.3741883957065138,0.0282882845785367,0.1597052218105752,1.0,-28.614,0
Iran,2024,0,0,6.6,4.25,1.553,3.887,0.1666,4.1,5.6,3.4,1.154,0.353,0.1666337744633321,0.1666337744633321,0.7938258784463457,0.0597051205955274,0.1644044476429225,1.0,-40.001999999999995,0
Iran,2025,0,0,6.5,4.525,1.436,4.037,0.1621,3.3,6.2,5.4,1.025,0.86,0.1621179192364413,0.1621179192364413,0.3466289394235069,0.089887397439663,0.1488254276381637,0.875,-25.882,0
Iraq,1900,0,0,4.75,3.875,1.226,4.75,0.1903,7.5,4.0,4.5,1.212,2.267,0.1903472644465743,0.1903472644465743,,0.1448505427263915,0.1597306436904988,0.625,-6.75,0
Iraq,1901,0,0,4.75,3.875,1.226,4.75,0.1903,7.5,4.0,4.5,1.212,2.267,0.1903472644465743,0.1903472644465743,,0.1448505427263915,0.1597306436904988,0.625,-6.75,0
Iraq,1902,0,0,4.75,3.875,1.226,4.75,0.1903,7.5,4.0,4.5,1.212,2.267,0.1903472644465743,0.1903472644465743,,0.1448505427263915,0.1597306436904988,0.625,-6.75,0
Iraq,1903,0,0,4.75,3.875,1.226,4.75,0.1903,7.5,4.0,4.5,1.212,2.267,0.1903472644465743,0.1903472644465743,,0.1448505427263915,0.1597306436904988,0.625,-6.75,0
Iraq,1904,0,0,4.75,3.875,1.226,4.75,0.1903,7.5,4.0,4.5,1.212,2.267,0.1903472644465743,0.1903472644465743,,0.1448505427263915,0.1597306436904988,0.625,-6.75,0
Iraq,1905,0,0,4.75,3.875,1.226,4.75,0.1903,7.5,4.0,4.5,1.212,2.267,0.1903472644465743,0.1903472644465743,0.0,0.1448505427263915,0.1597306436904988,0.625,-6.75,0
Iraq,1906,0,0,4.75,3.875,1.226,4.75,0.1903,7.5,4.0,4.5,1.212,2.267,0.1903472644465743,0.1903472644465743,0.0,0.1448505427263915,0.1597306436904988,0.625,-6.75,0
Iraq,1907,0,0,4.75,3.875,1.226,4.75,0.1903,7.5,4.0,4.5,1.212,2.267,0.1903472644465743,0.1903472644465743,0.0,0.1448505427263915,0.1597306436904988,0.625,-6.75,0
Iraq,1908,0,0,4.75,3.875,1.226,4.75,0.1903,7.5,4.0,4.5,1.212,2.267,0.1903472644465743,0.1903472644465743,0.0,0.1448505427263915,0.1597306436904988,0.625,-6.75,0
Iraq,1909,0,0,4.75,3.875,1.226,4.75,0.1903,7.5,4.0,4.5,1.212,2.267,0.1903472644465743,0.1903472644465743,0.0,0.1448505427263915,0.1597306436904988,0.625,-6.75,0
Iraq,1910,0,0,4.75,3.875,1.226,4.75,0.1903,7.5,4.0,4.5,1.212,2.267,0.1903472644465743,0.1903472644465743,0.0,0.1448505427263915,0.1597306436904988,0.625,-6.75,0
Iraq,1911,0,0,4.75,3.875,1.226,4.75,0.1903,7.5,4.0,4.5,1.212,2.267,0.1903472644465743,0.1903472644465743,0.0,0.1448505427263915,0.1597306436904988,0.625,-6.75,0
Iraq,1912,0,0,4.75,3.875,1.226,4.75,0.1903,7.5,4.0,4.5,1.212,2.267,0.1903472644465743,0.1903472644465743,0.0,0.1448505427263915,0.1597306436904988,0.625,-6.75,0
Iraq,1913,0,0,4.875,3.875,1.258,4.625,0.1872,7.5,4.0,4.5,1.288,2.6,0.1872301143159395,0.1872301143159395,0.258320702357393,0.1589228570674596,0.1561760608334541,0.625,-8.25,0
Iraq,1914,0,0,5.75,3.25,1.769,2.75,0.1552,6.5,5.0,1.5,1.173,3.333,0.1552424416024421,0.1552424416024421,0.2825792719601195,0.0145457398115534,0.1531343900483419,1.0,-23.875,0
Iraq,1915,0,0,6.75,2.25,3.0,-0.125,0.1134,3.5,6.0,-1.5,1.146,3.533,0.1133647607244598,0.1133647607244598,0.2820753325392032,0.0488620513927536,0.1306366569409985,1.0,-37.5,0
Iraq,1916,0,0,6.75,2.25,3.0,-0.125,0.1134,3.5,6.0,-1.5,1.146,3.533,0.1133647607244598,0.1133647607244598,0.2255488091205822,0.0488620513927536,0.1306366569409985,1.0,-37.5,0
Iraq,1917,0,0,6.75,2.25,3.0,-0.125,0.1134,3.5,6.0,-1.5,1.146,3.533,0.1133647607244598,0.1133647607244598,0.1715355837688852,0.0488620513927536,0.1306366569409985,1.0,-37.5,0
Iraq,1918,0,0,6.75,2.25,3.0,-0.125,0.1134,3.5,6.0,-1.5,1.146,3.533,0.1133647607244598,0.1133647607244598,0.1233817929710875,0.0488620513927536,0.1306366569409985,1.0,-37.5,0
Iraq,1919,0,0,5.75,3.25,1.769,2.75,0.1552,6.5,5.0,1.5,1.173,3.333,0.1552424416024421,0.1552424416024421,0.340553480022599,0.0145457398115534,0.1531343900483419,1.0,-23.875,0
Iraq,1920,0,0,5.75,3.875,1.484,3.938,0.1719,6.5,5.0,3.5,1.173,2.567,0.1719180328879634,0.1719180328879634,0.3348078866228777,0.0091377931644067,0.1720316012607413,1.0,-22.75,0
Iraq,1921,0,0,5.75,3.875,1.484,3.938,0.1719,6.5,5.0,3.5,1.173,2.567,0.1719180328879634,0.1719180328879634,0.252442860595983,0.0091377931644067,0.1720316012607413,1.0,-22.75,0
Iraq,1922,0,0,5.75,3.875,1.484,3.938,0.1719,6.5,5.0,3.5,1.173,2.567,0.1719180328879634,0.1719180328879634,0.1704645371818419,0.0091377931644067,0.1720316012607413,1.0,-22.75,0
Iraq,1923,0,0,5.75,3.875,1.484,3.938,0.1719,6.5,5.0,3.5,1.173,2.567,0.1719180328879634,0.1719180328879634,0.0899366591390175,0.0091377931644067,0.1720316012607413,1.0,-22.75,0
Iraq,1924,0,0,5.75,3.875,1.484,3.938,0.1719,6.5,5.0,3.5,1.173,2.567,0.1719180328879634,0.1719180328879634,0.0286134675858694,0.0091377931644067,0.1720316012607413,1.0,-22.75,0
Iraq,1925,0,0,5.75,3.875,1.484,3.938,0.1719,6.5,5.0,3.5,1.173,2.567,0.1719180328879634,0.1719180328879634,0.0,0.0091377931644067,0.1720316012607413,1.0,-22.75,0
Iraq,1926,0,0,5.75,3.875,1.484,3.938,0.1719,6.5,5.0,3.5,1.173,2.567,0.1719180328879634,0.1719180328879634,0.0,0.0091377931644067,0.1720316012607413,1.0,-22.75,0
Iraq,1927,0,0,5.75,3.875,1.484,3.938,0.1719,6.5,5.0,3.5,1.173,2.567,0.1719180328879634,0.1719180328879634,0.0,0.0091377931644067,0.1720316012607413,1.0,-22.75,0
Iraq,1928,0,0,5.75,3.875,1.484,3.938,0.1719,6.5,5.0,3.5,1.173,2.567,0.1719180328879634,0.1719180328879634,0.0,0.0091377931644067,0.1720316012607413,1.0,-22.75,0
Iraq,1929,0,0,5.75,3.875,1.484,3.938,0.1719,6.5,5.0,3.5,1.173,2.567,0.1719180328879634,0.1719180328879634,0.0,0.0091377931644067,0.1720316012607413,1.0,-22.75,0
Iraq,1930,0,0,5.75,3.875,1.484,3.938,0.1719,6.5,5.0,3.5,1.173,2.567,0.1719180328879634,0.1719180328879634,0.0,0.0091377931644067,0.1720316012607413,1.0,-22.75,0
Iraq,1931,0,0,5.75,3.875,1.484,3.938,0.1719,6.5,5.0,3.5,1.173,2.567,0.1719180328879634,0.1719180328879634,0.0,0.0091377931644067,0.1720316012607413,1.0,-22.75,0
Iraq,1932,0,0,5.75,3.875,1.484,3.938,0.1719,6.5,5.0,3.5,1.173,2.567,0.1719180328879634,0.1719180328879634,0.0,0.0091377931644067,0.1720316012607413,1.0,-22.75,0
Iraq,1933,0,0,5.75,3.875,1.484,3.938,0.1719,6.5,5.0,3.5,1.173,2.567,0.1719180328879634,0.1719180328879634,0.0,0.0091377931644067,0.1720316012607413,1.0,-22.75,0
Iraq,1934,0,0,5.75,3.875,1.484,3.938,0.1719,6.5,5.0,3.5,1.173,2.567,0.1719180328879634,0.1719180328879634,0.0,0.0091377931644067,0.1720316012607413,1.0,-22.75,0
Iraq,1935,0,0,5.75,3.875,1.484,3.938,0.1719,6.5,5.0,3.5,1.173,2.567,0.1719180328879634,0.1719180328879634,0.0,0.0091377931644067,0.1720316012607413,1.0,-22.75,0
Iraq,1936,0,0,5.75,3.875,1.484,3.938,0.1719,6.5,5.0,3.5,1.173,2.567,0.1719180328879634,0.1719180328879634,0.0,0.0091377931644067,0.1720316012607413,1.0,-22.75,0
Iraq,1937,0,0,5.75,3.875,1.484,3.938,0.1719,6.5,5.0,3.5,1.173,2.567,0.1719180328879634,0.1719180328879634,0.0,0.0091377931644067,0.1720316012607413,1.0,-22.75,0
Iraq,1938,1,0,5.75,3.875,1.484,3.938,0.1719,6.5,5.0,3.5,1.173,2.567,0.1719180328879634,0.1719180328879634,0.0,0.0091377931644067,0.1720316012607413,1.0,-22.75,0
Iraq,1939,1,0,6.75,3.375,2.0,1.938,0.1377,4.5,6.0,0.5,1.146,3.633,0.1377460156224145,0.1377460156224145,0.1217080228354468,0.0079272836499586,0.14025256028702,1.0,-36.75,1
Iraq,1940,1,0,6.75,3.375,2.0,1.938,0.1377,4.5,6.0,0.5,1.146,3.633,0.1377460156224145,0.1377460156224145,0.0973664182683574,0.0079272836499586,0.14025256028702,1.0,-36.75,1
Iraq,1941,0,1,6.75,3.375,2.0,1.938,0.1377,4.5,6.0,0.5,1.146,3.633,0.1377460156224145,0.1377460156224145,0.0730248137012681,0.0079272836499586,0.14025256028702,1.0,-36.75,1
Iraq,1942,0,0,6.75,3.375,2.0,1.938,0.1377,4.5,6.0,0.5,1.146,3.633,0.1377460156224145,0.1377460156224145,0.0486832091341787,0.0079272836499586,0.14025256028702,1.0,-36.75,0
Iraq,1943,0,0,5.75,4.0,1.438,4.188,0.1752,6.5,5.0,3.5,1.173,2.967,0.1752321286056434,0.1752321286056434,0.1616249227520084,0.0130663489780259,0.1751466135438812,1.0,-21.625,0
Iraq,1944,0,0,5.75,4.0,1.438,4.188,0.1752,6.5,5.0,3.5,1.173,2.967,0.1752321286056434,0.1752321286056434,0.1375802555006824,0.0130663489780259,0.1751466135438812,1.0,-21.625,0
Iraq,1945,0,0,5.75,4.0,1.438,4.188,0.1752,6.5,5.0,3.5,1.173,2.967,0.1752321286056434,0.1752321286056434,0.1031851916255118,0.0130663489780259,0.1751466135438812,1.0,-21.625,0
Iraq,1946,0,0,5.75,4.0,1.438,4.188,0.1752,6.5,5.0,3.5,1.173,2.967,0.1752321286056434,0.1752321286056434,0.0687901277503412,0.0130663489780259,0.1751466135438812,1.0,-21.625,0
Iraq,1947,0,0,5.75,4.0,1.438,4.188,0.1752,6.5,5.0,3.5,1.173,2.967,0.1752321286056434,0.1752321286056434,0.0343950638751706,0.0130663489780259,0.1751466135438812,1.0,-21.625,0
Iraq,1948,0,0,5.75,4.0,1.438,4.188,0.1752,6.5,5.0,3.5,1.173,2.967,0.1752321286056434,0.1752321286056434,0.0,0.0130663489780259,0.1751466135438812,1.0,-21.625,0
Iraq,1949,0,0,5.75,4.0,1.438,4.188,0.1752,6.5,5.0,3.5,1.173,2.967,0.1752321286056434,0.1752321286056434,0.0,0.0130663489780259,0.1751466135438812,1.0,-21.625,0
Iraq,1950,0,0,5.75,4.0,1.438,4.188,0.1752,6.5,5.0,3.5,1.173,2.967,0.1752321286056434,0.1752321286056434,0.0,0.0130663489780259,0.1751466135438812,1.0,-21.625,0
Iraq,1951,0,0,5.75,4.0,1.438,4.188,0.1752,6.5,5.0,3.5,1.173,2.967,0.1752321286056434,0.1752321286056434,0.0,0.0130663489780259,0.1751466135438812,1.0,-21.625,0
Iraq,1952,0,0,5.75,4.0,1.438,4.188,0.1752,6.5,5.0,3.5,1.173,2.967,0.1752321286056434,0.1752321286056434,0.0,0.0130663489780259,0.1751466135438812,1.0,-21.625,0
Iraq,1953,0,0,5.75,4.0,1.438,4.188,0.1752,6.5,5.0,3.5,1.173,2.967,0.1752321286056434,0.1752321286056434,0.0,0.0130663489780259,0.1751466135438812,1.0,-21.625,0
Iraq,1954,0,0,5.75,4.0,1.438,4.188,0.1752,6.5,5.0,3.5,1.173,2.967,0.1752321286056434,0.1752321286056434,0.0,0.0130663489780259,0.1751466135438812,1.0,-21.625,0
Iraq,1955,1,0,5.75,4.0,1.438,4.188,0.1752,6.5,5.0,3.5,1.173,2.967,0.1752321286056434,0.1752321286056434,0.0,0.0130663489780259,0.1751466135438812,1.0,-21.625,0
Iraq,1956,1,0,7.75,2.5,3.1,-0.938,0.0991,1.5,7.0,-2.5,1.126,3.3,0.0990852957500053,0.0990852957500053,0.3743795279370456,0.0280995858349696,0.1081140772039317,1.0,-44.625,1
Iraq,1957,1,0,6.75,3.0,2.25,1.312,0.132,3.5,6.0,0.5,1.146,2.633,0.1320197828979437,0.1320197828979437,0.1584687971485128,0.0176517047433015,0.1384394526013411,1.0,-40.875,1
Iraq,1958,0,1,6.75,3.0,2.25,1.312,0.132,3.5,6.0,0.5,1.146,2.633,0.1320197828979437,0.1320197828979437,0.1136169307096345,0.0176517047433015,0.1384394526013411,1.0,-40.875,1
Iraq,1959,0,0,6.75,3.0,2.25,1.312,0.132,3.5,6.0,0.5,1.146,2.633,0.1320197828979437,0.1320197828979437,0.0696881247972164,0.0176517047433015,0.1384394526013411,1.0,-40.875,0
Iraq,1960,0,0,6.75,3.0,2.25,1.312,0.132,3.5,6.0,0.5,1.146,2.633,0.1320197828979437,0.1320197828979437,0.0309070065085576,0.0176517047433015,0.1384394526013411,1.0,-40.875,0
Iraq,1961,0,0,7.75,2.75,2.818,-0.562,0.1015,1.5,7.0,-1.5,1.126,3.9,0.1014537984638206,0.1014537984638206,0.168030551944979,0.0309586388647574,0.1112987828230539,1.0,-44.25,0
Iraq,1962,0,0,6.75,3.0,2.25,1.312,0.132,3.5,6.0,0.5,1.146,2.633,0.1320197828979437,0.1320197828979437,0.0401019870402943,0.0176517047433015,0.1384394526013411,1.0,-40.875,0
Iraq,1963,0,0,6.75,3.0,2.25,1.312,0.132,3.5,6.0,0.5,1.146,2.633,0.1320197828979437,0.1320197828979437,0.0401019870402943,0.0176517047433015,0.1384394526013411,1.0,-40.875,0
Iraq,1964,0,0,6.75,3.0,2.25,1.312,0.132,3.5,6.0,0.5,1.146,2.633,0.1320197828979437,0.1320197828979437,0.0401019870402943,0.0176517047433015,0.1384394526013411,1.0,-40.875,0
Iraq,1965,1,0,6.75,3.0,2.25,1.312,0.132,3.5,6.0,0.5,1.146,2.633,0.1320197828979437,0.1320197828979437,0.0401019870402943,0.0176517047433015,0.1384394526013411,1.0,-40.875,0
Iraq,1966,1,0,6.75,3.0,2.25,1.312,0.132,3.5,6.0,0.5,1.146,2.633,0.1320197828979437,0.1320197828979437,0.0401019870402943,0.0176517047433015,0.1384394526013411,1.0,-40.875,1
Iraq,1967,1,0,5.75,4.0,1.438,4.062,0.1721,6.5,5.0,3.5,1.173,2.767,0.1720773854927375,0.1720773854927375,0.2662624606384767,0.0127082314033655,0.170444338421583,1.0,-21.0,1
Iraq,1968,0,1,5.75,4.0,1.438,4.062,0.1721,6.5,5.0,3.5,1.173,2.767,0.1720773854927375,0.1720773854927375,0.2130099685107813,0.0127082314033655,0.170444338421583,1.0,-21.0,1
Iraq,1969,0,0,5.75,4.0,1.438,4.062,0.1721,6.5,5.0,3.5,1.173,2.767,0.1720773854927375,0.1720773854927375,0.159757476383086,0.0127082314033655,0.170444338421583,1.0,-21.0,0
Iraq,1970,0,0,5.75,4.0,1.438,4.062,0.1721,6.5,5.0,3.5,1.173,2.767,0.1720773854927375,0.1720773854927375,0.1065049842553906,0.0127082314033655,0.170444338421583,1.0,-21.0,0
Iraq,1971,0,0,4.75,4.875,0.974,6.938,0.229,9.5,4.0,6.5,1.212,2.567,0.2290226381172216,0.2290226381172216,0.2445705284159388,0.3538820579002271,0.2374726735164435,0.125,5.875,0
Iraq,1972,0,0,4.75,4.875,0.974,7.312,0.2449,9.5,4.0,7.0,1.212,2.367,0.2448922191668244,0.2448922191668244,0.1943805841065649,0.3383738608072376,0.2473396209093656,0.125,6.25,0
Iraq,1973,0,0,4.75,4.875,0.974,7.312,0.2449,9.5,4.0,7.0,1.212,2.367,0.2448922191668244,0.2448922191668244,0.1469656547614574,0.3383738608072376,0.2473396209093656,0.125,6.25,0
Iraq,1974,0,0,4.75,4.875,0.974,7.312,0.2449,9.5,4.0,7.0,1.212,2.367,0.2448922191668244,0.2448922191668244,0.1002779212813976,0.3383738608072376,0.2473396209093656,0.125,6.25,0
Iraq,1975,0,0,4.75,5.75,0.826,8.688,0.2599,10.5,4.0,9.0,1.212,2.433,0.259921923595351,0.259921923595351,0.4632388078775387,0.0388070517270822,0.2692993987295496,0.125,28.625,0
Iraq,1976,0,0,4.75,5.75,0.826,8.688,0.2599,10.5,4.0,9.0,1.212,2.433,0.259921923595351,0.259921923595351,0.3338780021094009,0.0388070517270822,0.2692993987295496,0.125,28.625,0
Iraq,1977,1,0,4.75,5.75,0.826,8.688,0.2599,10.5,4.0,9.0,1.212,2.433,0.259921923595351,0.259921923595351,0.2586609894392086,0.0388070517270822,0.2692993987295496,0.125,28.625,0
Iraq,1978,1,0,5.75,5.75,1.0,7.688,0.2263,9.5,5.0,8.0,1.173,2.433,0.2262751769989449,0.2262751769989449,0.385922968396577,0.3433305731601123,0.2155176351528382,0.125,5.25,1
Iraq,1979,1,0,6.75,4.875,1.385,5.188,0.1827,6.5,6.0,5.0,1.146,2.167,0.1827232272400317,0.1827232272400317,0.6240957003628951,0.0222394420596234,0.1786499285795833,1.0,-35.875,1
Iraq,1980,0,1,6.75,4.875,1.385,5.188,0.1827,6.5,6.0,5.0,1.146,2.167,0.1827232272400317,0.1827232272400317,0.5456418289463781,0.0222394420596234,0.1786499285795833,1.0,-35.875,1
Iraq,1981,0,0,6.75,4.875,1.385,5.188,0.1827,6.5,6.0,5.0,1.146,2.167,0.1827232272400317,0.1827232272400317,0.3821085318384463,0.0222394420596234,0.1786499285795833,1.0,-35.875,0
Iraq,1982,0,0,6.75,4.875,1.385,5.188,0.1827,6.5,6.0,5.0,1.146,2.167,0.1827232272400317,0.1827232272400317,0.2187276180666256,0.0222394420596234,0.1786499285795833,1.0,-35.875,0
Iraq,1983,0,0,6.75,4.875,1.385,5.188,0.1827,6.5,6.0,5.0,1.146,2.167,0.1827232272400317,0.1827232272400317,0.0568289354118892,0.0222394420596234,0.1786499285795833,1.0,-35.875,0
Iraq,1984,0,0,6.75,4.875,1.385,5.188,0.1827,6.5,6.0,5.0,1.146,2.167,0.1827232272400317,0.1827232272400317,0.0,0.0222394420596234,0.1786499285795833,1.0,-35.875,0
Iraq,1985,0,0,6.75,4.875,1.385,5.188,0.1827,6.5,6.0,5.0,1.146,2.167,0.1827232272400317,0.1827232272400317,0.0,0.0222394420596234,0.1786499285795833,1.0,-35.875,0
Iraq,1986,0,0,6.75,4.875,1.385,5.188,0.1827,6.5,6.0,5.0,1.146,2.167,0.1827232272400317,0.1827232272400317,0.0,0.0222394420596234,0.1786499285795833,1.0,-35.875,0
Iraq,1987,1,0,5.75,4.875,1.179,6.188,0.2099,7.5,5.0,6.0,1.173,2.167,0.2098938705503739,0.2098938705503739,0.2893782303856209,0.2406251757005706,0.1908085905913853,0.625,-15.125,0
Iraq,1988,1,0,5.75,4.875,1.179,6.188,0.2099,7.5,5.0,6.0,1.173,2.167,0.2098938705503739,0.2098938705503739,0.2315025843084967,0.2406251757005706,0.1908085905913853,0.625,-15.125,1
Iraq,1989,1,0,6.75,4.0,1.688,3.312,0.1591,4.5,6.0,3.0,1.146,2.367,0.159061132981101,0.159061132981101,0.2101641156545649,0.0038633793039319,0.1574372005787447,1.0,-42.625,1
Iraq,1990,0,1,6.75,4.0,1.688,3.312,0.1591,4.5,6.0,3.0,1.146,2.367,0.159061132981101,0.159061132981101,0.1712688235713763,0.0038633793039319,0.1574372005787447,1.0,-42.625,1
Iraq,1991,0,0,6.75,4.0,1.688,3.312,0.1591,4.5,6.0,3.0,1.146,2.367,0.159061132981101,0.159061132981101,0.13725151274031,0.0038633793039319,0.1574372005787447,1.0,-42.625,0
Iraq,1992,0,0,6.75,4.0,1.688,3.312,0.1591,4.5,6.0,3.0,1.146,2.367,0.159061132981101,0.159061132981101,0.1126226397080359,0.0038633793039319,0.1574372005787447,1.0,-42.625,0
Iraq,1993,0,0,6.75,4.0,1.688,3.312,0.1591,4.5,6.0,3.0,1.146,2.367,0.159061132981101,0.159061132981101,0.0563113198540179,0.0038633793039319,0.1574372005787447,1.0,-42.625,0
Iraq,1994,0,0,6.75,4.0,1.688,3.312,0.1591,4.5,6.0,3.0,1.146,2.367,0.159061132981101,0.159061132981101,0.0,0.0038633793039319,0.1574372005787447,1.0,-42.625,0
Iraq,1995,0,0,6.75,4.0,1.688,3.312,0.1591,4.5,6.0,3.0,1.146,2.367,0.159061132981101,0.159061132981101,0.0,0.0038633793039319,0.1574372005787447,1.0,-42.625,0
Iraq,1996,0,0,6.75,4.0,1.688,3.312,0.1591,4.5,6.0,3.0,1.146,2.367,0.159061132981101,0.159061132981101,0.0,0.0038633793039319,0.1574372005787447,1.0,-42.625,0
Iraq,1997,0,0,6.75,4.0,1.688,3.312,0.1591,4.5,6.0,3.0,1.146,2.367,0.159061132981101,0.159061132981101,0.0,0.0038633793039319,0.1574372005787447,1.0,-42.625,0
Iraq,1998,0,0,6.75,4.0,1.688,3.312,0.1591,4.5,6.0,3.0,1.146,2.367,0.159061132981101,0.159061132981101,0.0,0.0038633793039319,0.1574372005787447,1.0,-42.625,0
Iraq,1999,0,0,6.75,4.0,1.688,3.312,0.1591,4.5,6.0,3.0,1.146,2.367,0.159061132981101,0.159061132981101,0.0,0.0038633793039319,0.1574372005787447,1.0,-42.625,0
Iraq,2000,1,0,7.75,3.0,2.583,0.438,0.1203,1.5,7.0,0.0,1.126,2.567,0.120285209667109,0.120285209667109,0.2108853646247738,0.00752406635062,0.1236847754770627,1.0,-59.25,0
Iraq,2001,1,0,8.75,2.0,4.375,-2.562,0.0867,-1.5,8.0,-3.0,1.111,2.567,0.0866753127579214,0.0866753127579214,0.3260467368916897,0.0212223603733883,0.0920641820956261,1.0,-58.125,1
Iraq,2002,1,0,7.75,3.0,2.583,0.438,0.1203,1.5,7.0,0.0,1.126,2.567,0.120285209667109,0.120285209667109,0.0972680235283997,0.00752406635062,0.1236847754770627,1.0,-59.25,1
Iraq,2003,1,1,7.75,3.0,2.583,0.438,0.1203,1.5,7.0,0.0,1.126,2.567,0.120285209667109,0.120285209667109,0.0557619380561311,0.00752406635062,0.1236847754770627,1.0,-59.25,1
Iraq,2004,1,0,7.75,3.0,2.583,0.438,0.1203,1.5,7.0,0.0,1.126,2.567,0.120285209667109,0.120285209667109,0.0177631650182112,0.00752406635062,0.1236847754770627,1.0,-59.25,1
Iraq,2005,1,0,7.75,3.0,2.583,0.438,0.1203,1.5,7.0,0.0,1.126,2.567,0.120285209667109,0.120285209667109,0.0328553996808211,0.00752406635062,0.1236847754770627,1.0,-59.25,1
Iraq,2006,0,1,7.75,3.0,2.583,0.438,0.1203,1.5,7.0,0.0,1.126,2.567,0.120285209667109,0.120285209667109,0.0328553996808211,0.00752406635062,0.1236847754770627,1.0,-59.25,1
Iraq,2007,0,0,6.75,3.0,2.25,1.438,0.1382,2.5,6.0,1.0,1.146,2.567,0.1381714224750816,0.1381714224750816,0.0460273744533685,0.0058312647492039,0.1409784044295818,1.0,-46.125,0
Iraq,2008,0,0,6.75,4.0,1.688,3.312,0.1591,4.5,6.0,3.0,1.146,2.367,0.159061132981101,0.159061132981101,0.2024670537253862,0.0038633793039319,0.1574372005787447,1.0,-42.625,0
Iraq,2009,0,0,6.75,4.0,1.688,3.312,0.1591,4.5,6.0,3.0,1.146,2.367,0.159061132981101,0.159061132981101,0.1602986353869411,0.0038633793039319,0.1574372005787447,1.0,-42.625,0
Iraq,2010,0,0,6.75,4.0,1.688,3.312,0.1591,4.5,6.0,3.0,1.146,2.367,0.159061132981101,0.159061132981101,0.1181363962994744,0.0038633793039319,0.1574372005787447,1.0,-42.625,0
Iraq,2011,1,0,6.75,4.0,1.688,3.312,0.1591,4.5,6.0,3.0,1.146,2.367,0.159061132981101,0.159061132981101,0.0759906225489129,0.0038633793039319,0.1574372005787447,1.0,-42.625,0
Iraq,2012,1,0,6.75,4.0,1.688,3.312,0.1591,4.5,6.0,3.0,1.146,2.367,0.159061132981101,0.159061132981101,0.0339227395879245,0.0038633793039319,0.1574372005787447,1.0,-42.625,1
Iraq,2013,1,0,6.75,4.0,1.688,3.312,0.1591,4.5,6.0,3.0,1.146,2.367,0.159061132981101,0.159061132981101,0.0,0.0038633793039319,0.1574372005787447,1.0,-42.625,1
Iraq,2014,0,1,6.75,4.0,1.688,3.312,0.1591,4.5,6.0,3.0,1.146,2.367,0.159061132981101,0.159061132981101,0.0,0.0038633793039319,0.1574372005787447,1.0,-42.625,1
Iraq,2015,0,0,6.75,4.0,1.688,3.312,0.1591,4.5,6.0,3.0,1.146,2.367,0.159061132981101,0.159061132981101,0.0,0.0038633793039319,0.1574372005787447,1.0,-42.625,0
Iraq,2016,0,0,6.75,4.0,1.688,3.312,0.1591,4.5,6.0,3.0,1.146,2.367,0.159061132981101,0.159061132981101,0.0,0.0038633793039319,0.1574372005787447,1.0,-42.625,0
Iraq,2017,0,0,6.75,4.0,1.688,3.312,0.1591,4.5,6.0,3.0,1.146,2.367,0.159061132981101,0.159061132981101,0.0,0.0038633793039319,0.1574372005787447,1.0,-42.625,0
Iraq,2018,0,0,6.75,4.0,1.688,3.312,0.1591,4.5,6.0,3.0,1.146,2.367,0.159061132981101,0.159061132981101,0.0,0.0038633793039319,0.1574372005787447,1.0,-42.625,0
Iraq,2019,0,0,6.75,4.0,1.688,3.312,0.1591,4.5,6.0,3.0,1.146,2.367,0.159061132981101,0.159061132981101,0.0,0.0038633793039319,0.1574372005787447,1.0,-42.625,0
Iraq,2020,0,0,5.75,4.875,1.179,6.188,0.2099,7.5,5.0,6.0,1.173,2.167,0.2098938705503739,0.2098938705503739,0.2815565992700897,0.2406251757005706,0.1908085905913853,0.625,-15.125,0
Iraq,2021,0,0,5.75,4.875,1.179,6.188,0.2099,7.5,5.0,6.0,1.173,2.167,0.2098938705503739,0.2098938705503739,0.2252452794160718,0.2406251757005706,0.1908085905913853,0.625,-15.125,0
Iraq,2022,0,0,5.75,4.875,1.179,6.188,0.2099,7.5,5.0,6.0,1.173,2.167,0.2098938705503739,0.2098938705503739,0.1689339595620538,0.2406251757005706,0.1908085905913853,0.625,-15.125,0
Iraq,2023,0,0,5.75,4.875,1.179,6.188,0.2099,7.5,5.0,6.0,1.173,2.167,0.2098938705503739,0.2098938705503739,0.1126226397080358,0.2406251757005706,0.1908085905913853,0.625,-15.125,0
Israel,1946,1,0,6.75,4.875,1.385,5.75,0.1996,9.5,5.0,6.0,1.146,4.133,0.1996156778663949,0.1996156778663949,,0.1693749787130127,0.1802271923585975,0.625,-32.375,0
Israel,1947,1,0,6.625,5.75,1.152,8.0,0.2358,10.5,6.0,9.5,1.094,3.2,0.2357860239036533,0.2357860239036533,,0.0827937347071899,0.2234687057697219,0.625,-19.875,0
Israel,1948,0,1,5.625,6.625,0.849,11.188,0.3111,14.0,5.0,13.0,1.111,2.7,0.3111347293518889,0.3111347293518889,,0.1973121623666782,0.3532649491385378,0.125,55.375,0
Israel,1949,0,0,4.75,7.375,0.644,13.562,0.3772,16.0,4.0,15.0,1.087,1.967,0.3771744444132872,0.3771744444132872,,0.0565498144216791,0.3981049750368354,0.0,143.5,0
Israel,1950,0,0,4.5,7.375,0.61,13.812,0.3904,16.0,4.0,16.0,1.19,2.367,0.3903540597727754,0.3903540597727754,,0.047352396600912,0.4096488977112504,0.0,157.625,0
Israel,1951,0,0,4.5,7.375,0.61,13.812,0.3904,16.0,4.0,16.0,1.19,2.367,0.3903540597727754,0.3903540597727754,0.1444060449381557,0.047352396600912,0.4096488977112504,0.0,157.625,0
Israel,1952,0,0,4.5,7.375,0.61,13.812,0.3904,16.0,4.0,16.0,1.19,2.367,0.3903540597727754,0.3903540597727754,0.1356631442679501,0.047352396600912,0.4096488977112504,0.0,157.625,0
Israel,1953,0,0,4.5,7.375,0.61,13.812,0.3904,16.0,4.0,16.0,1.19,2.367,0.3903540597727754,0.3903540597727754,0.1140475192598088,0.047352396600912,0.4096488977112504,0.0,157.625,0
Israel,1954,0,0,4.5,7.375,0.61,13.812,0.3904,16.0,4.0,16.0,1.19,2.367,0.3903540597727754,0.3903540597727754,0.047061700765214,0.047352396600912,0.4096488977112504,0.0,157.625,0
Israel,1955,0,0,4.5,7.375,0.61,13.812,0.3904,16.0,4.0,16.0,1.19,2.367,0.3903540597727754,0.3903540597727754,0.0,0.047352396600912,0.4096488977112504,0.0,157.625,0
Israel,1956,0,0,4.5,7.375,0.61,13.812,0.3904,16.0,4.0,16.0,1.19,2.367,0.3903540597727754,0.3903540597727754,0.0,0.047352396600912,0.4096488977112504,0.0,157.625,0
Israel,1957,0,0,4.5,7.375,0.61,13.812,0.3904,16.0,4.0,16.0,1.19,2.367,0.3903540597727754,0.3903540597727754,0.0,0.047352396600912,0.4096488977112504,0.0,157.625,0
Israel,1958,0,0,4.5,7.375,0.61,13.812,0.3904,16.0,4.0,16.0,1.19,2.367,0.3903540597727754,0.3903540597727754,0.0,0.047352396600912,0.4096488977112504,0.0,157.625,0
Israel,1959,0,0,4.5,7.375,0.61,13.812,0.3904,16.0,4.0,16.0,1.19,2.367,0.3903540597727754,0.3903540597727754,0.0,0.047352396600912,0.4096488977112504,0.0,157.625,0
Israel,1960,0,0,4.5,7.375,0.61,13.812,0.3904,16.0,4.0,16.0,1.19,2.367,0.3903540597727754,0.3903540597727754,0.0,0.047352396600912,0.4096488977112504,0.0,157.625,0
Israel,1961,0,0,4.5,7.375,0.61,13.812,0.3904,16.0,4.0,16.0,1.19,2.367,0.3903540597727754,0.3903540597727754,0.0,0.047352396600912,0.4096488977112504,0.0,157.625,0
Israel,1962,0,0,4.5,7.375,0.61,13.812,0.3904,16.0,4.0,16.0,1.19,2.367,0.3903540597727754,0.3903540597727754,0.0,0.047352396600912,0.4096488977112504,0.0,157.625,0
Israel,1963,0,0,4.5,7.375,0.61,13.812,0.3904,16.0,4.0,16.0,1.19,2.367,0.3903540597727754,0.3903540597727754,0.0,0.047352396600912,0.4096488977112504,0.0,157.625,0
Israel,1964,1,0,4.5,7.375,0.61,13.812,0.3904,16.0,4.0,16.0,1.19,2.367,0.3903540597727754,0.3903540597727754,0.0,0.047352396600912,0.4096488977112504,0.0,157.625,0
Israel,1965,1,0,4.625,7.875,0.587,14.688,0.3995,16.0,4.0,16.0,1.136,0.567,0.3994817729757227,0.3994817729757227,0.3434076367271453,0.0195437663686766,0.4092453403996029,0.0,185.25,0
Israel,1966,1,0,4.625,7.875,0.587,14.688,0.3995,16.0,4.0,16.0,1.136,0.567,0.3994817729757227,0.3994817729757227,0.2747261093817162,0.0195437663686766,0.4092453403996029,0.0,185.25,0
Israel,1967,0,1,5.625,7.875,0.714,13.688,0.3478,15.0,5.0,15.0,1.111,0.567,0.3477690824905498,0.3477690824905498,0.2706951161743377,0.0338955194896354,0.358883093039444,0.0,129.125,0
Israel,1968,0,0,5.625,7.875,0.714,13.688,0.3478,15.0,5.0,15.0,1.111,0.567,0.3477690824905498,0.3477690824905498,0.192244469023624,0.0338955194896354,0.358883093039444,0.0,129.125,0
Israel,1969,0,0,5.625,7.875,0.714,13.688,0.3478,15.0,5.0,15.0,1.111,0.567,0.3477690824905498,0.3477690824905498,0.1155779266654328,0.0338955194896354,0.358883093039444,0.0,129.125,0
Israel,1970,1,0,6.625,7.875,0.841,12.688,0.3028,14.0,6.0,14.0,1.094,0.567,0.3027505706591245,0.3027505706591245,0.1989630502142655,0.1046118925940721,0.3185284855136699,0.0,73.0,0
Israel,1971,1,0,6.625,7.875,0.841,12.688,0.3028,14.0,6.0,14.0,1.094,0.567,0.3027505706591245,0.3027505706591245,0.1563642995991059,0.1046118925940721,0.3185284855136699,0.0,73.0,1
Israel,1972,1,0,6.625,7.875,0.841,12.688,0.3028,14.0,6.0,14.0,1.094,0.567,0.3027505706591245,0.3027505706591245,0.1144969208854972,0.1046118925940721,0.3185284855136699,0.0,73.0,1
Israel,1973,0,1,8.0,7.0,1.143,9.375,0.2276,9.5,8.0,9.5,1.0,0.067,0.2275735244803313,0.2275735244803313,0.32275860952335,0.0010156272731232,0.2278949880922796,1.0,-47.25,1
Israel,1974,0,0,8.0,7.0,1.143,9.375,0.2276,9.5,8.0,9.5,1.0,0.067,0.2275735244803313,0.2275735244803313,0.2726228010402541,0.0010156272731232,0.2278949880922796,1.0,-47.25,0
Israel,1975,0,0,8.0,7.0,1.143,9.375,0.2276,9.5,8.0,9.5,1.0,0.067,0.2275735244803313,0.2275735244803313,0.2242584891300866,0.0010156272731232,0.2278949880922796,1.0,-47.25,0
Israel,1976,0,0,8.0,7.0,1.143,9.375,0.2276,9.5,8.0,9.5,1.0,0.067,0.2275735244803313,0.2275735244803313,0.1495056594200578,0.0010156272731232,0.2278949880922796,1.0,-47.25,0
Israel,1977,0,0,8.0,7.0,1.143,9.375,0.2276,9.5,8.0,9.5,1.0,0.067,0.2275735244803313,0.2275735244803313,0.0747528297100289,0.0010156272731232,0.2278949880922796,1.0,-47.25,0
Israel,1978,0,0,8.0,7.0,1.143,9.375,0.2276,9.5,8.0,9.5,1.0,0.067,0.2275735244803313,0.2275735244803313,0.0,0.0010156272731232,0.2278949880922796,1.0,-47.25,0
Israel,1979,0,0,8.0,7.0,1.143,9.375,0.2276,9.5,8.0,9.5,1.0,0.067,0.2275735244803313,0.2275735244803313,0.0,0.0010156272731232,0.2278949880922796,1.0,-47.25,0
Israel,1980,0,0,7.0,7.0,1.0,10.375,0.2614,10.5,7.0,10.5,1.0,0.067,0.2614133332114342,0.2614133332114342,,1.0,,0.0,0.0,0
Israel,1981,0,0,7.0,7.0,1.0,10.375,0.2614,10.5,7.0,10.5,1.0,0.067,0.2614133332114342,0.2614133332114342,,1.0,,0.0,0.0,0
Israel,1982,0,0,7.0,7.0,1.0,10.375,0.2614,10.5,7.0,10.5,1.0,0.067,0.2614133332114342,0.2614133332114342,,1.0,,0.0,0.0,0
Israel,1983,0,0,7.0,7.0,1.0,10.375,0.2614,10.5,7.0,10.5,1.0,0.067,0.2614133332114342,0.2614133332114342,,1.0,,0.0,0.0,0
Israel,1984,0,0,7.0,7.0,1.0,10.375,0.2614,10.5,7.0,10.5,1.0,0.067,0.2614133332114342,0.2614133332114342,,1.0,,0.0,0.0,0
Israel,1985,0,0,7.0,7.0,1.0,10.375,0.2614,10.5,7.0,10.5,1.0,0.067,0.2614133332114342,0.2614133332114342,,1.0,,0.0,0.0,0
Israel,1986,0,0,7.0,7.0,1.0,10.375,0.2614,10.5,7.0,10.5,1.0,0.067,0.2614133332114342,0.2614133332114342,,1.0,,0.0,0.0,0
Israel,1987,0,0,7.0,7.0,1.0,10.375,0.2614,10.5,7.0,10.5,1.0,0.067,0.2614133332114342,0.2614133332114342,,1.0,,0.0,0.0,0
Israel,1988,0,0,7.0,7.0,1.0,10.375,0.2614,10.5,7.0,10.5,1.0,0.067,0.2614133332114342,0.2614133332114342,,1.0,,0.0,0.0,0
Israel,1989,0,0,7.0,7.0,1.0,10.375,0.2614,10.5,7.0,10.5,1.0,0.067,0.2614133332114342,0.2614133332114342,,1.0,,0.0,0.0,0
Israel,1990,0,0,7.0,7.0,1.0,10.375,0.2614,10.5,7.0,10.5,1.0,0.067,0.2614133332114342,0.2614133332114342,,1.0,,0.0,0.0,0
Israel,1991,0,0,7.0,7.0,1.0,10.375,0.2614,10.5,7.0,10.5,1.0,0.067,0.2614133332114342,0.2614133332114342,,1.0,,0.0,0.0,0
Israel,1992,0,0,7.0,7.0,1.0,10.375,0.2614,10.5,7.0,10.5,1.0,0.067,0.2614133332114342,0.2614133332114342,,1.0,,0.0,0.0,0
Israel,1993,0,0,7.0,7.0,1.0,10.375,0.2614,10.5,7.0,10.5,1.0,0.067,0.2614133332114342,0.2614133332114342,,1.0,,0.0,0.0,0
Israel,1994,0,0,7.0,7.0,1.0,10.375,0.2614,10.5,7.0,10.5,1.0,0.067,0.2614133332114342,0.2614133332114342,,1.0,,0.0,0.0,0
Israel,1995,0,0,7.0,7.0,1.0,10.375,0.2614,10.5,7.0,10.5,1.0,0.067,0.2614133332114342,0.2614133332114342,,1.0,,0.0,0.0,0
Israel,1996,0,0,7.0,7.0,1.0,10.375,0.2614,10.5,7.0,10.5,1.0,0.067,0.2614133332114342,0.2614133332114342,,1.0,,0.0,0.0,0
Israel,1997,0,0,7.0,7.0,1.0,10.375,0.2614,10.5,7.0,10.5,1.0,0.067,0.2614133332114342,0.2614133332114342,,1.0,,0.0,0.0,0
Israel,1998,0,0,7.0,7.0,1.0,10.375,0.2614,10.5,7.0,10.5,1.0,0.067,0.2614133332114342,0.2614133332114342,,1.0,,0.0,0.0,0
Israel,1999,0,0,7.0,7.0,1.0,10.375,0.2614,10.5,7.0,10.5,1.0,0.067,0.2614133332114342,0.2614133332114342,,1.0,,0.0,0.0,0
Israel,2000,0,0,7.0,7.0,1.0,10.375,0.2614,10.5,7.0,10.5,1.0,0.067,0.2614133332114342,0.2614133332114342,,1.0,,0.0,0.0,0
Israel,2001,0,0,7.0,7.0,1.0,10.375,0.2614,10.5,7.0,10.5,1.0,0.067,0.2614133332114342,0.2614133332114342,,1.0,,0.0,0.0,0
Israel,2002,0,0,7.0,7.0,1.0,10.375,0.2614,10.5,7.0,10.5,1.0,0.067,0.2614133332114342,0.2614133332114342,,1.0,,0.0,0.0,0
Israel,2003,0,0,7.0,7.0,1.0,10.375,0.2614,10.5,7.0,10.5,1.0,0.067,0.2614133332114342,0.2614133332114342,,1.0,,0.0,0.0,0
Israel,2004,0,0,7.0,7.0,1.0,10.375,0.2614,10.5,7.0,10.5,1.0,0.067,0.2614133332114342,0.2614133332114342,,1.0,,0.0,0.0,0
Israel,2005,0,0,7.0,7.0,1.0,10.375,0.2614,10.5,7.0,10.5,1.0,0.067,0.2614133332114342,0.2614133332114342,,1.0,,0.0,0.0,0
Israel,2006,0,0,7.0,7.0,1.0,10.375,0.2614,10.5,7.0,10.5,1.0,0.067,0.2614133332114342,0.2614133332114342,,1.0,,0.0,0.0,0
Israel,2007,0,0,7.0,7.0,1.0,10.375,0.2614,10.5,7.0,10.5,1.0,0.067,0.2614133332114342,0.2614133332114342,,1.0,,0.0,0.0,0
Israel,2008,0,0,7.0,7.0,1.0,10.375,0.2614,10.5,7.0,10.5,1.0,0.067,0.2614133332114342,0.2614133332114342,,1.0,,0.0,0.0,0
Israel,2009,0,0,7.0,7.0,1.0,10.375,0.2614,10.5,7.0,10.5,1.0,0.067,0.2614133332114342,0.2614133332114342,,1.0,,0.0,0.0,0
Israel,2010,0,0,7.0,7.0,1.0,10.375,0.2614,10.5,7.0,10.5,1.0,0.067,0.2614133332114342,0.2614133332114342,,1.0,,0.0,0.0,0
Israel,2011,0,0,7.0,7.0,1.0,10.375,0.2614,10.5,7.0,10.5,1.0,0.067,0.2614133332114342,0.2614133332114342,,1.0,,0.0,0.0,0
Israel,2012,0,0,7.0,7.0,1.0,10.375,0.2614,10.5,7.0,10.5,1.0,0.067,0.2614133332114342,0.2614133332114342,,1.0,,0.0,0.0,0
Israel,2013,0,0,7.0,7.0,1.0,10.375,0.2614,10.5,7.0,10.5,1.0,0.067,0.2614133332114342,0.2614133332114342,,1.0,,0.0,0.0,0
Israel,2014,0,0,7.0,7.0,1.0,10.375,0.2614,10.5,7.0,10.5,1.0,0.067,0.2614133332114342,0.2614133332114342,,1.0,,0.0,0.0,0
Israel,2015,0,0,7.0,7.0,1.0,10.375,0.2614,10.5,7.0,10.5,1.0,0.067,0.2614133332114342,0.2614133332114342,,1.0,,0.0,0.0,0
Israel,2016,0,0,7.0,7.0,1.0,10.375,0.2614,10.5,7.0,10.5,1.0,0.067,0.2614133332114342,0.2614133332114342,,1.0,,0.0,0.0,0
Israel,2017,0,0,7.0,7.0,1.0,10.375,0.2614,10.5,7.0,10.5,1.0,0.067,0.2614133332114342,0.2614133332114342,,1.0,,0.0,0.0,0
Israel,2018,0,0,7.0,7.0,1.0,10.375,0.2614,10.5,7.0,10.5,1.0,0.067,0.2614133332114342,0.2614133332114342,,1.0,,0.0,0.0,0
Israel,2019,0,0,7.0,7.0,1.0,10.375,0.2614,10.5,7.0,10.5,1.0,0.067,0.2614133332114342,0.2614133332114342,,1.0,,0.0,0.0,0
Israel,2020,1,0,7.0,7.0,1.0,10.375,0.2614,10.5,7.0,10.5,1.0,0.067,0.2614133332114342,0.2614133332114342,,1.0,,0.0,0.0,0
Israel,2021,1,0,7.0,7.0,1.0,10.375,0.2614,10.5,7.0,10.5,1.0,0.067,0.2614133332114342,0.2614133332114342,,1.0,,0.0,0.0,0
Israel,2022,1,0,7.0,7.0,1.0,10.375,0.2614,10.5,7.0,10.5,1.0,0.067,0.2614133332114342,0.2614133332114342,,1.0,,0.0,0.0,0
Israel,2023,0,1,7.0,7.0,1.0,10.375,0.2614,10.5,7.0,10.5,1.0,0.067,0.2614133332114342,0.2614133332114342,,1.0,,0.0,0.0,0
Israel,2024,0,0,7.0,7.0,1.0,10.375,0.2614,10.5,7.0,10.5,1.0,0.067,0.2614133332114342,0.2614133332114342,,1.0,,0.0,0.0,0
Israel,2025,0,0,7.0,7.0,1.0,10.375,0.2614,10.5,7.0,10.5,1.0,0.067,0.2614133332114342,0.2614133332114342,,1.0,,0.0,0.0,0
Italy,1900,0,0,4.625,4.875,0.949,7.438,0.252,10.0,4.0,5.5,1.27,2.567,0.252021446270842,0.252021446270842,,0.1636294874066427,0.2673763637414771,0.25,11.75,0
Italy,1901,0,0,3.625,4.875,0.744,8.625,0.2979,11.0,3.0,6.5,1.354,2.067,0.2978901056634135,0.2978901056634135,,0.1251118318208829,0.3285612398588481,0.125,34.75,0
Italy,1902,0,0,3.625,4.875,0.744,8.625,0.2979,11.0,3.0,6.5,1.354,2.067,0.2978901056634135,0.2978901056634135,,0.1251118318208829,0.3285612398588481,0.125,34.75,0
Italy,1903,0,0,2.875,5.625,0.511,10.812,0.3593,13.0,2.0,9.5,1.282,1.3,0.3593479193481727,0.3593479193481727,,0.0553338301715169,0.3853690261348618,0.0,82.125,0
Italy,1904,0,0,2.875,5.625,0.511,10.812,0.3593,13.0,2.0,9.5,1.282,1.3,0.3593479193481727,0.3593479193481727,,0.0553338301715169,0.3853690261348618,0.0,82.125,0
Italy,1905,0,0,2.875,5.625,0.511,10.812,0.3593,13.0,2.0,9.5,1.282,1.3,0.3593479193481727,0.3593479193481727,0.3138008681080207,0.0553338301715169,0.3853690261348618,0.0,82.125,0
Italy,1906,0,0,2.875,5.625,0.511,10.812,0.3593,13.0,2.0,9.5,1.282,1.3,0.3593479193481727,0.3593479193481727,0.2161018671378238,0.0553338301715169,0.3853690261348618,0.0,82.125,0
Italy,1907,0,0,3.875,5.625,0.689,9.812,0.3128,12.0,3.0,8.5,1.204,1.3,0.3128305336078419,0.3128305336078419,0.2547927969860073,0.1107181805548328,0.3422872098802841,0.0,53.625,0
Italy,1908,0,0,3.875,5.625,0.689,9.812,0.3128,12.0,3.0,8.5,1.204,1.3,0.3128305336078419,0.3128305336078419,0.2117636585130313,0.1107181805548328,0.3422872098802841,0.0,53.625,0
Italy,1909,0,0,3.875,5.625,0.689,9.812,0.3128,12.0,3.0,8.5,1.204,1.3,0.3128305336078419,0.3128305336078419,0.1588227438847735,0.1107181805548328,0.3422872098802841,0.0,53.625,0
Italy,1910,0,0,3.875,5.625,0.689,9.812,0.3128,12.0,3.0,8.5,1.204,1.3,0.3128305336078419,0.3128305336078419,0.1058818292565156,0.1107181805548328,0.3422872098802841,0.0,53.625,0
Italy,1911,0,0,3.875,5.625,0.689,9.812,0.3128,12.0,3.0,8.5,1.204,1.3,0.3128305336078419,0.3128305336078419,0.0529409146282578,0.1107181805548328,0.3422872098802841,0.0,53.625,0
Italy,1912,0,0,4.875,5.625,0.867,8.812,0.2723,11.0,4.0,7.5,1.159,1.3,0.2723347972485339,0.2723347972485339,0.1690761787000888,0.2000035831427604,0.2927244907518982,0.125,25.125,0
Italy,1913,0,0,5.875,5.625,1.044,7.812,0.2371,10.0,5.0,6.5,1.131,1.3,0.2370812111498469,0.2370812111498469,0.5528732504029346,0.230166316197605,0.2398645100807782,0.375,-3.375,0
Italy,1914,0,0,6.875,4.625,1.486,4.375,0.1694,7.0,6.0,3.0,1.111,1.4,0.1694067613861006,0.1694067613861006,0.9221443629119844,0.032162579298507,0.1685193449589868,1.0,-40.125,0
Italy,1915,0,0,6.875,4.625,1.486,4.375,0.1694,7.0,6.0,3.0,1.111,1.4,0.1694067613861006,0.1694067613861006,0.7195404077931907,0.032162579298507,0.1685193449589868,1.0,-40.125,0
Italy,1916,0,0,7.875,3.625,2.172,1.188,0.1214,4.0,7.0,-0.5,1.096,1.367,0.1213928318706638,0.1213928318706638,0.0753432467634356,0.0367938548778926,0.1315920968223899,1.0,-56.625,0
Italy,1917,0,0,7.875,3.625,2.172,1.188,0.1214,4.0,7.0,-0.5,1.096,1.367,0.1213928318706638,0.1213928318706638,0.2853088225072993,0.0367938548778926,0.1315920968223899,1.0,-56.625,0
Italy,1918,0,0,6.875,4.5,1.528,3.75,0.1596,6.5,6.0,2.0,1.111,0.933,0.15961412598857,0.15961412598857,0.2163980122912614,0.0219774991480277,0.1601812818976596,1.0,-39.5,0
Italy,1919,1,0,5.875,5.5,1.068,6.875,0.2147,9.5,5.0,5.0,1.131,0.867,0.2147043032224355,0.2147043032224355,0.4889827495583881,0.3511840728861745,0.212785990369544,0.375,-5.375,0
Italy,1920,1,0,5.875,5.5,1.068,6.875,0.2147,9.5,5.0,5.0,1.131,0.867,0.2147043032224355,0.2147043032224355,0.3891224914585442,0.3511840728861745,0.212785990369544,0.375,-5.375,0
Italy,1921,1,0,4.875,6.5,0.75,10.375,0.2978,13.0,4.0,8.5,1.159,0.867,0.2977632686161146,0.2977632686161146,0.7089643428657239,0.1200084224659266,0.3230907610796636,0.0,60.875,0
Italy,1922,0,1,4.875,6.5,0.75,10.375,0.2978,13.0,4.0,8.5,1.159,0.867,0.2977632686161146,0.2977632686161146,0.5530502324512807,0.1200084224659266,0.3230907610796636,0.0,60.875,0
Italy,1923,0,0,3.875,6.5,0.596,11.375,0.342,14.0,3.0,9.5,1.204,0.867,0.3420401768378711,0.3420401768378711,0.266406770962678,0.0571809651446212,0.3635444813184047,0.0,95.625,0
Italy,1924,0,0,3.875,6.5,0.596,11.375,0.342,14.0,3.0,9.5,1.204,0.867,0.3420401768378711,0.3420401768378711,0.1764470418976061,0.0571809651446212,0.3635444813184047,0.0,95.625,0
Italy,1925,0,0,3.875,6.5,0.596,11.375,0.342,14.0,3.0,9.5,1.204,0.867,0.3420401768378711,0.3420401768378711,0.1387209508552826,0.0571809651446212,0.3635444813184047,0.0,95.625,0
Italy,1926,0,0,3.875,6.5,0.596,11.375,0.342,14.0,3.0,9.5,1.204,0.867,0.3420401768378711,0.3420401768378711,0.0901827378366773,0.0571809651446212,0.3635444813184047,0.0,95.625,0
Italy,1927,0,0,3.875,6.5,0.596,11.375,0.342,14.0,3.0,9.5,1.204,0.867,0.3420401768378711,0.3420401768378711,0.0450913689183386,0.0571809651446212,0.3635444813184047,0.0,95.625,0
Italy,1928,0,0,3.875,6.5,0.596,11.375,0.342,14.0,3.0,9.5,1.204,0.867,0.3420401768378711,0.3420401768378711,0.0,0.0571809651446212,0.3635444813184047,0.0,95.625,0
Italy,1929,0,0,4.875,6.5,0.75,10.375,0.2978,13.0,4.0,8.5,1.159,0.867,0.2977632686161146,0.2977632686161146,0.2254568445916933,0.1200084224659266,0.3230907610796636,0.0,60.875,0
Italy,1930,0,0,4.875,6.5,0.75,10.375,0.2978,13.0,4.0,8.5,1.159,0.867,0.2977632686161146,0.2977632686161146,0.1803654756733546,0.1200084224659266,0.3230907610796636,0.0,60.875,0
Italy,1931,0,0,4.875,6.5,0.75,10.375,0.2978,13.0,4.0,8.5,1.159,0.867,0.2977632686161146,0.2977632686161146,0.135274106755016,0.1200084224659266,0.3230907610796636,0.0,60.875,0
Italy,1932,0,0,4.875,6.5,0.75,10.375,0.2978,13.0,4.0,8.5,1.159,0.867,0.2977632686161146,0.2977632686161146,0.0901827378366773,0.1200084224659266,0.3230907610796636,0.0,60.875,0
Italy,1933,0,0,4.875,6.5,0.75,10.375,0.2978,13.0,4.0,8.5,1.159,0.867,0.2977632686161146,0.2977632686161146,0.0450913689183386,0.1200084224659266,0.3230907610796636,0.0,60.875,0
Italy,1934,0,0,4.875,6.5,0.75,10.375,0.2978,13.0,4.0,8.5,1.159,0.867,0.2977632686161146,0.2977632686161146,0.0,0.1200084224659266,0.3230907610796636,0.0,60.875,0
Italy,1935,0,0,4.875,6.5,0.75,10.375,0.2978,13.0,4.0,8.5,1.159,0.867,0.2977632686161146,0.2977632686161146,0.0,0.1200084224659266,0.3230907610796636,0.0,60.875,0
Italy,1936,0,0,4.875,6.5,0.75,10.375,0.2978,13.0,4.0,8.5,1.159,0.867,0.2977632686161146,0.2977632686161146,0.0,0.1200084224659266,0.3230907610796636,0.0,60.875,0
Italy,1937,0,0,4.875,6.5,0.75,10.375,0.2978,13.0,4.0,8.5,1.159,0.867,0.2977632686161146,0.2977632686161146,0.0,0.1200084224659266,0.3230907610796636,0.0,60.875,0
Italy,1938,0,0,4.875,6.5,0.75,10.375,0.2978,13.0,4.0,8.5,1.159,0.867,0.2977632686161146,0.2977632686161146,0.0,0.1200084224659266,0.3230907610796636,0.0,60.875,0
Italy,1939,0,0,6.875,5.5,1.25,5.875,0.1869,8.5,6.0,4.0,1.111,0.867,0.1869109521123931,0.1869109521123931,0.6503862474404325,0.1010467084527705,0.1759322484115917,0.875,-29.375,0
Italy,1940,1,0,7.875,4.5,1.75,2.438,0.1307,5.0,7.0,0.5,1.096,0.967,0.1307025408715585,0.1307025408715585,0.3294165574884529,0.0122735728532019,0.1328741321154498,1.0,-50.125,0
Italy,1941,1,0,8.875,3.5,2.536,-1.062,0.0842,1.5,8.0,-3.0,1.085,0.967,0.0842397091157822,0.0842397091157822,0.2191393821996221,0.0247155512658371,0.0896652538589632,1.0,-45.5,1
Italy,1942,1,0,9.75,2.5,3.9,-4.438,0.0479,-2.0,9.0,-6.5,1.042,0.633,0.0479097306192144,0.0479097306192144,0.3488396183274632,0.0680545369029453,0.0558186965145074,1.0,-28.0,1
Italy,1943,0,1,8.875,2.5,3.55,-3.562,0.0543,-1.0,8.0,-5.5,1.085,0.967,0.0543400643947138,0.0543400643947138,0.2748321503099441,0.0635891742367825,0.0634505439665925,1.0,-24.125,1
Italy,1944,0,0,7.875,3.5,2.25,-0.062,0.0968,2.5,7.0,-2.0,1.096,0.967,0.0967660152867277,0.0967660152867277,0.0425936602725916,0.0232422398730097,0.1023626440077337,1.0,-36.625,0
Italy,1945,0,0,6.875,4.5,1.528,3.438,0.1501,6.0,6.0,1.5,1.111,0.967,0.150137793693092,0.150137793693092,0.3976674884410812,0.0188456376373935,0.1499108512951861,1.0,-34.375,0
Italy,1946,0,0,5.875,5.5,1.068,6.875,0.2147,9.5,5.0,5.0,1.131,0.867,0.2147043032224355,0.2147043032224355,0.450108896484937,0.3511840728861745,0.212785990369544,0.375,-5.375,0
Italy,1947,0,0,4.875,5.5,0.886,7.875,0.2466,10.5,4.0,6.0,1.159,0.867,0.2466304799223963,0.2466304799223963,0.4662807520479469,0.208665712255873,0.2663541334368055,0.125,18.625,0
Italy,1948,0,0,4.875,5.5,0.886,7.875,0.2466,10.5,4.0,6.0,1.159,0.867,0.2466304799223963,0.2466304799223963,0.4483589319133099,0.208665712255873,0.2663541334368055,0.125,18.625,0
Italy,1949,0,0,3.875,6.5,0.596,11.375,0.342,14.0,3.0,9.5,1.204,0.867,0.3420401768378711,0.3420401768378711,0.7478739047304649,0.0571809651446212,0.3635444813184047,0.0,95.625,0
Italy,1950,0,0,3.875,6.5,0.596,11.375,0.342,14.0,3.0,9.5,1.204,0.867,0.3420401768378711,0.3420401768378711,0.6086768117842241,0.0571809651446212,0.3635444813184047,0.0,95.625,0
Italy,1951,0,0,3.875,6.5,0.596,11.375,0.342,14.0,3.0,9.5,1.204,0.867,0.3420401768378711,0.3420401768378711,0.3928208959841628,0.0571809651446212,0.3635444813184047,0.0,95.625,0
Italy,1952,0,0,3.875,6.5,0.596,11.375,0.342,14.0,3.0,9.5,1.204,0.867,0.3420401768378711,0.3420401768378711,0.158547576885444,0.0571809651446212,0.3635444813184047,0.0,95.625,0
Italy,1953,0,0,3.875,6.5,0.596,11.375,0.342,14.0,3.0,9.5,1.204,0.867,0.3420401768378711,0.3420401768378711,0.079273788442722,0.0571809651446212,0.3635444813184047,0.0,95.625,0
Italy,1954,0,0,3.875,6.5,0.596,11.375,0.342,14.0,3.0,9.5,1.204,0.867,0.3420401768378711,0.3420401768378711,0.0,0.0571809651446212,0.3635444813184047,0.0,95.625,0
Italy,1955,0,0,3.875,6.5,0.596,11.375,0.342,14.0,3.0,9.5,1.204,0.867,0.3420401768378711,0.3420401768378711,0.0,0.0571809651446212,0.3635444813184047,0.0,95.625,0
Italy,1956,0,0,3.875,6.5,0.596,11.375,0.342,14.0,3.0,9.5,1.204,0.867,0.3420401768378711,0.3420401768378711,0.0,0.0571809651446212,0.3635444813184047,0.0,95.625,0
Italy,1957,0,0,3.875,6.5,0.596,11.375,0.342,14.0,3.0,9.5,1.204,0.867,0.3420401768378711,0.3420401768378711,0.0,0.0571809651446212,0.3635444813184047,0.0,95.625,0
Italy,1958,0,0,3.875,6.5,0.596,11.375,0.342,14.0,3.0,9.5,1.204,0.867,0.3420401768378711,0.3420401768378711,0.0,0.0571809651446212,0.3635444813184047,0.0,95.625,0
Italy,1959,0,0,4.875,6.5,0.75,10.375,0.2978,13.0,4.0,8.5,1.159,0.867,0.2977632686161146,0.2977632686161146,0.2254568445916933,0.1200084224659266,0.3230907610796636,0.0,60.875,0
Italy,1960,0,0,4.875,6.5,0.75,10.375,0.2978,13.0,4.0,8.5,1.159,0.867,0.2977632686161146,0.2977632686161146,0.1803654756733546,0.1200084224659266,0.3230907610796636,0.0,60.875,0
Italy,1961,0,0,4.875,6.5,0.75,10.375,0.2978,13.0,4.0,8.5,1.159,0.867,0.2977632686161146,0.2977632686161146,0.135274106755016,0.1200084224659266,0.3230907610796636,0.0,60.875,0
Italy,1962,0,0,4.875,6.5,0.75,10.375,0.2978,13.0,4.0,8.5,1.159,0.867,0.2977632686161146,0.2977632686161146,0.0901827378366773,0.1200084224659266,0.3230907610796636,0.0,60.875,0
Italy,1963,0,0,4.875,6.5,0.75,10.375,0.2978,13.0,4.0,8.5,1.159,0.867,0.2977632686161146,0.2977632686161146,0.0450913689183386,0.1200084224659266,0.3230907610796636,0.0,60.875,0
Italy,1964,0,0,4.875,6.5,0.75,10.375,0.2978,13.0,4.0,8.5,1.159,0.867,0.2977632686161146,0.2977632686161146,0.0,0.1200084224659266,0.3230907610796636,0.0,60.875,0
Italy,1965,0,0,4.875,6.5,0.75,10.375,0.2978,13.0,4.0,8.5,1.159,0.867,0.2977632686161146,0.2977632686161146,0.0,0.1200084224659266,0.3230907610796636,0.0,60.875,0
Italy,1966,0,0,4.875,6.5,0.75,10.375,0.2978,13.0,4.0,8.5,1.159,0.867,0.2977632686161146,0.2977632686161146,0.0,0.1200084224659266,0.3230907610796636,0.0,60.875,0
Italy,1967,0,0,4.875,6.5,0.75,10.375,0.2978,13.0,4.0,8.5,1.159,0.867,0.2977632686161146,0.2977632686161146,0.0,0.1200084224659266,0.3230907610796636,0.0,60.875,0
Italy,1968,0,0,4.875,6.5,0.75,10.375,0.2978,13.0,4.0,8.5,1.159,0.867,0.2977632686161146,0.2977632686161146,0.0,0.1200084224659266,0.3230907610796636,0.0,60.875,0
Italy,1969,0,0,4.875,6.5,0.75,10.375,0.2978,13.0,4.0,8.5,1.159,0.867,0.2977632686161146,0.2977632686161146,0.0,0.1200084224659266,0.3230907610796636,0.0,60.875,0
Italy,1970,0,0,4.875,6.5,0.75,10.375,0.2978,13.0,4.0,8.5,1.159,0.867,0.2977632686161146,0.2977632686161146,0.0,0.1200084224659266,0.3230907610796636,0.0,60.875,0
Italy,1971,0,0,4.875,6.5,0.75,10.375,0.2978,13.0,4.0,8.5,1.159,0.867,0.2977632686161146,0.2977632686161146,0.0,0.1200084224659266,0.3230907610796636,0.0,60.875,0
Italy,1972,0,0,4.875,6.5,0.75,10.375,0.2978,13.0,4.0,8.5,1.159,0.867,0.2977632686161146,0.2977632686161146,0.0,0.1200084224659266,0.3230907610796636,0.0,60.875,0
Italy,1973,0,0,4.875,6.5,0.75,10.375,0.2978,13.0,4.0,8.5,1.159,0.867,0.2977632686161146,0.2977632686161146,0.0,0.1200084224659266,0.3230907610796636,0.0,60.875,0
Italy,1974,0,0,4.875,6.5,0.75,10.375,0.2978,13.0,4.0,8.5,1.159,0.867,0.2977632686161146,0.2977632686161146,0.0,0.1200084224659266,0.3230907610796636,0.0,60.875,0
Italy,1975,0,0,4.875,6.5,0.75,10.375,0.2978,13.0,4.0,8.5,1.159,0.867,0.2977632686161146,0.2977632686161146,0.0,0.1200084224659266,0.3230907610796636,0.0,60.875,0
Italy,1976,0,0,4.875,6.5,0.75,10.375,0.2978,13.0,4.0,8.5,1.159,0.867,0.2977632686161146,0.2977632686161146,0.0,0.1200084224659266,0.3230907610796636,0.0,60.875,0
Italy,1977,0,0,4.875,6.5,0.75,10.375,0.2978,13.0,4.0,8.5,1.159,0.867,0.2977632686161146,0.2977632686161146,0.0,0.1200084224659266,0.3230907610796636,0.0,60.875,0
Italy,1978,0,0,4.875,6.5,0.75,10.375,0.2978,13.0,4.0,8.5,1.159,0.867,0.2977632686161146,0.2977632686161146,0.0,0.1200084224659266,0.3230907610796636,0.0,60.875,0
Italy,1979,0,0,4.875,6.5,0.75,10.375,0.2978,13.0,4.0,8.5,1.159,0.867,0.2977632686161146,0.2977632686161146,0.0,0.1200084224659266,0.3230907610796636,0.0,60.875,0
Italy,1980,0,0,4.875,6.5,0.75,10.375,0.2978,13.0,4.0,8.5,1.159,0.867,0.2977632686161146,0.2977632686161146,0.0,0.1200084224659266,0.3230907610796636,0.0,60.875,0
Italy,1981,0,0,4.875,6.5,0.75,10.375,0.2978,13.0,4.0,8.5,1.159,0.867,0.2977632686161146,0.2977632686161146,0.0,0.1200084224659266,0.3230907610796636,0.0,60.875,0
Italy,1982,0,0,4.875,6.5,0.75,10.375,0.2978,13.0,4.0,8.5,1.159,0.867,0.2977632686161146,0.2977632686161146,0.0,0.1200084224659266,0.3230907610796636,0.0,60.875,0
Italy,1983,0,0,4.875,6.5,0.75,10.375,0.2978,13.0,4.0,8.5,1.159,0.867,0.2977632686161146,0.2977632686161146,0.0,0.1200084224659266,0.3230907610796636,0.0,60.875,0
Italy,1984,0,0,4.875,6.5,0.75,10.375,0.2978,13.0,4.0,8.5,1.159,0.867,0.2977632686161146,0.2977632686161146,0.0,0.1200084224659266,0.3230907610796636,0.0,60.875,0
Italy,1985,0,0,4.875,6.5,0.75,10.375,0.2978,13.0,4.0,8.5,1.159,0.867,0.2977632686161146,0.2977632686161146,0.0,0.1200084224659266,0.3230907610796636,0.0,60.875,0
Italy,1986,0,0,4.875,6.5,0.75,10.375,0.2978,13.0,4.0,8.5,1.159,0.867,0.2977632686161146,0.2977632686161146,0.0,0.1200084224659266,0.3230907610796636,0.0,60.875,0
Italy,1987,0,0,4.875,6.5,0.75,10.375,0.2978,13.0,4.0,8.5,1.159,0.867,0.2977632686161146,0.2977632686161146,0.0,0.1200084224659266,0.3230907610796636,0.0,60.875,0
Italy,1988,0,0,4.875,6.5,0.75,10.375,0.2978,13.0,4.0,8.5,1.159,0.867,0.2977632686161146,0.2977632686161146,0.0,0.1200084224659266,0.3230907610796636,0.0,60.875,0
Italy,1989,1,0,4.875,6.5,0.75,10.375,0.2978,13.0,4.0,8.5,1.159,0.867,0.2977632686161146,0.2977632686161146,0.0,0.1200084224659266,0.3230907610796636,0.0,60.875,0
Italy,1990,1,0,4.875,6.5,0.75,10.375,0.2978,13.0,4.0,8.5,1.159,0.867,0.2977632686161146,0.2977632686161146,0.0,0.1200084224659266,0.3230907610796636,0.0,60.875,0
Italy,1991,1,0,4.875,6.5,0.75,10.375,0.2978,13.0,4.0,8.5,1.159,0.867,0.2977632686161146,0.2977632686161146,0.0,0.1200084224659266,0.3230907610796636,0.0,60.875,0
Italy,1992,0,1,4.875,6.5,0.75,10.375,0.2978,13.0,4.0,8.5,1.159,0.867,0.2977632686161146,0.2977632686161146,0.0,0.1200084224659266,0.3230907610796636,0.0,60.875,0
Italy,1993,0,0,4.875,6.5,0.75,10.375,0.2978,13.0,4.0,8.5,1.159,0.867,0.2977632686161146,0.2977632686161146,0.0,0.1200084224659266,0.3230907610796636,0.0,60.875,0
Italy,1994,0,0,4.875,6.5,0.75,10.375,0.2978,13.0,4.0,8.5,1.159,0.867,0.2977632686161146,0.2977632686161146,0.0,0.1200084224659266,0.3230907610796636,0.0,60.875,0
Italy,1995,0,0,4.875,6.5,0.75,10.375,0.2978,13.0,4.0,8.5,1.159,0.867,0.2977632686161146,0.2977632686161146,0.0,0.1200084224659266,0.3230907610796636,0.0,60.875,0
Italy,1996,0,0,4.875,6.5,0.75,10.375,0.2978,13.0,4.0,8.5,1.159,0.867,0.2977632686161146,0.2977632686161146,0.0,0.1200084224659266,0.3230907610796636,0.0,60.875,0
Italy,1997,0,0,4.875,6.5,0.75,10.375,0.2978,13.0,4.0,8.5,1.159,0.867,0.2977632686161146,0.2977632686161146,0.0,0.1200084224659266,0.3230907610796636,0.0,60.875,0
Italy,1998,0,0,4.875,6.5,0.75,10.375,0.2978,13.0,4.0,8.5,1.159,0.867,0.2977632686161146,0.2977632686161146,0.0,0.1200084224659266,0.3230907610796636,0.0,60.875,0
Italy,1999,0,0,4.875,6.5,0.75,10.375,0.2978,13.0,4.0,8.5,1.159,0.867,0.2977632686161146,0.2977632686161146,0.0,0.1200084224659266,0.3230907610796636,0.0,60.875,0
Italy,2000,0,0,4.875,6.5,0.75,10.375,0.2978,13.0,4.0,8.5,1.159,0.867,0.2977632686161146,0.2977632686161146,0.0,0.1200084224659266,0.3230907610796636,0.0,60.875,0
Italy,2001,0,0,4.875,6.5,0.75,10.375,0.2978,13.0,4.0,8.5,1.159,0.867,0.2977632686161146,0.2977632686161146,0.0,0.1200084224659266,0.3230907610796636,0.0,60.875,0
Italy,2002,0,0,5.875,5.5,1.068,6.875,0.2147,9.5,5.0,5.0,1.131,0.867,0.2147043032224355,0.2147043032224355,0.492730668075004,0.3511840728861745,0.212785990369544,0.375,-5.375,0
Italy,2003,0,0,5.875,5.5,1.068,6.875,0.2147,9.5,5.0,5.0,1.131,0.867,0.2147043032224355,0.2147043032224355,0.3941845344600032,0.3511840728861745,0.212785990369544,0.375,-5.375,0
Italy,2004,0,0,5.875,5.5,1.068,6.875,0.2147,9.5,5.0,5.0,1.131,0.867,0.2147043032224355,0.2147043032224355,0.2956384008450024,0.3511840728861745,0.212785990369544,0.375,-5.375,0
Italy,2005,0,0,5.875,5.5,1.068,6.875,0.2147,9.5,5.0,5.0,1.131,0.867,0.2147043032224355,0.2147043032224355,0.1970922672300016,0.3511840728861745,0.212785990369544,0.375,-5.375,0
Italy,2006,0,0,5.875,5.5,1.068,6.875,0.2147,9.5,5.0,5.0,1.131,0.867,0.2147043032224355,0.2147043032224355,0.0985461336150008,0.3511840728861745,0.212785990369544,0.375,-5.375,0
Italy,2007,0,0,5.875,5.5,1.068,6.875,0.2147,9.5,5.0,5.0,1.131,0.867,0.2147043032224355,0.2147043032224355,0.0,0.3511840728861745,0.212785990369544,0.375,-5.375,0
Italy,2008,0,0,5.875,5.5,1.068,6.875,0.2147,9.5,5.0,5.0,1.131,0.867,0.2147043032224355,0.2147043032224355,0.0,0.3511840728861745,0.212785990369544,0.375,-5.375,0
Italy,2009,0,0,5.875,5.5,1.068,6.875,0.2147,9.5,5.0,5.0,1.131,0.867,0.2147043032224355,0.2147043032224355,0.0,0.3511840728861745,0.212785990369544,0.375,-5.375,0
Italy,2010,0,0,6.875,5.5,1.25,5.875,0.1869,8.5,6.0,4.0,1.111,0.867,0.1869109521123931,0.1869109521123931,0.4752120415131188,0.1010467084527705,0.1759322484115917,0.875,-29.375,0
Italy,2011,0,0,6.875,5.5,1.25,5.875,0.1869,8.5,6.0,4.0,1.111,0.867,0.1869109521123931,0.1869109521123931,0.3801696332104951,0.1010467084527705,0.1759322484115917,0.875,-29.375,0
Italy,2012,0,0,6.875,5.5,1.25,5.875,0.1869,8.5,6.0,4.0,1.111,0.867,0.1869109521123931,0.1869109521123931,0.2851272249078713,0.1010467084527705,0.1759322484115917,0.875,-29.375,0
Italy,2013,0,0,6.875,5.5,1.25,5.875,0.1869,8.5,6.0,4.0,1.111,0.867,0.1869109521123931,0.1869109521123931,0.1900848166052475,0.1010467084527705,0.1759322484115917,0.875,-29.375,0
Italy,2014,0,0,6.875,5.5,1.25,5.875,0.1869,8.5,6.0,4.0,1.111,0.867,0.1869109521123931,0.1869109521123931,0.0950424083026237,0.1010467084527705,0.1759322484115917,0.875,-29.375,0
Italy,2015,0,0,6.875,5.5,1.25,5.875,0.1869,8.5,6.0,4.0,1.111,0.867,0.1869109521123931,0.1869109521123931,0.0,0.1010467084527705,0.1759322484115917,0.875,-29.375,0
Italy,2016,0,0,6.875,5.5,1.25,5.875,0.1869,8.5,6.0,4.0,1.111,0.867,0.1869109521123931,0.1869109521123931,0.0,0.1010467084527705,0.1759322484115917,0.875,-29.375,0
Italy,2017,0,0,6.875,5.5,1.25,5.875,0.1869,8.5,6.0,4.0,1.111,0.867,0.1869109521123931,0.1869109521123931,0.0,0.1010467084527705,0.1759322484115917,0.875,-29.375,0
Italy,2018,0,0,6.875,5.5,1.25,5.875,0.1869,8.5,6.0,4.0,1.111,0.867,0.1869109521123931,0.1869109521123931,0.0,0.1010467084527705,0.1759322484115917,0.875,-29.375,0
Italy,2019,0,0,6.875,5.5,1.25,5.875,0.1869,8.5,6.0,4.0,1.111,0.867,0.1869109521123931,0.1869109521123931,0.0,0.1010467084527705,0.1759322484115917,0.875,-29.375,0
Italy,2020,0,0,6.875,5.5,1.25,5.875,0.1869,8.5,6.0,4.0,1.111,0.867,0.1869109521123931,0.1869109521123931,0.0,0.1010467084527705,0.1759322484115917,0.875,-29.375,0
Italy,2021,0,0,6.875,5.5,1.25,5.875,0.1869,8.5,6.0,4.0,1.111,0.867,0.1869109521123931,0.1869109521123931,0.0,0.1010467084527705,0.1759322484115917,0.875,-29.375,0
Italy,2022,0,0,6.875,5.5,1.25,5.875,0.1869,8.5,6.0,4.0,1.111,0.867,0.1869109521123931,0.1869109521123931,0.0,0.1010467084527705,0.1759322484115917,0.875,-29.375,0
Italy,2023,0,0,6.875,5.5,1.25,5.875,0.1869,8.5,6.0,4.0,1.111,0.867,0.1869109521123931,0.1869109521123931,0.0,0.1010467084527705,0.1759322484115917,0.875,-29.375,0
Japan,1900,0,0,2.5,8.5,0.294,18.875,0.6112,21.0,2.0,20.5,1.111,1.133,0.6111677483831011,0.6111677483831011,,0.045771019526151,0.6595616517475936,0.0,472.5,0
Japan,1901,0,0,2.5,8.5,0.294,18.875,0.6112,21.0,2.0,20.5,1.111,1.133,0.6111677483831011,0.6111677483831011,,0.045771019526151,0.6595616517475936,0.0,472.5,0
Japan,1902,0,0,2.5,8.5,0.294,18.875,0.6112,21.0,2.0,20.5,1.111,1.133,0.6111677483831011,0.6111677483831011,,0.045771019526151,0.6595616517475936,0.0,472.5,0
Japan,1903,0,0,2.5,8.5,0.294,18.875,0.6112,21.0,2.0,20.5,1.111,1.133,0.6111677483831011,0.6111677483831011,,0.045771019526151,0.6595616517475936,0.0,472.5,0
Japan,1904,0,0,3.5,8.5,0.412,18.0,0.5383,20.0,3.0,20.0,1.078,1.333,0.5382755384843381,0.5382755384843381,,0.0585763404630923,0.587281576498485,0.0,411.0,0
Japan,1905,0,0,3.5,8.5,0.412,18.0,0.5383,20.0,3.0,20.0,1.078,1.333,0.5382755384843381,0.5382755384843381,0.1064058498359051,0.0585763404630923,0.587281576498485,0.0,411.0,0
Japan,1906,0,0,2.5,8.5,0.294,19.0,0.6183,21.0,2.0,21.0,1.111,1.333,0.6183162255921024,0.6183162255921024,0.0435581237992371,0.0468351019145466,0.6689445332913362,0.0,488.25,0
Japan,1907,0,0,2.5,8.5,0.294,19.0,0.6183,21.0,2.0,21.0,1.111,1.333,0.6183162255921024,0.6183162255921024,0.041339658191176,0.0468351019145466,0.6689445332913362,0.0,488.25,0
Japan,1908,0,0,2.5,8.5,0.294,19.0,0.6183,21.0,2.0,21.0,1.111,1.333,0.6183162255921024,0.6183162255921024,0.0413294089200612,0.0468351019145466,0.6689445332913362,0.0,488.25,0
Japan,1909,0,0,2.375,8.625,0.275,19.625,0.6479,21.0,2.0,21.0,1.212,1.533,0.6478810813368177,0.6478810813368177,0.2755677145857669,0.0278069943375095,0.679125909952577,0.0,530.625,0
Japan,1910,0,0,2.375,8.625,0.275,19.625,0.6479,21.0,2.0,21.0,1.212,1.533,0.6478810813368177,0.6478810813368177,0.2100645443014266,0.0278069943375095,0.679125909952577,0.0,530.625,0
Japan,1911,0,0,2.375,8.625,0.275,19.625,0.6479,21.0,2.0,21.0,1.212,1.533,0.6478810813368177,0.6478810813368177,0.145101525916184,0.0278069943375095,0.679125909952577,0.0,530.625,0
Japan,1912,0,0,2.375,8.625,0.275,19.625,0.6479,21.0,2.0,21.0,1.212,1.533,0.6478810813368177,0.6478810813368177,0.0967343506107893,0.0278069943375095,0.679125909952577,0.0,530.625,0
Japan,1913,0,0,2.5,8.5,0.294,19.375,0.6366,21.0,2.0,19.0,1.111,1.133,0.6365799315174696,0.6365799315174696,0.1305710807327593,0.028306785754756,0.6671522391362569,0.0,508.125,0
Japan,1914,0,0,2.625,8.5,0.309,19.125,0.6213,21.0,2.0,17.0,1.026,0.733,0.6212696149453809,0.6212696149453809,0.2017730566745188,0.0334697809482359,0.657590998416131,0.0,491.875,0
Japan,1915,0,0,2.625,8.5,0.309,19.125,0.6213,21.0,2.0,17.0,1.026,0.733,0.6212696149453809,0.6212696149453809,0.156967336033728,0.0334697809482359,0.657590998416131,0.0,491.875,0
Japan,1916,0,0,2.625,8.5,0.309,19.125,0.6213,21.0,2.0,17.0,1.026,0.733,0.6212696149453809,0.6212696149453809,0.1121616153929371,0.0334697809482359,0.657590998416131,0.0,491.875,0
Japan,1917,0,0,2.75,8.375,0.328,18.812,0.6087,21.0,2.0,14.5,0.952,0.233,0.6087012639127567,0.6087012639127567,0.3314374927725632,0.0520112034876024,0.6608317090246505,0.0,469.875,0
Japan,1918,0,0,3.0,8.375,0.358,18.312,0.582,21.0,2.0,12.5,1.0,0.5,0.5820324688404701,0.5820324688404701,0.5144879670890333,0.0827420219505981,0.6675747049295111,0.0,450.75,0
Japan,1919,0,0,3.0,8.375,0.358,18.312,0.582,21.0,2.0,12.5,1.0,0.5,0.5820324688404701,0.5820324688404701,0.384996024757583,0.0827420219505981,0.6675747049295111,0.0,450.75,0
Japan,1920,0,0,3.25,8.125,0.4,17.562,0.5577,21.0,2.0,9.5,1.042,0.9,0.5576918503160233,0.5576918503160233,0.3729093767345174,0.121117506876845,0.6791220228721931,0.125,424.125,0
Japan,1921,0,0,3.25,8.125,0.4,17.562,0.5577,21.0,2.0,9.5,1.042,0.9,0.5576918503160233,0.5576918503160233,0.249246533335809,0.121117506876845,0.6791220228721931,0.125,424.125,0
Japan,1922,0,0,3.25,8.125,0.4,17.562,0.5577,21.0,2.0,9.5,1.042,0.9,0.5576918503160233,0.5576918503160233,0.1334039942605962,0.121117506876845,0.6791220228721931,0.125,424.125,0
Japan,1923,0,0,4.25,7.75,0.548,15.812,0.473,20.0,3.0,6.5,1.032,0.767,0.4729804997979068,0.4729804997979068,0.4130424467820517,0.0719926607353004,0.5622552988600217,0.25,327.25,0
Japan,1924,0,0,4.25,7.75,0.548,15.812,0.473,20.0,3.0,6.5,1.032,0.767,0.4729804997979068,0.4729804997979068,0.3447448259556712,0.0719926607353004,0.5622552988600217,0.25,327.25,0
Japan,1925,0,0,4.25,7.75,0.548,15.812,0.473,20.0,3.0,6.5,1.032,0.767,0.4729804997979068,0.4729804997979068,0.277867986687409,0.0719926607353004,0.5622552988600217,0.25,327.25,0
Japan,1926,0,0,4.25,7.75,0.548,15.812,0.473,20.0,3.0,6.5,1.032,0.767,0.4729804997979068,0.4729804997979068,0.1852453244582727,0.0719926607353004,0.5622552988600217,0.25,327.25,0
Japan,1927,0,0,4.25,7.75,0.548,15.812,0.473,20.0,3.0,6.5,1.032,0.767,0.4729804997979068,0.4729804997979068,0.0926226622291363,0.0719926607353004,0.5622552988600217,0.25,327.25,0
Japan,1928,0,0,4.25,7.75,0.548,15.812,0.473,20.0,3.0,6.5,1.032,0.767,0.4729804997979068,0.4729804997979068,0.0,0.0719926607353004,0.5622552988600217,0.25,327.25,0
Japan,1929,1,0,4.25,7.75,0.548,15.812,0.473,20.0,3.0,6.5,1.032,0.767,0.4729804997979068,0.4729804997979068,0.0,0.0719926607353004,0.5622552988600217,0.25,327.25,0
Japan,1930,1,0,5.0,7.125,0.702,13.688,0.4048,19.0,3.0,4.5,1.111,2.167,0.4048261792450316,0.4048261792450316,0.4345307700305133,0.0571289619890429,0.4659818673433308,0.25,213.875,0
Japan,1931,1,0,5.375,6.875,0.782,12.812,0.3767,19.0,3.0,7.5,1.319,5.033,0.3767294360924528,0.3767294360924528,0.6761059951943238,0.1375248636000707,0.4541816817311784,0.25,167.375,0
Japan,1932,0,1,5.625,6.5,0.865,11.688,0.3482,19.0,3.0,10.5,1.458,8.033,0.3481959788733434,0.3481959788733434,0.4781562133312208,0.2693525248034619,0.4728608377935387,0.375,139.75,0
Japan,1933,0,0,5.875,6.25,0.94,10.938,0.3312,19.0,3.0,13.5,1.597,10.033,0.3311567405096295,0.3311567405096295,0.4229540965298978,0.1370920325925563,0.4362440386278941,0.5,129.625,0
Japan,1934,0,0,5.75,6.375,0.902,11.188,0.3374,19.0,3.0,15.5,1.667,10.433,0.3373886108982802,0.3373886108982802,0.3801659027243702,0.1078980112815946,0.4391548754246928,0.5,147.625,0
Japan,1935,0,0,5.75,6.375,0.902,11.188,0.3374,19.0,3.0,15.5,1.667,10.433,0.3373886108982802,0.3373886108982802,0.2681090344850748,0.1078980112815946,0.4391548754246928,0.5,147.625,0
Japan,1936,0,0,5.75,6.375,0.902,11.188,0.3374,19.0,3.0,15.5,1.667,10.433,0.3373886108982802,0.3373886108982802,0.2394346201592152,0.1078980112815946,0.4391548754246928,0.5,147.625,0
Japan,1937,0,0,4.625,7.125,0.649,14.125,0.435,21.0,2.0,20.0,2.188,10.867,0.4350237136194156,0.4350237136194156,0.5483130841318562,0.2312470851019138,0.6277638704119538,0.25,288.0,0
Japan,1938,0,0,4.625,7.125,0.649,14.125,0.435,21.0,2.0,20.0,2.188,10.867,0.4350237136194156,0.4350237136194156,0.4267160775181685,0.2312470851019138,0.6277638704119538,0.25,288.0,0
Japan,1939,0,0,4.625,7.125,0.649,14.125,0.435,21.0,2.0,20.0,2.188,10.867,0.4350237136194156,0.4350237136194156,0.2843306462309871,0.2312470851019138,0.6277638704119538,0.25,288.0,0
Japan,1940,0,0,4.625,7.125,0.649,14.125,0.435,21.0,2.0,20.0,2.188,10.867,0.4350237136194156,0.4350237136194156,0.1895537641539914,0.2312470851019138,0.6277638704119538,0.25,288.0,0
Japan,1941,0,0,5.625,7.0,0.804,13.0,0.3787,20.0,3.0,19.0,1.905,10.667,0.378710138938554,0.378710138938554,0.4887974331168663,0.1323034891619299,0.5050646575657144,0.5,217.5,0
Japan,1942,1,0,6.5,6.5,1.0,11.188,0.3229,19.0,4.0,18.0,1.667,11.767,0.3229102841017988,0.3229102841017988,0.3793786974322873,0.0709867410265954,0.4104385542577629,0.5,153.0,0
Japan,1943,1,0,7.375,5.625,1.311,8.5,0.2632,16.0,5.0,14.5,1.505,10.667,0.2631550321209604,0.2631550321209604,0.5617435535615025,0.020480928136509,0.2903413849885259,0.5,37.5,1
Japan,1944,1,0,8.125,4.625,1.757,5.75,0.2148,13.0,6.0,11.5,1.429,10.533,0.2148021089165228,0.2148021089165228,0.7320029341539308,0.1077976233834508,0.1933223084626346,0.5,-32.0,1
Japan,1945,0,1,10.0,1.625,6.154,-2.125,0.1165,-1.0,10.0,-1.5,1.0,2.2,0.1164975644495601,0.1164975644495601,0.147608275738311,0.029371408055591,0.120234992701042,1.0,-122.125,1
Japan,1946,0,0,8.625,2.375,3.632,0.188,0.1415,2.5,8.0,2.0,1.071,2.167,0.1415149495333604,0.1415149495333604,0.3507821987667321,0.0024367076039091,0.1434728481574913,1.0,-117.0,0
Japan,1947,0,0,7.625,3.375,2.259,3.188,0.1835,5.5,7.0,5.0,1.081,2.167,0.1834839460804556,0.1834839460804556,0.2542072972951132,0.0014397996584892,0.182390538617397,1.0,-112.125,0
Japan,1948,0,0,6.625,4.375,1.514,6.188,0.2348,8.5,6.0,8.0,1.094,2.167,0.2347920598270962,0.2347920598270962,0.3874367705603271,0.0283005379515262,0.2252732557427758,1.0,-74.75,0
Japan,1949,0,0,5.625,5.375,1.047,9.25,0.2996,11.5,5.0,11.5,1.111,2.267,0.299573371330555,0.299573371330555,0.2296986711475587,0.006576677747101,0.3059206065876462,0.625,-4.125,0
Japan,1950,0,0,4.625,6.375,0.725,12.438,0.3837,14.5,4.0,14.5,1.136,2.033,0.3836673076428013,0.3836673076428013,0.6367385011122184,0.0999537546484197,0.4117007501711472,0.0,102.375,0
Japan,1951,0,0,3.625,7.375,0.492,15.438,0.4771,17.5,3.0,17.5,1.176,2.033,0.477096067344783,0.477096067344783,0.2601051250266296,0.0313767350059508,0.4956605419863054,0.0,245.25,0
Japan,1952,0,0,2.625,8.375,0.313,18.438,0.5898,20.5,2.0,20.5,1.25,2.033,0.5898197686380277,0.5898197686380277,0.1161165975735963,0.0174068801292337,0.6063020455876156,0.0,422.625,0
Japan,1953,0,0,2.0,9.0,0.222,20.5,0.6817,21.0,2.0,21.0,1.0,0.533,0.681680520573805,0.681680520573805,0.1210105683413562,0.003068065907963,0.6846506680550318,0.0,567.0,0
Japan,1954,0,0,2.0,9.0,0.222,20.5,0.6817,21.0,2.0,21.0,1.0,0.533,0.681680520573805,0.681680520573805,0.2115575788205455,0.003068065907963,0.6846506680550318,0.0,567.0,0
Japan,1955,0,0,2.0,9.0,0.222,20.5,0.6817,21.0,2.0,21.0,1.0,0.533,0.681680520573805,0.681680520573805,0.1970664661051643,0.003068065907963,0.6846506680550318,0.0,567.0,0
Japan,1956,0,0,2.0,9.0,0.222,20.5,0.6817,21.0,2.0,21.0,1.0,0.533,0.681680520573805,0.681680520573805,0.0859697013242307,0.003068065907963,0.6846506680550318,0.0,567.0,0
Japan,1957,0,0,2.0,9.0,0.222,20.5,0.6817,21.0,2.0,21.0,1.0,0.533,0.681680520573805,0.681680520573805,0.0337815895491865,0.003068065907963,0.6846506680550318,0.0,567.0,0
Japan,1958,0,0,2.0,9.0,0.222,20.5,0.6817,21.0,2.0,21.0,1.0,0.533,0.681680520573805,0.681680520573805,0.0,0.003068065907963,0.6846506680550318,0.0,567.0,0
Japan,1959,0,0,2.0,9.0,0.222,20.5,0.6817,21.0,2.0,21.0,1.0,0.533,0.681680520573805,0.681680520573805,0.0,0.003068065907963,0.6846506680550318,0.0,567.0,0
Japan,1960,0,0,2.0,9.0,0.222,20.5,0.6817,21.0,2.0,21.0,1.0,0.533,0.681680520573805,0.681680520573805,0.0,0.003068065907963,0.6846506680550318,0.0,567.0,0
Japan,1961,0,0,2.0,9.0,0.222,20.5,0.6817,21.0,2.0,21.0,1.0,0.533,0.681680520573805,0.681680520573805,0.0,0.003068065907963,0.6846506680550318,0.0,567.0,0
Japan,1962,0,0,2.0,9.0,0.222,20.5,0.6817,21.0,2.0,21.0,1.0,0.533,0.681680520573805,0.681680520573805,0.0,0.003068065907963,0.6846506680550318,0.0,567.0,0
Japan,1963,0,0,2.0,9.0,0.222,20.5,0.6817,21.0,2.0,21.0,1.0,0.533,0.681680520573805,0.681680520573805,0.0,0.003068065907963,0.6846506680550318,0.0,567.0,0
Japan,1964,0,0,2.0,9.0,0.222,20.5,0.6817,21.0,2.0,21.0,1.0,0.533,0.681680520573805,0.681680520573805,0.0,0.003068065907963,0.6846506680550318,0.0,567.0,0
Japan,1965,0,0,2.0,9.0,0.222,20.5,0.6817,21.0,2.0,21.0,1.0,0.533,0.681680520573805,0.681680520573805,0.0,0.003068065907963,0.6846506680550318,0.0,567.0,0
Japan,1966,0,0,2.0,9.0,0.222,20.5,0.6817,21.0,2.0,21.0,1.0,0.533,0.681680520573805,0.681680520573805,0.0,0.003068065907963,0.6846506680550318,0.0,567.0,0
Japan,1967,0,0,2.0,9.0,0.222,20.5,0.6817,21.0,2.0,21.0,1.0,0.533,0.681680520573805,0.681680520573805,0.0,0.003068065907963,0.6846506680550318,0.0,567.0,0
Japan,1968,0,0,2.0,9.0,0.222,20.5,0.6817,21.0,2.0,21.0,1.0,0.533,0.681680520573805,0.681680520573805,0.0,0.003068065907963,0.6846506680550318,0.0,567.0,0
Japan,1969,0,0,2.0,9.0,0.222,20.5,0.6817,21.0,2.0,21.0,1.0,0.533,0.681680520573805,0.681680520573805,0.0,0.003068065907963,0.6846506680550318,0.0,567.0,0
Japan,1970,0,0,2.0,9.0,0.222,20.5,0.6817,21.0,2.0,21.0,1.0,0.533,0.681680520573805,0.681680520573805,0.0,0.003068065907963,0.6846506680550318,0.0,567.0,0
Japan,1971,0,0,2.0,9.0,0.222,20.5,0.6817,21.0,2.0,21.0,1.0,0.533,0.681680520573805,0.681680520573805,0.0,0.003068065907963,0.6846506680550318,0.0,567.0,0
Japan,1972,0,0,2.0,9.0,0.222,20.5,0.6817,21.0,2.0,21.0,1.0,0.533,0.681680520573805,0.681680520573805,0.0,0.003068065907963,0.6846506680550318,0.0,567.0,0
Japan,1973,0,0,3.25,8.5,0.382,18.25,0.5542,20.0,3.0,20.0,1.222,2.8,0.5542138719814813,0.5542138719814813,0.2204393081466494,0.0201150948346604,0.5690089262197029,0.0,410.25,0
Japan,1974,0,0,3.25,8.5,0.382,18.25,0.5542,20.0,3.0,20.0,1.222,2.8,0.5542138719814813,0.5542138719814813,0.1763514465173195,0.0201150948346604,0.5690089262197029,0.0,410.25,0
Japan,1975,0,0,3.25,8.5,0.382,18.25,0.5542,20.0,3.0,20.0,1.222,2.8,0.5542138719814813,0.5542138719814813,0.1322635848879896,0.0201150948346604,0.5690089262197029,0.0,410.25,0
Japan,1976,0,0,2.0,9.0,0.222,20.5,0.6817,21.0,2.0,21.0,1.0,0.533,0.681680520573805,0.681680520573805,0.1322635848879896,0.003068065907963,0.6846506680550318,0.0,567.0,0
Japan,1977,0,0,2.0,9.0,0.222,20.5,0.6817,21.0,2.0,21.0,1.0,0.533,0.681680520573805,0.681680520573805,0.1322635848879896,0.003068065907963,0.6846506680550318,0.0,567.0,0
Japan,1978,0,0,2.0,9.0,0.222,20.5,0.6817,21.0,2.0,21.0,1.0,0.533,0.681680520573805,0.681680520573805,0.1322635848879896,0.003068065907963,0.6846506680550318,0.0,567.0,0
Japan,1979,0,0,2.0,9.0,0.222,20.5,0.6817,21.0,2.0,21.0,1.0,0.533,0.681680520573805,0.681680520573805,0.0881757232586597,0.003068065907963,0.6846506680550318,0.0,567.0,0
Japan,1980,0,0,2.0,9.0,0.222,20.5,0.6817,21.0,2.0,21.0,1.0,0.533,0.681680520573805,0.681680520573805,0.0440878616293298,0.003068065907963,0.6846506680550318,0.0,567.0,0
Japan,1981,0,0,2.0,9.0,0.222,20.5,0.6817,21.0,2.0,21.0,1.0,0.533,0.681680520573805,0.681680520573805,0.0,0.003068065907963,0.6846506680550318,0.0,567.0,0
Japan,1982,0,0,2.0,9.0,0.222,20.5,0.6817,21.0,2.0,21.0,1.0,0.533,0.681680520573805,0.681680520573805,0.0,0.003068065907963,0.6846506680550318,0.0,567.0,0
Japan,1983,0,0,2.0,9.0,0.222,20.5,0.6817,21.0,2.0,21.0,1.0,0.533,0.681680520573805,0.681680520573805,0.0,0.003068065907963,0.6846506680550318,0.0,567.0,0
Japan,1984,0,0,2.0,9.0,0.222,20.5,0.6817,21.0,2.0,21.0,1.0,0.533,0.681680520573805,0.681680520573805,0.0,0.003068065907963,0.6846506680550318,0.0,567.0,0
Japan,1985,0,0,2.0,9.0,0.222,20.5,0.6817,21.0,2.0,21.0,1.0,0.533,0.681680520573805,0.681680520573805,0.0,0.003068065907963,0.6846506680550318,0.0,567.0,0
Japan,1986,0,0,2.0,9.0,0.222,20.5,0.6817,21.0,2.0,21.0,1.0,0.533,0.681680520573805,0.681680520573805,0.0,0.003068065907963,0.6846506680550318,0.0,567.0,0
Japan,1987,0,0,2.0,9.0,0.222,20.5,0.6817,21.0,2.0,21.0,1.0,0.533,0.681680520573805,0.681680520573805,0.0,0.003068065907963,0.6846506680550318,0.0,567.0,0
Japan,1988,0,0,2.0,9.0,0.222,20.5,0.6817,21.0,2.0,21.0,1.0,0.533,0.681680520573805,0.681680520573805,0.0,0.003068065907963,0.6846506680550318,0.0,567.0,0
Japan,1989,0,0,2.0,9.0,0.222,20.5,0.6817,21.0,2.0,21.0,1.0,0.533,0.681680520573805,0.681680520573805,0.0,0.003068065907963,0.6846506680550318,0.0,567.0,0
Japan,1990,0,0,3.25,8.5,0.382,18.188,0.5511,20.0,3.0,19.5,1.222,2.7,0.5510868404661098,0.5510868404661098,0.2106794685234744,0.0185906831472902,0.564551823256278,0.0,403.5,0
Japan,1991,0,0,4.125,7.625,0.541,15.562,0.459,17.0,4.0,16.5,1.228,3.3,0.4590047843959181,0.4590047843959181,0.3891400877783109,0.0541862494850059,0.486395375399178,0.0,247.625,0
Japan,1992,0,0,5.0,6.75,0.741,12.938,0.3813,14.0,5.0,13.5,1.232,3.9,0.3813160623417155,0.3813160623417155,0.6523791048543838,0.3030156602825132,0.4548628888121252,0.0,122.75,0
Japan,1993,0,0,5.875,5.875,1.0,10.312,0.3158,11.0,6.0,10.5,1.235,4.5,0.3157904930195423,0.3157904930195423,0.8012659974657034,0.4755722590381001,0.3670014647327501,0.5,28.875,0
Japan,1994,0,0,6.75,5.0,1.35,7.688,0.2605,8.0,7.0,7.5,1.237,5.1,0.2605333875180986,0.2605333875180986,0.3179137427424792,0.1144875453731478,0.3075553894342196,0.875,-34.0,0
Japan,1995,0,0,6.75,5.0,1.35,7.688,0.2605,8.0,7.0,7.5,1.237,5.1,0.2605333875180986,0.2605333875180986,0.2108159528714799,0.1144875453731478,0.3075553894342196,0.875,-34.0,0
Japan,1996,0,0,6.75,5.0,1.35,7.688,0.2605,8.0,7.0,7.5,1.237,5.1,0.2605333875180986,0.2605333875180986,0.1769527528325948,0.1144875453731478,0.3075553894342196,0.875,-34.0,0
Japan,1997,0,0,6.75,5.0,1.35,7.688,0.2605,8.0,7.0,7.5,1.237,5.1,0.2605333875180986,0.2605333875180986,0.1875139390402842,0.1144875453731478,0.3075553894342196,0.875,-34.0,0
Japan,1998,0,0,7.75,4.125,1.879,4.438,0.1945,4.5,8.0,4.0,1.204,5.5,0.1945331953095087,0.1945331953095087,0.2316629858091738,0.0487015358156808,0.224387853801168,0.875,-67.375,0
Japan,1999,0,0,7.75,4.125,1.879,4.438,0.1945,4.5,8.0,4.0,1.204,5.5,0.1945331953095087,0.1945331953095087,0.1749033934676735,0.0487015358156808,0.224387853801168,0.875,-67.375,0
Japan,2000,0,0,7.75,4.125,1.879,4.438,0.1945,4.5,8.0,4.0,1.204,5.5,0.1945331953095087,0.1945331953095087,0.1311775451007551,0.0487015358156808,0.224387853801168,0.875,-67.375,0
Japan,2001,0,0,7.75,4.125,1.879,4.438,0.1945,4.5,8.0,4.0,1.204,5.5,0.1945331953095087,0.1945331953095087,0.0874516967338367,0.0487015358156808,0.224387853801168,0.875,-67.375,0
Japan,2002,0,0,7.75,4.125,1.879,4.438,0.1945,4.5,8.0,4.0,1.204,5.5,0.1945331953095087,0.1945331953095087,0.0437258483669184,0.0487015358156808,0.224387853801168,0.875,-67.375,0
Japan,2003,0,0,7.75,4.125,1.879,4.438,0.1945,4.5,8.0,4.0,1.204,5.5,0.1945331953095087,0.1945331953095087,0.0,0.0487015358156808,0.224387853801168,0.875,-67.375,0
Japan,2004,0,0,7.75,4.125,1.879,4.438,0.1945,4.5,8.0,4.0,1.204,5.5,0.1945331953095087,0.1945331953095087,0.0,0.0487015358156808,0.224387853801168,0.875,-67.375,0
Japan,2005,0,0,7.75,4.125,1.879,4.438,0.1945,4.5,8.0,4.0,1.204,5.5,0.1945331953095087,0.1945331953095087,0.0,0.0487015358156808,0.224387853801168,0.875,-67.375,0
Japan,2006,0,0,7.75,4.125,1.879,4.438,0.1945,4.5,8.0,4.0,1.204,5.5,0.1945331953095087,0.1945331953095087,0.0,0.0487015358156808,0.224387853801168,0.875,-67.375,0
Japan,2007,0,0,7.75,4.125,1.879,4.438,0.1945,4.5,8.0,4.0,1.204,5.5,0.1945331953095087,0.1945331953095087,0.0,0.0487015358156808,0.224387853801168,0.875,-67.375,0
Japan,2008,0,0,7.75,4.125,1.879,4.438,0.1945,4.5,8.0,4.0,1.204,5.5,0.1945331953095087,0.1945331953095087,0.0,0.0487015358156808,0.224387853801168,0.875,-67.375,0
Japan,2009,0,0,7.75,4.125,1.879,4.438,0.1945,4.5,8.0,4.0,1.204,5.5,0.1945331953095087,0.1945331953095087,0.0,0.0487015358156808,0.224387853801168,0.875,-67.375,0
Japan,2010,0,0,7.75,4.125,1.879,4.438,0.1945,4.5,8.0,4.0,1.204,5.5,0.1945331953095087,0.1945331953095087,0.0,0.0487015358156808,0.224387853801168,0.875,-67.375,0
Japan,2011,0,0,8.75,3.125,2.8,1.562,0.1545,1.5,9.0,1.0,1.179,5.433,0.1544595223858887,0.1544595223858887,0.2396946863396692,0.0098598949295963,0.1639761883094946,0.875,-92.75,0
Japan,2012,0,0,8.75,3.125,2.8,1.562,0.1545,1.5,9.0,1.0,1.179,5.433,0.1544595223858887,0.1544595223858887,0.1917557490717353,0.0098598949295963,0.1639761883094946,0.875,-92.75,0
Japan,2013,0,0,8.75,3.125,2.8,1.562,0.1545,1.5,9.0,1.0,1.179,5.433,0.1544595223858887,0.1544595223858887,0.1438168118038015,0.0098598949295963,0.1639761883094946,0.875,-92.75,0
Japan,2014,0,0,8.75,3.125,2.8,1.562,0.1545,1.5,9.0,1.0,1.179,5.433,0.1544595223858887,0.1544595223858887,0.0958778745358676,0.0098598949295963,0.1639761883094946,0.875,-92.75,0
Japan,2015,0,0,8.75,3.125,2.8,1.562,0.1545,1.5,9.0,1.0,1.179,5.433,0.1544595223858887,0.1544595223858887,0.0479389372679338,0.0098598949295963,0.1639761883094946,0.875,-92.75,0
Japan,2016,0,0,8.75,3.125,2.8,1.562,0.1545,1.5,9.0,1.0,1.179,5.433,0.1544595223858887,0.1544595223858887,0.0,0.0098598949295963,0.1639761883094946,0.875,-92.75,0
Japan,2017,0,0,8.75,3.125,2.8,1.562,0.1545,1.5,9.0,1.0,1.179,5.433,0.1544595223858887,0.1544595223858887,0.0,0.0098598949295963,0.1639761883094946,0.875,-92.75,0
Japan,2018,0,0,8.75,3.125,2.8,1.562,0.1545,1.5,9.0,1.0,1.179,5.433,0.1544595223858887,0.1544595223858887,0.0,0.0098598949295963,0.1639761883094946,0.875,-92.75,0
Japan,2019,0,0,8.75,3.125,2.8,1.562,0.1545,1.5,9.0,1.0,1.179,5.433,0.1544595223858887,0.1544595223858887,0.0,0.0098598949295963,0.1639761883094946,0.875,-92.75,0
Japan,2020,0,0,8.875,3.125,2.84,1.438,0.1506,1.5,9.0,1.0,1.151,5.233,0.1506412872944674,0.1506412872944674,0.1340949801710152,0.0060949928380545,0.1521638539788865,0.875,-100.75,0
Japan,2021,0,0,8.875,3.125,2.84,1.438,0.1506,1.5,9.0,1.0,1.151,5.233,0.1506412872944674,0.1506412872944674,0.1072759841368122,0.0060949928380545,0.1521638539788865,0.875,-100.75,0
Japan,2022,0,0,8.875,3.125,2.84,1.438,0.1506,1.5,9.0,1.0,1.151,5.233,0.1506412872944674,0.1506412872944674,0.0804569881026091,0.0060949928380545,0.1521638539788865,0.875,-100.75,0
Japan,2023,0,0,8.875,3.125,2.84,1.438,0.1506,1.5,9.0,1.0,1.151,5.233,0.1506412872944674,0.1506412872944674,0.0536379920684061,0.0060949928380545,0.1521638539788865,0.875,-100.75,0
Japan,2024,0,0,8.875,3.125,2.84,1.438,0.1506,1.5,9.0,1.0,1.151,5.233,0.1506412872944674,0.1506412872944674,0.026818996034203,0.0060949928380545,0.1521638539788865,0.875,-100.75,0
Japan,2025,0,0,8.875,3.125,2.84,1.438,0.1506,1.5,9.0,1.0,1.151,5.233,0.1506412872944674,0.1506412872944674,0.0,0.0060949928380545,0.1521638539788865,0.875,-100.75,0
Lebanon,1943,0,0,5.5,4.875,1.128,6.625,0.2233,4.5,6.0,5.5,1.049,1.533,0.2232829692122716,0.2232829692122716,,0.1065451298975043,0.2417045289036308,0.5,5.25,0
Lebanon,1944,0,0,5.0,5.375,0.93,8.0,0.2527,7.5,5.0,7.5,1.111,1.867,0.2526855602625918,0.2526855602625918,,0.3172174207138731,0.2902262396294382,0.25,22.75,0
Lebanon,1945,0,0,4.5,6.125,0.735,10.5,0.315,10.0,5.0,10.0,1.061,1.067,0.3150445005056224,0.3150445005056224,,0.2505398142509391,0.3814698914445683,0.0,68.75,0
Lebanon,1946,0,0,4.5,6.125,0.735,10.5,0.315,10.0,5.0,10.0,1.061,1.067,0.3150445005056224,0.3150445005056224,,0.2505398142509391,0.3814698914445683,0.0,68.75,0
Lebanon,1947,0,0,4.5,6.125,0.735,10.5,0.315,10.0,5.0,10.0,1.061,1.067,0.3150445005056224,0.3150445005056224,,0.2505398142509391,0.3814698914445683,0.0,68.75,0
Lebanon,1948,0,0,5.5,6.125,0.898,9.5,0.2743,9.0,6.0,9.0,1.049,1.067,0.2742621673785156,0.2742621673785156,0.2057137815435439,0.3405573562479774,0.3307037609556866,0.25,34.375,0
Lebanon,1949,0,0,5.5,6.125,0.898,9.5,0.2743,9.0,6.0,9.0,1.049,1.067,0.2742621673785156,0.2742621673785156,0.0915794491446474,0.3405573562479774,0.3307037609556866,0.25,34.375,0
Lebanon,1950,0,0,5.5,6.125,0.898,9.5,0.2743,9.0,6.0,9.0,1.049,1.067,0.2742621673785156,0.2742621673785156,0.05929753932117,0.3405573562479774,0.3307037609556866,0.25,34.375,0
Lebanon,1951,0,0,5.5,6.125,0.898,9.5,0.2743,9.0,6.0,9.0,1.049,1.067,0.2742621673785156,0.2742621673785156,0.03953169288078,0.3405573562479774,0.3307037609556866,0.25,34.375,0
Lebanon,1952,0,0,5.5,6.125,0.898,9.5,0.2743,9.0,6.0,9.0,1.049,1.067,0.2742621673785156,0.2742621673785156,0.01976584644039,0.3405573562479774,0.3307037609556866,0.25,34.375,0
Lebanon,1953,0,0,5.5,6.125,0.898,9.5,0.2743,9.0,6.0,9.0,1.049,1.067,0.2742621673785156,0.2742621673785156,0.0,0.3405573562479774,0.3307037609556866,0.25,34.375,0
Lebanon,1954,0,0,5.5,6.125,0.898,9.5,0.2743,9.0,6.0,9.0,1.049,1.067,0.2742621673785156,0.2742621673785156,0.0,0.3405573562479774,0.3307037609556866,0.25,34.375,0
Lebanon,1955,1,0,5.5,6.125,0.898,9.5,0.2743,9.0,6.0,9.0,1.049,1.067,0.2742621673785156,0.2742621673785156,0.0,0.3405573562479774,0.3307037609556866,0.25,34.375,0
Lebanon,1956,1,0,5.5,6.125,0.898,9.5,0.2743,9.0,6.0,9.0,1.049,1.067,0.2742621673785156,0.2742621673785156,0.0,0.3405573562479774,0.3307037609556866,0.25,34.375,0
Lebanon,1957,1,0,5.5,6.125,0.898,9.5,0.2743,9.0,6.0,9.0,1.049,1.067,0.2742621673785156,0.2742621673785156,0.0,0.3405573562479774,0.3307037609556866,0.25,34.375,0
Lebanon,1958,0,1,6.5,6.125,1.061,8.5,0.2388,8.0,7.0,8.0,1.042,1.067,0.2387590843021826,0.2387590843021826,0.6552769988018164,0.0380536124244247,0.2515810118788752,0.625,0.0,0
Lebanon,1959,0,0,6.5,6.125,1.061,8.5,0.2388,8.0,7.0,8.0,1.042,1.067,0.2387590843021826,0.2387590843021826,0.5242215990414533,0.0380536124244247,0.2515810118788752,0.625,0.0,0
Lebanon,1960,0,0,6.5,6.125,1.061,8.5,0.2388,8.0,7.0,8.0,1.042,1.067,0.2387590843021826,0.2387590843021826,0.3931661992810899,0.0380536124244247,0.2515810118788752,0.625,0.0,0
Lebanon,1961,0,0,6.5,6.125,1.061,8.5,0.2388,8.0,7.0,8.0,1.042,1.067,0.2387590843021826,0.2387590843021826,0.2621107995207266,0.0380536124244247,0.2515810118788752,0.625,0.0,0
Lebanon,1962,0,0,6.5,6.125,1.061,8.5,0.2388,8.0,7.0,8.0,1.042,1.067,0.2387590843021826,0.2387590843021826,0.1310553997603633,0.0380536124244247,0.2515810118788752,0.625,0.0,0
Lebanon,1963,0,0,6.5,6.125,1.061,8.5,0.2388,8.0,7.0,8.0,1.042,1.067,0.2387590843021826,0.2387590843021826,0.0,0.0380536124244247,0.2515810118788752,0.625,0.0,0
Lebanon,1964,0,0,6.5,6.125,1.061,8.5,0.2388,8.0,7.0,8.0,1.042,1.067,0.2387590843021826,0.2387590843021826,0.0,0.0380536124244247,0.2515810118788752,0.625,0.0,0
Lebanon,1965,0,0,6.5,6.125,1.061,8.5,0.2388,8.0,7.0,8.0,1.042,1.067,0.2387590843021826,0.2387590843021826,0.0,0.0380536124244247,0.2515810118788752,0.625,0.0,0
Lebanon,1966,0,0,6.5,6.125,1.061,8.5,0.2388,8.0,7.0,8.0,1.042,1.067,0.2387590843021826,0.2387590843021826,0.0,0.0380536124244247,0.2515810118788752,0.625,0.0,0
Lebanon,1967,0,0,7.25,6.0,1.208,7.375,0.2098,8.0,7.0,7.0,1.019,1.4,0.2097691291764395,0.2097691291764395,0.4228938038232193,0.0853793557952782,0.2020479638802935,0.75,-30.625,0
Lebanon,1968,0,0,7.25,6.0,1.208,7.375,0.2098,8.0,7.0,7.0,1.019,1.4,0.2097691291764395,0.2097691291764395,0.3383150430585754,0.0853793557952782,0.2020479638802935,0.75,-30.625,0
Lebanon,1969,0,0,7.25,6.0,1.208,7.375,0.2098,8.0,7.0,7.0,1.019,1.4,0.2097691291764395,0.2097691291764395,0.2537362822939316,0.0853793557952782,0.2020479638802935,0.75,-30.625,0
Lebanon,1970,0,0,7.25,6.0,1.208,7.375,0.2098,8.0,7.0,7.0,1.019,1.4,0.2097691291764395,0.2097691291764395,0.1691575215292877,0.0853793557952782,0.2020479638802935,0.75,-30.625,0
Lebanon,1971,0,0,7.25,6.0,1.208,7.375,0.2098,8.0,7.0,7.0,1.019,1.4,0.2097691291764395,0.2097691291764395,0.0845787607646438,0.0853793557952782,0.2020479638802935,0.75,-30.625,0
Lebanon,1972,1,0,7.25,6.0,1.208,7.375,0.2098,8.0,7.0,7.0,1.019,1.4,0.2097691291764395,0.2097691291764395,0.0,0.0853793557952782,0.2020479638802935,0.75,-30.625,0
Lebanon,1973,1,0,7.25,6.0,1.208,7.375,0.2098,8.0,7.0,7.0,1.019,1.4,0.2097691291764395,0.2097691291764395,0.0,0.0853793557952782,0.2020479638802935,0.75,-30.625,1
Lebanon,1974,1,0,7.25,6.0,1.208,7.375,0.2098,8.0,7.0,7.0,1.019,1.4,0.2097691291764395,0.2097691291764395,0.0,0.0853793557952782,0.2020479638802935,0.75,-30.625,1
Lebanon,1975,0,1,9.0,2.875,3.13,-1.625,0.0864,-3.5,9.0,-1.0,1.061,1.667,0.0864441617588535,0.0864441617588535,0.3697880000274617,0.0139021491407174,0.0903972566120202,1.0,-55.5,1
Lebanon,1976,0,0,9.0,2.875,3.13,-1.625,0.0864,-3.5,9.0,-1.0,1.061,1.667,0.0864441617588535,0.0864441617588535,0.2958304000219694,0.0139021491407174,0.0903972566120202,1.0,-55.5,0
Lebanon,1977,0,0,9.0,2.875,3.13,-1.625,0.0864,-3.5,9.0,-1.0,1.061,1.667,0.0864441617588535,0.0864441617588535,0.221872800016477,0.0139021491407174,0.0903972566120202,1.0,-55.5,0
Lebanon,1978,0,0,9.0,2.875,3.13,-1.625,0.0864,-3.5,9.0,-1.0,1.061,1.667,0.0864441617588535,0.0864441617588535,0.1479152000109847,0.0139021491407174,0.0903972566120202,1.0,-55.5,0
Lebanon,1979,0,0,9.0,2.875,3.13,-1.625,0.0864,-3.5,9.0,-1.0,1.061,1.667,0.0864441617588535,0.0864441617588535,0.0739576000054923,0.0139021491407174,0.0903972566120202,1.0,-55.5,0
Lebanon,1980,0,0,9.0,2.875,3.13,-1.625,0.0864,-3.5,9.0,-1.0,1.061,1.667,0.0864441617588535,0.0864441617588535,0.0,0.0139021491407174,0.0903972566120202,1.0,-55.5,0
Lebanon,1981,0,0,9.0,2.875,3.13,-1.625,0.0864,-3.5,9.0,-1.0,1.061,1.667,0.0864441617588535,0.0864441617588535,0.0,0.0139021491407174,0.0903972566120202,1.0,-55.5,0
Lebanon,1982,0,0,9.0,2.875,3.13,-1.625,0.0864,-3.5,9.0,-1.0,1.061,1.667,0.0864441617588535,0.0864441617588535,0.0,0.0139021491407174,0.0903972566120202,1.0,-55.5,0
Lebanon,1983,0,0,9.0,2.875,3.13,-1.625,0.0864,-3.5,9.0,-1.0,1.061,1.667,0.0864441617588535,0.0864441617588535,0.0,0.0139021491407174,0.0903972566120202,1.0,-55.5,0
Lebanon,1984,0,0,9.0,2.875,3.13,-1.625,0.0864,-3.5,9.0,-1.0,1.061,1.667,0.0864441617588535,0.0864441617588535,0.0,0.0139021491407174,0.0903972566120202,1.0,-55.5,0
Lebanon,1985,0,0,9.0,2.875,3.13,-1.625,0.0864,-3.5,9.0,-1.0,1.061,1.667,0.0864441617588535,0.0864441617588535,0.0,0.0139021491407174,0.0903972566120202,1.0,-55.5,0
Lebanon,1986,0,0,9.0,2.875,3.13,-1.625,0.0864,-3.5,9.0,-1.0,1.061,1.667,0.0864441617588535,0.0864441617588535,0.0,0.0139021491407174,0.0903972566120202,1.0,-55.5,0
Lebanon,1987,0,0,9.0,2.875,3.13,-1.625,0.0864,-3.5,9.0,-1.0,1.061,1.667,0.0864441617588535,0.0864441617588535,0.0,0.0139021491407174,0.0903972566120202,1.0,-55.5,0
Lebanon,1988,0,0,9.0,2.875,3.13,-1.625,0.0864,-3.5,9.0,-1.0,1.061,1.667,0.0864441617588535,0.0864441617588535,0.0,0.0139021491407174,0.0903972566120202,1.0,-55.5,0
Lebanon,1989,0,0,9.0,2.875,3.13,-1.625,0.0864,-3.5,9.0,-1.0,1.061,1.667,0.0864441617588535,0.0864441617588535,0.0,0.0139021491407174,0.0903972566120202,1.0,-55.5,0
Lebanon,1990,0,0,8.0,3.875,2.065,1.875,0.1326,0.0,8.0,2.5,1.068,1.667,0.1326010944915996,0.1326010944915996,0.2066867662884443,0.0058691225617917,0.1330588085507315,1.0,-64.5,0
Lebanon,1991,0,0,6.875,5.0,1.375,5.438,0.189,3.5,7.0,6.0,1.111,1.767,0.18902051454424,0.18902051454424,0.3229670550562749,0.1440105075219864,0.1730120618348145,0.75,-40.5,0
Lebanon,1992,0,0,5.125,6.75,0.759,10.438,0.2893,11.0,5.0,11.0,1.067,0.967,0.2893190419811889,0.2893190419811889,0.1973239090243454,0.1608829540759265,0.3238909324786034,0.0,63.375,0
Lebanon,1993,0,0,5.125,6.75,0.759,10.438,0.2893,11.0,5.0,11.0,1.067,0.967,0.2893190419811889,0.2893190419811889,0.1526178756411322,0.1608829540759265,0.3238909324786034,0.0,63.375,0
Lebanon,1994,0,0,5.125,6.75,0.759,10.438,0.2893,11.0,5.0,11.0,1.067,0.967,0.2893190419811889,0.2893190419811889,0.1093042001066804,0.1608829540759265,0.3238909324786034,0.0,63.375,0
Lebanon,1995,0,0,5.125,6.75,0.759,10.438,0.2893,11.0,5.0,11.0,1.067,0.967,0.2893190419811889,0.2893190419811889,0.070016438497653,0.1608829540759265,0.3238909324786034,0.0,63.375,0
Lebanon,1996,0,0,5.125,6.75,0.759,10.438,0.2893,11.0,5.0,11.0,1.067,0.967,0.2893190419811889,0.2893190419811889,0.0343220431446813,0.1608829540759265,0.3238909324786034,0.0,63.375,0
Lebanon,1997,0,0,5.125,6.75,0.759,10.438,0.2893,11.0,5.0,11.0,1.067,0.967,0.2893190419811889,0.2893190419811889,0.0,0.1608829540759265,0.3238909324786034,0.0,63.375,0
Lebanon,1998,0,0,5.125,6.75,0.759,10.438,0.2893,11.0,5.0,11.0,1.067,0.967,0.2893190419811889,0.2893190419811889,0.0,0.1608829540759265,0.3238909324786034,0.0,63.375,0
Lebanon,1999,0,0,5.125,6.75,0.759,10.438,0.2893,11.0,5.0,11.0,1.067,0.967,0.2893190419811889,0.2893190419811889,0.0,0.1608829540759265,0.3238909324786034,0.0,63.375,0
Lebanon,2000,0,0,5.125,6.75,0.759,10.438,0.2893,11.0,5.0,11.0,1.067,0.967,0.2893190419811889,0.2893190419811889,0.0,0.1608829540759265,0.3238909324786034,0.0,63.375,0
Lebanon,2001,0,0,5.125,6.75,0.759,10.438,0.2893,11.0,5.0,11.0,1.067,0.967,0.2893190419811889,0.2893190419811889,0.0,0.1608829540759265,0.3238909324786034,0.0,63.375,0
Lebanon,2002,0,0,5.125,6.75,0.759,10.438,0.2893,11.0,5.0,11.0,1.067,0.967,0.2893190419811889,0.2893190419811889,0.0,0.1608829540759265,0.3238909324786034,0.0,63.375,0
Lebanon,2003,1,0,5.125,6.75,0.759,10.438,0.2893,11.0,5.0,11.0,1.067,0.967,0.2893190419811889,0.2893190419811889,0.0,0.1608829540759265,0.3238909324786034,0.0,63.375,0
Lebanon,2004,1,0,5.125,6.75,0.759,10.438,0.2893,11.0,5.0,11.0,1.067,0.967,0.2893190419811889,0.2893190419811889,0.0,0.1608829540759265,0.3238909324786034,0.0,63.375,0
Lebanon,2005,1,0,5.125,6.75,0.759,10.438,0.2893,11.0,5.0,11.0,1.067,0.967,0.2893190419811889,0.2893190419811889,0.0,0.1608829540759265,0.3238909324786034,0.0,63.375,0
Lebanon,2006,0,1,5.125,6.75,0.759,10.438,0.2893,11.0,5.0,11.0,1.067,0.967,0.2893190419811889,0.2893190419811889,0.0,0.1608829540759265,0.3238909324786034,0.0,63.375,0
Lebanon,2007,0,0,5.125,6.75,0.759,10.438,0.2893,11.0,5.0,11.0,1.067,0.967,0.2893190419811889,0.2893190419811889,0.0,0.1608829540759265,0.3238909324786034,0.0,63.375,0
Lebanon,2008,0,0,5.125,6.75,0.759,10.438,0.2893,11.0,5.0,11.0,1.067,0.967,0.2893190419811889,0.2893190419811889,0.0,0.1608829540759265,0.3238909324786034,0.0,63.375,0
Lebanon,2009,0,0,5.125,6.75,0.759,10.438,0.2893,11.0,5.0,11.0,1.067,0.967,0.2893190419811889,0.2893190419811889,0.0,0.1608829540759265,0.3238909324786034,0.0,63.375,0
Lebanon,2010,0,0,5.125,6.75,0.759,10.438,0.2893,11.0,5.0,11.0,1.067,0.967,0.2893190419811889,0.2893190419811889,0.0,0.1608829540759265,0.3238909324786034,0.0,63.375,0
Lebanon,2011,0,0,5.125,6.75,0.759,10.438,0.2893,11.0,5.0,11.0,1.067,0.967,0.2893190419811889,0.2893190419811889,0.0,0.1608829540759265,0.3238909324786034,0.0,63.375,0
Lebanon,2012,0,0,5.125,6.75,0.759,10.438,0.2893,11.0,5.0,11.0,1.067,0.967,0.2893190419811889,0.2893190419811889,0.0,0.1608829540759265,0.3238909324786034,0.0,63.375,0
Lebanon,2013,0,0,5.125,6.75,0.759,10.438,0.2893,11.0,5.0,11.0,1.067,0.967,0.2893190419811889,0.2893190419811889,0.0,0.1608829540759265,0.3238909324786034,0.0,63.375,0
Lebanon,2014,0,0,5.125,6.75,0.759,10.438,0.2893,11.0,5.0,11.0,1.067,0.967,0.2893190419811889,0.2893190419811889,0.0,0.1608829540759265,0.3238909324786034,0.0,63.375,0
Lebanon,2015,0,0,5.125,6.75,0.759,10.438,0.2893,11.0,5.0,11.0,1.067,0.967,0.2893190419811889,0.2893190419811889,0.0,0.1608829540759265,0.3238909324786034,0.0,63.375,0
Lebanon,2016,1,0,5.125,6.75,0.759,10.438,0.2893,11.0,5.0,11.0,1.067,0.967,0.2893190419811889,0.2893190419811889,0.0,0.1608829540759265,0.3238909324786034,0.0,63.375,0
Lebanon,2017,1,0,5.125,6.75,0.759,10.438,0.2893,11.0,5.0,11.0,1.067,0.967,0.2893190419811889,0.2893190419811889,0.0,0.1608829540759265,0.3238909324786034,0.0,63.375,0
Lebanon,2018,1,0,5.125,6.75,0.759,10.438,0.2893,11.0,5.0,11.0,1.067,0.967,0.2893190419811889,0.2893190419811889,0.0,0.1608829540759265,0.3238909324786034,0.0,63.375,1
Lebanon,2019,1,1,5.125,6.75,0.759,10.438,0.2893,11.0,5.0,11.0,1.067,0.967,0.2893190419811889,0.2893190419811889,0.0,0.1608829540759265,0.3238909324786034,0.0,63.375,1
Lebanon,2020,0,1,6.125,5.75,1.065,6.875,0.2065,7.5,6.0,7.5,1.056,1.133,0.2065344870943259,0.2065344870943259,0.4203893418807177,0.4782199279419775,0.1906866425382365,0.25,-2.5,1
Lebanon,2021,0,0,6.125,5.75,1.065,6.875,0.2065,7.5,6.0,7.5,1.056,1.133,0.2065344870943259,0.2065344870943259,0.3363114735045741,0.4782199279419775,0.1906866425382365,0.25,-2.5,0
Lebanon,2022,0,0,6.125,5.75,1.065,6.875,0.2065,7.5,6.0,7.5,1.056,1.133,0.2065344870943259,0.2065344870943259,0.2522336051284306,0.4782199279419775,0.1906866425382365,0.25,-2.5,0
Lebanon,2023,0,0,6.125,5.75,1.065,6.875,0.2065,7.5,6.0,7.5,1.056,1.133,0.2065344870943259,0.2065344870943259,0.1681557367522871,0.4782199279419775,0.1906866425382365,0.25,-2.5,0
Lebanon,2024,0,0,6.125,5.75,1.065,6.875,0.2065,7.5,6.0,7.5,1.056,1.133,0.2065344870943259,0.2065344870943259,0.0840778683761435,0.4782199279419775,0.1906866425382365,0.25,-2.5,0
Lebanon,2025,0,0,6.125,5.75,1.065,6.875,0.2065,7.5,6.0,7.5,1.056,1.133,0.2065344870943259,0.2065344870943259,0.0,0.4782199279419775,0.1906866425382365,0.25,-2.5,0
New Zealand,1900,0,0,2.125,5.75,0.37,11.375,0.3779,10.0,2.0,11.5,0.909,-0.733,0.3779452272021721,0.3779452272021721,,0.0356116149047996,0.3928435138981975,0.0,93.0,0
New Zealand,1901,0,0,2.125,5.75,0.37,11.375,0.3779,10.0,2.0,11.5,0.909,-0.733,0.3779452272021721,0.3779452272021721,,0.0356116149047996,0.3928435138981975,0.0,93.0,0
New Zealand,1902,0,0,2.125,5.75,0.37,11.375,0.3779,10.0,2.0,11.5,0.909,-0.733,0.3779452272021721,0.3779452272021721,,0.0356116149047996,0.3928435138981975,0.0,93.0,0
New Zealand,1903,0,0,2.125,5.75,0.37,11.375,0.3779,10.0,2.0,11.5,0.909,-0.733,0.3779452272021721,0.3779452272021721,,0.0356116149047996,0.3928435138981975,0.0,93.0,0
New Zealand,1904,0,0,2.125,5.75,0.37,11.375,0.3779,10.0,2.0,11.5,0.909,-0.733,0.3779452272021721,0.3779452272021721,,0.0356116149047996,0.3928435138981975,0.0,93.0,0
New Zealand,1905,0,0,2.0,5.875,0.34,11.625,0.3847,10.0,2.0,12.5,1.0,-0.333,0.3846632563581155,0.3846632563581155,0.1245699914782988,0.0331265278581842,0.4001298278657591,0.0,99.875,0
New Zealand,1906,0,0,2.0,6.0,0.333,11.75,0.3847,10.0,2.0,12.5,1.0,-0.667,0.3846632563581155,0.3846632563581155,0.1103073490472724,0.0368135377470459,0.4009272474030351,0.0,103.625,0
New Zealand,1907,0,0,2.0,6.0,0.333,11.75,0.3847,10.0,2.0,12.5,1.0,-0.667,0.3846632563581155,0.3846632563581155,0.0845342944331694,0.0368135377470459,0.4009272474030351,0.0,103.625,0
New Zealand,1908,0,0,2.0,6.0,0.333,11.75,0.3847,10.0,2.0,12.5,1.0,-0.667,0.3846632563581155,0.3846632563581155,0.0589958844477834,0.0368135377470459,0.4009272474030351,0.0,103.625,0
New Zealand,1909,0,0,2.0,6.0,0.333,11.75,0.3847,10.0,2.0,12.5,1.0,-0.667,0.3846632563581155,0.3846632563581155,0.0342215369792778,0.0368135377470459,0.4009272474030351,0.0,103.625,0
New Zealand,1910,0,0,2.0,6.0,0.333,11.75,0.3847,10.0,2.0,12.5,1.0,-0.667,0.3846632563581155,0.3846632563581155,0.0147595585861294,0.0368135377470459,0.4009272474030351,0.0,103.625,0
New Zealand,1911,0,0,2.0,6.0,0.333,11.75,0.3847,10.0,2.0,12.5,1.0,-0.667,0.3846632563581155,0.3846632563581155,0.0,0.0368135377470459,0.4009272474030351,0.0,103.625,0
New Zealand,1912,0,0,2.0,6.0,0.333,11.75,0.3847,10.0,2.0,12.5,1.0,-0.667,0.3846632563581155,0.3846632563581155,0.0,0.0368135377470459,0.4009272474030351,0.0,103.625,0
New Zealand,1913,0,0,2.375,6.0,0.396,11.375,0.3649,10.0,2.0,11.5,1.212,-0.2,0.3649169390237407,0.3649169390237407,0.1301984910139823,0.0361542365643799,0.3784318065791366,0.0,93.125,0
New Zealand,1914,0,0,2.375,6.0,0.396,11.375,0.3649,10.0,2.0,11.5,1.212,-0.2,0.3649169390237407,0.3649169390237407,0.1041587928111858,0.0361542365643799,0.3784318065791366,0.0,93.125,0
New Zealand,1915,0,0,2.375,5.625,0.422,10.812,0.3566,10.0,2.0,11.5,1.212,-0.3,0.3565675262485356,0.3565675262485356,0.2205647567493116,0.0258596136717462,0.365226648420915,0.0,78.25,0
New Zealand,1916,0,0,2.875,5.125,0.561,9.25,0.3084,10.0,2.0,9.5,1.071,-0.133,0.3083531587147518,0.3083531587147518,0.4030469196084043,0.0512156325575766,0.3268316765934632,0.0,49.875,0
New Zealand,1917,0,0,2.875,5.125,0.561,9.25,0.3084,10.0,2.0,9.5,1.071,-0.133,0.3083531587147518,0.3083531587147518,0.3194519457100539,0.0512156325575766,0.3268316765934632,0.0,49.875,0
New Zealand,1918,0,0,3.25,5.125,0.634,8.875,0.2929,10.0,2.0,8.5,1.222,0.333,0.2929264973594209,0.2929264973594209,0.356977873099143,0.0793755782980735,0.3168919016908369,0.0,41.75,0
New Zealand,1919,0,0,3.25,5.125,0.634,8.875,0.2929,10.0,2.0,8.5,1.222,0.333,0.2929264973594209,0.2929264973594209,0.2686602486889854,0.0793755782980735,0.3168919016908369,0.0,41.75,0
New Zealand,1920,0,0,3.25,5.125,0.634,8.875,0.2929,10.0,2.0,8.5,1.222,0.333,0.2929264973594209,0.2929264973594209,0.1888796893347524,0.0793755782980735,0.3168919016908369,0.0,41.75,0
New Zealand,1921,0,0,3.25,5.125,0.634,8.875,0.2929,10.0,2.0,8.5,1.222,0.333,0.2929264973594209,0.2929264973594209,0.1203335142247178,0.0793755782980735,0.3168919016908369,0.0,41.75,0
New Zealand,1922,0,0,3.75,5.0,0.75,8.25,0.2734,10.0,2.0,8.5,1.458,1.467,0.2734286349589505,0.2734286349589505,0.2646199585015435,0.2161256995177846,0.3124230693193703,0.0,28.0,0
New Zealand,1923,0,0,4.125,4.625,0.892,7.0,0.2425,9.0,3.0,7.5,1.228,2.133,0.2424700955932304,0.2424700955932304,0.444330910148666,0.276428702720604,0.2676802273930416,0.125,10.375,0
New Zealand,1924,0,0,4.375,4.625,0.946,6.75,0.2344,9.0,3.0,7.5,1.25,2.267,0.2344066282633371,0.2344066282633371,0.2943378499122278,0.2840983816639757,0.244795113319615,0.25,5.25,0
New Zealand,1925,0,0,4.625,4.125,1.121,5.438,0.2078,7.0,3.0,5.0,1.27,1.233,0.2078489611181409,0.2078489611181409,0.9903281064704724,0.3605680553151701,0.1946173296072912,0.375,-8.0,0
New Zealand,1926,0,0,4.75,4.0,1.188,5.0,0.1968,7.0,3.0,5.0,1.349,1.867,0.1967759470955107,0.1967759470955107,0.4542791060494192,0.1655040108855409,0.1837496941395562,0.625,-8.625,0
New Zealand,1927,0,0,5.0,4.0,1.25,4.75,0.1903,7.0,3.0,5.0,1.364,2.0,0.1902965061682026,0.1902965061682026,0.4355837084224519,0.1072462984134202,0.1787740578944747,0.75,-12.625,0
New Zealand,1928,0,0,5.375,3.625,1.483,3.5,0.166,6.0,4.0,4.0,1.2,2.667,0.1659991549808437,0.1659991549808437,0.1051371891653591,0.0974622831869904,0.1551293320401523,0.875,-20.125,0
New Zealand,1929,0,0,5.875,3.5,1.679,2.875,0.1558,6.0,4.0,4.0,1.346,3.8,0.1557674401553119,0.1557674401553119,0.1537572419919173,0.1154100592874256,0.1381683001460572,0.875,-26.625,0
New Zealand,1930,0,0,5.875,3.5,1.679,2.875,0.1558,6.0,4.0,4.0,1.346,3.8,0.1557674401553119,0.1557674401553119,0.0954031931945904,0.1154100592874256,0.1381683001460572,0.875,-26.625,0
New Zealand,1931,0,0,5.875,3.5,1.679,2.875,0.1558,6.0,4.0,4.0,1.346,3.8,0.1557674401553119,0.1557674401553119,0.1324507274267081,0.1154100592874256,0.1381683001460572,0.875,-26.625,0
New Zealand,1932,0,0,5.5,4.25,1.294,4.688,0.1851,6.0,4.0,5.0,1.267,1.9,0.185050640803258,0.185050640803258,0.5051164173768292,0.1851585921238995,0.1677451188847147,0.75,-19.0,0
New Zealand,1933,0,0,5.625,4.5,1.25,5.188,0.1926,7.0,4.0,6.5,1.218,2.433,0.1925671213587866,0.1925671213587866,0.2905279172519458,0.0993815670175451,0.1844131565143615,0.75,-19.625,0
New Zealand,1934,0,0,5.5,5.0,1.1,6.062,0.2025,7.0,4.0,6.5,1.154,0.633,0.2024511537156619,0.2024511537156619,0.3248222829967711,0.144100906684762,0.2038488347938809,0.625,-10.625,0
New Zealand,1935,0,0,5.375,5.25,1.024,6.438,0.2061,7.0,4.0,7.5,1.2,1.233,0.2060652901658519,0.2060652901658519,0.2309091491900879,0.2289664445280769,0.2057413509771634,0.375,-3.0,0
New Zealand,1936,0,0,4.75,5.25,0.905,7.938,0.2569,9.5,3.0,8.5,1.212,1.5,0.2569494454041365,0.2569494454041365,0.5533212087880301,0.249456944204059,0.271611465712442,0.125,12.5,0
New Zealand,1937,0,0,4.625,5.75,0.804,8.812,0.2689,9.5,3.0,8.5,1.136,-0.3,0.2689203634953547,0.2689203634953547,0.2045789166316697,0.0170931348208731,0.2740084365496744,0.0,28.625,0
New Zealand,1938,0,0,4.75,6.0,0.792,9.312,0.2771,10.5,3.0,10.0,1.087,0.233,0.2770648090199739,0.2770648090199739,0.5108612166329336,0.1005257483166796,0.2922774176458388,0.0,34.5,0
New Zealand,1939,0,0,4.375,6.75,0.648,11.125,0.3157,10.5,3.0,11.0,0.985,-1.667,0.3157411136734677,0.3157411136734677,0.4472232290405785,0.0291739838878207,0.3260005096440653,0.0,78.25,0
New Zealand,1940,0,0,4.375,6.75,0.648,11.125,0.3157,10.5,3.0,11.0,0.985,-1.667,0.3157411136734677,0.3157411136734677,0.3714489595324594,0.0291739838878207,0.3260005096440653,0.0,78.25,0
New Zealand,1941,0,0,4.375,6.75,0.648,11.125,0.3157,10.5,3.0,11.0,0.985,-1.667,0.3157411136734677,0.3157411136734677,0.2743086587304362,0.0291739838878207,0.3260005096440653,0.0,78.25,0
New Zealand,1942,0,0,4.125,6.75,0.611,11.375,0.3266,10.5,3.0,11.0,0.952,-1.8,0.326556940927273,0.326556940927273,0.2450321415871828,0.0170425015322542,0.3328862928736746,0.0,87.25,0
New Zealand,1943,0,0,3.5,6.75,0.519,12.0,0.3565,10.5,3.0,12.0,0.926,-1.867,0.3565028085286388,0.3565028085286388,0.1883438463819479,0.0207188687699549,0.3664613141704646,0.0,108.25,0
New Zealand,1944,0,0,3.5,6.75,0.519,12.0,0.3565,10.5,3.0,12.0,0.926,-1.867,0.3565028085286388,0.3565028085286388,0.1130866703454057,0.0207188687699549,0.3664613141704646,0.0,108.25,0
New Zealand,1945,0,0,3.25,6.625,0.491,12.562,0.389,12.5,2.0,12.0,1.042,-1.233,0.3890324377888844,0.3890324377888844,0.1420031457668717,0.0153182570948392,0.3957274945736301,0.0,124.5,0
New Zealand,1946,0,0,3.125,6.875,0.455,12.938,0.3935,13.5,2.0,13.0,0.938,-0.9,0.3934782864764521,0.3934782864764521,0.2791264838846005,0.0214237030012981,0.4061292392155813,0.0,136.75,0
New Zealand,1947,0,0,3.125,6.875,0.455,12.938,0.3935,13.5,2.0,13.0,0.938,-0.9,0.3934782864764521,0.3934782864764521,0.2398742334030784,0.0214237030012981,0.4061292392155813,0.0,136.75,0
New Zealand,1948,0,0,2.5,6.875,0.364,13.562,0.4304,13.5,2.0,14.0,0.897,-0.967,0.4303981621545916,0.4303981621545916,0.2190430414760392,0.0297244802180504,0.4525233949759696,0.0,162.25,0
New Zealand,1949,0,0,2.25,6.875,0.327,13.812,0.4442,13.5,2.0,14.0,0.833,-1.1,0.4441697813745682,0.4441697813745682,0.0580764575708101,0.0175884364847328,0.4571206576224662,0.0,169.125,0
New Zealand,1950,0,0,2.25,6.875,0.327,13.812,0.4442,13.5,2.0,14.0,0.833,-1.1,0.4441697813745682,0.4441697813745682,0.0583832246336957,0.0175884364847328,0.4571206576224662,0.0,169.125,0
New Zealand,1951,0,0,2.25,6.875,0.327,13.812,0.4442,13.5,2.0,14.0,0.833,-1.1,0.4441697813745682,0.4441697813745682,0.0633073348347349,0.0175884364847328,0.4571206576224662,0.0,169.125,0
New Zealand,1952,0,0,2.25,6.875,0.327,13.812,0.4442,13.5,2.0,14.0,0.833,-1.1,0.4441697813745682,0.4441697813745682,0.0445001940777173,0.0175884364847328,0.4571206576224662,0.0,169.125,0
New Zealand,1953,0,0,2.25,6.875,0.327,13.812,0.4442,13.5,2.0,14.0,0.833,-1.1,0.4441697813745682,0.4441697813745682,0.0287055214678886,0.0175884364847328,0.4571206576224662,0.0,169.125,0
New Zealand,1954,0,0,2.25,6.875,0.327,13.812,0.4442,13.5,2.0,14.0,0.833,-1.1,0.4441697813745682,0.4441697813745682,0.0,0.0175884364847328,0.4571206576224662,0.0,169.125,0
New Zealand,1955,0,0,2.0,6.875,0.291,14.062,0.4592,13.5,2.0,15.0,1.0,-0.7,0.4591505641311347,0.4591505641311347,0.1117677094839336,0.0121484070113656,0.4677704811130095,0.0,177.5,0
New Zealand,1956,0,0,2.0,6.875,0.291,14.062,0.4592,13.5,2.0,15.0,1.0,-0.7,0.4591505641311347,0.4591505641311347,0.0894141675871469,0.0121484070113656,0.4677704811130095,0.0,177.5,0
New Zealand,1957,0,0,2.0,6.875,0.291,14.062,0.4592,13.5,2.0,15.0,1.0,-0.7,0.4591505641311347,0.4591505641311347,0.0670606256903602,0.0121484070113656,0.4677704811130095,0.0,177.5,0
New Zealand,1958,0,0,2.0,6.875,0.291,14.062,0.4592,13.5,2.0,15.0,1.0,-0.7,0.4591505641311347,0.4591505641311347,0.0447070837935734,0.0121484070113656,0.4677704811130095,0.0,177.5,0
New Zealand,1959,0,0,2.0,6.875,0.291,14.062,0.4592,13.5,2.0,15.0,1.0,-0.7,0.4591505641311347,0.4591505641311347,0.0223535418967867,0.0121484070113656,0.4677704811130095,0.0,177.5,0
New Zealand,1960,0,0,2.0,6.875,0.291,14.062,0.4592,13.5,2.0,15.0,1.0,-0.7,0.4591505641311347,0.4591505641311347,0.0,0.0121484070113656,0.4677704811130095,0.0,177.5,0
New Zealand,1961,0,0,2.0,6.875,0.291,14.062,0.4592,13.5,2.0,15.0,1.0,-0.7,0.4591505641311347,0.4591505641311347,0.0,0.0121484070113656,0.4677704811130095,0.0,177.5,0
New Zealand,1962,0,0,2.0,6.875,0.291,14.062,0.4592,13.5,2.0,15.0,1.0,-0.7,0.4591505641311347,0.4591505641311347,0.0,0.0121484070113656,0.4677704811130095,0.0,177.5,0
New Zealand,1963,0,0,2.375,6.875,0.345,13.688,0.4355,13.5,2.0,14.0,0.972,-0.767,0.4354671686232789,0.4354671686232789,0.1080289072566894,0.0083466208340169,0.4403485974958827,0.0,161.75,0
New Zealand,1964,0,0,2.375,6.875,0.345,13.688,0.4355,13.5,2.0,14.0,0.972,-0.767,0.4354671686232789,0.4354671686232789,0.0864231258053515,0.0083466208340169,0.4403485974958827,0.0,161.75,0
New Zealand,1965,0,0,2.375,6.0,0.396,12.312,0.4151,12.5,2.0,12.0,0.972,-0.3,0.4151014244845225,0.4151014244845225,0.2013344299640279,0.0040948187572494,0.4180444763480807,0.0,119.0,0
New Zealand,1966,0,0,2.875,5.875,0.489,11.5,0.3775,12.5,2.0,12.0,1.071,0.0,0.3774665934060054,0.3774665934060054,0.1740574292760337,0.0116357275233883,0.382207675910462,0.0,93.25,0
New Zealand,1967,0,0,2.875,5.875,0.489,11.5,0.3775,12.5,2.0,12.0,1.071,0.0,0.3774665934060054,0.3774665934060054,0.1380073381805446,0.0116357275233883,0.382207675910462,0.0,93.25,0
New Zealand,1968,0,0,3.25,5.875,0.553,11.125,0.3587,12.5,2.0,11.0,1.042,-0.067,0.3586739311140936,0.3586739311140936,0.2039774526509188,0.0196667794699191,0.3669026036751998,0.0,81.25,0
New Zealand,1969,0,0,3.25,5.875,0.553,11.125,0.3587,12.5,2.0,11.0,1.042,-0.067,0.3586739311140936,0.3586739311140936,0.1527022321918996,0.0196667794699191,0.3669026036751998,0.0,81.25,0
New Zealand,1970,0,0,3.25,5.875,0.553,11.125,0.3587,12.5,2.0,11.0,1.042,-0.067,0.3586739311140936,0.3586739311140936,0.1030323017550776,0.0196667794699191,0.3669026036751998,0.0,81.25,0
New Zealand,1971,0,0,3.25,5.875,0.553,11.125,0.3587,12.5,2.0,11.0,1.042,-0.067,0.3586739311140936,0.3586739311140936,0.0785179805585555,0.0196667794699191,0.3669026036751998,0.0,81.25,0
New Zealand,1972,0,0,3.625,5.75,0.63,10.5,0.337,12.5,2.0,11.0,1.176,1.067,0.3369758146158654,0.3369758146158654,0.2802260607177531,0.103301466896163,0.3656303777710213,0.0,66.25,0
New Zealand,1973,0,0,4.0,5.375,0.744,9.312,0.3036,11.5,3.0,10.0,1.14,2.1,0.3036134901792551,0.3036134901792551,0.5328568208513631,0.2157088964534805,0.3455623588889536,0.0,41.75,0
New Zealand,1974,0,0,4.0,5.375,0.744,9.312,0.3036,11.5,3.0,10.0,1.14,2.1,0.3036134901792551,0.3036134901792551,0.4235455978846015,0.2157088964534805,0.3455623588889536,0.0,41.75,0
New Zealand,1975,0,0,4.5,5.25,0.857,8.125,0.2612,11.0,3.0,10.0,1.061,2.333,0.2612262265775478,0.2612262265775478,0.3114512486887587,0.0798191962239258,0.2826446480515999,0.25,23.0,0
New Zealand,1976,0,0,4.625,4.875,0.949,7.125,0.2404,9.0,3.0,7.5,1.136,1.267,0.2403944580861326,0.2403944580861326,0.3315837635834014,0.1622446893319854,0.2428873321167939,0.25,6.125,0
New Zealand,1977,0,0,4.625,4.875,0.949,7.125,0.2404,9.0,3.0,7.5,1.136,1.267,0.2403944580861326,0.2403944580861326,0.3110898975717667,0.1622446893319854,0.2428873321167939,0.25,6.125,0
New Zealand,1978,0,0,5.0,4.5,1.111,5.938,0.214,8.0,4.0,6.5,1.111,2.3,0.214010757867351,0.214010757867351,0.3891855421995258,0.0145561362569204,0.2123828964179737,0.625,-6.5,0
New Zealand,1979,0,0,5.375,4.375,1.229,5.312,0.2005,8.0,4.0,6.5,1.2,3.433,0.2004675150878117,0.2004675150878117,0.4260418193968994,0.0326646615774498,0.1888763530060052,0.625,-12.0,0
New Zealand,1980,0,0,5.375,4.375,1.229,5.312,0.2005,8.0,4.0,6.5,1.2,3.433,0.2004675150878117,0.2004675150878117,0.3524358006724487,0.0326646615774498,0.1888763530060052,0.625,-12.0,0
New Zealand,1981,0,0,5.375,4.375,1.229,5.312,0.2005,8.0,4.0,6.5,1.2,3.433,0.2004675150878117,0.2004675150878117,0.2178271162730614,0.0326646615774498,0.1888763530060052,0.625,-12.0,0
New Zealand,1982,0,0,5.375,4.375,1.229,5.312,0.2005,8.0,4.0,6.5,1.2,3.433,0.2004675150878117,0.2004675150878117,0.1254250258270896,0.0326646615774498,0.1888763530060052,0.625,-12.0,0
New Zealand,1983,0,0,5.5,4.5,1.222,5.375,0.1991,8.0,4.0,6.5,1.154,2.733,0.1990565103208587,0.1990565103208587,0.0527733585573439,0.1008398247597833,0.1812096307547199,0.625,-15.125,0
New Zealand,1984,0,0,5.5,4.5,1.222,5.375,0.1991,8.0,4.0,6.5,1.154,2.733,0.1990565103208587,0.1990565103208587,0.0021158660141153,0.1008398247597833,0.1812096307547199,0.625,-15.125,0
New Zealand,1985,0,0,5.625,4.5,1.25,5.062,0.1912,7.0,4.0,6.0,1.111,1.7,0.1911770788482994,0.1911770788482994,0.2871766123332355,0.1157151227623433,0.1749294931921,0.625,-19.0,0
New Zealand,1986,0,0,6.125,4.5,1.361,4.125,0.1661,6.0,5.0,5.0,1.056,2.067,0.1661378581663186,0.1661378581663186,0.3469374861640793,0.2457624553345446,0.1446831903179494,0.625,-22.375,0
New Zealand,1987,0,0,6.125,4.5,1.361,4.125,0.1661,6.0,5.0,5.0,1.056,2.067,0.1661378581663186,0.1661378581663186,0.2779008789888603,0.2457624553345446,0.1446831903179494,0.625,-22.375,0
New Zealand,1988,0,0,6.25,4.625,1.351,4.188,0.1651,6.0,5.0,5.0,1.022,1.367,0.1650502609044054,0.1650502609044054,0.2997806849695307,0.1732358688796057,0.1500981115222457,0.75,-23.375,0
New Zealand,1989,0,0,6.25,4.625,1.351,4.188,0.1651,6.0,5.0,5.0,1.022,1.367,0.1650502609044054,0.1650502609044054,0.2147587091513544,0.1732358688796057,0.1500981115222457,0.75,-23.375,0
New Zealand,1990,0,0,6.25,4.625,1.351,4.188,0.1651,6.0,5.0,5.0,1.022,1.367,0.1650502609044054,0.1650502609044054,0.1337290070982748,0.1732358688796057,0.1500981115222457,0.75,-23.375,0
New Zealand,1991,0,0,6.25,4.625,1.351,4.188,0.1651,6.0,5.0,5.0,1.022,1.367,0.1650502609044054,0.1650502609044054,0.0808818115341603,0.1732358688796057,0.1500981115222457,0.75,-23.375,0
New Zealand,1992,0,0,5.5,4.625,1.189,5.062,0.1865,6.0,5.0,6.0,0.952,0.633,0.186505670722981,0.186505670722981,0.2949034321990806,0.3647869792568111,0.1612181088431014,0.5,-12.0,0
New Zealand,1993,0,0,5.25,4.75,1.105,6.25,0.2174,8.0,4.0,7.0,1.026,0.667,0.2173690744563152,0.2173690744563152,0.2064749737101371,0.1872353748952872,0.2009930010513329,0.5,-9.25,0
New Zealand,1994,0,0,5.0,4.75,1.053,6.5,0.2243,8.0,4.0,7.0,1.0,0.533,0.2242801115481502,0.2242801115481502,0.1025370252346495,0.2476485910854451,0.2168932086087675,0.375,-5.25,0
New Zealand,1995,0,0,4.625,5.25,0.881,7.5,0.2417,9.0,4.0,8.0,0.903,0.267,0.2417311994390084,0.2417311994390084,0.6857602180557049,0.2692508556012332,0.2669965856675011,0.125,18.0,0
New Zealand,1996,0,0,4.5,5.5,0.818,8.375,0.2657,9.5,4.0,9.0,0.942,0.333,0.2656751600643855,0.2656751600643855,0.9307697775890054,0.1119371846106638,0.2825991527384389,0.125,28.125,0
New Zealand,1997,0,0,4.25,5.5,0.773,8.625,0.2743,9.5,4.0,9.0,0.909,0.2,0.2743319896362508,0.2743319896362508,,0.1119371846106638,0.2895626732756617,0.0,33.125,0
New Zealand,1998,0,0,4.0,5.625,0.711,9.812,0.3128,11.5,3.0,10.0,1.0,0.233,0.312846694639305,0.312846694639305,0.3987605663946039,0.0988863372495052,0.331041927252852,0.0,49.375,0
New Zealand,1999,0,0,3.25,5.625,0.578,10.688,0.3518,11.5,3.0,11.0,0.882,-0.5,0.351763869783618,0.351763869783618,0.0520773948990238,0.0385925367996387,0.3638153928079244,0.0,74.125,0
New Zealand,2000,0,0,3.25,5.625,0.578,10.688,0.3518,11.5,3.0,11.0,0.882,-0.5,0.351763869783618,0.351763869783618,0.0391548407130651,0.0385925367996387,0.3638153928079244,0.0,74.125,0
New Zealand,2001,0,0,3.5,5.625,0.622,10.438,0.3396,11.5,3.0,11.0,1.078,0.167,0.3396155250003124,0.3396155250003124,0.2083301441701159,0.033652698074989,0.3490528618956911,0.0,65.875,0
New Zealand,2002,0,0,3.875,5.5,0.705,9.812,0.3189,11.5,3.0,10.0,1.053,0.767,0.3188786889840942,0.3188786889840942,0.4150618742309527,0.1247815933503789,0.3439420881457422,0.0,49.875,0
New Zealand,2003,0,0,4.125,5.375,0.767,9.25,0.3018,11.5,3.0,10.0,1.083,1.733,0.301779096221792,0.301779096221792,0.3757801622045665,0.1488016532354815,0.334396531213894,0.125,38.625,0
New Zealand,2004,0,0,4.75,5.0,0.95,7.688,0.2562,10.5,4.0,9.0,1.087,2.967,0.2561958146521358,0.2561958146521358,0.2240125431769273,0.24487146808984,0.2807212826841026,0.25,13.75,0
New Zealand,2005,0,0,4.875,4.625,1.054,6.688,0.2366,8.5,4.0,6.5,1.159,1.9,0.2365753615746666,0.2365753615746666,0.6710131631147657,0.0868526758442861,0.2408819187709142,0.5,-2.125,0
New Zealand,2006,0,0,5.125,4.5,1.139,6.125,0.2236,8.5,4.0,6.5,1.181,2.867,0.2235540353893058,0.2235540353893058,0.6304043680632504,0.0868788529557458,0.2167418124888345,0.5,-6.625,0
New Zealand,2007,0,0,5.5,4.375,1.257,5.5,0.2094,8.5,4.0,5.5,1.154,3.467,0.2093947577429022,0.2093947577429022,0.5060721829050039,0.0398473794256026,0.1994868757275885,0.625,-13.75,0
New Zealand,2008,0,0,5.75,4.375,1.314,5.25,0.2033,8.5,4.0,5.5,1.282,4.133,0.2033338040995128,0.2033338040995128,0.4265752326939279,0.0409988311380246,0.1887565349331369,0.625,-17.25,0
New Zealand,2009,0,0,5.375,4.375,1.229,5.625,0.2125,8.5,4.0,5.5,1.2,3.667,0.2124719799273708,0.2124719799273708,0.1094309174641577,0.0317813595845219,0.2065034570561118,0.625,-11.75,0
New Zealand,2010,0,0,5.0,4.75,1.053,6.812,0.2376,9.5,3.0,6.5,1.232,2.633,0.2375598456837284,0.2375598456837284,0.3749730721304877,0.0982312823360952,0.2402996531838938,0.5,-2.5,0
New Zealand,2011,0,0,4.625,4.75,0.974,7.188,0.249,9.5,3.0,6.5,1.136,2.167,0.2490129818487396,0.2490129818487396,0.470504451670083,0.1680992943643883,0.2655117306460866,0.375,5.0,0
New Zealand,2012,0,0,4.125,5.375,0.767,9.25,0.3015,11.5,3.0,10.0,1.228,2.267,0.3014877083336346,0.3014877083336346,0.6766652317175867,0.2905275809772396,0.3511125860128989,0.0,38.625,0
New Zealand,2013,0,0,3.75,5.375,0.698,9.625,0.3166,11.5,3.0,10.0,1.111,1.8,0.3166018431564168,0.3166018431564168,0.6609637195697985,0.0884242683546294,0.3372394147715079,0.0,48.0,0
New Zealand,2014,0,0,3.375,5.75,0.587,10.812,0.3506,12.5,2.0,11.0,1.146,0.767,0.3505869632289889,0.3505869632289889,0.3533142731930146,0.0247973085093051,0.3597209421490301,0.0,74.0,0
New Zealand,2015,0,0,3.0,5.75,0.522,11.188,0.3691,12.5,2.0,11.0,1.0,0.3,0.369140108915775,0.369140108915775,0.3154767995559766,0.0212045528710989,0.3770974621845386,0.0,86.0,0
New Zealand,2016,0,0,3.625,5.75,0.63,10.562,0.3386,11.5,3.0,11.0,1.176,0.9,0.3385612970947169,0.3385612970947169,0.2087834353500476,0.0313134571936549,0.3477587437972955,0.0,67.125,0
New Zealand,2017,1,0,4.125,5.5,0.75,9.5,0.3051,11.5,3.0,10.0,1.228,2.667,0.3050581088397737,0.3050581088397737,0.1817502260791022,0.176164497057383,0.3332536235661033,0.0,41.625,0
New Zealand,2018,1,0,4.625,5.0,0.925,7.812,0.2602,8.5,4.0,10.0,1.136,2.1,0.2602261731599633,0.2602261731599633,0.3981952972166256,0.2410592101442585,0.2770629096188607,0.125,11.875,1
New Zealand,2019,1,0,5.125,4.75,1.079,6.75,0.2331,8.5,4.0,9.0,1.181,3.867,0.233055216847034,0.233055216847034,0.2598853890619538,0.2391922917821464,0.2182113664461144,0.375,-3.75,1
New Zealand,2020,0,1,5.75,4.75,1.211,6.125,0.2146,7.5,5.0,9.0,1.282,4.467,0.2145729995302766,0.2145729995302766,0.3976482260655604,0.2465705221834239,0.183513559440976,0.5,-16.0,1
New Zealand,2021,0,0,5.75,4.75,1.211,6.125,0.2146,7.5,5.0,9.0,1.282,4.467,0.2145729995302766,0.2145729995302766,0.349645852892978,0.2465705221834239,0.183513559440976,0.5,-16.0,0
New Zealand,2022,0,0,5.75,4.75,1.211,6.125,0.2146,7.5,5.0,9.0,1.282,4.467,0.2145729995302766,0.2145729995302766,0.2377039356228948,0.2465705221834239,0.183513559440976,0.5,-16.0,0
New Zealand,2023,0,0,5.375,4.625,1.162,6.188,0.2204,8.5,4.0,9.0,1.319,4.033,0.2203510682249141,0.2203510682249141,0.1862991083787953,0.0771522803882234,0.2054992111143806,0.5,-8.625,0
New Zealand,2024,0,0,5.25,4.625,1.135,6.25,0.2234,8.5,4.0,6.5,1.25,2.533,0.2233622789769992,0.2233622789769992,0.5607025400789264,0.0397295415641919,0.2199621052664223,0.625,-7.125,0
New Zealand,2025,0,0,5.25,4.625,1.135,6.25,0.2234,8.5,4.0,6.5,1.25,2.533,0.2233622789769992,0.2233622789769992,0.4975473404657485,0.0397295415641919,0.2199621052664223,0.625,-7.125,0
Nigeria,1950,0,0,2.5,5.875,0.426,11.5,0.3827,14.5,2.0,12.5,1.667,3.733,0.3827004067632333,0.3827004067632333,,0.1080999579926038,0.4334317506627093,0.0,109.375,0
Nigeria,1951,0,0,2.5,5.875,0.426,11.5,0.3827,14.5,2.0,12.5,1.667,3.733,0.3827004067632333,0.3827004067632333,,0.1080999579926038,0.4334317506627093,0.0,109.375,0
Nigeria,1952,0,0,2.5,5.875,0.426,11.5,0.3827,14.5,2.0,12.5,1.667,3.733,0.3827004067632333,0.3827004067632333,,0.1080999579926038,0.4334317506627093,0.0,109.375,0
Nigeria,1953,0,0,2.5,5.875,0.426,11.5,0.3827,14.5,2.0,12.5,1.667,3.733,0.3827004067632333,0.3827004067632333,,0.1080999579926038,0.4334317506627093,0.0,109.375,0
Nigeria,1954,0,0,2.5,5.875,0.426,11.5,0.3827,14.5,2.0,12.5,1.667,3.733,0.3827004067632333,0.3827004067632333,,0.1080999579926038,0.4334317506627093,0.0,109.375,0
Nigeria,1955,0,0,2.5,5.875,0.426,11.5,0.3827,14.5,2.0,12.5,1.667,3.733,0.3827004067632333,0.3827004067632333,0.0,0.1080999579926038,0.4334317506627093,0.0,109.375,0
Nigeria,1956,0,0,2.5,5.875,0.426,11.5,0.3827,14.5,2.0,12.5,1.667,3.733,0.3827004067632333,0.3827004067632333,0.0,0.1080999579926038,0.4334317506627093,0.0,109.375,0
Nigeria,1957,0,0,2.5,5.875,0.426,11.5,0.3827,14.5,2.0,12.5,1.667,3.733,0.3827004067632333,0.3827004067632333,0.0,0.1080999579926038,0.4334317506627093,0.0,109.375,0
Nigeria,1958,0,0,2.125,5.875,0.362,14.25,0.5094,15.5,2.0,15.5,0.694,2.0,0.5094326006554559,0.5094326006554559,0.3657230870339997,0.0365707712491355,0.5308337027138831,0.0,172.125,0
Nigeria,1959,0,0,1.125,6.375,0.176,14.812,0.5341,16.0,1.0,16.0,0.476,1.3,0.5341063790921076,0.5341063790921076,0.2603276223392107,0.0243774982401809,0.5481753489577446,0.0,196.375,0
Nigeria,1960,0,0,0.625,6.375,0.098,14.75,0.5355,17.0,0.0,17.0,0.417,3.067,0.5355341581128081,0.5355341581128081,0.1699071307223794,0.0524480422690275,0.5731971587311474,0.0,198.25,0
Nigeria,1961,0,0,1.125,5.75,0.196,12.875,0.4586,13.5,1.0,14.5,1.333,3.267,0.4586278426983445,0.4586278426983445,0.2223042305266578,0.0587738943070896,0.4889055786960617,0.0,132.75,0
Nigeria,1962,0,0,1.875,5.625,0.333,11.812,0.4073,12.5,2.0,12.5,1.458,3.167,0.4072998740577746,0.4072998740577746,0.3755626282736486,0.1097149820222751,0.4646800921045207,0.0,106.875,0
Nigeria,1963,1,0,2.875,5.375,0.535,9.25,0.2941,9.0,3.0,10.0,1.282,3.067,0.2941144950267655,0.2941144950267655,0.3459686568133788,0.1480971602152704,0.344453004540305,0.0,49.0,0
Nigeria,1964,1,0,3.875,4.625,0.838,7.312,0.2495,8.0,4.0,8.0,1.204,3.167,0.2495046323102928,0.2495046323102928,0.5374272073717928,0.3903924998777677,0.2994470324218423,0.125,19.5,1
Nigeria,1965,1,0,5.875,4.0,1.469,3.375,0.1514,3.5,6.0,3.5,1.131,2.2,0.1513674648491428,0.1513674648491428,0.135665582474083,0.1574642326941694,0.1366468536908516,0.75,-17.5,1
Nigeria,1966,1,1,7.875,3.0,2.625,-0.75,0.0902,-0.5,8.0,-0.5,1.096,2.267,0.0902370284667992,0.0902370284667992,0.3737241072020416,0.0496271067077576,0.0985207260029286,1.0,-32.125,1
Nigeria,1967,0,1,8.875,2.125,4.176,-2.875,0.073,-3.0,9.0,-3.0,1.085,1.533,0.0729986624416491,0.0729986624416491,0.0921466015767315,0.0625319056401688,0.0836190540438135,1.0,-40.25,1
Nigeria,1968,0,0,8.875,2.125,4.176,-2.875,0.073,-3.0,9.0,-3.0,1.085,1.533,0.0729986624416491,0.0729986624416491,0.1240886597351332,0.0625319056401688,0.0836190540438135,1.0,-40.25,0
Nigeria,1969,0,0,8.875,2.125,4.176,-2.875,0.073,-3.0,9.0,-3.0,1.085,1.533,0.0729986624416491,0.0729986624416491,0.1432461075557652,0.0625319056401688,0.0836190540438135,1.0,-40.25,0
Nigeria,1970,0,0,8.875,2.125,4.176,-2.875,0.073,-3.0,9.0,-3.0,1.085,1.533,0.0729986624416491,0.0729986624416491,0.1083121975332508,0.0625319056401688,0.0836190540438135,1.0,-40.25,0
Nigeria,1971,0,0,8.875,2.125,4.176,-2.875,0.073,-3.0,9.0,-3.0,1.085,1.533,0.0729986624416491,0.0729986624416491,0.0387003609048567,0.0625319056401688,0.0836190540438135,1.0,-40.25,0
Nigeria,1972,0,0,8.875,2.125,4.176,-2.875,0.073,-3.0,9.0,-3.0,1.085,1.533,0.0729986624416491,0.0729986624416491,0.0,0.0625319056401688,0.0836190540438135,1.0,-40.25,0
Nigeria,1973,0,0,8.875,2.125,4.176,-2.875,0.073,-3.0,9.0,-3.0,1.085,1.533,0.0729986624416491,0.0729986624416491,0.0,0.0625319056401688,0.0836190540438135,1.0,-40.25,0
Nigeria,1974,0,0,8.875,2.125,4.176,-2.875,0.073,-3.0,9.0,-3.0,1.085,1.533,0.0729986624416491,0.0729986624416491,0.0,0.0625319056401688,0.0836190540438135,1.0,-40.25,0
Nigeria,1975,0,0,8.875,2.125,4.176,-2.875,0.073,-3.0,9.0,-3.0,1.085,1.533,0.0729986624416491,0.0729986624416491,0.0,0.0625319056401688,0.0836190540438135,1.0,-40.25,0
Nigeria,1976,0,0,8.875,2.125,4.176,-2.875,0.073,-3.0,9.0,-3.0,1.085,1.533,0.0729986624416491,0.0729986624416491,0.0,0.0625319056401688,0.0836190540438135,1.0,-40.25,0
Nigeria,1977,0,0,8.875,2.125,4.176,-2.875,0.073,-3.0,9.0,-3.0,1.085,1.533,0.0729986624416491,0.0729986624416491,0.0,0.0625319056401688,0.0836190540438135,1.0,-40.25,0
Nigeria,1978,0,0,8.875,2.125,4.176,-2.875,0.073,-3.0,9.0,-3.0,1.085,1.533,0.0729986624416491,0.0729986624416491,0.0,0.0625319056401688,0.0836190540438135,1.0,-40.25,0
Nigeria,1979,0,0,8.875,2.125,4.176,-2.875,0.073,-3.0,9.0,-3.0,1.085,1.533,0.0729986624416491,0.0729986624416491,0.0,0.0625319056401688,0.0836190540438135,1.0,-40.25,0
Nigeria,1980,1,0,8.875,2.125,4.176,-2.875,0.073,-3.0,9.0,-3.0,1.085,1.533,0.0729986624416491,0.0729986624416491,0.0,0.0625319056401688,0.0836190540438135,1.0,-40.25,0
Nigeria,1981,1,0,8.875,2.125,4.176,-2.875,0.073,-3.0,9.0,-3.0,1.085,1.533,0.0729986624416491,0.0729986624416491,0.0,0.0625319056401688,0.0836190540438135,1.0,-40.25,1
Nigeria,1982,1,0,8.875,2.125,4.176,-2.875,0.073,-3.0,9.0,-3.0,1.085,1.533,0.0729986624416491,0.0729986624416491,0.0,0.0625319056401688,0.0836190540438135,1.0,-40.25,1
Nigeria,1983,0,1,8.875,2.125,4.176,-2.875,0.073,-3.0,9.0,-3.0,1.085,1.533,0.0729986624416491,0.0729986624416491,0.0,0.0625319056401688,0.0836190540438135,1.0,-40.25,1
Nigeria,1984,0,0,8.875,2.125,4.176,-2.875,0.073,-3.0,9.0,-3.0,1.085,1.533,0.0729986624416491,0.0729986624416491,0.0,0.0625319056401688,0.0836190540438135,1.0,-40.25,0
Nigeria,1985,0,0,8.875,2.125,4.176,-2.875,0.073,-3.0,9.0,-3.0,1.085,1.533,0.0729986624416491,0.0729986624416491,0.0,0.0625319056401688,0.0836190540438135,1.0,-40.25,0
Nigeria,1986,0,0,8.875,2.125,4.176,-2.875,0.073,-3.0,9.0,-3.0,1.085,1.533,0.0729986624416491,0.0729986624416491,0.0,0.0625319056401688,0.0836190540438135,1.0,-40.25,0
Nigeria,1987,0,0,8.875,2.125,4.176,-2.875,0.073,-3.0,9.0,-3.0,1.085,1.533,0.0729986624416491,0.0729986624416491,0.0,0.0625319056401688,0.0836190540438135,1.0,-40.25,0
Nigeria,1988,0,0,8.875,2.125,4.176,-2.875,0.073,-3.0,9.0,-3.0,1.085,1.533,0.0729986624416491,0.0729986624416491,0.0,0.0625319056401688,0.0836190540438135,1.0,-40.25,0
Nigeria,1989,0,0,8.875,2.125,4.176,-2.875,0.073,-3.0,9.0,-3.0,1.085,1.533,0.0729986624416491,0.0729986624416491,0.0,0.0625319056401688,0.0836190540438135,1.0,-40.25,0
Nigeria,1990,0,0,8.875,2.125,4.176,-2.875,0.073,-3.0,9.0,-3.0,1.085,1.533,0.0729986624416491,0.0729986624416491,0.0,0.0625319056401688,0.0836190540438135,1.0,-40.25,0
Nigeria,1991,0,0,8.875,2.125,4.176,-2.875,0.073,-3.0,9.0,-3.0,1.085,1.533,0.0729986624416491,0.0729986624416491,0.0,0.0625319056401688,0.0836190540438135,1.0,-40.25,0
Nigeria,1992,0,0,8.875,2.125,4.176,-2.875,0.073,-3.0,9.0,-3.0,1.085,1.533,0.0729986624416491,0.0729986624416491,0.0,0.0625319056401688,0.0836190540438135,1.0,-40.25,0
Nigeria,1993,0,0,8.875,2.125,4.176,-2.875,0.073,-3.0,9.0,-3.0,1.085,1.533,0.0729986624416491,0.0729986624416491,0.0,0.0625319056401688,0.0836190540438135,1.0,-40.25,0
Nigeria,1994,0,0,8.875,2.125,4.176,-2.875,0.073,-3.0,9.0,-3.0,1.085,1.533,0.0729986624416491,0.0729986624416491,0.0,0.0625319056401688,0.0836190540438135,1.0,-40.25,0
Nigeria,1995,0,0,8.875,2.125,4.176,-2.875,0.073,-3.0,9.0,-3.0,1.085,1.533,0.0729986624416491,0.0729986624416491,0.0,0.0625319056401688,0.0836190540438135,1.0,-40.25,0
Nigeria,1996,0,0,8.875,2.125,4.176,-2.875,0.073,-3.0,9.0,-3.0,1.085,1.533,0.0729986624416491,0.0729986624416491,0.0,0.0625319056401688,0.0836190540438135,1.0,-40.25,0
Nigeria,1997,0,0,8.875,2.125,4.176,-2.875,0.073,-3.0,9.0,-3.0,1.085,1.533,0.0729986624416491,0.0729986624416491,0.0,0.0625319056401688,0.0836190540438135,1.0,-40.25,0
Nigeria,1998,0,0,8.875,2.125,4.176,-2.875,0.073,-3.0,9.0,-3.0,1.085,1.533,0.0729986624416491,0.0729986624416491,0.0,0.0625319056401688,0.0836190540438135,1.0,-40.25,0
Nigeria,1999,0,0,8.875,2.125,4.176,-2.875,0.073,-3.0,9.0,-3.0,1.085,1.533,0.0729986624416491,0.0729986624416491,0.0,0.0625319056401688,0.0836190540438135,1.0,-40.25,0
Nigeria,2000,0,0,8.875,2.125,4.176,-2.875,0.073,-3.0,9.0,-3.0,1.085,1.533,0.0729986624416491,0.0729986624416491,0.0,0.0625319056401688,0.0836190540438135,1.0,-40.25,0
Nigeria,2001,0,0,8.875,2.125,4.176,-2.875,0.073,-3.0,9.0,-3.0,1.085,1.533,0.0729986624416491,0.0729986624416491,0.0,0.0625319056401688,0.0836190540438135,1.0,-40.25,0
Nigeria,2002,0,0,8.875,2.125,4.176,-2.875,0.073,-3.0,9.0,-3.0,1.085,1.533,0.0729986624416491,0.0729986624416491,0.0,0.0625319056401688,0.0836190540438135,1.0,-40.25,0
Nigeria,2003,0,0,8.875,2.125,4.176,-2.875,0.073,-3.0,9.0,-3.0,1.085,1.533,0.0729986624416491,0.0729986624416491,0.0,0.0625319056401688,0.0836190540438135,1.0,-40.25,0
Nigeria,2004,0,0,8.875,2.125,4.176,-2.875,0.073,-3.0,9.0,-3.0,1.085,1.533,0.0729986624416491,0.0729986624416491,0.0,0.0625319056401688,0.0836190540438135,1.0,-40.25,0
Nigeria,2005,0,0,8.875,2.125,4.176,-2.875,0.073,-3.0,9.0,-3.0,1.085,1.533,0.0729986624416491,0.0729986624416491,0.0,0.0625319056401688,0.0836190540438135,1.0,-40.25,0
Nigeria,2006,0,0,8.875,2.125,4.176,-2.875,0.073,-3.0,9.0,-3.0,1.085,1.533,0.0729986624416491,0.0729986624416491,0.0,0.0625319056401688,0.0836190540438135,1.0,-40.25,0
Nigeria,2007,0,0,8.875,2.125,4.176,-2.875,0.073,-3.0,9.0,-3.0,1.085,1.533,0.0729986624416491,0.0729986624416491,0.0,0.0625319056401688,0.0836190540438135,1.0,-40.25,0
Nigeria,2008,0,0,8.875,2.125,4.176,-2.875,0.073,-3.0,9.0,-3.0,1.085,1.533,0.0729986624416491,0.0729986624416491,0.0,0.0625319056401688,0.0836190540438135,1.0,-40.25,0
Nigeria,2009,0,0,8.875,2.125,4.176,-2.875,0.073,-3.0,9.0,-3.0,1.085,1.533,0.0729986624416491,0.0729986624416491,0.0,0.0625319056401688,0.0836190540438135,1.0,-40.25,0
Nigeria,2010,0,0,8.875,2.125,4.176,-2.875,0.073,-3.0,9.0,-3.0,1.085,1.533,0.0729986624416491,0.0729986624416491,0.0,0.0625319056401688,0.0836190540438135,1.0,-40.25,0
Nigeria,2011,0,0,8.875,2.125,4.176,-2.875,0.073,-3.0,9.0,-3.0,1.085,1.533,0.0729986624416491,0.0729986624416491,0.0,0.0625319056401688,0.0836190540438135,1.0,-40.25,0
Nigeria,2012,0,0,8.875,2.125,4.176,-2.875,0.073,-3.0,9.0,-3.0,1.085,1.533,0.0729986624416491,0.0729986624416491,0.0,0.0625319056401688,0.0836190540438135,1.0,-40.25,0
Nigeria,2013,0,0,8.875,2.125,4.176,-2.875,0.073,-3.0,9.0,-3.0,1.085,1.533,0.0729986624416491,0.0729986624416491,0.0,0.0625319056401688,0.0836190540438135,1.0,-40.25,0
Nigeria,2014,0,0,8.875,2.125,4.176,-2.875,0.073,-3.0,9.0,-3.0,1.085,1.533,0.0729986624416491,0.0729986624416491,0.0,0.0625319056401688,0.0836190540438135,1.0,-40.25,0
Nigeria,2015,0,0,8.875,2.125,4.176,-2.875,0.073,-3.0,9.0,-3.0,1.085,1.533,0.0729986624416491,0.0729986624416491,0.0,0.0625319056401688,0.0836190540438135,1.0,-40.25,0
Nigeria,2016,0,0,8.875,2.125,4.176,-2.875,0.073,-3.0,9.0,-3.0,1.085,1.533,0.0729986624416491,0.0729986624416491,0.0,0.0625319056401688,0.0836190540438135,1.0,-40.25,0
Nigeria,2017,0,0,8.875,2.125,4.176,-2.875,0.073,-3.0,9.0,-3.0,1.085,1.533,0.0729986624416491,0.0729986624416491,0.0,0.0625319056401688,0.0836190540438135,1.0,-40.25,0
Nigeria,2018,0,0,8.875,2.125,4.176,-2.875,0.073,-3.0,9.0,-3.0,1.085,1.533,0.0729986624416491,0.0729986624416491,0.0,0.0625319056401688,0.0836190540438135,1.0,-40.25,0
Nigeria,2019,0,0,8.875,2.125,4.176,-2.875,0.073,-3.0,9.0,-3.0,1.085,1.533,0.0729986624416491,0.0729986624416491,0.0,0.0625319056401688,0.0836190540438135,1.0,-40.25,0
Nigeria,2020,0,0,8.875,2.125,4.176,-2.875,0.073,-3.0,9.0,-3.0,1.085,1.533,0.0729986624416491,0.0729986624416491,0.0,0.0625319056401688,0.0836190540438135,1.0,-40.25,0
Nigeria,2021,0,0,8.875,2.125,4.176,-2.875,0.073,-3.0,9.0,-3.0,1.085,1.533,0.0729986624416491,0.0729986624416491,0.0,0.0625319056401688,0.0836190540438135,1.0,-40.25,0
Nigeria,2022,0,0,8.875,2.125,4.176,-2.875,0.073,-3.0,9.0,-3.0,1.085,1.533,0.0729986624416491,0.0729986624416491,0.0,0.0625319056401688,0.0836190540438135,1.0,-40.25,0
Nigeria,2023,0,0,8.875,2.125,4.176,-2.875,0.073,-3.0,9.0,-3.0,1.085,1.533,0.0729986624416491,0.0729986624416491,0.0,0.0625319056401688,0.0836190540438135,1.0,-40.25,0
Nigeria,2024,0,0,8.875,2.125,4.176,-2.875,0.073,-3.0,9.0,-3.0,1.085,1.533,0.0729986624416491,0.0729986624416491,0.0,0.0625319056401688,0.0836190540438135,1.0,-40.25,0
Norway,1900,0,0,4.1,5.375,0.763,9.312,0.3014,11.9,3.0,8.2,1.094,0.873,0.3014255312546309,0.3014255312546309,,0.1957715960045559,0.3589884148631851,0.375,43.15500000000001,0
Norway,1901,0,0,3.975,5.375,0.74,9.438,0.3066,11.9,3.0,9.2,1.152,1.073,0.306577341463825,0.306577341463825,,0.2355046768267523,0.3658233865343234,0.25,47.65500000000001,0
Norway,1902,0,0,3.975,5.375,0.74,9.438,0.3066,11.9,3.0,9.2,1.152,1.073,0.306577341463825,0.306577341463825,,0.2355046768267523,0.3658233865343234,0.25,47.65500000000001,0
Norway,1903,0,0,3.975,5.375,0.74,9.438,0.3066,11.9,3.0,9.2,1.152,1.073,0.306577341463825,0.306577341463825,,0.2355046768267523,0.3658233865343234,0.25,47.65500000000001,0
Norway,1904,0,0,3.975,5.375,0.74,9.438,0.3066,11.9,3.0,9.2,1.152,1.073,0.306577341463825,0.306577341463825,,0.2355046768267523,0.3658233865343234,0.25,47.65500000000001,0
Norway,1905,0,0,2.725,6.0,0.454,12.962,0.4372,14.4,2.0,15.5,1.128,1.7,0.4371594982444259,0.4371594982444259,1.051441583932631,0.0907543579729464,0.4796153202965388,0.0,143.76,0
Norway,1906,0,0,2.975,6.125,0.486,12.4,0.4044,14.4,2.0,14.5,1.167,0.8,0.4043618045977134,0.4043618045977134,0.8286984785538346,0.0660089447991812,0.4330749846481965,0.0,122.625,0
Norway,1907,0,0,2.85,6.125,0.465,12.712,0.42,14.4,2.0,14.5,1.048,-0.033,0.4200175110187986,0.4200175110187986,0.6177793504790068,0.0901596021434588,0.4652195061749605,0.0,137.28,0
Norway,1908,0,0,2.975,6.125,0.486,12.4,0.4044,14.4,2.0,14.5,1.167,0.8,0.4043618045977134,0.4043618045977134,0.4259136538544061,0.0660089447991812,0.4330749846481965,0.0,122.625,0
Norway,1909,0,0,2.975,6.125,0.486,12.65,0.4141,14.4,2.0,14.5,1.167,0.133,0.4141471103778283,0.4141471103778283,0.2256257364950564,0.0676406978979107,0.4451394634425443,0.0,128.005,0
Norway,1910,0,0,2.975,6.125,0.486,12.4,0.4044,14.4,2.0,14.5,1.167,0.8,0.4043618045977134,0.4043618045977134,0.0790932642778434,0.0660089447991812,0.4330749846481965,0.0,122.625,0
Norway,1911,0,0,2.975,6.125,0.486,12.4,0.4044,14.4,2.0,14.5,1.167,0.8,0.4043618045977134,0.4043618045977134,0.0414716967160026,0.0660089447991812,0.4330749846481965,0.0,122.625,0
Norway,1912,0,0,2.975,6.125,0.486,12.4,0.4044,14.4,2.0,14.5,1.167,0.8,0.4043618045977134,0.4043618045977134,0.0414716967160026,0.0660089447991812,0.4330749846481965,0.0,122.625,0
Norway,1913,0,0,2.975,6.25,0.476,12.587,0.4075,14.4,2.0,14.5,1.167,1.1,0.4074839425854474,0.4074839425854474,0.1395023772284825,0.0737194270934304,0.4396810511860277,0.0,131.985,0
Norway,1914,0,0,5.6,5.0,1.12,7.212,0.2413,9.9,4.0,6.5,1.205,2.1,0.2413168241299299,0.2413168241299299,0.9983394508306432,0.1330572661911992,0.2313203618690594,0.5,-11.514999999999995,0
Norway,1915,0,0,5.6,4.875,1.149,7.088,0.2413,9.9,4.0,6.5,1.205,2.433,0.2413168241299299,0.2413168241299299,0.8223669495303019,0.1624097864896517,0.2285199759205857,0.5,-14.764999999999993,0
Norway,1916,0,0,5.6,4.875,1.149,7.088,0.2414,9.9,4.0,6.5,1.32,2.967,0.2413686360246649,0.2413686360246649,0.6666467863884958,0.1552009753251547,0.229447443904666,0.5,-14.264999999999995,0
Norway,1917,0,0,5.725,4.875,1.174,6.962,0.2379,9.9,4.0,6.5,1.387,3.3,0.2379166289309563,0.2379166289309563,0.489282344379509,0.1861451183662491,0.2181165384963577,0.5,-17.514999999999993,0
Norway,1918,0,0,5.475,5.0,1.095,7.338,0.2451,9.9,4.0,6.5,1.253,2.3,0.2451332551808538,0.2451332551808538,0.0963007623016888,0.1401295432275925,0.2395013434906424,0.5,-8.514999999999995,0
Norway,1919,0,0,4.725,4.75,0.995,7.462,0.2559,10.9,3.0,7.5,1.197,1.167,0.2559095116573615,0.2559095116573615,1.3634139492730684,0.2657607542551624,0.2831181566776991,0.375,4.040000000000003,0
Norway,1920,0,0,4.725,4.75,0.995,7.462,0.2558,10.9,3.0,5.5,1.197,1.167,0.2558043142543537,0.2558043142543537,0.7615781339376357,0.2332692047907789,0.2819377525566372,0.375,2.9900000000000033,0
Norway,1921,0,0,4.85,4.75,1.021,6.962,0.2405,10.9,3.0,7.5,1.273,1.967,0.2405394614535342,0.2405394614535342,0.8735487097320525,0.2645493738369646,0.2705606618730168,0.5,3.910000000000003,0
Norway,1922,0,0,4.725,4.75,0.995,7.212,0.2483,10.9,3.0,7.5,1.197,1.3,0.2483099912142822,0.2483099912142822,1.243590907957408,0.2927617378694471,0.2774290190161106,0.375,7.240000000000003,0
Norway,1923,0,0,4.475,5.0,0.895,7.962,0.2644,10.9,3.0,7.5,1.175,0.9,0.2644435953534708,0.2644435953534708,0.7061295414355009,0.422913065266844,0.3267511509458596,0.125,15.740000000000004,0
Norway,1924,0,0,4.475,5.0,0.895,7.962,0.2644,10.9,3.0,7.5,1.175,0.9,0.2644435953534708,0.2644435953534708,0.5682431738784066,0.422913065266844,0.3267511509458596,0.125,15.740000000000004,0
Norway,1925,0,0,4.35,5.125,0.849,8.212,0.2691,10.9,3.0,7.5,1.095,0.233,0.2691107943748184,0.2691107943748184,0.720161335912922,0.3452179179017084,0.3226252492921712,0.125,22.240000000000002,0
Norway,1926,0,0,4.35,5.125,0.849,8.212,0.269,10.9,3.0,7.5,1.233,1.3,0.2689650288519412,0.2689650288519412,0.7500865582334922,0.335008614765657,0.3172812234933559,0.125,20.940000000000005,0
Norway,1927,0,0,4.475,5.0,0.895,7.962,0.2644,10.9,3.0,7.5,1.175,0.9,0.2644435953534708,0.2644435953534708,0.3244136988556326,0.422913065266844,0.3267511509458596,0.125,15.740000000000004,0
Norway,1928,0,0,4.475,5.0,0.895,7.962,0.2644,10.9,3.0,7.5,1.175,0.9,0.2644435953534708,0.2644435953534708,0.2260757343961191,0.422913065266844,0.3267511509458596,0.125,15.740000000000004,0
Norway,1929,0,0,6.475,3.375,1.919,2.375,0.1504,8.4,4.0,4.4,1.439,5.08,0.1504365836553651,0.1504365836553651,1.4562543006023532,0.0516144601870894,0.1296310892713127,0.875,-29.473999999999997,0
Norway,1930,0,0,6.475,3.375,1.919,2.375,0.1506,8.4,4.0,4.4,1.555,6.147,0.1506099107037167,0.1506099107037167,1.0963132508091158,0.0562323384335033,0.1286339905781172,0.875,-29.323999999999995,0
Norway,1931,0,0,6.6,3.25,2.031,1.875,0.1414,8.4,4.0,2.4,1.389,4.813,0.1414188094465066,0.1414188094465066,0.8272727368106279,0.0370932069607787,0.1276400727045279,0.875,-28.683999999999997,0
Norway,1932,0,0,6.35,3.625,1.752,2.75,0.1525,8.4,4.0,4.4,1.493,5.147,0.1525304222406497,0.1525304222406497,0.5872934420618959,0.0315783186705578,0.1362323242745139,0.875,-25.958999999999996,0
Norway,1933,0,0,5.975,3.875,1.542,3.375,0.1596,8.4,4.0,4.4,1.306,3.48,0.1595670194607611,0.1595670194607611,0.3525259385588251,0.034219086226928,0.1489234214651525,0.875,-20.343999999999998,0
Norway,1934,0,0,4.1,5.375,0.763,9.15,0.2958,11.9,3.0,10.5,0.937,-0.4,0.2957842203757465,0.2957842203757465,1.0230514354574591,0.0971047203695907,0.3204649077882773,0.125,39.470000000000006,0
Norway,1935,0,0,3.85,5.375,0.716,9.712,0.3184,11.9,3.0,13.0,0.9,-0.567,0.3183626936003005,0.3183626936003005,0.8943661255758529,0.1358112930133904,0.3664020130077053,0.125,53.345000000000006,0
Norway,1936,0,0,3.85,5.625,0.684,9.775,0.311,11.9,3.0,10.5,0.778,-2.067,0.3109607272812954,0.3109607272812954,0.6718079761664105,0.1232242638926433,0.347340173044195,0.125,55.970000000000006,0
Norway,1937,1,0,4.1,5.375,0.763,9.15,0.2958,11.9,3.0,10.5,0.937,-0.4,0.2957842203757465,0.2957842203757465,0.4075792933406045,0.0971047203695907,0.3204649077882773,0.125,39.470000000000006,0
Norway,1938,1,0,4.225,5.375,0.786,9.025,0.2917,11.9,3.0,10.5,0.894,-0.6,0.2917124404872363,0.2917124404872363,0.2894982724424169,0.0817678249301486,0.3108514989727133,0.125,37.57000000000001,1
Norway,1939,1,0,4.475,5.375,0.833,8.775,0.2829,11.9,3.0,9.5,0.819,-1.0,0.2828536400959424,0.2828536400959424,0.4385149998055209,0.083955557071599,0.29440984200719,0.125,31.920000000000005,1
Norway,1940,0,1,7.975,3.475,2.295,0.1,0.1013,3.4,7.0,-0.9,0.992,1.387,0.1012935257905304,0.1012935257905304,0.9416562511968868,0.0364913794920965,0.1093444158595686,1.0,-32.295,1
Norway,1941,0,0,6.9,3.6,1.917,2.213,0.1415,7.9,5.0,-0.6,1.008,1.033,0.1414671221023347,0.1414671221023347,1.2021241988262144,0.094921630670843,0.1191073710654185,0.75,-26.199999999999996,0
Norway,1942,0,0,6.775,3.6,1.882,2.525,0.1491,7.9,5.0,-0.6,1.038,1.533,0.1491079970557979,0.1491079970557979,0.9283120381454802,0.0679749810884619,0.1529634486401361,0.75,-19.749999999999996,0
Norway,1943,0,0,7.025,3.6,1.951,2.088,0.139,7.9,5.0,-0.6,1.056,1.367,0.1390125383829058,0.1390125383829058,0.7581067675624302,0.1076302284025111,0.116330416294014,0.75,-28.199999999999996,0
Norway,1944,0,0,6.775,3.6,1.882,2.463,0.1468,7.9,5.0,-0.6,1.038,1.433,0.1467530868085198,0.1467530868085198,0.5069606547947261,0.0916983354927711,0.1219626518045972,0.75,-27.299999999999994,0
Norway,1945,0,0,2.725,6.375,0.427,13.15,0.4287,14.4,2.0,16.5,0.929,0.4,0.4286635970132748,0.4286635970132748,0.8343080646342991,0.0547562936914515,0.4533305324617523,0.0,146.925,0
Norway,1946,0,0,3.1,6.0,0.517,11.962,0.39,14.4,2.0,13.0,0.917,0.1,0.3899912894748614,0.3899912894748614,0.9873510192960164,0.0534136021760649,0.4144792443894021,0.0,106.59500000000001,0
Norway,1947,0,0,3.1,6.0,0.517,11.962,0.39,14.4,2.0,13.0,0.917,0.1,0.3899912894748614,0.3899912894748614,0.7484257316632413,0.0534136021760649,0.4144792443894021,0.0,106.59500000000001,0
Norway,1948,0,0,2.85,6.25,0.456,12.462,0.4041,14.4,2.0,13.0,0.708,-1.233,0.4040727056478305,0.4040727056478305,0.6119386607103654,0.0607358161843757,0.4325487976165453,0.0,123.39500000000001,0
Norway,1949,0,0,2.975,6.0,0.496,12.212,0.4013,14.4,2.0,13.0,0.978,0.5,0.4013226462075911,0.4013226462075911,0.2659370600063451,0.0307993168389794,0.4142528641985162,0.0,110.72000000000001,0
Norway,1950,0,0,3.05,6.4,0.477,12.812,0.4097,14.4,2.0,14.0,0.907,-0.353,0.4096885054018185,0.4096885054018185,0.2010404306807656,0.0470099139799792,0.4356320782300144,0.0,129.37,0
Norway,1951,0,0,3.05,6.4,0.477,12.812,0.4097,14.4,2.0,14.0,0.907,-0.353,0.4096885054018185,0.4096885054018185,0.1418827715043353,0.0470099139799792,0.4356320782300144,0.0,129.37,0
Norway,1952,0,0,2.925,6.4,0.457,12.938,0.4158,14.4,2.0,14.0,0.968,-0.153,0.4157851930982753,0.4157851930982753,0.2297634322444013,0.0290460241215482,0.432740853724083,0.0,132.995,0
Norway,1953,0,0,2.925,6.4,0.457,12.938,0.4158,14.4,2.0,14.0,0.968,-0.153,0.4157851930982753,0.4157851930982753,0.1708273944349113,0.0290460241215482,0.432740853724083,0.0,132.995,0
Norway,1954,0,0,2.925,6.4,0.457,12.938,0.4158,14.4,2.0,14.0,0.968,-0.153,0.4157851930982753,0.4157851930982753,0.0984624236640464,0.0290460241215482,0.432740853724083,0.0,132.995,0
Norway,1955,0,0,2.925,6.65,0.44,13.188,0.4158,14.4,2.0,15.0,0.968,-0.287,0.4157851930982753,0.4157851930982753,0.1324828405763788,0.0324665842846454,0.4326367814179172,0.0,142.62,0
Norway,1956,0,0,2.925,6.4,0.457,12.938,0.4158,14.4,2.0,14.0,0.968,-0.153,0.4157851930982753,0.4157851930982753,0.0616549961928107,0.0290460241215482,0.432740853724083,0.0,132.995,0
Norway,1957,0,0,2.925,6.4,0.457,12.938,0.4158,14.4,2.0,14.0,0.968,-0.153,0.4157851930982753,0.4157851930982753,0.0208988105599445,0.0290460241215482,0.432740853724083,0.0,132.995,0
Norway,1958,0,0,2.925,6.4,0.457,12.938,0.4158,14.4,2.0,14.0,0.968,-0.153,0.4157851930982753,0.4157851930982753,0.0208988105599445,0.0290460241215482,0.432740853724083,0.0,132.995,0
Norway,1959,0,0,2.925,6.4,0.457,12.938,0.4158,14.4,2.0,14.0,0.968,-0.153,0.4157851930982753,0.4157851930982753,0.0208988105599445,0.0290460241215482,0.432740853724083,0.0,132.995,0
Norway,1960,0,0,2.925,6.4,0.457,12.938,0.4158,14.4,2.0,14.0,0.968,-0.153,0.4157851930982753,0.4157851930982753,0.0208988105599445,0.0290460241215482,0.432740853724083,0.0,132.995,0
Norway,1961,0,0,2.925,6.4,0.457,12.938,0.4158,14.4,2.0,14.0,0.968,-0.153,0.4157851930982753,0.4157851930982753,0.0,0.0290460241215482,0.432740853724083,0.0,132.995,0
Norway,1962,0,0,2.925,6.4,0.457,12.938,0.4158,14.4,2.0,14.0,0.968,-0.153,0.4157851930982753,0.4157851930982753,0.0,0.0290460241215482,0.432740853724083,0.0,132.995,0
Norway,1963,0,0,2.925,6.4,0.457,12.938,0.4158,14.4,2.0,14.0,0.968,-0.153,0.4157851930982753,0.4157851930982753,0.0,0.0290460241215482,0.432740853724083,0.0,132.995,0
Norway,1964,0,0,2.925,6.4,0.457,12.938,0.4158,14.4,2.0,14.0,0.968,-0.153,0.4157851930982753,0.4157851930982753,0.0,0.0290460241215482,0.432740853724083,0.0,132.995,0
Norway,1965,0,0,3.1,6.25,0.496,12.087,0.3857,14.4,2.0,10.0,0.917,-0.767,0.3856698355940926,0.3856698355940926,0.3345361194404668,0.0406441970749169,0.4069606569878752,0.0,111.7,0
Norway,1966,0,0,3.1,6.25,0.496,12.212,0.3904,14.4,2.0,11.0,0.917,-0.567,0.3904183056280834,0.3904183056280834,0.2115414131903017,0.0367013536291808,0.4089659589259451,0.0,113.2,0
Norway,1967,0,0,3.1,6.25,0.496,12.212,0.3904,14.4,2.0,11.0,0.917,-0.567,0.3904183056280834,0.3904183056280834,0.1559145463491047,0.0367013536291808,0.4089659589259451,0.0,113.2,0
Norway,1968,0,0,3.1,6.25,0.496,12.212,0.3904,14.4,2.0,11.0,0.917,-0.567,0.3904183056280834,0.3904183056280834,0.1003085968847228,0.0367013536291808,0.4089659589259451,0.0,113.2,0
Norway,1969,0,0,3.1,6.5,0.477,12.525,0.3937,14.4,2.0,11.0,0.917,-0.6,0.3937262715872223,0.3937262715872223,0.1773476324234681,0.0457056796859715,0.4128611364092682,0.0,125.755,0
Norway,1970,0,0,3.1,6.375,0.486,12.4,0.3937,14.4,2.0,11.0,0.917,-0.267,0.3937262715872223,0.3937262715872223,0.1221024062488572,0.0368459992587335,0.4118693805886665,0.0,120.33000000000001,0
Norway,1971,0,0,3.1,6.25,0.496,12.212,0.3904,14.4,2.0,11.0,0.917,-0.567,0.3904183056280834,0.3904183056280834,0.0597336196002371,0.0367013536291808,0.4089659589259451,0.0,113.2,0
Norway,1972,0,0,4.6,5.375,0.856,8.962,0.2921,13.4,3.0,2.5,0.692,-2.3,0.292143195421117,0.292143195421117,0.5065953275544554,0.0727432005974498,0.3047938935709815,0.25,30.345000000000006,0
Norway,1973,0,0,4.35,5.5,0.791,9.462,0.3045,13.4,3.0,4.5,0.75,-1.5,0.3045131530081691,0.3045131530081691,0.6239700389899827,0.1056466057883693,0.3206106164994509,0.125,40.27,0
Norway,1974,0,0,2.775,7.15,0.388,14.825,0.4725,15.4,2.0,13.7,0.833,-1.56,0.472484797240604,0.472484797240604,0.4715228719435057,0.1082148001738486,0.5388176952961572,0.0,233.481,0
Norway,1975,0,0,2.9,7.025,0.413,14.325,0.4522,15.4,2.0,13.7,0.946,-0.493,0.4522288302412464,0.4522288302412464,0.3108108574170115,0.0621681800036816,0.4875872316187434,0.0,196.14100000000002,0
Norway,1976,0,0,3.025,6.9,0.438,13.95,0.4391,15.4,2.0,13.7,0.886,-1.093,0.4391244956331586,0.4391244956331586,0.1549124521450435,0.048311198535684,0.4646351391970377,0.0,178.291,0
Norway,1977,0,0,3.025,6.9,0.438,13.95,0.4391,15.4,2.0,13.7,0.886,-1.093,0.4391244956331586,0.4391244956331586,0.1504259104498966,0.048311198535684,0.4646351391970377,0.0,178.291,0
Norway,1978,0,0,3.025,6.9,0.438,13.95,0.4391,15.4,2.0,13.7,0.886,-1.093,0.4391244956331586,0.4391244956331586,0.1059468703695066,0.048311198535684,0.4646351391970377,0.0,178.291,0
Norway,1979,0,0,3.025,6.9,0.438,13.95,0.4391,15.4,2.0,13.7,0.886,-1.093,0.4391244956331586,0.4391244956331586,0.0794302576228391,0.048311198535684,0.4646351391970377,0.0,178.291,0
Norway,1980,0,0,3.025,6.9,0.438,13.95,0.4391,15.4,2.0,13.7,0.886,-1.093,0.4391244956331586,0.4391244956331586,0.0336159135552884,0.048311198535684,0.4646351391970377,0.0,178.291,0
Norway,1981,0,0,3.025,6.9,0.438,13.825,0.4344,15.4,2.0,12.7,0.886,-1.293,0.4344352529180579,0.4344352529180579,0.0509805454068083,0.0505831926869482,0.4613904340446149,0.0,175.49099999999999,0
Norway,1982,0,0,3.025,6.9,0.438,13.95,0.4391,15.4,2.0,13.7,0.886,-1.093,0.4391244956331586,0.4391244956331586,0.0101961090813616,0.048311198535684,0.4646351391970377,0.0,178.291,0
Norway,1983,0,0,3.025,6.9,0.438,13.95,0.4391,15.4,2.0,13.7,0.886,-1.093,0.4391244956331586,0.4391244956331586,0.0101961090813616,0.048311198535684,0.4646351391970377,0.0,178.291,0
Norway,1984,0,0,3.025,6.9,0.438,13.95,0.4391,15.4,2.0,13.7,0.886,-1.093,0.4391244956331586,0.4391244956331586,0.0101961090813616,0.048311198535684,0.4646351391970377,0.0,178.291,0
Norway,1985,0,0,3.025,6.9,0.438,13.95,0.4391,15.4,2.0,13.7,0.886,-1.093,0.4391244956331586,0.4391244956331586,0.0101961090813616,0.048311198535684,0.4646351391970377,0.0,178.291,0
Norway,1986,0,0,5.675,5.25,1.081,7.812,0.2541,12.4,3.0,10.0,1.46,3.487,0.2541434803759344,0.2541434803759344,0.4139935829828045,0.0705007255266395,0.2567912487567187,0.5,-4.769999999999985,0
Norway,1987,0,0,5.05,5.625,0.898,8.812,0.2746,12.4,3.0,10.0,1.366,2.42,0.2746031152609981,0.2746031152609981,0.6139130758495301,0.1955640554455474,0.3170959934425849,0.375,24.340000000000003,0
Norway,1988,0,0,5.3,5.375,0.986,8.062,0.2594,12.4,3.0,10.0,1.379,2.82,0.2594303424251954,0.2594303424251954,0.4007902446741167,0.0951593573261769,0.2812315215825127,0.5,12.525000000000006,0
Norway,1989,0,0,5.55,5.25,1.057,7.562,0.2483,12.4,3.0,10.0,1.391,3.62,0.24830519778329,0.24830519778329,0.234560983969315,0.1224974701535054,0.2568757507680386,0.375,8.840000000000009,0
Norway,1990,0,0,5.425,5.25,1.033,7.688,0.2518,12.4,3.0,10.0,1.451,3.82,0.2517917058679217,0.2517917058679217,0.2200841790824398,0.1231844396595907,0.2661511440960168,0.375,11.340000000000007,0
Norway,1991,0,0,5.3,5.625,0.942,8.562,0.2661,12.4,3.0,10.0,1.379,2.553,0.2660906115574053,0.2660906115574053,0.2745130770874523,0.1047693014562666,0.2957899337398106,0.5,16.720000000000006,0
Norway,1992,0,0,5.05,5.625,0.898,8.812,0.2746,12.4,3.0,10.0,1.366,2.42,0.2746031152609981,0.2746031152609981,0.2747497355664033,0.1955640554455474,0.3170959934425849,0.375,24.340000000000003,0
Norway,1993,0,0,2.85,6.875,0.415,13.837,0.4395,15.4,2.0,13.5,0.708,-1.967,0.4394595464196332,0.4394595464196332,0.66677247944126,0.058358052012705,0.4713464466197137,0.0,178.035,0
Norway,1994,0,0,3.35,6.5,0.515,12.962,0.4098,15.4,2.0,12.5,0.815,-1.233,0.4097685601615399,0.4097685601615399,0.588305516518007,0.0756156427861494,0.442646503647339,0.0,139.51,0
Norway,1995,0,0,3.1,6.625,0.468,13.337,0.424,15.4,2.0,13.5,0.917,-0.633,0.4239670423561367,0.4239670423561367,0.3479668989460611,0.0509536453082818,0.4504230037522801,0.0,156.435,0
Norway,1996,0,0,3.1,6.875,0.451,13.65,0.427,16.4,2.0,13.5,0.917,-0.133,0.4270366825715772,0.4270366825715772,0.3117899381812516,0.0654644261693254,0.4579386147000793,0.0,172.815,0
Norway,1997,0,0,3.1,6.625,0.468,13.337,0.424,15.4,2.0,13.5,0.917,-0.633,0.4239670423561367,0.4239670423561367,0.1357839000541475,0.0509536453082818,0.4504230037522801,0.0,156.435,0
Norway,1998,0,0,3.225,6.5,0.496,13.087,0.4165,15.4,2.0,13.5,0.863,-1.033,0.4165475638836812,0.4165475638836812,0.2529075912209381,0.0530949884253505,0.4425615500542058,0.0,143.835,0
Norway,1999,0,0,3.1,6.625,0.468,13.337,0.424,15.4,2.0,13.5,0.917,-0.633,0.4239670423561367,0.4239670423561367,0.0640931469467637,0.0509536453082818,0.4504230037522801,0.0,156.435,0
Norway,2000,0,0,3.1,6.625,0.468,13.337,0.424,15.4,2.0,13.5,0.917,-0.633,0.4239670423561367,0.4239670423561367,0.0243659783670665,0.0509536453082818,0.4504230037522801,0.0,156.435,0
Norway,2001,0,0,3.725,6.75,0.552,12.9,0.3941,14.9,3.0,13.5,0.817,-1.867,0.3940943566802222,0.3940943566802222,0.2882113177277847,0.0713826727585014,0.4371448376374324,0.125,148.095,0
Norway,2002,0,0,3.6,6.75,0.533,13.025,0.3994,14.9,3.0,13.5,0.86,-1.667,0.3994224243274568,0.3994224243274568,0.5108055940129022,0.0947366605424583,0.4435901665797747,0.125,151.095,0
Norway,2003,0,0,3.6,6.75,0.533,13.025,0.3994,14.9,3.0,13.5,0.86,-1.667,0.3994224243274568,0.3994224243274568,0.4133874012136983,0.0947366605424583,0.4435901665797747,0.125,151.095,0
Norway,2004,0,0,3.6,6.75,0.533,13.025,0.3994,14.9,3.0,13.5,0.86,-1.667,0.3994224243274568,0.3994224243274568,0.3063605783714737,0.0947366605424583,0.4435901665797747,0.125,151.095,0
Norway,2005,0,0,3.6,6.75,0.533,13.025,0.3994,14.9,3.0,13.5,0.86,-1.667,0.3994224243274568,0.3994224243274568,0.2103331330166248,0.0947366605424583,0.4435901665797747,0.125,151.095,0
Norway,2006,0,0,3.6,6.75,0.533,13.025,0.3994,14.9,3.0,13.5,0.86,-1.667,0.3994224243274568,0.3994224243274568,0.118513749120563,0.0947366605424583,0.4435901665797747,0.125,151.095,0
Norway,2007,0,0,3.6,6.75,0.533,13.025,0.3994,14.9,3.0,13.5,0.86,-1.667,0.3994224243274568,0.3994224243274568,0.0,0.0947366605424583,0.4435901665797747,0.125,151.095,0
Norway,2008,0,0,3.6,6.75,0.533,13.025,0.3994,14.9,3.0,13.5,0.86,-1.667,0.3994224243274568,0.3994224243274568,0.0,0.0947366605424583,0.4435901665797747,0.125,151.095,0
Norway,2009,0,0,3.6,6.75,0.533,13.025,0.3994,14.9,3.0,13.5,0.86,-1.667,0.3994224243274568,0.3994224243274568,0.0,0.0947366605424583,0.4435901665797747,0.125,151.095,0
Norway,2010,0,0,3.6,6.75,0.533,13.025,0.3994,14.9,3.0,13.5,0.86,-1.667,0.3994224243274568,0.3994224243274568,0.0,0.0947366605424583,0.4435901665797747,0.125,151.095,0
Norway,2011,0,0,4.225,6.625,0.638,12.025,0.3624,14.9,3.0,11.5,0.681,-3.267,0.3623733229141213,0.3623733229141213,1.2178127011083,0.100976945498507,0.4194519793084784,0.125,124.62,0
Norway,2012,0,0,3.6,6.75,0.533,13.025,0.4001,14.9,3.0,14.5,0.86,-1.667,0.4001398606960786,0.4001398606960786,0.2441967244016057,0.1073500397838811,0.4522054932494157,0.125,152.57,0
Norway,2013,0,0,3.6,6.75,0.533,13.025,0.3994,14.9,3.0,13.5,0.86,-1.667,0.3994224243274568,0.3994224243274568,0.2649949909031536,0.0947366605424583,0.4435901665797747,0.125,151.095,0
Norway,2014,0,0,4.85,6.0,0.808,10.4,0.3157,14.9,3.0,13.5,1.273,1.867,0.3156998087678824,0.3156998087678824,1.2254347252322104,0.2444169729440907,0.3828398557299015,0.375,55.56,0
Norway,2015,0,0,4.85,6.0,0.808,10.15,0.3091,14.9,3.0,13.5,1.413,3.6,0.3090697510021384,0.3090697510021384,0.5999210566237366,0.1378189303610757,0.3618397353172888,0.375,64.58500000000001,0
Norway,2016,0,0,4.35,6.5,0.669,11.4,0.3373,14.9,3.0,13.5,1.095,0.267,0.337316253711432,0.337316253711432,0.4135909563229297,0.118352536472354,0.378834399193571,0.125,92.71000000000001,0
Norway,2017,0,0,3.975,6.5,0.612,12.15,0.3697,14.9,3.0,13.5,0.983,0.133,0.3697245378755696,0.3697245378755696,0.3147608137326756,0.084592525811227,0.4019613465876083,0.125,115.515,0
Norway,2018,0,0,3.975,6.5,0.612,12.15,0.3697,14.9,3.0,13.5,0.983,0.133,0.3697245378755696,0.3697245378755696,0.3239320102343891,0.084592525811227,0.4019613465876083,0.125,115.515,0
Norway,2019,0,0,3.975,6.5,0.612,12.15,0.3697,14.9,3.0,13.5,0.983,0.133,0.3697245378755696,0.3697245378755696,0.3433353263431179,0.084592525811227,0.4019613465876083,0.125,115.515,0
Norway,2020,0,0,4.725,6.125,0.771,11.025,0.3339,14.9,3.0,12.5,1.333,2.6,0.3338887051869202,0.3338887051869202,0.953481080285762,0.2115949788017568,0.3884525050600249,0.25,67.99000000000001,0
Norway,2021,0,0,4.225,6.5,0.65,11.9,0.3577,14.9,3.0,13.5,1.15,0.8,0.3576896157314058,0.3576896157314058,0.3276849900787985,0.1169122576969043,0.4005974284017676,0.125,106.515,0
Norway,2022,0,0,4.1,6.625,0.619,12.212,0.3679,14.9,3.0,12.5,0.818,-1.1,0.3678671874617424,0.3678671874617424,0.6661533578212488,0.0908719014432795,0.4107781705912134,0.125,123.53999999999999,0
Norway,2023,0,0,4.225,6.5,0.65,11.9,0.3582,14.9,3.0,13.5,1.016,0.267,0.3582203965693198,0.3582203965693198,0.4556472733557673,0.0569451680198889,0.3876974428181823,0.125,106.215,0
Norway,2024,0,0,3.975,6.625,0.6,12.275,0.3697,14.9,3.0,13.5,0.983,0.333,0.3697245378755696,0.3697245378755696,0.2458692197518352,0.0661407565584503,0.3987318547437237,0.0,118.515,0
Norway,2025,0,0,3.975,6.5,0.612,12.15,0.3697,14.9,3.0,13.5,0.983,0.133,0.3697245378755696,0.3697245378755696,0.4391727771617853,0.084592525811227,0.4019613465876083,0.125,115.515,0
Pakistan,1947,0,1,8.375,3.5,2.393,0.062,0.1038,-3.5,9.0,-1.0,1.197,4.367,0.1037685983198277,0.1037685983198277,,0.0395006531350028,0.0971505764029859,1.0,-42.875,1
Pakistan,1948,0,0,7.5,4.25,1.765,2.875,0.1457,0.0,8.0,2.5,1.19,3.267,0.1456912204083772,0.1456912204083772,,0.0927823506788493,0.1309003606767323,0.875,-47.375,0
Pakistan,1949,0,0,6.5,5.25,1.238,6.375,0.2084,3.5,7.0,6.0,1.222,3.267,0.2083870082391505,0.2083870082391505,,0.0736378671029786,0.2044686723729269,0.625,-22.0,0
Pakistan,1950,0,0,5.375,6.25,0.86,10.125,0.2949,10.0,5.0,9.5,1.319,3.667,0.2949493195961493,0.2949493195961493,,0.2938993274444927,0.3397263178763941,0.125,44.0,0
Pakistan,1951,0,0,4.875,6.875,0.709,12.062,0.3404,12.0,5.0,12.5,1.159,1.7,0.3403699765460631,0.3403699765460631,,0.0801691346585137,0.3592430274782939,0.0,91.0,0
Pakistan,1952,0,0,4.875,6.875,0.709,12.062,0.3404,12.0,5.0,12.5,1.159,1.7,0.3403699765460631,0.3403699765460631,0.3480187380866388,0.0801691346585137,0.3592430274782939,0.0,91.0,0
Pakistan,1953,0,0,4.875,6.875,0.709,12.062,0.3404,12.0,5.0,12.5,1.159,1.7,0.3403699765460631,0.3403699765460631,0.2290842008601444,0.0801691346585137,0.3592430274782939,0.0,91.0,0
Pakistan,1954,0,0,4.875,6.875,0.709,12.062,0.3404,12.0,5.0,12.5,1.159,1.7,0.3403699765460631,0.3403699765460631,0.074001951968181,0.0801691346585137,0.3592430274782939,0.0,91.0,0
Pakistan,1955,1,0,4.875,6.875,0.709,12.062,0.3404,12.0,5.0,12.5,1.159,1.7,0.3403699765460631,0.3403699765460631,0.0701073261345314,0.0801691346585137,0.3592430274782939,0.0,91.0,0
Pakistan,1956,1,0,4.875,6.875,0.709,12.062,0.3404,12.0,5.0,12.5,1.159,1.7,0.3403699765460631,0.3403699765460631,0.0,0.0801691346585137,0.3592430274782939,0.0,91.0,0
Pakistan,1957,1,0,4.875,6.875,0.709,12.062,0.3404,12.0,5.0,12.5,1.159,1.7,0.3403699765460631,0.3403699765460631,0.0,0.0801691346585137,0.3592430274782939,0.0,91.0,0
Pakistan,1958,0,1,4.5,7.5,0.6,13.438,0.3677,15.0,4.0,15.0,1.19,2.567,0.3677084835252843,0.3677084835252843,0.4869482014833778,0.0418784296165652,0.3840756312915478,0.0,136.25,0
Pakistan,1959,0,0,4.5,7.5,0.6,13.438,0.3677,15.0,4.0,15.0,1.19,2.567,0.3677084835252843,0.3677084835252843,0.3895585611867022,0.0418784296165652,0.3840756312915478,0.0,136.25,0
Pakistan,1960,0,0,4.5,7.5,0.6,13.438,0.3677,15.0,4.0,15.0,1.19,2.567,0.3677084835252843,0.3677084835252843,0.2921689208900266,0.0418784296165652,0.3840756312915478,0.0,136.25,0
Pakistan,1961,0,0,4.5,7.5,0.6,13.438,0.3677,15.0,4.0,15.0,1.19,2.567,0.3677084835252843,0.3677084835252843,0.1947792805933511,0.0418784296165652,0.3840756312915478,0.0,136.25,0
Pakistan,1962,0,0,4.5,7.5,0.6,13.438,0.3677,15.0,4.0,15.0,1.19,2.567,0.3677084835252843,0.3677084835252843,0.0973896402966755,0.0418784296165652,0.3840756312915478,0.0,136.25,0
Pakistan,1963,0,0,4.5,7.5,0.6,13.438,0.3677,15.0,4.0,15.0,1.19,2.567,0.3677084835252843,0.3677084835252843,0.0,0.0418784296165652,0.3840756312915478,0.0,136.25,0
Pakistan,1964,0,0,4.5,7.5,0.6,13.438,0.3677,15.0,4.0,15.0,1.19,2.567,0.3677084835252843,0.3677084835252843,0.0,0.0418784296165652,0.3840756312915478,0.0,136.25,0
Pakistan,1965,0,0,5.375,7.5,0.717,12.562,0.3256,14.0,5.0,14.0,1.2,2.767,0.3255927594795609,0.3255927594795609,0.2419073424020417,0.065743469782044,0.3424623059612245,0.0,97.375,0
Pakistan,1966,0,0,5.375,7.5,0.717,12.562,0.3256,14.0,5.0,14.0,1.2,2.767,0.3255927594795609,0.3255927594795609,0.1935258739216334,0.065743469782044,0.3424623059612245,0.0,97.375,0
Pakistan,1967,0,0,5.375,7.5,0.717,12.562,0.3256,14.0,5.0,14.0,1.2,2.767,0.3255927594795609,0.3255927594795609,0.145144405441225,0.065743469782044,0.3424623059612245,0.0,97.375,0
Pakistan,1968,1,0,6.0,7.0,0.857,10.938,0.2851,11.0,6.0,11.0,1.0,0.167,0.2850712952918284,0.2850712952918284,0.4994970622717781,0.0007970884813929,0.2853596071086839,0.0,41.125,0
Pakistan,1969,1,0,6.0,7.0,0.857,10.938,0.2851,11.0,6.0,11.0,1.0,0.167,0.2850712952918284,0.2850712952918284,0.4200896729582796,0.0007970884813929,0.2853596071086839,0.0,41.125,1
Pakistan,1970,1,0,6.0,7.0,0.857,10.938,0.2851,11.0,6.0,11.0,1.0,0.167,0.2850712952918284,0.2850712952918284,0.3422298945175571,0.0007970884813929,0.2853596071086839,0.0,41.125,1
Pakistan,1971,0,1,7.0,7.0,1.0,9.938,0.2482,10.0,7.0,10.0,1.0,0.167,0.248168976695857,0.248168976695857,,1.0,,0.0,0.0,1
Pakistan,1972,0,0,8.0,6.0,1.333,6.438,0.1831,6.5,8.0,6.5,1.0,0.167,0.1830511679732681,0.1830511679732681,0.2221881050293105,0.0011692032942732,0.1833164215840475,1.0,-58.5,0
Pakistan,1973,0,0,8.0,6.0,1.333,6.438,0.1831,6.5,8.0,6.5,1.0,0.167,0.1830511679732681,0.1830511679732681,0.1094654229340672,0.0011692032942732,0.1833164215840475,1.0,-58.5,0
Pakistan,1974,1,0,8.0,6.0,1.333,6.438,0.1831,6.5,8.0,6.5,1.0,0.167,0.1830511679732681,0.1830511679732681,0.0081003634141676,0.0011692032942732,0.1833164215840475,1.0,-58.5,0
Pakistan,1975,1,0,8.0,6.0,1.333,6.438,0.1831,6.5,8.0,6.5,1.0,0.167,0.1830511679732681,0.1830511679732681,0.0054002422761117,0.0011692032942732,0.1833164215840475,1.0,-58.5,0
Pakistan,1976,1,0,7.0,7.0,1.0,9.438,0.233,9.5,7.0,9.5,1.0,0.167,0.2330098358961204,0.2330098358961204,,1.0,,0.0,0.0,0
Pakistan,1977,0,1,7.0,7.0,1.0,9.438,0.233,9.5,7.0,9.5,1.0,0.167,0.2330098358961204,0.2330098358961204,,1.0,,0.0,0.0,0
Pakistan,1978,0,0,7.0,7.0,1.0,9.438,0.233,9.5,7.0,9.5,1.0,0.167,0.2330098358961204,0.2330098358961204,,1.0,,0.0,0.0,0
Pakistan,1979,0,0,7.0,7.0,1.0,9.438,0.233,9.5,7.0,9.5,1.0,0.167,0.2330098358961204,0.2330098358961204,,1.0,,0.0,0.0,0
Pakistan,1980,0,0,7.0,7.0,1.0,9.438,0.233,9.5,7.0,9.5,1.0,0.167,0.2330098358961204,0.2330098358961204,,1.0,,0.0,0.0,0
Pakistan,1981,0,0,7.0,7.0,1.0,9.438,0.233,9.5,7.0,9.5,1.0,0.167,0.2330098358961204,0.2330098358961204,,1.0,,0.0,0.0,0
Pakistan,1982,0,0,7.0,7.0,1.0,9.438,0.233,9.5,7.0,9.5,1.0,0.167,0.2330098358961204,0.2330098358961204,,1.0,,0.0,0.0,0
Pakistan,1983,0,0,7.0,7.0,1.0,9.438,0.233,9.5,7.0,9.5,1.0,0.167,0.2330098358961204,0.2330098358961204,,1.0,,0.0,0.0,0
Pakistan,1984,0,0,7.0,7.0,1.0,9.438,0.233,9.5,7.0,9.5,1.0,0.167,0.2330098358961204,0.2330098358961204,,1.0,,0.0,0.0,0
Pakistan,1985,0,0,7.0,7.0,1.0,9.438,0.233,9.5,7.0,9.5,1.0,0.167,0.2330098358961204,0.2330098358961204,,1.0,,0.0,0.0,0
Pakistan,1986,0,0,7.0,7.0,1.0,9.438,0.233,9.5,7.0,9.5,1.0,0.167,0.2330098358961204,0.2330098358961204,,1.0,,0.0,0.0,0
Pakistan,1987,0,0,7.0,7.0,1.0,9.438,0.233,9.5,7.0,9.5,1.0,0.167,0.2330098358961204,0.2330098358961204,,1.0,,0.0,0.0,0
Pakistan,1988,0,0,7.0,7.0,1.0,9.438,0.233,9.5,7.0,9.5,1.0,0.167,0.2330098358961204,0.2330098358961204,,1.0,,0.0,0.0,0
Pakistan,1989,0,0,6.0,7.0,0.857,10.438,0.2677,10.5,6.0,10.5,1.0,0.167,0.2676580151920026,0.2676580151920026,0.0027001211380558,0.0011692032942732,0.2680073824703914,0.0,34.125,0
Pakistan,1990,0,0,6.0,7.0,0.857,10.438,0.2677,10.5,6.0,10.5,1.0,0.167,0.2676580151920026,0.2676580151920026,0.0,0.0011692032942732,0.2680073824703914,0.0,34.125,0
Pakistan,1991,0,0,6.0,7.0,0.857,10.438,0.2677,10.5,6.0,10.5,1.0,0.167,0.2676580151920026,0.2676580151920026,0.0,0.0011692032942732,0.2680073824703914,0.0,34.125,0
Pakistan,1992,0,0,6.0,7.0,0.857,10.438,0.2677,10.5,6.0,10.5,1.0,0.167,0.2676580151920026,0.2676580151920026,0.0,0.0011692032942732,0.2680073824703914,0.0,34.125,0
Pakistan,1993,0,0,6.0,7.0,0.857,10.438,0.2677,10.5,6.0,10.5,1.0,0.167,0.2676580151920026,0.2676580151920026,0.0,0.0011692032942732,0.2680073824703914,0.0,34.125,0
Pakistan,1994,0,0,6.0,7.0,0.857,10.438,0.2677,10.5,6.0,10.5,1.0,0.167,0.2676580151920026,0.2676580151920026,0.0,0.0011692032942732,0.2680073824703914,0.0,34.125,0
Pakistan,1995,0,0,6.0,7.0,0.857,10.438,0.2677,10.5,6.0,10.5,1.0,0.167,0.2676580151920026,0.2676580151920026,0.0,0.0011692032942732,0.2680073824703914,0.0,34.125,0
Pakistan,1996,1,0,6.0,7.0,0.857,10.438,0.2677,10.5,6.0,10.5,1.0,0.167,0.2676580151920026,0.2676580151920026,0.0,0.0011692032942732,0.2680073824703914,0.0,34.125,0
Pakistan,1997,1,0,6.0,7.0,0.857,10.438,0.2677,10.5,6.0,10.5,1.0,0.167,0.2676580151920026,0.2676580151920026,0.0,0.0011692032942732,0.2680073824703914,0.0,34.125,0
Pakistan,1998,1,0,6.0,7.0,0.857,10.438,0.2677,10.5,6.0,10.5,1.0,0.167,0.2676580151920026,0.2676580151920026,0.0,0.0011692032942732,0.2680073824703914,0.0,34.125,0
Pakistan,1999,0,1,6.0,7.0,0.857,10.438,0.2677,10.5,6.0,10.5,1.0,0.167,0.2676580151920026,0.2676580151920026,0.0,0.0011692032942732,0.2680073824703914,0.0,34.125,0
Pakistan,2000,0,0,6.0,7.0,0.857,10.438,0.2677,10.5,6.0,10.5,1.0,0.167,0.2676580151920026,0.2676580151920026,0.0,0.0011692032942732,0.2680073824703914,0.0,34.125,0
Pakistan,2001,0,0,6.0,7.0,0.857,10.438,0.2677,10.5,6.0,10.5,1.0,0.167,0.2676580151920026,0.2676580151920026,0.0,0.0011692032942732,0.2680073824703914,0.0,34.125,0
Pakistan,2002,0,0,6.0,7.0,0.857,10.438,0.2677,10.5,6.0,10.5,1.0,0.167,0.2676580151920026,0.2676580151920026,0.0,0.0011692032942732,0.2680073824703914,0.0,34.125,0
Pakistan,2003,0,0,6.0,7.0,0.857,10.438,0.2677,10.5,6.0,10.5,1.0,0.167,0.2676580151920026,0.2676580151920026,0.0,0.0011692032942732,0.2680073824703914,0.0,34.125,0
Pakistan,2004,0,0,6.0,7.0,0.857,10.438,0.2677,10.5,6.0,10.5,1.0,0.167,0.2676580151920026,0.2676580151920026,0.0,0.0011692032942732,0.2680073824703914,0.0,34.125,0
Pakistan,2005,0,0,6.0,7.0,0.857,10.438,0.2677,10.5,6.0,10.5,1.0,0.167,0.2676580151920026,0.2676580151920026,0.0,0.0011692032942732,0.2680073824703914,0.0,34.125,0
Pakistan,2006,0,0,6.0,7.0,0.857,10.438,0.2677,10.5,6.0,10.5,1.0,0.167,0.2676580151920026,0.2676580151920026,0.0,0.0011692032942732,0.2680073824703914,0.0,34.125,0
Pakistan,2007,0,0,6.0,7.0,0.857,10.438,0.2677,10.5,6.0,10.5,1.0,0.167,0.2676580151920026,0.2676580151920026,0.0,0.0011692032942732,0.2680073824703914,0.0,34.125,0
Pakistan,2008,0,0,6.0,7.0,0.857,10.438,0.2677,10.5,6.0,10.5,1.0,0.167,0.2676580151920026,0.2676580151920026,0.0,0.0011692032942732,0.2680073824703914,0.0,34.125,0
Pakistan,2009,0,0,6.0,7.0,0.857,10.438,0.2677,10.5,6.0,10.5,1.0,0.167,0.2676580151920026,0.2676580151920026,0.0,0.0011692032942732,0.2680073824703914,0.0,34.125,0
Pakistan,2010,0,0,6.0,7.0,0.857,10.438,0.2677,10.5,6.0,10.5,1.0,0.167,0.2676580151920026,0.2676580151920026,0.0,0.0011692032942732,0.2680073824703914,0.0,34.125,0
Pakistan,2011,0,0,6.0,7.0,0.857,10.438,0.2677,10.5,6.0,10.5,1.0,0.167,0.2676580151920026,0.2676580151920026,0.0,0.0011692032942732,0.2680073824703914,0.0,34.125,0
Pakistan,2012,0,0,6.0,7.0,0.857,10.438,0.2677,10.5,6.0,10.5,1.0,0.167,0.2676580151920026,0.2676580151920026,0.0,0.0011692032942732,0.2680073824703914,0.0,34.125,0
Pakistan,2013,0,0,6.0,7.0,0.857,10.438,0.2677,10.5,6.0,10.5,1.0,0.167,0.2676580151920026,0.2676580151920026,0.0,0.0011692032942732,0.2680073824703914,0.0,34.125,0
Pakistan,2014,0,0,6.0,7.0,0.857,10.438,0.2677,10.5,6.0,10.5,1.0,0.167,0.2676580151920026,0.2676580151920026,0.0,0.0011692032942732,0.2680073824703914,0.0,34.125,0
Pakistan,2015,0,0,6.0,7.0,0.857,10.438,0.2677,10.5,6.0,10.5,1.0,0.167,0.2676580151920026,0.2676580151920026,0.0,0.0011692032942732,0.2680073824703914,0.0,34.125,0
Pakistan,2016,0,0,6.0,7.0,0.857,10.438,0.2677,10.5,6.0,10.5,1.0,0.167,0.2676580151920026,0.2676580151920026,0.0,0.0011692032942732,0.2680073824703914,0.0,34.125,0
Pakistan,2017,0,0,6.0,7.0,0.857,10.438,0.2677,10.5,6.0,10.5,1.0,0.167,0.2676580151920026,0.2676580151920026,0.0,0.0011692032942732,0.2680073824703914,0.0,34.125,0
Pakistan,2018,0,0,6.0,7.0,0.857,10.438,0.2677,10.5,6.0,10.5,1.0,0.167,0.2676580151920026,0.2676580151920026,0.0,0.0011692032942732,0.2680073824703914,0.0,34.125,0
Pakistan,2019,0,0,6.0,7.0,0.857,10.438,0.2677,10.5,6.0,10.5,1.0,0.167,0.2676580151920026,0.2676580151920026,0.0,0.0011692032942732,0.2680073824703914,0.0,34.125,0
Pakistan,2020,0,0,6.0,7.0,0.857,10.438,0.2677,10.5,6.0,10.5,1.0,0.167,0.2676580151920026,0.2676580151920026,0.0,0.0011692032942732,0.2680073824703914,0.0,34.125,0
Pakistan,2021,0,0,6.0,7.0,0.857,10.438,0.2677,10.5,6.0,10.5,1.0,0.167,0.2676580151920026,0.2676580151920026,0.0,0.0011692032942732,0.2680073824703914,0.0,34.125,0
Pakistan,2022,0,0,6.0,7.0,0.857,10.438,0.2677,10.5,6.0,10.5,1.0,0.167,0.2676580151920026,0.2676580151920026,0.0,0.0011692032942732,0.2680073824703914,0.0,34.125,0
Pakistan,2023,0,0,6.0,7.0,0.857,10.438,0.2677,10.5,6.0,10.5,1.0,0.167,0.2676580151920026,0.2676580151920026,0.0,0.0011692032942732,0.2680073824703914,0.0,34.125,0
Pakistan,2024,0,0,6.0,7.0,0.857,10.438,0.2677,10.5,6.0,10.5,1.0,0.167,0.2676580151920026,0.2676580151920026,0.0,0.0011692032942732,0.2680073824703914,0.0,34.125,0
Palestine,1945,1,0,7.5,4.375,1.714,3.438,0.1543,6.0,7.0,2.5,0.965,1.5,0.1543487469147772,0.1543487469147772,,0.0692914484081576,0.150081694148708,1.0,-53.875,0
Palestine,1946,1,0,7.5,4.875,1.538,4.0,0.156,6.0,7.0,5.0,1.036,1.867,0.1560054613128891,0.1560054613128891,,0.0449397860830712,0.1575006991546552,1.0,-46.875,0
Palestine,1947,1,0,6.5,5.875,1.106,7.5,0.2204,9.5,6.0,8.5,1.042,1.867,0.2204017349046406,0.2204017349046406,,0.1551216593347877,0.2134744284428852,0.5,-10.125,0
Palestine,1948,0,1,5.75,6.75,0.852,10.312,0.2798,12.5,5.0,11.5,1.071,1.3,0.2797598847953082,0.2797598847953082,,0.1184105606727586,0.3051808769356852,0.125,45.5,0
Palestine,1949,0,0,5.625,6.625,0.849,10.5,0.29,12.5,5.0,11.5,1.111,2.667,0.2900392375882196,0.2900392375882196,,0.2581035960333041,0.3210439171025153,0.0,44.125,0
Palestine,1950,0,0,5.625,6.625,0.849,10.5,0.29,12.5,5.0,11.5,1.111,2.667,0.2900392375882196,0.2900392375882196,0.4562973351992822,0.2581035960333041,0.3210439171025153,0.0,44.125,0
Palestine,1951,0,0,5.625,6.625,0.849,10.5,0.29,12.5,5.0,11.5,1.111,2.667,0.2900392375882196,0.2900392375882196,0.2598221291496498,0.2581035960333041,0.3210439171025153,0.0,44.125,0
Palestine,1952,0,0,5.625,6.625,0.849,10.5,0.29,12.5,5.0,11.5,1.111,2.667,0.2900392375882196,0.2900392375882196,0.1013217107704992,0.2581035960333041,0.3210439171025153,0.0,44.125,0
Palestine,1953,0,0,5.625,6.625,0.849,10.5,0.29,12.5,5.0,11.5,1.111,2.667,0.2900392375882196,0.2900392375882196,0.0419652641429673,0.2581035960333041,0.3210439171025153,0.0,44.125,0
Palestine,1954,0,0,5.625,6.625,0.849,10.5,0.29,12.5,5.0,11.5,1.111,2.667,0.2900392375882196,0.2900392375882196,0.0,0.2581035960333041,0.3210439171025153,0.0,44.125,0
Palestine,1955,0,0,5.625,6.625,0.849,10.5,0.29,12.5,5.0,11.5,1.111,2.667,0.2900392375882196,0.2900392375882196,0.0,0.2581035960333041,0.3210439171025153,0.0,44.125,0
Palestine,1956,0,0,5.625,6.625,0.849,10.5,0.29,12.5,5.0,11.5,1.111,2.667,0.2900392375882196,0.2900392375882196,0.0,0.2581035960333041,0.3210439171025153,0.0,44.125,0
Palestine,1957,0,0,5.625,6.625,0.849,10.5,0.29,12.5,5.0,11.5,1.111,2.667,0.2900392375882196,0.2900392375882196,0.0,0.2581035960333041,0.3210439171025153,0.0,44.125,0
Palestine,1958,0,0,5.625,6.625,0.849,10.5,0.29,12.5,5.0,11.5,1.111,2.667,0.2900392375882196,0.2900392375882196,0.0,0.2581035960333041,0.3210439171025153,0.0,44.125,0
Palestine,1959,0,0,5.625,6.625,0.849,10.5,0.29,12.5,5.0,11.5,1.111,2.667,0.2900392375882196,0.2900392375882196,0.0,0.2581035960333041,0.3210439171025153,0.0,44.125,0
Palestine,1960,0,0,5.625,6.625,0.849,10.5,0.29,12.5,5.0,11.5,1.111,2.667,0.2900392375882196,0.2900392375882196,0.0,0.2581035960333041,0.3210439171025153,0.0,44.125,0
Palestine,1961,0,0,5.625,6.625,0.849,10.5,0.29,12.5,5.0,11.5,1.111,2.667,0.2900392375882196,0.2900392375882196,0.0,0.2581035960333041,0.3210439171025153,0.0,44.125,0
Palestine,1962,0,0,5.625,6.625,0.849,10.5,0.29,12.5,5.0,11.5,1.111,2.667,0.2900392375882196,0.2900392375882196,0.0,0.2581035960333041,0.3210439171025153,0.0,44.125,0
Palestine,1963,0,0,5.625,6.625,0.849,10.5,0.29,12.5,5.0,11.5,1.111,2.667,0.2900392375882196,0.2900392375882196,0.0,0.2581035960333041,0.3210439171025153,0.0,44.125,0
Palestine,1964,1,0,5.625,6.625,0.849,10.5,0.29,12.5,5.0,11.5,1.111,2.667,0.2900392375882196,0.2900392375882196,0.0,0.2581035960333041,0.3210439171025153,0.0,44.125,0
Palestine,1965,1,0,5.625,6.625,0.849,10.5,0.29,12.5,5.0,11.5,1.111,2.667,0.2900392375882196,0.2900392375882196,0.0,0.2581035960333041,0.3210439171025153,0.0,44.125,0
Palestine,1966,1,0,5.625,6.625,0.849,10.5,0.29,12.5,5.0,11.5,1.111,2.667,0.2900392375882196,0.2900392375882196,0.0,0.2581035960333041,0.3210439171025153,0.0,44.125,0
Palestine,1967,0,1,5.625,6.625,0.849,10.5,0.29,12.5,5.0,11.5,1.111,2.667,0.2900392375882196,0.2900392375882196,0.0,0.2581035960333041,0.3210439171025153,0.0,44.125,0
Palestine,1968,0,0,5.625,6.625,0.849,10.5,0.29,12.5,5.0,11.5,1.111,2.667,0.2900392375882196,0.2900392375882196,0.0,0.2581035960333041,0.3210439171025153,0.0,44.125,0
Palestine,1969,0,0,5.625,6.625,0.849,10.5,0.29,12.5,5.0,11.5,1.111,2.667,0.2900392375882196,0.2900392375882196,0.0,0.2581035960333041,0.3210439171025153,0.0,44.125,0
Palestine,1970,0,0,5.625,6.625,0.849,10.5,0.29,12.5,5.0,11.5,1.111,2.667,0.2900392375882196,0.2900392375882196,0.0,0.2581035960333041,0.3210439171025153,0.0,44.125,0
Palestine,1971,0,0,5.625,6.625,0.849,10.5,0.29,12.5,5.0,11.5,1.111,2.667,0.2900392375882196,0.2900392375882196,0.0,0.2581035960333041,0.3210439171025153,0.0,44.125,0
Palestine,1972,0,0,5.625,6.625,0.849,10.5,0.29,12.5,5.0,11.5,1.111,2.667,0.2900392375882196,0.2900392375882196,0.0,0.2581035960333041,0.3210439171025153,0.0,44.125,0
Palestine,1973,0,0,6.625,5.625,1.178,7.0,0.2124,9.0,6.0,8.0,1.094,2.667,0.212443794166584,0.212443794166584,0.1869860395614532,0.2398259662392928,0.1930109430080499,0.625,-25.125,0
Palestine,1974,0,0,6.625,5.625,1.178,7.0,0.2124,9.0,6.0,8.0,1.094,2.667,0.212443794166584,0.212443794166584,0.1495888316491626,0.2398259662392928,0.1930109430080499,0.625,-25.125,0
Palestine,1975,0,0,6.625,5.625,1.178,7.0,0.2124,9.0,6.0,8.0,1.094,2.667,0.212443794166584,0.212443794166584,0.112191623736872,0.2398259662392928,0.1930109430080499,0.625,-25.125,0
Palestine,1976,0,0,7.0,6.0,1.167,7.875,0.2235,8.0,7.0,8.0,1.0,0.067,0.2235121775231784,0.2235121775231784,0.3010224309353115,0.0014063840305263,0.2239474607251923,1.0,-34.5,0
Palestine,1977,0,0,7.0,6.0,1.167,7.875,0.2235,8.0,7.0,8.0,1.0,0.067,0.2235121775231784,0.2235121775231784,0.2205182090415061,0.0014063840305263,0.2239474607251923,1.0,-34.5,0
Palestine,1978,0,0,7.0,6.0,1.167,7.875,0.2235,8.0,7.0,8.0,1.0,0.067,0.2235121775231784,0.2235121775231784,0.1256653861803327,0.0014063840305263,0.2239474607251923,1.0,-34.5,0
Palestine,1979,0,0,7.0,6.0,1.167,7.875,0.2235,8.0,7.0,8.0,1.0,0.067,0.2235121775231784,0.2235121775231784,0.0837769241202218,0.0014063840305263,0.2239474607251923,1.0,-34.5,0
Palestine,1980,0,0,7.0,6.0,1.167,7.875,0.2235,8.0,7.0,8.0,1.0,0.067,0.2235121775231784,0.2235121775231784,0.0418884620601109,0.0014063840305263,0.2239474607251923,1.0,-34.5,0
Palestine,1981,0,0,7.0,6.0,1.167,7.875,0.2235,8.0,7.0,8.0,1.0,0.067,0.2235121775231784,0.2235121775231784,0.0,0.0014063840305263,0.2239474607251923,1.0,-34.5,0
Palestine,1982,0,0,7.0,6.0,1.167,7.875,0.2235,8.0,7.0,8.0,1.0,0.067,0.2235121775231784,0.2235121775231784,0.0,0.0014063840305263,0.2239474607251923,1.0,-34.5,0
Palestine,1983,0,0,7.0,6.0,1.167,7.875,0.2235,8.0,7.0,8.0,1.0,0.067,0.2235121775231784,0.2235121775231784,0.0,0.0014063840305263,0.2239474607251923,1.0,-34.5,0
Palestine,1984,0,0,7.0,6.0,1.167,7.875,0.2235,8.0,7.0,8.0,1.0,0.067,0.2235121775231784,0.2235121775231784,0.0,0.0014063840305263,0.2239474607251923,1.0,-34.5,0
Palestine,1985,0,0,7.0,6.0,1.167,7.875,0.2235,8.0,7.0,8.0,1.0,0.067,0.2235121775231784,0.2235121775231784,0.0,0.0014063840305263,0.2239474607251923,1.0,-34.5,0
Palestine,1986,0,0,7.0,6.0,1.167,7.875,0.2235,8.0,7.0,8.0,1.0,0.067,0.2235121775231784,0.2235121775231784,0.0,0.0014063840305263,0.2239474607251923,1.0,-34.5,0
Palestine,1987,0,0,7.0,6.0,1.167,7.875,0.2235,8.0,7.0,8.0,1.0,0.067,0.2235121775231784,0.2235121775231784,0.0,0.0014063840305263,0.2239474607251923,1.0,-34.5,0
Palestine,1988,0,0,7.0,6.0,1.167,7.875,0.2235,8.0,7.0,8.0,1.0,0.067,0.2235121775231784,0.2235121775231784,0.0,0.0014063840305263,0.2239474607251923,1.0,-34.5,0
Palestine,1989,0,0,7.0,6.0,1.167,7.875,0.2235,8.0,7.0,8.0,1.0,0.067,0.2235121775231784,0.2235121775231784,0.0,0.0014063840305263,0.2239474607251923,1.0,-34.5,0
Palestine,1990,0,0,7.0,6.0,1.167,7.875,0.2235,8.0,7.0,8.0,1.0,0.067,0.2235121775231784,0.2235121775231784,0.0,0.0014063840305263,0.2239474607251923,1.0,-34.5,0
Palestine,1991,0,0,7.0,6.0,1.167,7.875,0.2235,8.0,7.0,8.0,1.0,0.067,0.2235121775231784,0.2235121775231784,0.0,0.0014063840305263,0.2239474607251923,1.0,-34.5,0
Palestine,1992,0,0,7.0,6.0,1.167,7.875,0.2235,8.0,7.0,8.0,1.0,0.067,0.2235121775231784,0.2235121775231784,0.0,0.0014063840305263,0.2239474607251923,1.0,-34.5,0
Palestine,1993,0,0,7.0,6.0,1.167,7.875,0.2235,8.0,7.0,8.0,1.0,0.067,0.2235121775231784,0.2235121775231784,0.0,0.0014063840305263,0.2239474607251923,1.0,-34.5,0
Palestine,1994,0,0,7.0,6.0,1.167,7.875,0.2235,8.0,7.0,8.0,1.0,0.067,0.2235121775231784,0.2235121775231784,0.0,0.0014063840305263,0.2239474607251923,1.0,-34.5,0
Palestine,1995,0,0,7.0,6.0,1.167,7.875,0.2235,8.0,7.0,8.0,1.0,0.067,0.2235121775231784,0.2235121775231784,0.0,0.0014063840305263,0.2239474607251923,1.0,-34.5,0
Palestine,1996,0,0,7.0,6.0,1.167,7.875,0.2235,8.0,7.0,8.0,1.0,0.067,0.2235121775231784,0.2235121775231784,0.0,0.0014063840305263,0.2239474607251923,1.0,-34.5,0
Palestine,1997,0,0,7.0,6.0,1.167,7.875,0.2235,8.0,7.0,8.0,1.0,0.067,0.2235121775231784,0.2235121775231784,0.0,0.0014063840305263,0.2239474607251923,1.0,-34.5,0
Palestine,1998,0,0,7.0,6.0,1.167,7.875,0.2235,8.0,7.0,8.0,1.0,0.067,0.2235121775231784,0.2235121775231784,0.0,0.0014063840305263,0.2239474607251923,1.0,-34.5,0
Palestine,1999,0,0,7.0,6.0,1.167,7.875,0.2235,8.0,7.0,8.0,1.0,0.067,0.2235121775231784,0.2235121775231784,0.0,0.0014063840305263,0.2239474607251923,1.0,-34.5,0
Palestine,2000,0,0,7.0,6.0,1.167,7.875,0.2235,8.0,7.0,8.0,1.0,0.067,0.2235121775231784,0.2235121775231784,0.0,0.0014063840305263,0.2239474607251923,1.0,-34.5,0
Palestine,2001,0,0,7.0,6.0,1.167,7.875,0.2235,8.0,7.0,8.0,1.0,0.067,0.2235121775231784,0.2235121775231784,0.0,0.0014063840305263,0.2239474607251923,1.0,-34.5,0
Palestine,2002,0,0,7.0,6.0,1.167,7.875,0.2235,8.0,7.0,8.0,1.0,0.067,0.2235121775231784,0.2235121775231784,0.0,0.0014063840305263,0.2239474607251923,1.0,-34.5,0
Palestine,2003,0,0,7.0,6.0,1.167,7.875,0.2235,8.0,7.0,8.0,1.0,0.067,0.2235121775231784,0.2235121775231784,0.0,0.0014063840305263,0.2239474607251923,1.0,-34.5,0
Palestine,2004,1,0,7.0,6.0,1.167,7.875,0.2235,8.0,7.0,8.0,1.0,0.067,0.2235121775231784,0.2235121775231784,0.0,0.0014063840305263,0.2239474607251923,1.0,-34.5,0
Palestine,2005,1,0,7.0,6.0,1.167,7.875,0.2235,8.0,7.0,8.0,1.0,0.067,0.2235121775231784,0.2235121775231784,0.0,0.0014063840305263,0.2239474607251923,1.0,-34.5,1
Palestine,2006,1,0,7.0,6.0,1.167,7.875,0.2235,8.0,7.0,8.0,1.0,0.067,0.2235121775231784,0.2235121775231784,0.0,0.0014063840305263,0.2239474607251923,1.0,-34.5,1
Palestine,2007,0,1,7.0,6.0,1.167,7.875,0.2235,8.0,7.0,8.0,1.0,0.067,0.2235121775231784,0.2235121775231784,0.0,0.0014063840305263,0.2239474607251923,1.0,-34.5,1
Palestine,2008,0,0,7.0,6.0,1.167,7.875,0.2235,8.0,7.0,8.0,1.0,0.067,0.2235121775231784,0.2235121775231784,0.0,0.0014063840305263,0.2239474607251923,1.0,-34.5,0
Palestine,2009,0,0,7.0,6.0,1.167,7.875,0.2235,8.0,7.0,8.0,1.0,0.067,0.2235121775231784,0.2235121775231784,0.0,0.0014063840305263,0.2239474607251923,1.0,-34.5,0
Palestine,2010,0,0,7.0,6.0,1.167,7.875,0.2235,8.0,7.0,8.0,1.0,0.067,0.2235121775231784,0.2235121775231784,0.0,0.0014063840305263,0.2239474607251923,1.0,-34.5,0
Palestine,2011,0,0,7.0,6.0,1.167,7.875,0.2235,8.0,7.0,8.0,1.0,0.067,0.2235121775231784,0.2235121775231784,0.0,0.0014063840305263,0.2239474607251923,1.0,-34.5,0
Palestine,2012,0,0,7.0,6.0,1.167,7.875,0.2235,8.0,7.0,8.0,1.0,0.067,0.2235121775231784,0.2235121775231784,0.0,0.0014063840305263,0.2239474607251923,1.0,-34.5,0
Palestine,2013,0,0,7.0,6.0,1.167,7.875,0.2235,8.0,7.0,8.0,1.0,0.067,0.2235121775231784,0.2235121775231784,0.0,0.0014063840305263,0.2239474607251923,1.0,-34.5,0
Palestine,2014,0,0,7.0,6.0,1.167,7.875,0.2235,8.0,7.0,8.0,1.0,0.067,0.2235121775231784,0.2235121775231784,0.0,0.0014063840305263,0.2239474607251923,1.0,-34.5,0
Palestine,2015,0,0,7.0,6.0,1.167,7.875,0.2235,8.0,7.0,8.0,1.0,0.067,0.2235121775231784,0.2235121775231784,0.0,0.0014063840305263,0.2239474607251923,1.0,-34.5,0
Palestine,2016,0,0,7.0,6.0,1.167,7.875,0.2235,8.0,7.0,8.0,1.0,0.067,0.2235121775231784,0.2235121775231784,0.0,0.0014063840305263,0.2239474607251923,1.0,-34.5,0
Palestine,2017,0,0,7.0,6.0,1.167,7.875,0.2235,8.0,7.0,8.0,1.0,0.067,0.2235121775231784,0.2235121775231784,0.0,0.0014063840305263,0.2239474607251923,1.0,-34.5,0
Palestine,2018,0,0,7.0,6.0,1.167,7.875,0.2235,8.0,7.0,8.0,1.0,0.067,0.2235121775231784,0.2235121775231784,0.0,0.0014063840305263,0.2239474607251923,1.0,-34.5,0
Palestine,2019,0,0,7.0,6.0,1.167,7.875,0.2235,8.0,7.0,8.0,1.0,0.067,0.2235121775231784,0.2235121775231784,0.0,0.0014063840305263,0.2239474607251923,1.0,-34.5,0
Palestine,2020,0,0,7.0,6.0,1.167,7.875,0.2235,8.0,7.0,8.0,1.0,0.067,0.2235121775231784,0.2235121775231784,0.0,0.0014063840305263,0.2239474607251923,1.0,-34.5,0
Palestine,2021,0,0,7.0,6.0,1.167,7.875,0.2235,8.0,7.0,8.0,1.0,0.067,0.2235121775231784,0.2235121775231784,0.0,0.0014063840305263,0.2239474607251923,1.0,-34.5,0
Palestine,2022,0,0,7.0,6.0,1.167,7.875,0.2235,8.0,7.0,8.0,1.0,0.067,0.2235121775231784,0.2235121775231784,0.0,0.0014063840305263,0.2239474607251923,1.0,-34.5,0
Palestine,2023,0,0,7.0,6.0,1.167,7.875,0.2235,8.0,7.0,8.0,1.0,0.067,0.2235121775231784,0.2235121775231784,0.0,0.0014063840305263,0.2239474607251923,1.0,-34.5,0
Palestine,2024,0,0,7.0,6.0,1.167,7.875,0.2235,8.0,7.0,8.0,1.0,0.067,0.2235121775231784,0.2235121775231784,0.0,0.0014063840305263,0.2239474607251923,1.0,-34.5,0
Palestine,2025,0,0,7.0,6.0,1.167,7.875,0.2235,8.0,7.0,8.0,1.0,0.067,0.2235121775231784,0.2235121775231784,0.0,0.0014063840305263,0.2239474607251923,1.0,-34.5,0
Philippines,1900,0,0,8.875,4.875,1.821,2.062,0.1203,2.5,8.0,5.0,1.085,4.9,0.1202704012360634,0.1202704012360634,,0.0279898558212587,0.1217817154724271,1.0,-62.5,0
Philippines,1901,0,0,7.75,5.5,1.409,5.062,0.1682,6.0,7.0,7.5,1.053,4.9,0.1682340267538173,0.1682340267538173,,0.0857980571509032,0.1631853274831665,0.875,-44.375,0
Philippines,1902,0,0,7.125,5.625,1.267,6.25,0.1961,8.5,6.0,9.5,1.127,6.0,0.1961497205600151,0.1961497205600151,,0.3428882382310063,0.1468893723046245,0.375,-16.5,0
Philippines,1903,0,0,6.25,6.0,1.042,8.0,0.2358,12.0,5.0,10.5,1.111,4.8,0.2357831174593291,0.2357831174593291,,0.1113780481575934,0.2421149213095174,0.375,18.0,0
Philippines,1904,0,0,5.375,6.5,0.827,10.0,0.2856,13.0,4.0,11.5,1.2,4.533,0.285601044823576,0.285601044823576,,0.0962335327496072,0.303779766875104,0.125,61.0,0
Philippines,1905,0,0,4.625,6.625,0.698,11.125,0.3241,14.0,4.0,13.5,1.27,4.2,0.3241197629270214,0.3241197629270214,0.6627363644462103,0.063992305577417,0.3618540474839105,0.125,95.375,0
Philippines,1906,0,0,4.25,6.75,0.63,12.0,0.3531,14.0,4.0,15.0,1.167,3.2,0.3531365793338293,0.3531365793338293,1.201980563572996,0.0659151767478504,0.3891511007234242,0.125,122.0,0
Philippines,1907,0,0,4.125,6.875,0.6,12.812,0.3779,14.0,4.0,16.0,1.083,2.9,0.3779307840241904,0.3779307840241904,0.3648004091113207,0.0963807430719931,0.4142640431641297,0.0,142.875,0
Philippines,1908,0,0,4.125,7.125,0.579,13.188,0.3842,14.0,4.0,16.0,1.083,2.967,0.384163843962921,0.384163843962921,0.3968057032888997,0.0924782730514068,0.4155588457844573,0.0,157.5,0
Philippines,1909,0,0,3.875,7.125,0.544,13.688,0.4073,14.0,4.0,16.0,1.053,2.7,0.4072775708307961,0.4072775708307961,0.3821190185362625,0.1055988703029212,0.4540620440995814,0.0,180.0,0
Philippines,1910,0,0,3.875,7.25,0.534,13.938,0.4117,14.0,4.0,16.0,1.053,2.033,0.4117460447575705,0.4117460447575705,0.3127625306100793,0.0915386828220415,0.4543198127263824,0.0,187.875,0
Philippines,1911,0,0,3.75,7.375,0.508,14.188,0.4177,14.0,4.0,16.0,0.965,1.367,0.4176896921287777,0.4176896921287777,0.2245381134940503,0.0523583935278254,0.4475853931157963,0.0,194.125,0
Philippines,1912,0,0,3.75,7.375,0.508,14.188,0.4177,14.0,4.0,16.0,0.965,1.367,0.4176896921287777,0.4176896921287777,0.189180394775544,0.0523583935278254,0.4475853931157963,0.0,194.125,0
Philippines,1913,0,0,4.25,7.125,0.596,13.188,0.3808,11.0,5.0,13.0,0.909,0.3,0.3808432750394564,0.3808432750394564,0.4939417231102329,0.0684120983783016,0.4051377485082134,0.0,146.125,0
Philippines,1914,0,0,4.625,6.75,0.685,12.25,0.3551,8.5,6.0,14.0,0.903,0.4,0.3551176565954529,0.3551176565954529,0.5055980337187432,0.0532770739172153,0.3747018285684403,0.125,103.125,0
Philippines,1915,0,0,4.375,7.0,0.625,13.0,0.3759,8.5,6.0,14.0,0.87,0.0,0.3759338216614465,0.3759338216614465,0.3142409908218889,0.0694084070508087,0.405754582556408,0.125,136.875,0
Philippines,1916,0,0,3.5,7.5,0.467,14.938,0.4469,13.0,4.0,18.0,1.078,2.033,0.4468840178232007,0.4468840178232007,0.2514595878290434,0.0779951765846944,0.4904744334682592,0.0,229.375,0
Philippines,1917,0,0,3.375,8.0,0.422,15.938,0.4684,14.0,4.0,18.0,0.98,0.967,0.468391363940102,0.468391363940102,0.3270801827938657,0.066061091194033,0.5046023748853314,0.0,273.25,0
Philippines,1918,0,0,5.375,7.5,0.717,12.688,0.3391,13.0,5.0,15.0,1.319,4.3,0.3391154286536095,0.3391154286536095,0.4118101764209994,0.1546206179294262,0.3974017631062234,0.125,156.75,0
Philippines,1919,0,0,5.25,6.75,0.778,11.438,0.323,14.0,4.0,12.0,1.25,3.9,0.3230411620831741,0.3230411620831741,0.8657335884726294,0.1023016587642493,0.3584232869353556,0.125,82.875,0
Philippines,1920,0,0,6.625,5.75,1.152,8.188,0.2486,10.0,6.0,6.0,1.094,2.967,0.2485546317297726,0.2485546317297726,0.2054605737931368,0.1051994463974806,0.2403814381442814,0.5,-20.25,0
Philippines,1921,0,0,6.125,5.875,1.043,8.812,0.2655,11.0,6.0,6.0,1.056,2.9,0.2654850030966565,0.2654850030966565,0.3702642381156985,0.1403573737158525,0.2782604219452633,0.5,5.625,0
Philippines,1922,0,0,5.625,6.375,0.882,10.188,0.293,13.0,5.0,9.0,1.111,3.5,0.2930153899454194,0.2930153899454194,0.640985041411621,0.1701128692210367,0.3377382756191817,0.375,44.5,0
Philippines,1923,0,0,5.5,6.625,0.83,10.438,0.2951,13.0,5.0,6.0,1.049,2.3,0.2950611344740866,0.2950611344740866,0.420639832478957,0.1201949923545353,0.3382096385391399,0.25,65.0,0
Philippines,1924,0,0,5.0,7.0,0.714,11.562,0.326,14.0,4.0,10.0,1.232,4.1,0.325982066881012,0.325982066881012,0.4839354889207555,0.0833508892415492,0.3698781681953659,0.125,117.75,0
Philippines,1925,0,0,4.125,7.0,0.589,12.938,0.3822,14.0,4.0,12.0,1.083,2.567,0.3822233634805518,0.3822233634805518,0.7141965362087043,0.0942220154101969,0.436627912847954,0.125,157.5,0
Philippines,1926,0,0,4.0,7.125,0.561,13.312,0.3931,14.0,4.0,13.0,1.14,2.1,0.3931083099671312,0.3931083099671312,0.6668181781895398,0.0725655102933101,0.4406831790178037,0.125,171.375,0
Philippines,1927,0,0,4.0,7.375,0.542,13.688,0.3973,14.0,4.0,14.0,1.14,2.167,0.3973466544111181,0.3973466544111181,0.5531810788959767,0.0860089866333474,0.4483011228356733,0.125,189.375,0
Philippines,1928,0,0,4.0,7.5,0.533,13.812,0.3973,14.0,4.0,15.0,1.14,2.367,0.3973466544111181,0.3973466544111181,0.4420652336089002,0.0828037324157439,0.4477651447618418,0.125,196.375,0
Philippines,1929,0,0,4.5,7.25,0.621,12.812,0.3615,14.0,4.0,15.0,1.19,2.9,0.3615256491439756,0.3615256491439756,0.4212691449090329,0.0518382048693368,0.3914050475203768,0.125,145.75,0
Philippines,1930,0,0,5.25,6.625,0.792,11.062,0.3178,14.0,4.0,15.0,1.377,5.433,0.317785306000834,0.317785306000834,0.90283933651975,0.1524864048537774,0.3711309984542681,0.25,82.25,0
Philippines,1931,0,0,5.875,6.5,0.904,9.938,0.2833,14.0,4.0,14.0,1.346,6.3,0.2833095916362844,0.2833095916362844,0.5493535337096649,0.0591480851376501,0.3169856310115559,0.375,57.5,0
Philippines,1932,0,0,5.875,6.375,0.922,9.812,0.2833,14.0,4.0,14.0,1.346,6.1,0.2833095916362844,0.2833095916362844,0.4177063508404345,0.066613309012397,0.3172848628096091,0.375,53.0,0
Philippines,1933,0,0,5.625,6.625,0.849,10.562,0.2985,14.0,4.0,14.0,1.333,5.7,0.2984999184402192,0.2984999184402192,0.4283688660544077,0.1517682577714825,0.3470025676804648,0.25,70.75,0
Philippines,1934,0,0,5.125,6.875,0.745,11.75,0.3332,16.0,4.0,16.5,1.439,6.533,0.3332297248898052,0.3332297248898052,0.366235760273269,0.1334230183879874,0.3988782747863808,0.125,122.5,0
Philippines,1935,0,0,5.25,7.0,0.75,12.125,0.34,16.0,4.0,17.5,1.377,7.667,0.3400251499035301,0.3400251499035301,0.2343176113889612,0.0926097501704399,0.4020938386817121,0.125,145.125,0
Philippines,1936,0,0,4.75,6.5,0.731,12.125,0.3625,15.0,4.0,17.5,1.349,5.533,0.3625455886732733,0.3625455886732733,0.4713070298391136,0.1016023502818179,0.4226063389877939,0.25,135.25,0
Philippines,1937,0,0,4.25,7.0,0.607,13.625,0.4048,15.0,4.0,17.5,1.167,3.133,0.4048195928236435,0.4048195928236435,0.6671159933166638,0.1194106624058627,0.473535877965992,0.125,184.875,0
Philippines,1938,0,0,4.75,7.0,0.679,12.625,0.3624,15.0,4.0,15.5,1.212,3.667,0.3623785783344372,0.3623785783344372,0.4936826402835065,0.1016629732118763,0.4134591312718597,0.125,148.25,0
Philippines,1939,0,0,4.875,6.875,0.709,12.5,0.3581,15.0,4.0,15.5,1.159,3.467,0.3580808694952191,0.3580808694952191,0.34160775283024,0.1117811555795851,0.4035134761324149,0.125,128.75,0
Philippines,1940,0,0,5.875,6.875,0.855,11.125,0.3009,13.0,5.0,14.5,1.034,2.867,0.3009470473304677,0.3009470473304677,0.5390491734555274,0.085334770192211,0.3362797438872582,0.25,70.0,0
Philippines,1941,0,0,8.375,6.125,1.367,7.375,0.2033,8.0,8.0,9.5,1.057,2.733,0.2033333671696055,0.2033333671696055,0.5189099005280163,0.0737029439190815,0.1934254014296212,0.875,-90.25,0
Philippines,1942,0,0,9.25,3.0,3.083,-0.938,0.1027,-0.5,9.0,-4.0,1.014,0.633,0.102650702495846,0.102650702495846,0.4552221648544484,0.0065857013833884,0.1033605967987097,1.0,-82.125,0
Philippines,1943,0,0,8.75,3.75,2.333,1.125,0.1243,2.5,8.0,0.5,1.047,1.8,0.1242809718226233,0.1242809718226233,0.272525617254304,0.0084789334572168,0.1235535046442873,1.0,-88.0,0
Philippines,1944,0,0,9.625,2.875,3.348,-1.375,0.0974,-0.5,9.0,-2.5,1.064,3.933,0.0974109119227521,0.0974109119227521,0.1817368994107339,0.0150700120624612,0.1015352478674073,1.0,-92.375,0
Philippines,1945,0,0,8.375,3.375,2.481,2.188,0.1528,-0.5,9.0,4.0,1.057,3.233,0.1527662626304638,0.1527662626304638,0.1923922683971836,0.0729383768242706,0.1463729437255496,0.875,-112.5,0
Philippines,1946,0,0,7.25,4.5,1.611,5.5,0.2034,5.0,7.0,7.5,1.095,3.2,0.2033948887700604,0.2033948887700604,0.2368306656607331,0.0213978299124694,0.2024418318748382,1.0,-80.25,0
Philippines,1947,0,0,7.0,5.125,1.366,6.75,0.2213,8.5,6.0,7.5,1.078,2.533,0.2213007297486379,0.2213007297486379,0.3145655244133754,0.242046213336383,0.179443180980072,0.625,-44.5,0
Philippines,1948,0,0,7.0,5.25,1.333,6.75,0.2186,8.5,6.0,5.5,1.0,1.467,0.2186384616545734,0.2186384616545734,0.4773962833462573,0.2692997263440739,0.1677383861506622,0.625,-39.625,0
Philippines,1949,0,0,7.625,5.25,1.452,5.562,0.1869,7.5,7.0,3.0,1.009,1.7,0.1869273299385065,0.1869273299385065,0.4145848329959778,0.1013035830763066,0.1741094084393233,0.875,-57.0,0
Philippines,1950,0,0,7.5,5.625,1.333,6.5,0.2006,8.5,7.0,6.5,1.036,2.4,0.2006127570983099,0.2006127570983099,0.2693686056591662,0.1809653387201217,0.1765337660635775,0.75,-53.75,0
Philippines,1951,0,0,6.875,6.0,1.146,8.0,0.2298,9.5,6.0,8.5,1.111,2.667,0.2298313542961104,0.2298313542961104,0.2982085555868423,0.3641370217591011,0.2009987615396591,0.5,-25.5,0
Philippines,1952,0,0,5.875,6.375,0.922,10.062,0.2838,11.5,5.0,11.5,1.131,3.567,0.2838282439807058,0.2838282439807058,0.1601666452668695,0.0258681033310081,0.2923618686922816,0.25,30.0,0
Philippines,1953,0,0,5.375,7.0,0.768,11.688,0.3188,12.5,5.0,15.0,1.09,3.5,0.3188374481249136,0.3188374481249136,0.8065417335966296,0.087068704471504,0.3479699512039278,0.125,87.375,0
Philippines,1954,0,0,4.375,7.25,0.603,13.938,0.4005,15.0,4.0,17.0,1.111,3.367,0.4005204082630333,0.4005204082630333,0.6412450577018359,0.0675133246653992,0.4316078835877397,0.0,166.625,0
Philippines,1955,0,0,4.125,7.5,0.55,14.438,0.4142,15.0,4.0,17.0,1.083,3.1,0.4141544263282546,0.4141544263282546,0.5630277441853904,0.0456271352641035,0.4362596893493887,0.0,191.125,0
Philippines,1956,0,0,4.125,7.625,0.541,14.812,0.4228,15.0,4.0,17.0,1.083,2.633,0.4227661406317562,0.4227661406317562,0.4707895362402386,0.0415857587395649,0.4441200144551689,0.0,204.25,0
Philippines,1957,0,0,4.875,7.375,0.661,13.438,0.3699,14.0,5.0,12.0,1.042,1.5,0.3698733195748138,0.3698733195748138,0.600498240422237,0.0723572082138734,0.3948209396271621,0.0,138.375,0
Philippines,1958,0,0,5.125,7.25,0.707,12.688,0.3472,13.0,5.0,11.0,1.181,3.5,0.3472238040056619,0.3472238040056619,0.673151055298421,0.1311580808192332,0.3996502095964358,0.125,126.75,0
Philippines,1959,0,0,5.375,7.0,0.768,12.062,0.333,13.0,5.0,10.0,1.2,4.633,0.3329724285049596,0.3329724285049596,0.4377602309830298,0.1937499555429997,0.4003148889166176,0.25,101.5,0
Philippines,1960,0,0,5.75,6.875,0.836,11.188,0.3058,13.0,5.0,10.0,1.173,4.3,0.305772175387851,0.305772175387851,0.3818870765283278,0.2407126257840629,0.3683147592563193,0.25,76.0,0
Philippines,1961,0,0,6.0,6.875,0.873,10.812,0.2926,13.0,5.0,9.0,1.296,4.767,0.2925986407240113,0.2925986407240113,0.4411509861648762,0.2401076824545532,0.3518025528031795,0.25,64.625,0
Philippines,1962,0,0,5.75,7.125,0.807,11.688,0.3136,13.0,5.0,13.0,1.282,4.567,0.3135808310261476,0.3135808310261476,0.8470196427795298,0.0650007450612639,0.3450631360233358,0.25,97.25,0
Philippines,1963,0,0,5.875,6.875,0.855,11.062,0.3013,13.0,5.0,9.0,1.235,4.1,0.3012858326366698,0.3012858326366698,0.5318741435573247,0.1825527367139956,0.3407494840419773,0.125,74.5,0
Philippines,1964,0,0,6.0,6.875,0.873,10.812,0.2931,13.0,5.0,9.0,1.296,4.767,0.2930747409255745,0.2930747409255745,0.4016949098635768,0.2054549360118217,0.3341800046437995,0.125,66.625,0
Philippines,1965,0,0,6.0,6.75,0.889,10.688,0.2931,13.0,5.0,9.0,1.296,5.1,0.2930747409255745,0.2930747409255745,0.2436094781653143,0.2772001339555943,0.3396418566339305,0.125,60.5,0
Philippines,1966,0,0,5.25,7.25,0.724,12.312,0.3341,13.0,5.0,14.0,1.25,4.5,0.3341381546756733,0.3341381546756733,0.3019952402917071,0.0643528309788682,0.3657742490359479,0.125,117.125,0
Philippines,1967,0,0,5.125,7.375,0.695,13.062,0.3538,13.0,5.0,15.0,1.181,4.1,0.3537645392675067,0.3537645392675067,0.5480248773689824,0.0608916422332626,0.3825875454543643,0.125,133.375,0
Philippines,1968,0,0,5.5,7.5,0.733,12.688,0.3335,13.0,5.0,15.0,1.267,4.033,0.3334785710554319,0.3334785710554319,0.2920779724645353,0.0437132236575306,0.3583318939752502,0.125,119.25,0
Philippines,1969,1,0,6.25,7.625,0.82,11.438,0.2866,13.0,5.0,13.0,1.31,4.7,0.286587386145865,0.286587386145865,0.481587436344071,0.0505707621707668,0.3152857561251437,0.25,85.875,0
Philippines,1970,1,0,7.625,6.875,1.109,8.188,0.2119,12.0,6.0,8.0,1.157,4.3,0.211856216670759,0.211856216670759,0.7135867652538128,0.2382153547831875,0.1971129637158513,0.375,-10.0,0
Philippines,1971,1,0,8.25,6.625,1.245,6.812,0.1842,9.0,7.0,6.0,1.016,2.633,0.1841694253447982,0.1841694253447982,0.7917711105293755,0.1839346039945635,0.1670981417714094,0.75,-44.75,0
Philippines,1972,0,1,8.875,5.75,1.543,4.5,0.1534,4.5,9.0,4.0,0.963,1.6,0.1533961911312155,0.1533961911312155,0.3990122877660504,0.0149224800347833,0.1574228066464944,0.875,-68.5,0
Philippines,1973,0,0,5.5,7.0,0.786,11.625,0.3197,11.5,5.0,20.0,1.389,5.533,0.3197165330892659,0.3197165330892659,0.9467627204173792,0.210201465772864,0.4169168045453102,0.25,119.375,0
Philippines,1974,0,0,6.625,7.0,0.946,10.25,0.2691,12.5,5.0,19.0,1.605,8.133,0.2690634954779307,0.2690634954779307,0.5026237735969601,0.1776075954891927,0.3373697974424068,0.375,76.0,0
Philippines,1975,0,0,6.0,7.125,0.842,11.25,0.2964,12.5,5.0,19.0,1.41,7.067,0.2964239503345848,0.2964239503345848,0.6733252930401861,0.1628916697756627,0.3757170782352314,0.375,107.625,0
Philippines,1976,0,0,5.875,7.125,0.825,11.25,0.2956,12.5,5.0,16.0,1.235,4.933,0.295613335031785,0.295613335031785,0.2167485921358624,0.123383166701752,0.3361769428860024,0.125,91.25,0
Philippines,1977,0,0,5.875,7.125,0.825,11.25,0.2956,12.5,5.0,16.0,1.235,4.933,0.295613335031785,0.295613335031785,0.1991565309356724,0.123383166701752,0.3361769428860024,0.125,91.25,0
Philippines,1978,0,0,6.0,7.25,0.828,11.25,0.2906,12.5,5.0,16.0,1.296,4.933,0.2905892133678759,0.2905892133678759,0.2398320417162528,0.1500408897040656,0.3400184879886272,0.125,87.0,0
Philippines,1979,0,0,6.375,7.25,0.879,10.625,0.2693,12.5,5.0,14.0,1.264,5.0,0.2692955664567222,0.2692955664567222,0.2796487433345544,0.1902954499417294,0.3107796697037092,0.125,62.875,0
Philippines,1980,0,0,6.625,7.125,0.93,10.0,0.2542,12.5,5.0,14.0,1.278,5.067,0.2542074806754182,0.2542074806754182,0.2799028108514478,0.1733142079953408,0.2833510562409814,0.25,41.875,0
Philippines,1981,0,0,7.0,6.375,1.098,8.375,0.2299,9.5,6.0,13.0,1.25,5.667,0.2298818781257487,0.2298818781257487,0.4913558707939463,0.2580400315687825,0.2162051206754177,0.375,-4.75,0
Philippines,1982,0,0,7.25,6.375,1.137,8.0,0.2199,9.5,6.0,11.0,1.263,5.6,0.2199479359604041,0.2199479359604041,0.4125488560416579,0.3665045286140453,0.1819514943985269,0.375,-14.625,0
Philippines,1983,1,0,8.0,5.5,1.455,5.438,0.1798,6.5,7.0,8.0,1.216,6.833,0.1797689515409016,0.1797689515409016,0.7221766617105263,0.0885140768532736,0.1694943007685758,0.75,-58.0,0
Philippines,1984,1,0,8.75,4.875,1.795,3.688,0.1554,5.5,8.0,5.0,1.179,7.767,0.1554078091082461,0.1554078091082461,0.0050790538930607,0.1495691697345232,0.139910421890681,0.75,-82.5,1
Philippines,1985,1,0,8.625,4.5,1.917,3.188,0.1546,3.5,8.0,4.0,1.208,8.033,0.1545549601374128,0.1545549601374128,0.1188374736859795,0.0709074579714081,0.1506369559161094,0.75,-75.0,1
Philippines,1986,0,1,8.25,5.5,1.5,5.062,0.1747,0.5,9.0,0.0,0.952,0.633,0.1747386554753384,0.1747386554753384,0.4307047346262126,0.1264825001384608,0.2083732645869885,0.875,-29.125,1
Philippines,1987,0,0,7.375,6.25,1.18,7.562,0.2148,6.5,7.0,5.0,0.991,1.967,0.214792805339263,0.214792805339263,0.6017653292639414,0.1879788531108472,0.2354008486532748,0.75,-25.125,0
Philippines,1988,0,0,6.375,6.75,0.944,9.812,0.2641,9.5,6.0,9.0,0.99,2.367,0.2641235297400781,0.2641235297400781,0.5283487950605813,0.3191902075607479,0.3041577839658751,0.25,29.5,0
Philippines,1989,0,0,7.625,6.625,1.151,7.938,0.2128,8.5,7.0,6.0,0.94,0.967,0.2128497023069128,0.2128497023069128,0.4233207222543603,0.1885227075922295,0.2095363126236514,0.625,-25.75,0
Philippines,1990,0,0,7.375,6.25,1.18,7.562,0.2142,9.5,6.0,7.0,1.143,4.1,0.2142189054531835,0.2142189054531835,0.6260149186580907,0.247845002036171,0.1967937096063068,0.5,-27.375,0
Philippines,1991,0,0,8.5,4.875,1.744,4.375,0.1706,5.5,8.0,6.0,1.167,4.067,0.1705971118964837,0.1705971118964837,0.8207203025709783,0.0114347266306965,0.1634784522982228,0.875,-93.75,0
Philippines,1992,0,0,7.5,5.375,1.395,6.25,0.2025,6.5,7.0,9.0,1.19,4.933,0.2024632878156025,0.2024632878156025,0.5279205982135514,0.0151959284145984,0.1958006143994275,0.875,-57.25,0
Philippines,1993,0,0,6.25,6.125,1.02,9.25,0.2659,9.5,6.0,12.0,1.207,4.4,0.2658975585836201,0.2658975585836201,0.3668041867172111,0.1798922756042474,0.2728256673483649,0.375,9.125,0
Philippines,1994,0,0,5.5,6.875,0.8,11.375,0.3127,10.5,5.0,15.0,1.267,4.067,0.3126830687314818,0.3126830687314818,0.5895608421254616,0.0813828213671133,0.3399611105837339,0.125,80.25,0
Philippines,1995,0,0,6.0,6.875,0.873,10.5,0.2825,10.5,5.0,13.0,1.19,3.733,0.2825238696161662,0.2825238696161662,0.297680027679427,0.1248034999409541,0.3046700061847144,0.125,55.625,0
Philippines,1996,0,0,5.125,7.25,0.707,12.75,0.3482,12.5,5.0,15.0,1.181,3.6,0.3482202515673258,0.3482202515673258,0.4539149646519361,0.0445898096946458,0.3760811841775424,0.125,127.5,0
Philippines,1997,0,0,6.25,7.0,0.893,10.5,0.2768,12.5,5.0,13.0,1.207,4.267,0.276770687081267,0.276770687081267,0.4348035888046128,0.0611605798776677,0.305904765003504,0.375,48.375,0
Philippines,1998,0,0,6.5,6.375,1.02,9.062,0.2537,9.5,6.0,10.5,1.222,4.1,0.2537015001279804,0.2537015001279804,0.4679196113182438,0.1207850866948412,0.2694705420536908,0.5,9.5,0
Philippines,1999,0,0,6.75,6.375,1.059,8.438,0.2357,9.5,6.0,8.5,1.146,3.633,0.2357056131462322,0.2357056131462322,0.2485842240269091,0.1989187637533358,0.2445622854561719,0.5,-2.0,0
Philippines,2000,0,0,7.875,5.75,1.37,5.812,0.1839,6.5,7.0,3.5,1.096,4.233,0.1839361058716153,0.1839361058716153,0.673254252034903,0.0231915418723696,0.1841077462172672,0.75,-42.5,0
Philippines,2001,0,0,8.125,5.5,1.477,5.562,0.182,5.5,8.0,3.5,1.111,4.367,0.182016373630586,0.182016373630586,0.6160679277747501,0.0235558904027065,0.1869983708941718,0.875,-62.5,0
Philippines,2002,0,0,6.75,6.125,1.102,8.25,0.2362,9.5,6.0,11.0,1.146,4.4,0.2361836133965354,0.2361836133965354,0.2913315819617879,0.1488863578241948,0.2301835656468082,0.5,-8.5,0
Philippines,2003,0,0,7.0,6.125,1.143,7.875,0.2252,9.5,6.0,10.0,1.078,3.8,0.2252176357816261,0.2252176357816261,0.255349773861372,0.1559354064221424,0.2117142110290623,0.625,-18.0,0
Philippines,2004,0,0,6.875,6.125,1.122,8.125,0.2323,9.5,6.0,11.0,1.198,4.733,0.2323450565017387,0.2323450565017387,0.2310933265538997,0.1505207400125019,0.2229175500051576,0.5,-12.875,0
Philippines,2005,0,0,7.75,6.0,1.292,6.5,0.1925,8.5,7.0,5.0,0.983,2.133,0.1924567083711345,0.1924567083711345,0.4285030988078067,0.1000387049602696,0.1845110275110869,0.875,-52.375,0
Philippines,2006,0,0,7.25,6.25,1.16,7.375,0.2094,9.5,6.0,6.0,1.019,1.933,0.2094079403625622,0.2094079403625622,0.2655341291598986,0.3554091364306403,0.1718743978796418,0.5,-23.875,0
Philippines,2007,0,0,7.25,6.375,1.137,7.5,0.2094,9.5,6.0,6.0,1.019,2.133,0.2094079403625622,0.2094079403625622,0.1598478564891629,0.2479392351280622,0.179183178106302,0.5,-19.5,0
Philippines,2008,0,0,7.75,6.125,1.265,6.625,0.1937,9.5,6.0,6.0,1.204,3.933,0.1936611103107054,0.1936611103107054,0.2588215043394057,0.1598677910799322,0.1704036605809573,0.625,-43.625,0
Philippines,2009,0,0,7.75,6.0,1.292,6.5,0.1937,9.5,6.0,3.0,1.126,3.2,0.1937149292119694,0.1937149292119694,0.1937746451990869,0.1559368736067663,0.1664444929122067,0.625,-43.25,0
Philippines,2010,0,0,6.125,6.75,0.907,10.375,0.2804,9.5,6.0,14.0,1.25,5.133,0.2804375689264957,0.2804375689264957,0.5702731754174885,0.2306503664020377,0.3255082286254918,0.25,47.25,0
Philippines,2011,0,0,5.625,7.125,0.789,11.688,0.313,13.0,5.0,14.0,1.218,4.567,0.3130042883366545,0.3130042883366545,0.5472460859841722,0.0662972716186456,0.3422560347630295,0.125,89.25,0
Philippines,2012,0,0,5.5,7.375,0.746,12.062,0.3187,13.0,5.0,15.0,1.154,4.1,0.3186687982366905,0.3186687982366905,0.5133718204900937,0.0577164666991836,0.3485694954883265,0.125,109.125,0
Philippines,2013,0,0,6.25,7.625,0.82,11.562,0.2883,12.0,6.0,13.0,1.111,3.3,0.2883140948756242,0.2883140948756242,0.4644994978736525,0.1486594795087134,0.3259721055237092,0.125,88.75,0
Philippines,2014,0,0,5.625,7.75,0.726,12.438,0.3164,15.0,5.0,13.0,1.111,3.633,0.3164254499679677,0.3164254499679677,0.3803541243794117,0.0738330550729384,0.3506315208593583,0.125,125.75,0
Philippines,2015,0,0,6.625,7.625,0.869,10.688,0.2623,13.0,6.0,8.0,0.857,0.833,0.2623390399579632,0.2623390399579632,0.7093468210174836,0.1423863830409296,0.3129165842234886,0.375,66.875,0
Philippines,2016,0,0,6.25,7.75,0.806,11.812,0.2906,13.0,6.0,14.0,0.938,2.1,0.2906119520063386,0.2906119520063386,0.5684073421157347,0.0752867842906704,0.318266598177065,0.25,91.375,0
Poland,1900,0,0,5.95,3.975,1.497,4.65,0.1957,8.5,5.0,-0.5,0.892,-1.52,0.1956620189707421,0.1956620189707421,,0.2309751862846346,0.1584086564417827,0.625,-25.3,0
Poland,1901,0,0,5.95,3.975,1.497,4.65,0.1957,8.5,5.0,-0.5,0.892,-1.52,0.1956620189707421,0.1956620189707421,,0.2309751862846346,0.1584086564417827,0.625,-25.3,0
Poland,1902,0,0,5.95,3.975,1.497,4.65,0.1957,8.5,5.0,-0.5,0.892,-1.52,0.1956620189707421,0.1956620189707421,,0.2309751862846346,0.1584086564417827,0.625,-25.3,0
Poland,1903,0,0,5.95,3.975,1.497,4.65,0.1957,8.5,5.0,-0.5,0.892,-1.52,0.1956620189707421,0.1956620189707421,,0.2309751862846346,0.1584086564417827,0.625,-25.3,0
Poland,1904,0,0,5.95,3.975,1.497,4.65,0.1957,8.5,5.0,-0.5,0.892,-1.52,0.1956620189707421,0.1956620189707421,,0.2309751862846346,0.1584086564417827,0.625,-25.3,0
Poland,1905,0,0,7.125,3.95,1.804,3.838,0.176,7.5,6.0,0.4,0.972,-0.527,0.1760005104667679,0.1760005104667679,0.3987453539123471,0.0498931026755077,0.1710087732075441,1.0,-62.425,0
Poland,1906,0,0,6.225,3.95,1.576,4.725,0.1985,7.5,6.0,1.4,0.943,-0.707,0.1985184549736408,0.1985184549736408,0.3799496506547959,0.1187901883803738,0.1820036971221159,0.875,-40.9,0
Poland,1907,0,0,6.225,3.95,1.576,4.725,0.1985,7.5,6.0,1.4,0.943,-0.707,0.1985184549736408,0.1985184549736408,0.2970647817656092,0.1187901883803738,0.1820036971221159,0.875,-40.9,0
Poland,1908,0,0,6.225,3.95,1.576,4.725,0.1985,7.5,6.0,1.4,0.943,-0.707,0.1985184549736408,0.1985184549736408,0.2153837878244771,0.1187901883803738,0.1820036971221159,0.875,-40.9,0
Poland,1909,0,0,6.225,3.95,1.576,4.725,0.1985,7.5,6.0,1.4,0.943,-0.707,0.1985184549736408,0.1985184549736408,0.137075933369839,0.1187901883803738,0.1820036971221159,0.875,-40.9,0
Poland,1910,0,0,6.225,3.95,1.576,4.725,0.1985,7.5,6.0,1.4,0.943,-0.707,0.1985184549736408,0.1985184549736408,0.0727793621106721,0.1187901883803738,0.1820036971221159,0.875,-40.9,0
Poland,1911,0,0,6.225,3.95,1.576,4.725,0.1985,7.5,6.0,1.4,0.943,-0.707,0.1985184549736408,0.1985184549736408,0.0,0.1187901883803738,0.1820036971221159,0.875,-40.9,0
Poland,1912,0,0,6.225,4.0,1.556,4.912,0.2029,7.5,6.0,1.0,0.943,-0.407,0.2028530168169014,0.2028530168169014,0.1142202893447622,0.11439097202027,0.1870230478903924,0.875,-44.325,0
Poland,1913,0,0,6.225,4.125,1.509,5.088,0.2047,7.5,6.0,2.0,0.943,-0.127,0.2047452125472331,0.2047452125472331,0.1602307892604735,0.1049133492149703,0.1891541804062745,0.875,-43.275,0
Poland,1914,0,0,7.675,3.825,2.007,2.975,0.1597,6.3,7.0,0.6,1.026,1.453,0.1596645628601349,0.1596645628601349,0.3934398612072893,0.0063046386640661,0.1612707614662341,1.0,-77.445,0
Poland,1915,0,0,8.5,3.5,2.429,1.25,0.1306,3.0,8.0,0.0,1.032,1.733,0.1306453087099376,0.1306453087099376,0.4066489335817968,0.0093984540396677,0.1349058375322608,1.0,-89.875,0
Poland,1916,0,0,8.5,3.5,2.429,1.388,0.1331,3.0,8.0,1.1,1.032,1.953,0.1331075070905027,0.1331075070905027,0.2867356512355752,0.0172771076110965,0.1380406410651982,1.0,-94.975,0
Poland,1917,0,0,7.5,3.65,2.055,3.462,0.1737,5.0,7.0,4.5,1.036,2.607,0.1737189737625757,0.1737189737625757,0.1132065439638112,0.013184434105839,0.1761445974963252,1.0,-92.375,0
Poland,1918,0,0,7.425,3.775,1.967,4.312,0.1908,5.7,6.8,6.0,1.038,3.22,0.1907755300088535,0.1907755300088535,0.1593471524745322,0.0241287997082298,0.1948498499354341,1.0,-105.25,0
Poland,1919,0,0,6.55,4.5,1.456,5.662,0.2079,7.0,6.0,7.5,1.029,2.82,0.207900020053893,0.207900020053893,0.2658799792617445,0.018430273149456,0.207179310609261,1.0,-52.875,0
Poland,1920,0,0,7.55,4.75,1.589,5.325,0.1895,6.0,7.0,8.5,1.025,3.453,0.1895478438574113,0.1895478438574113,0.1594698433015849,0.0097685436247818,0.1920893723285522,1.0,-79.5,0
Poland,1921,0,0,5.725,5.075,1.128,7.6,0.249,8.0,5.0,8.5,1.079,2.827,0.2489926391984835,0.2489926391984835,0.5427927361747463,0.1065056548333437,0.2472212238114668,0.625,-14.450000000000001,0
Poland,1922,0,0,5.325,4.85,1.098,7.775,0.2632,8.0,5.0,8.7,1.003,2.04,0.2631808097416331,0.2631808097416331,0.388398438301494,0.3393498944231324,0.2591287980903546,0.375,-9.325,0
Poland,1923,0,0,5.5,4.75,1.158,7.062,0.2449,8.0,5.0,7.0,1.049,1.433,0.2448733905847162,0.2448733905847162,0.3527493520647441,0.3500833053900893,0.214030496938615,0.5,-18.125,0
Poland,1924,0,0,5.125,4.875,1.051,7.562,0.2573,8.0,5.0,7.0,0.962,1.167,0.2572966271465898,0.2572966271465898,0.2725254963534269,0.6763498018484437,0.227399875681122,0.25,-6.25,0
Poland,1925,0,0,5.0,5.0,1.0,7.812,0.2617,8.0,5.0,8.0,1.0,1.567,0.2617381728093917,0.2617381728093917,0.4778011820444561,0.6976114108089726,0.265329983228432,0.125,2.75,0
Poland,1926,0,0,5.125,5.0,1.025,7.688,0.2573,8.0,5.0,7.0,0.962,1.367,0.2572966271465898,0.2572966271465898,0.365122090454379,0.492590259295165,0.2610658771772779,0.25,-1.0,0
Poland,1927,0,0,5.0,5.05,0.99,7.988,0.2653,8.0,5.0,9.0,1.0,1.633,0.2653258281550666,0.2653258281550666,0.6847560294063316,0.4995396967568624,0.2658756112790957,0.125,4.000000000000001,0
Poland,1928,0,0,5.0,5.175,0.966,8.113,0.2653,8.2,5.0,9.0,1.0,1.407,0.2653258281550666,0.2653258281550666,,0.6856412776328433,0.2871214798282383,0.0,6.625000000000002,0
Poland,1929,0,0,5.375,5.0,1.075,7.562,0.2527,8.0,5.0,9.0,1.09,2.233,0.2526815785348764,0.2526815785348764,,0.3476950537515727,0.2364472742004221,0.375,-6.0,0
Poland,1930,0,0,5.575,5.0,1.115,7.362,0.2457,8.0,5.0,8.4,1.128,2.447,0.2457254197048431,0.2457254197048431,0.3435781142599687,0.1552118848799984,0.2392398910121131,0.625,-11.825,0
Poland,1931,0,0,6.0,4.75,1.263,6.312,0.2229,8.0,5.0,7.0,1.19,2.9,0.222942511045027,0.222942511045027,0.7592070830186377,0.1642769934816362,0.2000446743191085,0.625,-24.125,0
Poland,1932,0,0,6.0,4.75,1.263,6.312,0.2229,8.0,5.0,7.0,1.19,2.9,0.222942511045027,0.222942511045027,0.6721236393061817,0.1642769934816362,0.2000446743191085,0.625,-24.125,0
Poland,1933,0,0,5.625,4.85,1.16,6.862,0.2358,8.0,5.0,7.0,1.111,1.967,0.2357764726588905,0.2357764726588905,0.1281430600766892,0.1479303483815036,0.2262691024842707,0.625,-15.075000000000001,0
Poland,1934,0,0,5.325,4.95,1.076,7.412,0.2501,8.0,5.0,8.0,1.085,1.887,0.250114584687268,0.250114584687268,0.2557433355335469,0.3520181406596585,0.2379467319006079,0.375,-5.8500000000000005,0
Poland,1935,0,0,5.1,5.0,1.02,7.638,0.2561,8.0,5.0,8.0,0.969,1.287,0.2560502793976698,0.2560502793976698,0.4382262304923805,0.5104108552354005,0.2530327606372825,0.25,0.5500000000000007,0
Poland,1936,1,0,5.225,5.0,1.045,7.562,0.2531,8.0,5.0,8.0,0.972,1.38,0.2530843918600055,0.2530843918600055,0.5627285788599542,0.2997080637899673,0.2563810536552334,0.5,-3.450000000000002,0
Poland,1937,1,0,5.625,5.0,1.125,7.062,0.237,8.0,5.0,7.0,1.012,1.433,0.2370289027015503,0.2370289027015503,0.1941891688825514,0.1533575649408927,0.2339234667888667,0.625,-12.875,1
Poland,1938,1,0,6.475,5.025,1.289,6.238,0.2104,7.0,6.0,6.0,0.982,1.287,0.2104055424237567,0.2104055424237567,0.1126012811696189,0.086139606665614,0.1998737378500424,0.875,-36.625,1
Poland,1939,0,1,9.85,4.0,2.462,1.025,0.1192,1.2,9.8,2.5,1.025,2.973,0.1191778432139302,0.1191778432139302,0.2508148289106927,0.0071413699902218,0.1229909699433422,1.0,-129.025,1
Poland,1940,0,0,10.0,2.875,3.478,-1.188,0.1006,-1.0,10.0,0.5,1.0,2.633,0.1006286597899828,0.1006286597899828,0.2214341700605134,0.0402615765017246,0.1097492942990343,1.0,-125.625,0
Poland,1941,0,0,10.0,2.875,3.478,-1.188,0.1006,-1.0,10.0,0.5,1.0,2.633,0.1006286597899828,0.1006286597899828,0.1945865192782853,0.0402615765017246,0.1097492942990343,1.0,-125.625,0
Poland,1942,0,0,10.0,2.875,3.478,-1.062,0.1023,-1.0,10.0,0.5,1.0,2.833,0.1022754266057868,0.1022754266057868,0.2346986576945889,0.0427695848531149,0.1124350269952962,1.0,-130.125,0
Poland,1943,0,0,10.0,3.0,3.333,-0.75,0.1049,-1.0,10.0,2.5,1.0,3.333,0.1049231069449862,0.1049231069449862,0.1759282468561205,0.0487523980828792,0.1172552779819798,1.0,-135.625,0
Poland,1944,0,0,10.0,3.125,3.2,-0.512,0.1066,-1.0,10.0,3.0,1.0,3.713,0.1065646877215579,0.1065646877215579,0.1146152133381275,0.051442482231511,0.1200442097313648,1.0,-136.75,0
Poland,1945,0,0,9.8,2.375,4.126,-1.612,0.101,-2.5,10.0,0.5,0.978,2.22,0.1009538822026666,0.1009538822026666,0.0788658584022946,0.0487776418338137,0.1116396079026424,1.0,-127.0,0
Poland,1946,0,0,7.35,3.375,2.178,2.488,0.1564,2.5,7.0,4.0,1.056,2.22,0.1564169009591107,0.1564169009591107,0.3022992421993926,0.0150057531470972,0.1601736443925345,1.0,-76.6,0
Poland,1947,0,0,6.625,4.25,1.559,4.65,0.1889,4.5,6.0,6.0,1.01,1.2,0.1888724258129885,0.1888724258129885,0.5550522037902959,0.0268729853093242,0.1872141372118535,1.0,-54.625,0
Poland,1948,0,0,5.975,4.25,1.406,5.65,0.2156,5.1,6.0,8.0,1.007,1.307,0.2155954820676705,0.2155954820676705,0.4457139410973216,0.0172584741179631,0.2153767649033304,1.0,-42.0,0
Poland,1949,0,0,5.125,4.375,1.171,6.7,0.243,6.5,5.0,8.5,0.962,0.8,0.2430331916657597,0.2430331916657597,0.1436712757141733,0.2646510878812487,0.2270414672681291,0.625,-16.9,0
Poland,1950,0,0,5.0,4.875,1.026,7.55,0.2542,7.5,5.0,8.5,1.0,0.667,0.2542158462584271,0.2542158462584271,0.053347266313822,1.0,,0.125,-3.0,0
Poland,1951,0,0,5.0,4.875,1.026,7.55,0.2542,7.5,5.0,8.5,1.0,0.667,0.2542158462584271,0.2542158462584271,0.0183632148498554,1.0,,0.125,-3.0,0
Poland,1952,0,0,5.0,4.875,1.026,7.55,0.2542,7.5,5.0,8.5,1.0,0.667,0.2542158462584271,0.2542158462584271,0.024886232119839,1.0,,0.125,-3.0,0
Poland,1953,0,0,5.0,4.95,1.01,7.625,0.2542,7.5,5.0,8.5,1.0,0.573,0.2542158462584271,0.2542158462584271,0.4934241928291041,0.7086729839575472,0.262449995237188,0.125,-1.0499999999999983,0
Poland,1954,0,0,5.0,4.925,1.015,7.6,0.2542,7.5,5.0,8.5,1.0,0.533,0.2542158462584271,0.2542158462584271,0.033486376717837,1.0,,0.125,-1.799999999999999,0
Poland,1955,0,0,5.0,5.0,1.0,7.688,0.2547,7.5,5.0,8.5,1.0,0.3,0.2547232961968125,0.2547232961968125,,1.0,,0.0,0.0,0
Poland,1956,0,0,6.075,5.0,1.215,6.637,0.2215,7.5,5.0,6.0,1.033,0.54,0.221459987494793,0.221459987494793,0.4250533957446806,0.11434286987788,0.2156604521534814,0.875,-29.175,0
Poland,1957,0,0,5.0,5.0,1.0,7.688,0.2558,7.5,5.0,8.0,1.0,0.3,0.2558494498679187,0.2558494498679187,,1.0,,0.0,0.0,0
Poland,1958,0,0,5.0,5.0,1.0,7.625,0.2534,7.5,5.0,7.5,1.0,0.2,0.2533784157228781,0.2533784157228781,,1.0,,0.0,0.0,0
Poland,1959,0,0,5.0,5.0,1.0,7.625,0.2534,7.5,5.0,7.5,1.0,0.2,0.2533784157228781,0.2533784157228781,,1.0,,0.0,0.0,0
Poland,1960,0,0,5.0,5.0,1.0,7.625,0.2534,7.5,5.0,7.5,1.0,0.2,0.2533784157228781,0.2533784157228781,,1.0,,0.0,0.0,0
Poland,1961,0,0,5.0,5.0,1.0,7.625,0.2534,7.5,5.0,7.5,1.0,0.2,0.2533784157228781,0.2533784157228781,,1.0,,0.0,0.0,0
Poland,1962,0,0,5.0,5.0,1.0,7.625,0.2534,7.5,5.0,7.5,1.0,0.2,0.2533784157228781,0.2533784157228781,,1.0,,0.0,0.0,0
Poland,1963,0,0,5.0,5.0,1.0,7.625,0.2534,7.5,5.0,7.5,1.0,0.2,0.2533784157228781,0.2533784157228781,,1.0,,0.0,0.0,0
Poland,1964,0,0,5.0,5.0,1.0,7.625,0.2534,7.5,5.0,7.5,1.0,0.2,0.2533784157228781,0.2533784157228781,,1.0,,0.0,0.0,0
Poland,1965,0,0,5.0,5.0,1.0,7.625,0.2534,7.5,5.0,7.5,1.0,0.2,0.2533784157228781,0.2533784157228781,,1.0,,0.0,0.0,0
Poland,1966,0,0,5.0,5.0,1.0,7.625,0.2534,7.5,5.0,7.5,1.0,0.2,0.2533784157228781,0.2533784157228781,,1.0,,0.0,0.0,0
Poland,1967,0,0,5.0,5.0,1.0,7.5,0.2499,7.5,5.0,7.5,1.0,0.0,0.2498854964176195,0.2498854964176195,,1.0,,0.0,0.0,0
Poland,1968,0,0,5.425,5.0,1.085,7.075,0.2357,7.5,5.0,6.5,0.973,-0.147,0.2356565576814563,0.2356565576814563,0.006574633861354,0.3642667764303505,0.2254567672427203,0.5,-11.250000000000002,0
Poland,1969,0,0,5.0,5.0,1.0,7.625,0.2534,7.5,5.0,7.5,1.0,0.2,0.2533784157228781,0.2533784157228781,,1.0,,0.0,0.0,0
Poland,1970,0,0,5.55,5.05,1.099,7.125,0.2354,7.5,5.0,6.3,1.095,0.573,0.2354119076445903,0.2354119076445903,0.7235051528478208,0.3174046867731872,0.2105412444621378,0.5,-12.124999999999998,0
Poland,1971,0,0,5.0,5.15,0.971,7.775,0.2534,7.5,5.0,7.5,1.0,-0.2,0.2533784157228781,0.2533784157228781,,0.7833258594505484,0.25,0.0,3.7500000000000004,0
Poland,1972,0,0,5.0,5.15,0.971,7.775,0.2534,7.5,5.0,7.5,1.0,-0.2,0.2533784157228781,0.2533784157228781,,0.7833258594505484,0.25,0.0,3.7500000000000004,0
Poland,1973,0,0,5.0,5.25,0.952,7.875,0.2534,7.5,5.0,7.5,1.0,-0.467,0.2533784157228781,0.2533784157228781,,0.6666666666666666,0.25,0.0,6.25,0
Poland,1974,0,0,5.0,5.25,0.952,7.875,0.2534,7.5,5.0,7.5,1.0,-0.467,0.2533784157228781,0.2533784157228781,,0.6666666666666666,0.25,0.0,6.25,0
Poland,1975,0,0,5.0,5.25,0.952,7.875,0.2534,7.5,5.0,7.5,1.0,-0.467,0.2533784157228781,0.2533784157228781,0.2957805070943393,0.6666666666666666,0.25,0.0,6.25,0
Poland,1976,0,0,5.5,5.025,1.095,7.15,0.2369,7.5,5.0,6.5,1.049,0.4,0.2368902128924633,0.2368902128924633,1.208827476243085,0.2731726587593864,0.2158550135647113,0.5,-11.25,0
Poland,1977,0,0,5.0,5.125,0.976,7.75,0.2534,7.5,5.0,7.5,1.0,-0.133,0.2533784157228781,0.2533784157228781,0.0876405326934775,1.0,,0.0,3.125,0
Poland,1978,1,0,5.0,5.25,0.952,7.912,0.2548,7.7,5.0,7.5,1.0,0.127,0.2548315833796413,0.2548315833796413,0.0498678557314374,0.675977347200683,0.2756809750418044,0.0,7.775,0
Poland,1979,1,0,5.375,5.25,1.024,7.75,0.2486,8.0,5.0,6.5,1.09,0.933,0.2485719101553021,0.2485719101553021,0.1537387229294923,0.247987229955829,0.2568868052469685,0.375,-0.125,1
Poland,1980,1,0,6.25,5.25,1.19,6.938,0.2221,8.0,5.0,4.5,1.111,0.433,0.2221106723531635,0.2221106723531635,,0.2742152976293595,0.2004083234985877,0.625,-25.875,1
Poland,1981,0,1,7.25,5.0,1.45,5.312,0.1851,7.0,6.0,3.5,1.095,1.033,0.1850864060067576,0.1850864060067576,,0.0420680760707415,0.1816154382196659,1.0,-56.5,1
Poland,1982,0,0,6.625,5.0,1.325,5.75,0.1965,6.5,6.0,5.5,1.01,0.933,0.1964719311944637,0.1964719311944637,,0.0920607821888046,0.1881537638693935,0.875,-37.75,0
Poland,1983,0,0,6.0,5.0,1.2,6.375,0.2138,6.5,6.0,6.5,1.0,0.867,0.2137728465350125,0.2137728465350125,,0.0791862397403739,0.2107261534056491,0.875,-23.25,0
Poland,1984,0,0,5.625,5.125,1.098,7.05,0.2308,7.5,5.0,6.5,1.012,0.667,0.2307655074760234,0.2307655074760234,0.2940153093532637,0.1435686857227853,0.2271568152707148,0.625,-11.5,0
Poland,1985,0,0,5.625,5.125,1.098,7.05,0.2306,7.5,5.0,6.5,1.012,0.88,0.2306117311155831,0.2306117311155831,0.3151446521381291,0.1463152477218925,0.2280283903396689,0.625,-11.55,0
Poland,1986,1,0,5.625,5.0,1.125,6.875,0.229,7.5,5.0,6.5,1.012,0.6,0.2290069321020061,0.2290069321020061,0.2225689831823781,0.2382274152782127,0.2206029761289809,0.625,-15.75,0
Poland,1987,1,0,6.275,4.875,1.287,5.962,0.2057,6.5,6.0,6.1,1.104,1.273,0.2056789040796444,0.2056789040796444,0.3842234015526783,0.0391921838326668,0.2033595404377754,1.0,-33.375,1
Poland,1988,1,0,6.5,4.875,1.333,5.825,0.2031,7.0,6.0,4.6,1.042,0.787,0.2031020277034296,0.2031020277034296,0.2635659997599306,0.0265666694257299,0.20059920129078,1.0,-39.45,1
Poland,1989,0,1,6.5,4.875,1.333,6.312,0.2155,7.0,6.0,6.0,1.042,1.033,0.2154586620706405,0.2154586620706405,0.3921877186312057,0.1027724331959765,0.1998684189795138,0.875,-41.5,1
Poland,1990,0,0,7.0,4.375,1.6,4.925,0.1932,7.0,6.0,5.0,1.162,2.067,0.1932392132108322,0.1932392132108322,0.2983217716333463,0.0295128575791824,0.1834674449288076,1.0,-63.75,0
Poland,1991,0,0,7.0,4.375,1.6,4.875,0.1921,7.0,6.0,5.0,1.162,2.2,0.1920936062871996,0.1920936062871996,0.2363973999474303,0.0278116374248246,0.1824968263465695,1.0,-62.75,0
Poland,1992,0,0,6.725,4.625,1.454,5.525,0.202,7.0,6.0,6.2,1.153,1.64,0.2019769394144512,0.2019769394144512,0.2417937421031374,0.0158743299589784,0.1951386598598395,1.0,-52.0,0
Poland,1993,0,0,5.875,4.975,1.181,6.85,0.2309,8.0,5.0,7.0,1.131,1.733,0.2309103548621326,0.2309103548621326,0.3257618071727673,0.2466190800538129,0.2001597305983936,0.625,-21.75,0
Poland,1994,0,0,5.45,5.225,1.043,7.675,0.2484,8.0,5.0,7.2,1.045,0.6,0.248419097261438,0.248419097261438,0.2987728591525314,0.1665742040046713,0.2481833491368823,0.5,-4.4,0
Poland,1995,0,0,5.125,5.525,0.928,8.8,0.2746,9.8,5.0,9.0,1.067,0.373,0.2746363791538068,0.2746363791538068,0.68028018985672,0.1705501634837578,0.2811644831960551,0.125,14.775000000000002,0
Poland,1996,0,0,5.0,5.725,0.873,9.175,0.2811,10.0,5.0,10.0,1.0,0.227,0.2810581201739939,0.2810581201739939,0.3193628421316169,0.1488770986635748,0.2955601787491607,0.0,25.15,0
Poland,1997,0,0,5.0,5.75,0.87,9.238,0.2825,10.0,5.0,10.0,1.0,0.167,0.2825224960836725,0.2825224960836725,0.157535617513181,0.1435917771988548,0.2964691774705195,0.0,26.225,0
Poland,1998,0,0,4.975,5.75,0.865,9.238,0.2825,10.0,5.0,10.0,1.008,0.273,0.2824756344798377,0.2824756344798377,0.3313612925924396,0.1103704022499487,0.2941148504839422,0.0,26.55,0
Poland,1999,0,0,4.975,5.75,0.865,9.238,0.2825,10.0,5.0,10.0,1.008,0.273,0.2824756344798377,0.2824756344798377,0.2428358806083706,0.1103704022499487,0.2941148504839422,0.0,26.55,0
Poland,2000,0,0,4.975,5.85,0.85,9.375,0.2839,10.0,5.0,10.0,1.008,-0.093,0.2839442169360307,0.2839442169360307,0.3028782775372278,0.1283987888164082,0.2964634898344417,0.0,30.6,0
Poland,2001,0,0,4.975,5.85,0.85,9.375,0.2839,10.0,5.0,10.0,1.008,-0.093,0.2839442169360307,0.2839442169360307,0.2108964091844678,0.1283987888164082,0.2964634898344417,0.0,30.6,0
Poland,2002,0,0,4.975,5.85,0.85,9.375,0.2839,10.0,5.0,10.0,1.008,-0.093,0.2839442169360307,0.2839442169360307,0.144387039890131,0.1283987888164082,0.2964634898344417,0.0,30.6,0
Poland,2003,0,0,4.875,5.95,0.819,9.575,0.2881,10.0,5.0,10.0,0.954,-0.2,0.2880887065243284,0.2880887065243284,0.5643482223833368,0.1179707019719864,0.3026679446949622,0.0,36.7,0
Poland,2004,0,0,4.15,6.1,0.68,10.525,0.3215,11.0,4.0,11.0,1.046,0.04,0.3214742314670042,0.3214742314670042,0.5034265023709562,0.0465945080870214,0.3341232514942621,0.0,66.525,0
Poland,2005,0,0,4.175,6.075,0.687,10.475,0.3205,11.0,4.0,11.0,1.062,0.173,0.3204696518349992,0.3204696518349992,0.3958033456743741,0.0453938176085356,0.3335832319804701,0.0,64.725,0
Poland,2006,0,0,4.35,6.125,0.71,10.275,0.3103,11.0,4.0,10.0,0.97,-0.467,0.3103207707667009,0.3103207707667009,0.447827031869108,0.0722878639952261,0.3288197994024681,0.0,60.45,0
Poland,2007,0,0,4.125,6.25,0.66,10.675,0.3213,11.0,4.0,10.0,0.952,-0.787,0.321319460225111,0.321319460225111,0.3004159095923944,0.0320072457097473,0.3289226144613128,0.0,70.25,0
Poland,2008,0,0,4.4,6.25,0.704,10.35,0.3078,11.0,4.0,10.0,1.0,-0.667,0.3078100688328483,0.3078100688328483,0.2876158592381023,0.0377064580170216,0.3178890548968204,0.0,61.225,0
Poland,2009,0,0,4.125,6.25,0.66,10.625,0.3199,11.0,4.0,11.0,1.083,-0.333,0.3199303310045085,0.3199303310045085,0.1488021101676755,0.0376751685048701,0.3317257804472031,0.0,71.125,0
Poland,2010,0,0,4.275,6.25,0.684,10.475,0.3134,11.0,4.0,10.0,1.022,-0.573,0.3133587055647123,0.3133587055647123,0.1302585593276193,0.0507227100272543,0.3270412313149044,0.0,66.0,0
Poland,2011,0,0,4.1,6.25,0.656,10.65,0.3206,11.0,4.0,10.2,0.962,-0.827,0.3205950830084533,0.3205950830084533,0.1737608548035095,0.0293228002398575,0.3280914436540754,0.0,70.65,0
Poland,2012,0,0,4.1,6.25,0.656,10.775,0.3251,11.0,4.0,10.2,0.962,-0.627,0.3250521929486119,0.3250521929486119,0.1265270827989161,0.0266344219560787,0.331336668560294,0.0,71.9,0
Poland,2013,0,0,4.1,6.25,0.656,10.775,0.3251,11.0,4.0,10.2,0.962,-0.627,0.3250521929486119,0.3250521929486119,0.1251475586142621,0.0266344219560787,0.331336668560294,0.0,71.9,0
Poland,2014,0,0,4.25,6.25,0.68,10.625,0.3182,11.0,4.0,10.0,0.909,-0.867,0.3182338239268171,0.3182338239268171,0.2739277246516641,0.0368901132611021,0.324404557550236,0.0,65.75,0
Poland,2015,0,0,4.375,6.25,0.7,10.375,0.3092,11.0,4.0,9.0,0.87,-1.267,0.3091910838465246,0.3091910838465246,0.2931819704658417,0.0564249604424803,0.3220761579185293,0.0,61.875,0
Poland,2016,0,0,4.875,6.25,0.78,9.625,0.2815,9.0,5.0,8.0,0.741,-2.467,0.2815099113349622,0.2815099113349622,0.3695154967044634,0.225012816818636,0.3119648024182506,0.0,43.875,0
Poland,2017,0,0,4.875,6.25,0.78,9.625,0.2815,9.0,5.0,8.0,0.741,-2.467,0.2815099113349622,0.2815099113349622,0.299821291301559,0.225012816818636,0.3119648024182506,0.0,43.875,0
Poland,2018,0,0,5.0,6.25,0.8,9.5,0.2768,9.0,5.0,8.0,0.802,-2.133,0.276754783180844,0.276754783180844,0.2658173927868862,0.2474198030810074,0.3096268132126104,0.0,40.75,0
Poland,2019,0,0,5.0,6.25,0.8,9.5,0.2768,9.0,5.0,8.0,0.802,-2.133,0.276754783180844,0.276754783180844,0.2066528928722783,0.2474198030810074,0.3096268132126104,0.0,40.75,0
Poland,2020,0,0,5.75,5.875,0.979,8.125,0.2424,9.0,5.0,7.0,0.977,-0.067,0.2424311949015574,0.2424311949015574,0.4237560763768893,0.2306145198189224,0.2490628824805907,0.25,4.5,0
Poland,2021,0,0,5.25,6.25,0.84,9.125,0.2629,9.0,5.0,8.0,0.926,-1.667,0.2628860869664706,0.2628860869664706,0.1211788062904534,0.1993636562571629,0.2781821815201548,0.0,31.125,0
Poland,2022,0,0,5.65,6.3,0.897,8.9,0.2528,9.0,5.0,7.0,0.844,-1.92,0.2527607971243474,0.2527607971243474,0.2988064399819419,0.2260409437870205,0.2712860310300308,0.125,22.0,0
Poland,2023,0,0,4.875,6.375,0.765,9.875,0.2853,10.0,5.0,8.0,0.833,-1.533,0.2852709225437143,0.2852709225437143,0.3999533531719871,0.1469395953583537,0.3091267503514965,0.0,49.625,0
Poland,2024,0,0,4.75,6.375,0.745,10.288,0.299,10.0,5.0,10.0,0.867,-0.873,0.2990069991224532,0.2990069991224532,0.3790371109098784,0.0760246037783658,0.3130998640915509,0.0,55.9,0
Poland,2025,0,0,4.75,6.375,0.745,10.288,0.299,10.0,5.0,10.0,0.867,-0.873,0.2990069991224532,0.2990069991224532,0.2978825685506009,0.0760246037783658,0.3130998640915509,0.0,55.9,0
Russia,1900,0,0,4.75,5.625,0.844,8.25,0.2557,11.5,3.0,4.5,1.087,0.133,0.2557297638359894,0.2557297638359894,,0.1627619566171736,0.2975296465398522,0.25,31.125,0
Russia,1901,0,0,5.125,5.625,0.911,7.625,0.2357,11.0,3.0,2.5,1.067,-0.333,0.2357128030367903,0.2357128030367903,,0.0617573277722438,0.2694978224668194,0.375,23.25,0
Russia,1902,1,0,5.5,5.625,0.978,7.125,0.2224,11.0,3.0,0.5,1.049,-0.6,0.2223818475806366,0.2223818475806366,,0.075826395544408,0.2595368157815005,0.375,20.25,0
Russia,1903,1,0,5.5,5.625,0.978,7.0,0.2191,11.0,3.0,0.5,1.049,-0.8,0.2191089929818108,0.2191089929818108,,0.0811762858153613,0.2576013405799572,0.375,21.0,1
Russia,1904,1,0,6.375,5.0,1.275,5.0,0.1818,10.0,3.0,-3.5,0.909,-3.467,0.1817777684125398,0.1817777684125398,,0.0854716361502474,0.1926282966191012,0.5,-2.25,1
Russia,1905,0,1,8.25,4.625,1.784,2.75,0.1343,9.0,3.0,-6.5,1.228,-3.333,0.1342631914111948,0.1342631914111948,0.7031384329078456,0.1078506475854397,0.1411008000260138,0.875,-58.25,1
Russia,1906,0,0,6.25,5.0,1.25,5.438,0.1885,10.5,3.0,1.5,1.111,-2.233,0.1884681132692258,0.1884681132692258,0.285654439640806,0.1979040988935155,0.1971146698987964,0.625,-16.375,0
Russia,1907,0,0,6.125,5.125,1.195,5.5,0.1853,10.0,3.0,4.5,1.149,-2.133,0.185269990752671,0.185269990752671,0.5016518531550851,0.251939373249429,0.1967775445379931,0.625,-14.875,0
Russia,1908,0,0,6.25,5.25,1.19,5.5,0.1824,10.0,3.0,3.5,1.111,-2.133,0.1823778298285893,0.1823778298285893,0.3969587164690001,0.2145127910668501,0.1934027998204497,0.625,-14.375,0
Russia,1909,0,0,6.375,5.375,1.186,5.5,0.1797,10.0,3.0,2.5,1.075,-2.133,0.1796793482695875,0.1796793482695875,0.4200566295049489,0.197136178422837,0.1886575343653524,0.625,-13.875,0
Russia,1910,0,0,6.125,5.375,1.14,5.938,0.1911,10.0,3.0,4.5,1.056,-1.433,0.1911463393572267,0.1911463393572267,0.3370544558883011,0.2393769816948002,0.2052555888029892,0.5,-12.375,0
Russia,1911,0,0,6.375,5.375,1.186,5.562,0.1822,10.0,3.0,2.5,1.075,-1.5,0.1822114984588396,0.1822114984588396,0.328751242731073,0.2381749009242219,0.1882574536157802,0.5,-15.0,0
Russia,1912,0,0,6.625,5.75,1.152,5.812,0.179,10.0,3.0,0.5,1.094,-2.7,0.1790407104738502,0.1790407104738502,0.4541902576749676,0.3599901632288931,0.1655440723756394,0.375,-10.0,0
Russia,1913,0,0,6.625,5.75,1.152,5.812,0.179,10.0,3.0,0.5,1.094,-2.7,0.1790407104738502,0.1790407104738502,0.3082690002005127,0.3599901632288931,0.1655440723756394,0.375,-10.0,0
Russia,1914,1,0,7.0,5.875,1.191,5.688,0.1747,10.0,3.0,0.5,0.926,-3.433,0.1747088298746968,0.1747088298746968,0.2856772975893716,0.3342075194993822,0.1489505291755747,0.375,-14.75,0
Russia,1915,1,0,7.75,5.25,1.476,3.812,0.1452,10.0,3.0,-3.5,1.126,-3.767,0.1452415911272205,0.1452415911272205,0.1461091018324914,0.1098571674052222,0.1581754428568964,0.75,-34.75,1
Russia,1916,1,0,8.25,5.125,1.61,2.938,0.1291,10.0,3.0,-5.5,1.228,-3.567,0.1291124908714452,0.1291124908714452,0.4210213278332378,0.1544232242164069,0.1543626394700755,0.75,-42.5,1
Russia,1917,0,1,9.75,3.875,2.516,-1.188,0.071,-1.0,10.0,-7.5,1.042,-7.5,0.0710312918892118,0.0710312918892118,0.7222071725806979,0.2910767428690439,0.11674884284175,1.0,-58.75,1
Russia,1918,0,0,9.875,4.25,2.324,0.75,0.0964,-7.5,10.0,9.0,1.02,-2.267,0.0964066454071742,0.0964066454071742,1.5453457121592715,0.1844835086631471,0.14011610736895,1.0,-72.5,0
Russia,1919,0,0,10.0,4.5,2.222,0.875,0.0948,-7.5,10.0,10.0,1.0,-2.067,0.0947686322923013,0.0947686322923013,1.021055798030556,0.1376960078950857,0.1303906297172535,1.0,-59.375,0
Russia,1920,0,0,9.0,4.5,2.0,1.875,0.1089,-6.5,9.0,11.0,1.0,-2.067,0.1088605720194854,0.1088605720194854,0.4417788134398157,0.1726087394120466,0.1344228596132798,0.875,-37.875,0
Russia,1921,0,0,8.625,5.25,1.643,3.812,0.1368,-6.5,10.0,11.5,0.78,-5.9,0.1368189783843658,0.1368189783843658,0.6486003251526249,0.2042028691555627,0.1480908691777845,0.75,-27.5,0
Russia,1922,0,0,8.5,5.375,1.581,4.312,0.1459,-5.5,10.0,14.5,0.797,-5.1,0.1459147213726168,0.1459147213726168,0.6812702686722958,0.2057638344438744,0.1580764552166559,0.625,-10.625,0
Russia,1923,0,0,7.75,5.25,1.476,4.938,0.1655,-5.5,10.0,15.5,0.736,-5.7,0.165470604903939,0.165470604903939,0.6291030701440032,0.2360051642986798,0.2013422937777799,0.5,15.875,0
Russia,1924,0,0,7.75,5.375,1.442,5.125,0.1699,-4.5,10.0,17.0,0.736,-5.4,0.1698791493819713,0.1698791493819713,0.6750018084873279,0.3381067996432718,0.213183652692644,0.5,28.5,0
Russia,1925,0,0,7.625,5.25,1.452,5.312,0.1777,-4.5,10.0,19.5,0.754,-5.1,0.1777280704351833,0.1777280704351833,0.6279217683643287,0.4390954316012255,0.2428285064216259,0.5,47.875,0
Russia,1926,0,0,7.75,5.25,1.476,5.188,0.1732,-4.5,10.0,18.5,0.736,-5.3,0.173231702692212,0.173231702692212,0.3547905274570241,0.3838786904776102,0.2247942970939048,0.5,36.625,0
Russia,1927,0,0,8.25,5.25,1.571,4.625,0.1581,-4.5,10.0,17.0,0.833,-4.6,0.1581405410048022,0.1581405410048022,0.195948681278407,0.2554828848649882,0.1995794773944086,0.625,11.25,0
Russia,1928,0,0,9.0,4.75,1.895,3.0,0.1269,-4.0,10.0,16.5,0.942,-3.467,0.1269212705693778,0.1269212705693778,0.8159453493952906,0.3340989266595131,0.1635659220406835,0.625,-1.0,0
Russia,1929,0,0,9.625,4.75,2.026,2.375,0.1142,-4.0,10.0,15.5,1.007,-2.867,0.1142031946939843,0.1142031946939843,0.8221161342925485,0.1026705723320806,0.152639709041724,0.875,-27.75,0
Russia,1930,0,0,9.75,4.625,2.108,2.125,0.1118,-4.0,10.0,15.5,1.042,-2.2,0.1118429012349136,0.1118429012349136,0.6766003569477362,0.106740515870336,0.1505183485289373,0.875,-36.375,0
Russia,1931,0,0,9.75,4.625,2.108,2.125,0.1118,-4.0,10.0,15.5,1.042,-2.2,0.1118429012349136,0.1118429012349136,0.450960437178861,0.106740515870336,0.1505183485289373,0.875,-36.375,0
Russia,1932,0,0,9.75,4.5,2.167,2.0,0.1118,-4.0,10.0,15.5,1.042,-1.867,0.1118429012349136,0.1118429012349136,0.3148236611918643,0.1036084487545707,0.1514099830732364,0.875,-39.75,0
Russia,1933,0,0,9.75,4.5,2.167,2.0,0.1118,-4.0,10.0,15.5,1.042,-1.867,0.1118429012349136,0.1118429012349136,0.1477489167845833,0.1036084487545707,0.1514099830732364,0.875,-39.75,0
Russia,1934,0,0,10.0,4.5,2.222,1.625,0.1055,-4.0,10.0,13.5,1.0,-2.467,0.1055109290722308,0.1055109290722308,0.2734721457699548,0.1775479236221167,0.1312808292318577,0.875,-57.0,0
Russia,1935,0,0,10.0,4.5,2.222,1.5,0.1043,-4.0,10.0,12.5,1.0,-2.667,0.1042779338466154,0.1042779338466154,0.2098387556178085,0.1775479236221167,0.1312808292318577,0.875,-57.0,0
Russia,1936,0,0,10.0,4.25,2.353,0.875,0.1001,-4.0,10.0,11.5,1.0,-3.667,0.1001434179843691,0.1001434179843691,0.2905962281856937,0.1920946591724087,0.1276818895788951,0.875,-63.0,0
Russia,1937,0,0,10.0,4.0,2.5,0.25,0.0957,-4.0,10.0,10.5,1.0,-4.667,0.0957037832535016,0.0957037832535016,0.2142699626167293,0.1920946591724087,0.1202780307323837,0.875,-63.0,0
Russia,1938,0,0,9.875,4.125,2.394,0.75,0.101,-4.0,10.0,12.5,1.02,-3.867,0.1009728509142649,0.1009728509142649,0.1486652227474516,0.1165609152310164,0.1347887700534285,0.875,-55.875,0
Russia,1939,0,0,9.875,4.25,2.324,0.875,0.101,-4.0,10.0,12.5,1.02,-3.667,0.1009728509142649,0.1009728509142649,0.0332961235733572,0.1055074020753195,0.1346673730670735,0.875,-52.125,0
Russia,1940,0,0,9.875,4.375,2.257,1.125,0.1025,-4.0,10.0,12.5,1.02,-3.267,0.1025312399544838,0.1025312399544838,0.0675594133638295,0.1021405250107285,0.1374760134448942,0.875,-50.625,0
Russia,1941,0,0,10.0,3.75,2.667,-0.312,0.0925,-3.5,10.0,5.5,1.0,-6.1,0.0924877478861769,0.0924877478861769,0.1858854917086312,0.1068413019023597,0.1223481362996522,1.0,-69.75,0
Russia,1942,0,0,10.0,4.0,2.5,0.062,0.0939,-3.5,10.0,7.5,1.0,-5.5,0.093879896609207,0.093879896609207,0.1659285819513015,0.1015472273612958,0.1242412771122487,1.0,-65.25,0
Russia,1943,0,0,9.875,4.375,2.257,1.0,0.1019,-3.5,10.0,10.5,1.02,-4.0,0.1018969444564398,0.1018969444564398,0.1134877041258559,0.1846424636867467,0.1247887482049446,0.875,-55.875,0
Russia,1944,0,0,9.75,4.75,2.053,1.875,0.1089,-3.5,10.0,13.5,1.042,-2.6,0.1088828299982459,0.1088828299982459,0.2839548362428971,0.1173860738154359,0.1509778706629045,0.875,-33.125,0
Russia,1945,0,0,8.875,4.875,1.821,3.25,0.1347,-3.0,10.0,17.0,1.151,-0.933,0.1347330285581115,0.1347330285581115,0.4877715246191351,0.2182224730946932,0.2351491213671497,0.75,27.5,0
Russia,1946,0,0,9.125,4.875,1.872,3.0,0.1286,-3.0,10.0,16.0,1.163,-0.8,0.1286409741769127,0.1286409741769127,0.2773752612144792,0.1708432154639519,0.2153834264710211,0.75,14.125,0
Russia,1947,0,0,9.125,4.875,1.872,3.0,0.1286,-3.0,10.0,16.0,1.163,-0.8,0.1286409741769127,0.1286409741769127,0.225363452514557,0.1708432154639519,0.2153834264710211,0.75,14.125,0
Russia,1948,0,0,9.25,4.875,1.897,2.875,0.1254,-3.0,10.0,15.0,1.136,-1.0,0.1254254368621443,0.1254254368621443,0.1564809445791823,0.1518253668389505,0.1999689777132576,0.75,4.125,0
Russia,1949,0,0,9.125,4.875,1.872,3.062,0.1299,-3.0,10.0,16.0,1.163,-0.7,0.1298846325746326,0.1298846325746326,0.1432032070127591,0.1795915865193292,0.2216528560985582,0.75,18.125,0
Russia,1950,0,0,9.375,4.875,1.923,2.812,0.1234,-3.0,10.0,15.0,1.111,-1.1,0.1234138492355507,0.1234138492355507,0.1480266201928472,0.1403877651429071,0.1920211719681962,0.75,0.125,0
Russia,1951,0,0,9.375,4.875,1.923,2.812,0.1234,-3.0,10.0,15.0,1.111,-1.1,0.1234138492355507,0.1234138492355507,0.0882868624985099,0.1403877651429071,0.1920211719681962,0.75,0.125,0
Russia,1952,0,0,9.5,4.875,1.949,2.562,0.119,-3.0,10.0,13.0,1.087,-1.5,0.1190104329521972,0.1190104329521972,0.3237642078576728,0.1391708809331726,0.174732472885959,0.75,-11.125,0
Russia,1953,0,0,9.125,5.0,1.825,2.875,0.1215,-3.5,10.0,12.0,1.163,-1.0,0.1215390711955466,0.1215390711955466,0.323392125755687,0.1850866404516705,0.1860489854304326,0.75,-2.875,0
Russia,1954,0,0,9.125,5.0,1.825,2.875,0.1215,-3.5,10.0,12.0,1.163,-1.0,0.1215390711955466,0.1215390711955466,0.2557055045405726,0.1850866404516705,0.1860489854304326,0.75,-2.875,0
Russia,1955,0,0,9.125,5.0,1.825,3.125,0.1248,-3.5,10.0,13.0,1.163,-0.6,0.1248020343591998,0.1248020343591998,0.1619083137945168,0.1979194858634703,0.1964789292547104,0.75,2.375,0
Russia,1956,0,0,9.375,5.0,1.875,2.938,0.1252,-4.0,10.0,11.0,1.111,-0.9,0.1251789618855034,0.1251789618855034,0.5900804704188803,0.2005381686710644,0.1650564568908373,0.75,-18.0,0
Russia,1957,0,0,9.25,5.0,1.85,3.312,0.133,-3.5,10.0,13.0,1.136,-0.3,0.1330273116254207,0.1330273116254207,0.5809509480480594,0.1120547571978515,0.1759152868917246,0.75,-11.875,0
Russia,1958,0,0,9.0,5.0,1.8,3.688,0.1404,-3.5,10.0,15.0,1.124,-0.233,0.1404132960643807,0.1404132960643807,0.5660448785870797,0.1311452062923509,0.1945206490924731,0.75,2.75,0
Russia,1959,0,0,9.0,5.0,1.8,3.812,0.1439,-3.0,10.0,15.0,1.124,-0.033,0.1439153896891307,0.1439153896891307,0.4728282278304402,0.1228615672148821,0.19512296234433,0.75,0.125,0
Russia,1960,0,0,9.125,5.0,1.825,3.625,0.1402,-3.0,10.0,13.0,1.098,-0.333,0.1402397533643073,0.1402397533643073,0.2935805128989758,0.1379876481813805,0.1833815287805778,0.75,-7.75,0
Russia,1961,0,0,9.25,5.0,1.85,3.438,0.1376,-3.0,10.0,11.0,1.074,-0.633,0.1376339952196734,0.1376339952196734,0.1876920960858928,0.2107655866024417,0.1751881802435641,0.75,-18.0,0
Russia,1962,0,0,9.25,5.0,1.85,3.438,0.1376,-3.0,10.0,11.0,1.074,-0.633,0.1376339952196734,0.1376339952196734,0.1193087198236891,0.2107655866024417,0.1751881802435641,0.75,-18.0,0
Russia,1963,0,0,9.25,4.875,1.897,3.188,0.136,-3.0,10.0,9.0,1.074,-1.033,0.1360330815608351,0.1360330815608351,0.0959149048298439,0.1424779329302448,0.1769387579755545,0.875,-24.25,0
Russia,1964,0,0,9.25,4.75,1.947,2.75,0.1312,-3.5,10.0,6.0,1.074,-1.733,0.1312132605949459,0.1312132605949459,0.0548718192926677,0.139150041471794,0.1727051447613644,0.875,-24.375,0
Russia,1965,0,0,9.125,4.875,1.872,3.188,0.1367,-3.5,10.0,9.0,1.098,-1.3,0.1366846612630237,0.1366846612630237,0.0600208896118528,0.2144864509067076,0.176741356731321,0.75,-19.125,0
Russia,1966,0,0,9.125,4.875,1.872,3.25,0.1373,-3.5,10.0,9.5,1.098,-1.2,0.137290007974128,0.137290007974128,0.0467442027514956,0.2144864509067076,0.176741356731321,0.75,-19.125,0
Russia,1967,0,0,9.25,4.875,1.897,3.125,0.1339,-3.5,10.0,9.5,1.074,-1.4,0.1339360683880204,0.1339360683880204,0.1480652740270929,0.1765278266210906,0.1610373157988076,0.75,-29.25,0
Russia,1968,0,0,9.375,4.875,1.923,3.0,0.1304,-4.0,10.0,9.0,1.051,-1.6,0.1304013053650068,0.1304013053650068,0.1225290769329655,0.1101422179084929,0.1617015547186975,0.875,-34.125,0
Russia,1969,0,0,9.375,4.875,1.923,3.0,0.1304,-4.0,10.0,9.0,1.051,-1.6,0.1304013053650068,0.1304013053650068,0.0901436159676949,0.1101422179084929,0.1617015547186975,0.875,-34.125,0
Russia,1970,0,0,9.375,4.875,1.923,2.938,0.1293,-4.0,10.0,8.5,1.051,-1.7,0.129304331290404,0.129304331290404,0.0648496999843406,0.1137089070312298,0.1606933012466811,0.875,-33.375,0
Russia,1971,0,0,9.375,4.875,1.923,2.938,0.1293,-4.0,10.0,8.5,1.051,-1.7,0.129304331290404,0.129304331290404,0.0372261859683605,0.1137089070312298,0.1606933012466811,0.875,-33.375,0
Russia,1972,0,0,9.375,4.875,1.923,2.938,0.1293,-4.0,10.0,8.5,1.051,-1.7,0.129304331290404,0.129304331290404,0.0163472099466486,0.1137089070312298,0.1606933012466811,0.875,-33.375,0
Russia,1973,0,0,9.375,4.875,1.923,2.938,0.1293,-4.0,10.0,8.5,1.051,-1.7,0.129304331290404,0.129304331290404,0.0176645428552305,0.1137089070312298,0.1606933012466811,0.875,-33.375,0
Russia,1974,0,0,9.375,4.875,1.923,2.938,0.1293,-4.0,10.0,8.5,1.051,-1.7,0.129304331290404,0.129304331290404,0.0088322714276152,0.1137089070312298,0.1606933012466811,0.875,-33.375,0
Russia,1975,0,0,9.375,4.875,1.923,2.938,0.1293,-4.0,10.0,8.5,1.051,-1.7,0.129304331290404,0.129304331290404,0.0,0.1137089070312298,0.1606933012466811,0.875,-33.375,0
Russia,1976,0,0,9.375,4.875,1.923,2.875,0.1282,-4.0,10.0,8.0,1.051,-1.8,0.1281725066840614,0.1281725066840614,0.0509805454068084,0.1180057135163012,0.1598542535093267,0.875,-32.625,0
Russia,1977,0,0,9.375,4.875,1.923,2.875,0.1282,-4.0,10.0,8.0,1.051,-1.8,0.1281725066840614,0.1281725066840614,0.0407844363254467,0.1180057135163012,0.1598542535093267,0.875,-32.625,0
Russia,1978,0,0,9.375,4.875,1.923,2.875,0.1282,-4.0,10.0,8.0,1.051,-1.8,0.1281725066840614,0.1281725066840614,0.030588327244085,0.1180057135163012,0.1598542535093267,0.875,-32.625,0
Russia,1979,0,0,9.375,4.875,1.923,2.875,0.1282,-4.0,10.0,8.0,1.051,-1.8,0.1281725066840614,0.1281725066840614,0.0203922181627233,0.1180057135163012,0.1598542535093267,0.875,-32.625,0
Russia,1980,0,0,9.5,4.875,1.949,2.75,0.1256,-4.0,10.0,8.0,1.087,-1.467,0.125624634964715,0.125624634964715,0.2309140878543365,0.0993746876454347,0.15931435769088,0.875,-36.0,0
Russia,1981,0,0,9.5,4.875,1.949,2.75,0.1256,-4.0,10.0,8.0,1.087,-1.467,0.125624634964715,0.125624634964715,0.18338950617272,0.0993746876454347,0.15931435769088,0.875,-36.0,0
Russia,1982,0,0,9.5,4.875,1.949,2.75,0.1256,-4.0,10.0,8.0,1.087,-1.467,0.125624634964715,0.125624634964715,0.13754212962954,0.0993746876454347,0.15931435769088,0.875,-36.0,0
Russia,1983,0,0,9.5,4.875,1.949,2.75,0.1256,-4.0,10.0,8.0,1.087,-1.467,0.125624634964715,0.125624634964715,0.09169475308636,0.0993746876454347,0.15931435769088,0.875,-36.0,0
Russia,1984,0,0,9.5,4.875,1.949,2.75,0.1256,-4.0,10.0,8.0,1.087,-1.467,0.125624634964715,0.125624634964715,0.04584737654318,0.0993746876454347,0.15931435769088,0.875,-36.0,0
Russia,1985,0,0,9.5,5.0,1.9,3.25,0.1334,-3.5,10.0,9.0,1.087,-0.667,0.1333702366364493,0.1333702366364493,0.1424761963686394,0.0877490606301588,0.1662210862380833,0.875,-42.75,0
Russia,1986,0,0,9.5,4.875,1.949,3.125,0.1334,-3.5,10.0,8.0,1.087,-0.867,0.1333702366364493,0.1333702366364493,0.3030812180499608,0.0753985560813987,0.1669012929992517,0.875,-48.75,0
Russia,1987,0,0,9.375,5.0,1.875,3.438,0.1371,-3.5,10.0,9.0,1.111,-1.167,0.1371318880239065,0.1371318880239065,0.1322503895173024,0.0807122825663988,0.169405325273443,0.875,-38.25,0
Russia,1988,1,0,9.375,5.0,1.875,3.312,0.1353,-3.5,10.0,8.0,1.111,-1.367,0.1353235210355802,0.1353235210355802,0.1189897940242935,0.0853198126335067,0.1677695703377846,0.875,-37.25,0
Russia,1989,1,0,9.625,5.0,1.925,2.812,0.1261,-3.5,10.0,5.0,1.064,-2.167,0.1260628690802402,0.1260628690802402,0.2335052309239554,0.0584431033922105,0.1483975077781182,0.875,-48.375,1
Russia,1990,1,0,9.625,5.0,1.925,2.75,0.1243,-4.0,10.0,1.0,1.064,-4.4,0.1242954491230244,0.1242954491230244,0.3774720483409081,0.0691943000327872,0.1436353069302781,0.875,-45.75,1
Russia,1991,1,1,9.625,4.75,2.026,2.188,0.1085,-7.5,10.0,-7.5,1.064,-9.033,0.108520037141157,0.108520037141157,1.063351103120867,0.2530005626965521,0.1546514980564447,0.875,-60.5,1
Russia,1992,1,0,9.625,5.25,1.833,3.688,0.1331,-7.5,10.0,1.0,1.064,-7.167,0.1330785377083046,0.1330785377083046,1.0221705163420185,0.1535520675337249,0.1523060012405404,0.875,-84.875,1
Russia,1993,0,1,9.625,5.25,1.833,3.562,0.1311,-7.5,10.0,0.0,1.064,-7.367,0.1310603871707892,0.1310603871707892,0.7321475830568934,0.1514862516196091,0.1511312017339553,0.875,-78.875,1
Russia,1994,0,0,9.625,5.125,1.878,3.312,0.1294,-7.5,10.0,0.0,1.064,-7.767,0.1293607754821888,0.1293607754821888,0.5121810029850564,0.1533388174267108,0.1498656451734426,0.875,-82.25,0
Russia,1995,1,0,9.625,5.125,1.878,3.312,0.1294,-7.5,10.0,0.0,1.064,-7.767,0.1293607754821888,0.1293607754821888,0.3113470863828739,0.1533388174267108,0.1498656451734426,0.875,-82.25,0
Russia,1996,1,0,9.625,5.125,1.878,3.312,0.1294,-7.5,10.0,0.0,1.064,-7.767,0.1293607754821888,0.1293607754821888,0.1322162028376488,0.1533388174267108,0.1498656451734426,0.875,-82.25,1
Russia,1997,1,0,9.625,5.125,1.878,3.312,0.1294,-7.5,10.0,0.0,1.064,-7.767,0.1293607754821888,0.1293607754821888,0.0455654047771819,0.1533388174267108,0.1498656451734426,0.875,-82.25,1
Russia,1998,0,1,9.625,4.875,1.974,2.938,0.1272,-7.5,10.0,-3.0,1.064,-8.367,0.1272158556305292,0.1272158556305292,0.1453042426519544,0.1614172686203759,0.1496955942976562,0.875,-78.25,1
Russia,1999,0,0,9.625,5.0,1.925,3.188,0.1294,-7.5,10.0,-1.0,1.064,-7.967,0.1293607754821888,0.1293607754821888,0.0823181476790581,0.1522282677560653,0.1490272947317419,0.875,-84.25,0
Russia,2000,0,0,9.5,5.125,1.854,3.75,0.1386,-7.0,10.0,4.0,1.087,-7.067,0.1386090350935003,0.1386090350935003,0.2475504510178646,0.1466183019421907,0.1578077948641134,0.875,-93.0,0
Russia,2001,0,0,9.5,5.25,1.81,3.875,0.1385,-7.0,10.0,6.0,1.087,-6.867,0.1384942543449878,0.1384942543449878,0.2300671610752613,0.1487923233242045,0.1567556417966969,0.875,-89.0,0
Russia,2002,0,0,9.5,5.25,1.81,3.875,0.1385,-7.0,10.0,6.0,1.087,-6.867,0.1384942543449878,0.1384942543449878,0.1755350906899501,0.1487923233242045,0.1567556417966969,0.875,-89.0,0
Russia,2003,0,0,9.5,5.25,1.81,4.0,0.1403,-7.0,10.0,8.0,1.087,-6.667,0.1403239517038701,0.1403239517038701,0.1324056685005222,0.1464704402753984,0.1573156886541679,0.875,-86.75,0
Russia,2004,0,0,9.5,5.375,1.767,4.25,0.1421,-7.0,10.0,10.0,1.087,-6.267,0.14207455611548,0.14207455611548,0.2723768548995466,0.1588024740229059,0.1565232984316019,0.875,-81.75,0
Russia,2005,0,0,9.5,5.375,1.767,4.312,0.1446,-6.5,10.0,10.0,1.087,-6.167,0.1446174314098931,0.1446174314098931,0.2683823640751937,0.1481358751063317,0.1548939344102305,0.875,-82.875,0
Russia,2006,0,0,9.5,5.375,1.767,4.312,0.1446,-6.5,10.0,10.0,1.087,-6.167,0.1446174314098931,0.1446174314098931,0.1993492471947222,0.1481358751063317,0.1548939344102305,0.875,-82.875,0
Russia,2007,0,0,9.5,5.375,1.767,4.375,0.1469,-6.0,10.0,10.0,1.087,-6.067,0.1468902340543096,0.1468902340543096,0.2196466475145519,0.1398560614222828,0.1538655544084854,0.875,-84.0,0
Russia,2008,0,0,9.5,5.5,1.727,4.625,0.1486,-6.0,10.0,11.0,1.087,-5.667,0.1486022392536208,0.1486022392536208,0.183193416294796,0.1238701754373456,0.1544999680549882,0.875,-79.375,0
Russia,2009,0,0,9.5,5.5,1.727,4.625,0.1486,-6.0,10.0,11.0,1.087,-5.667,0.1486022392536208,0.1486022392536208,0.1343316702615243,0.1238701754373456,0.1544999680549882,0.875,-79.375,0
Russia,2010,0,0,9.5,5.5,1.727,4.625,0.1486,-6.0,10.0,11.0,1.087,-5.667,0.1486022392536208,0.1486022392536208,0.0839913962143616,0.1238701754373456,0.1544999680549882,0.875,-79.375,0
Russia,2011,0,0,9.5,5.5,1.727,4.5,0.1469,-6.0,10.0,10.0,1.087,-5.867,0.1468902340543096,0.1468902340543096,0.0538041784965365,0.1271334462680974,0.1522322970928999,0.875,-78.375,0
Russia,2012,0,0,9.5,5.375,1.767,4.25,0.1447,-6.0,10.0,10.0,1.087,-6.267,0.1446517521035651,0.1446517521035651,0.0316734936414524,0.1271334462680974,0.1493386608415733,0.875,-78.375,0
Russia,2013,0,0,9.5,5.375,1.767,4.312,0.1467,-5.5,10.0,10.0,1.087,-6.167,0.1467084540152856,0.1467084540152856,0.0872515056692953,0.1207789339199328,0.1488501144911272,0.875,-79.5,0
Russia,2014,0,0,9.5,5.625,1.689,5.062,0.1549,-5.0,10.0,13.5,1.087,-4.967,0.1549370157837422,0.1549370157837422,0.1785164702414299,0.1841450642316013,0.1435596322294111,0.75,-70.25,0
Russia,2015,0,0,9.5,5.75,1.652,5.188,0.1549,-5.0,10.0,13.5,1.087,-4.767,0.1549370157837422,0.1549370157837422,0.3628746146429205,0.1948821681506253,0.1381979444433649,0.75,-63.5,0
Russia,2016,0,0,9.5,5.875,1.617,5.312,0.1549,-5.0,10.0,13.5,1.087,-4.567,0.1549370157837422,0.1549370157837422,0.0817059141238022,0.2813768772356171,0.1294329623478254,0.625,-56.75,0
Russia,2017,0,0,9.5,5.875,1.617,5.312,0.1549,-5.0,10.0,13.5,1.087,-4.567,0.1549370157837422,0.1549370157837422,0.0481751414243071,0.2813768772356171,0.1294329623478254,0.625,-56.75,0
Russia,2018,0,0,9.5,5.875,1.617,5.312,0.1549,-5.0,10.0,13.5,1.087,-4.567,0.1549370157837422,0.1549370157837422,0.0147117645124087,0.2813768772356171,0.1294329623478254,0.625,-56.75,0
Russia,2019,1,0,9.5,5.875,1.617,5.312,0.1549,-5.0,10.0,13.5,1.087,-4.567,0.1549370157837422,0.1549370157837422,0.004079735910863,0.2813768772356171,0.1294329623478254,0.625,-56.75,0
Russia,2020,1,0,9.5,5.875,1.617,5.438,0.1565,-5.0,10.0,14.5,1.087,-4.367,0.1565155668698221,0.1565155668698221,0.0135923209647639,0.2813768772356171,0.1294329623478254,0.625,-56.75,1
Russia,2021,1,0,9.5,5.875,1.617,5.438,0.1565,-5.0,10.0,14.5,1.087,-4.367,0.1565155668698221,0.1565155668698221,0.0,0.2813768772356171,0.1294329623478254,0.625,-56.75,1
Russia,2022,0,1,9.625,5.875,1.638,5.312,0.1532,-5.0,10.0,13.5,1.064,-4.567,0.153186528014375,0.153186528014375,0.0171759991371786,0.1845436967245539,0.1464582722277868,0.75,-68.0,1
Russia,2023,0,0,9.625,5.875,1.638,5.062,0.1499,-5.0,10.0,12.5,1.064,-4.967,0.1498672901786594,0.1498672901786594,0.0038192866332278,0.1857319637191825,0.1434752757998615,0.75,-66.875,0
Russia,2024,0,0,9.625,6.0,1.604,5.188,0.1499,-5.0,10.0,12.5,1.064,-4.767,0.1498672901786594,0.1498672901786594,0.0879863405479382,0.1177024640142607,0.147399653197861,0.75,-61.25,0
Russia,2025,0,0,9.625,6.0,1.604,5.188,0.1499,-5.0,10.0,12.5,1.064,-4.767,0.1498672901786594,0.1498672901786594,0.071060748931606,0.1177024640142607,0.147399653197861,0.75,-61.25,0
Saudi Arabia,1900,0,0,5.5,3.875,1.419,4.5,0.1907,4.5,5.0,1.0,0.952,0.533,0.1906835817455811,0.1906835817455811,,0.1101470914521742,0.2056492414442442,0.75,-15.0,0
Saudi Arabia,1901,0,0,5.5,3.875,1.419,4.5,0.1907,4.5,5.0,1.0,0.952,0.533,0.1906835817455811,0.1906835817455811,,0.1101470914521742,0.2056492414442442,0.75,-15.0,0
Saudi Arabia,1902,0,0,5.5,4.0,1.375,4.875,0.1975,4.5,5.0,3.0,0.952,1.133,0.1974520512213783,0.1974520512213783,,0.1069644313056191,0.2140363351360599,0.75,-16.0,0
Saudi Arabia,1903,0,0,5.5,4.25,1.294,5.125,0.1975,4.5,5.0,4.0,0.952,1.533,0.1974520512213783,0.1974520512213783,,0.1239105357766642,0.217063846734574,0.75,-11.5,0
Saudi Arabia,1904,0,0,6.25,4.25,1.471,4.625,0.183,3.5,6.0,4.0,0.938,1.8,0.1830097850931847,0.1830097850931847,,0.0358002045206317,0.1852826934379664,0.875,-29.625,0
Saudi Arabia,1905,0,0,5.75,4.625,1.243,5.75,0.2025,4.5,5.0,7.0,0.889,2.533,0.2025238830425703,0.2025238830425703,0.2402576244947569,0.0786020585897581,0.2091473463645406,0.75,-15.75,0
Saudi Arabia,1906,0,0,5.25,4.625,1.135,6.25,0.2165,4.5,5.0,8.0,0.926,2.8,0.216494460769246,0.216494460769246,0.2978404837634651,0.2775053583503047,0.2278685212189586,0.5,-6.25,0
Saudi Arabia,1907,0,0,5.25,4.625,1.135,6.25,0.2165,4.5,5.0,8.0,0.926,2.8,0.216494460769246,0.216494460769246,0.2322318446733458,0.2775053583503047,0.2278685212189586,0.5,-6.25,0
Saudi Arabia,1908,0,0,5.25,4.625,1.135,6.25,0.2165,4.5,5.0,8.0,0.926,2.8,0.216494460769246,0.216494460769246,0.1735846894606148,0.2775053583503047,0.2278685212189586,0.5,-6.25,0
Saudi Arabia,1909,0,0,5.25,4.625,1.135,6.25,0.2165,4.5,5.0,8.0,0.926,2.8,0.216494460769246,0.216494460769246,0.120990970240687,0.2775053583503047,0.2278685212189586,0.5,-6.25,0
Saudi Arabia,1910,0,0,5.25,4.625,1.135,6.25,0.2165,4.5,5.0,8.0,0.926,2.8,0.216494460769246,0.216494460769246,0.0696653654316667,0.2775053583503047,0.2278685212189586,0.5,-6.25,0
Saudi Arabia,1911,0,0,5.25,4.625,1.135,6.25,0.2165,4.5,5.0,8.0,0.926,2.8,0.216494460769246,0.216494460769246,0.0,0.2775053583503047,0.2278685212189586,0.5,-6.25,0
Saudi Arabia,1912,0,0,5.25,5.0,1.05,7.25,0.2337,4.5,5.0,10.0,0.926,2.8,0.2336875989467468,0.2336875989467468,0.1172396790170166,0.0363926096440906,0.2452122726785925,0.5,3.25,0
Saudi Arabia,1913,0,0,5.25,5.25,1.0,7.75,0.2416,4.5,5.0,10.0,0.926,2.533,0.2416402343201038,0.2416402343201038,0.1702730759307213,0.1630491230152533,0.2537123751640762,0.25,7.25,0
Saudi Arabia,1914,0,0,6.25,5.25,1.19,6.75,0.2104,3.5,6.0,9.0,0.938,2.533,0.2103600421023738,0.2103600421023738,0.2139677045406559,0.3860610617006929,0.1815005886502432,0.5,-17.0,0
Saudi Arabia,1915,0,0,6.25,5.25,1.19,6.75,0.2104,3.5,6.0,9.0,0.938,2.533,0.2103600421023738,0.2103600421023738,0.1818571543174114,0.3860610617006929,0.1815005886502432,0.5,-17.0,0
Saudi Arabia,1916,0,0,6.25,5.25,1.19,6.75,0.2104,3.5,6.0,9.0,0.938,2.533,0.2103600421023738,0.2103600421023738,0.1497466040941668,0.3860610617006929,0.1815005886502432,0.5,-17.0,0
Saudi Arabia,1917,0,0,5.25,5.25,1.0,7.75,0.2416,4.5,5.0,10.0,0.926,2.533,0.2416402343201038,0.2416402343201038,0.2526495545600846,0.1630491230152533,0.2537123751640762,0.25,7.25,0
Saudi Arabia,1918,0,0,5.25,5.25,1.0,7.75,0.2416,4.5,5.0,10.0,0.926,2.533,0.2416402343201038,0.2416402343201038,0.2221713650586041,0.1630491230152533,0.2537123751640762,0.25,7.25,0
Saudi Arabia,1919,0,0,5.25,5.25,1.0,7.75,0.2416,4.5,5.0,10.0,0.926,2.533,0.2416402343201038,0.2416402343201038,0.2221713650586041,0.1630491230152533,0.2537123751640762,0.25,7.25,0
Saudi Arabia,1920,0,0,5.25,5.25,1.0,7.75,0.2416,4.5,5.0,10.0,0.926,2.533,0.2416402343201038,0.2416402343201038,0.1481142433724027,0.1630491230152533,0.2537123751640762,0.25,7.25,0
Saudi Arabia,1921,0,0,5.25,5.5,0.955,8.25,0.2479,4.5,5.0,12.0,0.926,3.333,0.2478790136944436,0.2478790136944436,0.3496166460810242,0.1823726640493278,0.2664341798178788,0.25,16.25,0
Saudi Arabia,1922,0,0,5.25,5.5,0.955,8.25,0.2479,4.5,5.0,12.0,0.926,3.333,0.2478790136944436,0.2478790136944436,0.3117600133121903,0.1823726640493278,0.2664341798178788,0.25,16.25,0
Saudi Arabia,1923,0,0,5.25,5.5,0.955,8.25,0.2479,4.5,5.0,12.0,0.926,3.333,0.2478790136944436,0.2478790136944436,0.2338200099841427,0.1823726640493278,0.2664341798178788,0.25,16.25,0
Saudi Arabia,1924,0,0,6.25,6.125,1.02,8.5,0.2332,5.5,6.0,11.0,0.938,2.133,0.2331986100347235,0.2331986100347235,0.2964227995084396,0.2442172824828812,0.2203424311684603,0.25,0.375,0
Saudi Arabia,1925,0,0,5.25,6.375,0.824,10.0,0.2741,6.5,5.0,14.0,0.926,2.933,0.2741401027492081,0.2741401027492081,0.6731992001383429,0.1110808810355716,0.2912314488017088,0.25,39.125,0
Saudi Arabia,1926,0,0,5.0,6.375,0.784,10.25,0.2845,6.5,5.0,15.0,1.0,3.333,0.2844929981465052,0.2844929981465052,0.6135111202375579,0.1567804179452396,0.3165103742867411,0.25,48.125,0
Saudi Arabia,1927,0,0,5.375,6.375,0.843,9.875,0.269,6.5,5.0,14.0,0.893,2.733,0.268987547851781,0.268987547851781,0.3846924473100906,0.1906309934278041,0.2808854520926899,0.25,33.125,0
Saudi Arabia,1928,0,0,6.75,6.125,1.102,7.875,0.2145,5.5,6.0,10.0,0.833,1.133,0.214510089018133,0.214510089018133,0.4146622535466666,0.3941477270615294,0.2105837072811804,0.375,-18.125,0
Saudi Arabia,1929,0,0,6.375,6.375,1.0,8.75,0.2315,5.5,6.0,13.0,0.909,2.533,0.2315066227120845,0.2315066227120845,0.3921116447916182,0.1774215514288291,0.2395932558802154,0.375,5.125,0
Saudi Arabia,1930,0,0,5.375,6.375,0.843,9.75,0.2659,6.5,5.0,14.0,0.893,2.533,0.2659312766802907,0.2659312766802907,0.2622244957613371,0.1906309934278041,0.2808854520926899,0.25,33.125,0
Saudi Arabia,1931,0,0,5.0,6.375,0.784,10.125,0.2811,6.5,5.0,15.0,1.0,3.133,0.2811450822936644,0.2811450822936644,0.2841157691896592,0.1604139502312802,0.312780071146146,0.25,47.375,0
Saudi Arabia,1932,0,0,5.0,6.625,0.755,10.75,0.2931,9.0,5.0,15.5,1.0,4.133,0.2931362910293307,0.2931362910293307,0.3692302643561221,0.2200527889986296,0.331912722455242,0.125,61.75,0
Saudi Arabia,1933,0,0,5.0,6.875,0.727,11.125,0.2984,9.0,5.0,15.5,1.0,3.933,0.2984075258325789,0.2984075258325789,0.5237821873902149,0.1619344256831263,0.3277662190568687,0.125,70.75,0
Saudi Arabia,1934,0,0,5.0,6.875,0.727,11.125,0.2984,9.0,5.0,15.5,1.0,3.933,0.2984075258325789,0.2984075258325789,0.2743511919592527,0.1619344256831263,0.3277662190568687,0.125,70.75,0
Saudi Arabia,1935,0,0,5.0,6.875,0.727,11.125,0.2984,9.0,5.0,15.5,1.0,3.933,0.2984075258325789,0.2984075258325789,0.2443866014855056,0.1619344256831263,0.3277662190568687,0.125,70.75,0
Saudi Arabia,1936,0,0,5.0,6.875,0.727,11.125,0.2984,9.0,5.0,15.5,1.0,3.933,0.2984075258325789,0.2984075258325789,0.1569340444343176,0.1619344256831263,0.3277662190568687,0.125,70.75,0
Saudi Arabia,1937,0,0,5.0,6.875,0.727,11.125,0.2984,9.0,5.0,15.5,1.0,3.933,0.2984075258325789,0.2984075258325789,0.0827875917607136,0.1619344256831263,0.3277662190568687,0.125,70.75,0
Saudi Arabia,1938,0,0,5.0,7.875,0.635,12.75,0.3212,10.0,5.0,15.5,1.0,2.0,0.3211883874463613,0.3211883874463613,0.4574959341792919,0.0723218018689003,0.3354957402056192,0.0,112.625,0
Saudi Arabia,1939,0,0,5.0,7.875,0.635,12.75,0.3212,10.0,5.0,15.5,1.0,2.0,0.3211883874463613,0.3211883874463613,0.3659967473434334,0.0723218018689003,0.3354957402056192,0.0,112.625,0
Saudi Arabia,1940,0,0,5.0,7.875,0.635,12.75,0.3212,10.0,5.0,15.5,1.0,2.0,0.3211883874463613,0.3211883874463613,0.274497560507575,0.0723218018689003,0.3354957402056192,0.0,112.625,0
Saudi Arabia,1941,0,0,5.0,7.875,0.635,12.75,0.3212,10.0,5.0,15.5,1.0,2.0,0.3211883874463613,0.3211883874463613,0.1829983736717167,0.0723218018689003,0.3354957402056192,0.0,112.625,0
Saudi Arabia,1942,0,0,5.0,7.875,0.635,12.75,0.3212,10.0,5.0,15.5,1.0,2.0,0.3211883874463613,0.3211883874463613,0.0914991868358583,0.0723218018689003,0.3354957402056192,0.0,112.625,0
Saudi Arabia,1943,0,0,5.0,7.875,0.635,12.75,0.3212,10.0,5.0,15.5,1.0,2.0,0.3211883874463613,0.3211883874463613,0.0,0.0723218018689003,0.3354957402056192,0.0,112.625,0
Saudi Arabia,1944,0,0,5.0,7.875,0.635,12.75,0.3212,10.0,5.0,15.5,1.0,2.0,0.3211883874463613,0.3211883874463613,0.0,0.0723218018689003,0.3354957402056192,0.0,112.625,0
Saudi Arabia,1945,0,0,5.0,7.875,0.635,13.125,0.3327,10.0,5.0,15.5,1.0,1.533,0.3326919602333731,0.3326919602333731,0.0738741580705684,0.0753035899013018,0.3474838837142843,0.0,119.25,0
Saudi Arabia,1946,0,0,5.0,7.875,0.635,13.125,0.3327,10.0,5.0,15.5,1.0,1.533,0.3326919602333731,0.3326919602333731,0.0590993264564548,0.0753035899013018,0.3474838837142843,0.0,119.25,0
Saudi Arabia,1947,0,0,5.0,7.875,0.635,13.125,0.3327,10.0,5.0,15.5,1.0,1.533,0.3326919602333731,0.3326919602333731,0.0443244948423411,0.0753035899013018,0.3474838837142843,0.0,119.25,0
Saudi Arabia,1948,0,0,5.0,7.875,0.635,13.125,0.3327,10.0,5.0,15.5,1.0,1.533,0.3326919602333731,0.3326919602333731,0.0295496632282273,0.0753035899013018,0.3474838837142843,0.0,119.25,0
Saudi Arabia,1949,0,0,5.0,7.875,0.635,13.125,0.3327,10.0,5.0,15.5,1.0,1.533,0.3326919602333731,0.3326919602333731,0.0147748316141136,0.0753035899013018,0.3474838837142843,0.0,119.25,0
Saudi Arabia,1950,0,0,5.0,8.125,0.615,13.812,0.346,12.0,5.0,16.0,1.0,1.567,0.3460360339522126,0.3460360339522126,0.3122439270522556,0.0500585664399106,0.3611072902634397,0.0,139.5,0
Saudi Arabia,1951,0,0,5.0,8.125,0.615,13.812,0.346,12.0,5.0,16.0,1.0,1.567,0.3460360339522126,0.3460360339522126,0.2497951416418045,0.0500585664399106,0.3611072902634397,0.0,139.5,0
Saudi Arabia,1952,0,0,5.0,8.125,0.615,13.812,0.346,12.0,5.0,16.0,1.0,1.567,0.3460360339522126,0.3460360339522126,0.1873463562313534,0.0500585664399106,0.3611072902634397,0.0,139.5,0
Saudi Arabia,1953,0,0,5.125,8.0,0.641,13.438,0.3366,12.0,5.0,13.0,0.962,0.967,0.3366049255824795,0.3366049255824795,0.3042879249366989,0.0478762515744,0.3500749742959464,0.0,124.5,0
Saudi Arabia,1954,0,0,5.125,8.0,0.641,13.438,0.3366,12.0,5.0,13.0,0.962,0.967,0.3366049255824795,0.3366049255824795,0.2279446230647937,0.0478762515744,0.3500749742959464,0.0,124.5,0
Saudi Arabia,1955,0,0,5.125,8.0,0.641,13.438,0.3366,12.0,5.0,13.0,0.962,0.967,0.3366049255824795,0.3366049255824795,0.1609139762052182,0.0478762515744,0.3500749742959464,0.0,124.5,0
Saudi Arabia,1956,0,0,6.0,8.0,0.75,12.438,0.2953,11.0,6.0,11.0,1.0,0.967,0.2953228281704777,0.2953228281704777,0.3315299793005746,0.0964507427596087,0.3154904744256883,0.0,85.75,0
Saudi Arabia,1957,0,0,6.0,8.0,0.75,12.312,0.2922,11.0,6.0,11.0,1.0,0.767,0.2922479866197804,0.2922479866197804,0.2355300658760699,0.0913827797213276,0.3097356620483311,0.0,83.5,0
Saudi Arabia,1958,0,0,6.25,7.875,0.794,11.812,0.2797,11.0,6.0,8.0,0.938,-0.033,0.2797356640131486,0.2797356640131486,0.2144842965068872,0.087864544535109,0.2990280105898573,0.125,67.75,0
Saudi Arabia,1959,0,0,6.25,7.875,0.794,11.812,0.2797,11.0,6.0,8.0,0.938,-0.033,0.2797356640131486,0.2797356640131486,0.1578169230485179,0.087864544535109,0.2990280105898573,0.125,67.75,0
Saudi Arabia,1960,0,0,6.25,7.875,0.794,11.812,0.2797,11.0,6.0,8.0,0.938,-0.033,0.2797356640131486,0.2797356640131486,0.1041576402991922,0.087864544535109,0.2990280105898573,0.125,67.75,0
Saudi Arabia,1961,0,0,6.25,7.875,0.794,11.812,0.2797,11.0,6.0,8.0,0.938,-0.033,0.2797356640131486,0.2797356640131486,0.0618984001783296,0.087864544535109,0.2990280105898573,0.125,67.75,0
Saudi Arabia,1962,0,0,7.375,7.875,0.937,10.438,0.2337,10.0,7.0,6.0,0.921,-0.633,0.2336555163393867,0.2336555163393867,0.5673219434957676,0.2688908758532081,0.233310326506366,0.125,23.5,0
Saudi Arabia,1963,0,0,7.375,7.875,0.937,10.438,0.2337,10.0,7.0,6.0,0.921,-0.633,0.2336555163393867,0.2336555163393867,0.4514434794989257,0.2688908758532081,0.233310326506366,0.125,23.5,0
Saudi Arabia,1964,0,0,6.0,8.0,0.75,12.312,0.2918,11.0,6.0,13.0,1.0,0.767,0.291763148978125,0.291763148978125,0.3737800030919118,0.0699803182946073,0.3022763550020451,0.0,84.25,0
Saudi Arabia,1965,0,0,5.0,8.25,0.606,14.062,0.3498,14.0,5.0,16.0,1.0,1.967,0.3498062656802912,0.3498062656802912,0.3704068433745742,0.0416143207508239,0.3635790114462183,0.0,147.0,0
Saudi Arabia,1966,0,0,5.0,8.25,0.606,14.062,0.3498,14.0,5.0,16.0,1.0,1.967,0.3498062656802912,0.3498062656802912,0.2530078194531471,0.0416143207508239,0.3635790114462183,0.0,147.0,0
Saudi Arabia,1967,0,0,5.0,8.25,0.606,14.062,0.3498,14.0,5.0,16.0,1.0,1.967,0.3498062656802912,0.3498062656802912,0.1497358211240689,0.0416143207508239,0.3635790114462183,0.0,147.0,0
Saudi Arabia,1968,0,0,5.0,8.25,0.606,14.062,0.3498,14.0,5.0,16.0,1.0,1.967,0.3498062656802912,0.3498062656802912,0.0837223973445452,0.0416143207508239,0.3635790114462183,0.0,147.0,0
Saudi Arabia,1969,0,0,5.0,8.25,0.606,14.062,0.3498,14.0,5.0,16.0,1.0,1.967,0.3498062656802912,0.3498062656802912,0.0578920537247387,0.0416143207508239,0.3635790114462183,0.0,147.0,0
Saudi Arabia,1970,0,0,5.0,8.25,0.606,14.062,0.3498,14.0,5.0,16.0,1.0,1.967,0.3498062656802912,0.3498062656802912,0.0,0.0416143207508239,0.3635790114462183,0.0,147.0,0
Saudi Arabia,1971,0,0,5.0,8.25,0.606,14.062,0.3498,14.0,5.0,16.0,1.0,1.967,0.3498062656802912,0.3498062656802912,0.0,0.0416143207508239,0.3635790114462183,0.0,147.0,0
Saudi Arabia,1972,0,0,5.0,8.25,0.606,14.062,0.3498,14.0,5.0,16.0,1.0,1.967,0.3498062656802912,0.3498062656802912,0.0,0.0416143207508239,0.3635790114462183,0.0,147.0,0
Saudi Arabia,1973,0,0,6.0,8.75,0.686,14.312,0.3265,13.0,6.0,15.0,1.0,-0.033,0.3265035603563007,0.3265035603563007,0.3805984470241999,0.0715609255257913,0.3411827308143178,0.0,147.25,0
Saudi Arabia,1974,0,0,6.0,8.75,0.686,14.312,0.3265,13.0,6.0,15.0,1.0,-0.033,0.3265035603563007,0.3265035603563007,0.3044787576193599,0.0715609255257913,0.3411827308143178,0.0,147.25,0
Saudi Arabia,1975,0,0,6.0,8.75,0.686,14.188,0.3232,13.0,6.0,14.0,1.0,-0.233,0.3232465672581663,0.3232465672581663,0.2402664093201614,0.0723325087941061,0.3376421690013159,0.0,145.0,0
Saudi Arabia,1976,1,0,5.0,8.75,0.571,15.312,0.3751,14.0,5.0,16.0,1.0,-0.033,0.3750541026819577,0.3750541026819577,0.1182020821185092,0.0495160223688552,0.3894916752911986,0.0,198.25,0
Saudi Arabia,1977,1,0,5.0,8.75,0.571,15.312,0.3751,14.0,5.0,16.0,1.0,-0.033,0.3750541026819577,0.3750541026819577,0.0835173319924073,0.0495160223688552,0.3894916752911986,0.0,198.25,0
Saudi Arabia,1978,1,0,5.0,8.75,0.571,15.312,0.3751,14.0,5.0,16.0,1.0,-0.033,0.3750541026819577,0.3750541026819577,0.085917334572926,0.0495160223688552,0.3894916752911986,0.0,198.25,0
Saudi Arabia,1979,0,1,7.5,8.75,0.857,12.438,0.2581,12.0,7.0,12.0,0.897,-1.433,0.2581420405435478,0.2581420405435478,0.4872783455079001,0.1150647845028922,0.2805250493435786,0.125,73.25,0
Saudi Arabia,1980,0,0,6.0,8.75,0.686,14.312,0.3265,13.0,6.0,15.0,1.0,-0.033,0.3265035603563007,0.3265035603563007,0.1771563167920186,0.0715609255257913,0.3411827308143178,0.0,147.25,0
Saudi Arabia,1981,0,0,6.0,8.75,0.686,14.312,0.3265,13.0,6.0,15.0,1.0,-0.033,0.3265035603563007,0.3265035603563007,0.1740377269792068,0.0715609255257913,0.3411827308143178,0.0,147.25,0
Saudi Arabia,1982,0,0,6.0,8.75,0.686,14.062,0.3205,13.0,6.0,15.0,1.0,0.1,0.3204570298055712,0.3204570298055712,0.1558895225951112,0.0603699517029532,0.329567268675223,0.0,140.25,0
Saudi Arabia,1983,0,0,6.25,8.5,0.735,13.562,0.3093,13.0,6.0,15.0,1.022,0.367,0.3092782306709424,0.3092782306709424,0.3719050757473907,0.0220061082654514,0.3108617526246567,0.0,108.75,0
Saudi Arabia,1984,0,0,6.25,8.5,0.735,13.312,0.3035,13.0,6.0,15.0,1.022,0.5,0.3035169013210176,0.3035169013210176,0.3617167330381035,0.0210465716984346,0.3046794202451287,0.0,105.25,0
Saudi Arabia,1985,0,0,6.625,8.125,0.815,12.188,0.2801,13.0,6.0,12.0,1.01,0.3,0.2801133413937052,0.2801133413937052,0.4859438928679941,0.1660536401551565,0.2988252594100076,0.0,63.0,0
Saudi Arabia,1986,0,0,6.625,8.125,0.815,12.188,0.2801,13.0,6.0,12.0,1.01,0.3,0.2801133413937052,0.2801133413937052,0.3825757766592788,0.1660536401551565,0.2988252594100076,0.0,63.0,0
Saudi Arabia,1987,0,0,6.25,8.125,0.769,12.812,0.3004,13.0,6.0,13.0,1.022,0.233,0.3003942229703118,0.3003942229703118,0.1836400835023352,0.0226395352656946,0.301043635002749,0.0,83.0,0
Saudi Arabia,1988,0,0,6.25,8.125,0.769,12.812,0.3004,13.0,6.0,13.0,1.022,0.233,0.3003942229703118,0.3003942229703118,0.1151077605589929,0.0226395352656946,0.301043635002749,0.0,83.0,0
Saudi Arabia,1989,0,0,6.0,8.125,0.738,13.062,0.311,13.0,6.0,13.0,1.0,0.1,0.3110341592843552,0.3110341592843552,0.1165468908601441,0.0133228188989958,0.3114265408989263,0.0,97.0,0
Saudi Arabia,1990,0,0,7.375,8.125,0.908,11.562,0.2551,12.0,7.0,11.0,0.921,-0.7,0.2550850855317166,0.2550850855317166,0.2436678995754761,0.2380378833053241,0.2711181516274059,0.0,35.25,0
Saudi Arabia,1991,0,0,7.375,8.125,0.908,11.562,0.2551,12.0,7.0,11.0,0.921,-0.7,0.2550850855317166,0.2550850855317166,0.1891151256263233,0.2380378833053241,0.2711181516274059,0.0,35.25,0
Saudi Arabia,1992,0,0,7.25,8.125,0.892,11.688,0.2591,12.0,7.0,12.0,0.946,-0.5,0.2590555155041108,0.2590555155041108,0.1496244825341126,0.0148805609144406,0.2618907855108014,0.125,39.25,0
Saudi Arabia,1993,0,0,7.25,8.125,0.892,11.562,0.2564,12.0,7.0,12.0,0.946,-0.7,0.2563989363705696,0.2563989363705696,0.1016611652917871,0.0159831876339623,0.2599205247195749,0.125,40.0,0
Saudi Arabia,1994,0,0,7.75,8.125,0.954,10.938,0.2367,12.0,7.0,10.0,0.917,-1.167,0.2366821411468151,0.2366821411468151,0.037593124082309,0.2582065740991944,0.2333677404822484,0.125,14.75,0
Saudi Arabia,1995,0,0,7.75,8.125,0.954,10.938,0.2367,12.0,7.0,10.0,0.917,-1.167,0.2366821411468151,0.2366821411468151,0.0195152991725391,0.2582065740991944,0.2333677404822484,0.125,14.75,0
Saudi Arabia,1996,0,0,7.125,8.125,0.877,11.688,0.2606,12.0,7.0,12.0,0.972,-0.5,0.2606299008849674,0.2606299008849674,0.0243606279997899,0.010979126025495,0.2614348263994118,0.125,44.0,0
Saudi Arabia,1997,0,0,7.375,8.125,0.908,11.188,0.2465,12.0,7.0,12.0,0.991,-0.233,0.2465225705570338,0.2465225705570338,0.2806089160530566,0.1530390023035158,0.2525042845081721,0.125,30.0,0
Saudi Arabia,1998,0,0,6.375,8.125,0.785,12.438,0.289,13.0,6.0,13.0,0.99,-0.367,0.2889760637360227,0.2889760637360227,0.2405968104646206,0.0798443840575247,0.2957500480430353,0.0,75.5,0
Saudi Arabia,1999,0,0,6.375,8.125,0.785,12.438,0.289,13.0,6.0,13.0,0.99,-0.367,0.2889760637360227,0.2889760637360227,0.1836640502937755,0.0798443840575247,0.2957500480430353,0.0,75.5,0
Saudi Arabia,2000,0,0,7.5,8.125,0.923,11.312,0.248,12.0,7.0,11.0,0.897,-1.1,0.2480279860616763,0.2480279860616763,0.2899068568062199,0.0873631450500901,0.24815833773516,0.125,28.75,0
Saudi Arabia,2001,0,0,7.5,8.125,0.923,11.312,0.248,12.0,7.0,11.0,0.897,-1.1,0.2480279860616763,0.2480279860616763,0.2880499594109179,0.0873631450500901,0.24815833773516,0.125,28.75,0
Saudi Arabia,2002,0,0,8.375,8.125,1.031,10.312,0.2171,11.0,8.0,9.0,0.93,-1.1,0.2170931563631509,0.2170931563631509,0.6501072048422538,0.502113601329375,0.1993343404975944,0.25,-10.75,0
Saudi Arabia,2003,0,0,8.375,8.125,1.031,10.312,0.2171,11.0,8.0,9.0,0.93,-1.1,0.2170931563631509,0.2170931563631509,0.5129417431947594,0.502113601329375,0.1993343404975944,0.25,-10.75,0
Saudi Arabia,2004,0,0,6.75,8.5,0.794,12.938,0.288,15.5,6.0,12.5,0.98,-0.1,0.287970694046046,0.287970694046046,0.2126111533620738,0.0884904827725124,0.3154730405216143,0.125,95.875,0
Saudi Arabia,2005,0,0,6.75,8.5,0.794,12.938,0.288,15.5,6.0,12.5,0.98,-0.1,0.287970694046046,0.287970694046046,0.6798988681248318,0.0884904827725124,0.3154730405216143,0.125,95.875,0
Saudi Arabia,2006,0,0,6.125,9.0,0.681,14.312,0.3196,15.5,6.0,14.5,0.968,-0.567,0.3195617996958348,0.3195617996958348,0.2731482146299119,0.0868221312501328,0.3361735957713594,0.0,154.125,0
Saudi Arabia,2007,0,0,6.125,9.0,0.681,14.312,0.3196,15.5,6.0,14.5,0.968,-0.567,0.3195617996958348,0.3195617996958348,0.2077414925439995,0.0868221312501328,0.3361735957713594,0.0,154.125,0
Saudi Arabia,2008,0,0,6.5,8.625,0.754,13.562,0.3031,15.5,6.0,12.5,0.96,-0.7,0.3030784409693232,0.3030784409693232,0.4068424071820046,0.0868211007624255,0.3155469283010932,0.0,108.625,0
Saudi Arabia,2009,0,0,6.125,8.625,0.71,13.938,0.3196,15.5,6.0,13.5,0.968,-0.633,0.3195617996958348,0.3195617996958348,0.1830123169154516,0.0775697047586171,0.3344801212981887,0.0,131.375,0
Saudi Arabia,2010,0,0,7.125,8.625,0.826,12.938,0.2782,14.5,7.0,12.5,0.972,-0.633,0.2781947047331322,0.2781947047331322,0.145764213994786,0.0300910883935209,0.2862760252239818,0.125,80.0,0
Saudi Arabia,2011,0,0,7.125,8.625,0.826,12.938,0.2782,14.5,7.0,12.5,0.972,-0.633,0.2781947047331322,0.2781947047331322,0.1174673574889846,0.0300910883935209,0.2862760252239818,0.125,80.0,0
Saudi Arabia,2012,0,0,7.125,8.625,0.826,12.938,0.2782,14.5,7.0,12.5,0.972,-0.633,0.2781947047331322,0.2781947047331322,0.0744827775819499,0.0300910883935209,0.2862760252239818,0.125,80.0,0
Saudi Arabia,2013,0,0,7.625,8.625,0.884,12.188,0.2545,14.5,7.0,11.5,0.94,-0.767,0.2545065466551993,0.2545065466551993,0.3664497622694104,0.1059276182069012,0.2640898028218917,0.125,51.0,0
Saudi Arabia,2014,0,0,7.375,8.75,0.843,12.688,0.2661,14.5,7.0,14.5,0.991,0.033,0.2661192601793356,0.2661192601793356,0.3465608037493541,0.0317853453809678,0.2750062708583029,0.125,71.25,0
Saudi Arabia,2015,0,0,7.125,8.75,0.814,13.562,0.292,15.0,7.0,15.0,0.972,-0.433,0.2919638333380319,0.2919638333380319,0.1743996091683361,0.0294267097377352,0.3034804183966578,0.125,101.75,0
Saudi Arabia,2016,0,0,7.25,8.75,0.829,13.438,0.2875,15.0,7.0,16.0,0.946,-0.633,0.2874561475975196,0.2874561475975196,0.1782013260565964,0.0193327714529851,0.2995847504832867,0.125,100.0,0
Saudi Arabia,2017,0,0,7.75,8.75,0.886,12.812,0.2654,15.0,7.0,14.0,0.917,-1.1,0.2653755813982739,0.2653755813982739,0.3094726905329146,0.0311196021143629,0.2734451051205155,0.125,66.5,0
Saudi Arabia,2018,0,0,7.125,8.75,0.814,13.438,0.289,15.0,7.0,15.0,0.972,-0.633,0.2889723241797868,0.2889723241797868,0.2876800102460584,0.0330366747374112,0.3030521829619701,0.125,102.5,0
Saudi Arabia,2019,0,0,8.25,8.75,0.943,12.062,0.2421,14.0,8.0,14.0,1.016,-0.167,0.2421233505085231,0.2421233505085231,0.1198817049365375,0.1572675891848175,0.2527899223105369,0.125,31.0,0
Saudi Arabia,2020,0,0,7.25,8.75,0.829,13.312,0.2831,15.0,7.0,15.0,1.019,-0.3,0.2831471431051521,0.2831471431051521,0.0959153510553984,0.0849719799712231,0.2964403013802351,0.0,89.0,0
Saudi Arabia,2021,0,0,6.125,9.0,0.681,15.062,0.3412,16.0,6.0,16.0,0.968,-1.233,0.341195616300432,0.341195616300432,0.2526157786549981,0.0934766006648462,0.3698399972104785,0.0,189.125,0
Saudi Arabia,2022,0,0,6.0,9.0,0.667,15.188,0.3463,16.0,6.0,16.0,1.0,-1.033,0.3463272761181486,0.3463272761181486,0.0630982548781677,0.0614552307162775,0.3667162560897736,0.0,193.625,0
Saudi Arabia,2023,0,0,6.0,9.0,0.667,15.312,0.3494,16.0,6.0,17.0,1.0,-0.833,0.3493981127144751,0.3493981127144751,0.0481419431953515,0.0616567162414586,0.3707388927899852,0.0,196.625,0
Saudi Arabia,2024,0,0,6.0,9.0,0.667,15.312,0.3494,16.0,6.0,17.0,1.0,-0.833,0.3493981127144751,0.3493981127144751,0.0421565447679535,0.0616567162414586,0.3707388927899852,0.0,196.625,0
Singapore,1930,0,0,5.75,6.5,0.885,9.938,0.2777,16.5,3.0,13.5,1.667,4.167,0.2777471294278227,0.2777471294278227,,0.2878832977896072,0.3612292394741249,0.25,50.75,0
Singapore,1931,0,0,6.5,4.125,1.576,5.5,0.2171,13.0,3.0,11.0,1.543,5.6,0.2170715809245994,0.2170715809245994,,0.1470164592792461,0.2070206356069444,0.625,-42.125,0
Singapore,1932,0,0,6.25,4.375,1.429,6.0,0.2214,12.0,4.0,11.0,1.42,5.333,0.2213763047857799,0.2213763047857799,,0.1533471260155112,0.2126349724299408,0.625,-34.25,0
Singapore,1933,0,0,5.625,5.0,1.125,7.875,0.2589,12.0,4.0,11.0,1.333,4.067,0.2589061480867228,0.2589061480867228,,0.1268322907125451,0.257772663195042,0.5,-10.5,0
Singapore,1934,0,0,4.625,6.125,0.755,10.75,0.3247,14.5,3.0,13.0,1.27,2.533,0.3247243741121521,0.3247243741121521,,0.1274422562171606,0.3638846729378346,0.125,65.625,0
Singapore,1935,0,0,4.375,6.375,0.686,11.75,0.3529,14.5,3.0,14.0,1.25,3.067,0.3529439782902085,0.3529439782902085,0.5071504993536379,0.0991177663806504,0.3950228694461747,0.125,95.25,0
Singapore,1936,0,0,5.375,6.625,0.811,11.062,0.3102,14.5,4.0,11.0,1.2,2.5,0.3101660056876957,0.3101660056876957,0.5009465560015215,0.2093385041202607,0.3575124251815516,0.125,60.875,0
Singapore,1937,0,0,5.25,6.875,0.764,12.062,0.3356,14.5,4.0,13.5,1.133,1.433,0.3355569453073905,0.3355569453073905,0.3918916115961778,0.0636738217075344,0.3708337141046082,0.25,88.5,0
Singapore,1938,0,0,5.0,7.375,0.678,13.062,0.3543,15.5,4.0,14.5,1.111,1.967,0.3543473032880269,0.3543473032880269,0.2993469644632116,0.1557926017553824,0.3963598033748247,0.0,128.5,0
Singapore,1939,0,0,5.375,7.125,0.754,12.25,0.3305,15.5,4.0,14.5,1.09,2.533,0.3304878863946642,0.3304878863946642,0.6294443835938454,0.2099132375706515,0.3707629551804184,0.0,89.75,0
Singapore,1940,0,0,6.25,6.875,0.909,10.875,0.2864,14.5,5.0,11.5,1.111,2.467,0.2863974640773488,0.2863974640773488,0.3169138309885967,0.2278718382733564,0.3062359357721042,0.25,33.0,0
Singapore,1941,0,0,7.5,6.625,1.132,8.688,0.2252,13.5,6.0,8.0,1.036,1.633,0.2251945468839883,0.2251945468839883,0.5179939744877192,0.1823613885869672,0.2343148642812806,0.625,-28.875,0
Singapore,1942,0,0,9.875,2.375,4.158,-3.75,0.0643,-4.5,10.0,-4.5,0.967,-0.4,0.0643293527583587,0.0643293527583587,0.3837235100231818,0.0275804428504631,0.0683863435105693,1.0,-51.0,0
Singapore,1943,0,0,7.125,4.75,1.5,5.938,0.2002,7.5,6.0,12.0,1.212,7.367,0.2002042815905864,0.2002042815905864,0.6979069735093543,0.0508433152252107,0.1884239647589347,0.75,-42.125,0
Singapore,1944,0,0,8.125,3.75,2.167,2.812,0.1503,5.0,7.0,9.0,1.184,7.433,0.1502639404336972,0.1502639404336972,0.2827226476596373,0.0460931300019048,0.144086001224684,1.0,-65.375,0
Singapore,1945,0,0,9.625,1.75,5.5,-4.125,0.0654,-5.0,10.0,-3.5,1.007,1.133,0.0654337344337241,0.0654337344337241,0.5504978340755121,0.0250848131682811,0.0699556954680195,1.0,-49.625,0
Singapore,1946,0,0,7.625,3.75,2.033,3.0,0.1591,1.5,8.0,2.0,1.081,0.267,0.1590641339151405,0.1590641339151405,0.4319555638170019,0.0402696310142602,0.157727924178349,1.0,-80.75,0
Singapore,1947,0,0,6.125,5.0,1.225,6.875,0.2264,7.0,6.0,6.5,1.149,0.067,0.2264314368492584,0.2264314368492584,0.4833669900971271,0.1262275993637492,0.2202055344065524,0.875,-31.25,0
Singapore,1948,0,0,6.875,5.5,1.25,7.0,0.2141,11.5,5.0,8.5,1.111,3.733,0.2140924428377422,0.2140924428377422,0.5517938002773999,0.0264511243011686,0.2129642257998056,0.875,-27.875,0
Singapore,1949,0,0,5.125,6.375,0.804,10.5,0.2999,13.5,4.0,12.0,1.067,2.4,0.2998737586826064,0.2998737586826064,0.813001996481643,0.106021673658962,0.3348633899101135,0.125,58.25,0
Singapore,1950,0,0,6.125,6.75,0.907,9.0,0.2454,12.5,5.0,7.5,0.667,-3.467,0.2454240473538378,0.2454240473538378,0.7385210740833634,0.2271687085620783,0.3369347918058816,0.375,58.875,0
Singapore,1951,0,0,4.0,7.75,0.516,13.688,0.3791,16.5,3.0,14.0,1.0,0.033,0.3791215059692925,0.3791215059692925,0.4312164514620368,0.1125423221874731,0.4431261040720571,0.0,181.25,0
Singapore,1952,0,0,5.25,7.0,0.75,11.688,0.3182,15.5,4.0,12.0,1.133,1.633,0.3181596365850698,0.3181596365850698,0.5201775322350788,0.1421700148483036,0.350248486281171,0.0,80.75,0
Singapore,1953,0,0,4.5,7.0,0.643,12.75,0.3653,17.0,3.0,14.5,1.19,2.267,0.3652693594645098,0.3652693594645098,0.4490736971828153,0.0922254968379134,0.4016952081682967,0.0,124.25,0
Singapore,1954,0,0,5.75,7.25,0.793,11.688,0.3059,15.5,4.0,9.0,0.889,-0.5,0.3058915608257653,0.3058915608257653,0.3495353468907822,0.2111492012643925,0.3582506144947435,0.0,75.25,0
Singapore,1955,0,0,7.75,6.75,1.148,8.562,0.218,11.5,6.0,2.0,0.983,-2.3,0.218041938724419,0.218041938724419,0.6482061212719827,0.1561232488539963,0.1975292163072331,0.5,-20.25,0
Singapore,1956,0,0,7.25,6.5,1.115,8.5,0.2269,14.5,5.0,8.0,1.019,1.067,0.2268712016718877,0.2268712016718877,0.4515490454161028,0.0717562175931693,0.2376983286813755,0.625,-4.5,0
Singapore,1957,0,0,6.875,6.5,1.058,8.688,0.2336,14.5,5.0,8.0,1.029,0.567,0.2336064831628521,0.2336064831628521,0.2951174393987201,0.2266628988434218,0.25484155136258,0.5,2.5,0
Singapore,1958,0,0,6.0,6.5,0.923,9.562,0.2633,15.5,4.0,9.0,1.092,0.9,0.2633089258000971,0.2633089258000971,0.4127717151524259,0.3208356816836641,0.301742335224429,0.25,33.0,0
Singapore,1959,0,0,6.625,6.625,1.0,9.688,0.2571,14.5,5.0,12.5,1.094,1.633,0.2570547445962303,0.2570547445962303,0.3401484011436692,0.1718504426998213,0.2774331689743478,0.5,10.0,0
Singapore,1960,0,0,5.375,6.75,0.796,11.438,0.3174,16.0,4.0,13.5,1.2,2.833,0.3173936508857825,0.3173936508857825,0.0269303265134583,0.3078886684194508,0.3797225574448279,0.0,73.125,0
Singapore,1961,0,0,6.0,6.75,0.889,10.562,0.2852,16.0,4.0,10.5,1.092,2.5,0.2851543783239634,0.2851543783239634,0.332802397909256,0.3143726640718912,0.3372558888178773,0.25,45.375,0
Singapore,1962,1,0,5.25,6.75,0.778,11.75,0.3289,16.0,4.0,13.5,1.25,3.333,0.3289012409464376,0.3289012409464376,0.1756163469641329,0.230530886853205,0.3780262677884195,0.0,79.25,0
Singapore,1963,1,0,7.125,6.375,1.118,8.688,0.236,15.0,5.0,12.5,1.127,2.7,0.2359604425369887,0.2359604425369887,0.2259320909691584,0.130638794233396,0.2562834681959077,0.625,-12.0,0
Singapore,1964,1,0,8.0,5.75,1.391,6.562,0.197,15.0,5.0,11.5,1.068,1.967,0.1969881810072131,0.1969881810072131,0.3356810107698532,0.1084110041254223,0.1958680190583399,0.75,-47.375,0
Singapore,1965,0,1,8.125,5.75,1.413,6.75,0.1981,14.0,6.0,12.0,1.042,2.267,0.1981203638690781,0.1981203638690781,0.5715109949704279,0.0196643452738302,0.1995665411889935,0.875,-67.625,0
Singapore,1966,0,0,6.0,6.375,0.941,10.188,0.285,15.0,5.0,16.0,1.092,2.433,0.2850475347626699,0.2850475347626699,0.6206856009933536,0.4380976663467811,0.3552843009671921,0.25,39.5,0
Singapore,1967,0,0,5.0,6.875,0.727,12.625,0.3583,17.0,4.0,17.0,1.111,2.067,0.3582966088053494,0.3582966088053494,0.0574450896572817,0.2265721051106675,0.4290315868993744,0.0,116.625,0
Singapore,1968,0,0,4.5,7.75,0.581,14.625,0.4057,18.5,4.0,18.5,1.061,2.333,0.4056660379843919,0.4056660379843919,0.3440609621688535,0.0965165969832489,0.4513713211116892,0.0,209.25,0
Singapore,1969,0,0,4.375,7.875,0.556,15.188,0.424,18.5,4.0,18.5,1.111,2.7,0.4240277878588831,0.4240277878588831,0.1786891730222335,0.0709349064302701,0.4576679696509155,0.0,228.25,0
Singapore,1970,0,0,3.75,8.25,0.455,16.938,0.4915,18.5,4.0,20.5,1.111,2.033,0.4915011011879876,0.4915011011879876,0.3567839132436788,0.0582460835263999,0.531442661014473,0.0,323.375,0
Singapore,1971,0,0,4.375,7.875,0.556,15.688,0.4417,18.5,4.0,19.5,1.111,2.433,0.4417310107229291,0.4417310107229291,0.1541695705260865,0.1224946205005124,0.4958146737475206,0.0,248.375,0
Singapore,1972,0,0,3.875,8.125,0.477,16.625,0.4808,18.5,4.0,20.5,1.053,1.533,0.480769250100756,0.480769250100756,0.2757241091057921,0.0789643816954556,0.5325497451395181,0.0,307.375,0
Singapore,1973,0,0,6.0,7.875,0.762,13.812,0.3476,18.5,4.0,16.5,1.19,2.633,0.347570494836421,0.347570494836421,0.2893098434912388,0.2886387081795927,0.4240647152754348,0.0,130.0,0
Singapore,1974,0,0,6.625,7.375,0.898,12.312,0.3112,17.5,5.0,16.5,1.278,4.5,0.3112394286260119,0.3112394286260119,0.4279126160289108,0.077702391397308,0.3393507683389687,0.375,66.5,0
Singapore,1975,0,0,4.75,7.875,0.603,15.125,0.4134,18.5,4.0,17.5,1.212,3.133,0.413350938121813,0.413350938121813,0.1979720203588222,0.0652428922751866,0.4401243576340801,0.0,210.375,0
Singapore,1976,0,0,4.25,8.125,0.523,16.125,0.4505,18.5,4.0,19.5,1.167,3.133,0.4504720857094679,0.4504720857094679,0.1017799575906309,0.0494239290287652,0.4762742281155241,0.0,267.375,0
Singapore,1977,0,0,3.875,8.25,0.47,16.812,0.4826,18.5,4.0,20.5,1.204,2.367,0.4825779891000262,0.4825779891000262,0.2057499252580082,0.054924285550742,0.5178358699111162,0.0,313.25,0
Singapore,1978,0,0,3.75,8.25,0.455,17.062,0.496,18.5,4.0,20.5,1.111,2.233,0.4960255272834795,0.4960255272834795,0.2049256266359046,0.0560132322741474,0.5343467023680012,0.0,326.875,0
Singapore,1979,0,0,4.875,8.25,0.591,16.188,0.4365,18.5,4.0,20.0,1.288,2.967,0.4365430644334916,0.4365430644334916,0.2787576422825329,0.113389253203844,0.4914049694352401,0.0,267.75,0
Singapore,1980,0,0,4.125,8.75,0.471,17.562,0.4864,18.5,4.0,22.0,1.228,2.5,0.4864229947656683,0.4864229947656683,0.1374866375695522,0.044662432913857,0.5154851345653287,0.0,355.75,0
Singapore,1981,0,0,4.0,8.875,0.451,18.0,0.5026,21.0,3.0,20.0,1.14,1.6,0.502563141227537,0.502563141227537,0.1798284326821873,0.0484599553076782,0.5383431268378832,0.0,388.25,0
Singapore,1982,0,0,4.0,8.875,0.451,18.25,0.5103,21.0,3.0,20.0,1.14,1.467,0.5102817916177655,0.5102817916177655,0.1625951578885231,0.033302038089336,0.5320443711181605,0.0,393.0,0
Singapore,1983,0,0,4.375,8.875,0.493,17.75,0.4805,21.0,3.0,19.0,1.111,1.733,0.4805240476455394,0.4805240476455394,0.3233017072625833,0.0263167916622275,0.4982365132516054,0.0,353.625,0
Singapore,1984,0,0,4.875,8.75,0.557,17.0,0.4471,21.0,3.0,16.0,1.042,0.8,0.4470807674023023,0.4470807674023023,0.4010756896969343,0.037332538513253,0.4736119805220056,0.0,306.0,0
Singapore,1985,0,0,6.25,8.25,0.758,14.688,0.3615,20.0,4.0,16.0,1.207,3.767,0.361508096197564,0.361508096197564,0.6156235607307741,0.2269712849908929,0.4502748064790517,0.125,165.125,0
Singapore,1986,0,0,5.375,8.25,0.652,15.938,0.4153,20.0,4.0,19.0,1.319,4.167,0.4152828225599467,0.4152828225599467,0.2783792728392442,0.1257502282318843,0.4692038612981888,0.0,236.5,0
Singapore,1987,0,0,5.25,8.875,0.592,16.812,0.4249,20.0,4.0,20.0,0.926,1.3,0.4249078305901724,0.4249078305901724,0.6253664142142595,0.0614147901035055,0.457816423071063,0.0,294.0,0
Singapore,1988,0,0,3.875,9.125,0.425,18.938,0.5322,21.0,3.0,21.0,0.917,0.7,0.5321939596691964,0.5321939596691964,0.2607675340821576,0.0244578911450941,0.551930861257448,0.0,443.5,0
Singapore,1989,0,0,3.5,9.5,0.368,19.812,0.5654,22.0,3.0,22.0,1.078,1.567,0.5653787209495446,0.5653787209495446,0.3550105124728066,0.0233391783806193,0.5877172323535712,0.0,513.75,0
Singapore,1990,0,0,3.625,9.5,0.382,19.75,0.5585,22.0,3.0,21.0,1.019,1.2,0.5585168999135597,0.5585168999135597,0.2928296502483178,0.0182926238449145,0.5748940926739475,0.0,506.25,0
Singapore,1991,0,0,3.625,9.5,0.382,19.625,0.5542,22.0,3.0,20.0,1.019,1.0,0.5542106610439975,0.5542106610439975,0.1998544441775337,0.0176595049263377,0.5701052487405189,0.0,498.75,0
Singapore,1992,0,0,3.5,9.5,0.368,19.875,0.5687,22.0,3.0,22.0,1.078,1.4,0.5686624285657229,0.5686624285657229,0.1007219834297356,0.020594794884846,0.5883797749757111,0.0,518.75,0
Singapore,1993,0,0,3.375,9.5,0.355,20.188,0.5862,22.0,3.0,22.0,0.98,0.567,0.5862031636028426,0.5862031636028426,0.1209564947311623,0.0171715629148363,0.6017813080238964,0.0,541.5,0
Singapore,1994,0,0,3.75,9.5,0.395,19.812,0.5572,22.0,3.0,21.0,0.965,0.5,0.5571786370186479,0.5571786370186479,0.0916206181401119,0.021674301839888,0.5770242037656038,0.0,509.875,0
Singapore,1995,0,0,3.875,9.5,0.408,19.438,0.5386,22.0,3.0,22.0,1.204,1.5,0.5385569180947947,0.5385569180947947,0.158871075413839,0.0167144889333825,0.552775730169883,0.0,483.25,0
Singapore,1996,0,0,4.0,9.5,0.421,19.312,0.5297,22.0,3.0,22.0,1.14,1.3,0.5296950605120092,0.5296950605120092,0.1651747898863267,0.0178148878924346,0.5454087686187031,0.0,473.125,0
Singapore,1997,0,0,5.75,9.125,0.63,16.812,0.4084,21.0,4.0,20.0,1.173,2.633,0.4083976226118389,0.4083976226118389,0.7621525990188222,0.0985074491400342,0.462881350381799,0.0,289.5,0
Singapore,1998,0,0,6.875,8.625,0.797,14.938,0.3451,21.0,4.0,19.0,1.29,4.967,0.3451433614825477,0.3451433614825477,0.6409565147196895,0.1559104344620825,0.4173647217314666,0.375,165.375,0
Singapore,1999,0,0,4.75,9.125,0.521,18.062,0.4745,22.0,3.0,21.0,1.212,2.5,0.4744943875953815,0.4744943875953815,0.2463918250298511,0.0473536836175018,0.5074209812867637,0.0,381.0,0
Singapore,2000,0,0,3.625,9.5,0.382,20.062,0.5736,22.0,3.0,22.0,1.176,1.433,0.5735644122429218,0.5735644122429218,0.4231601560404079,0.0243673619348774,0.5980780273380348,0.0,537.875,0
Singapore,2001,0,0,6.25,9.125,0.685,16.25,0.3804,21.0,4.0,20.0,1.207,3.867,0.3803565012964751,0.3803565012964751,0.3748122931267323,0.11762471104674,0.4374663170687992,0.0,255.5,0
Singapore,2002,0,0,5.0,9.25,0.541,18.125,0.4651,21.0,4.0,21.0,1.232,3.133,0.4651136584097828,0.4651136584097828,0.2304562809156956,0.0386312085930092,0.4893799084117375,0.0,380.875,0
Singapore,2003,0,0,6.375,8.625,0.739,15.5,0.3725,21.0,4.0,20.0,1.264,5.867,0.3724731236360985,0.3724731236360985,0.5701496986500388,0.1875722204363912,0.4486381263701428,0.125,209.875,0
Singapore,2004,0,0,4.25,9.25,0.459,18.875,0.5158,22.0,3.0,21.0,1.167,2.733,0.5157592407814491,0.5157592407814491,0.2162311757372478,0.0279183699846244,0.5371552668217272,0.0,445.25,0
Singapore,2005,0,0,4.125,9.625,0.429,19.625,0.5352,22.0,3.0,21.0,1.083,1.8,0.535162020770008,0.535162020770008,0.401560576628357,0.0342806099341685,0.5703125193985701,0.0,504.5,0
Singapore,2006,0,0,4.0,9.625,0.416,19.688,0.541,22.0,3.0,21.0,1.14,1.9,0.5409686085166416,0.5409686085166416,0.3690089451324047,0.0304128814136918,0.5721178354365027,0.0,511.25,0
Singapore,2007,0,0,3.625,9.625,0.377,20.062,0.5691,22.0,3.0,22.0,1.176,1.967,0.5691450843545571,0.5691450843545571,0.2265381182515159,0.0242227300824725,0.5952497593200414,0.0,544.0,0
Singapore,2008,0,0,6.125,9.125,0.671,16.438,0.3902,22.0,3.0,20.0,1.149,2.033,0.3901817908529399,0.3901817908529399,0.7778279210093927,0.1455413076203382,0.4681895411408486,0.0,266.0,0
Singapore,2009,0,0,4.875,9.25,0.527,18.062,0.4674,22.0,3.0,21.0,1.042,0.9,0.4673583959135696,0.4673583959135696,0.2830284942228022,0.0408451435449933,0.4991290196536093,0.0,381.125,0
Singapore,2010,0,0,4.875,9.5,0.513,18.062,0.4634,22.0,3.0,19.0,1.429,4.1,0.4633821374651644,0.4633821374651644,0.4286253597525685,0.0650207668652503,0.5208620134688021,0.0,403.5,0
Singapore,2011,0,0,6.375,9.125,0.699,15.062,0.352,21.0,4.0,12.5,1.369,4.367,0.352016446330441,0.352016446330441,1.00541564172511,0.2303341936544368,0.4840336856370805,0.125,240.75,0
Singapore,2012,0,0,6.0,8.875,0.676,15.062,0.3647,21.0,4.0,13.5,1.41,5.433,0.364679868231585,0.364679868231585,0.706624525815262,0.2057728308903634,0.4814776466190998,0.125,249.375,0
Singapore,2013,0,0,6.875,8.75,0.786,13.75,0.3166,21.0,4.0,12.5,1.111,1.733,0.3165845788782266,0.3165845788782266,0.7796044217066015,0.2862265475360102,0.4560414563117206,0.25,172.875,0
Singapore,2014,0,0,5.25,9.25,0.568,17.062,0.4304,22.0,3.0,17.0,1.25,3.033,0.4303952494445575,0.4303952494445575,0.3729577462039729,0.0977000839697186,0.5002490606951104,0.0,343.0,0
Singapore,2015,0,0,4.125,9.5,0.434,19.25,0.5307,22.0,3.0,22.0,1.771,5.467,0.530749081826047,0.530749081826047,0.5907305503450376,0.0597857297357026,0.585877567716912,0.0,491.75,0
Singapore,2016,0,0,5.0,9.25,0.541,17.688,0.4547,22.0,3.0,20.0,1.364,3.5,0.4547285383871906,0.4547285383871906,0.5150141552987505,0.0627180706615261,0.4967473425991158,0.0,367.375,0
Singapore,2017,0,0,6.0,9.125,0.658,15.75,0.3783,21.0,4.0,10.5,1.092,2.533,0.3783167626834859,0.3783167626834859,0.2242339520526826,0.1569719468739474,0.4705795024909133,0.125,270.0,0
Singapore,2018,0,0,5.5,9.375,0.587,17.312,0.4244,17.0,7.0,18.0,1.154,2.9,0.4243698680952914,0.4243698680952914,0.5452436265164868,0.053001336926383,0.4536897223284338,0.0,335.75,0
Singapore,2019,0,0,4.875,9.625,0.506,18.312,0.4653,18.0,6.0,20.0,1.159,2.367,0.4652674991215761,0.4652674991215761,0.5152685177631103,0.0166853575462769,0.4772681404866112,0.0,407.25,0
Singapore,2020,0,0,7.25,8.5,0.853,14.438,0.3335,21.0,4.0,16.0,1.556,10.033,0.3334982610774837,0.3334982610774837,0.7180453507854218,0.0726585639874471,0.3780755932570472,0.25,181.0,0
Singapore,2021,0,0,6.625,8.75,0.757,15.188,0.3582,21.0,4.0,16.0,1.488,8.033,0.3582104945144702,0.3582104945144702,0.4554603987799268,0.0758117977533311,0.4155095056092697,0.25,227.25,0
Singapore,2022,0,0,5.375,9.25,0.581,17.5,0.4399,22.0,3.0,19.0,1.449,5.067,0.4398600529466207,0.4398600529466207,0.1694443665281265,0.1136153312568274,0.5074647732119516,0.0,358.75,0
Singapore,2023,0,0,6.0,9.375,0.64,16.562,0.3926,21.0,4.0,12.0,1.092,1.167,0.3925725009082784,0.3925725009082784,0.7717175701515511,0.1413821030194384,0.4652533884373092,0.0,302.5,0
Singapore,2024,0,0,4.25,9.75,0.436,19.688,0.5293,22.0,3.0,20.0,1.316,2.433,0.5292501522697259,0.5292501522697259,0.3235998788008892,0.0214025300493185,0.5503872266760075,0.0,512.0,0
Singapore,2025,0,0,4.25,9.75,0.436,19.688,0.5293,22.0,3.0,20.0,1.316,2.433,0.5292501522697259,0.5292501522697259,0.3248296766924852,0.0214025300493185,0.5503872266760075,0.0,512.0,0
South Africa,1900,0,0,9.0,5.5,1.636,3.875,0.1383,8.0,8.0,-3.5,1.0,1.667,0.1383468474283906,0.1383468474283906,,0.0911073388767063,0.1284301442325127,0.875,-60.75,0
South Africa,1901,0,0,8.0,6.0,1.333,5.875,0.1715,10.0,7.0,0.0,1.0,0.333,0.1715403848168611,0.1715403848168611,,0.1434923068636839,0.1496349910092075,0.75,-39.75,0
South Africa,1902,0,0,6.0,7.25,0.828,10.875,0.2781,13.5,6.0,6.5,0.833,-1.267,0.278104561821044,0.278104561821044,,0.0990594518489477,0.3055463443825343,0.125,60.25,0
South Africa,1903,0,0,5.625,7.75,0.726,12.25,0.3119,13.0,6.0,13.5,0.92,-0.133,0.3118870597909981,0.3118870597909981,,0.1293856154976217,0.3695695087314328,0.125,131.875,0
South Africa,1904,0,0,5.5,7.75,0.71,12.5,0.3209,13.0,6.0,13.5,0.952,0.267,0.3209080937174842,0.3209080937174842,,0.1063006481070376,0.3739816410288871,0.125,139.875,0
South Africa,1905,0,0,5.625,7.5,0.75,12.125,0.3155,13.0,6.0,10.0,0.92,-1.4,0.3155271136727058,0.3155271136727058,0.5803711779285247,0.1741419020005014,0.399072566571078,0.125,131.5,0
South Africa,1906,0,0,5.25,7.625,0.689,12.875,0.3408,14.0,5.0,10.0,0.926,-0.733,0.3408311130245576,0.3408311130245576,0.574872370896708,0.1461651630110925,0.4293047571452212,0.125,164.75,0
South Africa,1907,0,0,4.0,7.875,0.508,15.188,0.4362,16.5,4.0,15.5,1.0,-0.5,0.4361544635268046,0.4361544635268046,0.6033014580742215,0.1055906867539852,0.5197387104572112,0.125,262.625,0
South Africa,1908,0,0,3.5,8.0,0.438,15.875,0.4688,17.5,3.0,17.5,1.078,0.067,0.4687730599043342,0.4687730599043342,0.4987162952909377,0.1088862236029544,0.5483737478250758,0.0,298.375,0
South Africa,1909,0,0,2.75,8.5,0.324,17.562,0.5409,20.5,2.0,20.0,1.389,2.233,0.5408773182336626,0.5408773182336626,0.5006094063361938,0.0880456352196857,0.62672518470445,0.0,400.5,0
South Africa,1910,0,0,2.875,8.5,0.338,17.625,0.5438,20.5,2.0,20.5,1.528,2.867,0.5438327546504889,0.5438327546504889,0.4832741006407501,0.0709768783891265,0.6284330600048729,0.125,408.375,0
South Africa,1911,0,0,2.875,8.5,0.338,17.625,0.5438,20.5,2.0,20.5,1.528,2.867,0.5438327546504889,0.5438327546504889,0.3238160011470137,0.0709768783891265,0.6284330600048729,0.125,408.375,0
South Africa,1912,0,0,2.875,8.5,0.338,17.625,0.5438,20.5,2.0,20.5,1.528,2.867,0.5438327546504889,0.5438327546504889,0.1916444738159059,0.0709768783891265,0.6284330600048729,0.125,408.375,0
South Africa,1913,0,0,2.875,8.5,0.338,17.625,0.5438,20.5,2.0,20.5,1.528,2.867,0.5438327546504889,0.5438327546504889,0.1522992275768199,0.0709768783891265,0.6284330600048729,0.125,408.375,0
South Africa,1914,0,0,7.125,7.75,0.919,10.812,0.2567,12.0,7.0,10.0,0.769,-1.1,0.2566856876800872,0.2566856876800872,0.6410181512681143,0.2387672018970837,0.3145781201507541,0.25,48.25,0
South Africa,1915,0,0,5.5,8.25,0.667,13.5,0.3368,15.0,5.0,13.5,0.952,0.533,0.3368329777549699,0.3368329777549699,0.5290857716161449,0.0695230230895207,0.3797241701325496,0.125,164.625,0
South Africa,1916,0,0,5.5,8.25,0.667,13.5,0.3368,15.0,5.0,13.5,0.952,0.533,0.3368329777549699,0.3368329777549699,0.3827623065220789,0.0695230230895207,0.3797241701325496,0.125,164.625,0
South Africa,1917,0,0,5.625,8.25,0.682,13.375,0.3327,15.0,5.0,13.5,1.012,0.867,0.3327109997669081,0.3327109997669081,0.3723795589876891,0.0595033921547789,0.3728848733419488,0.125,161.5,0
South Africa,1918,0,0,4.5,8.0,0.562,14.75,0.405,16.0,4.0,14.5,1.061,0.4,0.4050391155779008,0.4050391155779008,0.2536918519141253,0.0701072278694135,0.4636936577723592,0.125,223.75,0
South Africa,1919,0,0,5.5,7.125,0.772,11.938,0.3232,13.0,5.0,11.5,1.049,-0.367,0.3231706790950087,0.3231706790950087,0.3044621029521391,0.0970268177313091,0.3631070820451377,0.125,96.75,0
South Africa,1920,0,0,5.625,7.125,0.789,11.812,0.3179,13.0,5.0,10.5,1.012,-0.567,0.317887640723472,0.317887640723472,0.3918425438951984,0.153437909106464,0.3667640356449275,0.125,90.625,0
South Africa,1921,0,0,6.25,6.625,0.943,9.938,0.2713,9.5,6.0,7.0,1.111,0.7,0.2713055509908629,0.2713055509908629,0.6975759383859186,0.0875636532411032,0.2744712101464002,0.25,26.875,0
South Africa,1922,0,0,8.375,6.75,1.241,7.5,0.1925,8.5,7.0,5.5,0.992,0.8,0.1924806585809588,0.1924806585809588,0.8298159536823186,0.1690758028294026,0.1715352501878907,0.75,-56.625,0
South Africa,1923,0,0,6.0,7.0,0.857,10.812,0.2855,12.0,6.0,9.5,1.0,1.033,0.2855135556438313,0.2855135556438313,0.351316999406342,0.1657408912861856,0.3186142497924504,0.125,52.125,0
South Africa,1924,0,0,4.375,7.5,0.583,13.812,0.3897,15.0,4.0,12.5,0.985,0.5,0.3897142209710695,0.3897142209710695,0.169764551687843,0.1118049649004668,0.4454770868721551,0.0,181.5,0
South Africa,1925,0,0,4.0,7.875,0.508,15.125,0.4337,15.0,4.0,16.0,0.873,-1.133,0.4336913947912301,0.4336913947912301,0.4765830184426174,0.134554455750694,0.5229565494476138,0.0,260.875,0
South Africa,1926,0,0,4.0,7.875,0.508,15.125,0.4337,15.0,4.0,16.0,0.873,-1.133,0.4336913947912301,0.4336913947912301,0.4677617937808533,0.134554455750694,0.5229565494476138,0.0,260.875,0
South Africa,1927,0,0,4.0,7.875,0.508,15.125,0.4337,15.0,4.0,16.0,0.873,-1.133,0.4336913947912301,0.4336913947912301,0.3400552703572906,0.134554455750694,0.5229565494476138,0.0,260.875,0
South Africa,1928,0,0,4.0,7.875,0.508,15.125,0.4337,15.0,4.0,16.0,0.873,-1.133,0.4336913947912301,0.4336913947912301,0.1763533984565098,0.134554455750694,0.5229565494476138,0.0,260.875,0
South Africa,1929,0,0,4.0,7.875,0.508,15.125,0.4337,15.0,4.0,16.0,0.873,-1.133,0.4336913947912301,0.4336913947912301,0.0750396915851558,0.134554455750694,0.5229565494476138,0.0,260.875,0
South Africa,1930,0,0,7.25,6.75,1.074,9.562,0.2462,11.0,7.0,10.5,1.176,2.767,0.2462056521226313,0.2462056521226313,0.6474428639167903,0.273125266283953,0.2314812853118817,0.375,-7.25,0
South Africa,1931,0,0,8.0,6.0,1.333,6.75,0.1928,7.5,8.0,7.0,1.14,2.8,0.192758575022975,0.192758575022975,0.3866583193923941,0.0865706355364218,0.1776233679213798,0.75,-58.125,0
South Africa,1932,0,0,8.0,6.0,1.333,6.75,0.1928,7.5,8.0,7.0,1.14,2.8,0.192758575022975,0.192758575022975,0.29420127044765,0.0865706355364218,0.1776233679213798,0.75,-58.125,0
South Africa,1933,0,0,5.625,7.125,0.789,11.438,0.3057,13.0,5.0,11.5,1.012,0.433,0.3056643607591996,0.3056643607591996,0.6931819439295168,0.0784633135989052,0.3317909512574524,0.125,77.0,0
South Africa,1934,0,0,3.25,8.5,0.382,17.312,0.5182,19.5,3.0,19.5,1.222,2.367,0.5182206626913759,0.5182206626913759,0.334204180201355,0.0655860662348668,0.5914405878911688,0.125,386.125,0
South Africa,1935,0,0,3.25,8.5,0.382,17.312,0.5182,19.5,3.0,19.5,1.222,2.367,0.5182206626913759,0.5182206626913759,0.985228445086152,0.0655860662348668,0.5914405878911688,0.125,386.125,0
South Africa,1936,0,0,3.25,8.5,0.382,17.312,0.5182,19.5,3.0,19.5,1.222,2.367,0.5182206626913759,0.5182206626913759,0.5470507663053744,0.0655860662348668,0.5914405878911688,0.125,386.125,0
South Africa,1937,0,0,3.25,8.5,0.382,17.312,0.5182,19.5,3.0,19.5,1.222,2.367,0.5182206626913759,0.5182206626913759,0.3584577900595377,0.0655860662348668,0.5914405878911688,0.125,386.125,0
South Africa,1938,0,0,3.25,8.5,0.382,17.312,0.5182,19.5,3.0,19.5,1.222,2.367,0.5182206626913759,0.5182206626913759,0.1793522501522553,0.0655860662348668,0.5914405878911688,0.125,386.125,0
South Africa,1939,0,0,5.375,8.25,0.652,14.188,0.3618,16.5,5.0,12.0,0.988,1.633,0.3617664591311169,0.3617664591311169,0.6922732019019409,0.0597166088474224,0.4117926132382192,0.125,189.5,0
South Africa,1940,0,0,5.25,8.5,0.618,14.688,0.371,16.5,5.0,14.0,1.026,1.367,0.370997770588977,0.370997770588977,0.4607362890066501,0.0585452859370082,0.4177343206754408,0.125,216.5,0
South Africa,1941,0,0,4.625,8.5,0.544,15.625,0.4189,18.5,4.0,14.0,1.014,1.267,0.4189117365075643,0.4189117365075643,0.2825113784873231,0.0704681285054229,0.4878398951140072,0.125,281.625,0
South Africa,1942,0,0,4.25,8.5,0.5,16.0,0.4385,18.5,4.0,15.0,1.032,1.333,0.4385318524454584,0.4385318524454584,0.1977969680091817,0.0735309531885526,0.50349875116344,0.125,298.5,0
South Africa,1943,0,0,4.25,8.5,0.5,16.0,0.4385,18.5,4.0,15.0,1.032,1.333,0.4385318524454584,0.4385318524454584,0.1825946449809952,0.0735309531885526,0.50349875116344,0.125,298.5,0
South Africa,1944,0,0,4.25,8.5,0.5,16.0,0.4385,18.5,4.0,15.0,1.032,1.333,0.4385318524454584,0.4385318524454584,0.1985340684572982,0.0735309531885526,0.50349875116344,0.125,298.5,0
South Africa,1945,0,0,4.375,8.375,0.522,15.562,0.4257,18.5,4.0,15.0,1.111,1.167,0.4257132506776538,0.4257132506776538,0.2093793991989956,0.0694520798289178,0.4905737852149448,0.125,279.875,0
South Africa,1946,0,0,6.125,7.0,0.875,10.812,0.2857,12.0,6.0,9.5,1.056,0.233,0.2857276685781625,0.2857276685781625,0.8422264309362688,0.1609336106858785,0.3227913793701082,0.125,66.25,0
South Africa,1947,0,0,6.125,7.0,0.875,10.812,0.2857,12.0,6.0,9.5,1.056,0.233,0.2857276685781625,0.2857276685781625,0.699726315098852,0.1609336106858785,0.3227913793701082,0.125,66.25,0
South Africa,1948,0,0,6.25,7.125,0.877,11.062,0.2893,14.0,6.0,7.5,1.207,4.367,0.2892775296938621,0.2892775296938621,1.2267150875678796,0.2159014429346661,0.3648060590698253,0.25,88.375,0
South Africa,1949,0,0,6.125,7.25,0.845,11.688,0.3036,14.0,6.0,10.5,1.25,5.367,0.3036171216287784,0.3036171216287784,0.9844283326973804,0.2159014429346661,0.3698511445838613,0.125,97.125,0
South Africa,1950,0,0,5.625,7.375,0.763,12.562,0.3331,15.0,5.0,13.5,1.458,6.767,0.3330784565960222,0.3330784565960222,0.834054107740683,0.1346870533722266,0.401523252875483,0.125,136.5,0
South Africa,1951,0,0,5.625,7.375,0.763,12.562,0.3331,15.0,5.0,13.5,1.458,6.767,0.3330784565960222,0.3330784565960222,0.6285091185642624,0.1346870533722266,0.401523252875483,0.125,136.5,0
South Africa,1952,0,0,5.625,7.375,0.763,12.562,0.3331,15.0,5.0,13.5,1.458,6.767,0.3330784565960222,0.3330784565960222,0.3388470392640556,0.1346870533722266,0.401523252875483,0.125,136.5,0
South Africa,1953,0,0,5.625,7.375,0.763,12.562,0.3331,15.0,5.0,13.5,1.458,6.767,0.3330784565960222,0.3330784565960222,0.0776163266061889,0.1346870533722266,0.401523252875483,0.125,136.5,0
South Africa,1954,0,0,5.625,7.375,0.763,12.562,0.3331,15.0,5.0,13.5,1.458,6.767,0.3330784565960222,0.3330784565960222,0.0515510001235126,0.1346870533722266,0.401523252875483,0.125,136.5,0
South Africa,1955,0,0,6.375,7.375,0.864,11.812,0.2995,14.0,6.0,12.5,1.369,6.633,0.2995186919789733,0.2995186919789733,0.4012414538736814,0.2788252577290894,0.3815341346056686,0.125,95.875,0
South Africa,1956,0,0,6.75,7.625,0.885,11.875,0.2885,14.0,6.0,13.0,1.237,6.733,0.2884786315820521,0.2884786315820521,0.2674914460077414,0.2504929755068283,0.3535912720278751,0.125,87.375,0
South Africa,1957,1,0,6.75,7.625,0.885,11.875,0.2885,14.0,6.0,13.0,1.237,6.733,0.2884786315820521,0.2884786315820521,0.1996400273430374,0.2504929755068283,0.3535912720278751,0.125,87.375,0
South Africa,1958,1,0,6.75,7.625,0.885,11.875,0.2885,14.0,6.0,13.0,1.237,6.733,0.2884786315820521,0.2884786315820521,0.1322769268660723,0.2504929755068283,0.3535912720278751,0.125,87.375,0
South Africa,1959,1,0,6.75,7.625,0.885,11.875,0.2885,14.0,6.0,13.0,1.237,6.733,0.2884786315820521,0.2884786315820521,0.066894007789361,0.2504929755068283,0.3535912720278751,0.125,87.375,0
South Africa,1960,0,1,9.125,7.0,1.304,7.812,0.1819,12.0,8.0,12.0,1.037,9.567,0.1819432338283559,0.1819432338283559,0.805548750567099,0.1640043411495951,0.1552098938732143,0.75,-52.375,0
South Africa,1961,0,0,6.875,7.75,0.887,12.0,0.2878,17.5,5.0,15.0,1.389,10.133,0.287829305994741,0.287829305994741,0.3470618691888978,0.1862358461914059,0.3742525416602142,0.25,120.375,0
South Africa,1962,0,0,6.0,8.125,0.738,13.625,0.3388,18.5,4.0,16.0,1.533,9.0,0.3387776816221156,0.3387776816221156,0.4549153762867814,0.1133756554105674,0.4276753262496209,0.125,202.125,0
South Africa,1963,0,0,6.0,8.125,0.738,13.625,0.3388,18.5,4.0,16.0,1.533,9.0,0.3387776816221156,0.3387776816221156,0.3464818902205331,0.1133756554105674,0.4276753262496209,0.125,202.125,0
South Africa,1964,0,0,5.125,8.125,0.631,14.75,0.3942,19.5,3.0,17.5,1.75,8.933,0.3942390609878901,0.3942390609878901,0.397819991218317,0.0841823791703876,0.4884109738518505,0.125,269.5,0
South Africa,1965,0,0,4.75,8.125,0.585,15.125,0.4154,19.5,3.0,18.5,1.852,9.0,0.4153689283263527,0.4153689283263527,0.3872212006432996,0.0681880717841671,0.5023261804893566,0.125,294.375,0
South Africa,1966,0,0,4.25,8.375,0.507,16.312,0.4628,19.5,3.0,19.5,1.875,7.167,0.4628000230808672,0.4628000230808672,0.5497208470482756,0.0459389979713306,0.5434891637868111,0.125,371.25,0
South Africa,1967,0,0,4.25,8.375,0.507,16.312,0.4628,19.5,3.0,19.5,1.875,7.167,0.4628000230808672,0.4628000230808672,0.3954877444391104,0.0459389979713306,0.5434891637868111,0.125,371.25,0
South Africa,1968,0,0,4.25,8.375,0.507,16.312,0.4628,19.5,3.0,19.5,1.875,7.167,0.4628000230808672,0.4628000230808672,0.2650819505992416,0.0459389979713306,0.5434891637868111,0.125,371.25,0
South Africa,1969,0,0,4.25,8.375,0.507,16.312,0.4628,19.5,3.0,19.5,1.875,7.167,0.4628000230808672,0.4628000230808672,0.1362106683148969,0.0459389979713306,0.5434891637868111,0.125,371.25,0
South Africa,1970,0,0,4.25,8.375,0.507,16.312,0.4628,19.5,3.0,19.5,1.875,7.167,0.4628000230808672,0.4628000230808672,0.0592899768003574,0.0459389979713306,0.5434891637868111,0.125,371.25,0
South Africa,1971,0,0,5.125,7.625,0.672,13.562,0.3664,16.0,4.0,15.0,1.439,4.633,0.3663867053057947,0.3663867053057947,0.314024940014843,0.0321671079078934,0.4050094472328926,0.125,175.0,0
South Africa,1972,0,0,5.125,7.625,0.672,13.562,0.3664,16.0,4.0,15.0,1.439,4.633,0.3663867053057947,0.3663867053057947,0.2512199520118744,0.0321671079078934,0.4050094472328926,0.125,175.0,0
South Africa,1973,1,0,6.5,7.25,0.897,11.125,0.2809,14.5,5.0,14.0,1.322,5.533,0.2808839403960415,0.2808839403960415,0.6322487621506342,0.1776174035732085,0.3059185842999775,0.125,59.125,0
South Africa,1974,1,0,7.0,7.25,0.966,10.625,0.2608,13.5,6.0,13.0,1.162,4.733,0.2608272368605302,0.2608272368605302,0.5782098939195229,0.1662150635183078,0.2625048349032282,0.125,32.125,0
South Africa,1975,1,0,7.125,7.25,0.983,10.562,0.2579,14.0,6.0,12.5,1.127,4.633,0.2578737025492599,0.2578737025492599,0.4397765354003781,0.2591057208321137,0.2621973040190625,0.125,29.0,0
South Africa,1976,0,1,8.75,6.375,1.373,6.812,0.1791,8.5,9.0,7.5,0.985,4.233,0.1790893315210893,0.1790893315210893,0.32083083434067,0.0917154357831099,0.1764641123541755,0.875,-71.875,0
South Africa,1977,0,0,6.75,7.125,0.947,10.812,0.2726,14.0,6.0,13.0,1.061,3.967,0.2725946432678197,0.2725946432678197,0.2520475377794142,0.0573127026757033,0.2832282952432011,0.25,46.25,0
South Africa,1978,0,0,6.75,7.125,0.947,10.812,0.2726,14.0,6.0,13.0,1.061,3.967,0.2725946432678197,0.2725946432678197,0.1374717651904909,0.0573127026757033,0.2832282952432011,0.25,46.25,0
South Africa,1979,0,0,6.75,7.125,0.947,10.812,0.2726,14.0,6.0,13.0,1.061,3.967,0.2725946432678197,0.2725946432678197,0.1091005039953266,0.0573127026757033,0.2832282952432011,0.25,46.25,0
South Africa,1980,0,0,6.75,7.125,0.947,10.812,0.2726,14.0,6.0,13.0,1.061,3.967,0.2725946432678197,0.2725946432678197,0.0917388629961011,0.0573127026757033,0.2832282952432011,0.25,46.25,0
South Africa,1981,0,0,6.75,7.125,0.947,10.812,0.2726,14.0,6.0,13.0,1.061,3.967,0.2725946432678197,0.2725946432678197,0.0752024686157926,0.0573127026757033,0.2832282952432011,0.25,46.25,0
South Africa,1982,0,0,6.75,7.125,0.947,10.812,0.2726,14.0,6.0,13.0,1.061,3.967,0.2725946432678197,0.2725946432678197,0.0,0.0573127026757033,0.2832282952432011,0.25,46.25,0
South Africa,1983,0,0,6.75,7.125,0.947,10.812,0.2726,14.0,6.0,13.0,1.061,3.967,0.2725946432678197,0.2725946432678197,0.0,0.0573127026757033,0.2832282952432011,0.25,46.25,0
South Africa,1984,0,0,8.375,6.625,1.264,8.0,0.2032,9.5,8.0,8.5,1.057,3.467,0.2032309397219756,0.2032309397219756,0.5770669257866831,0.0097800506610553,0.1989936472668622,0.875,-59.375,0
South Africa,1985,0,0,9.25,6.125,1.51,5.875,0.1645,8.5,9.0,7.5,1.014,3.8,0.1645402839398199,0.1645402839398199,0.3183933717182562,0.0696235531801469,0.1551879000521743,0.875,-95.625,0
South Africa,1986,0,0,9.25,6.125,1.51,5.875,0.1645,8.5,9.0,7.5,1.014,3.8,0.1645402839398199,0.1645402839398199,0.235677359877664,0.0696235531801469,0.1551879000521743,0.875,-95.625,0
South Africa,1987,0,0,9.25,6.125,1.51,5.875,0.1645,8.5,9.0,7.5,1.014,3.8,0.1645402839398199,0.1645402839398199,0.1536381967545462,0.0696235531801469,0.1551879000521743,0.875,-95.625,0
South Africa,1988,0,0,8.375,6.75,1.241,8.312,0.2067,9.5,8.0,11.0,1.057,3.967,0.2067255749497566,0.2067255749497566,0.2505960561363248,0.0084946830783593,0.2020060223252261,0.875,-55.125,0
South Africa,1989,0,0,7.5,7.0,1.071,9.625,0.2398,10.0,8.0,8.5,1.036,1.533,0.2397952274172221,0.2397952274172221,0.2992554715481844,0.2361954127425758,0.2272469865713523,0.5,-19.5,0
South Africa,1990,0,0,7.625,6.75,1.13,9.0,0.2303,13.5,7.0,5.5,1.009,1.6,0.2303113732717285,0.2303113732717285,0.266280654190222,0.1113165520619374,0.2386227487043084,0.625,-14.125,0
South Africa,1991,0,0,8.5,5.875,1.447,6.188,0.1819,10.0,8.0,2.0,0.969,0.833,0.1818934979782972,0.1818934979782972,0.2444225032998322,0.1500549533151024,0.1503686198866514,0.75,-67.0,0
South Africa,1992,0,0,8.25,6.125,1.347,6.875,0.1934,13.5,7.0,2.0,1.016,1.933,0.1934478687580902,0.1934478687580902,0.0874154915794852,0.0765878460640083,0.1911825917796735,0.625,-33.0,0
South Africa,1993,0,0,6.5,7.5,0.867,11.375,0.2835,17.5,5.0,8.5,0.96,0.867,0.2835250330142348,0.2835250330142348,1.0540811640056154,0.2031771598241747,0.3609821567675001,0.5,87.75,0
South Africa,1994,0,0,3.375,8.5,0.397,17.562,0.5208,20.5,2.0,19.5,1.333,1.967,0.5208420313601687,0.5208420313601687,0.2751856310340532,0.0358360253868963,0.5534736583305556,0.0,362.5,0
South Africa,1995,0,0,3.5,8.5,0.412,17.438,0.5111,20.5,2.0,19.5,1.25,1.767,0.5110619359565168,0.5110619359565168,0.1642639052684087,0.0315273523361482,0.5373184629879767,0.0,352.375,0
South Africa,1996,0,0,3.5,8.5,0.412,17.438,0.5111,20.5,2.0,19.5,1.25,1.767,0.5110619359565168,0.5110619359565168,0.1343416604147876,0.0315273523361482,0.5373184629879767,0.0,352.375,0
South Africa,1997,0,0,3.5,8.5,0.412,17.438,0.5111,20.5,2.0,19.5,1.25,1.767,0.5110619359565168,0.5110619359565168,0.1292117480010332,0.0315273523361482,0.5373184629879767,0.0,352.375,0
South Africa,1998,0,0,3.5,8.5,0.412,17.438,0.5111,20.5,2.0,19.5,1.25,1.767,0.5110619359565168,0.5110619359565168,0.1551326713971997,0.0315273523361482,0.5373184629879767,0.0,352.375,0
South Africa,1999,0,0,5.125,7.75,0.661,13.812,0.3675,16.0,4.0,15.0,1.304,3.167,0.3675096307446605,0.3675096307446605,0.4826924585658115,0.0675630354276134,0.3946473533505668,0.0,151.875,0
South Africa,2000,0,0,5.125,7.75,0.661,13.812,0.3675,16.0,4.0,15.0,1.304,3.167,0.3675096307446605,0.3675096307446605,0.3880079556894943,0.0675630354276134,0.3946473533505668,0.0,151.875,0
South Africa,2001,0,0,5.125,7.75,0.661,13.812,0.3675,16.0,4.0,15.0,1.304,3.167,0.3675096307446605,0.3675096307446605,0.2910059667671207,0.0675630354276134,0.3946473533505668,0.0,151.875,0
South Africa,2002,0,0,4.75,8.125,0.585,14.938,0.3996,16.0,4.0,15.0,1.212,2.033,0.3995583022898002,0.3995583022898002,0.4465153613072762,0.0258008061538528,0.414332565884788,0.0,203.625,0
South Africa,2003,0,0,4.5,8.375,0.537,15.625,0.4206,16.0,4.0,15.0,1.061,0.2,0.4206317941845512,0.4206317941845512,0.6226414873683479,0.0270727733886783,0.4360780554572689,0.0,241.25,0
South Africa,2004,0,0,4.5,8.375,0.537,15.625,0.4206,16.0,4.0,15.0,1.061,0.2,0.4206317941845512,0.4206317941845512,0.5316122847041626,0.0270727733886783,0.4360780554572689,0.0,241.25,0
South Africa,2005,0,0,4.625,8.375,0.552,15.312,0.4075,16.0,4.0,12.5,1.014,-0.3,0.4075340461457132,0.4075340461457132,0.4813169730732357,0.0408293749196675,0.4315299770454415,0.0,229.5,0
South Africa,2006,0,0,5.375,7.875,0.683,13.75,0.3557,15.0,5.0,10.5,0.988,-0.133,0.3557183425559675,0.3557183425559675,0.2014359745545098,0.0731408824822037,0.3750453611797673,0.0,141.625,0
South Africa,2007,0,0,6.375,7.0,0.911,10.688,0.2779,10.5,7.0,7.0,0.99,0.033,0.277932266189176,0.277932266189176,0.7284808589651937,0.2176156141826621,0.2992494368719025,0.125,34.875,0
South Africa,2008,0,0,7.625,6.125,1.245,7.375,0.2065,7.5,8.0,4.0,1.009,0.867,0.2064812898449848,0.2064812898449848,0.4298784886427169,0.1040700239693925,0.1919174543787948,0.75,-46.25,0
South Africa,2009,0,0,6.75,6.625,1.019,9.25,0.2458,11.5,6.0,9.5,1.146,3.333,0.2458366621585943,0.2458366621585943,0.2351228777282876,0.1429891598852023,0.250120708038164,0.375,2.25,0
South Africa,2010,0,0,6.25,7.0,0.893,10.938,0.285,11.5,6.0,10.5,1.022,0.433,0.2850381828877479,0.2850381828877479,0.1385148661020127,0.1395697002564356,0.2992949928825936,0.0,35.0,0
South Africa,2011,0,0,6.25,7.0,0.893,10.938,0.285,11.5,6.0,10.5,1.022,0.433,0.2850381828877479,0.2850381828877479,0.1810952765140184,0.1395697002564356,0.2992949928825936,0.0,35.0,0
South Africa,2012,0,0,7.5,5.875,1.277,7.0,0.2037,8.5,7.0,7.0,1.036,1.6,0.2036940460133406,0.2036940460133406,0.1715515665230561,0.0200844288787978,0.1962360984004255,1.0,-47.75,0
South Africa,2013,0,0,7.5,5.875,1.277,7.0,0.2037,8.5,7.0,7.0,1.036,1.6,0.2036940460133406,0.2036940460133406,0.2214692521522966,0.0200844288787978,0.1962360984004255,1.0,-47.75,0
South Africa,2014,0,0,8.25,5.125,1.61,4.375,0.1593,5.0,8.0,3.5,1.016,1.133,0.1593209014160102,0.1593209014160102,0.1643851052273574,0.0058551604099501,0.1594018725329832,1.0,-76.75,0
South Africa,2015,0,0,9.125,4.375,2.086,1.688,0.121,1.5,9.0,0.0,0.978,0.567,0.1210175351292862,0.1210175351292862,0.116702866562359,0.0045627530519791,0.1214223901176377,1.0,-86.25,0
South Africa,2016,0,0,9.0,4.25,2.118,1.312,0.1164,-2.0,10.0,-1.5,1.0,-0.033,0.1163988963556039,0.1163988963556039,0.2111655432576108,0.006568216980323,0.1178332930994998,1.0,-74.0,0
South Africa,2017,0,0,9.0,4.25,2.118,1.312,0.1164,-2.0,10.0,-1.5,1.0,-0.033,0.1163988963556039,0.1163988963556039,0.2472034658431337,0.006568216980323,0.1178332930994998,1.0,-74.0,0
South Africa,2018,1,0,7.375,5.5,1.341,6.062,0.1901,7.0,8.0,6.0,0.991,2.233,0.1900524024010956,0.1900524024010956,0.2075990339482328,0.012658320159383,0.1885903645549065,1.0,-50.25,0
South Africa,2019,1,0,6.625,6.125,1.082,8.562,0.2411,10.5,7.0,8.5,1.01,2.5,0.2411348401077179,0.2411348401077179,0.1752807912497823,0.3449131826034857,0.2219448255809544,0.375,-8.0,1
South Africa,2020,1,0,8.5,5.625,1.511,5.188,0.1657,7.5,8.0,7.5,1.167,5.367,0.1656757865729847,0.1656757865729847,0.2432283405136966,0.0836374538093741,0.1559153229128002,0.875,-66.0,1
South Africa,2021,0,1,9.75,4.125,2.364,0.188,0.0989,0.0,10.0,0.0,1.042,2.433,0.0988635776375421,0.0988635776375421,0.5989750998970261,0.0299852801831402,0.1068997659478281,1.0,-83.25,1
South Africa,2022,0,0,8.875,4.25,2.088,1.5,0.1192,1.0,9.0,1.0,1.085,2.133,0.1191876600734348,0.1191876600734348,0.0728485257158,0.004560876264478,0.119971941629773,1.0,-73.625,0
South Africa,2023,0,0,9.75,3.25,3.0,-1.875,0.0792,-2.5,10.0,-2.5,1.042,1.8,0.0791861174795453,0.0791861174795453,0.3178622474953547,0.0139731242718482,0.0822436970709025,1.0,-60.375,0
South Africa,2024,0,0,9.75,3.25,3.0,-1.875,0.0792,-2.5,10.0,-2.5,1.042,1.8,0.0791861174795453,0.0791861174795453,0.2152020714542206,0.0139731242718482,0.0822436970709025,1.0,-60.375,0
South Africa,2025,0,0,9.75,3.25,3.0,-1.875,0.0792,-2.5,10.0,-2.5,1.042,1.8,0.0791861174795453,0.0791861174795453,0.1011373810164517,0.0139731242718482,0.0822436970709025,1.0,-60.375,0
Sweden,1900,0,0,4.0,7.25,0.552,14.688,0.4415,18.5,3.0,14.0,1.14,1.1,0.4415090678035034,0.4415090678035034,,0.1037946820805895,0.492456185252154,0.0,212.0,0
Sweden,1901,0,0,4.0,7.375,0.542,15.0,0.4493,18.5,3.0,14.0,1.14,1.6,0.4492859111641171,0.4492859111641171,,0.0947756350639421,0.5006298417390137,0.0,225.625,0
Sweden,1902,0,0,4.25,7.375,0.576,14.5,0.4277,18.5,3.0,12.0,1.167,1.867,0.4276580686689775,0.4276580686689775,,0.0829823110046236,0.4905533480181646,0.125,212.875,0
Sweden,1903,0,0,3.875,7.375,0.525,15.25,0.462,18.5,3.0,14.0,1.204,2.0,0.461965829373834,0.461965829373834,,0.1004959609312173,0.5215495817274893,0.0,240.25,0
Sweden,1904,0,0,3.875,7.375,0.525,15.625,0.4765,18.5,3.0,14.0,1.204,1.0,0.4764523645442429,0.4764523645442429,,0.1026982255738864,0.5418462411314057,0.0,259.375,0
Sweden,1905,0,0,4.5,7.5,0.6,14.75,0.4278,18.5,3.0,9.0,0.942,-0.4,0.4277579868023029,0.4277579868023029,0.2220161581484709,0.1813599984472809,0.5364190675785623,0.0,227.375,0
Sweden,1906,0,0,3.75,7.625,0.492,16.312,0.4961,18.5,3.0,14.0,1.275,0.767,0.4961167436348562,0.4961167436348562,0.3445433636523206,0.0531071618675903,0.5357402356058857,0.0,283.5,0
Sweden,1907,0,0,3.75,8.0,0.469,16.812,0.5007,18.5,3.0,16.0,1.275,0.5,0.5007323549800636,0.5007323549800636,0.2516354482678806,0.0511144429958346,0.5370130400485241,0.0,314.75,0
Sweden,1908,0,0,4.0,8.0,0.5,16.312,0.4776,18.5,3.0,14.0,1.296,0.767,0.4776181129788857,0.4776181129788857,0.1764867023220927,0.0887461439344168,0.5380925065980424,0.0,297.625,0
Sweden,1909,0,0,6.75,6.875,0.982,10.312,0.2831,18.5,3.0,10.0,1.667,8.233,0.2831013315920667,0.2831013315920667,0.7618981276735637,0.1683668777531457,0.3681747859458031,0.5,67.375,0
Sweden,1910,0,0,4.0,7.75,0.516,16.062,0.4751,18.5,3.0,16.0,1.471,2.5,0.475120852057428,0.475120852057428,0.1997630169958813,0.0458340587962942,0.5080381292243079,0.0,266.375,0
Sweden,1911,0,0,4.0,7.75,0.516,16.062,0.4751,18.5,3.0,16.0,1.471,2.5,0.475120852057428,0.475120852057428,0.1121512214892121,0.0458340587962942,0.5080381292243079,0.0,266.375,0
Sweden,1912,0,0,3.75,7.75,0.484,16.562,0.5007,18.5,3.0,16.0,1.275,1.167,0.5007323549800636,0.5007323549800636,0.1918119738341908,0.0454285290244286,0.5359799959982224,0.0,294.5,0
Sweden,1913,0,0,3.75,7.75,0.484,16.562,0.5007,18.5,3.0,16.0,1.275,1.167,0.5007323549800636,0.5007323549800636,0.2085980653237035,0.0454285290244286,0.5359799959982224,0.0,294.5,0
Sweden,1914,0,0,5.375,7.75,0.694,14.312,0.3823,17.5,4.0,10.0,1.09,1.833,0.382326889223729,0.382326889223729,0.5176839710991594,0.1520808549162878,0.4431974701008111,0.0,172.0,0
Sweden,1915,0,0,5.5,7.625,0.721,14.062,0.3774,17.5,4.0,12.0,1.389,5.167,0.3774248075533611,0.3774248075533611,0.3307939611697979,0.0834292092208143,0.4273604322164832,0.25,164.25,0
Sweden,1916,0,0,6.0,7.5,0.8,13.375,0.354,17.5,4.0,11.0,1.533,7.267,0.3540403340031252,0.3540403340031252,0.4330359323005871,0.1056903067337899,0.4112115568067366,0.25,145.5,0
Sweden,1917,0,0,7.625,6.5,1.173,9.5,0.2566,16.5,5.0,6.0,1.324,8.0,0.256561325267878,0.256561325267878,0.6712390721353784,0.0936966698242872,0.2641651463009266,0.5,7.5,0
Sweden,1918,0,0,7.5,6.75,1.111,10.312,0.2669,15.5,6.0,11.5,1.275,7.167,0.2669368083643984,0.2669368083643984,0.6308836727686372,0.0859786422658469,0.2639634804942413,0.5,-10.375,0
Sweden,1919,0,0,5.625,7.125,0.789,13.625,0.3756,16.5,5.0,15.5,1.333,4.733,0.3756429233668023,0.3756429233668023,0.3325902120379872,0.0858614205841864,0.4125439226631524,0.25,117.0,0
Sweden,1920,0,0,4.625,7.625,0.607,15.375,0.4385,17.5,4.0,16.5,1.417,2.733,0.4385312108997328,0.4385312108997328,0.456935979724698,0.0606273994939264,0.4694028757900257,0.0,217.25,0
Sweden,1921,0,0,3.625,8.125,0.446,17.25,0.5165,19.5,3.0,19.5,1.354,1.467,0.516483070009109,0.516483070009109,0.2799180919465998,0.0233141958155991,0.5333315748532785,0.0,336.625,0
Sweden,1922,0,0,3.875,7.625,0.508,16.0,0.4819,19.5,3.0,12.5,1.204,0.533,0.4818702502322927,0.4818702502322927,0.3867192197073533,0.0551347006723007,0.5143684183659495,0.0,272.375,0
Sweden,1923,0,0,3.875,7.625,0.508,16.0,0.4819,19.5,3.0,12.5,1.204,0.533,0.4818702502322927,0.4818702502322927,0.2993538225326991,0.0551347006723007,0.5143684183659495,0.0,272.375,0
Sweden,1924,0,0,3.875,7.625,0.508,16.125,0.4861,19.5,3.0,12.5,1.204,0.2,0.486103210871812,0.486103210871812,0.3799643906980692,0.0550797003522575,0.5192033342535997,0.0,276.875,0
Sweden,1925,0,0,3.875,7.625,0.508,16.0,0.4811,19.5,3.0,12.5,1.204,0.0,0.4810599142754445,0.4810599142754445,0.2482453687013731,0.0586817408320261,0.5164514044143678,0.0,273.875,0
Sweden,1926,0,0,3.75,7.875,0.476,16.312,0.4883,19.5,3.0,11.5,1.111,-1.367,0.4883100422599331,0.4883100422599331,0.2884325021591276,0.075499086711529,0.5370475441709267,0.0,308.75,0
Sweden,1927,0,0,3.75,7.875,0.476,16.312,0.4883,19.5,3.0,11.5,1.111,-1.367,0.4883100422599331,0.4883100422599331,0.1767165414413889,0.075499086711529,0.5370475441709267,0.0,308.75,0
Sweden,1928,0,0,3.625,8.0,0.453,16.812,0.5053,19.5,3.0,12.5,1.019,-2.167,0.5053434699109718,0.5053434699109718,0.275570944138451,0.0518337128597701,0.5378493635585069,0.0,329.0,0
Sweden,1929,0,0,3.375,8.0,0.422,17.062,0.5224,19.5,3.0,13.5,0.98,-2.3,0.5224121734563363,0.5224121734563363,0.2420579307662792,0.0445377346267396,0.5505683268112228,0.0,345.875,0
Sweden,1930,0,0,4.0,8.125,0.492,16.562,0.4799,19.5,3.0,12.5,1.14,-1.5,0.4799348341223883,0.4799348341223883,0.1440029523929235,0.060269463872646,0.5151015429219689,0.0,310.875,0
Sweden,1931,0,0,5.25,7.75,0.677,14.188,0.3861,19.5,3.0,10.5,1.377,2.167,0.3861417979479903,0.3861417979479903,0.6220676249084895,0.1462839307853968,0.4636806470689869,0.125,187.875,0
Sweden,1932,0,0,6.125,7.0,0.875,12.0,0.3344,19.0,4.0,12.5,1.474,6.133,0.3344288909985989,0.3344288909985989,0.6548700461150027,0.1333805708436897,0.3980884270780714,0.375,109.0,0
Sweden,1933,0,0,4.5,7.5,0.6,15.0,0.4372,19.5,3.0,16.5,1.491,3.733,0.4372335872389598,0.4372335872389598,0.8107045242730918,0.1160244336883599,0.5014710405842523,0.125,220.625,0
Sweden,1934,0,0,3.625,7.875,0.46,16.75,0.5074,19.5,3.0,17.5,1.354,1.733,0.507385956876858,0.507385956876858,0.5281550879088874,0.039450997974623,0.5289359338050033,0.0,311.75,0
Sweden,1935,0,0,3.5,8.0,0.438,17.125,0.5201,19.5,3.0,17.5,1.25,0.733,0.520091335457632,0.520091335457632,0.4045982935338939,0.0233154702959702,0.5316815578513271,0.0,332.0,0
Sweden,1936,0,0,3.375,8.375,0.403,17.75,0.5341,19.5,3.0,19.5,1.146,0.667,0.5341388445637747,0.5341388445637747,0.3909313479157941,0.0222577171368425,0.5491478189745649,0.0,375.0,0
Sweden,1937,0,0,3.125,8.625,0.362,18.562,0.5655,19.5,3.0,19.5,1.111,0.1,0.5654774955885633,0.5654774955885633,0.4214594550805822,0.0183487031983493,0.5786734019440638,0.0,431.25,0
Sweden,1938,0,0,3.0,8.875,0.338,19.25,0.5885,19.5,3.0,19.5,1.0,-0.667,0.5885251195466512,0.5885251195466512,0.3508803542247007,0.004271761908152,0.5913879905292276,0.0,472.0,0
Sweden,1939,0,0,4.25,8.625,0.493,17.812,0.5028,20.0,4.0,18.5,1.316,2.9,0.5028485266677798,0.5028485266677798,0.2445267549037618,0.0699461050516196,0.5433516871989115,0.0,373.0,0
Sweden,1940,0,0,5.875,8.5,0.691,15.562,0.3925,20.0,5.0,16.5,1.346,6.233,0.3924661007891704,0.3924661007891704,0.4883386018403312,0.0547286657042149,0.4344067169628512,0.125,263.125,0
Sweden,1941,0,0,5.75,8.5,0.676,15.688,0.397,20.0,5.0,15.5,1.282,5.367,0.3970404757797537,0.3970404757797537,0.399158160255927,0.0552427646350242,0.4352620533106681,0.125,258.5,0
Sweden,1942,0,0,5.0,8.625,0.58,16.812,0.4468,21.0,4.0,17.5,1.364,5.033,0.446846973475501,0.446846973475501,0.2609993221846163,0.0549803094752979,0.4897280457558096,0.125,321.25,0
Sweden,1943,0,0,4.0,9.0,0.444,18.688,0.5306,22.0,3.0,18.5,1.471,4.833,0.5306024634757601,0.5306024634757601,0.2526667721151153,0.0553877522894052,0.5799791385577843,0.125,448.75,0
Sweden,1944,0,0,3.875,8.5,0.456,17.375,0.4993,19.5,3.0,16.5,1.204,1.667,0.4992844194752316,0.4992844194752316,0.1729271506802712,0.0211314749449059,0.5151329959142125,0.0,344.75,0
Sweden,1945,0,0,3.125,8.875,0.352,18.875,0.5675,19.5,3.0,19.5,1.111,0.333,0.5675091417128898,0.5675091417128898,0.475549268439961,0.0050889812012068,0.5719781116875545,0.0,442.75,0
Sweden,1946,0,0,3.25,8.875,0.366,18.812,0.5611,20.0,3.0,16.5,1.042,-0.833,0.5610695063304488,0.5610695063304488,0.3988831116016297,0.014550984226766,0.5721194743413418,0.0,442.75,0
Sweden,1947,0,0,3.0,9.0,0.333,19.75,0.6065,20.0,3.0,17.5,1.0,-0.933,0.6064988812154297,0.6064988812154297,0.3588898175583111,0.0076932549152098,0.6112800792510776,0.0,517.25,0
Sweden,1948,0,0,2.625,9.25,0.284,20.688,0.654,23.0,2.0,19.5,0.833,-0.767,0.6539885434384638,0.6539885434384638,0.2200647848180735,0.0094517840683746,0.6643827044912494,0.0,594.875,0
Sweden,1949,0,0,2.25,9.5,0.237,21.625,0.7033,23.0,2.0,21.0,0.833,-0.867,0.7033352532148855,0.7033352532148855,0.1775979463493535,0.0087040234751815,0.7133532906839599,0.0,677.875,0
Sweden,1950,0,0,2.25,9.5,0.237,21.625,0.7033,23.0,2.0,21.0,0.833,-0.867,0.7033352532148855,0.7033352532148855,0.1327896366867383,0.0087040234751815,0.7133532906839599,0.0,677.875,0
Sweden,1951,0,0,2.25,9.625,0.234,21.812,0.7069,23.0,2.0,21.0,0.833,-0.567,0.7069282196162444,0.7069282196162444,0.1171506213632515,0.0058597478826228,0.7137274922095539,0.0,695.875,0
Sweden,1952,0,0,2.25,9.625,0.234,21.812,0.7069,23.0,2.0,21.0,0.833,-0.567,0.7069282196162444,0.7069282196162444,0.0705793025996189,0.0058597478826228,0.7137274922095539,0.0,695.875,0
Sweden,1953,0,0,2.25,9.625,0.234,21.812,0.7069,23.0,2.0,21.0,0.833,-0.567,0.7069282196162444,0.7069282196162444,0.0532209683736061,0.0058597478826228,0.7137274922095539,0.0,695.875,0
Sweden,1954,0,0,2.25,9.625,0.234,21.812,0.7069,23.0,2.0,21.0,0.833,-0.567,0.7069282196162444,0.7069282196162444,0.03433010428453,0.0058597478826228,0.7137274922095539,0.0,695.875,0
Sweden,1955,0,0,2.25,9.5,0.237,21.688,0.7069,23.0,2.0,21.0,0.833,-0.767,0.7069282196162444,0.7069282196162444,0.0338154932645432,0.007271127883814,0.7151562516940521,0.0,684.625,0
Sweden,1956,0,0,2.375,9.5,0.25,21.438,0.6897,23.0,2.0,19.0,0.769,-1.167,0.6896844907993489,0.6896844907993489,0.0932923234809341,0.0101725379315501,0.7020784944290217,0.0,665.875,0
Sweden,1957,0,0,2.25,9.625,0.234,21.812,0.7069,23.0,2.0,22.0,0.833,-0.567,0.7069282196162444,0.7069282196162444,0.073083338457764,0.0069742050167374,0.7151428891576486,0.0,695.875,0
Sweden,1958,0,0,2.25,9.75,0.231,21.938,0.7069,23.0,2.0,22.0,0.833,-0.367,0.7069282196162444,0.7069282196162444,0.0575522952837063,0.0054663089089228,0.7137307548690123,0.0,707.125,0
Sweden,1959,0,0,2.25,9.875,0.228,22.188,0.7125,23.0,2.0,23.0,0.833,-0.5,0.7125004511572941,0.7125004511572941,0.0842536425450469,0.0045795535761422,0.7194394737917658,0.0,727.25,0
Sweden,1960,0,0,2.25,9.875,0.228,22.188,0.7125,23.0,2.0,23.0,0.833,-0.5,0.7125004511572941,0.7125004511572941,0.0686605858566715,0.0045795535761422,0.7194394737917658,0.0,727.25,0
Sweden,1961,0,0,2.25,9.875,0.228,22.375,0.722,23.0,2.0,23.0,0.833,-1.0,0.7219581602633034,0.7219581602633034,0.0989712989714314,0.0042269874082452,0.7287484437536332,0.0,746.25,0
Sweden,1962,0,0,2.25,9.875,0.228,22.375,0.722,23.0,2.0,23.0,0.833,-1.0,0.7219581602633034,0.7219581602633034,0.0717029177731605,0.0042269874082452,0.7287484437536332,0.0,746.25,0
Sweden,1963,0,0,2.25,9.875,0.228,22.375,0.722,23.0,2.0,23.0,0.833,-1.0,0.7219581602633034,0.7219581602633034,0.0501271774046803,0.0042269874082452,0.7287484437536332,0.0,746.25,0
Sweden,1964,0,0,2.25,9.875,0.228,22.375,0.722,23.0,2.0,23.0,0.833,-1.0,0.7219581602633034,0.7219581602633034,0.0278757722436135,0.0042269874082452,0.7287484437536332,0.0,746.25,0
Sweden,1965,0,0,2.75,9.625,0.286,21.375,0.6632,23.0,2.0,20.0,1.154,0.067,0.6631720317390157,0.6631720317390157,0.1522774367532021,0.0060173850759809,0.6700272341062254,0.0,656.25,0
Sweden,1966,0,0,3.25,9.625,0.338,20.5,0.6054,23.0,2.0,18.0,1.042,-0.8,0.605419176297036,0.605419176297036,0.2121599415474991,0.0145754187420219,0.6225402389943304,0.0,588.75,0
Sweden,1967,0,0,3.75,9.625,0.39,19.625,0.5542,23.0,2.0,17.0,0.965,-1.133,0.5541806720946486,0.5541806720946486,0.324505073564443,0.0304270749588587,0.5911122134258152,0.0,527.5,0
Sweden,1968,0,0,3.75,9.625,0.39,19.625,0.5542,23.0,2.0,17.0,0.965,-1.133,0.5541806720946486,0.5541806720946486,0.2483666841629885,0.0304270749588587,0.5911122134258152,0.0,527.5,0
Sweden,1969,0,0,4.625,9.0,0.514,17.625,0.4767,22.0,3.0,16.0,1.136,1.533,0.4767249737736464,0.4767249737736464,0.5964807822167725,0.0750676318870917,0.5353914500670431,0.0,382.5,0
Sweden,1970,0,0,4.625,8.875,0.521,17.5,0.476,22.0,3.0,14.0,1.014,0.267,0.4759699698748091,0.4759699698748091,0.2890844630425547,0.075192266355201,0.5321839061439826,0.0,370.0,0
Sweden,1971,0,0,4.25,8.875,0.479,18.0,0.5029,22.0,3.0,15.0,1.032,0.0,0.5029254491511499,0.5029254491511499,0.156164175164558,0.0456156650030619,0.536356193570816,0.0,400.0,0
Sweden,1972,0,0,5.875,8.125,0.723,15.0,0.3902,21.0,4.0,11.0,1.235,2.133,0.3902268848475511,0.3902268848475511,0.6300911432964141,0.2410356609474825,0.4919247521310404,0.125,208.75,0
Sweden,1973,0,0,5.625,8.125,0.692,15.5,0.4086,20.0,4.0,14.0,1.218,1.867,0.4086274844093762,0.4086274844093762,0.6422396060808208,0.1786737743888357,0.4903440370495209,0.125,220.0,0
Sweden,1974,0,0,5.875,7.75,0.758,14.5,0.3852,20.0,4.0,14.0,1.235,2.933,0.3852331679504939,0.3852331679504939,0.3130585482469257,0.2844373370165062,0.4853954328006816,0.125,170.0,0
Sweden,1975,0,0,6.125,7.75,0.79,13.875,0.363,20.0,4.0,10.0,1.149,1.933,0.3630333300153565,0.3630333300153565,0.4526497143033878,0.4433647863054853,0.5217428686947639,0.125,150.0,0
Sweden,1976,0,0,6.875,7.25,0.948,12.125,0.3191,20.0,4.0,7.0,1.29,3.4,0.3190700192956722,0.3190700192956722,0.3707286348369701,0.2148736192811782,0.4161722145102116,0.5,80.0,0
Sweden,1977,0,0,6.25,7.5,0.833,13.375,0.3543,20.0,4.0,10.0,1.42,4.867,0.3543211836288094,0.3543211836288094,0.1932032130992267,0.3420622931667146,0.4791183280725958,0.25,126.25,0
Sweden,1978,0,0,7.125,7.375,0.966,12.0,0.3099,20.0,4.0,9.0,1.302,4.267,0.3099067358958262,0.3099067358958262,0.0469509818360082,0.2727292575672305,0.4148862646122215,0.5,73.75,0
Sweden,1979,0,0,6.25,7.625,0.82,13.25,0.3477,20.0,4.0,10.0,1.31,4.133,0.347733888887377,0.347733888887377,0.138351515649883,0.4806930190351292,0.5150040341726876,0.125,133.75,0
Sweden,1980,0,0,6.5,7.5,0.867,12.75,0.3303,20.0,4.0,10.0,1.222,3.333,0.3302553880595811,0.3302553880595811,0.4415266447589195,0.4544550517474819,0.4349584561775613,0.125,95.0,0
Sweden,1981,0,0,5.625,8.125,0.692,15.25,0.3983,20.0,4.0,16.0,1.218,2.533,0.3982783684394207,0.3982783684394207,0.6181496271220829,0.1150775543551184,0.4350572984206122,0.0,203.75,0
Sweden,1982,0,0,5.0,8.125,0.615,16.125,0.4411,20.0,4.0,17.0,1.111,2.333,0.4411411891009377,0.4411411891009377,0.5195800693703794,0.0466347108268306,0.4628095968989437,0.0,257.5,0
Sweden,1983,0,0,4.375,8.25,0.53,17.125,0.4894,21.0,3.0,17.0,1.111,1.267,0.4893845930537043,0.4893845930537043,0.4216566255267883,0.0239937235910719,0.5061606438184723,0.0,325.0,0
Sweden,1984,0,0,4.125,8.5,0.485,17.875,0.5148,21.0,3.0,17.0,1.083,0.867,0.5147517308364349,0.5147517308364349,0.3923076955622447,0.018455941663704,0.5285908832477034,0.0,377.5,0
Sweden,1985,0,0,5.625,8.25,0.682,15.25,0.4039,20.0,4.0,8.0,0.677,-3.333,0.4038999512436693,0.4038999512436693,0.5291438183609988,0.0683339516451057,0.4759964433298476,0.25,252.5,0
Sweden,1986,0,0,4.875,8.25,0.591,16.5,0.4547,20.0,4.0,13.0,0.833,-1.333,0.454739010383931,0.454739010383931,0.5690958303778206,0.1137144541664437,0.5085926770705449,0.0,293.75,0
Sweden,1987,0,0,4.5,8.5,0.529,17.375,0.4858,21.0,3.0,17.0,0.942,0.067,0.4857621375921238,0.4857621375921238,0.2233110805598442,0.033457026346761,0.5105736763595491,0.0,343.75,0
Sweden,1988,0,0,4.75,8.75,0.543,17.375,0.469,22.0,3.0,17.0,1.087,0.6,0.4689759554256705,0.4689759554256705,0.3042380068879256,0.0399217615477671,0.4913579801764585,0.0,343.75,0
Sweden,1989,0,0,7.625,7.75,0.984,12.375,0.2981,20.0,5.0,9.0,1.324,3.8,0.2981136163857745,0.2981136163857745,0.4657911454978278,0.0889594110119295,0.3464730955187149,0.625,43.75,0
Sweden,1990,0,0,8.0,6.625,1.208,9.75,0.2609,19.0,6.0,9.0,1.381,6.533,0.26087330317293,0.26087330317293,0.2435190555619282,0.0358452239789411,0.2835332956906004,0.625,-8.75,0
Sweden,1991,0,0,8.375,6.125,1.367,8.375,0.2366,18.0,7.0,11.0,1.351,9.133,0.2366407418791476,0.2366407418791476,0.4327551914715714,0.0607206741271787,0.2551816885264742,0.625,-18.75,0
Sweden,1992,0,0,7.125,6.875,1.036,11.625,0.3074,19.0,6.0,14.0,1.398,7.4,0.3074494111620674,0.3074494111620674,0.2386567668654828,0.054262714507372,0.3298542929164682,0.5,36.25,0
Sweden,1993,0,0,5.375,7.875,0.683,15.25,0.4131,21.0,4.0,16.0,1.319,4.133,0.4130614633309976,0.4130614633309976,0.726007101217981,0.1965648212728586,0.475977963459386,0.0,211.25,0
Sweden,1994,0,0,4.5,8.5,0.529,17.5,0.4898,22.0,3.0,19.0,1.333,2.933,0.4898214796111046,0.4898214796111046,0.4237049184632338,0.0490888632894654,0.5203906150867481,0.0,350.0,0
Sweden,1995,0,0,4.0,8.75,0.457,18.5,0.5319,22.0,3.0,19.0,1.14,0.8,0.5318794856066512,0.5318794856066512,0.5343280582071162,0.0272564759501642,0.5484471733829054,0.0,425.0,0
Sweden,1996,0,0,3.625,9.0,0.403,19.375,0.57,22.0,3.0,20.0,1.176,-0.467,0.5699576552937122,0.5699576552937122,0.5554453055030691,0.0335640407006579,0.5945353817741786,0.0,497.5,0
Sweden,1997,0,0,3.25,9.125,0.356,20.0,0.604,22.0,3.0,20.0,1.042,-1.6,0.6040394149003074,0.6040394149003074,0.6479470854258229,0.0358956219601581,0.6292543817964424,0.0,556.25,0
Sweden,1998,0,0,3.25,9.125,0.356,20.0,0.604,22.0,3.0,20.0,1.042,-1.6,0.6040394149003074,0.6040394149003074,0.4863612296250126,0.0358956219601581,0.6292543817964424,0.0,556.25,0
Sweden,1999,0,0,3.875,9.125,0.425,19.375,0.5537,22.0,3.0,20.0,1.204,-1.0,0.5537279802084378,0.5537279802084378,0.2288208024219016,0.0315397995500515,0.5714787092507283,0.0,493.75,0
Sweden,2000,0,0,4.5,8.75,0.514,18.0,0.4973,22.0,3.0,20.0,1.19,-1.067,0.4973379726010388,0.4973379726010388,0.3812730090486869,0.0540242013450741,0.5294549285903384,0.0,386.25,0
Sweden,2001,0,0,4.75,8.125,0.585,16.5,0.4609,22.0,3.0,17.0,1.212,0.267,0.4608830280105529,0.4608830280105529,0.4059361806453412,0.0750755790784549,0.4951903894737807,0.0,287.5,0
Sweden,2002,0,0,4.5,8.375,0.537,17.125,0.4809,22.0,3.0,17.0,1.061,-0.867,0.4808910361204823,0.4808910361204823,0.3240948785420254,0.0626468947111097,0.5136447002305984,0.0,336.25,0
Sweden,2003,0,0,3.875,8.375,0.463,17.875,0.5272,22.0,3.0,17.0,1.053,-0.733,0.5272233501985936,0.5272233501985936,0.1752471445428949,0.0401423110856208,0.5467122391476626,0.0,391.25,0
Sweden,2004,0,0,3.5,8.75,0.4,19.0,0.57,22.0,3.0,17.0,0.926,-2.133,0.5699994923489782,0.5699994923489782,0.3515514259503499,0.0570898728390367,0.6077873037506308,0.0,485.0,0
Sweden,2005,0,0,3.125,9.0,0.347,19.875,0.61,23.0,2.0,20.0,0.938,-2.333,0.6099582751163057,0.6099582751163057,0.4910042178966647,0.0531841935346367,0.6488134973921689,0.0,560.0,0
Sweden,2006,0,0,3.0,9.125,0.329,20.25,0.6262,23.0,2.0,23.0,1.0,-1.733,0.6261624350902816,0.6261624350902816,0.430416237539275,0.0540791727768955,0.6696634400519134,0.0,592.5,0
Sweden,2007,0,0,4.375,8.5,0.515,18.125,0.5142,22.0,3.0,22.0,1.574,1.8,0.5141714204092913,0.5141714204092913,0.6684009361415397,0.0979210512797763,0.570763312490285,0.0,395.0,0
Sweden,2008,0,0,5.0,8.25,0.606,16.625,0.4551,22.0,3.0,21.0,1.667,4.2,0.4550986461665666,0.4550986461665666,0.6462878851598232,0.1304645941911703,0.5263872814997459,0.125,303.75,0
Sweden,2009,0,0,4.25,8.75,0.486,18.0,0.5047,22.0,3.0,17.0,0.909,-3.733,0.5046799316441594,0.5046799316441594,0.6133020809101469,0.1042808923187487,0.5593945491261818,0.0,426.25,0
Sweden,2010,0,0,4.375,8.625,0.507,17.625,0.4936,22.0,3.0,17.0,0.87,-4.333,0.4936288667886514,0.4936288667886514,0.4731072150586151,0.1518292515725211,0.570514422887744,0.0,408.75,0
Sweden,2011,0,0,4.5,8.625,0.522,17.5,0.4871,22.0,3.0,17.0,0.833,-4.533,0.4870956910516372,0.4870956910516372,0.3943362664715439,0.1237240105106235,0.5623581892007049,0.125,401.25,0
Sweden,2012,0,0,4.625,8.5,0.544,17.125,0.4755,22.0,3.0,14.0,0.8,-5.133,0.4754996019907089,0.4754996019907089,0.5987576550819242,0.1470748421710653,0.56474518550728,0.125,378.75,0
Sweden,2013,0,0,5.0,8.5,0.588,16.75,0.454,22.0,3.0,11.0,0.802,-5.2,0.4539694113449101,0.4539694113449101,0.2007492714622111,0.2037539066883174,0.5681787873926529,0.125,350.0,0
Sweden,2014,0,0,6.5,7.75,0.839,13.75,0.3519,14.0,8.0,7.0,0.741,-6.267,0.351865886088449,0.351865886088449,0.6327486557758251,0.1938150990487723,0.4227724247630802,0.25,148.75,0
Sweden,2015,0,0,5.375,8.5,0.632,16.375,0.4302,18.0,6.0,11.0,0.805,-4.2,0.4301955871124764,0.4301955871124764,0.3379840709940279,0.1640486649584664,0.5198487273063715,0.125,302.5,0
Sweden,2016,0,0,5.0,8.625,0.58,17.25,0.4645,21.0,4.0,13.0,0.897,-2.8,0.4644938947824345,0.4644938947824345,0.2173275832485868,0.1192154085055332,0.5385600302240939,0.125,351.25,0
Sweden,2017,0,0,5.375,8.625,0.623,16.375,0.4315,21.0,4.0,7.0,0.805,-4.2,0.4315261521804572,0.4315261521804572,0.2082879004531821,0.0981615948049745,0.5228612181228744,0.25,337.5,0
Sweden,2018,0,0,5.125,8.75,0.586,17.0,0.4504,21.0,4.0,11.0,0.864,-3.2,0.4504099084163319,0.4504099084163319,0.2722700855941438,0.1492600967858505,0.5441860789625784,0.125,353.75,0
Sweden,2019,0,0,6.375,8.375,0.761,15.5,0.3798,18.0,7.0,18.0,1.369,3.467,0.3797538550540338,0.3797538550540338,0.9164032770137044,0.0903216108520368,0.4111373944220876,0.125,181.25,0
Sweden,2020,0,0,5.375,8.625,0.623,16.875,0.4376,20.0,5.0,12.0,0.988,-1.267,0.4375663402642798,0.4375663402642798,0.5686075049097516,0.106081229816367,0.4773600641004309,0.0,295.0,0
Sweden,2021,0,0,5.75,8.5,0.676,16.125,0.413,21.0,4.0,16.0,0.977,-0.867,0.4129751296861068,0.4129751296861068,0.6463605460032051,0.0868699521969398,0.4676113723825765,0.125,270.0,0
Sweden,2022,0,0,5.25,9.125,0.575,17.875,0.458,21.0,4.0,19.0,1.026,0.333,0.4580166056725925,0.4580166056725925,0.465446113980842,0.061742736425874,0.5013564512848755,0.125,376.25,0
Sweden,2023,0,0,4.75,9.125,0.521,18.5,0.4939,22.0,3.0,19.0,1.087,0.8,0.4938998174165416,0.4938998174165416,0.3736880500554089,0.0798882379051748,0.5368518295349711,0.0,416.25,0
Sweden,2024,0,0,4.75,9.5,0.5,19.125,0.5015,22.0,3.0,19.0,1.087,-0.333,0.5015182352984036,0.5015182352984036,0.3716148811327563,0.045537182428486,0.5355672202801295,0.0,460.0,0
Syria,1900,0,0,5.875,4.875,1.205,5.75,0.1973,7.5,5.0,2.5,1.131,0.667,0.1972943282319084,0.1972943282319084,,0.2342416295694301,0.1818577906342162,0.5,-10.375,0
Syria,1901,0,0,5.875,4.875,1.205,5.75,0.1973,7.5,5.0,2.5,1.131,0.667,0.1972943282319084,0.1972943282319084,,0.2342416295694301,0.1818577906342162,0.5,-10.375,0
Syria,1902,0,0,5.875,4.875,1.205,5.75,0.1973,7.5,5.0,2.5,1.131,0.667,0.1972943282319084,0.1972943282319084,,0.2342416295694301,0.1818577906342162,0.5,-10.375,0
Syria,1903,0,0,5.875,4.875,1.205,5.75,0.1973,7.5,5.0,2.5,1.131,0.667,0.1972943282319084,0.1972943282319084,,0.2342416295694301,0.1818577906342162,0.5,-10.375,0
Syria,1904,0,0,5.875,4.875,1.205,5.75,0.1973,7.5,5.0,2.5,1.131,0.667,0.1972943282319084,0.1972943282319084,,0.2342416295694301,0.1818577906342162,0.5,-10.375,0
Syria,1905,0,0,5.875,4.875,1.205,5.75,0.1973,7.5,5.0,2.5,1.131,0.667,0.1972943282319084,0.1972943282319084,0.0,0.2342416295694301,0.1818577906342162,0.5,-10.375,0
Syria,1906,0,0,5.875,4.875,1.205,5.75,0.1973,7.5,5.0,2.5,1.131,0.667,0.1972943282319084,0.1972943282319084,0.0,0.2342416295694301,0.1818577906342162,0.5,-10.375,0
Syria,1907,0,0,5.875,4.875,1.205,5.75,0.1973,7.5,5.0,2.5,1.131,0.667,0.1972943282319084,0.1972943282319084,0.0,0.2342416295694301,0.1818577906342162,0.5,-10.375,0
Syria,1908,0,0,5.875,4.875,1.205,5.875,0.2018,7.5,5.0,3.0,1.131,0.867,0.2018106254096944,0.2018106254096944,0.1409348571306488,0.2475543450585188,0.1884321605416513,0.5,-13.125,0
Syria,1909,0,0,5.875,4.875,1.205,5.875,0.2018,7.5,5.0,3.0,1.131,0.867,0.2018106254096944,0.2018106254096944,0.112747885704519,0.2475543450585188,0.1884321605416513,0.5,-13.125,0
Syria,1910,0,0,6.25,3.875,1.613,3.562,0.1683,4.5,6.0,1.0,1.022,0.633,0.1682587272442716,0.1682587272442716,0.2535966672434387,0.0835735926181028,0.1558587410087973,0.875,-33.5,0
Syria,1911,0,0,6.25,3.875,1.613,3.562,0.1683,4.5,6.0,1.0,1.022,0.633,0.1682587272442716,0.1682587272442716,0.2068355867104765,0.0835735926181028,0.1558587410087973,0.875,-33.5,0
Syria,1912,0,0,6.25,3.875,1.613,3.562,0.1683,4.5,6.0,1.0,1.022,0.633,0.1682587272442716,0.1682587272442716,0.161024730298868,0.0835735926181028,0.1558587410087973,0.875,-33.5,0
Syria,1913,0,0,6.25,3.875,1.613,3.562,0.1683,4.5,6.0,1.0,1.022,0.633,0.1682587272442716,0.1682587272442716,0.1172829107365936,0.0835735926181028,0.1558587410087973,0.875,-33.5,0
Syria,1914,0,0,6.25,3.875,1.613,3.562,0.1683,4.5,6.0,1.0,1.022,0.633,0.1682587272442716,0.1682587272442716,0.0586414553682968,0.0835735926181028,0.1558587410087973,0.875,-33.5,0
Syria,1915,0,0,7.25,3.25,2.231,0.875,0.1213,1.0,7.0,-1.0,1.019,1.667,0.1213469977232895,0.1213469977232895,0.3189783412322178,0.0088639534546113,0.1188914538159971,1.0,-40.125,0
Syria,1916,0,0,6.125,4.0,1.531,3.75,0.1681,4.0,6.0,2.0,1.056,1.467,0.1680580318558388,0.1680580318558388,0.2870794834117121,0.0649181167158758,0.1566953917056485,0.875,-29.0,0
Syria,1917,0,0,5.25,4.0,1.312,4.75,0.1928,5.0,5.0,4.0,1.026,1.467,0.1928283791236451,0.1928283791236451,0.3112259571714653,0.0859691929252904,0.1803854563066048,0.875,-17.375,0
Syria,1918,0,0,5.25,4.0,1.312,4.75,0.1928,5.0,5.0,4.0,1.026,1.467,0.1928283791236451,0.1928283791236451,0.2392852413815821,0.0859691929252904,0.1803854563066048,0.875,-17.375,0
Syria,1919,0,0,5.25,4.0,1.312,4.75,0.1928,5.0,5.0,4.0,1.026,1.467,0.1928283791236451,0.1928283791236451,0.1714544269887006,0.0859691929252904,0.1803854563066048,0.875,-17.375,0
Syria,1920,0,0,5.25,4.0,1.312,4.75,0.1928,5.0,5.0,4.0,1.026,1.467,0.1928283791236451,0.1928283791236451,0.1152353148572071,0.0859691929252904,0.1803854563066048,0.875,-17.375,0
Syria,1921,0,0,5.25,4.0,1.312,4.75,0.1928,5.0,5.0,4.0,1.026,1.467,0.1928283791236451,0.1928283791236451,0.045230429962472,0.0859691929252904,0.1803854563066048,0.875,-17.375,0
Syria,1922,0,0,5.25,4.0,1.312,4.75,0.1928,5.0,5.0,4.0,1.026,1.467,0.1928283791236451,0.1928283791236451,0.0,0.0859691929252904,0.1803854563066048,0.875,-17.375,0
Syria,1923,0,0,5.25,4.0,1.312,4.75,0.1928,5.0,5.0,4.0,1.026,1.467,0.1928283791236451,0.1928283791236451,0.0,0.0859691929252904,0.1803854563066048,0.875,-17.375,0
Syria,1924,0,0,5.25,4.0,1.312,4.75,0.1928,5.0,5.0,4.0,1.026,1.467,0.1928283791236451,0.1928283791236451,0.0,0.0859691929252904,0.1803854563066048,0.875,-17.375,0
Syria,1925,0,0,4.375,4.0,1.094,5.625,0.2174,6.0,4.0,5.0,0.985,1.267,0.2173604794057777,0.2173604794057777,0.4576209965550743,0.6674991512102949,0.1732050807568877,0.25,-4.25,0
Syria,1926,0,0,4.375,4.0,1.094,5.625,0.2174,6.0,4.0,5.0,0.985,1.267,0.2173604794057777,0.2173604794057777,0.3660967972440594,0.6674991512102949,0.1732050807568877,0.25,-4.25,0
Syria,1927,0,0,4.375,4.0,1.094,5.625,0.2174,6.0,4.0,5.0,0.985,1.267,0.2173604794057777,0.2173604794057777,0.2745725979330445,0.6674991512102949,0.1732050807568877,0.25,-4.25,0
Syria,1928,0,0,5.25,4.0,1.312,4.75,0.1928,5.0,5.0,4.0,1.026,1.467,0.1928283791236451,0.1928283791236451,0.2745725979330445,0.0859691929252904,0.1803854563066048,0.875,-17.375,0
Syria,1929,0,0,5.25,4.0,1.312,4.75,0.1928,5.0,5.0,4.0,1.026,1.467,0.1928283791236451,0.1928283791236451,0.2745725979330445,0.0859691929252904,0.1803854563066048,0.875,-17.375,0
Syria,1930,0,0,5.25,4.0,1.312,4.75,0.1928,5.0,5.0,4.0,1.026,1.467,0.1928283791236451,0.1928283791236451,0.2745725979330445,0.0859691929252904,0.1803854563066048,0.875,-17.375,0
Syria,1931,0,0,4.375,4.0,1.094,5.625,0.2174,6.0,4.0,5.0,0.985,1.267,0.2173604794057777,0.2173604794057777,0.2745725979330445,0.6674991512102949,0.1732050807568877,0.25,-4.25,0
Syria,1932,0,0,4.375,4.0,1.094,5.625,0.2174,6.0,4.0,5.0,0.985,1.267,0.2173604794057777,0.2173604794057777,0.2745725979330446,0.6674991512102949,0.1732050807568877,0.25,-4.25,0
Syria,1933,0,0,5.5,4.0,1.375,4.5,0.1863,4.0,6.0,4.0,1.049,1.6,0.1862985086419948,0.1862985086419948,0.0624462533527345,0.0875812524618423,0.1741749738389104,0.875,-21.375,0
Syria,1934,0,0,6.25,3.625,1.724,3.375,0.1683,2.0,7.0,4.0,1.111,1.933,0.1683408736284763,0.1683408736284763,0.4434278405048172,0.0866074086066115,0.1571619141445098,0.875,-38.5,0
Syria,1935,0,0,6.75,3.25,2.077,1.75,0.1394,1.0,7.0,1.0,1.061,1.467,0.139430470310888,0.139430470310888,0.242418608241679,0.0663324067129605,0.1270322977044098,0.875,-40.5,0
Syria,1936,0,0,7.0,3.25,2.154,1.5,0.1342,1.0,7.0,1.0,1.0,1.067,0.1342212911352308,0.1342212911352308,0.1387736585736304,0.012017060018108,0.1301113770105379,1.0,-45.125,0
Syria,1937,0,0,7.5,2.875,2.609,0.0,0.1119,-2.0,8.0,-1.0,1.036,1.867,0.1118952214198564,0.1118952214198564,0.0450545834651313,0.0089567130040157,0.1086389140519338,1.0,-41.625,0
Syria,1938,0,0,6.625,3.125,2.12,1.625,0.1379,1.0,7.0,1.0,1.01,1.8,0.1378606132991743,0.1378606132991743,0.1136362296231087,0.0121169269215659,0.1354339408275221,1.0,-39.875,0
Syria,1939,0,0,6.5,3.125,2.08,1.75,0.1403,1.0,7.0,1.0,0.96,1.467,0.1402659662548044,0.1402659662548044,0.1341713481744081,0.0113208527074861,0.1379271886359371,1.0,-38.375,0
Syria,1940,0,0,6.5,3.125,2.08,1.75,0.1403,1.0,7.0,1.0,0.96,1.467,0.1402659662548044,0.1402659662548044,0.0959496769455192,0.0113208527074861,0.1379271886359371,1.0,-38.375,0
Syria,1941,0,0,6.5,3.125,2.08,1.75,0.1403,1.0,7.0,1.0,0.96,1.467,0.1402659662548044,0.1402659662548044,0.0688960614739937,0.0113208527074861,0.1379271886359371,1.0,-38.375,0
Syria,1942,0,0,5.5,3.125,1.76,2.75,0.1611,2.0,6.0,2.0,0.952,1.467,0.1611232846989636,0.1611232846989636,0.1265474570322385,0.0740743961810711,0.1499052518861678,0.875,-25.5,0
Syria,1943,0,0,5.5,3.125,1.76,2.75,0.1611,2.0,6.0,2.0,0.952,1.467,0.1611232846989636,0.1611232846989636,0.0820829993681705,0.0740743961810711,0.1499052518861678,0.875,-25.5,0
Syria,1944,0,0,6.25,3.125,2.0,2.0,0.1458,1.0,7.0,1.0,1.022,1.867,0.1457542659300416,0.1457542659300416,0.1160373502634294,0.0704840826437717,0.1340474513809201,0.875,-33.75,0
Syria,1945,0,0,6.75,3.125,2.16,1.5,0.1361,1.0,7.0,1.0,1.061,2.133,0.1360570308233614,0.1360570308233614,0.1650170448471284,0.0693701659282216,0.1247174892780885,0.875,-39.75,0
Syria,1946,0,0,7.625,2.25,3.389,-1.125,0.1023,-2.0,8.0,-2.0,1.009,1.133,0.1023353327322104,0.1023353327322104,0.1352948492049437,0.004978578781042,0.1014770106248449,1.0,-44.75,0
Syria,1947,0,0,7.625,2.25,3.389,-1.125,0.1023,-2.0,8.0,-2.0,1.009,1.133,0.1023353327322104,0.1023353327322104,0.1079350561763974,0.004978578781042,0.1014770106248449,1.0,-44.75,0
Syria,1948,0,0,7.625,2.25,3.389,-1.125,0.1023,-2.0,8.0,-2.0,1.009,1.133,0.1023353327322104,0.1023353327322104,0.0669298119975452,0.004978578781042,0.1014770106248449,1.0,-44.75,0
Syria,1949,0,0,6.875,3.0,2.292,1.0,0.1276,1.0,7.0,0.0,1.029,1.333,0.1275831077320314,0.1275831077320314,0.1573295392698243,0.0073774675885481,0.1292931318941265,1.0,-42.75,0
Syria,1950,0,0,6.875,3.0,2.292,1.125,0.1306,1.0,7.0,1.0,1.029,1.533,0.130588204407003,0.130588204407003,0.0287047330365713,0.004978578781042,0.1315406336385909,1.0,-44.75,0
Syria,1951,0,0,7.375,2.5,2.95,-0.375,0.1113,-2.0,8.0,1.0,1.065,2.333,0.1113204966788405,0.1113204966788405,0.026818996034203,0.004978578781042,0.1109993117158049,1.0,-44.75,0
Syria,1952,0,0,7.375,2.5,2.95,-0.375,0.1113,-2.0,8.0,1.0,1.065,2.333,0.1113204966788405,0.1113204966788405,0.026818996034203,0.004978578781042,0.1109993117158049,1.0,-44.75,0
Syria,1953,0,0,7.375,2.5,2.95,-0.375,0.1113,-2.0,8.0,1.0,1.065,2.333,0.1113204966788405,0.1113204966788405,0.026818996034203,0.004978578781042,0.1109993117158049,1.0,-44.75,0
Syria,1954,0,0,7.375,2.5,2.95,-0.375,0.1113,-2.0,8.0,1.0,1.065,2.333,0.1113204966788405,0.1113204966788405,0.026818996034203,0.004978578781042,0.1109993117158049,1.0,-44.75,0
Syria,1955,0,0,7.875,2.25,3.5,-1.375,0.0985,-2.0,8.0,-2.0,1.026,1.267,0.098501367684099,0.098501367684099,0.1389498374123473,0.0037971664229197,0.1005362637046338,1.0,-48.0,0
Syria,1956,0,0,7.375,2.5,2.95,-0.375,0.1113,-2.0,8.0,1.0,1.065,2.333,0.1113204966788405,0.1113204966788405,0.0277899674824694,0.004978578781042,0.1109993117158049,1.0,-44.75,0
Syria,1957,0,0,7.375,2.5,2.95,-0.375,0.1113,-2.0,8.0,1.0,1.065,2.333,0.1113204966788405,0.1113204966788405,0.0277899674824694,0.004978578781042,0.1109993117158049,1.0,-44.75,0
Syria,1958,0,0,7.375,2.5,2.95,-0.375,0.1113,-2.0,8.0,1.0,1.065,2.333,0.1113204966788405,0.1113204966788405,0.0277899674824694,0.004978578781042,0.1109993117158049,1.0,-44.75,0
Syria,1959,0,0,7.125,2.75,2.591,0.375,0.1211,-2.0,8.0,4.0,1.127,3.533,0.1210819451312763,0.1210819451312763,0.1691702141403203,0.0089072224160333,0.1173959760870609,1.0,-40.75,0
Syria,1960,1,0,7.125,2.75,2.591,0.375,0.1211,-2.0,8.0,4.0,1.127,3.533,0.1210819451312763,0.1210819451312763,0.1346003228954738,0.0089072224160333,0.1173959760870609,1.0,-40.75,0
Syria,1961,1,0,7.25,2.75,2.636,0.25,0.1187,-2.0,8.0,4.0,1.095,3.333,0.118714642907258,0.118714642907258,0.1028755353904538,0.0073774675885481,0.1168458826667891,1.0,-42.75,1
Syria,1962,1,0,7.125,2.75,2.591,0.375,0.1211,-2.0,8.0,4.0,1.127,3.533,0.1210819451312763,0.1210819451312763,0.0900963177575812,0.0089072224160333,0.1173959760870609,1.0,-40.75,1
Syria,1963,0,1,7.25,2.75,2.636,0.25,0.1187,-2.0,8.0,4.0,1.095,3.333,0.118714642907258,0.118714642907258,0.0883690715687641,0.0073774675885481,0.1168458826667891,1.0,-42.75,1
Syria,1964,0,0,7.375,2.75,2.682,0.125,0.1164,-2.0,8.0,3.0,1.065,3.133,0.1163752267820887,0.1163752267820887,0.1461925237695537,0.004978578781042,0.1163649154413773,1.0,-44.75,0
Syria,1965,0,0,7.375,2.75,2.682,0.125,0.1164,-2.0,8.0,3.0,1.065,3.133,0.1163752267820887,0.1163752267820887,0.112876708964783,0.004978578781042,0.1163649154413773,1.0,-44.75,0
Syria,1966,0,0,7.75,2.5,3.1,-0.75,0.1051,-2.0,8.0,0.0,0.983,1.733,0.1050793907709473,0.1050793907709473,0.1941659592247874,0.0091517789073976,0.1073724443609903,1.0,-50.25,0
Syria,1967,1,0,7.875,2.5,3.15,-0.875,0.1034,-2.0,8.0,0.0,1.026,2.067,0.1034249862523978,0.1034249862523978,0.1452368535282559,0.0059811012055132,0.1059053007005341,1.0,-51.0,0
Syria,1968,1,0,7.875,2.5,3.15,-0.875,0.1034,-2.0,8.0,0.0,1.026,2.067,0.1034249862523978,0.1034249862523978,0.0978006757614367,0.0059811012055132,0.1059053007005341,1.0,-51.0,1
Syria,1969,1,0,8.25,2.25,3.667,-1.75,0.0937,-3.0,9.0,-3.0,0.952,0.667,0.0937281534299594,0.0937281534299594,0.0667834272878711,0.0049439732627352,0.0949153370656511,1.0,-51.0,1
Syria,1970,0,1,6.875,2.5,2.75,0.125,0.1188,-1.0,7.0,1.0,1.029,2.067,0.1188041115737203,0.1188041115737203,0.0576014264463044,0.0041547634311122,0.1200493341730896,1.0,-40.75,1
Syria,1971,0,0,6.0,2.5,2.4,1.0,0.1341,0.0,6.0,1.0,1.0,1.867,0.1341023707004967,0.1341023707004967,0.2338491822399138,0.0138973463562417,0.1318016535356175,1.0,-32.0,0
Syria,1972,0,0,5.125,2.5,2.05,1.875,0.1509,1.0,5.0,2.0,0.962,1.667,0.1508689689223307,0.1508689689223307,0.1129875140958167,0.0093246059757183,0.1505386266213217,1.0,-24.25,0
Syria,1973,0,0,4.125,2.5,1.65,2.875,0.1733,2.0,4.0,3.0,0.952,1.667,0.1733029364211801,0.1733029364211801,0.1616144974229248,0.0763525260838209,0.1635920415735935,0.875,-14.0,0
Syria,1974,0,0,4.125,2.5,1.65,2.875,0.1733,2.0,4.0,3.0,0.952,1.667,0.1733029364211801,0.1733029364211801,0.1223146681515507,0.0763525260838209,0.1635920415735935,0.875,-14.0,0
Syria,1975,0,0,4.25,2.5,1.7,2.75,0.1702,2.0,4.0,3.0,0.909,1.467,0.1702481255375199,0.1702481255375199,0.1602870504529518,0.0773586224604754,0.1616722814070821,0.875,-15.5,0
Syria,1976,0,0,4.25,2.5,1.7,2.75,0.1702,2.0,4.0,3.0,0.909,1.467,0.1702481255375199,0.1702481255375199,0.146587384707781,0.0773586224604754,0.1616722814070821,0.875,-15.5,0
Syria,1977,0,0,4.25,2.5,1.7,2.75,0.1702,2.0,4.0,3.0,0.909,1.467,0.1702481255375199,0.1702481255375199,0.1254958378499804,0.0773586224604754,0.1616722814070821,0.875,-15.5,0
Syria,1978,0,0,4.25,2.5,1.7,2.75,0.1702,2.0,4.0,3.0,0.909,1.467,0.1702481255375199,0.1702481255375199,0.0970203948011808,0.0773586224604754,0.1616722814070821,0.875,-15.5,0
Syria,1979,0,0,4.25,2.5,1.7,2.75,0.1702,2.0,4.0,3.0,0.909,1.467,0.1702481255375199,0.1702481255375199,0.0485101974005904,0.0773586224604754,0.1616722814070821,0.875,-15.5,0
Syria,1980,0,0,4.25,2.5,1.7,2.75,0.1702,2.0,4.0,3.0,0.909,1.467,0.1702481255375199,0.1702481255375199,0.0,0.0773586224604754,0.1616722814070821,0.875,-15.5,0
Syria,1981,0,0,4.25,2.5,1.7,2.75,0.1702,2.0,4.0,3.0,0.909,1.467,0.1702481255375199,0.1702481255375199,0.0,0.0773586224604754,0.1616722814070821,0.875,-15.5,0
Syria,1982,0,0,4.25,2.5,1.7,2.75,0.1702,2.0,4.0,3.0,0.909,1.467,0.1702481255375199,0.1702481255375199,0.0,0.0773586224604754,0.1616722814070821,0.875,-15.5,0
Syria,1983,0,0,4.125,2.5,1.65,2.875,0.1733,2.0,4.0,3.0,0.952,1.667,0.1733029364211801,0.1733029364211801,0.2425509870029521,0.0763525260838209,0.1635920415735935,0.875,-14.0,0
Syria,1984,0,0,4.25,2.5,1.7,2.75,0.1702,2.0,4.0,3.0,0.909,1.467,0.1702481255375199,0.1702481255375199,0.0485101974005904,0.0773586224604754,0.1616722814070821,0.875,-15.5,0
Syria,1985,0,0,4.25,2.5,1.7,2.75,0.1702,2.0,4.0,3.0,0.909,1.467,0.1702481255375199,0.1702481255375199,0.0485101974005904,0.0773586224604754,0.1616722814070821,0.875,-15.5,0
Syria,1986,0,0,4.25,2.5,1.7,2.75,0.1702,2.0,4.0,3.0,0.909,1.467,0.1702481255375199,0.1702481255375199,0.0485101974005904,0.0773586224604754,0.1616722814070821,0.875,-15.5,0
Syria,1987,0,0,5.875,2.75,2.136,1.625,0.1431,2.0,6.0,2.0,1.034,1.8,0.1431477947660243,0.1431477947660243,0.1482627806133531,0.008825821958689,0.1417242527150684,1.0,-31.5,0
Syria,1988,0,0,5.875,2.75,2.136,1.625,0.1431,2.0,6.0,2.0,1.034,1.8,0.1431477947660243,0.1431477947660243,0.1157585498970436,0.008825821958689,0.1417242527150684,1.0,-31.5,0
Syria,1989,0,0,5.875,2.75,2.136,1.625,0.1431,2.0,6.0,2.0,1.034,1.8,0.1431477947660243,0.1431477947660243,0.1023532962517402,0.008825821958689,0.1417242527150684,1.0,-31.5,0
Syria,1990,0,0,6.875,2.75,2.5,0.625,0.1246,1.0,7.0,1.0,1.029,1.8,0.1246173933681604,0.1246173933681604,0.0696182685273973,0.0051124067273136,0.1259560993513959,1.0,-42.75,0
Syria,1991,0,0,6.875,2.75,2.5,0.625,0.1246,1.0,7.0,1.0,1.029,1.8,0.1246173933681604,0.1246173933681604,0.0467821460138859,0.0051124067273136,0.1259560993513959,1.0,-42.75,0
Syria,1992,0,0,6.875,2.75,2.5,0.625,0.1246,1.0,7.0,1.0,1.029,1.8,0.1246173933681604,0.1246173933681604,0.0877948827079126,0.0051124067273136,0.1259560993513959,1.0,-42.75,0
Syria,1993,0,0,6.875,2.75,2.5,0.625,0.1246,1.0,7.0,1.0,1.029,1.8,0.1246173933681604,0.1246173933681604,0.0585299218052751,0.0051124067273136,0.1259560993513959,1.0,-42.75,0
Syria,1994,0,0,6.875,2.75,2.5,0.625,0.1246,1.0,7.0,1.0,1.029,1.8,0.1246173933681604,0.1246173933681604,0.0292649609026375,0.0051124067273136,0.1259560993513959,1.0,-42.75,0
Syria,1995,0,0,6.875,2.75,2.5,0.625,0.1246,1.0,7.0,1.0,1.029,1.8,0.1246173933681604,0.1246173933681604,0.0,0.0051124067273136,0.1259560993513959,1.0,-42.75,0
Syria,1996,0,0,5.75,2.5,2.3,1.25,0.139,0.0,6.0,2.0,1.071,2.267,0.1390077435980117,0.1390077435980117,0.1864536020364417,0.0080207918314499,0.1361959860137762,1.0,-29.0,0
Syria,1997,0,0,5.75,2.5,2.3,1.25,0.139,0.0,6.0,2.0,1.071,2.267,0.1390077435980117,0.1390077435980117,0.1491628816291534,0.0080207918314499,0.1361959860137762,1.0,-29.0,0
Syria,1998,0,0,7.75,2.125,3.647,-1.562,0.0965,-2.0,8.0,-2.0,1.053,0.967,0.0964713773534332,0.0964713773534332,0.1120769414486191,0.0024051053322209,0.0968241282932493,1.0,-45.5,0
Syria,1999,0,0,9.875,1.125,8.778,-5.688,0.0565,-6.0,10.0,-6.0,1.02,0.767,0.0565235762251058,0.0565235762251058,0.223708377748784,0.009276630902949,0.0579911415820356,1.0,-37.375,0
Syria,2000,0,0,8.875,2.125,4.176,-2.688,0.0825,-3.0,9.0,-3.0,1.023,0.767,0.0825183810434716,0.0825183810434716,0.073795716300944,0.0021349232871079,0.0831313013569152,1.0,-54.75,0
Syria,2001,0,0,8.875,2.125,4.176,-2.688,0.0825,-3.0,9.0,-3.0,1.023,0.767,0.0825183810434716,0.0825183810434716,0.0636019013049089,0.0021349232871079,0.0831313013569152,1.0,-54.75,0
Syria,2002,0,0,9.625,1.375,7.0,-4.938,0.0625,-6.0,10.0,-3.0,1.064,1.967,0.0624537530252987,0.0624537530252987,0.2138829560015531,0.0158739760752835,0.0654469555174537,1.0,-42.375,0
Syria,2003,0,0,9.625,1.375,7.0,-4.938,0.0625,-6.0,10.0,-3.0,1.064,1.967,0.0624537530252987,0.0624537530252987,0.1530291586018665,0.0158739760752835,0.0654469555174537,1.0,-42.375,0
Syria,2004,0,0,9.625,1.375,7.0,-4.938,0.0625,-6.0,10.0,-3.0,1.064,1.967,0.0624537530252987,0.0624537530252987,0.114624459643869,0.0158739760752835,0.0654469555174537,1.0,-42.375,0
Syria,2005,0,0,9.625,1.375,7.0,-4.938,0.0625,-6.0,10.0,-3.0,1.064,1.967,0.0624537530252987,0.0624537530252987,0.081497388394384,0.0158739760752835,0.0654469555174537,1.0,-42.375,0
Syria,2006,0,0,9.625,1.375,7.0,-4.938,0.0625,-6.0,10.0,-3.0,1.064,1.967,0.0624537530252987,0.0624537530252987,0.040748694197192,0.0158739760752835,0.0654469555174537,1.0,-42.375,0
Syria,2007,0,0,9.625,1.375,7.0,-4.938,0.0625,-6.0,10.0,-3.0,1.064,1.967,0.0624537530252987,0.0624537530252987,0.0,0.0158739760752835,0.0654469555174537,1.0,-42.375,0
Syria,2008,1,0,9.625,1.375,7.0,-4.938,0.0625,-6.0,10.0,-3.0,1.064,1.967,0.0624537530252987,0.0624537530252987,0.0,0.0158739760752835,0.0654469555174537,1.0,-42.375,0
Syria,2009,1,0,9.625,1.375,7.0,-4.938,0.0625,-6.0,10.0,-3.0,1.064,1.967,0.0624537530252987,0.0624537530252987,0.0,0.0158739760752835,0.0654469555174537,1.0,-42.375,1
Syria,2010,1,0,9.625,1.375,7.0,-4.938,0.0625,-6.0,10.0,-3.0,1.064,1.967,0.0624537530252987,0.0624537530252987,0.0,0.0158739760752835,0.0654469555174537,1.0,-42.375,1
Syria,2011,0,1,9.625,1.375,7.0,-4.938,0.0625,-6.0,10.0,-3.0,1.064,1.967,0.0624537530252987,0.0624537530252987,0.0,0.0158739760752835,0.0654469555174537,1.0,-42.375,1
Thailand,1900,0,0,4.75,6.875,0.691,11.812,0.3304,13.0,4.0,14.0,1.212,3.167,0.330438102442137,0.330438102442137,,0.1003994568649919,0.3580837890270922,0.0,90.0,0
Thailand,1901,0,0,4.75,6.875,0.691,11.812,0.3304,13.0,4.0,14.0,1.212,3.167,0.330438102442137,0.330438102442137,,0.1003994568649919,0.3580837890270922,0.0,90.0,0
Thailand,1902,0,0,4.75,6.875,0.691,11.812,0.3304,13.0,4.0,14.0,1.212,3.167,0.330438102442137,0.330438102442137,,0.1003994568649919,0.3580837890270922,0.0,90.0,0
Thailand,1903,0,0,4.75,6.875,0.691,11.812,0.3304,13.0,4.0,14.0,1.212,3.167,0.330438102442137,0.330438102442137,,0.1003994568649919,0.3580837890270922,0.0,90.0,0
Thailand,1904,0,0,4.75,6.875,0.691,11.812,0.3304,13.0,4.0,14.0,1.212,3.167,0.330438102442137,0.330438102442137,,0.1003994568649919,0.3580837890270922,0.0,90.0,0
Thailand,1905,0,0,4.75,6.875,0.691,11.812,0.3304,13.0,4.0,14.0,1.212,3.167,0.330438102442137,0.330438102442137,0.0,0.1003994568649919,0.3580837890270922,0.0,90.0,0
Thailand,1906,0,0,4.75,6.875,0.691,11.812,0.3304,13.0,4.0,14.0,1.212,3.167,0.330438102442137,0.330438102442137,0.0,0.1003994568649919,0.3580837890270922,0.0,90.0,0
Thailand,1907,0,0,4.75,6.875,0.691,11.812,0.3304,13.0,4.0,14.0,1.212,3.167,0.330438102442137,0.330438102442137,0.0,0.1003994568649919,0.3580837890270922,0.0,90.0,0
Thailand,1908,0,0,4.75,6.875,0.691,11.812,0.3304,13.0,4.0,14.0,1.212,3.167,0.330438102442137,0.330438102442137,0.0,0.1003994568649919,0.3580837890270922,0.0,90.0,0
Thailand,1909,0,0,4.75,6.875,0.691,11.812,0.3304,13.0,4.0,14.0,1.212,3.167,0.330438102442137,0.330438102442137,0.0,0.1003994568649919,0.3580837890270922,0.0,90.0,0
Thailand,1910,0,0,4.75,6.875,0.691,11.812,0.3304,13.0,4.0,14.0,1.212,3.167,0.330438102442137,0.330438102442137,0.0,0.1003994568649919,0.3580837890270922,0.0,90.0,0
Thailand,1911,0,0,4.75,6.875,0.691,11.812,0.3304,13.0,4.0,14.0,1.212,3.167,0.330438102442137,0.330438102442137,0.0,0.1003994568649919,0.3580837890270922,0.0,90.0,0
Thailand,1912,0,0,4.75,6.875,0.691,11.812,0.3304,13.0,4.0,14.0,1.212,3.167,0.330438102442137,0.330438102442137,0.0,0.1003994568649919,0.3580837890270922,0.0,90.0,0
Thailand,1913,0,0,4.75,6.875,0.691,11.812,0.3304,13.0,4.0,14.0,1.212,3.167,0.330438102442137,0.330438102442137,0.0,0.1003994568649919,0.3580837890270922,0.0,90.0,0
Thailand,1914,0,0,4.75,6.875,0.691,11.812,0.3304,13.0,4.0,14.0,1.212,3.167,0.330438102442137,0.330438102442137,0.0,0.1003994568649919,0.3580837890270922,0.0,90.0,0
Thailand,1915,0,0,4.75,6.875,0.691,11.812,0.3304,13.0,4.0,14.0,1.212,3.167,0.330438102442137,0.330438102442137,0.0,0.1003994568649919,0.3580837890270922,0.0,90.0,0
Thailand,1916,0,0,4.75,6.875,0.691,11.812,0.3304,13.0,4.0,14.0,1.212,3.167,0.330438102442137,0.330438102442137,0.0,0.1003994568649919,0.3580837890270922,0.0,90.0,0
Thailand,1917,0,0,4.75,6.875,0.691,11.812,0.3304,13.0,4.0,14.0,1.212,3.167,0.330438102442137,0.330438102442137,0.0,0.1003994568649919,0.3580837890270922,0.0,90.0,0
Thailand,1918,0,0,4.75,6.875,0.691,11.812,0.3304,13.0,4.0,14.0,1.212,3.167,0.330438102442137,0.330438102442137,0.0,0.1003994568649919,0.3580837890270922,0.0,90.0,0
Thailand,1919,0,0,4.75,6.875,0.691,11.812,0.3304,13.0,4.0,14.0,1.212,3.167,0.330438102442137,0.330438102442137,0.0,0.1003994568649919,0.3580837890270922,0.0,90.0,0
Thailand,1920,0,0,4.75,6.875,0.691,11.812,0.3304,13.0,4.0,14.0,1.212,3.167,0.330438102442137,0.330438102442137,0.0,0.1003994568649919,0.3580837890270922,0.0,90.0,0
Thailand,1921,0,0,4.75,6.875,0.691,11.812,0.3304,13.0,4.0,14.0,1.212,3.167,0.330438102442137,0.330438102442137,0.0,0.1003994568649919,0.3580837890270922,0.0,90.0,0
Thailand,1922,0,0,4.75,6.875,0.691,11.812,0.3304,13.0,4.0,14.0,1.212,3.167,0.330438102442137,0.330438102442137,0.0,0.1003994568649919,0.3580837890270922,0.0,90.0,0
Thailand,1923,0,0,4.75,6.875,0.691,11.812,0.3304,13.0,4.0,14.0,1.212,3.167,0.330438102442137,0.330438102442137,0.0,0.1003994568649919,0.3580837890270922,0.0,90.0,0
Thailand,1924,0,0,4.75,6.875,0.691,11.812,0.3304,13.0,4.0,14.0,1.212,3.167,0.330438102442137,0.330438102442137,0.0,0.1003994568649919,0.3580837890270922,0.0,90.0,0
Thailand,1925,0,0,4.75,6.875,0.691,11.812,0.3304,13.0,4.0,14.0,1.212,3.167,0.330438102442137,0.330438102442137,0.0,0.1003994568649919,0.3580837890270922,0.0,90.0,0
Thailand,1926,0,0,4.75,6.875,0.691,11.812,0.3304,13.0,4.0,14.0,1.212,3.167,0.330438102442137,0.330438102442137,0.0,0.1003994568649919,0.3580837890270922,0.0,90.0,0
Thailand,1927,0,0,4.75,6.875,0.691,11.812,0.3304,13.0,4.0,14.0,1.212,3.167,0.330438102442137,0.330438102442137,0.0,0.1003994568649919,0.3580837890270922,0.0,90.0,0
Thailand,1928,0,0,4.75,6.875,0.691,11.812,0.3304,13.0,4.0,14.0,1.212,3.167,0.330438102442137,0.330438102442137,0.0,0.1003994568649919,0.3580837890270922,0.0,90.0,0
Thailand,1929,1,0,4.75,6.875,0.691,11.812,0.3304,13.0,4.0,14.0,1.212,3.167,0.330438102442137,0.330438102442137,0.0,0.1003994568649919,0.3580837890270922,0.0,90.0,0
Thailand,1930,1,0,4.75,6.75,0.704,11.562,0.3268,13.0,4.0,12.0,1.212,2.767,0.3267881954342289,0.3267881954342289,0.1886094857058204,0.0978332616612288,0.3537701657262064,0.0,82.5,0
Thailand,1931,1,0,4.75,6.75,0.704,11.562,0.3268,13.0,4.0,12.0,1.212,2.767,0.3267881954342289,0.3267881954342289,0.1508875885646563,0.0978332616612288,0.3537701657262064,0.0,82.5,0
Thailand,1932,0,1,5.875,6.125,0.959,9.312,0.267,9.0,6.0,9.0,1.034,0.767,0.2670137148322205,0.2670137148322205,0.0728819725118495,1.0,,0.0,10.5,0
Thailand,1933,0,0,6.0,6.0,1.0,8.938,0.259,9.0,6.0,9.0,1.0,0.167,0.2589512576882857,0.2589512576882857,,1.0,,0.0,0.0,0
Thailand,1934,0,0,6.0,6.0,1.0,8.938,0.259,9.0,6.0,9.0,1.0,0.167,0.2589512576882857,0.2589512576882857,,1.0,,0.0,0.0,0
Thailand,1935,0,0,6.0,6.0,1.0,8.938,0.259,9.0,6.0,9.0,1.0,0.167,0.2589512576882857,0.2589512576882857,,1.0,,0.0,0.0,0
Thailand,1936,0,0,6.0,6.0,1.0,8.938,0.259,9.0,6.0,9.0,1.0,0.167,0.2589512576882857,0.2589512576882857,,1.0,,0.0,0.0,0
Thailand,1937,0,0,6.0,6.0,1.0,8.938,0.259,9.0,6.0,9.0,1.0,0.167,0.2589512576882857,0.2589512576882857,,1.0,,0.0,0.0,0
Thailand,1938,0,0,6.0,6.0,1.0,8.938,0.259,9.0,6.0,9.0,1.0,0.167,0.2589512576882857,0.2589512576882857,,1.0,,0.0,0.0,0
Thailand,1939,0,0,6.0,6.0,1.0,8.938,0.259,9.0,6.0,9.0,1.0,0.167,0.2589512576882857,0.2589512576882857,,1.0,,0.0,0.0,0
Thailand,1940,0,0,6.0,6.0,1.0,8.938,0.259,9.0,6.0,9.0,1.0,0.167,0.2589512576882857,0.2589512576882857,,1.0,,0.0,0.0,0
Thailand,1941,0,0,7.0,5.0,1.4,5.5,0.1895,5.5,7.0,5.5,1.0,0.0,0.1894645708137998,0.1894645708137998,0.052145618001106,0.0,0.1894645708137998,1.0,-50.0,0
Thailand,1942,0,0,8.0,4.0,2.0,2.0,0.132,2.0,8.0,2.0,1.0,0.0,0.1319507910772894,0.1319507910772894,0.0314092634903626,0.0,0.1319507910772893,1.0,-64.0,0
Thailand,1943,0,0,8.0,4.0,2.0,2.0,0.132,2.0,8.0,2.0,1.0,0.0,0.1319507910772894,0.1319507910772894,0.0106729089796191,0.0,0.1319507910772893,1.0,-64.0,0
Thailand,1944,0,0,8.0,4.0,2.0,2.0,0.132,2.0,8.0,2.0,1.0,0.0,0.1319507910772894,0.1319507910772894,0.0053364544898095,0.0,0.1319507910772893,1.0,-64.0,0
Thailand,1945,0,0,7.0,5.0,1.4,5.5,0.1895,5.5,7.0,5.5,1.0,0.0,0.1894645708137998,0.1894645708137998,0.0,0.0,0.1894645708137998,1.0,-50.0,0
Thailand,1946,0,0,6.0,6.0,1.0,8.5,0.2438,8.5,6.0,8.5,1.0,0.0,0.2437541577229147,0.2437541577229147,,1.0,,0.0,0.0,0
Thailand,1947,0,0,6.0,6.0,1.0,8.5,0.2438,8.5,6.0,8.5,1.0,0.0,0.2437541577229147,0.2437541577229147,,1.0,,0.0,0.0,0
Thailand,1948,0,0,6.0,6.0,1.0,8.5,0.2438,8.5,6.0,8.5,1.0,0.0,0.2437541577229147,0.2437541577229147,,1.0,,0.0,0.0,0
Thailand,1949,0,0,6.0,6.0,1.0,8.5,0.2438,8.5,6.0,8.5,1.0,0.0,0.2437541577229147,0.2437541577229147,,1.0,,0.0,0.0,0
Thailand,1950,0,0,6.0,6.0,1.0,8.5,0.2438,8.5,6.0,8.5,1.0,0.0,0.2437541577229147,0.2437541577229147,,1.0,,0.0,0.0,0
Thailand,1951,0,0,5.0,7.0,0.714,11.938,0.3275,12.0,5.0,12.0,1.0,0.167,0.3274609279585974,0.3274609279585974,0.0602971872403679,0.0007970884813929,0.3277921112683455,0.0,82.25,0
Thailand,1952,0,0,5.0,7.0,0.714,11.938,0.3275,12.0,5.0,12.0,1.0,0.167,0.3274609279585974,0.3274609279585974,0.0482377497922943,0.0007970884813929,0.3277921112683455,0.0,82.25,0
Thailand,1953,0,0,5.0,7.0,0.714,11.938,0.3275,12.0,5.0,12.0,1.0,0.167,0.3274609279585974,0.3274609279585974,0.0361783123442207,0.0007970884813929,0.3277921112683455,0.0,82.25,0
Thailand,1954,0,0,5.0,7.0,0.714,11.938,0.3275,12.0,5.0,12.0,1.0,0.167,0.3274609279585974,0.3274609279585974,0.0241188748961471,0.0007970884813929,0.3277921112683455,0.0,82.25,0
Thailand,1955,0,0,5.0,7.0,0.714,11.938,0.3275,12.0,5.0,12.0,1.0,0.167,0.3274609279585974,0.3274609279585974,0.0120594374480735,0.0007970884813929,0.3277921112683455,0.0,82.25,0
Thailand,1956,0,0,5.0,7.0,0.714,11.938,0.3275,12.0,5.0,12.0,1.0,0.167,0.3274609279585974,0.3274609279585974,0.0,0.0007970884813929,0.3277921112683455,0.0,82.25,0
Thailand,1957,0,0,5.0,7.0,0.714,11.938,0.3275,12.0,5.0,12.0,1.0,0.167,0.3274609279585974,0.3274609279585974,0.0,0.0007970884813929,0.3277921112683455,0.0,82.25,0
Thailand,1958,0,0,5.0,7.0,0.714,11.938,0.3275,12.0,5.0,12.0,1.0,0.167,0.3274609279585974,0.3274609279585974,0.0,0.0007970884813929,0.3277921112683455,0.0,82.25,0
Thailand,1959,0,0,5.0,7.0,0.714,11.938,0.3275,12.0,5.0,12.0,1.0,0.167,0.3274609279585974,0.3274609279585974,0.0,0.0007970884813929,0.3277921112683455,0.0,82.25,0
Thailand,1960,0,0,5.0,7.0,0.714,11.938,0.3275,12.0,5.0,12.0,1.0,0.167,0.3274609279585974,0.3274609279585974,0.0,0.0007970884813929,0.3277921112683455,0.0,82.25,0
Thailand,1961,0,0,5.0,7.0,0.714,11.938,0.3275,12.0,5.0,12.0,1.0,0.167,0.3274609279585974,0.3274609279585974,0.0,0.0007970884813929,0.3277921112683455,0.0,82.25,0
Thailand,1962,0,0,5.0,7.0,0.714,11.938,0.3275,12.0,5.0,12.0,1.0,0.167,0.3274609279585974,0.3274609279585974,0.0,0.0007970884813929,0.3277921112683455,0.0,82.25,0
Thailand,1963,0,0,5.0,7.0,0.714,11.938,0.3275,12.0,5.0,12.0,1.0,0.167,0.3274609279585974,0.3274609279585974,0.0,0.0007970884813929,0.3277921112683455,0.0,82.25,0
Thailand,1964,0,0,5.0,7.0,0.714,11.938,0.3275,12.0,5.0,12.0,1.0,0.167,0.3274609279585974,0.3274609279585974,0.0,0.0007970884813929,0.3277921112683455,0.0,82.25,0
Thailand,1965,0,0,5.0,7.0,0.714,11.938,0.3275,12.0,5.0,12.0,1.0,0.167,0.3274609279585974,0.3274609279585974,0.0,0.0007970884813929,0.3277921112683455,0.0,82.25,0
Thailand,1966,0,0,5.0,7.0,0.714,11.938,0.3275,12.0,5.0,12.0,1.0,0.167,0.3274609279585974,0.3274609279585974,0.0,0.0007970884813929,0.3277921112683455,0.0,82.25,0
Thailand,1967,0,0,5.0,7.0,0.714,11.938,0.3275,12.0,5.0,12.0,1.0,0.167,0.3274609279585974,0.3274609279585974,0.0,0.0007970884813929,0.3277921112683455,0.0,82.25,0
Thailand,1968,0,0,5.0,7.0,0.714,11.938,0.3275,12.0,5.0,12.0,1.0,0.167,0.3274609279585974,0.3274609279585974,0.0,0.0007970884813929,0.3277921112683455,0.0,82.25,0
Thailand,1969,0,0,5.0,7.0,0.714,11.938,0.3275,12.0,5.0,12.0,1.0,0.167,0.3274609279585974,0.3274609279585974,0.0,0.0007970884813929,0.3277921112683455,0.0,82.25,0
Thailand,1970,1,0,5.0,7.0,0.714,11.938,0.3275,12.0,5.0,12.0,1.0,0.167,0.3274609279585974,0.3274609279585974,0.0,0.0007970884813929,0.3277921112683455,0.0,82.25,0
Thailand,1971,1,0,5.0,7.0,0.714,11.938,0.3275,12.0,5.0,12.0,1.0,0.167,0.3274609279585974,0.3274609279585974,0.0,0.0007970884813929,0.3277921112683455,0.0,82.25,0
Thailand,1972,1,0,4.625,7.375,0.627,13.062,0.3574,15.0,4.0,15.0,1.136,1.967,0.3573944322057629,0.3573944322057629,0.4002140433262443,0.0445146222668596,0.3732786360936034,0.0,122.75,0
Thailand,1973,0,1,4.625,7.375,0.627,13.062,0.3574,15.0,4.0,15.0,1.136,1.967,0.3573944322057629,0.3573944322057629,0.3201712346609954,0.0445146222668596,0.3732786360936034,0.0,122.75,0
Thailand,1974,0,0,4.625,7.375,0.627,13.062,0.3574,15.0,4.0,15.0,1.136,1.967,0.3573944322057629,0.3573944322057629,0.2401284259957465,0.0445146222668596,0.3732786360936034,0.0,122.75,0
Thailand,1975,0,0,4.625,7.375,0.627,13.062,0.3574,15.0,4.0,15.0,1.136,1.967,0.3573944322057629,0.3573944322057629,0.1600856173304977,0.0445146222668596,0.3732786360936034,0.0,122.75,0
Thailand,1976,0,0,4.625,7.375,0.627,13.062,0.3574,15.0,4.0,15.0,1.136,1.967,0.3573944322057629,0.3573944322057629,0.0800428086652488,0.0445146222668596,0.3732786360936034,0.0,122.75,0
Thailand,1977,0,0,4.625,7.375,0.627,13.062,0.3574,15.0,4.0,15.0,1.136,1.967,0.3573944322057629,0.3573944322057629,0.0,0.0445146222668596,0.3732786360936034,0.0,122.75,0
Thailand,1978,0,0,4.625,7.375,0.627,13.062,0.3574,15.0,4.0,15.0,1.136,1.967,0.3573944322057629,0.3573944322057629,0.0,0.0445146222668596,0.3732786360936034,0.0,122.75,0
Thailand,1979,0,0,5.0,7.0,0.714,11.938,0.3275,12.0,5.0,12.0,1.0,0.167,0.3274609279585974,0.3274609279585974,0.4002140433262443,0.0007970884813929,0.3277921112683455,0.0,82.25,0
Thailand,1980,0,0,5.0,7.0,0.714,11.938,0.3275,12.0,5.0,12.0,1.0,0.167,0.3274609279585974,0.3274609279585974,0.3201712346609954,0.0007970884813929,0.3277921112683455,0.0,82.25,0
Thailand,1981,0,0,5.0,7.0,0.714,11.938,0.3275,12.0,5.0,12.0,1.0,0.167,0.3274609279585974,0.3274609279585974,0.2401284259957465,0.0007970884813929,0.3277921112683455,0.0,82.25,0
Thailand,1982,0,0,5.0,7.0,0.714,11.938,0.3275,12.0,5.0,12.0,1.0,0.167,0.3274609279585974,0.3274609279585974,0.1600856173304977,0.0007970884813929,0.3277921112683455,0.0,82.25,0
Thailand,1983,0,0,5.0,7.0,0.714,11.938,0.3275,12.0,5.0,12.0,1.0,0.167,0.3274609279585974,0.3274609279585974,0.0800428086652488,0.0007970884813929,0.3277921112683455,0.0,82.25,0
Thailand,1984,0,0,6.0,6.0,1.0,8.938,0.259,9.0,6.0,9.0,1.0,0.167,0.2589512576882857,0.2589512576882857,,1.0,,0.0,0.0,0
Thailand,1985,0,0,6.0,6.0,1.0,8.938,0.259,9.0,6.0,9.0,1.0,0.167,0.2589512576882857,0.2589512576882857,,1.0,,0.0,0.0,0
Thailand,1986,0,0,6.0,6.0,1.0,8.938,0.259,9.0,6.0,9.0,1.0,0.167,0.2589512576882857,0.2589512576882857,,1.0,,0.0,0.0,0
Thailand,1987,0,0,6.0,6.0,1.0,8.938,0.259,9.0,6.0,9.0,1.0,0.167,0.2589512576882857,0.2589512576882857,,1.0,,0.0,0.0,0
Thailand,1988,0,0,5.0,6.0,0.833,9.938,0.2975,10.0,5.0,10.0,1.0,0.167,0.2974568837309471,0.2974568837309471,0.0,0.0007970884813929,0.2977885945486496,0.0,35.25,0
Thailand,1989,0,0,5.0,6.0,0.833,9.938,0.2975,10.0,5.0,10.0,1.0,0.167,0.2974568837309471,0.2974568837309471,0.0,0.0007970884813929,0.2977885945486496,0.0,35.25,0
Thailand,1990,0,0,5.0,6.0,0.833,9.938,0.2975,10.0,5.0,10.0,1.0,0.167,0.2974568837309471,0.2974568837309471,0.0,0.0007970884813929,0.2977885945486496,0.0,35.25,0
Thailand,1991,0,0,5.0,6.0,0.833,9.938,0.2975,10.0,5.0,10.0,1.0,0.167,0.2974568837309471,0.2974568837309471,0.0,0.0007970884813929,0.2977885945486496,0.0,35.25,0
Thailand,1992,0,0,5.0,6.0,0.833,9.938,0.2975,10.0,5.0,10.0,1.0,0.167,0.2974568837309471,0.2974568837309471,0.0,0.0007970884813929,0.2977885945486496,0.0,35.25,0
Thailand,1993,0,0,5.0,6.0,0.833,9.938,0.2975,10.0,5.0,10.0,1.0,0.167,0.2974568837309471,0.2974568837309471,0.0,0.0007970884813929,0.2977885945486496,0.0,35.25,0
Thailand,1994,0,0,5.0,6.0,0.833,9.938,0.2975,10.0,5.0,10.0,1.0,0.167,0.2974568837309471,0.2974568837309471,0.0,0.0007970884813929,0.2977885945486496,0.0,35.25,0
Thailand,1995,0,0,5.0,6.0,0.833,9.938,0.2975,10.0,5.0,10.0,1.0,0.167,0.2974568837309471,0.2974568837309471,0.0,0.0007970884813929,0.2977885945486496,0.0,35.25,0
Thailand,1996,0,0,5.0,6.0,0.833,9.938,0.2975,10.0,5.0,10.0,1.0,0.167,0.2974568837309471,0.2974568837309471,0.0,0.0007970884813929,0.2977885945486496,0.0,35.25,0
Thailand,1997,0,0,5.0,6.0,0.833,9.938,0.2975,10.0,5.0,10.0,1.0,0.167,0.2974568837309471,0.2974568837309471,0.0,0.0007970884813929,0.2977885945486496,0.0,35.25,0
Thailand,1998,0,0,4.0,7.0,0.571,12.938,0.3762,13.0,4.0,13.0,1.0,0.167,0.3761538292718434,0.3761538292718434,0.0,0.0007970884813929,0.3765342589949533,0.0,123.375,0
Thailand,1999,0,0,4.0,7.0,0.571,12.938,0.3762,13.0,4.0,13.0,1.0,0.167,0.3761538292718434,0.3761538292718434,0.0,0.0007970884813929,0.3765342589949533,0.0,123.375,0
Thailand,2000,0,0,4.0,7.0,0.571,12.938,0.3762,13.0,4.0,13.0,1.0,0.167,0.3761538292718434,0.3761538292718434,0.0,0.0007970884813929,0.3765342589949533,0.0,123.375,0
Thailand,2001,0,0,4.0,7.0,0.571,12.938,0.3762,13.0,4.0,13.0,1.0,0.167,0.3761538292718434,0.3761538292718434,0.0,0.0007970884813929,0.3765342589949533,0.0,123.375,0
Thailand,2002,0,0,4.0,7.0,0.571,12.938,0.3762,13.0,4.0,13.0,1.0,0.167,0.3761538292718434,0.3761538292718434,0.0,0.0007970884813929,0.3765342589949533,0.0,123.375,0
Thailand,2003,1,0,4.0,7.0,0.571,12.938,0.3762,13.0,4.0,13.0,1.0,0.167,0.3761538292718434,0.3761538292718434,0.0,0.0007970884813929,0.3765342589949533,0.0,123.375,0
Thailand,2004,1,0,4.0,7.0,0.571,12.938,0.3762,13.0,4.0,13.0,1.0,0.167,0.3761538292718434,0.3761538292718434,0.0,0.0007970884813929,0.3765342589949533,0.0,123.375,0
Thailand,2005,1,0,4.0,7.0,0.571,12.938,0.3762,13.0,4.0,13.0,1.0,0.167,0.3761538292718434,0.3761538292718434,0.0,0.0007970884813929,0.3765342589949533,0.0,123.375,0
Thailand,2006,0,1,4.0,7.0,0.571,12.938,0.3762,13.0,4.0,13.0,1.0,0.167,0.3761538292718434,0.3761538292718434,0.0,0.0007970884813929,0.3765342589949533,0.0,123.375,0
Thailand,2007,0,0,4.0,7.0,0.571,12.938,0.3762,13.0,4.0,13.0,1.0,0.167,0.3761538292718434,0.3761538292718434,0.0,0.0007970884813929,0.3765342589949533,0.0,123.375,0
Thailand,2008,0,0,4.0,7.0,0.571,12.938,0.3762,13.0,4.0,13.0,1.0,0.167,0.3761538292718434,0.3761538292718434,0.0,0.0007970884813929,0.3765342589949533,0.0,123.375,0
Thailand,2009,0,0,4.0,7.0,0.571,12.938,0.3762,13.0,4.0,13.0,1.0,0.167,0.3761538292718434,0.3761538292718434,0.0,0.0007970884813929,0.3765342589949533,0.0,123.375,0
Thailand,2010,0,0,4.0,7.0,0.571,12.938,0.3762,13.0,4.0,13.0,1.0,0.167,0.3761538292718434,0.3761538292718434,0.0,0.0007970884813929,0.3765342589949533,0.0,123.375,0
Thailand,2011,1,0,4.0,7.0,0.571,12.938,0.3762,13.0,4.0,13.0,1.0,0.167,0.3761538292718434,0.3761538292718434,0.0,0.0007970884813929,0.3765342589949533,0.0,123.375,0
Thailand,2012,1,0,4.0,7.0,0.571,12.938,0.3762,13.0,4.0,13.0,1.0,0.167,0.3761538292718434,0.3761538292718434,0.0,0.0007970884813929,0.3765342589949533,0.0,123.375,0
Thailand,2013,1,0,4.0,7.0,0.571,12.938,0.3762,13.0,4.0,13.0,1.0,0.167,0.3761538292718434,0.3761538292718434,0.0,0.0007970884813929,0.3765342589949533,0.0,123.375,0
Thailand,2014,0,1,4.0,7.0,0.571,12.938,0.3762,13.0,4.0,13.0,1.0,0.167,0.3761538292718434,0.3761538292718434,0.0,0.0007970884813929,0.3765342589949533,0.0,123.375,0
Thailand,2015,0,0,4.0,7.0,0.571,12.938,0.3762,13.0,4.0,13.0,1.0,0.167,0.3761538292718434,0.3761538292718434,0.0,0.0007970884813929,0.3765342589949533,0.0,123.375,0
Thailand,2016,0,0,4.0,7.0,0.571,12.938,0.3762,13.0,4.0,13.0,1.0,0.167,0.3761538292718434,0.3761538292718434,0.0,0.0007970884813929,0.3765342589949533,0.0,123.375,0
Thailand,2017,0,0,4.0,7.0,0.571,12.938,0.3762,13.0,4.0,13.0,1.0,0.167,0.3761538292718434,0.3761538292718434,0.0,0.0007970884813929,0.3765342589949533,0.0,123.375,0
Thailand,2018,0,0,4.0,7.0,0.571,12.938,0.3762,13.0,4.0,13.0,1.0,0.167,0.3761538292718434,0.3761538292718434,0.0,0.0007970884813929,0.3765342589949533,0.0,123.375,0
Thailand,2019,0,0,4.0,7.0,0.571,12.938,0.3762,13.0,4.0,13.0,1.0,0.167,0.3761538292718434,0.3761538292718434,0.0,0.0007970884813929,0.3765342589949533,0.0,123.375,0
Thailand,2020,0,0,4.0,7.0,0.571,12.938,0.3762,13.0,4.0,13.0,1.0,0.167,0.3761538292718434,0.3761538292718434,0.0,0.0007970884813929,0.3765342589949533,0.0,123.375,0
Thailand,2021,0,0,4.0,7.0,0.571,12.938,0.3762,13.0,4.0,13.0,1.0,0.167,0.3761538292718434,0.3761538292718434,0.0,0.0007970884813929,0.3765342589949533,0.0,123.375,0
Thailand,2022,0,0,4.0,7.0,0.571,12.938,0.3762,13.0,4.0,13.0,1.0,0.167,0.3761538292718434,0.3761538292718434,0.0,0.0007970884813929,0.3765342589949533,0.0,123.375,0
Thailand,2023,0,0,4.0,7.0,0.571,12.938,0.3762,13.0,4.0,13.0,1.0,0.167,0.3761538292718434,0.3761538292718434,0.0,0.0007970884813929,0.3765342589949533,0.0,123.375,0
Türkiye,1900,0,0,6.525,4.225,1.544,3.312,0.1516,6.7,5.0,4.1,1.214,5.407,0.1515512069313622,0.1515512069313622,,0.1557810437507446,0.1248246809486487,0.75,-21.575,0
Türkiye,1901,0,0,6.5,4.175,1.557,3.275,0.1519,6.7,5.0,4.2,1.222,5.347,0.1518925643155269,0.1518925643155269,,0.1124361580954547,0.1315066792213595,0.875,-22.548000000000002,0
Türkiye,1902,0,0,6.525,4.45,1.466,3.912,0.1612,6.9,5.0,7.3,1.214,5.94,0.1612486299828441,0.1612486299828441,,0.14552275012655,0.1359560231403631,0.75,-21.05,0
Türkiye,1903,0,0,8.575,4.225,2.03,1.225,0.1124,5.3,6.2,5.3,1.095,6.547,0.1124473125808278,0.1124473125808278,,0.0973495502670048,0.1219722812855525,1.0,-55.47,0
Türkiye,1904,0,0,8.65,3.575,2.42,0.525,0.1095,3.3,7.0,4.8,1.066,6.227,0.1095322520661513,0.1095322520661513,,0.1073013829062103,0.1392375177591011,1.0,-75.68499999999999,0
Türkiye,1905,0,0,5.8,4.975,1.166,6.738,0.2216,11.0,4.0,11.6,1.156,6.993,0.2216337154232012,0.2216337154232012,0.8453743777385347,0.1152585407456466,0.2446936072650587,0.75,-2.3100000000000023,0
Türkiye,1906,0,0,5.675,5.1,1.113,6.988,0.2278,11.8,4.0,12.8,1.336,8.033,0.2277748944890025,0.2277748944890025,0.2739806285016392,0.1296131531689871,0.2598312226697282,0.625,13.989999999999998,0
Türkiye,1907,0,0,4.5,5.925,0.759,9.838,0.297,14.0,3.0,14.8,1.333,7.367,0.2970448440181748,0.2970448440181748,1.2711594807789066,0.2399578108407056,0.3881033473711642,0.25,73.5,0
Türkiye,1908,0,0,5.5,5.775,0.952,7.763,0.2307,13.8,3.0,11.3,1.389,7.833,0.230730370103284,0.230730370103284,0.8105489528131924,0.1915950326264067,0.3034605096314487,0.5,35.845,0
Türkiye,1909,0,0,4.75,5.8,0.819,8.825,0.2641,14.0,3.0,11.5,1.212,6.173,0.2640860689339097,0.2640860689339097,0.534792700472527,0.2766362508851946,0.3450074139257162,0.25,48.625,0
Türkiye,1910,0,0,4.75,5.925,0.802,9.05,0.2692,13.8,3.0,11.1,1.212,5.627,0.2692375552305334,0.2692375552305334,0.3711032881073746,0.2100773304044809,0.3328520054699328,0.125,49.01,0
Türkiye,1911,0,0,5.25,5.8,0.905,8.188,0.2446,13.8,3.0,10.6,1.133,4.727,0.2446023707555535,0.2446023707555535,0.6206294743180965,0.2640920578172224,0.3146529918937323,0.5,28.599999999999998,0
Türkiye,1912,0,0,6.0,5.325,1.127,6.375,0.2035,10.0,5.0,4.6,1.0,3.48,0.203451496838533,0.203451496838533,0.6650722501399668,0.1004890050531231,0.2190087180673564,0.75,-5.295,0
Türkiye,1913,0,0,4.65,5.9,0.788,9.112,0.2735,13.8,3.0,11.6,1.258,4.5,0.273538958102677,0.273538958102677,0.3322427570429744,0.31432400762858,0.344733375227391,0.125,47.05,0
Türkiye,1914,0,0,5.75,5.75,1.0,7.488,0.224,12.0,4.0,6.6,0.977,2.433,0.2239701170384485,0.2239701170384485,0.4822015737561392,0.2847566299904168,0.2562797303631896,0.625,5.179999999999998,0
Türkiye,1915,0,0,6.75,5.125,1.317,5.113,0.1767,9.8,5.0,3.6,0.98,2.793,0.1767499841063882,0.1767499841063882,0.9258059741149148,0.1077305585465355,0.173997393229469,0.75,-27.045,0
Türkiye,1916,0,0,6.9,5.575,1.238,5.25,0.1678,7.5,6.0,5.6,1.023,3.707,0.1677572439916345,0.1677572439916345,0.8149977218399881,0.0995587037388801,0.1721230446799845,0.75,-14.645000000000001,0
Türkiye,1917,0,0,5.65,6.0,0.942,8.212,0.2383,11.3,4.0,10.3,1.005,2.9,0.238269146693292,0.238269146693292,0.3218355782355406,0.1082553627883931,0.2542761840615156,0.375,14.215,0
Türkiye,1918,0,0,6.525,5.75,1.135,6.725,0.2027,10.1,5.0,6.6,0.954,2.013,0.2027487062276224,0.2027487062276224,0.871073509960575,0.1165136970178428,0.1982931442917778,0.75,-15.495,0
Türkiye,1919,0,0,6.5,5.75,1.13,6.788,0.2039,10.1,5.0,6.6,0.96,2.22,0.2039242062790778,0.2039242062790778,0.6143913953375771,0.0870963435832317,0.2078174054120359,0.75,-17.520000000000003,0
Türkiye,1920,0,0,6.875,5.3,1.297,5.675,0.1877,8.3,6.0,3.8,0.952,1.667,0.1876748448443254,0.1876748448443254,0.5493942084055335,0.1473453620116096,0.1743192272899315,0.75,-33.3,0
Türkiye,1921,0,0,4.75,6.6,0.72,10.125,0.285,11.7,4.0,13.5,0.972,2.227,0.2850397020540742,0.2850397020540742,1.287722009340741,0.1245913380021856,0.3191629577899615,0.25,63.17,0
Türkiye,1922,0,0,4.75,6.675,0.712,10.487,0.2933,10.7,5.0,14.1,0.867,1.26,0.2933423240119645,0.2933423240119645,1.4724244422880666,0.1617105032908494,0.3300152950105053,0.25,66.875,0
Türkiye,1923,0,0,6.275,6.625,0.947,8.262,0.2217,7.1,7.0,10.1,0.78,0.473,0.2217122845078113,0.2217122845078113,0.6560273759272157,0.0766555012578955,0.2419043819028939,0.5,13.799999999999999,0
Türkiye,1924,0,0,7.075,6.375,1.11,6.65,0.1854,5.3,7.0,9.1,0.998,3.227,0.1854187791201172,0.1854187791201172,1.132377465577448,0.0852068365460061,0.192957759886977,0.625,-4.2000000000000055,0
UAE,1970,0,0,4.875,5.375,0.907,8.562,0.2713,5.5,5.0,8.0,1.042,0.1,0.2713041887184063,0.2713041887184063,,0.245346289576811,0.3282841956995215,0.5,29.25,0
UAE,1971,0,0,5.125,5.375,0.953,8.312,0.2623,5.5,5.0,7.0,0.962,-0.3,0.2622569834272214,0.2622569834272214,,0.2214330878919627,0.3187194293272377,0.5,26.25,0
UAE,1972,0,0,4.875,6.125,0.796,9.75,0.2844,6.5,5.0,10.0,1.042,0.4,0.2844250958945479,0.2844250958945479,,0.5168099448915324,0.3966434737622191,0.0,57.75,0
UAE,1973,0,0,4.625,6.625,0.698,11.562,0.3326,8.0,5.0,12.5,1.136,1.7,0.3326141119021553,0.3326141119021553,,0.2372534246571699,0.3873256986616314,0.0,99.0,0
UAE,1974,0,0,4.0,7.375,0.542,13.438,0.3823,10.0,4.0,15.5,1.296,2.3,0.3822737677906811,0.3822737677906811,,0.1380941592883646,0.4473250162030796,0.0,175.625,0
UAE,1975,0,0,3.625,7.875,0.46,15.312,0.4443,12.5,4.0,16.0,1.019,1.033,0.4442672533499222,0.4442672533499222,0.2500499992633035,0.0745938744336733,0.4839336212169387,0.0,247.375,0
UAE,1976,0,0,3.5,7.875,0.444,15.562,0.4569,12.5,4.0,17.0,1.078,1.433,0.4568755387321077,0.4568755387321077,0.1635394207314173,0.0711265149024532,0.4968271897073677,0.0,258.0,0
UAE,1977,0,0,3.875,8.625,0.449,16.75,0.4647,14.5,4.0,18.0,0.917,-0.4,0.4646752193037924,0.4646752193037924,0.2458632899212293,0.056889562863194,0.49821125420972,0.0,311.75,0
UAE,1978,0,0,4.25,8.625,0.493,16.562,0.4476,16.0,4.0,18.0,0.909,-0.167,0.4475995949348095,0.4475995949348095,0.3291710738588977,0.0469519719152649,0.4696187448190048,0.0,291.0,0
UAE,1979,0,0,4.375,8.625,0.507,16.312,0.4358,17.0,4.0,16.0,0.87,-1.1,0.435789480461322,0.435789480461322,0.4581733782129535,0.0310640752025564,0.4482474881164724,0.0,275.5,0
UAE,1980,0,0,4.125,8.625,0.478,16.562,0.4509,17.0,4.0,17.0,0.952,-0.7,0.4509393693815645,0.4509393693815645,0.2321031973872636,0.029723694133003,0.4631251413922673,0.0,291.5,0
UAE,1981,0,0,4.25,8.625,0.493,16.438,0.4438,17.0,4.0,17.0,0.909,-0.9,0.4437687008467888,0.4437687008467888,0.1883684145391472,0.0386064710391842,0.4612603432768243,0.0,283.5,0
UAE,1982,0,0,4.5,8.75,0.514,16.5,0.4361,17.0,4.0,16.0,0.942,-0.8,0.4361125468095798,0.4361125468095798,0.1582945905162137,0.0335437183827164,0.4486437900568796,0.0,286.5,0
UAE,1983,0,0,5.125,9.25,0.554,17.312,0.431,18.5,4.0,16.5,1.067,0.767,0.430979157461933,0.430979157461933,0.2582139734360314,0.0143281346797657,0.4394215650955713,0.0,317.0,0
UAE,1984,0,0,5.25,9.25,0.568,17.188,0.4241,18.5,4.0,16.5,1.026,0.567,0.4240525711235899,0.4240525711235899,0.1787869241341926,0.021762667627597,0.4369454218403174,0.0,306.875,0
UAE,1985,0,0,5.75,9.5,0.605,17.062,0.402,19.5,4.0,15.5,1.071,1.433,0.4019586414397803,0.4019586414397803,0.3174378020007443,0.042630423850393,0.4298707046425022,0.0,298.625,0
UAE,1986,0,0,3.5,9.625,0.364,19.938,0.567,21.0,3.0,19.5,1.078,1.233,0.5669693176286685,0.5669693176286685,0.2524659198875413,0.0164250190461687,0.5816731836221175,0.0,527.125,0
UAE,1987,0,0,3.0,9.625,0.312,20.438,0.6063,21.0,3.0,20.5,1.0,0.967,0.6062521414589777,0.6062521414589777,0.2434346973168679,0.0101098846578373,0.6129609788426873,0.0,565.375,0
UAE,1988,0,0,3.0,9.625,0.312,20.438,0.6063,21.0,3.0,20.5,1.0,0.967,0.6062521414589777,0.6062521414589777,0.1874816732443288,0.0101098846578373,0.6129609788426873,0.0,565.375,0
UAE,1989,0,0,2.625,10.0,0.262,21.688,0.6645,22.0,3.0,23.0,1.026,0.833,0.6644880555423558,0.6644880555423558,0.1652618301845125,0.0061185997311611,0.6745029197787199,0.0,678.875,0
UAE,1990,0,0,2.625,10.0,0.262,21.688,0.6645,22.0,3.0,23.0,1.026,0.833,0.6644880555423558,0.6644880555423558,0.1256339873532487,0.0061185997311611,0.6745029197787199,0.0,678.875,0
UAE,1991,0,0,3.25,10.0,0.325,21.062,0.6099,22.0,3.0,23.0,1.222,1.433,0.6099270635343635,0.6099270635343635,0.124112532270101,0.0079068729049128,0.6221450406497466,0.0,622.25,0
UAE,1992,0,0,3.625,10.0,0.362,20.688,0.5785,22.0,3.0,22.0,1.176,1.367,0.5785274392209663,0.5785274392209663,0.1417430900144142,0.0063980533997559,0.5875292677923668,0.0,584.75,0
UAE,1993,0,0,3.25,10.0,0.325,21.062,0.6093,22.0,3.0,22.0,1.222,1.433,0.6092827138123956,0.6092827138123956,0.0348766332615678,0.0065220724795714,0.6185730974125483,0.0,622.25,0
UAE,1994,0,0,3.75,10.0,0.375,20.562,0.5682,22.0,3.0,21.0,1.111,1.167,0.5682255507085032,0.5682255507085032,0.089206052988434,0.0057927530709041,0.5756797083198106,0.0,574.75,0
UAE,1995,0,0,4.25,10.0,0.425,20.062,0.5318,22.0,3.0,20.0,0.909,0.367,0.5317941973353213,0.5317941973353213,0.1971549559258045,0.0117664769222032,0.5473826108078584,0.0,528.5,0
UAE,1996,0,0,4.0,10.0,0.4,20.312,0.5494,22.0,3.0,20.0,1.0,0.767,0.5494477062330668,0.5494477062330668,0.1094014718180897,0.0075836693552868,0.5595431801296042,0.0,551.0,0
UAE,1997,0,0,3.75,10.0,0.375,20.562,0.5691,22.0,3.0,20.0,0.965,0.633,0.5690666604291694,0.5690666604291694,0.0795955000111503,0.0084687773901465,0.5808577606806619,0.0,576.0,0
UAE,1998,0,0,3.5,10.0,0.35,20.812,0.5888,22.0,3.0,20.0,1.078,1.033,0.5888210199583868,0.5888210199583868,0.0889432965730601,0.0075680802770977,0.5994965665976811,0.0,599.75,0
UAE,1999,0,0,4.25,10.0,0.425,20.062,0.5317,21.0,4.0,20.0,1.316,1.433,0.5316626853069973,0.5316626853069973,0.165284270903535,0.0107632137428181,0.5453120437905034,0.0,531.0,0
UAE,2000,0,0,4.75,10.0,0.475,19.562,0.4976,21.0,4.0,20.0,1.5,2.233,0.4975685581505522,0.4975685581505522,0.2359552083622202,0.0186758851706844,0.5193149294157378,0.0,485.75,0
UAE,2001,0,0,5.625,10.0,0.562,18.562,0.4401,21.0,4.0,19.0,1.594,3.3,0.4400968355778155,0.4400968355778155,0.3775002397136754,0.0451144624538877,0.4840013628386868,0.0,402.25,0
UAE,2002,0,0,6.75,9.625,0.701,16.312,0.3616,20.0,5.0,18.0,1.437,5.567,0.3616375052171092,0.3616375052171092,0.8184029240193398,0.1926264693016848,0.4638129179077126,0.0,264.0,0
UAE,2003,0,0,5.625,9.75,0.577,17.938,0.4265,20.0,5.0,19.0,1.218,3.367,0.4265040767653674,0.4265040767653674,0.1186281803787875,0.040533180569438,0.4557856579486631,0.0,369.25,0
UAE,2004,0,0,4.25,10.0,0.425,19.938,0.5268,21.0,4.0,21.0,1.167,1.233,0.5267779639965307,0.5267779639965307,0.2520374213274461,0.0086307498670826,0.5374973768650547,0.0,523.125,0
UAE,2005,0,0,4.375,10.0,0.438,19.938,0.5211,21.0,4.0,20.0,0.985,0.7,0.5210571249353999,0.5210571249353999,0.3620284215500992,0.0060432841624167,0.5279445147947777,0.0,517.0,0
UAE,2006,0,0,4.125,10.0,0.412,20.375,0.5461,21.0,4.0,21.0,0.952,0.6,0.5460952173444846,0.5460952173444846,0.3626629002420766,0.0037458340773425,0.5503302636498346,0.0,552.75,0
UAE,2007,0,0,3.75,10.0,0.375,20.812,0.5796,21.0,4.0,21.0,0.965,0.5,0.5795534170306456,0.5795534170306456,0.3208781216769772,0.0059301024211168,0.5887313115118581,0.0,597.0,0
UAE,2008,0,0,4.25,10.0,0.425,20.438,0.5443,21.0,4.0,21.0,0.909,0.433,0.5442684313704041,0.5442684313704041,0.172104690631979,0.0040793288072084,0.5496242209332157,0.0,553.25,0
UAE,2009,0,0,5.125,10.0,0.512,19.438,0.4795,21.0,4.0,20.0,0.962,0.433,0.4794985139510943,0.4794985139510943,0.1646140923511694,0.011536282657916,0.4919656352497724,0.0,464.375,0
UAE,2010,0,0,5.125,10.0,0.512,19.438,0.4795,21.0,4.0,20.0,0.962,0.433,0.4794985139510943,0.4794985139510943,0.1332852796565261,0.011536282657916,0.4919656352497724,0.0,464.375,0
UAE,2011,0,0,4.375,10.0,0.438,20.312,0.5349,21.0,4.0,21.0,0.87,0.233,0.5349429779894904,0.5349429779894904,0.0435016991531196,0.0041279336612254,0.5403326938491871,0.0,540.75,0
UAE,2012,0,0,4.0,10.0,0.4,20.688,0.5632,21.0,4.0,21.0,1.0,0.833,0.5632220616424045,0.5632220616424045,0.0953844410955582,0.0029364357775347,0.5673840701458803,0.0,578.25,0
UAE,2013,0,0,4.75,10.0,0.475,20.062,0.5135,21.0,4.0,20.0,1.212,1.433,0.513465551154574,0.513465551154574,0.2144503678858428,0.0114959014459461,0.5283042536199576,0.0,515.5,0
UAE,2014,0,0,5.375,10.0,0.538,19.312,0.4709,21.0,4.0,19.0,1.319,2.367,0.4708840281814512,0.4708840281814512,0.4039827278541471,0.0365308015486056,0.5097027990285019,0.0,452.875,0
UAE,2015,0,0,4.5,10.0,0.45,20.5,0.5381,21.0,4.0,20.0,1.333,1.333,0.538084347499043,0.538084347499043,0.1261850900724482,0.0082214676220203,0.5498444879162512,0.0,550.0,0
UAE,2016,0,0,3.375,10.0,0.338,21.625,0.6269,22.0,3.0,21.0,0.98,-0.067,0.6269346495159606,0.6269346495159606,0.1651703431858647,0.0013016553028136,0.6295762536749577,0.0,662.5,0
UAE,2017,0,0,3.375,10.0,0.338,21.625,0.6269,22.0,3.0,21.0,0.98,-0.067,0.6269346495159606,0.6269346495159606,0.1647385051029785,0.0013016553028136,0.6295762536749577,0.0,662.5,0
UAE,2018,0,0,3.625,10.0,0.362,21.375,0.6062,22.0,3.0,21.0,1.019,0.067,0.6061962374529373,0.6061962374529373,0.1548203825203149,0.002949090617544,0.6116940641551938,0.0,637.5,0
UAE,2019,0,0,3.625,10.0,0.362,21.375,0.6062,22.0,3.0,21.0,1.019,0.067,0.6061962374529373,0.6061962374529373,0.1176824651157163,0.002949090617544,0.6116940641551938,0.0,637.5,0
USA,1900,0,0,2.975,5.85,0.509,11.4,0.3709,10.5,2.8,11.5,1.208,0.533,0.3709366282522706,0.3709366282522706,,0.070486743335458,0.3949187593966632,0.0,95.375,0
USA,1901,0,0,2.975,5.85,0.509,11.4,0.3709,10.5,2.8,11.5,1.208,0.533,0.3709366282522706,0.3709366282522706,,0.070486743335458,0.3949187593966632,0.0,95.375,0
USA,1902,0,0,2.975,5.85,0.509,11.4,0.3709,10.5,2.8,11.5,1.208,0.533,0.3709366282522706,0.3709366282522706,,0.070486743335458,0.3949187593966632,0.0,95.375,0
USA,1903,0,0,2.975,5.85,0.509,11.4,0.3709,10.5,2.8,11.5,1.208,0.533,0.3709366282522706,0.3709366282522706,,0.070486743335458,0.3949187593966632,0.0,95.375,0
USA,1904,0,0,2.975,5.85,0.509,11.4,0.3709,10.5,2.8,11.5,1.208,0.533,0.3709366282522706,0.3709366282522706,,0.070486743335458,0.3949187593966632,0.0,95.375,0
USA,1905,0,0,2.975,5.85,0.509,11.4,0.3709,10.5,2.8,11.5,1.208,0.533,0.3709366282522706,0.3709366282522706,0.0,0.070486743335458,0.3949187593966632,0.0,95.375,0
USA,1906,0,0,2.975,5.85,0.509,11.4,0.3709,10.5,2.8,11.5,1.208,0.533,0.3709366282522706,0.3709366282522706,0.0,0.070486743335458,0.3949187593966632,0.0,95.375,0
USA,1907,0,0,3.75,5.45,0.688,9.562,0.3097,10.1,2.8,9.5,1.345,1.967,0.3096546027247944,0.3096546027247944,0.8507527252846323,0.1035519790830785,0.3412571478572272,0.125,49.833,0
USA,1908,0,0,3.025,5.825,0.519,11.212,0.3634,10.5,2.8,11.5,1.256,0.873,0.3634414054522213,0.3634414054522213,0.0860924808767104,0.056517115900642,0.3813825865786451,0.0,87.983,0
USA,1909,0,0,3.025,5.825,0.519,11.212,0.3634,10.5,2.8,11.5,1.256,0.873,0.3634414054522213,0.3634414054522213,0.1010105907883922,0.056517115900642,0.3813825865786451,0.0,87.983,0
USA,1910,0,0,3.025,6.1,0.496,11.725,0.3734,10.5,2.8,12.1,1.174,0.147,0.3733952955790284,0.3733952955790284,0.2161008032210661,0.0629100465700643,0.3963846066339505,0.0,103.31,0
USA,1911,0,0,3.025,6.1,0.496,11.725,0.3734,10.5,2.8,12.1,1.174,0.147,0.3733952955790284,0.3733952955790284,0.2064951632702643,0.0629100465700643,0.3963846066339505,0.0,103.31,0
USA,1912,0,0,3.025,6.1,0.496,11.725,0.3734,10.5,2.8,12.1,1.174,0.147,0.3733952955790284,0.3733952955790284,0.2005695862314519,0.0629100465700643,0.3963846066339505,0.0,103.31,0
USA,1913,0,0,3.025,6.1,0.496,11.725,0.3734,10.5,2.8,12.1,1.174,0.147,0.3733952955790284,0.3733952955790284,0.0553531871923927,0.0629100465700643,0.3963846066339505,0.0,103.31,0
USA,1914,0,0,3.025,6.1,0.496,11.725,0.3734,10.5,2.8,12.1,1.174,0.147,0.3733952955790284,0.3733952955790284,0.0276765935961963,0.0629100465700643,0.3963846066339505,0.0,103.31,0
USA,1915,0,0,3.025,6.1,0.496,11.725,0.3734,10.5,2.8,12.1,1.174,0.147,0.3733952955790284,0.3733952955790284,0.0,0.0629100465700643,0.3963846066339505,0.0,103.31,0
USA,1916,0,0,3.025,6.1,0.496,11.725,0.3734,10.5,2.8,12.1,1.174,0.147,0.3733952955790284,0.3733952955790284,0.0,0.0629100465700643,0.3963846066339505,0.0,103.31,0
USA,1917,0,0,3.925,6.7,0.586,12.112,0.3567,10.9,3.6,13.0,1.147,0.873,0.356684660746096,0.356684660746096,0.2168629962142543,0.0422193069085826,0.3739903190610819,0.0,104.31,0
USA,1918,0,0,3.85,7.15,0.538,13.112,0.3784,11.9,3.0,14.1,1.185,0.607,0.3784365937018558,0.3784365937018558,0.3483559241528221,0.0233316436929177,0.3870045944377452,0.0,131.78,0
USA,1919,0,0,4.075,5.925,0.688,10.475,0.3233,10.3,3.2,10.5,1.163,1.773,0.3233484483932758,0.3233484483932758,0.3664311542802188,0.0875630256947029,0.342400590393969,0.0,62.315,0
USA,1920,0,0,3.125,5.9,0.53,11.312,0.3643,10.3,3.0,11.5,1.111,0.127,0.3643129131992126,0.3643129131992126,0.2830884159773758,0.0765468852232212,0.3913268539796561,0.0,93.5,0
USA,1921,0,0,3.5,5.55,0.631,10.35,0.3368,10.3,3.0,11.5,1.444,2.693,0.3368130426125065,0.3368130426125065,0.4027917214522696,0.0968486785099173,0.3696678482595539,0.125,68.4,0
USA,1922,0,0,2.95,5.925,0.498,11.588,0.3759,10.7,2.6,11.7,1.225,0.247,0.3758968659363033,0.3758968659363033,0.2199685286423291,0.0614144628238911,0.3976740661245641,0.0,99.425,0
USA,1923,0,0,2.95,5.925,0.498,11.588,0.3759,10.7,2.6,11.7,1.225,0.247,0.3758968659363033,0.3758968659363033,0.18457806111712,0.0614144628238911,0.3976740661245641,0.0,99.425,0
USA,1924,0,0,2.95,5.925,0.498,11.588,0.3759,10.7,2.6,11.7,1.225,0.247,0.3758968659363033,0.3758968659363033,0.1449655797604927,0.0614144628238911,0.3976740661245641,0.0,99.425,0
USA,1925,0,0,2.975,6.65,0.447,13.1,0.4082,11.5,3.0,14.0,1.167,0.213,0.4082354553730813,0.4082354553730813,0.196491639040674,0.0838226851150404,0.4476055097950124,0.0,154.25,0
USA,1926,1,0,2.975,6.65,0.447,13.1,0.4082,11.5,3.0,14.0,1.167,0.213,0.4082354553730813,0.4082354553730813,0.1776718540031486,0.0838226851150404,0.4476055097950124,0.0,154.25,0
USA,1927,1,0,2.975,6.65,0.447,13.1,0.4082,11.5,3.0,14.0,1.167,0.213,0.4082354553730813,0.4082354553730813,0.1159432028956351,0.0838226851150404,0.4476055097950124,0.0,154.25,1
USA,1928,1,0,2.975,6.65,0.447,13.1,0.4082,11.5,3.0,14.0,1.167,0.213,0.4082354553730813,0.4082354553730813,0.0772954685970901,0.0838226851150404,0.4476055097950124,0.0,154.25,1
USA,1929,0,1,5.05,5.275,0.957,8.062,0.2574,9.2,4.0,8.3,1.366,3.3,0.2574011199626599,0.2574011199626599,1.2517822619303898,0.1817535819315169,0.2649942169034128,0.25,10.219000000000001,1
USA,1930,0,0,5.875,4.45,1.32,5.4,0.2018,7.7,4.2,5.2,1.417,4.16,0.2018278036985499,0.2018278036985499,0.980676975507986,0.0660890342619363,0.1795326665098843,0.625,-22.47,0
USA,1931,0,0,6.525,4.325,1.509,4.0,0.1696,6.4,4.6,3.2,1.44,4.32,0.1696448091814042,0.1696448091814042,1.006278029752076,0.0858714702029032,0.1456166129598918,0.875,-29.456,0
USA,1932,0,0,7.075,4.025,1.758,2.713,0.1479,5.8,5.0,1.2,1.416,4.66,0.1479204022978406,0.1479204022978406,0.5335623320977846,0.0600227847259442,0.1264814418139881,0.875,-36.97,0
USA,1933,0,0,6.25,4.725,1.323,5.488,0.196,6.6,5.0,7.8,1.42,4.087,0.1959767005395374,0.1959767005395374,0.6255813390419032,0.0894657334900451,0.1738127582562078,0.75,-26.14,0
USA,1934,0,0,5.55,5.125,1.083,6.8,0.2215,8.0,4.0,9.6,1.366,3.68,0.221458155612521,0.221458155612521,0.3988523248174643,0.0331908325266999,0.2142944139193477,0.5,-3.8500000000000014,0
USA,1935,0,0,4.825,5.55,0.869,8.612,0.2673,8.7,3.8,11.0,1.312,1.94,0.2672610906667718,0.2672610906667718,1.30325057632847,0.1090544451618741,0.2938579636176032,0.375,24.945999999999998,0
USA,1936,0,0,4.825,5.55,0.869,8.612,0.2673,8.7,3.8,11.0,1.312,1.94,0.2672610906667718,0.2672610906667718,1.0413365933766214,0.1090544451618741,0.2938579636176032,0.375,24.945999999999998,0
USA,1937,0,0,4.825,5.55,0.869,8.612,0.2673,8.7,3.8,11.0,1.312,1.94,0.2672610906667718,0.2672610906667718,0.7579390956738732,0.1090544451618741,0.2938579636176032,0.375,24.945999999999998,0
USA,1938,0,0,4.825,5.55,0.869,8.612,0.2673,8.7,3.8,11.0,1.312,1.94,0.2672610906667718,0.2672610906667718,0.5207226102285208,0.1090544451618741,0.2938579636176032,0.375,24.945999999999998,0
USA,1939,0,0,3.95,5.95,0.664,10.438,0.3209,9.3,3.2,12.6,1.076,1.233,0.3209482252921866,0.3209482252921866,0.6910237729377213,0.0491386035186638,0.3338690273835783,0.0,63.875,0
USA,1940,0,0,3.6,6.65,0.541,12.175,0.3641,11.5,3.0,13.0,0.942,-0.147,0.3640860082076403,0.3640860082076403,0.6701314797893917,0.0356217334387127,0.3792031382750863,0.0,108.27499999999999,0
USA,1941,0,0,3.85,7.625,0.505,14.538,0.4142,14.0,3.0,15.5,0.952,-0.473,0.4141794087257185,0.4141794087257185,0.5612127856934495,0.0160370352717758,0.4205372528460441,0.0,180.145,0
USA,1942,0,0,3.85,7.625,0.505,14.538,0.4142,14.0,3.0,15.5,0.952,-0.473,0.4141794087257185,0.4141794087257185,0.3954268827098385,0.0160370352717758,0.4205372528460441,0.0,180.145,0
USA,1943,0,0,3.45,7.85,0.439,15.262,0.4417,14.0,3.0,15.7,0.918,-1.127,0.4416545309334473,0.4416545309334473,0.2784981603920913,0.0173391476286562,0.4492300684770097,0.0,212.25,0
USA,1944,0,0,3.45,7.85,0.439,15.262,0.4417,14.0,3.0,15.7,0.918,-1.127,0.4416545309334473,0.4416545309334473,0.1896173144203424,0.0173391476286562,0.4492300684770097,0.0,212.25,0
USA,1945,0,0,3.15,7.5,0.42,14.912,0.4484,14.0,3.0,16.5,1.096,0.127,0.4483870246362381,0.4483870246362381,0.1348766925172037,0.0168623312117635,0.458428434296619,0.0,201.213,0
USA,1946,0,0,3.275,7.125,0.46,13.862,0.4186,14.0,3.0,13.6,1.097,0.153,0.4185750321841571,0.4185750321841571,0.2970334366512571,0.0144965901776101,0.4274783240093009,0.0,162.76,0
USA,1947,0,0,3.275,7.125,0.46,13.862,0.4186,14.0,3.0,13.6,1.097,0.153,0.4185750321841571,0.4185750321841571,0.2404191770257511,0.0144965901776101,0.4274783240093009,0.0,162.76,0
USA,1948,0,0,3.275,7.125,0.46,13.862,0.4186,14.0,3.0,13.6,1.097,0.153,0.4185750321841571,0.4185750321841571,0.1843844817511784,0.0144965901776101,0.4274783240093009,0.0,162.76,0
USA,1949,0,0,3.275,7.125,0.46,13.862,0.4186,14.0,3.0,13.6,1.097,0.153,0.4185750321841571,0.4185750321841571,0.1148301138475769,0.0144965901776101,0.4274783240093009,0.0,162.76,0
USA,1950,0,0,3.275,7.35,0.446,14.413,0.4315,14.0,3.0,13.4,0.872,-0.993,0.4315403450037472,0.4315403450037472,0.1509350900541411,0.0127657911858988,0.4402168740502152,0.0,179.155,0
USA,1951,0,0,3.275,7.35,0.446,14.413,0.4315,14.0,3.0,13.4,0.872,-0.993,0.4315403450037472,0.4315403450037472,0.1185163996418236,0.0127657911858988,0.4402168740502152,0.0,179.155,0
USA,1952,0,0,3.275,7.35,0.446,14.413,0.4315,14.0,3.0,13.4,0.872,-0.993,0.4315403450037472,0.4315403450037472,0.0888872997313677,0.0127657911858988,0.4402168740502152,0.0,179.155,0
USA,1953,0,0,3.275,7.35,0.446,14.413,0.4315,14.0,3.0,13.4,0.872,-0.993,0.4315403450037472,0.4315403450037472,0.0592581998209118,0.0127657911858988,0.4402168740502152,0.0,179.155,0
USA,1954,0,0,3.125,7.25,0.431,14.312,0.4342,14.0,3.0,13.8,0.938,-1.153,0.4342440179460904,0.4342440179460904,0.0732848221111184,0.0102623705618116,0.4394423537287578,0.0,177.22,0
USA,1955,0,0,3.125,7.25,0.431,14.312,0.4342,14.0,3.0,13.8,0.938,-1.153,0.4342440179460904,0.4342440179460904,0.0541655556150078,0.0102623705618116,0.4394423537287578,0.0,177.22,0
USA,1956,0,0,3.125,7.25,0.431,14.312,0.4342,14.0,3.0,13.8,0.938,-1.153,0.4342440179460904,0.4342440179460904,0.0406241667112559,0.0102623705618116,0.4394423537287578,0.0,177.22,0
USA,1957,0,0,3.125,7.25,0.431,14.312,0.4342,14.0,3.0,13.8,0.938,-1.153,0.4342440179460904,0.4342440179460904,0.0270827778075039,0.0102623705618116,0.4394423537287578,0.0,177.22,0
USA,1958,0,0,3.125,7.25,0.431,14.312,0.4342,14.0,3.0,13.8,0.938,-1.153,0.4342440179460904,0.4342440179460904,0.0135413889037519,0.0102623705618116,0.4394423537287578,0.0,177.22,0
USA,1959,0,0,3.125,7.25,0.431,14.312,0.4342,14.0,3.0,13.8,0.938,-1.153,0.4342440179460904,0.4342440179460904,0.0,0.0102623705618116,0.4394423537287578,0.0,177.22,0
USA,1960,0,0,3.125,7.25,0.431,14.312,0.4342,14.0,3.0,13.8,0.938,-1.153,0.4342440179460904,0.4342440179460904,0.0,0.0102623705618116,0.4394423537287578,0.0,177.22,0
USA,1961,0,0,3.125,7.25,0.431,14.312,0.4342,14.0,3.0,13.8,0.938,-1.153,0.4342440179460904,0.4342440179460904,0.0,0.0102623705618116,0.4394423537287578,0.0,177.22,0
USA,1962,0,0,3.375,7.35,0.459,14.262,0.4241,14.0,3.0,13.0,0.833,-1.447,0.4240923282378621,0.4240923282378621,0.0940329944854042,0.0168883264645292,0.4343099797482849,0.0,173.4,0
USA,1963,0,0,3.725,7.3,0.51,13.738,0.3997,14.0,3.0,12.6,0.842,-1.54,0.3996879809616121,0.3996879809616121,0.1550398518894067,0.0244558320545468,0.4132472272535409,0.0,153.805,0
USA,1964,0,0,3.725,7.3,0.51,13.738,0.3997,14.0,3.0,12.6,0.842,-1.54,0.3996879809616121,0.3996879809616121,0.1225589967086536,0.0244558320545468,0.4132472272535409,0.0,153.805,0
USA,1965,0,0,3.725,7.3,0.51,13.738,0.3997,14.0,3.0,12.6,0.842,-1.54,0.3996879809616121,0.3996879809616121,0.0902442071449559,0.0244558320545468,0.4132472272535409,0.0,153.805,0
USA,1966,0,0,3.725,7.3,0.51,13.738,0.3997,14.0,3.0,12.6,0.842,-1.54,0.3996879809616121,0.3996879809616121,0.0583719403554397,0.0244558320545468,0.4132472272535409,0.0,153.805,0
USA,1967,0,0,4.675,7.1,0.658,11.962,0.331,13.6,3.4,8.3,0.827,-1.5,0.3310278484252787,0.3310278484252787,0.9023165404768756,0.109473278717149,0.3706966581531837,0.125,98.61,0
USA,1968,0,0,5.55,6.3,0.881,9.362,0.2666,10.6,4.0,4.6,0.8,-2.727,0.2665837924301848,0.2665837924301848,0.8282933359659722,0.0865872734802911,0.2883222607790442,0.375,35.598,0
USA,1969,0,0,5.0,6.425,0.778,10.238,0.2908,10.6,4.0,7.9,0.84,-1.593,0.2908320776562909,0.2908320776562909,0.7445749211941953,0.1370123922558725,0.3195586943162253,0.25,48.792,0
USA,1970,0,0,5.0,6.425,0.778,10.238,0.2908,10.6,4.0,7.9,0.84,-1.593,0.2908320776562909,0.2908320776562909,0.5769418119101808,0.1370123922558725,0.3195586943162253,0.25,48.792,0
USA,1971,0,0,5.0,6.425,0.778,10.238,0.2908,10.6,4.0,7.9,0.84,-1.593,0.2908320776562909,0.2908320776562909,0.4139424869738965,0.1370123922558725,0.3195586943162253,0.25,48.792,0
USA,1972,0,0,5.0,6.425,0.778,10.238,0.2908,10.6,4.0,7.9,0.84,-1.593,0.2908320776562909,0.2908320776562909,0.2642941502325355,0.1370123922558725,0.3195586943162253,0.25,48.792,0
USA,1973,0,0,5.65,5.825,0.97,8.3,0.2465,10.5,4.0,3.6,0.949,0.053,0.2464782073527245,0.2464782073527245,0.8615778379325777,0.1434732248562369,0.2544883201422399,0.5,10.862999999999996,0
USA,1974,0,0,6.175,5.475,1.128,7.012,0.2197,9.3,4.8,1.0,0.955,-0.14,0.2196545226707087,0.2196545226707087,0.8788149769098279,0.0515199970224654,0.2082565070222186,0.625,-9.724999999999998,0
USA,1975,0,0,4.95,5.875,0.843,9.275,0.2776,9.7,4.4,8.7,1.061,0.28,0.2776213454624089,0.2776213454624089,0.7163538085668251,0.0561825366044878,0.2848505904336728,0.0,27.22499999999999,0
USA,1976,0,0,4.95,5.875,0.843,9.275,0.2776,9.7,4.4,8.7,1.061,0.28,0.2776213454624089,0.2776213454624089,0.5497094107085589,0.0561825366044878,0.2848505904336728,0.0,27.22499999999999,0
USA,1977,0,0,4.95,5.875,0.843,9.275,0.2776,9.7,4.4,8.7,1.061,0.28,0.2776213454624089,0.2776213454624089,0.3988743080942718,0.0561825366044878,0.2848505904336728,0.0,27.22499999999999,0
USA,1978,0,0,4.95,5.875,0.843,9.275,0.2776,9.7,4.4,8.7,1.061,0.28,0.2776213454624089,0.2776213454624089,0.2896957220198363,0.0561825366044878,0.2848505904336728,0.0,27.22499999999999,0
USA,1979,0,0,5.7,5.375,1.06,7.55,0.2381,9.1,4.6,5.9,1.148,1.36,0.2381091906349251,0.2381091906349251,0.788395682643877,0.0561817311103162,0.2326499109342203,0.5,-6.500000000000002,0
USA,1980,0,0,5.7,5.375,1.06,7.55,0.2381,9.1,4.6,5.9,1.148,1.36,0.2381091906349251,0.2381091906349251,0.715393997326355,0.0561817311103162,0.2326499109342203,0.5,-6.500000000000002,0
USA,1981,0,0,5.2,5.7,0.912,8.775,0.2679,10.3,4.2,10.2,1.322,3.907,0.2679453601850445,0.2679453601850445,0.4047142649932489,0.0432496759852616,0.2795030669986894,0.375,21.0,0
USA,1982,0,0,5.2,5.7,0.912,8.775,0.2679,10.3,4.2,10.2,1.322,3.907,0.2679453601850445,0.2679453601850445,0.296147757950878,0.0432496759852616,0.2795030669986894,0.375,21.0,0
USA,1983,0,0,4.725,5.95,0.794,9.825,0.2955,10.3,4.2,12.4,1.171,2.173,0.2954799300060129,0.2954799300060129,0.6025754651046756,0.0762331600919885,0.3149458914181584,0.125,42.51,0
USA,1984,0,0,4.075,6.625,0.615,12.038,0.3567,14.0,3.0,13.1,1.163,0.647,0.3566508272675256,0.3566508272675256,0.713048747797754,0.0448916920681454,0.3723623023831717,0.0,101.235,0
USA,1985,0,0,4.075,6.625,0.615,12.038,0.3567,14.0,3.0,13.1,1.163,0.647,0.3566508272675256,0.3566508272675256,0.5443692185350019,0.0448916920681454,0.3723623023831717,0.0,101.235,0
USA,1986,0,0,4.075,6.625,0.615,12.038,0.3567,14.0,3.0,13.1,1.163,0.647,0.3566508272675256,0.3566508272675256,0.3862362787058871,0.0448916920681454,0.3723623023831717,0.0,101.235,0
USA,1987,0,0,4.075,6.625,0.615,12.038,0.3567,14.0,3.0,13.1,1.163,0.647,0.3566508272675256,0.3566508272675256,0.2320267326260843,0.0448916920681454,0.3723623023831717,0.0,101.235,0
USA,1988,0,0,4.075,6.625,0.615,12.038,0.3567,14.0,3.0,13.1,1.163,0.647,0.3566508272675256,0.3566508272675256,0.0967745806558443,0.0448916920681454,0.3723623023831717,0.0,101.235,0
USA,1989,0,0,3.5,7.0,0.5,13.5,0.4067,14.0,3.0,14.0,1.145,1.067,0.406747053383782,0.406747053383782,0.3348600341406478,0.030378770296526,0.4215916001355442,0.0,150.318,0
USA,1990,0,0,3.5,7.0,0.5,13.5,0.4067,14.0,3.0,14.0,1.145,1.067,0.406747053383782,0.406747053383782,0.2678880273125182,0.030378770296526,0.4215916001355442,0.0,150.318,0
USA,1991,0,0,3.5,7.0,0.5,13.5,0.4067,14.0,3.0,14.0,1.145,1.067,0.406747053383782,0.406747053383782,0.2009160204843887,0.030378770296526,0.4215916001355442,0.0,150.318,0
USA,1992,0,0,3.5,7.125,0.491,13.688,0.4082,14.0,3.0,13.2,1.047,-0.34,0.4081783268757633,0.4081783268757633,0.2969148852483823,0.0217571235922077,0.4194238251739003,0.0,154.965,0
USA,1993,0,0,3.5,7.125,0.491,13.688,0.4082,14.0,3.0,13.2,1.047,-0.34,0.4081783268757633,0.4081783268757633,0.2313614837602399,0.0217571235922077,0.4194238251739003,0.0,154.965,0
USA,1994,0,0,3.5,7.125,0.491,13.688,0.4082,14.0,3.0,13.2,1.047,-0.34,0.4081783268757633,0.4081783268757633,0.177295965918861,0.0217571235922077,0.4194238251739003,0.0,154.965,0
USA,1995,0,0,3.5,7.125,0.491,13.688,0.4082,14.0,3.0,13.2,1.047,-0.34,0.4081783268757633,0.4081783268757633,0.118197310612574,0.0217571235922077,0.4194238251739003,0.0,154.965,0
USA,1996,0,0,3.5,7.125,0.491,13.688,0.4082,14.0,3.0,13.2,1.047,-0.34,0.4081783268757633,0.4081783268757633,0.059098655306287,0.0217571235922077,0.4194238251739003,0.0,154.965,0
USA,1997,0,0,3.05,7.525,0.405,15.175,0.4612,14.0,3.0,16.5,1.044,-0.467,0.4611588076217057,0.4611588076217057,0.2924985237057497,0.0188686053395713,0.4700345086118149,0.0,218.94,0
USA,1998,1,0,3.05,7.525,0.405,15.175,0.4612,14.0,3.0,16.5,1.044,-0.467,0.4611588076217057,0.4611588076217057,0.2339988189645998,0.0188686053395713,0.4700345086118149,0.0,218.94,0
USA,1999,1,0,3.05,7.525,0.405,15.175,0.4612,14.0,3.0,16.5,1.044,-0.467,0.4611588076217057,0.4611588076217057,0.1754991142234498,0.0188686053395713,0.4700345086118149,0.0,218.94,0
USA,2000,1,0,3.05,7.525,0.405,15.175,0.4612,14.0,3.0,16.5,1.044,-0.467,0.4611588076217057,0.4611588076217057,0.1169994094822999,0.0188686053395713,0.4700345086118149,0.0,218.94,0
USA,2001,0,1,4.625,7.075,0.654,12.412,0.346,13.0,4.0,12.0,1.014,1.46,0.3459990018877942,0.3459990018877942,0.491358400341344,0.0386132933899436,0.3560150346780821,0.0,104.8,0
USA,2002,0,0,4.625,7.075,0.654,12.412,0.346,13.0,4.0,12.0,1.014,1.46,0.3459990018877942,0.3459990018877942,0.4143883092109782,0.0386132933899436,0.3560150346780821,0.0,104.8,0
USA,2003,0,0,4.6,7.05,0.652,12.338,0.3446,13.0,4.0,12.0,0.977,0.7,0.3446283124437422,0.3446283124437422,0.2841282667482806,0.0261672024797087,0.3527717671701922,0.0,102.09,0
USA,2004,0,0,4.6,7.05,0.652,12.338,0.3446,13.0,4.0,12.0,0.977,0.7,0.3446283124437422,0.3446283124437422,0.2062348811828074,0.0261672024797087,0.3527717671701922,0.0,102.09,0
USA,2005,1,0,4.6,7.05,0.652,12.338,0.3446,13.0,4.0,12.0,0.977,0.7,0.3446283124437422,0.3446283124437422,0.1401957842296589,0.0261672024797087,0.3527717671701922,0.0,102.09,0
USA,2006,1,0,4.6,7.05,0.652,12.338,0.3446,13.0,4.0,12.0,0.977,0.7,0.3446283124437422,0.3446283124437422,0.1099771206352909,0.0261672024797087,0.3527717671701922,0.0,102.09,0
USA,2007,1,0,4.9,6.625,0.74,11.2,0.3174,13.0,4.0,12.0,1.033,0.693,0.3174068580632352,0.3174068580632352,0.4810374561548708,0.0799289644948967,0.3365506719806033,0.0,67.4,0
USA,2008,0,1,6.6,5.475,1.205,6.488,0.205,9.5,5.0,6.3,1.228,3.82,0.2050212517138349,0.2050212517138349,0.6494217146880532,0.0444132233866888,0.1953482847053312,0.625,-11.320000000000004,0
USA,2009,0,0,6.05,5.75,1.052,7.875,0.2345,9.5,5.0,8.5,1.194,2.68,0.234466505672765,0.234466505672765,0.8220593439581203,0.125377672331464,0.2337290525507737,0.5,-0.7500000000000009,0
USA,2010,0,0,5.125,6.0,0.854,9.388,0.2761,9.7,4.8,10.0,1.067,1.687,0.2761236621329284,0.2761236621329284,0.7865874544949092,0.0997492440359308,0.2942261248382654,0.25,30.361,0
USA,2011,0,0,5.125,6.0,0.854,9.388,0.2761,9.7,4.8,10.0,1.067,1.687,0.2761236621329284,0.2761236621329284,0.6315730215598124,0.0997492440359308,0.2942261248382654,0.25,30.361,0
USA,2012,0,0,4.475,6.625,0.675,11.575,0.3345,13.0,4.0,11.9,0.95,-0.413,0.3345471978098819,0.3345471978098819,0.5716534523797994,0.0634255174808101,0.352684369458416,0.0,83.425,0
USA,2013,0,0,4.475,6.625,0.675,11.575,0.3345,13.0,4.0,11.9,0.95,-0.413,0.3345471978098819,0.3345471978098819,0.5403869590796669,0.0634255174808101,0.352684369458416,0.0,83.425,0
USA,2014,0,0,4.475,6.625,0.675,11.575,0.3345,13.0,4.0,11.9,0.95,-0.413,0.3345471978098819,0.3345471978098819,0.3947032087589226,0.0634255174808101,0.352684369458416,0.0,83.425,0
USA,2015,0,0,4.475,6.625,0.675,11.575,0.3345,13.0,4.0,11.9,0.95,-0.413,0.3345471978098819,0.3345471978098819,0.2334449187455846,0.0634255174808101,0.352684369458416,0.0,83.425,0
USA,2016,0,0,4.8,6.475,0.741,10.725,0.3087,13.0,4.0,7.1,0.853,-1.773,0.3086578844380393,0.3086578844380393,0.8119302686396137,0.1383491977667713,0.351464497517617,0.125,65.877,0
USA,2017,0,0,5.025,6.375,0.788,10.375,0.2991,13.0,4.0,6.3,0.833,-2.333,0.2990937476770727,0.2990937476770727,0.2279078591727631,0.0750939169615059,0.3296806090224608,0.25,55.838,0
USA,2018,1,0,5.025,6.375,0.788,10.375,0.2991,13.0,4.0,6.3,0.833,-2.333,0.2990937476770727,0.2990937476770727,0.1845387086617704,0.0750939169615059,0.3296806090224608,0.25,55.838,0
USA,2019,1,0,5.025,6.375,0.788,10.375,0.2991,13.0,4.0,6.3,0.833,-2.333,0.2990937476770727,0.2990937476770727,0.1488864409969993,0.0750939169615059,0.3296806090224608,0.25,55.838,1
USA,2020,1,0,7.075,5.3,1.335,5.55,0.1838,9.5,5.0,1.8,1.141,2.0,0.1838422735859735,0.1838422735859735,0.8063113921700392,0.0170131156591151,0.1797715612147002,0.75,-28.965,1
USA,2021,0,1,6.275,5.625,1.116,7.262,0.2197,9.5,5.0,4.5,1.032,-0.06,0.2196951467812132,0.2196951467812132,0.8746545681843936,0.0723800480595483,0.2203068773489837,0.75,-11.324000000000003,1
USA,2022,0,0,6.275,5.625,1.116,7.262,0.2197,9.5,5.0,4.5,1.032,-0.06,0.2196951467812132,0.2196951467812132,0.6090377910526451,0.0723800480595483,0.2203068773489837,0.75,-11.324000000000003,0
USA,2023,0,0,6.275,5.625,1.116,7.262,0.2197,9.5,5.0,4.5,1.032,-0.06,0.2196951467812132,0.2196951467812132,0.4287965697035256,0.0723800480595483,0.2203068773489837,0.75,-11.324000000000003,0
USA,2024,0,0,6.6,5.675,1.163,6.825,0.207,9.5,5.0,3.4,1.0,-0.547,0.2069789282955529,0.2069789282955529,0.2449781316376587,0.0961865004371653,0.2009006458315318,0.625,-14.774999999999999,0
USA,2025,0,0,7.325,4.95,1.48,4.725,0.172,6.5,6.0,1.0,1.046,0.307,0.172026643535186,0.172026643535186,0.3637594306195801,0.0252681299870891,0.166445064370288,0.875,-39.705,0
Ukraine,1931,1,0,7.5,5.0,1.5,5.0,0.1732,12.0,5.0,10.0,1.036,3.733,0.173189863862406,0.173189863862406,,0.1310097307922089,0.2062817107734653,0.625,-3.75,0
Ukraine,1932,0,1,8.125,4.25,1.912,3.0,0.1435,10.0,6.0,8.0,1.111,6.133,0.1435037351924015,0.1435037351924015,,0.2326134045025866,0.2038475558674954,0.75,-14.875,0
Ukraine,1933,0,0,7.25,3.75,1.933,2.938,0.1365,8.5,5.0,12.0,1.176,7.1,0.1364976439928943,0.1364976439928943,,0.5527782819852547,0.230628696816589,0.5,26.375,0
Ukraine,1934,0,0,4.875,5.75,0.848,9.062,0.2724,15.0,3.0,15.0,0.933,1.967,0.2723949134633763,0.2723949134633763,,0.2472026093445283,0.4060972925277024,0.375,86.5,0
Ukraine,1935,0,0,4.375,6.625,0.66,11.25,0.3196,16.5,3.0,16.5,0.985,0.4,0.3195686359644117,0.3195686359644117,,0.1759361362769487,0.4327781620551309,0.125,143.375,0
Ukraine,1936,0,0,4.875,6.625,0.736,10.625,0.2921,15.5,4.0,13.5,0.933,-0.067,0.2921376061110652,0.2921376061110652,0.4393057783729172,0.183579861450399,0.384541480643507,0.125,116.0,0
Ukraine,1937,0,0,8.375,5.0,1.675,3.375,0.1381,8.0,8.0,6.0,0.815,-2.6,0.1381423778721011,0.1381423778721011,0.7489211584591658,0.1312256446880124,0.1367321390022972,0.875,-50.0,0
Ukraine,1938,0,0,7.0,5.375,1.302,5.75,0.1812,9.0,7.0,10.0,0.856,-2.0,0.1812454687262525,0.1812454687262525,0.9753903940295824,0.2214919120426141,0.173471956141658,0.5,-11.5,0
Ukraine,1939,0,0,6.625,5.75,1.152,6.75,0.1971,10.0,6.0,12.0,1.01,-0.4,0.1971365412596356,0.1971365412596356,0.2045519295092888,0.1189340433942911,0.2312737244683132,0.375,21.0,0
Ukraine,1940,0,0,6.0,6.625,0.906,9.125,0.2393,13.0,5.0,15.0,1.092,-0.6,0.2392607556242637,0.2392607556242637,0.5922700916804062,0.1642908161131936,0.3202324890167802,0.375,82.0,0
Ukraine,1941,0,0,10.0,2.125,4.706,-4.312,0.0528,-2.5,10.0,-2.5,1.0,0.833,0.0528197797030193,0.0528197797030193,0.6069298003309851,0.1114393318153164,0.0780283108425237,0.875,-54.0,0
Ukraine,1942,0,0,8.25,4.25,1.941,1.188,0.1086,4.5,7.0,3.0,1.083,3.5,0.1085776447632391,0.1085776447632391,0.4823327731070987,0.0291646620068593,0.1207185924332388,0.875,-23.75,0
Ukraine,1943,0,0,10.0,3.25,3.077,-1.812,0.0755,-2.0,10.0,2.5,1.0,5.1,0.0755316459658174,0.0755316459658174,0.4192057904187146,0.0698778875822051,0.0911231659745393,1.0,-55.75,0
Ukraine,1944,0,0,8.875,4.25,2.088,1.688,0.114,3.5,9.0,7.0,1.023,5.633,0.1140138006634386,0.1140138006634386,0.312629222678979,0.0726343498160192,0.1440965412674267,0.875,-39.5,0
Ukraine,1945,0,0,6.875,5.125,1.341,5.688,0.1844,8.0,7.0,12.0,1.198,5.9,0.1843918640822885,0.1843918640822885,0.5927983020148224,0.1993132702330691,0.2477201116030752,0.75,14.0,0
Ukraine,1946,0,0,7.75,4.625,1.676,3.75,0.1521,12.0,5.0,8.0,1.204,6.533,0.1520546987317774,0.1520546987317774,0.4243138853537188,0.1114477162556002,0.2034382207618986,0.75,-1.75,0
Ukraine,1947,0,0,7.625,4.625,1.649,4.0,0.1591,12.0,5.0,8.0,1.157,5.333,0.1591430155114278,0.1591430155114278,0.3906307560437183,0.2236506879552589,0.2095684399573587,0.625,9.125,0
Ukraine,1948,0,0,5.125,6.0,0.854,9.375,0.2709,15.0,4.0,15.0,1.067,2.467,0.2709155869755655,0.2709155869755655,0.6545172096579356,0.2211828207441473,0.3794948237183749,0.375,87.625,0
Ukraine,1949,0,0,4.375,6.625,0.66,11.375,0.3224,16.5,3.0,18.0,0.985,0.6,0.3223821871994883,0.3223821871994883,0.7736861099267304,0.2117128771577945,0.4510585602342989,0.25,143.375,0
Ukraine,1950,0,0,4.125,7.125,0.579,12.625,0.3505,18.5,3.0,18.5,0.952,0.2,0.3504675241678375,0.3504675241678375,0.7020463999362624,0.2161056890131203,0.47677354149947,0.125,182.875,0
Ukraine,1951,0,0,4.25,7.0,0.607,12.25,0.3416,18.5,3.0,18.5,0.909,-0.4,0.3415742360649347,0.3415742360649347,0.5284933414523071,0.173568766032866,0.4629937417584042,0.25,176.875,0
Ukraine,1952,0,0,5.375,7.0,0.768,11.0,0.2881,17.5,4.0,15.5,0.893,-0.8,0.2881445361983054,0.2881445361983054,0.2696354774749666,0.1679077063929505,0.3753400624782571,0.25,123.875,0
Ukraine,1953,0,0,5.5,7.125,0.772,10.75,0.2757,14.5,5.0,10.5,0.862,-2.267,0.2756903878226107,0.2756903878226107,0.7957751677736901,0.1932683470690429,0.3319110876956531,0.125,88.75,0
Ukraine,1954,0,0,3.75,7.5,0.5,13.625,0.3819,16.5,3.0,17.5,1.111,0.2,0.3819035802034861,0.3819035802034861,0.3018942173301589,0.0907012930945209,0.4523402424343535,0.125,204.875,0
Ukraine,1955,0,0,3.875,7.5,0.517,13.375,0.3707,16.5,3.0,17.5,1.053,-0.2,0.3706717111320173,0.3706717111320173,0.2296166336873814,0.0915409755043211,0.4371815584420571,0.125,194.375,0
Ukraine,1956,0,0,5.0,7.125,0.702,11.188,0.2968,13.5,5.0,11.5,0.714,-3.7,0.2967889625031099,0.2967889625031099,0.4996488109963419,0.1609705073949247,0.355998800452094,0.125,105.125,0
Ukraine,1957,0,0,4.5,7.5,0.6,12.75,0.3448,14.5,4.0,13.5,0.833,-2.267,0.3447699726825271,0.3447699726825271,0.3336522836947085,0.1114407814993284,0.3964895762911303,0.125,154.625,0
Ukraine,1958,0,0,4.5,7.5,0.6,13.25,0.3608,15.5,4.0,13.5,0.833,-3.067,0.3607549202471114,0.3607549202471114,0.2359437056432836,0.1133649575604015,0.4183410041875134,0.125,168.0,0
Ukraine,1959,0,0,4.75,7.375,0.644,12.688,0.3428,15.5,4.0,13.5,0.972,-1.567,0.3428234577173443,0.3428234577173443,0.272913188429543,0.1579054120897669,0.4153773256055886,0.125,154.5,0
Ukraine,1960,0,0,5.125,7.25,0.707,11.938,0.3172,15.5,4.0,13.5,1.067,-1.167,0.3172376383566475,0.3172376383566475,0.5587831609104694,0.2481377377146008,0.424124258575477,0.125,151.125,0
Ukraine,1961,0,0,5.75,7.125,0.807,10.938,0.2846,15.5,4.0,12.5,1.071,-0.633,0.2846205349605251,0.2846205349605251,0.4662253871705425,0.2859184865696005,0.4029145761865627,0.375,119.125,0
Ukraine,1962,0,0,6.5,6.5,1.0,8.875,0.2403,13.5,5.0,9.5,1.129,1.133,0.240340655886389,0.240340655886389,0.4194822973885714,0.2505027745308334,0.3145831261672255,0.375,61.75,0
Ukraine,1963,0,0,6.375,6.375,1.0,8.75,0.2406,13.5,5.0,6.5,0.99,-0.133,0.2406348136883287,0.2406348136883287,0.3519864935242309,0.2033828773888256,0.3170637722276256,0.5,58.625,0
Ukraine,1964,0,0,5.0,7.0,0.714,11.562,0.3144,15.5,4.0,11.5,0.897,-1.233,0.3143518118905472,0.3143518118905472,0.2539577673443066,0.2136784571146555,0.4137435647625293,0.125,136.25,0
Ukraine,1965,0,0,3.75,7.75,0.484,14.188,0.3912,18.5,3.0,18.0,1.111,-1.3,0.3911947387765055,0.3911947387765055,0.5471422134700422,0.195721666562083,0.5038679808762936,0.0,233.625,0
Ukraine,1966,0,0,3.75,7.5,0.5,13.812,0.3861,18.5,3.0,18.0,1.111,-1.367,0.3860800383205757,0.3860800383205757,0.3791833349867503,0.1743011179339717,0.4995562691398822,0.125,222.375,0
Ukraine,1967,0,0,4.125,7.5,0.55,13.125,0.3577,18.5,3.0,18.0,1.228,-0.067,0.3576980336024873,0.3576980336024873,0.4445614119900975,0.1818387488535415,0.4756281469056868,0.125,197.5,0
Ukraine,1968,0,0,4.75,7.0,0.679,11.875,0.3245,17.5,4.0,17.0,0.972,-1.0,0.3245290687861779,0.3245290687861779,0.4383897293896538,0.1447982077871307,0.406407044314609,0.25,154.0,0
Ukraine,1969,0,0,5.0,7.0,0.714,11.5,0.3099,17.5,4.0,17.0,1.111,0.0,0.3099082289624217,0.3099082289624217,0.2071005432502936,0.1946189698039621,0.4069384869343985,0.25,144.625,0
Ukraine,1970,0,0,5.25,6.625,0.792,10.562,0.289,17.0,4.0,14.0,1.133,0.1,0.2889719138514912,0.2889719138514912,0.2608780278222599,0.1928771605712651,0.3719900061897917,0.25,101.375,0
Ukraine,1971,0,0,5.75,6.25,0.92,9.438,0.2646,14.0,5.0,14.0,1.173,0.967,0.2646079014183603,0.2646079014183603,0.4588749297264519,0.1806347791021023,0.332294937969249,0.375,69.0,0
Ukraine,1972,0,0,6.0,6.125,0.98,8.938,0.251,14.0,5.0,11.0,1.092,0.167,0.2510000219446566,0.2510000219446566,0.6042265077328949,0.1822867580218309,0.3000943490330961,0.375,48.375,0
Ukraine,1973,0,0,6.0,6.25,0.96,9.062,0.251,14.0,5.0,11.0,1.092,0.367,0.2510000219446566,0.2510000219446566,0.4425206803548714,0.1910605627853718,0.3044988848698617,0.375,50.625,0
Ukraine,1974,0,0,5.875,6.5,0.904,9.688,0.2629,14.0,5.0,12.5,1.131,0.833,0.2629281652200581,0.2629281652200581,0.3315681238358892,0.1363785437383866,0.3082759825109045,0.375,55.875,0
Ukraine,1975,0,0,8.875,5.875,1.511,5.125,0.1545,7.0,9.0,3.0,0.851,-4.333,0.1545123490515402,0.1545123490515402,0.6308474310969882,0.1931623664670341,0.1464321127137601,0.625,-47.25,0
Ukraine,1976,0,0,7.375,6.125,1.204,7.562,0.208,10.5,7.0,7.5,0.991,-0.433,0.2080057285998228,0.2080057285998228,0.4086207578433924,0.154717979077684,0.2044493799107136,0.5,-15.375,0
Ukraine,1977,0,0,7.25,5.75,1.261,7.062,0.2072,9.5,7.0,5.5,1.019,0.367,0.207195167817256,0.207195167817256,0.4978408685275976,0.1826269676394608,0.1948031347331531,0.5,-18.25,0
Ukraine,1978,0,0,8.0,5.375,1.488,5.625,0.1811,6.0,8.0,2.0,1.0,-0.6,0.1811185911233756,0.1811185911233756,0.3902880587220026,0.1033803577521732,0.1809532588341442,0.75,-38.75,0
Ukraine,1979,0,0,8.375,4.625,1.811,3.875,0.1606,5.0,8.0,-1.0,1.057,1.133,0.1606386517160112,0.1606386517160112,0.4948358981372013,0.049914002332796,0.1906158200657802,0.875,-48.125,0
Ukraine,1980,0,0,7.875,5.0,1.575,5.125,0.1814,6.0,8.0,5.0,1.026,0.733,0.1814063562691772,0.1814063562691772,0.2828963546983919,0.03154832700251,0.1954002411490836,0.875,-46.375,0
Ukraine,1981,0,0,8.75,4.0,2.188,1.688,0.1278,2.5,9.0,0.5,1.111,3.767,0.1277849775056653,0.1277849775056653,0.6580788033549557,0.0414286415146808,0.133999710793289,1.0,-79.0,0
Ukraine,1982,0,0,9.5,3.375,2.815,-0.75,0.0962,-0.5,10.0,-3.0,1.087,4.4,0.0961607698978773,0.0961607698978773,0.6567158817738096,0.0432621099640531,0.1093088479471287,1.0,-79.125,0
Ukraine,1983,0,0,8.125,4.125,1.97,2.312,0.138,3.5,8.0,4.5,1.184,6.367,0.1379539862070848,0.1379539862070848,0.1469080299513666,0.0115876791570854,0.1392884026075443,1.0,-64.875,0
Ukraine,1984,0,0,7.375,4.875,1.513,4.688,0.1737,6.5,7.0,7.5,1.225,6.7,0.1736638656146179,0.1736638656146179,0.5174460378298048,0.1074072936466069,0.1548622139069535,0.875,-45.875,0
Ukraine,1985,0,0,6.375,5.625,1.133,7.5,0.2288,9.0,6.0,12.0,1.264,6.133,0.2288225636631838,0.2288225636631838,0.2994909534125794,0.0951736767565549,0.2240720540057852,0.5,-6.125,0
Ukraine,1986,0,0,6.0,5.75,1.043,7.875,0.2371,9.0,6.0,12.0,1.19,5.133,0.2371257168666688,0.2371257168666688,0.4366784229537137,0.1372012879387238,0.2542337862037526,0.5,7.875,0
Ukraine,1987,0,0,7.0,5.5,1.273,6.125,0.1954,8.0,7.0,10.0,1.344,7.133,0.1954389497850547,0.1954389497850547,0.5465389686537291,0.036567708304159,0.1873855945435004,0.625,-22.25,0
Ukraine,1988,1,0,6.0,6.125,0.98,8.625,0.2477,9.0,6.0,13.0,1.296,6.333,0.2476824948998385,0.2476824948998385,0.5611151946200779,0.129947924473915,0.2817633092192428,0.5,27.5,0
Ukraine,1989,1,0,5.75,6.75,0.852,9.625,0.2604,11.0,5.0,6.0,0.977,2.867,0.260413965231612,0.260413965231612,0.6825759866510097,0.2992413881468416,0.2984159648947775,0.25,41.25,0
Ukraine,1990,1,0,5.375,7.125,0.754,10.812,0.2882,11.0,5.0,6.0,0.805,0.767,0.2881947763941362,0.2881947763941362,0.7013725885401761,0.1227702512322712,0.3296294776021801,0.125,70.25,0
Ukraine,1991,0,1,5.25,6.75,0.778,10.188,0.2802,11.0,5.0,5.5,0.833,-0.233,0.2802088233912282,0.2802088233912282,0.6870948095935552,0.27594546361688,0.3309303942978681,0.125,58.0,0
Ukraine,1992,0,0,5.625,6.75,0.833,9.812,0.2679,11.0,5.0,4.5,0.833,-1.367,0.2678912207066561,0.2678912207066561,0.4247103019745247,0.1106751722214035,0.3099898480552248,0.375,52.375,0
Ukraine,1993,0,0,7.0,6.375,1.098,8.5,0.2339,6.0,8.0,0.5,0.856,-2.933,0.2339016720222744,0.2339016720222744,1.227825555599651,0.2085115900733268,0.2959510641580373,0.625,19.125,0
Ukraine,1994,0,0,5.875,6.125,0.959,9.625,0.2783,9.5,6.0,5.0,0.86,-1.933,0.2783056118137555,0.2783056118137555,0.9195981639531092,0.2008043986625758,0.3034210570051193,0.25,24.875,0
Ukraine,1995,0,0,5.5,6.625,0.83,10.375,0.2901,10.5,5.0,3.0,0.862,-1.533,0.2901245587215859,0.2901245587215859,0.1745277685551609,0.1228031575896934,0.318028379862407,0.125,61.5,0
Ukraine,1996,0,0,6.0,6.625,0.906,10.25,0.2825,9.5,6.0,1.0,0.833,-2.267,0.2825238405469516,0.2825238405469516,0.3842460624683546,0.1948675635590818,0.3149229679770073,0.25,55.5,0
Ukraine,1997,0,0,7.5,5.125,1.463,5.5,0.1896,9.5,6.0,-1.0,1.036,0.8,0.1896008056393614,0.1896008056393614,0.4748239298011272,0.0859448416700652,0.1672239177588294,0.75,-42.75,0
Ukraine,1998,0,0,7.75,4.625,1.676,4.375,0.174,6.0,7.0,-3.5,1.053,1.667,0.1740333744147444,0.1740333744147444,0.2704488337150696,0.0731047067155683,0.1538947781588219,0.875,-62.5,0
Ukraine,1999,0,0,5.5,6.375,0.863,10.062,0.2855,11.0,5.0,14.0,1.267,4.9,0.2855347592848163,0.2855347592848163,0.4004804150084403,0.2492202635330116,0.3132725676016298,0.125,43.125,0
Ukraine,2000,0,0,5.125,7.0,0.732,11.812,0.3266,13.0,4.0,15.0,1.181,3.433,0.3266453562376462,0.3266453562376462,0.4161127980115988,0.069334968045075,0.366024366044154,0.25,98.5,0
Ukraine,2001,0,0,5.5,7.375,0.746,11.562,0.3028,14.0,4.0,14.0,1.154,3.567,0.3027696587359381,0.3027696587359381,0.7488517556355748,0.1072589039330829,0.3489893503925733,0.25,97.375,0
Ukraine,2002,0,0,6.875,6.75,1.019,9.375,0.2435,12.0,5.0,7.5,1.029,3.0,0.2434777060682851,0.2434777060682851,0.9585372326358133,0.1500307736531623,0.2624159385211324,0.5,-3.375,0
Ukraine,2003,0,0,8.125,5.125,1.585,5.188,0.1828,6.0,8.0,-2.5,1.042,-0.233,0.1827974316895558,0.1827974316895558,0.4649655390857098,0.1091470020797859,0.2239793040550507,0.75,-12.75,0
Ukraine,2004,0,0,7.125,5.875,1.213,8.0,0.2312,8.0,7.0,8.0,1.127,2.667,0.2312436514982799,0.2312436514982799,0.4729966372888032,0.0973613286576645,0.211840868918488,0.625,-24.0,0
Ukraine,2005,0,0,6.375,6.375,1.0,9.375,0.2589,10.0,6.0,8.0,1.075,2.2,0.258853624868217,0.258853624868217,0.3433244257663271,0.1756351361261805,0.272458173846984,0.375,7.25,0
Ukraine,2006,0,0,5.625,6.875,0.818,11.062,0.3005,12.5,5.0,10.5,1.111,2.5,0.3005172217656093,0.3005172217656093,0.3752081746733477,0.2229125255930482,0.339004240648581,0.0,61.5,0
Ukraine,2007,0,0,5.75,7.125,0.807,11.25,0.2978,12.5,5.0,9.5,1.071,2.267,0.2977814065407825,0.2977814065407825,0.3809653802331313,0.2522900330521939,0.3473414200144253,0.0,70.75,0
Ukraine,2008,0,0,5.0,7.125,0.702,12.75,0.3526,12.5,5.0,12.5,1.0,0.933,0.352569105347074,0.352569105347074,0.2950325911473528,0.0858316711647385,0.3785045051791106,0.0,112.25,0
Ukraine,2009,0,0,6.625,6.5,1.019,9.75,0.2654,11.5,6.0,9.5,1.278,4.133,0.2653814925847294,0.2653814925847294,0.2950472860373697,0.0894057045612237,0.2927866700695226,0.625,11.75,0
Ukraine,2010,0,0,5.75,7.25,0.793,11.625,0.3044,12.5,5.0,11.5,1.071,1.8,0.3043983777486164,0.3043983777486164,0.3792268420364014,0.1574132266282655,0.3490170293441796,0.125,86.375,0
Ukraine,2011,1,0,5.625,7.25,0.776,12.75,0.3557,15.0,5.0,20.0,1.594,7.067,0.3556551165959738,0.3556551165959738,0.2646541540585918,0.1075406020382663,0.4936839728815392,0.375,242.375,0
Ukraine,2012,1,0,5.625,7.25,0.776,12.875,0.347,15.0,5.0,18.0,1.333,4.6,0.3470225158703128,0.3470225158703128,0.4547121221922041,0.1262707992521867,0.4480526010587374,0.375,188.625,0
Ukraine,2013,1,0,6.25,6.75,0.926,11.188,0.3033,13.0,6.0,15.0,1.31,4.3,0.3032742162619245,0.3032742162619245,0.4452565544923262,0.1455838427247285,0.3683372091921522,0.375,98.125,0
Ukraine,2014,0,1,6.75,6.625,1.019,10.312,0.2759,13.0,6.0,13.0,1.333,5.033,0.2759182323711452,0.2759182323711452,0.3580679470062348,0.1213450007031918,0.3264187998828549,0.5,60.375,0
United Kingdom,1900,0,0,3.175,7.475,0.425,14.575,0.4388,16.9,2.0,15.5,1.273,2.68,0.4387931752567094,0.4387931752567094,,0.0701828404490501,0.4801308030149963,0.0,211.995,0
United Kingdom,1901,0,0,3.05,7.475,0.408,14.7,0.4471,16.9,2.0,15.5,1.157,2.347,0.4471358505470502,0.4471358505470502,,0.0739595886574592,0.4937957564902843,0.0,218.995,0
United Kingdom,1902,0,0,2.925,7.475,0.391,14.825,0.4549,16.9,2.0,15.5,1.244,2.547,0.4549403485273274,0.4549403485273274,,0.0725401776068213,0.5014735438419917,0.0,225.195,0
United Kingdom,1903,0,0,2.8,7.475,0.375,14.95,0.4633,16.9,2.0,15.5,1.344,2.747,0.4633050023510067,0.4633050023510067,,0.0733354597583199,0.5125861244259754,0.0,231.39499999999998,0
United Kingdom,1904,0,0,2.8,7.475,0.375,14.95,0.4633,16.9,2.0,15.5,1.344,2.747,0.4633050023510067,0.4633050023510067,,0.0733354597583199,0.5125861244259754,0.0,231.39499999999998,0
United Kingdom,1905,0,0,2.8,7.475,0.375,14.95,0.4633,16.9,2.0,15.5,1.344,2.747,0.4633050023510067,0.4633050023510067,0.065899285694666,0.0733354597583199,0.5125861244259754,0.0,231.39499999999998,0
United Kingdom,1906,0,0,2.8,7.475,0.375,14.925,0.4622,16.9,2.0,15.5,1.344,2.707,0.4622436480347162,0.4622436480347162,0.0424522281719269,0.0735453996365925,0.5115097432781454,0.0,230.527,0
United Kingdom,1907,0,0,2.8,7.475,0.375,14.925,0.4622,16.9,2.0,15.5,1.344,2.707,0.4622436480347162,0.4622436480347162,0.0158328224553132,0.0735453996365925,0.5115097432781454,0.0,230.527,0
United Kingdom,1908,0,0,3.05,7.475,0.408,14.7,0.4501,16.9,2.0,15.5,1.613,3.413,0.4500911682556082,0.4500911682556082,0.326049263002478,0.0583083641461259,0.5031671545243958,0.125,223.64499999999998,0
United Kingdom,1909,0,0,3.375,7.35,0.459,14.25,0.4304,16.9,2.0,14.5,1.333,2.693,0.4304272826024271,0.4304272826024271,0.3176544796313565,0.0695011504064256,0.4885879805004246,0.125,203.415,0
United Kingdom,1910,0,0,3.375,7.1,0.475,13.875,0.4264,16.9,2.0,11.5,1.146,2.093,0.4263539078965929,0.4263539078965929,0.3973879057961892,0.0880663085726758,0.4959672823758695,0.125,189.415,0
United Kingdom,1911,0,0,3.5,7.1,0.493,13.75,0.4212,16.9,2.0,11.5,1.25,2.427,0.4212328170503452,0.4212328170503452,0.2860601314859464,0.075382333414706,0.4894829374242438,0.125,186.915,0
United Kingdom,1912,0,0,3.5,7.1,0.493,13.75,0.4212,16.9,2.0,11.5,1.25,2.427,0.4212328170503452,0.4212328170503452,0.2103035413186169,0.075382333414706,0.4894829374242438,0.125,186.915,0
United Kingdom,1913,0,0,2.925,7.475,0.391,14.825,0.4555,16.9,2.0,14.5,1.244,2.547,0.4555493412520353,0.4555493412520353,0.3355786308173898,0.0758124341538681,0.5062907674421441,0.0,225.26999999999998,0
United Kingdom,1914,0,0,4.875,7.4,0.659,12.725,0.3446,15.5,3.0,12.5,1.159,3.027,0.3446460863608896,0.3446460863608896,0.4607390468781333,0.0891960894428786,0.3818322460850594,0.0,124.6,0
United Kingdom,1915,0,0,6.0,7.525,0.797,11.725,0.2948,14.5,4.0,11.5,1.092,2.493,0.2947892945228617,0.2947892945228617,0.5190238081819192,0.1213213577779421,0.3316702943845226,0.0,74.55,0
United Kingdom,1916,0,0,6.25,7.525,0.831,11.512,0.2875,14.5,4.0,10.5,1.111,2.527,0.2874714900797868,0.2874714900797868,0.4143998143563118,0.1459544952666269,0.330507880075404,0.125,66.975,0
United Kingdom,1917,0,0,6.5,6.9,0.942,10.162,0.2651,13.5,4.0,9.5,1.129,3.193,0.2650741462393683,0.2650741462393683,0.2959270288060716,0.1234245722155902,0.2969748100684841,0.375,28.124999999999993,0
United Kingdom,1918,0,0,5.875,7.525,0.781,11.912,0.3024,14.5,4.0,11.5,1.034,1.993,0.3023612683688266,0.3023612683688266,0.2406075161246474,0.1082183750399905,0.3394219584404405,0.0,82.425,0
United Kingdom,1919,0,0,4.825,6.875,0.702,11.938,0.3389,15.5,3.0,10.5,1.312,3.367,0.3389275881197459,0.3389275881197459,0.1770070062567459,0.0674596944252992,0.3779906233787141,0.125,103.675,0
United Kingdom,1920,0,0,4.7,6.75,0.696,11.75,0.3386,15.5,3.0,10.5,1.375,3.867,0.338645171853853,0.338645171853853,0.2347732344011884,0.0681925406186136,0.3807274483851963,0.125,100.25,0
United Kingdom,1921,0,0,4.975,6.375,0.78,10.6,0.312,15.5,3.0,10.5,1.684,7.36,0.3120347546702448,0.3120347546702448,0.3025324396521103,0.207893478418093,0.3960501747843724,0.125,83.95,0
United Kingdom,1922,0,0,4.1,6.75,0.607,11.975,0.3542,15.5,3.0,11.5,1.587,5.293,0.3542481715973513,0.3542481715973513,0.2779443309966625,0.0720611550261962,0.4127907733423887,0.125,124.75,0
United Kingdom,1923,0,0,3.975,6.75,0.589,12.1,0.3616,16.5,2.0,11.5,1.688,5.493,0.3616243284785007,0.3616243284785007,0.2665488961452031,0.0837405610238282,0.4303757372515603,0.125,131.75,0
United Kingdom,1924,0,0,3.6,6.75,0.533,12.6,0.3831,16.5,2.0,12.5,1.577,4.693,0.3831000367970235,0.3831000367970235,0.4775843871449462,0.0733432305641578,0.4372498704450688,0.125,141.875,0
United Kingdom,1925,0,0,3.475,6.75,0.515,12.975,0.3989,16.5,2.0,13.5,1.464,4.227,0.3988667766851638,0.3988667766851638,0.4021169740745703,0.0655499286096769,0.4502787549126855,0.125,152.0,0
United Kingdom,1926,0,0,5.375,6.0,0.896,9.762,0.2939,15.5,3.0,9.5,1.591,7.087,0.2938719509058196,0.2938719509058196,0.7880937577187781,0.1625795219046746,0.3440243402707291,0.25,56.025,0
United Kingdom,1927,0,0,3.625,6.625,0.547,12.7,0.3913,16.5,2.0,13.5,1.556,4.853,0.3913404664176186,0.3913404664176186,0.436388010910423,0.0927132816759223,0.454346844904666,0.125,143.45,0
United Kingdom,1928,0,0,3.5,6.75,0.519,12.95,0.3974,16.5,2.0,13.5,1.444,4.187,0.397422204356745,0.397422204356745,0.2715874902982511,0.0656564125217535,0.4485334734053364,0.125,150.95,0
United Kingdom,1929,0,0,3.625,6.75,0.537,12.825,0.3905,16.5,2.0,13.5,1.556,4.52,0.3904922407192741,0.3904922407192741,0.1890888597056562,0.0685932029627112,0.4420854228854216,0.125,145.7,0
United Kingdom,1930,0,0,4.375,6.375,0.686,10.95,0.33,16.5,2.0,11.5,1.765,7.387,0.3300091169868415,0.3300091169868415,0.5002661498271499,0.1745234977529466,0.4233150857064636,0.125,103.575,0
United Kingdom,1931,0,0,5.475,5.75,0.952,8.588,0.2654,14.5,3.0,7.5,1.535,7.607,0.2653955829769596,0.2653955829769596,1.1508396184920329,0.1776516920418133,0.3469471032297634,0.5,41.587,0
United Kingdom,1932,0,0,4.875,6.0,0.812,9.762,0.2975,14.5,3.0,11.5,1.754,7.887,0.2975367734899197,0.2975367734899197,0.3382896551038136,0.1540864495152264,0.3710691840310212,0.25,69.925,0
United Kingdom,1933,0,0,4.25,6.25,0.68,10.638,0.3255,15.5,2.0,12.5,1.875,7.687,0.3255244961709591,0.3255244961709591,0.3398282886487861,0.1147185172942192,0.402706227206462,0.125,101.45,0
United Kingdom,1934,0,0,3.875,6.375,0.608,11.888,0.3676,16.5,2.0,13.5,1.778,7.02,0.3675790020962635,0.3675790020962635,0.3434236724250111,0.0962336041737366,0.4373075277560856,0.125,127.325,0
United Kingdom,1935,0,0,4.0,6.625,0.604,12.012,0.3609,16.5,2.0,13.5,1.667,6.153,0.3609472463924921,0.3609472463924921,0.4789275526998734,0.0969694419643211,0.4310502018429661,0.125,127.325,0
United Kingdom,1936,0,0,4.125,6.625,0.623,11.638,0.3465,16.5,2.0,11.5,1.569,5.553,0.3464994490452985,0.3464994490452985,0.4728762183461034,0.1093559175410852,0.4195737910829977,0.125,117.2,0
United Kingdom,1937,1,0,3.625,6.75,0.537,12.888,0.3934,16.5,2.0,13.5,1.354,4.087,0.3933750612430059,0.3933750612430059,0.5322359455423765,0.0665761525239444,0.4442610095992244,0.125,148.325,0
United Kingdom,1938,1,0,3.875,6.75,0.574,12.388,0.3701,16.5,2.0,11.5,1.053,2.753,0.3700922569606136,0.3700922569606136,0.5652557058212817,0.1091627130777911,0.4271026399726448,0.0,128.325,0
United Kingdom,1939,1,0,4.875,7.15,0.682,12.35,0.3414,15.5,3.0,12.5,1.042,2.427,0.341378120191733,0.341378120191733,0.4139228474468973,0.090531521972956,0.3804887061146944,0.0,111.125,0
United Kingdom,1940,0,1,7.0,7.525,0.93,11.4,0.2741,13.5,5.0,12.0,1.078,2.507,0.2741037451469094,0.2741037451469094,0.7589657612234242,0.3274182100873867,0.2949680700169081,0.125,28.784999999999997,0
United Kingdom,1941,0,0,7.0,7.65,0.915,11.525,0.2741,13.5,5.0,12.0,1.078,2.173,0.2741037451469094,0.2741037451469094,0.5808401087320653,0.428159738221134,0.3127840480362526,0.0,32.535,0
United Kingdom,1942,0,0,7.0,7.65,0.915,11.488,0.2731,13.5,5.0,12.0,1.078,2.113,0.27307811433723,0.27307811433723,0.439075242226603,0.4315176384737381,0.3124477941736502,0.0,32.41499999999999,0
United Kingdom,1943,0,0,7.0,7.65,0.915,11.475,0.2727,13.5,5.0,12.0,1.078,2.093,0.2726566396193731,0.2726566396193731,0.268443565167371,0.4311145940884465,0.3111932041034252,0.0,32.065,0
United Kingdom,1944,0,0,6.25,7.775,0.804,12.35,0.3027,14.5,4.0,13.0,1.111,1.893,0.302699661041672,0.302699661041672,0.5982766437424798,0.0539554714576298,0.3235460532818817,0.0,78.265,0
United Kingdom,1945,0,0,5.5,7.275,0.756,12.538,0.3336,14.5,4.0,14.0,1.154,2.993,0.3336434942282648,0.3336434942282648,0.878705006518193,0.094462580137985,0.3651154136333814,0.0,96.83999999999999,0
United Kingdom,1946,0,0,4.375,7.05,0.621,13.05,0.3754,15.5,3.0,13.5,1.25,2.747,0.375386804161123,0.375386804161123,0.5339007750826055,0.0516554498750186,0.3998301152402476,0.0,130.475,0
United Kingdom,1947,0,0,4.375,6.925,0.632,12.55,0.3621,15.5,3.0,12.5,1.25,2.747,0.3620881931157151,0.3620881931157151,0.4241706058483193,0.0562019870367653,0.3874712669835424,0.0,115.475,0
United Kingdom,1948,0,0,4.125,6.875,0.6,12.75,0.3744,15.5,3.0,12.5,1.083,2.0,0.3743859134330527,0.3743859134330527,0.2768082624308889,0.0439144045723977,0.3947507969534249,0.0,123.125,0
United Kingdom,1949,0,0,4.0,6.875,0.582,13.0,0.3858,15.5,3.0,12.5,1.14,1.867,0.3857716486208637,0.3857716486208637,0.2089735185971493,0.0470168628921058,0.4092250145808847,0.0,131.5,0
United Kingdom,1950,0,0,3.625,6.875,0.527,13.375,0.4055,15.5,3.0,13.5,1.019,1.4,0.4054968531478018,0.4054968531478018,0.1891722929348585,0.0262926797207445,0.4202449961724935,0.0,146.625,0
United Kingdom,1951,0,0,3.5,6.875,0.509,13.5,0.4126,15.5,3.0,13.5,1.078,1.6,0.4125674627651731,0.4125674627651731,0.1914054684187242,0.025075245547713,0.4270269943180659,0.0,151.875,0
United Kingdom,1952,0,0,3.0,6.875,0.436,14.0,0.4427,16.5,2.0,14.5,1.19,1.867,0.4426726514842283,0.4426726514842283,0.121263327018529,0.0275253632891706,0.4611201034988332,0.0,175.5,0
United Kingdom,1953,1,0,3.0,6.875,0.436,14.0,0.4427,16.5,2.0,14.5,1.19,1.867,0.4426726514842283,0.4426726514842283,0.0924126538938622,0.0275253632891706,0.4611201034988332,0.0,175.5,0
United Kingdom,1954,1,0,3.0,6.875,0.436,14.0,0.4427,16.5,2.0,14.5,1.19,1.867,0.4426726514842283,0.4426726514842283,0.0719328338323236,0.0275253632891706,0.4611201034988332,0.0,175.5,0
United Kingdom,1955,1,0,3.0,6.875,0.436,14.0,0.4427,16.5,2.0,14.5,1.19,1.867,0.4426726514842283,0.4426726514842283,0.0509203770610831,0.0275253632891706,0.4611201034988332,0.0,175.5,0
United Kingdom,1956,0,1,3.5,6.875,0.509,13.375,0.4093,16.5,2.0,11.5,0.926,0.867,0.4093025603362012,0.4093025603362012,0.2699820382629395,0.0409464021216988,0.4351182207172709,0.0,150.125,0
United Kingdom,1957,0,0,3.25,6.875,0.473,13.75,0.4278,16.5,2.0,13.5,1.042,1.467,0.4278324334860086,0.4278324334860086,0.0863721125147925,0.0315826020024756,0.4483699588294894,0.0,164.125,0
United Kingdom,1958,0,0,3.625,6.875,0.527,13.125,0.3986,16.5,2.0,11.5,1.354,2.6,0.3985616489311133,0.3985616489311133,0.3321792022159017,0.0633513886436933,0.4388757471251132,0.0,146.625,0
United Kingdom,1959,0,0,3.125,6.875,0.455,13.875,0.4351,16.5,2.0,13.5,1.111,1.667,0.4351227354141923,0.4351227354141923,0.0557101746583032,0.0286741532888271,0.4540073071953374,0.0,169.375,0
United Kingdom,1960,0,0,3.125,6.875,0.455,13.875,0.4351,16.5,2.0,13.5,1.111,1.667,0.4351227354141923,0.4351227354141923,0.0632665698965578,0.0286741532888271,0.4540073071953374,0.0,169.375,0
United Kingdom,1961,0,0,3.125,6.875,0.455,13.875,0.4351,16.5,2.0,13.5,1.111,1.667,0.4351227354141923,0.4351227354141923,0.0750056844651275,0.0286741532888271,0.4540073071953374,0.0,169.375,0
United Kingdom,1962,0,0,3.125,6.875,0.455,13.875,0.4351,16.5,2.0,13.5,1.111,1.667,0.4351227354141923,0.4351227354141923,0.0577807342820686,0.0286741532888271,0.4540073071953374,0.0,169.375,0
United Kingdom,1963,0,0,3.25,6.875,0.473,13.625,0.4238,16.5,2.0,11.5,1.042,1.267,0.4237779143512074,0.4237779143512074,0.1712474753278672,0.0387934580195754,0.4497255690253952,0.0,161.5,0
United Kingdom,1964,0,0,3.125,6.875,0.455,13.875,0.4351,16.5,2.0,13.5,1.111,1.667,0.4351227354141923,0.4351227354141923,0.0370151051155647,0.0286741532888271,0.4540073071953374,0.0,169.375,0
United Kingdom,1965,0,0,3.125,6.875,0.455,13.875,0.4351,16.5,2.0,13.5,1.111,1.667,0.4351227354141923,0.4351227354141923,0.0370151051155647,0.0286741532888271,0.4540073071953374,0.0,169.375,0
United Kingdom,1966,0,0,3.75,6.875,0.545,12.688,0.3794,16.5,2.0,11.5,1.275,2.7,0.3794106689682941,0.3794106689682941,0.3459347125396527,0.0746040856340642,0.4255215537272283,0.0,136.25,0
United Kingdom,1967,0,0,3.875,6.5,0.596,12.188,0.3733,16.5,2.0,11.5,1.373,3.5,0.3733083677592247,0.3733083677592247,0.5240221190066443,0.1419675636387379,0.4375914196153652,0.0,120.25,0
United Kingdom,1968,0,0,3.875,6.625,0.585,12.188,0.3683,16.5,2.0,11.5,1.204,2.433,0.3682758916602125,0.3682758916602125,0.2486077963192067,0.111713314736734,0.4174375176743032,0.0,120.5,0
United Kingdom,1969,0,0,4.0,6.625,0.604,11.938,0.3573,16.5,2.0,11.5,1.14,2.033,0.3573488987661688,0.3573488987661688,0.2109500113467968,0.114040179766892,0.4033624323613775,0.0,113.0,0
United Kingdom,1970,0,0,4.25,6.625,0.642,11.688,0.3466,16.5,2.0,11.5,1.167,2.167,0.346555902085679,0.346555902085679,0.2997278849921234,0.0909995390391088,0.3944460377300595,0.125,106.0,0
United Kingdom,1971,0,0,4.5,6.5,0.692,11.188,0.3309,16.5,2.0,11.5,1.333,3.5,0.3309021620364727,0.3309021620364727,0.3348695071806511,0.126173090118239,0.3847732860935823,0.125,90.25,0
United Kingdom,1972,0,0,5.125,6.25,0.82,9.688,0.2839,14.5,3.0,8.5,1.439,4.833,0.283916754159813,0.283916754159813,0.1806131276821838,0.3137252448444295,0.3608306143508086,0.125,55.25,0
United Kingdom,1973,1,0,4.625,6.25,0.74,10.625,0.3174,14.5,3.0,10.5,1.27,3.4,0.3173517412533726,0.3173517412533726,0.3924233386796662,0.120664396091045,0.356225888113972,0.125,69.25,0
United Kingdom,1974,1,0,5.75,6.125,0.939,8.688,0.2547,14.5,3.0,7.0,1.528,6.167,0.2546650696271045,0.2546650696271045,0.3010328356914821,0.1271105849529713,0.3105116525545561,0.5,36.125,0
United Kingdom,1975,1,0,6.0,5.875,1.021,8.188,0.246,14.5,3.0,7.0,1.533,6.967,0.2459536703961818,0.2459536703961818,0.4447451175252163,0.0880334794527032,0.2797650392520854,0.5,23.125,0
United Kingdom,1976,0,1,6.0,5.875,1.021,8.188,0.246,14.5,3.0,7.0,1.533,6.967,0.2459536703961818,0.2459536703961818,0.3373676930961284,0.0880334794527032,0.2797650392520854,0.5,23.125,0
United Kingdom,1977,0,0,6.0,5.875,1.021,8.188,0.246,14.5,3.0,7.0,1.533,6.967,0.2459536703961818,0.2459536703961818,0.2334194235730438,0.0880334794527032,0.2797650392520854,0.5,23.125,0
United Kingdom,1978,0,0,6.0,5.75,1.043,8.062,0.246,14.5,3.0,7.0,1.533,6.767,0.2459536703961818,0.2459536703961818,0.3360018082713296,0.0999926329228917,0.2750906342280694,0.5,17.875,0
United Kingdom,1979,0,0,6.0,6.0,1.0,8.475,0.2516,14.5,3.0,10.3,1.667,7.96,0.2515686825934336,0.2515686825934336,0.3497921900566607,0.0733026125068057,0.2760596174092634,0.375,29.575,0
United Kingdom,1980,0,0,5.625,6.0,0.938,8.85,0.2648,14.5,3.0,11.3,1.742,8.56,0.2648170514591754,0.2648170514591754,0.5335406682062194,0.0757675303487714,0.308929338205261,0.375,46.275,0
United Kingdom,1981,0,0,5.75,5.875,0.979,8.6,0.26,14.5,3.0,9.3,1.667,8.16,0.2600441572744102,0.2600441572744102,0.3721740224328552,0.1502468276835348,0.3058509111829867,0.375,36.375,0
United Kingdom,1982,0,0,4.875,6.625,0.736,10.738,0.3093,15.5,2.0,12.5,1.754,7.313,0.3092707225158883,0.3092707225158883,0.4777426589783128,0.1974072901345466,0.3932206570961957,0.125,90.35,0
United Kingdom,1983,0,0,4.375,6.5,0.673,11.212,0.3341,15.5,2.0,13.5,1.765,6.473,0.3341400402808105,0.3341400402808105,0.4323871587206865,0.1057075368078933,0.3980201066074427,0.125,102.925,0
United Kingdom,1984,0,0,4.625,6.25,0.74,10.588,0.3212,15.5,2.0,13.5,1.961,8.14,0.3211769937780857,0.3211769937780857,0.2785158947927909,0.099757071154361,0.3884823017352081,0.25,94.3,0
United Kingdom,1985,0,0,4.375,6.75,0.648,11.525,0.3369,15.5,2.0,13.5,1.765,6.173,0.3368640235499937,0.3368640235499937,0.2021761724413528,0.0887019685168519,0.3959818088789247,0.125,113.425,0
United Kingdom,1986,0,0,4.0,6.75,0.593,12.062,0.3589,15.5,2.0,13.5,1.667,5.433,0.3589092319227063,0.3589092319227063,0.3295256617568594,0.0840631573667618,0.4177937739930229,0.125,128.5,0
United Kingdom,1987,0,0,3.875,7.125,0.544,13.062,0.3825,16.5,2.0,14.5,1.562,4.9,0.3824819653007858,0.3824819653007858,0.322061927545236,0.057602690869819,0.4354064107912961,0.125,160.0,0
United Kingdom,1988,0,0,3.625,7.25,0.5,13.562,0.399,16.5,2.0,14.5,1.354,3.567,0.3989688384839895,0.3989688384839895,0.4392721993419644,0.0838627612615985,0.4512493028432371,0.0,168.25,0
United Kingdom,1989,0,0,3.5,7.25,0.483,13.688,0.404,16.5,2.0,14.5,1.25,3.233,0.4040463871930719,0.4040463871930719,0.3329570373393383,0.0647963963891776,0.447596063571445,0.0,170.125,0
United Kingdom,1990,0,0,4.125,6.875,0.6,12.312,0.3598,16.5,2.0,11.5,1.389,4.233,0.3598012196257517,0.3598012196257517,0.4299178203546094,0.0860955979705025,0.4139741811273454,0.125,126.125,0
United Kingdom,1991,0,0,4.375,6.5,0.673,11.562,0.3432,16.5,2.0,11.5,1.404,5.167,0.3432027620918096,0.3432027620918096,0.4895090721948769,0.1378751758516481,0.4099182517156908,0.125,101.75,0
United Kingdom,1992,0,0,5.125,6.375,0.804,10.0,0.2891,14.5,3.0,7.5,1.304,5.067,0.2890511328809834,0.2890511328809834,0.5025013151796134,0.1812045007920707,0.3618106613611392,0.25,64.0,0
United Kingdom,1993,0,0,4.75,6.5,0.731,10.812,0.3138,14.5,3.0,11.5,1.349,5.033,0.3137750764560205,0.3137750764560205,0.2995247519761033,0.1025818286304205,0.3630322496511974,0.125,83.375,0
United Kingdom,1994,0,0,3.75,6.75,0.556,12.688,0.383,16.5,2.0,13.5,1.458,4.3,0.3830198893206553,0.3830198893206553,0.2649421511576362,0.0710728984933322,0.4343634286993809,0.125,139.75,0
United Kingdom,1995,0,0,3.75,6.75,0.556,12.812,0.3877,16.5,2.0,13.5,1.458,3.967,0.3876636354696809,0.3876636354696809,0.3065877429887581,0.0677126013948538,0.4367597480209272,0.125,141.625,0
United Kingdom,1996,0,0,3.75,6.75,0.556,12.812,0.3877,16.5,2.0,13.5,1.458,3.967,0.3876636354696809,0.3876636354696809,0.2882424820962208,0.0677126013948538,0.4367597480209272,0.125,141.625,0
United Kingdom,1997,0,0,3.25,7.125,0.456,13.862,0.4214,16.5,2.0,14.7,1.222,2.18,0.4213912453297079,0.4213912453297079,0.3031491872367007,0.0498277425658543,0.4513271231363358,0.0,172.05,0
United Kingdom,1998,0,0,3.125,7.25,0.431,14.112,0.4275,16.5,2.0,14.7,1.111,2.047,0.4275172274857084,0.4275172274857084,0.3250620632321173,0.0356451651249363,0.4488980394869175,0.0,180.3,0
United Kingdom,1999,0,0,3.125,7.25,0.431,14.112,0.4275,16.5,2.0,14.7,1.111,2.047,0.4275172274857084,0.4275172274857084,0.2695942801841581,0.0356451651249363,0.4488980394869175,0.0,180.3,0
United Kingdom,2000,0,0,3.125,7.25,0.431,14.112,0.4275,16.5,2.0,14.7,1.111,2.047,0.4275172274857084,0.4275172274857084,0.1941304824812211,0.0356451651249363,0.4488980394869175,0.0,180.3,0
United Kingdom,2001,0,0,3.75,7.0,0.536,13.275,0.3948,16.5,2.0,13.0,1.111,2.307,0.3948403316754496,0.3948403316754496,0.2302147527212144,0.0621977394540812,0.4289560659282303,0.0,144.05,0
United Kingdom,2002,0,0,3.375,7.25,0.466,13.9,0.4148,16.5,2.0,15.0,0.98,1.707,0.4147963132240045,0.4147963132240045,0.1703830958599619,0.0429726676152323,0.4390111987031501,0.0,171.55,0
United Kingdom,2003,0,0,4.0,6.875,0.582,12.588,0.3711,16.5,2.0,10.5,0.873,0.673,0.3710671611274146,0.3710671611274146,0.4959189213443955,0.0823094703853419,0.4144250885491142,0.0,120.45,0
United Kingdom,2004,0,0,3.875,6.875,0.564,12.712,0.377,16.5,2.0,11.5,0.917,0.873,0.3769526576471107,0.3769526576471107,0.2411911473485266,0.0650379231733132,0.4128725314644553,0.0,125.7,0
United Kingdom,2005,1,0,3.875,6.875,0.564,12.712,0.377,16.5,2.0,11.5,0.917,0.873,0.3769526576471107,0.3769526576471107,0.1712673888571779,0.0650379231733132,0.4128725314644553,0.0,125.7,0
United Kingdom,2006,1,0,3.5,6.875,0.509,13.212,0.4009,16.5,2.0,13.5,0.926,1.14,0.4009249959371387,0.4009249959371387,0.196042210194894,0.0483955412755332,0.4304881310327429,0.0,143.55,0
United Kingdom,2007,1,0,3.25,7.0,0.464,13.712,0.4189,16.5,2.0,13.5,1.042,1.407,0.4189457610039749,0.4189457610039749,0.2261136696072398,0.0375399941965248,0.441607410708447,0.0,161.4,0
United Kingdom,2008,0,1,5.325,6.3,0.845,9.812,0.2844,14.5,3.0,10.5,1.173,3.807,0.2843814738913965,0.2843814738913965,0.6682879630872491,0.1663954301590841,0.3299418546832458,0.25,46.175000000000004,0
United Kingdom,2009,0,0,5.375,6.0,0.896,9.025,0.2698,14.5,3.0,9.5,1.319,5.373,0.26976001317511,0.26976001317511,0.5388187006868816,0.2557103048635846,0.3433565964572481,0.375,39.400000000000006,0
United Kingdom,2010,0,0,4.625,6.375,0.725,10.775,0.3175,14.5,3.0,11.5,1.27,3.907,0.3174707780658541,0.3174707780658541,0.5640780018711408,0.1321843566493764,0.3650070970421672,0.125,73.9,0
United Kingdom,2011,0,0,4.875,6.375,0.765,10.4,0.3031,14.5,3.0,11.5,1.288,4.373,0.3031330133122144,0.3031330133122144,0.343605997901933,0.1113078094677354,0.3437643030734898,0.125,67.675,0
United Kingdom,2012,0,0,4.5,6.5,0.692,11.15,0.3271,14.5,3.0,11.5,1.333,4.507,0.3271093570840905,0.3271093570840905,0.3880844581649288,0.1152384669373245,0.3759987452682945,0.125,86.275,0
United Kingdom,2013,0,0,4.25,6.625,0.642,11.525,0.3383,14.5,3.0,11.5,1.316,4.04,0.3383201600274303,0.3383201600274303,0.4279548157506675,0.0816590676153229,0.3779182872653513,0.125,98.275,0
United Kingdom,2014,0,0,3.875,6.75,0.574,12.15,0.3603,15.5,2.0,11.5,1.204,2.907,0.3602970862580554,0.3602970862580554,0.3709135029066794,0.0970533641958529,0.4013629981050512,0.0,116.275,0
United Kingdom,2015,0,0,4.0,6.75,0.593,12.15,0.3583,15.5,2.0,11.5,1.14,2.373,0.3582913358777039,0.3582913358777039,0.4299939183865001,0.0954168791156712,0.3966047443522875,0.0,113.425,0
United Kingdom,2016,0,0,4.625,6.5,0.712,10.9,0.3173,14.5,3.0,7.5,1.014,1.44,0.317343053335531,0.317343053335531,0.6160730357857792,0.1336170154781955,0.3600252283049635,0.125,73.675,0
United Kingdom,2017,0,0,5.125,6.375,0.804,10.15,0.2938,14.5,3.0,5.5,0.962,0.773,0.293766202780618,0.293766202780618,0.44754885272281,0.1368207145125853,0.3245952663194767,0.25,51.1,0
United Kingdom,2018,0,0,5.25,6.375,0.824,9.875,0.286,14.5,3.0,3.3,0.926,0.333,0.2860322611112134,0.2860322611112134,0.3513216086159946,0.1367840500767891,0.3132113964900883,0.25,50.925,0
United Kingdom,2019,0,0,5.5,6.325,0.87,9.35,0.2694,12.5,4.0,3.1,0.862,-0.507,0.2694302820843158,0.2694302820843158,0.3900439976380035,0.0612865901381681,0.2816885671343345,0.375,35.7,0
United Kingdom,2020,0,0,6.875,5.875,1.17,7.212,0.2131,13.5,4.0,7.5,1.198,5.407,0.213124809557377,0.213124809557377,0.2916692676099396,0.2060814982808412,0.2304669513527386,0.625,-14.75,0
United Kingdom,2021,0,0,5.75,6.375,0.902,9.275,0.2625,14.5,3.0,9.5,1.173,3.64,0.2624744107107126,0.2624744107107126,0.5843871723840541,0.2954779962239006,0.3109632848350021,0.25,33.175,0
United Kingdom,2022,0,0,5.75,6.125,0.939,8.775,0.2562,14.5,3.0,5.5,1.173,3.373,0.2562361824459648,0.2562361824459648,0.5140305949807575,0.1825981601432507,0.2917436726921362,0.375,25.1,0
United Kingdom,2023,0,0,5.625,6.25,0.9,9.025,0.2603,14.5,3.0,7.5,1.218,3.773,0.2602952243865979,0.2602952243865979,0.3497883283012484,0.2040733458376761,0.3083966832435196,0.375,33.85,0
United Kingdom,2024,0,0,5.125,6.25,0.82,9.9,0.2888,14.5,3.0,9.5,1.181,3.04,0.2888168667518019,0.2888168667518019,0.3856477358246556,0.361525258504191,0.3533305181396137,0.125,47.35,0
United Kingdom,2025,0,0,4.625,6.375,0.725,10.65,0.3122,14.5,3.0,9.5,1.136,2.64,0.3122021552525023,0.3122021552525023,0.3143468660012297,0.2259934045121538,0.357837762647342,0.0,66.65,0
Venezuela,1970,0,0,3.5,5.875,0.596,11.5,0.3712,8.5,4.0,13.0,1.078,-0.267,0.3711944573891272,0.3711944573891272,,0.0749486494308641,0.3975321750401197,0.0,88.75,0
Venezuela,1971,0,0,3.5,5.875,0.596,11.5,0.3712,8.5,4.0,13.0,1.078,-0.267,0.3711944573891272,0.3711944573891272,,0.0749486494308641,0.3975321750401197,0.0,88.75,0
Venezuela,1972,0,0,3.5,5.875,0.596,11.5,0.3712,8.5,4.0,13.0,1.078,-0.267,0.3711944573891272,0.3711944573891272,,0.0749486494308641,0.3975321750401197,0.0,88.75,0
Venezuela,1973,0,0,2.75,6.875,0.4,14.312,0.4585,10.5,4.0,15.0,0.952,-1.1,0.4584875374673468,0.4584875374673468,,0.0480961665992624,0.4871010938794177,0.0,184.25,0
Venezuela,1974,0,0,2.625,7.75,0.339,15.625,0.4834,9.5,5.0,19.5,0.833,-0.867,0.4833655719756675,0.4833655719756675,,0.0639213563510928,0.5262953484944788,0.0,251.0,0
Venezuela,1975,0,0,2.75,7.875,0.349,15.375,0.4653,8.5,5.0,18.5,0.778,-1.8,0.4653413969424641,0.4653413969424641,0.4868731332975014,0.0683662598284023,0.5133078121069276,0.0,247.375,0
Venezuela,1976,0,0,3.125,8.0,0.391,15.375,0.4527,7.5,6.0,17.5,0.784,-2.333,0.4527039009261236,0.4527039009261236,0.3354542208498093,0.1042583669094426,0.5182992904863776,0.0,251.5,0
Venezuela,1977,0,0,4.0,7.5,0.533,13.5,0.3819,6.5,6.0,14.5,1.0,-1.6,0.3818937130021339,0.3818937130021339,0.2617314879774557,0.0637220199767752,0.4166747711557169,0.125,168.125,0
Venezuela,1978,0,0,4.5,7.25,0.621,12.312,0.3434,4.5,7.0,11.0,0.942,-1.9,0.3434133988378798,0.3434133988378798,0.5016831651437248,0.0716861411421868,0.3877859396114934,0.125,129.625,0
Venezuela,1979,0,0,4.875,6.375,0.765,10.438,0.304,4.5,6.0,10.0,1.042,-0.1,0.3040040366794181,0.3040040366794181,0.6718096387795611,0.1953812269813932,0.3621210649883138,0.125,70.375,0
Venezuela,1980,0,0,5.375,6.25,0.86,9.562,0.2768,3.5,7.0,8.0,0.988,-0.967,0.2767535942760228,0.2767535942760228,0.5557749841728253,0.2165025808087661,0.3192177529970351,0.125,44.25,0
Venezuela,1981,0,0,5.375,6.25,0.86,9.562,0.2768,3.5,7.0,8.0,0.988,-0.967,0.2767535942760228,0.2767535942760228,0.4050348833598694,0.2165025808087661,0.3192177529970351,0.125,44.25,0
Venezuela,1982,0,0,6.375,5.625,1.133,7.438,0.2299,2.5,8.0,5.0,0.99,-0.633,0.2298586282065738,0.2298586282065738,0.5572790711932238,0.124498288613668,0.2372580843704223,0.625,-5.5,0
Venezuela,1983,0,0,7.75,4.875,1.59,4.875,0.1793,2.5,9.0,3.5,1.053,2.2,0.179339300461301,0.179339300461301,0.7604909210286965,0.0765660213517194,0.1601852360162061,0.75,-61.875,0
Venezuela,1984,0,0,5.625,5.625,1.0,8.938,0.2701,3.0,7.0,13.0,1.111,1.233,0.2701180957603412,0.2701180957603412,0.2048143896007208,0.1472783182253525,0.2962925264587883,0.5,14.5,0
Venezuela,1985,0,0,5.25,5.875,0.894,9.438,0.2823,1.0,8.0,14.0,1.026,0.433,0.2823447767366797,0.2823447767366797,0.1826705242759664,0.1087716992051639,0.3129467960502815,0.25,40.0,0
Venezuela,1986,0,0,6.75,4.875,1.385,6.188,0.2109,-1.0,9.0,8.0,0.98,0.567,0.2108911694944025,0.2108911694944025,0.7251094959025773,0.0920403763971826,0.1959507495332963,0.75,-40.375,0
Venezuela,1987,0,0,7.5,4.5,1.667,4.75,0.1829,-1.0,9.0,6.5,1.036,0.933,0.1829379852985018,0.1829379852985018,0.5871292718090694,0.0225539994456566,0.1754776713371456,0.875,-67.25,0
Venezuela,1988,0,0,6.625,4.75,1.395,6.5,0.2216,0.0,8.0,8.5,1.094,2.133,0.2216474259439438,0.2216474259439438,0.3054595024181205,0.0872404173870906,0.2172413891983406,0.75,-40.25,0
Venezuela,1989,1,0,9.0,4.75,1.895,2.938,0.1377,-1.0,9.0,6.5,1.0,2.033,0.1376761907953795,0.1376761907953795,0.3010522569019909,0.0154837684087457,0.1439330447170457,1.0,-92.5,0
Venezuela,1990,1,0,6.25,5.875,1.064,7.438,0.2216,2.5,7.0,8.5,1.022,0.433,0.2215847820459681,0.2215847820459681,0.3665975180129835,0.3646380583314135,0.2493978324710558,0.25,12.875,1
Venezuela,1991,1,0,6.25,6.125,1.02,7.312,0.2144,2.5,7.0,7.5,0.938,-0.833,0.2143860241271871,0.2143860241271871,0.7891373720150923,0.3255744469549723,0.2962722400100585,0.5,32.75,1
Venezuela,1992,0,1,8.75,4.875,1.795,2.5,0.1287,-2.0,9.0,1.0,0.926,-2.4,0.1287244690609415,0.1287244690609415,0.4463826791583655,0.0186800259569754,0.1303757718058083,1.0,-65.75,1
Venezuela,1993,0,0,6.875,4.625,1.486,4.5,0.1766,0.0,8.0,6.0,1.111,0.267,0.1765926147171406,0.1765926147171406,0.3544083488478857,0.0216193809632109,0.1746618674541189,0.875,-41.75,0
Venezuela,1994,0,0,8.375,3.625,2.31,1.562,0.1359,-3.0,9.0,2.5,1.197,2.233,0.1358719485517235,0.1358719485517235,0.2041644385520689,0.0566305919212621,0.1224628601905352,0.875,-72.125,0
Venezuela,1995,0,0,7.0,3.625,1.931,2.875,0.1602,-2.5,8.0,3.0,1.162,1.4,0.1601757010257526,0.1601757010257526,0.1942124035196888,0.0390603617809586,0.1598526962935636,0.875,-48.875,0
Venezuela,1996,0,0,6.5,4.875,1.333,5.812,0.2032,1.0,7.0,6.5,1.222,1.833,0.2032435385983289,0.2032435385983289,0.3801531547755602,0.158721376430485,0.1851875435705714,0.625,-25.625,0
Venezuela,1997,0,0,5.625,5.375,1.047,7.312,0.2324,1.0,7.0,6.5,1.111,-0.033,0.2323502498019161,0.2323502498019161,0.6150182534612757,0.162296687882218,0.2395537031851363,0.375,10.375,0
Venezuela,1998,0,0,7.625,4.25,1.794,2.875,0.1469,-2.5,8.0,-3.0,0.875,-4.733,0.1468840159377738,0.1468840159377738,0.2992187873653658,0.079755654248886,0.1466713281180061,0.75,-37.625,0
Venezuela,1999,1,0,6.375,5.125,1.244,6.125,0.2056,0.0,8.0,13.0,0.909,-0.867,0.2055663359364959,0.2055663359364959,0.4712300786578035,0.044541533324599,0.2163521975146814,0.625,-6.0,0
Venezuela,2000,1,0,5.375,5.375,1.0,7.562,0.2414,4.0,6.0,14.0,0.893,-0.967,0.2414051420341813,0.2414051420341813,0.6466518923562522,0.0929880818967252,0.2776495010775331,0.5,19.375,1
Venezuela,2001,1,0,6.75,5.375,1.256,6.062,0.1945,2.0,7.0,11.0,0.905,0.1,0.194526020367884,0.194526020367884,0.4373003722297207,0.1163927526690594,0.189949359578692,0.625,-26.25,1
Venezuela,2002,0,1,8.875,4.0,2.219,1.312,0.1188,-3.5,9.0,1.5,0.906,-2.167,0.1187967541448147,0.1187967541448147,0.3244703113501435,0.055220690207924,0.1312821388960026,1.0,-78.375,1
Venezuela,2003,0,0,7.75,4.0,1.938,3.5,0.1633,0.5,8.0,10.0,1.053,2.133,0.163337106029911,0.163337106029911,0.3542998806396401,0.0435050674506495,0.1504787553230791,1.0,-67.625,0
Venezuela,2004,0,0,4.5,6.0,0.75,9.938,0.3008,7.0,5.0,17.0,0.833,-1.7,0.3007886098873931,0.3007886098873931,0.7648614600715324,0.2559353867758126,0.4009242518790237,0.25,72.875,0
Venezuela,2005,0,0,3.75,7.0,0.536,12.0,0.3458,4.5,6.0,19.0,0.714,-3.2,0.3458255031433146,0.3458255031433146,1.2244009617750689,0.2112847370705233,0.491627514423923,0.25,140.25,0
Venezuela,2006,0,0,3.75,7.0,0.536,12.0,0.3458,4.5,6.0,19.0,0.714,-3.2,0.3458255031433146,0.3458255031433146,1.0280126730587469,0.2112847370705233,0.491627514423923,0.25,140.25,0
Venezuela,2007,0,0,5.25,6.125,0.857,8.625,0.2493,3.5,6.0,13.0,0.833,-2.2,0.249310225468543,0.249310225468543,0.3943867449465792,0.1631698254817755,0.3027420883465894,0.375,47.0,0
Venezuela,2008,0,0,5.125,5.875,0.872,8.75,0.2627,3.5,6.0,15.0,0.864,-2.0,0.2627364648852078,0.2627364648852078,0.6516137507250856,0.2217382440902556,0.3503325118666229,0.375,55.75,0
Venezuela,2009,0,0,6.125,4.75,1.289,5.625,0.2009,-0.5,8.0,9.5,0.968,-0.067,0.200886125526787,0.200886125526787,0.4507606248925369,0.2610682970786818,0.2148297015127922,0.625,-3.125,0
Venezuela,2010,0,0,6.125,4.75,1.289,5.625,0.2009,-0.5,8.0,9.5,0.968,-0.067,0.200886125526787,0.200886125526787,0.6051554439352099,0.2610682970786818,0.2148297015127922,0.625,-3.125,0
Venezuela,2011,0,0,5.625,5.125,1.098,6.875,0.2256,0.5,7.0,10.5,0.92,-1.8,0.225595673911549,0.225595673911549,0.4253345616974108,0.1946304562433898,0.2686179860829807,0.5,16.25,0
Venezuela,2012,0,0,5.0,6.0,0.833,9.125,0.2727,-0.5,8.0,14.5,0.802,-3.0,0.2726540915344907,0.2726540915344907,0.193711635907172,0.1534330769267718,0.3615419801009788,0.25,73.5,0
Venezuela,2013,0,0,7.125,4.375,1.629,3.938,0.1673,-3.5,9.0,6.0,0.972,-1.167,0.1673423398977558,0.1673423398977558,0.3780805187228991,0.0475080282501696,0.1828211865045415,0.875,-26.25,0
Venezuela,2014,0,0,8.125,3.75,2.167,1.562,0.1274,-4.0,9.0,4.0,1.042,0.633,0.1274055494108657,0.1274055494108657,0.4019057136055941,0.092907889409656,0.1209519275018525,0.875,-55.0,0
Venezuela,2015,0,0,8.5,3.125,2.72,-0.062,0.1097,-7.0,10.0,1.0,1.098,2.033,0.1096914489813593,0.1096914489813593,0.4992131902227676,0.0647355869666661,0.1118069668017699,0.875,-53.875,0
Venezuela,2016,1,0,9.125,2.5,3.65,-1.938,0.0862,-7.5,10.0,2.0,1.098,2.767,0.086201147898244,0.086201147898244,0.621202312977517,0.1068613631121787,0.0974310396091193,1.0,-54.125,0
Venezuela,2017,1,0,9.25,2.125,4.353,-2.5,0.0822,-7.5,10.0,4.0,1.136,4.0,0.0822392355411306,0.0822392355411306,0.4668326324874163,0.0926025680166996,0.1051192711176734,1.0,-56.75,1
Venezuela,2018,1,0,9.375,1.625,5.769,-3.75,0.069,-7.5,10.0,1.5,1.111,4.133,0.0690008757843105,0.0690008757843105,0.5033378858841704,0.1400629680304113,0.095511355512919,1.0,-47.875,1
Venezuela,2019,0,1,8.75,1.875,4.667,-1.938,0.0935,-7.5,10.0,2.5,1.111,4.1,0.0935493467218944,0.0935493467218944,0.2668089686160169,0.0718576003822396,0.1089332187455534,1.0,-58.875,1
Venezuela,2020,0,0,9.25,1.75,5.286,-3.062,0.0774,-7.5,10.0,2.5,1.136,4.433,0.077449218048353,0.077449218048353,0.3523917253243356,0.1118868382104695,0.0995493687322505,1.0,-51.75,0
Venezuela,2021,0,0,8.125,2.25,3.611,-0.5,0.1133,-6.0,9.0,4.0,1.111,3.2,0.1133004366204492,0.1133004366204492,0.3262338122488306,0.0586639418685458,0.1253188950433411,1.0,-66.125,0
Venezuela,2022,0,0,7.125,3.125,2.28,2.25,0.1505,-5.0,8.0,6.0,1.048,0.933,0.1505339932858397,0.1505339932858397,0.2686277367458464,0.0370915538569853,0.1616497632468259,1.0,-54.0,0
Venezuela,2023,0,0,8.25,2.625,3.143,-0.312,0.108,-6.5,9.0,2.0,1.016,1.367,0.107954500067471,0.107954500067471,0.3385086279051088,0.0733804824458542,0.1256800440460583,1.0,-65.75,0
Venezuela,2024,0,0,9.375,2.0,4.688,-0.812,0.1089,-7.5,10.0,3.5,1.051,2.433,0.1088968738449071,0.1088968738449071,0.509170728395235,0.11222579473794,0.1398975880364646,1.0,-109.375,0
Venezuela,2025,0,0,9.375,1.625,5.769,-2.938,0.0805,-7.5,10.0,2.5,1.111,4.633,0.0804947768314068,0.0804947768314068,0.4170737161614638,0.1391232125359168,0.1152164816725132,1.0,-63.125,0
