Society,Year,B_sym_mat,B_mat_mat,B_sym_sym,B_dir_mat,B_grooming_gap,B_dir_mat_proxy
Afghanistan,1900,0.16566109112404107,0.12716268124698513,0.20946538709324902,0.16246427956597526,0.04380429596920796,0.16246427956597526
Afghanistan,1901,0.16566109112404107,0.12716268124698513,0.20946538709324902,0.16246427956597526,0.04380429596920796,0.16246427956597526
Afghanistan,1902,0.16566109112404107,0.12716268124698513,0.20946538709324902,0.16246427956597526,0.04380429596920796,0.16246427956597526
Afghanistan,1903,0.16566109112404107,0.12716268124698513,0.20946538709324902,0.16246427956597526,0.04380429596920796,0.16246427956597526
Afghanistan,1904,0.16566109112404107,0.12716268124698513,0.20946538709324902,0.16246427956597526,0.04380429596920796,0.16246427956597526
Afghanistan,1905,0.16566109112404107,0.12716268124698513,0.20946538709324902,0.16246427956597526,0.04380429596920796,0.16246427956597526
Afghanistan,1906,0.16566109112404107,0.12716268124698513,0.20946538709324902,0.16246427956597526,0.04380429596920796,0.16246427956597526
Afghanistan,1907,0.16566109112404107,0.12716268124698513,0.20946538709324902,0.16246427956597526,0.04380429596920796,0.16246427956597526
Afghanistan,1908,0.16566109112404107,0.12716268124698513,0.20946538709324902,0.16246427956597526,0.04380429596920796,0.16246427956597526
Afghanistan,1909,0.16566109112404107,0.12716268124698513,0.20946538709324902,0.16246427956597526,0.04380429596920796,0.16246427956597526
Afghanistan,1910,0.16566109112404107,0.12716268124698513,0.20946538709324902,0.16246427956597526,0.04380429596920796,0.16246427956597526
Afghanistan,1911,0.16566109112404107,0.12716268124698513,0.20946538709324902,0.16246427956597526,0.04380429596920796,0.16246427956597526
Afghanistan,1912,0.16566109112404107,0.12716268124698513,0.20946538709324902,0.16246427956597526,0.04380429596920796,0.16246427956597526
Afghanistan,1913,0.16566109112404107,0.12716268124698513,0.20946538709324902,0.16246427956597526,0.04380429596920796,0.16246427956597526
Afghanistan,1914,0.16566109112404107,0.12716268124698513,0.20946538709324902,0.16246427956597526,0.04380429596920796,0.16246427956597526
Afghanistan,1915,0.16566109112404107,0.12716268124698513,0.20946538709324902,0.16246427956597526,0.04380429596920796,0.16246427956597526
Afghanistan,1916,0.16566109112404107,0.12716268124698513,0.20946538709324902,0.16246427956597526,0.04380429596920796,0.16246427956597526
Afghanistan,1917,0.16566109112404107,0.12716268124698513,0.20946538709324902,0.16246427956597526,0.04380429596920796,0.16246427956597526
Afghanistan,1918,0.16566109112404107,0.12716268124698513,0.20946538709324902,0.16246427956597526,0.04380429596920796,0.16246427956597526
Afghanistan,1919,0.13741267098884682,0.11604626716597477,0.1572920002002383,0.13790984637357115,0.01987932921139149,0.13790984637357115
Afghanistan,1920,0.13741267098884682,0.11604626716597477,0.1572920002002383,0.13790984637357115,0.01987932921139149,0.13790984637357115
Afghanistan,1921,0.16931578668395433,0.14178843078019918,0.19792618661593414,0.16950399593261922,0.028610399931979807,0.16950399593261922
Afghanistan,1922,0.22022326980279816,0.18334018467831828,0.259891252784363,0.22480338501613717,0.03966798298156482,0.22480338501613717
Afghanistan,1923,0.22022326980279816,0.18334018467831828,0.259891252784363,0.22480338501613717,0.03966798298156482,0.22480338501613717
Afghanistan,1924,0.22022326980279816,0.18334018467831828,0.259891252784363,0.22480338501613717,0.03966798298156482,0.22480338501613717
Afghanistan,1925,0.22022326980279816,0.18334018467831828,0.259891252784363,0.22480338501613717,0.03966798298156482,0.22480338501613717
Afghanistan,1926,0.2287906951047597,0.18941594964253086,0.27198561370375646,0.22879069510475972,0.04319491859899677,0.22879069510475972
Afghanistan,1927,0.2287906951047597,0.18941594964253086,0.27198561370375646,0.22879069510475972,0.04319491859899677,0.22879069510475972
Afghanistan,1928,0.16759265605102266,0.13846766317360681,0.19792618661593414,0.1715984561290935,0.030333530564911476,0.1715984561290935
Afghanistan,1929,0.12178776894011713,0.09742838162465291,0.14755297532666956,0.12521042908240143,0.025765206386552428,0.12521042908240143
Afghanistan,1930,0.16759265605102266,0.13846766317360681,0.19792618661593414,0.1715984561290935,0.030333530564911476,0.1715984561290935
Afghanistan,1931,0.16759265605102266,0.13846766317360681,0.19792618661593414,0.1715984561290935,0.030333530564911476,0.1715984561290935
Afghanistan,1932,0.16759265605102266,0.13846766317360681,0.19792618661593414,0.1715984561290935,0.030333530564911476,0.1715984561290935
Afghanistan,1933,0.16759265605102266,0.13846766317360681,0.19792618661593414,0.1715984561290935,0.030333530564911476,0.1715984561290935
Afghanistan,1934,0.16759265605102266,0.13846766317360681,0.19792618661593414,0.1715984561290935,0.030333530564911476,0.1715984561290935
Afghanistan,1935,0.16759265605102266,0.13846766317360681,0.19792618661593414,0.1715984561290935,0.030333530564911476,0.1715984561290935
Afghanistan,1936,0.16759265605102266,0.13846766317360681,0.19792618661593414,0.1715984561290935,0.030333530564911476,0.1715984561290935
Afghanistan,1937,0.16759265605102266,0.13846766317360681,0.19792618661593414,0.1715984561290935,0.030333530564911476,0.1715984561290935
Afghanistan,1938,0.16759265605102266,0.13846766317360681,0.19792618661593414,0.1715984561290935,0.030333530564911476,0.1715984561290935
Afghanistan,1939,0.16759265605102266,0.13846766317360681,0.19792618661593414,0.1715984561290935,0.030333530564911476,0.1715984561290935
Afghanistan,1940,0.16759265605102266,0.13846766317360681,0.19792618661593414,0.1715984561290935,0.030333530564911476,0.1715984561290935
Afghanistan,1941,0.16759265605102266,0.13846766317360681,0.19792618661593414,0.1715984561290935,0.030333530564911476,0.1715984561290935
Afghanistan,1942,0.16759265605102266,0.13846766317360681,0.19792618661593414,0.1715984561290935,0.030333530564911476,0.1715984561290935
Afghanistan,1943,0.16759265605102266,0.13846766317360681,0.19792618661593414,0.1715984561290935,0.030333530564911476,0.1715984561290935
Afghanistan,1944,0.16759265605102266,0.13846766317360681,0.19792618661593414,0.1715984561290935,0.030333530564911476,0.1715984561290935
Afghanistan,1945,0.19322888750093645,0.16489616165857557,0.22373345165514952,0.19917386850036037,0.03050456415421307,0.19917386850036037
Afghanistan,1946,0.19322888750093645,0.16489616165857557,0.22373345165514952,0.19917386850036037,0.03050456415421307,0.19917386850036037
Afghanistan,1947,0.19322888750093645,0.16489616165857557,0.22373345165514952,0.19917386850036037,0.03050456415421307,0.19917386850036037
Afghanistan,1948,0.19322888750093645,0.16489616165857557,0.22373345165514952,0.19917386850036037,0.03050456415421307,0.19917386850036037
Afghanistan,1949,0.19322888750093645,0.16489616165857557,0.22373345165514952,0.19917386850036037,0.03050456415421307,0.19917386850036037
Afghanistan,1950,0.19322888750093645,0.16489616165857557,0.22373345165514952,0.19917386850036037,0.03050456415421307,0.19917386850036037
Afghanistan,1951,0.19322888750093645,0.16489616165857557,0.22373345165514952,0.19917386850036037,0.03050456415421307,0.19917386850036037
Afghanistan,1952,0.19322888750093645,0.16489616165857557,0.22373345165514952,0.19917386850036037,0.03050456415421307,0.19917386850036037
Afghanistan,1953,0.19322888750093645,0.16489616165857557,0.22373345165514952,0.19917386850036037,0.03050456415421307,0.19917386850036037
Afghanistan,1954,0.19322888750093645,0.16489616165857557,0.22373345165514952,0.19917386850036037,0.03050456415421307,0.19917386850036037
Afghanistan,1955,0.19322888750093645,0.16489616165857557,0.22373345165514952,0.19917386850036037,0.03050456415421307,0.19917386850036037
Afghanistan,1956,0.19322888750093645,0.16489616165857557,0.22373345165514952,0.19917386850036037,0.03050456415421307,0.19917386850036037
Afghanistan,1957,0.19322888750093645,0.16489616165857557,0.22373345165514952,0.19917386850036037,0.03050456415421307,0.19917386850036037
Afghanistan,1958,0.19322888750093645,0.16489616165857557,0.22373345165514952,0.19917386850036037,0.03050456415421307,0.19917386850036037
Afghanistan,1959,0.19322888750093645,0.16489616165857557,0.22373345165514952,0.19917386850036037,0.03050456415421307,0.19917386850036037
Afghanistan,1960,0.19322888750093645,0.16489616165857557,0.22373345165514952,0.19917386850036037,0.03050456415421307,0.19917386850036037
Afghanistan,1961,0.19322888750093645,0.16489616165857557,0.22373345165514952,0.19917386850036037,0.03050456415421307,0.19917386850036037
Afghanistan,1962,0.19322888750093645,0.16489616165857557,0.22373345165514952,0.19917386850036037,0.03050456415421307,0.19917386850036037
Afghanistan,1963,0.19322888750093645,0.16489616165857557,0.22373345165514952,0.19917386850036037,0.03050456415421307,0.19917386850036037
Afghanistan,1964,0.2219617052102328,0.18941594964253086,0.2570022478740789,0.22879069510475972,0.03504054266384607,0.22879069510475972
Afghanistan,1965,0.2219617052102328,0.18941594964253086,0.2570022478740789,0.22879069510475972,0.03504054266384607,0.22879069510475972
Afghanistan,1966,0.2219617052102328,0.18941594964253086,0.2570022478740789,0.22879069510475972,0.03504054266384607,0.22879069510475972
Afghanistan,1967,0.2219617052102328,0.18941594964253086,0.2570022478740789,0.22879069510475972,0.03504054266384607,0.22879069510475972
Afghanistan,1968,0.2219617052102328,0.18941594964253086,0.2570022478740789,0.22879069510475972,0.03504054266384607,0.22879069510475972
Afghanistan,1969,0.2533637901679578,0.21969059313062378,0.2891802902062727,0.2603290933103212,0.035816500038314936,0.2603290933103212
Afghanistan,1970,0.2533637901679578,0.21969059313062378,0.2891802902062727,0.2603290933103212,0.035816500038314936,0.2603290933103212
Afghanistan,1971,0.2533637901679578,0.21969059313062378,0.2891802902062727,0.2603290933103212,0.035816500038314936,0.2603290933103212
Afghanistan,1972,0.2533637901679578,0.21969059313062378,0.2891802902062727,0.2603290933103212,0.035816500038314936,0.2603290933103212
Afghanistan,1973,0.2533637901679578,0.21969059313062378,0.2891802902062727,0.2603290933103212,0.035816500038314936,0.2603290933103212
Afghanistan,1974,0.182702484741016,0.16489616165857557,0.19792618661593414,0.19917386850036037,0.015223701874918144,0.19917386850036037
Afghanistan,1975,0.182702484741016,0.16489616165857557,0.19792618661593414,0.19917386850036037,0.015223701874918144,0.19917386850036037
Afghanistan,1976,0.182702484741016,0.16489616165857557,0.19792618661593414,0.19917386850036037,0.015223701874918144,0.19917386850036037
Afghanistan,1977,0.13523895665830288,0.12054310217408139,0.14755297532666956,0.1493851326439276,0.012314018668366677,0.1493851326439276
Afghanistan,1978,0.10115157934135428,0.08481633250437133,0.1148912529307606,0.10900200956823398,0.013739673589406323,0.10900200956823398
Afghanistan,1979,0.10115157934135428,0.08481633250437133,0.1148912529307606,0.10900200956823398,0.013739673589406323,0.10900200956823398
Afghanistan,1980,0.10115157934135428,0.08481633250437133,0.1148912529307606,0.10900200956823398,0.013739673589406323,0.10900200956823398
Afghanistan,1981,0.10115157934135428,0.08481633250437133,0.1148912529307606,0.10900200956823398,0.013739673589406323,0.10900200956823398
Afghanistan,1982,0.07382108801313263,0.05616338907521438,0.09294936486662657,0.07980059478438505,0.019128276853493942,0.07980059478438505
Afghanistan,1983,0.07382108801313263,0.05616338907521438,0.09294936486662657,0.07980059478438505,0.019128276853493942,0.07980059478438505
Afghanistan,1984,0.09294238897226992,0.07016584771319699,0.1148912529307606,0.09626654550367354,0.02194886395849069,0.09626654550367354
Afghanistan,1985,0.09294238897226992,0.07016584771319699,0.1148912529307606,0.09626654550367354,0.02194886395849069,0.09626654550367354
Afghanistan,1986,0.09294238897226992,0.07016584771319699,0.1148912529307606,0.09626654550367354,0.02194886395849069,0.09626654550367354
Afghanistan,1987,0.09294238897226992,0.07016584771319699,0.1148912529307606,0.09626654550367354,0.02194886395849069,0.09626654550367354
Afghanistan,1988,0.09294238897226992,0.07016584771319699,0.1148912529307606,0.09626654550367354,0.02194886395849069,0.09626654550367354
Afghanistan,1989,0.09294238897226992,0.07016584771319699,0.1148912529307606,0.09626654550367354,0.02194886395849069,0.09626654550367354
Afghanistan,1990,0.09294238897226992,0.07016584771319699,0.1148912529307606,0.09626654550367354,0.02194886395849069,0.09626654550367354
Afghanistan,1991,0.09294238897226992,0.07016584771319699,0.1148912529307606,0.09626654550367354,0.02194886395849069,0.09626654550367354
Afghanistan,1992,0.09294238897226992,0.07016584771319699,0.1148912529307606,0.09626654550367354,0.02194886395849069,0.09626654550367354
Afghanistan,1993,0.09294238897226992,0.07016584771319699,0.1148912529307606,0.09626654550367354,0.02194886395849069,0.09626654550367354
Afghanistan,1994,0.09294238897226992,0.07016584771319699,0.1148912529307606,0.09626654550367354,0.02194886395849069,0.09626654550367354
Afghanistan,1995,0.09294238897226992,0.07016584771319699,0.1148912529307606,0.09626654550367354,0.02194886395849069,0.09626654550367354
Afghanistan,1996,0.06813466636173289,0.05367149089605044,0.08049651124012737,0.07130526007626035,0.012361844878394479,0.07130526007626035
Afghanistan,1997,0.06813466636173289,0.05367149089605044,0.08049651124012737,0.07130526007626035,0.012361844878394479,0.07130526007626035
Afghanistan,1998,0.06813466636173289,0.05367149089605044,0.08049651124012737,0.07130526007626035,0.012361844878394479,0.07130526007626035
Afghanistan,1999,0.06813466636173289,0.05367149089605044,0.08049651124012737,0.07130526007626035,0.012361844878394479,0.07130526007626035
Afghanistan,2000,0.06813466636173289,0.05367149089605044,0.08049651124012737,0.07130526007626035,0.012361844878394479,0.07130526007626035
Afghanistan,2001,0.05587028060673425,0.04667673200796738,0.0643064077521776,0.055056542520558145,0.008436127145443346,0.055056542520558145
Afghanistan,2002,0.07743552760039123,0.06191992499864332,0.09294936486662657,0.0764161452618309,0.015513837266235342,0.0764161452618309
Afghanistan,2003,0.07743552760039123,0.06191992499864332,0.09294936486662657,0.0764161452618309,0.015513837266235342,0.0764161452618309
Afghanistan,2004,0.11002389162068889,0.09144305989054584,0.1284523257866513,0.10872353164179166,0.018428434165962418,0.10872353164179166
Afghanistan,2005,0.11002389162068889,0.09144305989054584,0.1284523257866513,0.10872353164179166,0.018428434165962418,0.10872353164179166
Afghanistan,2006,0.11002389162068889,0.09144305989054584,0.1284523257866513,0.10872353164179166,0.018428434165962418,0.10872353164179166
Afghanistan,2007,0.11002389162068889,0.09144305989054584,0.1284523257866513,0.10872353164179166,0.018428434165962418,0.10872353164179166
Afghanistan,2008,0.11002389162068889,0.09144305989054584,0.1284523257866513,0.10872353164179166,0.018428434165962418,0.10872353164179166
Afghanistan,2009,0.11002389162068889,0.09144305989054584,0.1284523257866513,0.10872353164179166,0.018428434165962418,0.10872353164179166
Afghanistan,2010,0.11002389162068889,0.09144305989054584,0.1284523257866513,0.10872353164179166,0.018428434165962418,0.10872353164179166
Afghanistan,2011,0.11002389162068889,0.09144305989054584,0.1284523257866513,0.10872353164179166,0.018428434165962418,0.10872353164179166
Afghanistan,2012,0.11002389162068889,0.09144305989054584,0.1284523257866513,0.10872353164179166,0.018428434165962418,0.10872353164179166
Afghanistan,2013,0.11002389162068889,0.09144305989054584,0.1284523257866513,0.10872353164179166,0.018428434165962418,0.10872353164179166
Afghanistan,2014,0.11002389162068889,0.09144305989054584,0.1284523257866513,0.10872353164179166,0.018428434165962418,0.10872353164179166
Afghanistan,2015,0.11002389162068889,0.09144305989054584,0.1284523257866513,0.10872353164179166,0.018428434165962418,0.10872353164179166
Afghanistan,2016,0.11002389162068889,0.09144305989054584,0.1284523257866513,0.10872353164179166,0.018428434165962418,0.10872353164179166
Afghanistan,2017,0.11002389162068889,0.09144305989054584,0.1284523257866513,0.10872353164179166,0.018428434165962418,0.10872353164179166
Afghanistan,2018,0.11002389162068889,0.09144305989054584,0.1284523257866513,0.10872353164179166,0.018428434165962418,0.10872353164179166
Afghanistan,2019,0.11002389162068889,0.09144305989054584,0.1284523257866513,0.10872353164179166,0.018428434165962418,0.10872353164179166
Afghanistan,2020,0.11002389162068889,0.09144305989054584,0.1284523257866513,0.10872353164179166,0.018428434165962418,0.10872353164179166
Afghanistan,2021,0.07743552760039123,0.06191992499864332,0.09294936486662657,0.0764161452618309,0.015513837266235342,0.0764161452618309
Afghanistan,2022,0.07743552760039123,0.06191992499864332,0.09294936486662657,0.0764161452618309,0.015513837266235342,0.0764161452618309
Afghanistan,2023,0.07743552760039123,0.06191992499864332,0.09294936486662657,0.0764161452618309,0.015513837266235342,0.0764161452618309
Afghanistan,2024,0.07743552760039123,0.06191992499864332,0.09294936486662657,0.0764161452618309,0.015513837266235342,0.0764161452618309
Afghanistan,2025,0.07743552760039123,0.06191992499864332,0.09294936486662657,0.0764161452618309,0.015513837266235342,0.0764161452618309
Argentina,1950,0.3034686186949059,0.2928534216144994,0.3133402003630594,0.30934446156999645,0.009871581668153495,0.30934446156999645
Argentina,1951,0.3014995532125921,0.2928534216144994,0.309026353230551,0.30934446156999645,0.007526800017958912,0.30934446156999645
Argentina,1952,0.22419738508125767,0.23883883192280123,0.20863251943262873,0.24288315490468007,-0.01556486564862894,0.24288315490468007
Argentina,1953,0.21600136355282926,0.21592477338037921,0.21449797791877606,0.22824917212616244,-0.0015033856340531948,0.22824917212616244
Argentina,1954,0.21978523443741985,0.2179107867129347,0.22052833688806134,0.22958564783763857,0.0007431024506414918,0.22958564783763857
Argentina,1955,0.13016961655389164,0.14765879883359612,0.114492145101159,0.12390990059394018,-0.01567747145273264,0.12390990059394018
Argentina,1956,0.1801144923741607,0.18611887208909658,0.17411011265922482,0.1740836280065787,-0.006004379714935865,0.1740836280065787
Argentina,1957,0.24580782047249225,0.24663264951887853,0.2449489742783178,0.2337250331585001,-0.0008588461941744507,0.2337250331585001
Argentina,1958,0.25,0.25,0.25,0.25,0.0,0.25
Argentina,1959,0.2103500748487949,0.19712505050816076,0.22286324607950456,0.21497422237093877,0.012513171230709663,0.21497422237093877
Argentina,1960,0.25,0.25,0.25,0.25,0.0,0.25
Argentina,1961,0.25,0.25,0.25,0.25,0.0,0.25
Argentina,1962,0.14599151275478225,0.16476041381464818,0.12767545941914943,0.13943402546132408,-0.018316053335632826,0.13943402546132408
Argentina,1963,0.24580782047249225,0.24663264951887853,0.2449489742783178,0.22777188328134493,-0.0008588461941744507,0.22777188328134493
Argentina,1964,0.25,0.25,0.25,0.25,0.0,0.25
Argentina,1965,0.25,0.25,0.25,0.25,0.0,0.25
Argentina,1966,0.2166679451595185,0.2224216796217525,0.20863251943262873,0.2002074931314796,-0.008035425726889783,0.2002074931314796
Argentina,1967,0.25,0.25,0.25,0.23879560461208438,0.0,0.23879560461208438
Argentina,1968,0.2334011761740982,0.2232731925170637,0.24316373685307138,0.21900481799664642,0.009762560678973187,0.21900481799664642
Argentina,1969,0.1812818848974244,0.1836747227914074,0.1784097752274756,0.17307488338631874,-0.0028721096699488025,0.17307488338631874
Argentina,1970,0.16756723891875067,0.17009735855005725,0.16471820345351462,0.16649371881003577,-0.002849035465236044,0.16649371881003577
Argentina,1971,0.1611205451279387,0.16193185257492118,0.16021397551792443,0.15673252802464296,-0.0009065696100142573,0.15673252802464296
Argentina,1972,0.1284906093428572,0.12252960324459512,0.13370338144248828,0.12292129417422054,0.0052127720996310856,0.12292129417422054
Argentina,1973,0.25,0.25,0.25,0.2416291239421009,0.0,0.2416291239421009
Argentina,1974,0.17583475829762932,0.1849875341372943,0.1670175838856739,0.17348063770252242,-0.008817174411955425,0.17348063770252242
Argentina,1975,0.10680022458503101,0.11463735586209496,0.09896309330796706,0.1008421129693749,-0.007837131277063952,0.1008421129693749
Argentina,1976,0.12277051367198288,0.11863414463834915,0.12247448713915891,0.11497205585237406,-0.0002960265328239703,0.11497205585237406
Argentina,1977,0.12116204687278138,0.12491669435863513,0.11135528725660045,0.13134158197699278,-0.009806759616180938,0.13134158197699278
Argentina,1978,0.1579801019877529,0.14917696044169035,0.1572920002002383,0.1579801019877529,-0.0006881017875145778,0.1579801019877529
Argentina,1979,0.16294458197369033,0.1588450324995222,0.1572920002002383,0.17484379467567435,-0.0056525817734520145,0.17484379467567435
Argentina,1980,0.15511667954221656,0.17910295785869224,0.13126490515349307,0.18870216042067964,-0.02385177438872349,0.18870216042067964
Argentina,1981,0.11875131584520886,0.13217354364311923,0.10606601717798213,0.1418726001470795,-0.01268529866722673,0.1418726001470795
Argentina,1982,0.09893318872424428,0.09896309330796706,0.09330329915368075,0.09408399046085243,-0.005629889570563526,0.09408399046085243
Argentina,1983,0.20042726349552917,0.1905883609491398,0.20863251943262873,0.2038726445696791,0.00820525593709956,0.2038726445696791
Argentina,1984,0.2621951850039184,0.2324045318333193,0.29351725098327286,0.2642238439278279,0.03132206597935444,0.2642238439278279
Argentina,1985,0.2370253281519933,0.22506768280004164,0.24157668936537965,0.26002399079454547,0.004551361213386368,0.26002399079454547
Argentina,1986,0.2699284124150401,0.24663264951887853,0.29351725098327286,0.27201690493504693,0.02358883856823274,0.27201690493504693
Argentina,1987,0.20581302393814213,0.20071183717899976,0.20863251943262873,0.21686390983164083,0.0028194954944865958,0.21686390983164083
Argentina,1988,0.1391290834935555,0.1316837420999982,0.1441604994257202,0.14861851060952488,0.005031415932164718,0.14861851060952488
Argentina,1989,0.06936605843822262,0.06940623278950367,0.06307738094665785,0.07632229960583142,-0.0062886774915647675,0.07632229960583142
Argentina,1990,0.15751205515338237,0.15182753215697983,0.16245047927124712,0.15751205515338237,0.0049384241178647426,0.15751205515338237
Argentina,1991,0.24120226591665964,0.2324045318333193,0.25,0.24120226591665964,0.008797734083340364,0.24120226591665964
Argentina,1992,0.24120226591665964,0.2324045318333193,0.25,0.24593350679884787,0.008797734083340364,0.24593350679884787
Argentina,1993,0.2950270717669083,0.3054475298500706,0.2835646043669633,0.28504865432879706,-0.011462467399944998,0.28504865432879706
Argentina,1994,0.2950270717669083,0.3054475298500706,0.2835646043669633,0.28189098076784463,-0.011462467399944998,0.28189098076784463
Argentina,1995,0.29420106861936185,0.3033354226500127,0.2835646043669633,0.28885077225122247,-0.010636464252398559,0.28885077225122247
Argentina,1996,0.29420106861936185,0.3033354226500127,0.2835646043669633,0.2996888375720702,-0.010636464252398559,0.2996888375720702
Argentina,1997,0.30409482337926647,0.3033354226500127,0.3039170178751143,0.3095825923319749,-0.0001778055041521398,0.3095825923319749
Argentina,1998,0.26450575032775764,0.2790115006555152,0.25,0.2696940947024202,-0.014505750327757638,0.2696940947024202
Argentina,1999,0.20401963060272266,0.19712505050816076,0.20863251943262873,0.20720943039619025,0.00461288882990607,0.20720943039619025
Argentina,2000,0.13552098831309964,0.13446442271677939,0.13495526394300336,0.14270262451766702,-0.0005657243700962766,0.14270262451766702
Argentina,2001,0.06754874884191238,0.06940623278950367,0.06050786828313995,0.07333476662260992,-0.0070408805587724305,0.07333476662260992
Argentina,2002,0.08787482270435543,0.09115719496013754,0.0830747096274586,0.09869657297577361,-0.004800113076896831,0.09869657297577361
Argentina,2003,0.16633466864570298,0.1585592246321811,0.17411011265922482,0.17615124084952516,0.007775444013521843,0.17615124084952516
Argentina,2004,0.24120226591665964,0.2324045318333193,0.25,0.24120226591665964,0.008797734083340364,0.24120226591665964
Argentina,2005,0.25,0.25,0.25,0.2572875655532295,0.0,0.2572875655532295
Argentina,2006,0.25,0.25,0.25,0.2572875655532295,0.0,0.2572875655532295
Argentina,2007,0.2762852317051598,0.2845388437990527,0.2679433656340733,0.28253557290142844,-0.008341866071086501,0.28253557290142844
Argentina,2008,0.2102864664696913,0.20965872224209803,0.20863251943262873,0.22157754854718914,-0.0016539470370625642,0.22157754854718914
Argentina,2009,0.20859809126363715,0.20628197182998972,0.20863251943262873,0.21979851803958747,3.442816899157375e-05,0.21979851803958747
Argentina,2010,0.25,0.25,0.25,0.25,0.0,0.25
Argentina,2011,0.25,0.25,0.25,0.25,0.0,0.25
Argentina,2012,0.20144308066202488,0.2042983830269092,0.19737839036486488,0.20674589850372618,-0.004064690297160001,0.20674589850372618
Argentina,2013,0.1798127231417742,0.17863689280581305,0.18090028287910714,0.17687379262781097,0.0010875597373329327,0.17687379262781097
Argentina,2014,0.15083469360086413,0.15182753215697983,0.14674366074400896,0.15751205515338237,-0.004091032856855165,0.15751205515338237
Argentina,2015,0.20401963060272266,0.19712505050816076,0.20863251943262873,0.21147458454767265,0.00461288882990607,0.21147458454767265
Argentina,2016,0.2264715679058117,0.2118625544195266,0.24157668936537965,0.2272027277444577,0.015105121459567966,0.2272027277444577
Argentina,2017,0.24831632475943924,0.24663264951887853,0.25,0.24831632475943924,0.0016836752405607613,0.24831632475943924
Argentina,2018,0.1372543872255594,0.1316837420999982,0.14068624190585735,0.1467438143415288,0.003431854680297941,0.1467438143415288
Argentina,2019,0.13517852130001168,0.1316837420999982,0.13683916922257375,0.1467438143415288,0.0016606479225620696,0.1467438143415288
Argentina,2020,0.13637032516490413,0.1316837420999982,0.13683916922257375,0.1467438143415288,0.0004688440576696151,0.1467438143415288
Argentina,2021,0.14780353102488647,0.1316837420999982,0.16471820345351462,0.1467438143415288,0.016914672428628152,0.1467438143415288
Argentina,2022,0.1194868841140751,0.11463735586209496,0.12247448713915891,0.11063293554409172,0.0029876030250838154,0.11063293554409172
Argentina,2023,0.08762336329369885,0.08925723263439829,0.08383355240318585,0.09572076926425799,-0.0037898108905130012,0.09572076926425799
Argentina,2024,0.1194868841140751,0.11463735586209496,0.12247448713915891,0.11889396166525638,0.0029876030250838154,0.11889396166525638
Argentina,2025,0.12702229044605498,0.11812225545058992,0.13556981109359326,0.12150107465083843,0.008547520647538276,0.12150107465083843
Australia,1900,0.2785788466641697,0.2431415689170798,0.31832184225354165,0.30151502008661685,0.03974299558937194,0.30151502008661685
Australia,1901,0.33872381305751253,0.300689388245482,0.3807387709659691,0.3430788453365594,0.04201495790845655,0.3430788453365594
Australia,1902,0.3596381079617481,0.32738427206996024,0.39450490432125584,0.3499694883918593,0.034866796359507735,0.3499694883918593
Australia,1903,0.3596381079617481,0.32738427206996024,0.39450490432125584,0.3499694883918593,0.034866796359507735,0.3499694883918593
Australia,1904,0.3596381079617481,0.32738427206996024,0.39450490432125584,0.3499694883918593,0.034866796359507735,0.3499694883918593
Australia,1905,0.3596381079617481,0.32738427206996024,0.39450490432125584,0.3499694883918593,0.034866796359507735,0.3499694883918593
Australia,1906,0.3596381079617481,0.32738427206996024,0.39450490432125584,0.3499694883918593,0.034866796359507735,0.3499694883918593
Australia,1907,0.3596381079617481,0.32738427206996024,0.39450490432125584,0.3499694883918593,0.034866796359507735,0.3499694883918593
Australia,1908,0.3596381079617481,0.32738427206996024,0.39450490432125584,0.3499694883918593,0.034866796359507735,0.3499694883918593
Australia,1909,0.3596381079617481,0.32738427206996024,0.39450490432125584,0.3499694883918593,0.034866796359507735,0.3499694883918593
Australia,1910,0.3596381079617481,0.32738427206996024,0.39450490432125584,0.3499694883918593,0.034866796359507735,0.3499694883918593
Australia,1911,0.3596381079617481,0.32738427206996024,0.39450490432125584,0.3499694883918593,0.034866796359507735,0.3499694883918593
Australia,1912,0.3596381079617481,0.32738427206996024,0.39450490432125584,0.3499694883918593,0.034866796359507735,0.3499694883918593
Australia,1913,0.3596381079617481,0.32738427206996024,0.39450490432125584,0.3499694883918593,0.034866796359507735,0.3499694883918593
Australia,1914,0.24288012725407718,0.243699703843378,0.24124284489290138,0.23264347187486345,-0.0016372823611758014,0.23264347187486345
Australia,1915,0.24288012725407718,0.243699703843378,0.24124284489290138,0.23264347187486345,-0.0016372823611758014,0.23264347187486345
Australia,1916,0.23020959777017722,0.23335624974857797,0.22508753325727376,0.21429717823282513,-0.0051220645129034514,0.21429717823282513
Australia,1917,0.23020959777017722,0.23335624974857797,0.22508753325727376,0.21429717823282513,-0.0051220645129034514,0.21429717823282513
Australia,1918,0.24288012725407718,0.243699703843378,0.24124284489290138,0.23264347187486345,-0.0016372823611758014,0.23264347187486345
Australia,1919,0.2580203995568541,0.23928592044221694,0.27711525908328066,0.2648841254215957,0.01909485952642659,0.2648841254215957
Australia,1920,0.26382027758590754,0.2502319690030725,0.27711525908328066,0.26228909984990456,0.013294981497373126,0.26228909984990456
Australia,1921,0.2728758729569511,0.2502319690030725,0.2970047807493297,0.27067147618975335,0.024128907792378584,0.27067147618975335
Australia,1922,0.2728758729569511,0.2502319690030725,0.2970047807493297,0.27067147618975335,0.024128907792378584,0.27067147618975335
Australia,1923,0.2728758729569511,0.2502319690030725,0.2970047807493297,0.27067147618975335,0.024128907792378584,0.27067147618975335
Australia,1924,0.2728758729569511,0.2502319690030725,0.2970047807493297,0.27067147618975335,0.024128907792378584,0.27067147618975335
Australia,1925,0.2728758729569511,0.2502319690030725,0.2970047807493297,0.27067147618975335,0.024128907792378584,0.27067147618975335
Australia,1926,0.2728758729569511,0.2502319690030725,0.2970047807493297,0.27067147618975335,0.024128907792378584,0.27067147618975335
Australia,1927,0.2728758729569511,0.2502319690030725,0.2970047807493297,0.27067147618975335,0.024128907792378584,0.27067147618975335
Australia,1928,0.2615546867641778,0.22899234367277801,0.2970047807493297,0.25140714204411446,0.035450093985151865,0.25140714204411446
Australia,1929,0.09995782435712808,0.08949531428422197,0.10768348760652383,0.11247048536054949,0.007725663249395748,0.11247048536054949
Australia,1930,0.10047628615881876,0.09038046005418154,0.10768348760652383,0.11305384790222228,0.007207201447705064,0.11305384790222228
Australia,1931,0.09370387781059826,0.07469838252447408,0.1138233890706635,0.09963388124571648,0.02011951126006524,0.09963388124571648
Australia,1932,0.10037673051057694,0.0862245971391864,0.1138233890706635,0.11287091794479574,0.01344665856008656,0.11287091794479574
Australia,1933,0.11045860857173208,0.09825374814388614,0.12199288782188071,0.12056672692028901,0.011534279250148632,0.12056672692028901
Australia,1934,0.23818150332649277,0.21193445836865046,0.26598154896585324,0.23548020272704337,0.027800045639360477,0.23548020272704337
Australia,1935,0.23818150332649277,0.21193445836865046,0.26598154896585324,0.23548020272704337,0.027800045639360477,0.23548020272704337
Australia,1936,0.23818150332649277,0.21193445836865046,0.26598154896585324,0.23548020272704337,0.027800045639360477,0.23548020272704337
Australia,1937,0.23818150332649277,0.21193445836865046,0.26598154896585324,0.23548020272704337,0.027800045639360477,0.23548020272704337
Australia,1938,0.23818150332649277,0.21193445836865046,0.26598154896585324,0.23548020272704337,0.027800045639360477,0.23548020272704337
Australia,1939,0.2602762388000697,0.26183300090824385,0.2585576791829708,0.2558404668224394,-0.001718559617098936,0.2558404668224394
Australia,1940,0.2602762388000697,0.26183300090824385,0.2585576791829708,0.2558404668224394,-0.001718559617098936,0.2558404668224394
Australia,1941,0.2602762388000697,0.26183300090824385,0.2585576791829708,0.2558404668224394,-0.001718559617098936,0.2558404668224394
Australia,1942,0.24284631771357748,0.26183300090824385,0.22508753325727376,0.2394841762589834,-0.017758784456303717,0.2394841762589834
Australia,1943,0.24284631771357748,0.26183300090824385,0.22508753325727376,0.2473790020491701,-0.017758784456303717,0.2473790020491701
Australia,1944,0.3391509932678922,0.3233530197379611,0.3552418344684255,0.35664051407806446,0.01609084120053328,0.35664051407806446
Australia,1945,0.3391509932678922,0.3233530197379611,0.3552418344684255,0.34383834217157033,0.01609084120053328,0.34383834217157033
Australia,1946,0.3412734051670953,0.32738427206996024,0.3552418344684255,0.3387151758310529,0.013968429301330187,0.3387151758310529
Australia,1947,0.3412734051670953,0.32738427206996024,0.3552418344684255,0.32821453091475333,0.013968429301330187,0.32821453091475333
Australia,1948,0.3341576658491782,0.313262709911963,0.3552418344684255,0.3213710763502281,0.02108416861924728,0.3213710763502281
Australia,1949,0.3331861217710195,0.31232539155871747,0.3552418344684255,0.3204367085411697,0.022055712697406027,0.3204367085411697
Australia,1950,0.4150451765004406,0.37554957495157737,0.45850015257484544,0.38749193158963724,0.04345497607440485,0.38749193158963724
Australia,1951,0.4150451765004406,0.37554957495157737,0.45850015257484544,0.3745815760650814,0.04345497607440485,0.3745815760650814
Australia,1952,0.4150451765004406,0.37554957495157737,0.45850015257484544,0.38749193158963724,0.04345497607440485,0.38749193158963724
Australia,1953,0.4150451765004406,0.37554957495157737,0.45850015257484544,0.38749193158963724,0.04345497607440485,0.38749193158963724
Australia,1954,0.4150451765004406,0.37554957495157737,0.45850015257484544,0.38749193158963724,0.04345497607440485,0.38749193158963724
Australia,1955,0.4150451765004406,0.37554957495157737,0.45850015257484544,0.38749193158963724,0.04345497607440485,0.38749193158963724
Australia,1956,0.4150451765004406,0.37554957495157737,0.45850015257484544,0.38749193158963724,0.04345497607440485,0.38749193158963724
Australia,1957,0.4150451765004406,0.37554957495157737,0.45850015257484544,0.38749193158963724,0.04345497607440485,0.38749193158963724
Australia,1958,0.4150451765004406,0.37554957495157737,0.45850015257484544,0.38749193158963724,0.04345497607440485,0.38749193158963724
Australia,1959,0.4150451765004406,0.37554957495157737,0.45850015257484544,0.38749193158963724,0.04345497607440485,0.38749193158963724
Australia,1960,0.3924111656591478,0.3587352982739003,0.4277957689769906,0.3787929732667294,0.03538460331784282,0.3787929732667294
Australia,1961,0.38339946634996097,0.34248884301697674,0.4277957689769906,0.3700940149438216,0.04439630262702965,0.3700940149438216
Australia,1962,0.4150451765004406,0.37554957495157737,0.45850015257484544,0.38749193158963724,0.04345497607440485,0.38749193158963724
Australia,1963,0.4150451765004406,0.37554957495157737,0.45850015257484544,0.38749193158963724,0.04345497607440485,0.38749193158963724
Australia,1964,0.4150451765004406,0.37554957495157737,0.45850015257484544,0.38749193158963724,0.04345497607440485,0.38749193158963724
Australia,1965,0.4150451765004406,0.37554957495157737,0.45850015257484544,0.38749193158963724,0.04345497607440485,0.38749193158963724
Australia,1966,0.28877801568132133,0.2906485484518826,0.28286380193598776,0.2833730958714618,-0.005914213745333574,0.2833730958714618
Australia,1967,0.28877801568132133,0.2906485484518826,0.28286380193598776,0.29180776301999456,-0.005914213745333574,0.29180776301999456
Australia,1968,0.28877801568132133,0.2906485484518826,0.28286380193598776,0.29180776301999456,-0.005914213745333574,0.29180776301999456
Australia,1969,0.28012358453192204,0.2906485484518826,0.26392125931780963,0.2833730958714618,-0.016202325214112412,0.2833730958714618
Australia,1970,0.28012358453192204,0.2906485484518826,0.26392125931780963,0.29180776301999456,-0.016202325214112412,0.29180776301999456
Australia,1971,0.28877801568132133,0.2906485484518826,0.28286380193598776,0.2833730958714618,-0.005914213745333574,0.2833730958714618
Australia,1972,0.2894381941408703,0.24514416895505117,0.3351600583750651,0.30380637821520473,0.045721864234194776,0.30380637821520473
Australia,1973,0.2968476308010248,0.24514416895505117,0.35024218721497313,0.30380637821520473,0.05339455641394836,0.30380637821520473
Australia,1974,0.25190525129025554,0.23437475131344154,0.26375164191490014,0.2694321122957177,0.011846390624644598,0.2694321122957177
Australia,1975,0.2574715094361808,0.24514416895505117,0.26375164191490014,0.24925290338262587,0.006280132478719336,0.24925290338262587
Australia,1976,0.2552815124785333,0.23437475131344154,0.27711525908328066,0.2595440313673898,0.02183374660474735,0.2595440313673898
Australia,1977,0.2552815124785333,0.23437475131344154,0.27711525908328066,0.24437157238358598,0.02183374660474735,0.24437157238358598
Australia,1978,0.2552815124785333,0.23437475131344154,0.27711525908328066,0.24437157238358598,0.02183374660474735,0.24437157238358598
Australia,1979,0.2471058077059326,0.23437475131344154,0.2585576791829708,0.24437157238358598,0.011451871477038189,0.24437157238358598
Australia,1980,0.2552815124785333,0.23437475131344154,0.27711525908328066,0.24437157238358598,0.02183374660474735,0.24437157238358598
Australia,1981,0.2552815124785333,0.23437475131344154,0.27711525908328066,0.24437157238358598,0.02183374660474735,0.24437157238358598
Australia,1982,0.24405530087941193,0.21395452381860405,0.27711525908328066,0.23362513425043355,0.03305995820386873,0.23362513425043355
Australia,1983,0.40649930815459223,0.32368707451098694,0.5053626287850377,0.38238489728837705,0.09886332063044545,0.38238489728837705
Australia,1984,0.4150531824639454,0.32368707451098694,0.5247321589616004,0.36373133139923985,0.10967897649765501,0.36373133139923985
Australia,1985,0.38605872709767214,0.32368707451098694,0.45907664920551944,0.36373133139923985,0.0730179221078473,0.36373133139923985
Australia,1986,0.38605872709767214,0.32368707451098694,0.45907664920551944,0.36373133139923985,0.0730179221078473,0.36373133139923985
Australia,1987,0.3436391753432478,0.29518010622717034,0.3996494355619621,0.3473796562875184,0.0560102602187143,0.3473796562875184
Australia,1988,0.41059515816461684,0.3394928120424856,0.4920261698885588,0.37279754575227325,0.08143101172394196,0.37279754575227325
Australia,1989,0.36439787590099115,0.3094354660794491,0.42833365935291934,0.3558369709575521,0.06393578345192819,0.3558369709575521
Australia,1990,0.17550758422057852,0.14402102633004707,0.2100140945126748,0.18699920927689861,0.03450651029209628,0.18699920927689861
Australia,1991,0.17648350107451902,0.13716293445536365,0.22508753325727376,0.18223422603753733,0.04860403218275475,0.18223422603753733
Australia,1992,0.18915033302716489,0.15755883717544236,0.22508753325727376,0.19531380743287288,0.03593720023010888,0.19531380743287288
Australia,1993,0.28284515775979074,0.2407625775178596,0.3314523515330984,0.28432924544592997,0.04860719377330763,0.28432924544592997
Australia,1994,0.31154268939432517,0.25247353339780104,0.38334424107640064,0.2913554734033314,0.07180155168207547,0.2913554734033314
Australia,1995,0.28284515775979074,0.2407625775178596,0.3314523515330984,0.28432924544592997,0.04860719377330763,0.28432924544592997
Australia,1996,0.35129498869128306,0.33132355916479644,0.37235787715914087,0.34822273803060716,0.02106288846785781,0.34822273803060716
Australia,1997,0.35129498869128306,0.33132355916479644,0.37235787715914087,0.34052838174298755,0.02106288846785781,0.34052838174298755
Australia,1998,0.33935647566064947,0.33132355916479644,0.3474221840480882,0.32997152490351506,0.008065708387438753,0.32997152490351506
Australia,1999,0.35129498869128306,0.33132355916479644,0.37235787715914087,0.34052838174298755,0.02106288846785781,0.34052838174298755
Australia,2000,0.3910859119514028,0.33132355916479644,0.46135032466363274,0.3653803753893535,0.07026441271222994,0.3653803753893535
Australia,2001,0.35129498869128306,0.33132355916479644,0.37235787715914087,0.32997152490351506,0.02106288846785781,0.32997152490351506
Australia,2002,0.3347763033980502,0.30741656899674025,0.35554720874854845,0.297404578046985,0.020770905350498248,0.297404578046985
Australia,2003,0.3252398799201746,0.30741656899674025,0.33173727581121987,0.297404578046985,0.0064973958910452545,0.297404578046985
Australia,2004,0.3347763033980502,0.30741656899674025,0.35554720874854845,0.297404578046985,0.020770905350498248,0.297404578046985
Australia,2005,0.3280457571136867,0.2944086273576197,0.35554720874854845,0.2914253756440396,0.02750145163486173,0.2914253756440396
Australia,2006,0.3280457571136867,0.2944086273576197,0.35554720874854845,0.28178700380757715,0.02750145163486173,0.28178700380757715
Australia,2007,0.35923769670061273,0.30741656899674025,0.4166208529128256,0.32142521200779567,0.05738315621221285,0.32142521200779567
Australia,2008,0.25710641547128044,0.24974630704402803,0.26392125931780963,0.2373227424276135,0.006814843846529195,0.2373227424276135
Australia,2009,0.2931895823204869,0.2612160101081283,0.32492518397207626,0.2500129150144883,0.03173560165158934,0.2500129150144883
Australia,2010,0.2885889517543578,0.2732288822269203,0.3031659164271138,0.22811378485462872,0.014576964672756043,0.22811378485462872
Australia,2011,0.27960790726062557,0.2732288822269203,0.28286380193598776,0.2413509982014627,0.003255894675362192,0.2413509982014627
Australia,2012,0.2885889517543578,0.2732288822269203,0.3031659164271138,0.24792447617820215,0.014576964672756043,0.24792447617820215
Australia,2013,0.2885889517543578,0.2732288822269203,0.3031659164271138,0.24792447617820215,0.014576964672756043,0.24792447617820215
Australia,2014,0.25689108388494714,0.24514416895505117,0.26392125931780963,0.22601710930678784,0.0070301754328624955,0.22601710930678784
Australia,2015,0.2648277458482438,0.24514416895505117,0.28286380193598776,0.21934314894194737,0.018036056087743946,0.21934314894194737
Australia,2016,0.2648277458482438,0.24514416895505117,0.28286380193598776,0.22601710930678784,0.018036056087743946,0.22601710930678784
Australia,2017,0.2648277458482438,0.24514416895505117,0.28286380193598776,0.2236111690379133,0.018036056087743946,0.2236111690379133
Australia,2018,0.2648277458482438,0.24514416895505117,0.28286380193598776,0.21475382616646468,0.018036056087743946,0.21475382616646468
Australia,2019,0.22315741556556737,0.22366362682286348,0.22059943434696946,0.2226807474378604,-0.0025579812185979045,0.2226807474378604
Australia,2020,0.1966625538813305,0.1867595021639474,0.20582655016008045,0.19889949307956745,0.009163996278749947,0.19889949307956745
Australia,2021,0.22557428675601365,0.21395452381860405,0.2364326195835991,0.21254232082798583,0.010858332827585443,0.21254232082798583
Australia,2022,0.2304388497901337,0.22366362682286348,0.2364326195835991,0.24060610715584252,0.005993769793465387,0.24060610715584252
Australia,2023,0.2381054992440251,0.22983586931944222,0.2462472421114574,0.273466813809116,0.0081417428674323,0.273466813809116
Australia,2024,0.24634258098372697,0.22983586931944222,0.26392125931780963,0.264672672891981,0.017578678334082665,0.264672672891981
Australia,2025,0.2708438653661485,0.24068483148003195,0.3031659164271138,0.28639081067435473,0.03232205106096531,0.28639081067435473
Brazil,1900,0.3641647636339384,0.3119864147977751,0.41892069909804514,0.3447359090626316,0.05475593546410673,0.3447359090626316
Brazil,1901,0.3709063847140317,0.3250274713847939,0.41892069909804514,0.35111785235777687,0.048014314384013435,0.35111785235777687
Brazil,1902,0.3840186779806088,0.34888052321259083,0.41892069909804514,0.37612454877526513,0.034902021117436344,0.37612454877526513
Brazil,1903,0.38967784876450023,0.36019886478037355,0.41892069909804514,0.3816673860891335,0.0292428503335449,0.3816673860891335
Brazil,1904,0.33430767643225195,0.30371813600576747,0.36469165057620934,0.3274354378058076,0.030383974143957382,0.3274354378058076
Brazil,1905,0.38967784876450023,0.36019886478037355,0.41892069909804514,0.3816673860891335,0.0292428503335449,0.3816673860891335
Brazil,1906,0.38967784876450023,0.36019886478037355,0.41892069909804514,0.3816673860891335,0.0292428503335449,0.3816673860891335
Brazil,1907,0.38967784876450023,0.36019886478037355,0.41892069909804514,0.3816673860891335,0.0292428503335449,0.3816673860891335
Brazil,1908,0.39759297711089975,0.37602912147317263,0.41892069909804514,0.3894198060845436,0.021327721987145387,0.3894198060845436
Brazil,1909,0.3461247901864768,0.3273523635142171,0.36469165057620934,0.33900963154556685,0.018566860389732542,0.33900963154556685
Brazil,1910,0.3392342707459575,0.31357132463317866,0.36469165057620934,0.31434362647429276,0.025457379830251814,0.31434362647429276
Brazil,1911,0.3461247901864768,0.3273523635142171,0.36469165057620934,0.33900963154556685,0.018566860389732542,0.33900963154556685
Brazil,1912,0.38967784876450023,0.36019886478037355,0.41892069909804514,0.3816673860891335,0.0292428503335449,0.3816673860891335
Brazil,1913,0.38967784876450023,0.36019886478037355,0.41892069909804514,0.3816673860891335,0.0292428503335449,0.3816673860891335
Brazil,1914,0.30885104543840347,0.290617342812965,0.3265615470378826,0.31955072343887886,0.017710501599479123,0.31955072343887886
Brazil,1915,0.29663607677901954,0.2680264386844488,0.3265615470378826,0.2966360767790195,0.02992547025886305,0.2966360767790195
Brazil,1916,0.29663607677901954,0.2680264386844488,0.3265615470378826,0.2966360767790195,0.02992547025886305,0.2966360767790195
Brazil,1917,0.25823670373392776,0.23333056717500097,0.2842883387246824,0.25277510915704027,0.026051634990754635,0.25277510915704027
Brazil,1918,0.2047032708053286,0.18410200459417966,0.22627416997969524,0.2047032708053286,0.021570899174366637,0.2047032708053286
Brazil,1919,0.25823670373392776,0.23333056717500097,0.2842883387246824,0.25277510915704027,0.026051634990754635,0.25277510915704027
Brazil,1920,0.29663607677901954,0.2680264386844488,0.3265615470378826,0.2966360767790195,0.02992547025886305,0.2966360767790195
Brazil,1921,0.3461247901864768,0.3273523635142171,0.36469165057620934,0.33900963154556685,0.018566860389732542,0.33900963154556685
Brazil,1922,0.2863595679190461,0.2680264386844488,0.30469269715364344,0.27091765398423057,0.018333129234597345,0.27091765398423057
Brazil,1923,0.25823670373392776,0.23333056717500097,0.2842883387246824,0.25277510915704027,0.026051634990754635,0.25277510915704027
Brazil,1924,0.25823670373392776,0.23333056717500097,0.2842883387246824,0.2447937368596038,0.026051634990754635,0.2447937368596038
Brazil,1925,0.2863595679190461,0.2680264386844488,0.30469269715364344,0.27091765398423057,0.018333129234597345,0.27091765398423057
Brazil,1926,0.24929048315716038,0.23333056717500097,0.2652503991393197,0.23584751628283637,0.015959915982159317,0.23584751628283637
Brazil,1927,0.24929048315716038,0.23333056717500097,0.2652503991393197,0.23584751628283637,0.015959915982159317,0.23584751628283637
Brazil,1928,0.24929048315716038,0.23333056717500097,0.2652503991393197,0.23584751628283637,0.015959915982159317,0.23584751628283637
Brazil,1929,0.19405057275014748,0.1811959839362718,0.2060098635072873,0.19405057275014748,0.011959290757139834,0.19405057275014748
Brazil,1930,0.1559509040250178,0.1478886723731101,0.1632476702312508,0.152052887245967,0.007296766206233013,0.152052887245967
Brazil,1931,0.2358475162828364,0.23333056717500097,0.23664319132398465,0.23584751628283637,0.0007956750411482472,0.23584751628283637
Brazil,1932,0.18188506216215247,0.1673761209825435,0.1969831061351866,0.17766855793352657,0.015098043973034131,0.17766855793352657
Brazil,1933,0.2974855399164717,0.2728673714133774,0.3221037084195659,0.2875246815818398,0.02461816850309423,0.2875246815818398
Brazil,1934,0.35840389412050166,0.33190522782986104,0.3847076812334269,0.33965259726022046,0.026303787112925248,0.33965259726022046
Brazil,1935,0.25897620434673607,0.2375448438890484,0.2804075648044237,0.2453032758161755,0.02143136045768762,0.2453032758161755
Brazil,1936,0.35840389412050166,0.33190522782986104,0.3847076812334269,0.33965259726022046,0.026303787112925248,0.33965259726022046
Brazil,1937,0.2641466086822856,0.2478856525601475,0.2804075648044237,0.2641466086822856,0.01626095612213807,0.2641466086822856
Brazil,1938,0.42557652013253144,0.3916736982662489,0.45947934199881396,0.4113267269198058,0.03390282186628252,0.4113267269198058
Brazil,1939,0.42557652013253144,0.3916736982662489,0.45947934199881396,0.4113267269198058,0.03390282186628252,0.4113267269198058
Brazil,1940,0.43999319776744944,0.42050705353608503,0.45947934199881396,0.43999319776744944,0.01948614423136452,0.43999319776744944
Brazil,1941,0.43999319776744944,0.42050705353608503,0.45947934199881396,0.43999319776744944,0.01948614423136452,0.43999319776744944
Brazil,1942,0.3830363261629161,0.36607265232583225,0.4,0.3830363261629161,0.016963673837083915,0.3830363261629161
Brazil,1943,0.3830363261629161,0.36607265232583225,0.4,0.3830363261629161,0.016963673837083915,0.3830363261629161
Brazil,1944,0.3334524895040045,0.3186847536895594,0.34822022531844965,0.3334524895040045,0.014767735814445127,0.3334524895040045
Brazil,1945,0.2469673618490051,0.23271413770971908,0.2616295090390226,0.2420325510819227,0.014662147190017488,0.2420325510819227
Brazil,1946,0.25571466320087466,0.24617892726242965,0.2652503991393197,0.2419252729957094,0.009535735938445034,0.2419252729957094
Brazil,1947,0.2937390129674656,0.28278532878128765,0.30469269715364344,0.2937390129674656,0.01095368418617787,0.2937390129674656
Brazil,1948,0.34949926430380507,0.3341013117488738,0.36469165057620934,0.34231473785291683,0.015192386272404268,0.34231473785291683
Brazil,1949,0.34949926430380507,0.3341013117488738,0.36469165057620934,0.34231473785291683,0.015192386272404268,0.34231473785291683
Brazil,1950,0.35436903165265293,0.3438408464465695,0.36469165057620934,0.3470843992046973,0.010322618923556404,0.3470843992046973
Brazil,1951,0.43999319776744944,0.42050705353608503,0.45947934199881396,0.43999319776744944,0.01948614423136452,0.43999319776744944
Brazil,1952,0.43999319776744944,0.42050705353608503,0.45947934199881396,0.43999319776744944,0.01948614423136452,0.43999319776744944
Brazil,1953,0.43999319776744944,0.42050705353608503,0.45947934199881396,0.43999319776744944,0.01948614423136452,0.43999319776744944
Brazil,1954,0.2530171287342448,0.24398557835634574,0.2616295090390226,0.24012159460716523,0.00861238030477779,0.24012159460716523
Brazil,1955,0.37571443416434064,0.36607265232583225,0.3847076812334269,0.35605746892126927,0.008993247069086274,0.35605746892126927
Brazil,1956,0.43999319776744944,0.42050705353608503,0.45947934199881396,0.43999319776744944,0.01948614423136452,0.43999319776744944
Brazil,1957,0.43999319776744944,0.42050705353608503,0.45947934199881396,0.43999319776744944,0.01948614423136452,0.43999319776744944
Brazil,1958,0.43999319776744944,0.42050705353608503,0.45947934199881396,0.43999319776744944,0.01948614423136452,0.43999319776744944
Brazil,1959,0.3830363261629161,0.36607265232583225,0.4,0.3830363261629161,0.016963673837083915,0.3830363261629161
Brazil,1960,0.3830363261629161,0.36607265232583225,0.4,0.3830363261629161,0.016963673837083915,0.3830363261629161
Brazil,1961,0.2530171287342448,0.24398557835634574,0.2616295090390226,0.24796143375582333,0.00861238030477779,0.24796143375582333
Brazil,1962,0.2530171287342448,0.24398557835634574,0.2616295090390226,0.24796143375582333,0.00861238030477779,0.24796143375582333
Brazil,1963,0.2096739891358961,0.2001077601504576,0.2183329705215225,0.20520578994324987,0.008658981385626402,0.20520578994324987
Brazil,1964,0.16658586246759854,0.15841962164634008,0.17397758951707507,0.15997802750744625,0.007391727049476521,0.15997802750744625
Brazil,1965,0.28461038101581376,0.2682058754063619,0.3005333866518071,0.28461038101581376,0.01592300563599336,0.28461038101581376
Brazil,1966,0.3183715891900361,0.3016660376000318,0.33490748860210556,0.312167189839106,0.016535899412069455,0.312167189839106
Brazil,1967,0.3183715891900361,0.3016660376000318,0.33490748860210556,0.312167189839106,0.016535899412069455,0.312167189839106
Brazil,1968,0.27715856630686825,0.2626155389600175,0.2915539028546533,0.2717573229570019,0.014395336547785076,0.2717573229570019
Brazil,1969,0.3707129207803863,0.355874687394804,0.3847076812334269,0.3707129207803863,0.0139947604530406,0.3707129207803863
Brazil,1970,0.3707129207803863,0.355874687394804,0.3847076812334269,0.3707129207803863,0.0139947604530406,0.3707129207803863
Brazil,1971,0.37571443416434064,0.36607265232583225,0.3847076812334269,0.37571443416434064,0.008993247069086274,0.37571443416434064
Brazil,1972,0.45383741919290593,0.4310688530295654,0.47639832142120087,0.4456328575749118,0.022560902228294932,0.4456328575749118
Brazil,1973,0.45383741919290593,0.4310688530295654,0.47639832142120087,0.4456328575749118,0.022560902228294932,0.4456328575749118
Brazil,1974,0.3830363261629161,0.36607265232583225,0.4,0.3830363261629161,0.016963673837083915,0.3830363261629161
Brazil,1975,0.3830363261629161,0.36607265232583225,0.4,0.3830363261629161,0.016963673837083915,0.3830363261629161
Brazil,1976,0.32901356744641413,0.3098069095743787,0.34822022531844965,0.32901356744641413,0.019206657872035515,0.32901356744641413
Brazil,1977,0.32901356744641413,0.3098069095743787,0.34822022531844965,0.32901356744641413,0.019206657872035515,0.32901356744641413
Brazil,1978,0.27175732295700195,0.2626155389600175,0.2804075648044237,0.2717573229570019,0.008650241847421747,0.2717573229570019
Brazil,1979,0.27175732295700195,0.2626155389600175,0.2804075648044237,0.2717573229570019,0.008650241847421747,0.2717573229570019
Brazil,1980,0.22995297898112455,0.2157969944692637,0.24410896349298541,0.22995297898112455,0.01415598451186087,0.22995297898112455
Brazil,1981,0.2096739891358961,0.2001077601504576,0.2183329705215225,0.22136098132397022,0.008658981385626402,0.22136098132397022
Brazil,1982,0.200249138931427,0.1825074687712306,0.2183329705215225,0.20024913893142704,0.018083831590095495,0.20024913893142704
Brazil,1983,0.17039038138001517,0.15841962164634008,0.18149084089710968,0.1761956298742441,0.011100459517094513,0.1761956298742441
Brazil,1984,0.2096739891358961,0.2001077601504576,0.2183329705215225,0.2167790952899499,0.008658981385626402,0.2167790952899499
Brazil,1985,0.2530171287342448,0.24398557835634574,0.2616295090390226,0.2617825250184584,0.00861238030477779,0.2617825250184584
Brazil,1986,0.29064035956310014,0.28026583250093456,0.3005333866518071,0.3007091558556732,0.009893027088706985,0.3007091558556732
Brazil,1987,0.2096739891358961,0.2001077601504576,0.2183329705215225,0.2167790952899499,0.008658981385626402,0.2167790952899499
Brazil,1988,0.2096739891358961,0.2001077601504576,0.2183329705215225,0.2167790952899499,0.008658981385626402,0.2167790952899499
Brazil,1989,0.1732726055597774,0.1640553599658621,0.18149084089710968,0.18304492617956206,0.008218235337332291,0.18304492617956206
Brazil,1990,0.16658586246759854,0.15841962164634008,0.17397758951707507,0.16946038851695858,0.007391727049476521,0.16946038851695858
Brazil,1991,0.16658586246759854,0.15841962164634008,0.17397758951707507,0.16946038851695858,0.007391727049476521,0.16946038851695858
Brazil,1992,0.16658586246759854,0.15841962164634008,0.17397758951707507,0.16946038851695858,0.007391727049476521,0.16946038851695858
Brazil,1993,0.16658586246759854,0.15841962164634008,0.17397758951707507,0.16946038851695858,0.007391727049476521,0.16946038851695858
Brazil,1994,0.2096739891358961,0.2001077601504576,0.2183329705215225,0.2167790952899499,0.008658981385626402,0.2167790952899499
Brazil,1995,0.31401883637355543,0.2936948178036198,0.33490748860210556,0.3078992631115929,0.02088865222855013,0.3078992631115929
Brazil,1996,0.31401883637355543,0.2936948178036198,0.33490748860210556,0.3078992631115929,0.02088865222855013,0.3078992631115929
Brazil,1997,0.3707129207803863,0.355874687394804,0.3847076812334269,0.36348849786337056,0.0139947604530406,0.36348849786337056
Brazil,1998,0.3707129207803863,0.355874687394804,0.3847076812334269,0.36348849786337056,0.0139947604530406,0.36348849786337056
Brazil,1999,0.29064035956310014,0.28026583250093456,0.3005333866518071,0.3007091558556732,0.009893027088706985,0.3007091558556732
Brazil,2000,0.31401883637355543,0.2936948178036198,0.33490748860210556,0.3078992631115929,0.02088865222855013,0.3078992631115929
Brazil,2001,0.31401883637355543,0.2936948178036198,0.33490748860210556,0.3078992631115929,0.02088865222855013,0.3078992631115929
Brazil,2002,0.2680418769402587,0.25567618907609374,0.2804075648044237,0.26804187694025877,0.012365687864164976,0.26804187694025877
Brazil,2003,0.3830363261629161,0.36607265232583225,0.4,0.3830363261629161,0.016963673837083915,0.3830363261629161
Brazil,2004,0.4480939274179208,0.42050705353608503,0.47639832142120087,0.43999319776744944,0.028304394003280053,0.43999319776744944
Brazil,2005,0.4480939274179208,0.42050705353608503,0.47639832142120087,0.43999319776744944,0.028304394003280053,0.43999319776744944
Brazil,2006,0.4480939274179208,0.42050705353608503,0.47639832142120087,0.43999319776744944,0.028304394003280053,0.43999319776744944
Brazil,2007,0.3830363261629161,0.36607265232583225,0.4,0.3830363261629161,0.016963673837083915,0.3830363261629161
Brazil,2008,0.3830363261629161,0.36607265232583225,0.4,0.3830363261629161,0.016963673837083915,0.3830363261629161
Brazil,2009,0.3830363261629161,0.36607265232583225,0.4,0.3830363261629161,0.016963673837083915,0.3830363261629161
Brazil,2010,0.45383741919290593,0.4310688530295654,0.47639832142120087,0.4456328575749118,0.022560902228294932,0.4456328575749118
Brazil,2011,0.45383741919290593,0.4310688530295654,0.47639832142120087,0.4456328575749118,0.022560902228294932,0.4456328575749118
Brazil,2012,0.3830363261629161,0.36607265232583225,0.4,0.3830363261629161,0.016963673837083915,0.3830363261629161
Brazil,2013,0.2967017297816341,0.2697025796430068,0.32490095854249423,0.29122664103223506,0.028199228760860118,0.29122664103223506
Brazil,2014,0.3334524895040045,0.3186847536895594,0.34822022531844965,0.3334524895040045,0.014767735814445127,0.3334524895040045
Brazil,2015,0.2096739891358961,0.2001077601504576,0.2183329705215225,0.2167790952899499,0.008658981385626402,0.2167790952899499
Brazil,2016,0.17998033087470408,0.1640553599658621,0.1945170669669187,0.17513238117614346,0.01453673609221462,0.17513238117614346
Brazil,2017,0.2096739891358961,0.2001077601504576,0.2183329705215225,0.2167790952899499,0.008658981385626402,0.2167790952899499
Brazil,2018,0.2096739891358961,0.2001077601504576,0.2183329705215225,0.2167790952899499,0.008658981385626402,0.2167790952899499
Brazil,2019,0.2680418769402587,0.25567618907609374,0.2804075648044237,0.26804187694025877,0.012365687864164976,0.26804187694025877
Brazil,2020,0.19317036449574213,0.1825074687712306,0.2037118646368137,0.20433202614011203,0.01054150014107158,0.20433202614011203
Brazil,2021,0.19317036449574213,0.1825074687712306,0.2037118646368137,0.20433202614011203,0.01054150014107158,0.20433202614011203
Brazil,2022,0.2680418769402587,0.25567618907609374,0.2804075648044237,0.26804187694025877,0.012365687864164976,0.26804187694025877
Brazil,2023,0.3334524895040045,0.3186847536895594,0.34822022531844965,0.3334524895040045,0.014767735814445127,0.3334524895040045
Brazil,2024,0.27715856630686825,0.2626155389600175,0.2915539028546533,0.2771585663068682,0.014395336547785076,0.2771585663068682
Brazil,2025,0.27715856630686825,0.2626155389600175,0.2915539028546533,0.2771585663068682,0.014395336547785076,0.2771585663068682
Canada,1900,0.389766460327436,0.3646329853435728,0.41517347161473667,0.3990518809760876,0.025407011287300663,0.3990518809760876
Canada,1901,0.39242678074829435,0.3672379491608444,0.41793212968104565,0.38940620410166,0.025505348932751304,0.38940620410166
Canada,1902,0.25000850966187144,0.22943225146908142,0.2704186519396812,0.2533478012563537,0.02041014227780974,0.2533478012563537
Canada,1903,0.17656594515948654,0.17193904635854293,0.17922612873009428,0.1843663873164085,0.002660183570607738,0.1843663873164085
Canada,1904,0.2756444326702549,0.24362762524009585,0.3106294606436275,0.2707287740478459,0.03498502797337261,0.2707287740478459
Canada,1905,0.2907128892039038,0.2590050505786824,0.32473144133072146,0.2845880173245802,0.03401855212681765,0.2845880173245802
Canada,1906,0.12169680051809145,0.11102343738267428,0.12776080409030904,0.1316018710500677,0.006064003572217591,0.1316018710500677
Canada,1907,0.2539452381045707,0.23736365193820622,0.2704186519396812,0.2510971014951342,0.016473413835110473,0.2510971014951342
Canada,1908,0.3882566948680399,0.35913953218735545,0.41840801071675354,0.3882566948680399,0.030151315848713667,0.3882566948680399
Canada,1909,0.42123284856586,0.3946362046631841,0.4484386023988174,0.4073359585136614,0.02720575383295737,0.4073359585136614
Canada,1910,0.42123284856586,0.3946362046631841,0.4484386023988174,0.3957837192153071,0.02720575383295737,0.3957837192153071
Canada,1911,0.4907006612520475,0.45290165785604924,0.5291502622129182,0.4907006612520475,0.03844960096087069,0.4907006612520475
Canada,1912,0.32899567163478544,0.3121664412809005,0.3434902062365483,0.27877245383696414,0.014494534601762865,0.27877245383696414
Canada,1913,0.2514930510852333,0.22019673353972502,0.27599488090979307,0.23702248943153412,0.024501829824559784,0.23702248943153412
Canada,1914,0.22696042466683863,0.20704445434599864,0.24283897687900935,0.21975823000571756,0.015878552212170716,0.21975823000571756
Canada,1915,0.26512117622278836,0.22393244129034548,0.30413812651491096,0.27964876478111234,0.0390169502921226,0.27964876478111234
Canada,1916,0.3587193737844005,0.3165377477944525,0.4020444242489622,0.33429429669374433,0.0433250504645617,0.33429429669374433
Canada,1917,0.265271632112351,0.21285469456755077,0.324037034920393,0.2554351364541841,0.05876540280804199,0.2554351364541841
Canada,1918,0.22851822496176555,0.21127881385173042,0.2431336143000915,0.21717735776158695,0.014615389338325957,0.21717735776158695
Canada,1919,0.4177821382525848,0.39196972449302164,0.44304096352718514,0.4117803185282101,0.025258825274600327,0.4117803185282101
Canada,1920,0.3633944374908899,0.3505658564556607,0.3751207118877026,0.3503830906406009,0.011726274396812675,0.3503830906406009
Canada,1921,0.22636182351372913,0.20769838534251694,0.23695966538290236,0.22172565228833618,0.01059784186917323,0.22172565228833618
Canada,1922,0.3306735310252508,0.3100231832357527,0.34729429490662334,0.3306735310252508,0.016620763881372513,0.3306735310252508
Canada,1923,0.3894204501647988,0.3663873375555724,0.4133718355731191,0.3894204501647988,0.023951385408320258,0.3894204501647988
Canada,1924,0.2552780816595993,0.23820378758334593,0.2676146628412134,0.25524620337323584,0.01233658118161407,0.25524620337323584
Canada,1925,0.19191899113790475,0.1790844734845725,0.1983141630346712,0.20581130540574366,0.006395171896766444,0.20581130540574366
Chile,1900,0.330898733501845,0.2579251560830887,0.41517347161473667,0.3033320936102068,0.08427473811289166,0.3033320936102068
Chile,1901,0.33114124804163725,0.2623980076098746,0.40945765574449866,0.3054411889474439,0.07831640770286141,0.3054411889474439
Chile,1902,0.33666506307768956,0.26716097423222185,0.41517347161473667,0.3053307541894956,0.0785084085370471,0.3053307541894956
Chile,1903,0.33535557881030803,0.2670929570776196,0.41264959733498086,0.3028931774982284,0.07729401852467283,0.3028931774982284
Chile,1904,0.34130836188651087,0.2741698145193005,0.41793212968104565,0.3107965580459607,0.07662376779453478,0.3107965580459607
Chile,1905,0.3252565715101448,0.2578739971931136,0.4016405643716902,0.29169071110751454,0.0763839928615454,0.29169071110751454
Chile,1906,0.34280067839691725,0.2714231226916582,0.42444156992026866,0.30277162680813136,0.08164089152335141,0.30277162680813136
Chile,1907,0.24891233195947948,0.20582788258643478,0.29070768230497224,0.25081607057313265,0.041795350345492754,0.25081607057313265
Chile,1908,0.3365488268197468,0.27241294819196904,0.40693631577352085,0.29819393391155935,0.07038748895377406,0.29819393391155935
Chile,1909,0.33248251696806036,0.2603328704881304,0.41472030778500424,0.2963810413636783,0.08223779081694388,0.2963810413636783
Chile,1910,0.33624199146221456,0.268880810298504,0.41264959733498086,0.31086083518648816,0.0764076058727663,0.31086083518648816
Chile,1911,0.33710552517054304,0.2691207063592617,0.41517347161473667,0.31134772473491307,0.07806794644419363,0.31134772473491307
Chile,1912,0.34108928090311447,0.27679803874526,0.4111498925696745,0.3117018145700305,0.07006061166656002,0.3117018145700305
Chile,1913,0.33996365207460816,0.27540644724685764,0.41239636036891836,0.31127721324231955,0.0724327082943102,0.31127721324231955
Chile,1914,0.29075118390068705,0.2505419816577987,0.3318402356720734,0.2936543065592965,0.04108905177138633,0.2936543065592965
Chile,1915,0.2775696068683331,0.22829901516647322,0.33299849481556965,0.2848535678814202,0.05542888794723655,0.2848535678814202
Chile,1916,0.29115935293854345,0.23287327615863898,0.35804413020270964,0.2870842094388231,0.0668847772641662,0.2870842094388231
Chile,1917,0.27765552195544546,0.22169741009440047,0.34236035677554555,0.2718696853065585,0.06470483482010009,0.2718696853065585
Chile,1918,0.2530009915476253,0.22053729081010728,0.28319786873213415,0.2659460710896016,0.030196877184508863,0.2659460710896016
Chile,1919,0.2382991589179385,0.21682837339428954,0.25740484653115003,0.2450922033420765,0.019105687613211547,0.2450922033420765
Chile,1920,0.24302145182789506,0.21504739481105464,0.27049732866603127,0.24571912703687993,0.02747587683813621,0.24571912703687993
Chile,1921,0.23906719316234562,0.2122207949683809,0.26459485849118747,0.24924466378304377,0.025527665328841848,0.24924466378304377
Chile,1922,0.2316237435605293,0.2054981169418569,0.25671458016814125,0.22731149667171544,0.025090836607611938,0.22731149667171544
Chile,1923,0.2225618284945318,0.20671048462397967,0.23618548045644824,0.229721436559473,0.01362365196191645,0.229721436559473
Chile,1924,0.21879620267433023,0.19804136516349383,0.24071527889394562,0.19601376909893098,0.02191907621961539,0.19601376909893098
Chile,1925,0.25898430754350127,0.23651413484985997,0.2806576976213044,0.25935919773599736,0.021673390077803112,0.25935919773599736
Chile,1926,0.2699624438586981,0.25452776576750685,0.2835857476544005,0.2745241337488901,0.013623303795702368,0.2745241337488901
Chile,1927,0.2519000685589399,0.23056728066696297,0.2696824872691846,0.2493019596728975,0.017782418710244663,0.2493019596728975
Chile,1928,0.2666929904685939,0.25342915824157086,0.2766753664080024,0.2873384380235691,0.009982375939408483,0.2873384380235691
Chile,1929,0.2845443546073326,0.2699322427273914,0.2955472638474997,0.2982191275793061,0.011002909240167114,0.2982191275793061
Chile,1930,0.20517486832676632,0.1880036692945333,0.22155669368947414,0.2184203007454056,0.016381825362707825,0.2184203007454056
Chile,1931,0.13031227331938797,0.1204205878554339,0.1359714133206415,0.1367403969152768,0.005659140001253532,0.1367403969152768
Chile,1932,0.14757644840568962,0.1432150767088641,0.14793721796951112,0.1505562492721655,0.00036076956382150027,0.1505562492721655
Chile,1933,0.2341998088112609,0.20261990529061127,0.2678143030659861,0.24188746001868866,0.03361449425472518,0.24188746001868866
Chile,1934,0.24568669592343717,0.21781158785679558,0.274751502628669,0.24855136845384043,0.029064806705231816,0.24855136845384043
Chile,1935,0.28220498608832706,0.25019603198453905,0.31410852735579736,0.28838895592360664,0.0319035412674703,0.28838895592360664
Chile,1936,0.27126492300392163,0.24926933352756034,0.2922049933061803,0.2793923389267355,0.020940070302258695,0.2793923389267355
Chile,1937,0.3069803490104441,0.2591338912265785,0.3606851093690375,0.3028576773409466,0.05370476035859345,0.3028576773409466
Chile,1938,0.3014879638908099,0.26206595000309124,0.3427384044974484,0.31746383013091045,0.041250440606638517,0.31746383013091045
Chile,1939,0.30184134188257733,0.26908043947289845,0.33460906408087004,0.30678729765847473,0.032767722198292715,0.30678729765847473
Chile,1940,0.31946370642497307,0.2822195498259071,0.357048860768462,0.3299441863839598,0.037585154343488913,0.3299441863839598
Chile,1941,0.31215691398164935,0.2791834683443726,0.344940212893577,0.32903773569339095,0.03278329891192766,0.32903773569339095
Chile,1942,0.3194496386399048,0.2833980308690356,0.3564795603344346,0.32566016867582603,0.037029921694529844,0.32566016867582603
Chile,1943,0.3169191191627081,0.27862076237837224,0.3564795603344346,0.3254499561749246,0.039560441171726524,0.3254499561749246
Chile,1944,0.323701335155966,0.2841550846055331,0.366034952521498,0.32273927540993425,0.042333617365531984,0.32273927540993425
Chile,1945,0.3255449585339039,0.284222413078041,0.36967148339651174,0.3271545157423801,0.04412652486260782,0.3271545157423801
Chile,1946,0.3275988904103542,0.2863786746981746,0.3724491645406546,0.3291821820621619,0.04485027413030035,0.3291821820621619
Chile,1947,0.30177687506408296,0.2684146948949293,0.33757186420909613,0.3146766331657271,0.03579498914501317,0.3146766331657271
Chile,1948,0.27108002152125577,0.2536190735141645,0.28640312939755064,0.28044574428791186,0.015323107876294872,0.28044574428791186
Chile,1949,0.2764300939864412,0.2571614286766652,0.2946889811950488,0.29612223061268317,0.018258887208607633,0.29612223061268317
Chile,1950,0.30143378034920887,0.26853884632116937,0.33623717491529925,0.31641688609993196,0.034803394566090384,0.31641688609993196
Chile,1951,0.3082166158535797,0.26402883534471777,0.35802810997270984,0.3125009250801653,0.04981149411913016,0.3125009250801653
Chile,1952,0.3039161963657656,0.25708383350581343,0.3568195504549512,0.2899406320973731,0.05290335408918556,0.2899406320973731
Chile,1953,0.2594789421619484,0.21182288407415642,0.31231453410749355,0.25455290492988625,0.05283559194554516,0.25455290492988625
Chile,1954,0.2524364569708959,0.20896368826294076,0.29924946158014387,0.2573920213425342,0.04681300460924798,0.2573920213425342
Chile,1955,0.2569943019750665,0.21615812125252928,0.29761459911639876,0.2633808551370726,0.04062029714133225,0.2633808551370726
Chile,1956,0.2526188866165832,0.21351789440469485,0.2920548133126492,0.25973613313074645,0.03943592669606599,0.25973613313074645
Chile,1957,0.25764899089698745,0.2052738926879415,0.31771426655743107,0.2562702988066026,0.06006527566044362,0.2562702988066026
Chile,1958,0.2775122393415759,0.2329761541413716,0.32631121704245697,0.2800614336329959,0.0487989777008811,0.2800614336329959
Chile,1959,0.3405911247746089,0.3034395307784918,0.3797150635029768,0.33371235046957143,0.03912393872836789,0.33371235046957143
Chile,1960,0.3343405617996173,0.28602613418593065,0.3888467844907699,0.3108599278868693,0.05450622269115263,0.3108599278868693
Chile,1961,0.3384126995047829,0.2967684953395251,0.3834088316595359,0.3273825675574048,0.044996132154752955,0.3273825675574048
Chile,1962,0.3281398886411931,0.28726689717225695,0.372423479338705,0.32894411982209437,0.04428359069751192,0.32894411982209437
Chile,1963,0.3412169000593696,0.2889926258953302,0.40029722497111947,0.33097698227895367,0.05908032491174986,0.33097698227895367
Chile,1964,0.3382892092727734,0.29644156210108646,0.3831378430904968,0.3443048219562901,0.044848633817723416,0.3443048219562901
Chile,1965,0.33348545384911343,0.2787518599955437,0.3949268725902556,0.3414378812589347,0.06144141874114217,0.3414378812589347
Chile,1966,0.3285861433154737,0.2844536742561995,0.37717880901204054,0.3410932700550018,0.04859266569656684,0.3410932700550018
Chile,1967,0.33175638100428995,0.2799095200637691,0.3887215818743742,0.33294047644935926,0.056965200870084276,0.33294047644935926
Chile,1968,0.3054786028246281,0.27902686178822866,0.3324272030314066,0.3170909327154285,0.026948600206778528,0.3170909327154285
Chile,1969,0.2988129260937452,0.2724805880250523,0.32556519256868727,0.3188027987832212,0.026752266474942055,0.3188027987832212
Chile,1970,0.25014447841450677,0.24180709088824257,0.25534171036459086,0.2746488709347456,0.005197231950084091,0.2746488709347456
Chile,1971,0.2342866659271766,0.23144320451652264,0.23050143133933554,0.27117476158916975,-0.003785234587841052,0.27117476158916975
Chile,1972,0.16217024996878185,0.16488307563487065,0.15611036153840446,0.1897875215660054,-0.006059888430377386,0.1897875215660054
Chile,1973,0.12275931116839593,0.11442762995797834,0.13091752934643278,0.11978754625436787,0.008158218178036844,0.11978754625436787
Chile,1974,0.1416956264187478,0.14610648207507174,0.13378127470907614,0.15491586816710257,-0.007914351709671669,0.15491586816710257
Chile,1975,0.15574598819012683,0.14185554735141115,0.16608915819410916,0.1700334257871249,0.010343170003982327,0.1700334257871249
Chile,1976,0.19891172022611045,0.19016764100015524,0.1985985816914273,0.22062604028296692,-0.00031313853468314945,0.22062604028296692
Chile,1977,0.2050886664054847,0.19013142572789699,0.20992228367774168,0.21995815384022935,0.004833617272256979,0.21995815384022935
Chile,1978,0.21797106881664263,0.20980099528458393,0.2119811312357777,0.2377568783372713,-0.00598993758086494,0.2377568783372713
Chile,1979,0.2808738736514729,0.24976179317715727,0.2924108626882448,0.2857144147818846,0.01153698903677186,0.2857144147818846
Chile,1980,0.29458242223441694,0.2735133796146562,0.2939051987815744,0.30638642393465637,-0.0006772234528425458,0.30638642393465637
Chile,1981,0.2782198662292364,0.26296936299146273,0.27901798551604995,0.297830675548231,0.0007981192868135589,0.297830675548231
Chile,1982,0.13791145238511335,0.11749973900294325,0.15976256585331286,0.16763021799669445,0.021851113468199512,0.16763021799669445
Chile,1983,0.1613192422679768,0.14543540142075345,0.1778270139006029,0.17730390723006684,0.016507771632626095,0.17730390723006684
Chile,1984,0.21035933539966642,0.18584515492813977,0.2363371394061441,0.21644688164350012,0.025977804006477673,0.21644688164350012
Chile,1985,0.24072808811533722,0.20800163273088912,0.27538465034659876,0.22985148271534386,0.03465656223126154,0.22985148271534386
Chile,1986,0.23768395534137035,0.21196387921707474,0.26381053807609733,0.22884521318338233,0.026126582734726983,0.22884521318338233
Chile,1987,0.26818559095431443,0.23808883447281068,0.2982725055538875,0.2540737362697582,0.030086914599573078,0.2540737362697582
Chile,1988,0.3107475337871945,0.27172857451576765,0.35440069843669214,0.2801018507820003,0.043653164649497644,0.2801018507820003
Chile,1989,0.37527724016966474,0.3222996649583751,0.4344784548853493,0.3435006666020382,0.05920121471568457,0.3435006666020382
Chile,1990,0.38903981789858694,0.3379429144276305,0.4445782269643353,0.3773968132629493,0.05553840906574836,0.3773968132629493
Chile,1991,0.40261557278365473,0.35962714590005634,0.4484386023988174,0.4074224396740957,0.04582302961516266,0.4074224396740957
Chile,1992,0.40946969827919827,0.3713574243780666,0.4484386023988174,0.41432686371930333,0.03896890411961912,0.41432686371930333
Chile,1993,0.39907532948065855,0.3600506573430054,0.4397842394499819,0.4118641331116761,0.04070890996932336,0.4118641331116761
Chile,1994,0.4023336198230459,0.3590452603165,0.44825219956320544,0.4043135343241886,0.04591857974015956,0.4043135343241886
Chile,1995,0.40593981828511055,0.35827607742508344,0.457446020403457,0.40494023994713074,0.051506202118346445,0.40494023994713074
Chile,1996,0.40252085565880685,0.35540034199436366,0.4527472862610229,0.4047833247683801,0.05022643060221604,0.4047833247683801
Chile,1997,0.4052120564428135,0.3569530550914661,0.4575399261154911,0.40813777691257286,0.05232786967267761,0.40813777691257286
Chile,1998,0.3660578110889676,0.3161906183952225,0.4205966311873169,0.3707735510584122,0.05453882009834926,0.3707735510584122
Chile,1999,0.3619091613588925,0.30669108770339687,0.42396216641667617,0.36551890112966623,0.06205300505778366,0.36551890112966623
Chile,2000,0.4059062205405895,0.36116168874200233,0.45384167203537285,0.4133785038417251,0.04793545149478334,0.4133785038417251
Chile,2001,0.40958621466446105,0.36403477464824613,0.45918116950754984,0.41245604149800946,0.04959495484308879,0.41245604149800946
Chile,2002,0.4082322556249776,0.3646436668526558,0.4551824184483376,0.42683406069509755,0.04695016282336001,0.42683406069509755
Chile,2003,0.40817891109733456,0.35714987865951436,0.46445928732751113,0.42278550342922067,0.056280376230176565,0.42278550342922067
Chile,2004,0.4168417941948394,0.36067576862613354,0.47886403345388023,0.4191639916344006,0.06202223925904082,0.4191639916344006
Chile,2005,0.4089180233755308,0.35808047801680326,0.46445928732751113,0.41807678059799175,0.055541263951980335,0.41807678059799175
Chile,2006,0.38158968605656635,0.35484114751542434,0.4075066682100671,0.39926160405881844,0.025916982153500745,0.39926160405881844
Chile,2007,0.40348301467334163,0.3585157665651899,0.45235841233045915,0.41047698015812917,0.048875397657117514,0.41047698015812917
Chile,2008,0.36296346129577256,0.3244243825048108,0.40518467399142466,0.36917241448418103,0.0422212126956521,0.36917241448418103
Chile,2009,0.34610488981886683,0.3106857512447699,0.3833280591656049,0.36716455811383497,0.03722316934673808,0.36716455811383497
Chile,2010,0.3461581219560183,0.31408971639200706,0.37955544873633623,0.3384011351709724,0.033397326780317926,0.3384011351709724
Chile,2011,0.3351169470126429,0.3185428033734659,0.34999598937256954,0.3514947931709749,0.014879042359926653,0.3514947931709749
Chile,2012,0.3827859546984766,0.3411060929340173,0.4252686785012011,0.3783265572332095,0.0424827238027245,0.3783265572332095
Chile,2013,0.3968629583544115,0.36572879563778377,0.4272186336175185,0.39011803454046673,0.030355675263107007,0.39011803454046673
Chile,2014,0.3795108020399253,0.329337374991625,0.4368871579141155,0.3790075991772877,0.057376355874190155,0.3790075991772877
Chile,2015,0.3512302533441005,0.3053580647334142,0.4028492961882948,0.3435280752471434,0.051619042844194274,0.3435280752471434
Chile,2016,0.34025924752731806,0.2914131571199916,0.3964208541635999,0.3389934777019367,0.056161606636281836,0.3389934777019367
Chile,2017,0.358986364787016,0.30589088578274226,0.41966260630713553,0.35195543723538697,0.06067624152011952,0.35195543723538697
Chile,2018,0.4002664586617694,0.3511239809527944,0.45339757199475245,0.3804399569165596,0.05313111333298304,0.3804399569165596
Chile,2019,0.22397206824101937,0.21616363303240962,0.23125168667057808,0.22600077820258513,0.00727961842955871,0.22600077820258513
Chile,2020,0.24298275646488063,0.21995288778458977,0.2661925557968008,0.2493297222128015,0.02320979933192016,0.2493297222128015
Chile,2021,0.2993691633841208,0.2717548705539558,0.32816513954171916,0.28784761852540136,0.02879597615759838,0.28784761852540136
Chile,2022,0.28048701045285945,0.2608572408780038,0.30076055278134894,0.28478558123274705,0.02027354232848949,0.28478558123274705
Chile,2023,0.2963618661650611,0.27171560017647883,0.32255930028788726,0.28482536665222913,0.026197434122826158,0.28482536665222913
Chile,2024,0.3366659843462981,0.3150874048183356,0.35873794463228437,0.323032327354793,0.022071960285986292,0.323032327354793
Chile,2025,0.3320970675241454,0.30976371843407186,0.35494593295401466,0.33637000642529813,0.022848865429869247,0.33637000642529813
China,1900,0.1339330928506602,0.12582905176438072,0.13767179397919926,0.1335531014569213,0.0037387011285390515,0.1335531014569213
China,1901,0.1339330928506602,0.12582905176438072,0.13767179397919926,0.1335531014569213,0.0037387011285390515,0.1335531014569213
China,1902,0.1339330928506602,0.12582905176438072,0.13767179397919926,0.1335531014569213,0.0037387011285390515,0.1335531014569213
China,1903,0.13574186530432109,0.13172680617635066,0.13767179397919926,0.1494131387617714,0.0019299286748781785,0.1494131387617714
China,1904,0.13574186530432109,0.13172680617635066,0.13767179397919926,0.1494131387617714,0.0019299286748781785,0.1494131387617714
China,1905,0.13574186530432109,0.13172680617635066,0.13767179397919926,0.1494131387617714,0.0019299286748781785,0.1494131387617714
China,1906,0.13574186530432109,0.13172680617635066,0.13767179397919926,0.1494131387617714,0.0019299286748781785,0.1494131387617714
China,1907,0.13574186530432109,0.13172680617635066,0.13767179397919926,0.1494131387617714,0.0019299286748781785,0.1494131387617714
China,1908,0.11915479320349291,0.10829377712443235,0.1284523257866513,0.11404196054613791,0.009297532583158394,0.11404196054613791
China,1909,0.11915479320349291,0.10829377712443235,0.1284523257866513,0.11404196054613791,0.009297532583158394,0.11404196054613791
China,1910,0.11915479320349291,0.10829377712443235,0.1284523257866513,0.11404196054613791,0.009297532583158394,0.11404196054613791
China,1911,0.09125016487608807,0.08053024454592567,0.09962066262365363,0.08548800120299029,0.008370497747565556,0.08548800120299029
China,1912,0.13677880041747456,0.11857308941242418,0.15411405644493334,0.13633624436374264,0.01733525602745878,0.13633624436374264
China,1913,0.13677880041747456,0.11857308941242418,0.15411405644493334,0.13633624436374264,0.01733525602745878,0.13633624436374264
China,1914,0.15080112876700227,0.11857308941242418,0.18156771552674547,0.1330380061332064,0.030766586759743197,0.1330380061332064
China,1915,0.15080112876700227,0.11857308941242418,0.18156771552674547,0.1330380061332064,0.030766586759743197,0.1330380061332064
China,1916,0.13021978533476108,0.09993941594195636,0.15152371975188691,0.10841157284903503,0.02130393441712583,0.10841157284903503
China,1917,0.13021978533476108,0.09993941594195636,0.15152371975188691,0.1115022789606739,0.02130393441712583,0.1115022789606739
China,1918,0.12735936267170703,0.0913265738122162,0.15666156880478324,0.11617793569461048,0.029302206133076214,0.11617793569461048
China,1919,0.12735936267170703,0.0913265738122162,0.15666156880478324,0.11905003828171078,0.029302206133076214,0.11905003828171078
China,1920,0.12735936267170703,0.0913265738122162,0.15666156880478324,0.11905003828171078,0.029302206133076214,0.11905003828171078
China,1921,0.12180852791859668,0.08742031160376613,0.15152371975188691,0.1135890904093368,0.02971519183329023,0.1135890904093368
China,1922,0.12180852791859668,0.08742031160376613,0.15152371975188691,0.1135890904093368,0.02971519183329023,0.1135890904093368
China,1923,0.12180852791859668,0.08742031160376613,0.15152371975188691,0.1135890904093368,0.02971519183329023,0.1135890904093368
China,1924,0.14750583342489898,0.11333405931961356,0.18156771552674547,0.1401630380236432,0.03406188210184649,0.1401630380236432
China,1925,0.14750583342489898,0.11333405931961356,0.18156771552674547,0.1401630380236432,0.03406188210184649,0.1401630380236432
China,1926,0.18305033329422085,0.145546640988737,0.22470410025447957,0.1690855400881884,0.041653766960258715,0.1690855400881884
China,1927,0.1866470638766686,0.15182753215697983,0.22470410025447957,0.1812100439939843,0.038057036377810965,0.1812100439939843
China,1928,0.1866470638766686,0.15182753215697983,0.22470410025447957,0.1812100439939843,0.038057036377810965,0.1812100439939843
China,1929,0.23951332157066793,0.21218393035163907,0.26925824035672524,0.2316527333814886,0.02974491878605731,0.2316527333814886
China,1930,0.23951332157066793,0.21218393035163907,0.26925824035672524,0.2316527333814886,0.02974491878605731,0.2316527333814886
China,1931,0.23951332157066793,0.21218393035163907,0.26925824035672524,0.2316527333814886,0.02974491878605731,0.2316527333814886
China,1932,0.2517264492014701,0.2224216796217525,0.282842712474619,0.2521167580469415,0.031116263273148925,0.2521167580469415
China,1933,0.2517264492014701,0.2224216796217525,0.282842712474619,0.2521167580469415,0.031116263273148925,0.2521167580469415
China,1934,0.2517264492014701,0.2224216796217525,0.282842712474619,0.2521167580469415,0.031116263273148925,0.2521167580469415
China,1935,0.2517264492014701,0.2224216796217525,0.282842712474619,0.23725805841604566,0.031116263273148925,0.23725805841604566
China,1936,0.2517264492014701,0.2224216796217525,0.282842712474619,0.23725805841604566,0.031116263273148925,0.23725805841604566
China,1937,0.12123579409796807,0.10762222948232386,0.13326376661058673,0.12949652591302624,0.012027972512618654,0.12949652591302624
China,1938,0.11655009894614295,0.10762222948232386,0.12433949082413866,0.12210148618212534,0.0077893918779957105,0.12210148618212534
China,1939,0.10609304439972428,0.09896309330796706,0.11182424457026655,0.11706149746048276,0.005731200170542267,0.11706149746048276
China,1940,0.1012189678746649,0.09896309330796706,0.10001864495667112,0.11706149746048276,-0.0012003229179937819,0.11706149746048276
China,1941,0.09444063639636659,0.08615237662477761,0.10001864495667112,0.10547797160306904,0.005578008560304534,0.10547797160306904
China,1942,0.09444063639636659,0.08615237662477761,0.10001864495667112,0.10547797160306904,0.005578008560304534,0.10547797160306904
China,1943,0.09444063639636659,0.08615237662477761,0.10001864495667112,0.0991682212147787,0.005578008560304534,0.0991682212147787
China,1944,0.09444063639636659,0.08615237662477761,0.10001864495667112,0.0991682212147787,0.005578008560304534,0.0991682212147787
China,1945,0.116155506586108,0.10322386977974755,0.1284523257866513,0.11944398355459536,0.012296819200543305,0.11944398355459536
China,1946,0.10725763955759943,0.09672598528461344,0.1148912529307606,0.10375397381811075,0.00763361337316118,0.10375397381811075
China,1947,0.09969987303300404,0.088046149736489,0.10719732942339955,0.09191395836400278,0.007497456390395507,0.09191395836400278
China,1948,0.08172147399209274,0.0743453192482518,0.08672482396295479,0.08178611265218157,0.005003349970862048,0.08178611265218157
China,1949,0.18987861643273976,0.18819485999773763,0.18875040024028597,0.21234314952519606,-0.0011282161924537903,0.21234314952519606
China,1950,0.22881717843071062,0.23079508232846982,0.22617567092798896,0.23512488774947168,-0.0026415075027216572,0.23512488774947168
China,1951,0.22881717843071062,0.23079508232846982,0.22617567092798896,0.23512488774947168,-0.0026415075027216572,0.23512488774947168
China,1952,0.2796819132844366,0.2697167540709727,0.28982753492378877,0.29144864117831476,0.010145621639352176,0.29144864117831476
China,1953,0.2796819132844366,0.2697167540709727,0.28982753492378877,0.29144864117831476,0.010145621639352176,0.29144864117831476
China,1954,0.2796819132844366,0.2697167540709727,0.28982753492378877,0.29144864117831476,0.010145621639352176,0.29144864117831476
China,1955,0.32453595566443144,0.3105272845502389,0.3355181646196066,0.3538082690537434,0.010982208955175154,0.3538082690537434
China,1956,0.32453595566443144,0.3105272845502389,0.3355181646196066,0.3538082690537434,0.010982208955175154,0.3538082690537434
China,1957,0.2596035793681601,0.2897455981687498,0.23032602941887378,0.27641591574929814,-0.029277549949286302,0.27641591574929814
China,1958,0.2139593632663708,0.20440707620539209,0.22244447993596855,0.24034810650027869,0.008485116669597753,0.24034810650027869
China,1959,0.13300523069600803,0.11094000809215361,0.15811388300841897,0.14660325046522774,0.02510865231241094,0.14660325046522774
China,1960,0.08741571702708839,0.0658248290463863,0.11122223996798429,0.1028337470953276,0.0238065229408959,0.1028337470953276
China,1961,0.13097255768859617,0.11545552530957189,0.1457737973711325,0.14967674028314568,0.014801239682536327,0.14967674028314568
China,1962,0.21544683521178468,0.19362931848398668,0.23841009048305803,0.21771769021871779,0.022963255271273353,0.21771769021871779
China,1963,0.22935148361669191,0.21999922920961043,0.23841009048305803,0.24840375275881998,0.009058606866366115,0.24840375275881998
China,1964,0.29307176263076057,0.26406882305563645,0.324037034920393,0.29416942222173953,0.030965272289632417,0.29416942222173953
China,1965,0.3100416112263154,0.2959824553809422,0.324037034920393,0.3335389336192606,0.01399542369407758,0.3335389336192606
China,1966,0.14431255249847355,0.16856411227687926,0.12165261845120354,0.16162277752725285,-0.022659934047270014,0.16162277752725285
China,1967,0.09154086294528235,0.11506375287136228,0.07189674956134427,0.09844427868400213,-0.01964411338393808,0.09844427868400213
China,1968,0.09154086294528235,0.11506375287136228,0.07189674956134427,0.1070564859372024,-0.01964411338393808,0.1070564859372024
China,1969,0.09512227312595987,0.11506375287136228,0.07705702822246666,0.1070564859372024,-0.01806524490349322,0.1070564859372024
China,1970,0.12805905857012845,0.15131667807696234,0.1066202337683987,0.13641916276877278,-0.021438824801729747,0.13641916276877278
China,1971,0.13314262502294344,0.15131667807696234,0.11427273712238567,0.13641916276877278,-0.01886988790055777,0.13641916276877278
China,1972,0.16367200402596807,0.17510387212807033,0.15157165665103983,0.16467722747260474,-0.012100347374928239,0.16467722747260474
China,1973,0.18287438715555318,0.19362931848398668,0.16946226386699156,0.17975249337980473,-0.013412123288561617,0.17975249337980473
China,1974,0.18287438715555318,0.19362931848398668,0.16946226386699156,0.17975249337980473,-0.013412123288561617,0.17975249337980473
China,1975,0.19280837961196814,0.19362931848398668,0.19049007204118168,0.18968648583621964,-0.0023183075707864653,0.18968648583621964
China,1976,0.1658613092083769,0.19362931848398668,0.14142135623730953,0.16402281621041623,-0.02443995297106738,0.16402281621041623
China,1977,0.2679725350022733,0.25271275269369514,0.282842712474619,0.2525703737733966,0.014870177472345703,0.2525703737733966
China,1978,0.2852301872268273,0.27608798159427694,0.29393876913398137,0.2926171307982499,0.008708581907154067,0.2926171307982499
China,1979,0.3423425348700368,0.3291614548662578,0.35591116789754973,0.3423425348700368,0.013568633027512933,0.3423425348700368
China,1980,0.3503130117910403,0.3291614548662578,0.37222080897117216,0.3503130117910403,0.02190779718013186,0.3503130117910403
China,1981,0.3503130117910403,0.3291614548662578,0.37222080897117216,0.3503130117910403,0.02190779718013186,0.3503130117910403
China,1982,0.35436408476309084,0.33681944389957136,0.37222080897117216,0.3543640847630907,0.01785672420808132,0.3543640847630907
China,1983,0.37406958397712237,0.34784266062871355,0.4020444242489622,0.37406958397712237,0.02797484027183983,0.37406958397712237
China,1984,0.37406958397712237,0.34784266062871355,0.4020444242489622,0.37406958397712237,0.02797484027183983,0.37406958397712237
China,1985,0.37406958397712237,0.34784266062871355,0.4020444242489622,0.37406958397712237,0.02797484027183983,0.37406958397712237
China,1986,0.3412668429856934,0.3323430591909191,0.35,0.35351379447064973,0.008733157014306603,0.35351379447064973
China,1987,0.3412668429856934,0.3323430591909191,0.35,0.35351379447064973,0.008733157014306603,0.35351379447064973
China,1988,0.27740647374922456,0.29392607520811925,0.26116516898883724,0.27740647374922456,-0.01624130476038732,0.27740647374922456
China,1989,0.20318989257458556,0.24688401961258252,0.16583123951777,0.2135316353224558,-0.037358653056815544,0.2135316353224558
China,1990,0.22229158545538788,0.2579048840416683,0.18809547930215836,0.22669540040254366,-0.034196106153229516,0.22669540040254366
China,1991,0.2450954139982182,0.2579048840416683,0.23032602941887378,0.24049375871487114,-0.014769384579344402,0.24049375871487114
China,1992,0.3737477847751059,0.3469448231585084,0.4020444242489622,0.3737477847751059,0.0282966394738563,0.3737477847751059
China,1993,0.3737477847751059,0.3469448231585084,0.4020444242489622,0.3737477847751059,0.0282966394738563,0.3737477847751059
China,1994,0.3737477847751059,0.3469448231585084,0.4020444242489622,0.3737477847751059,0.0282966394738563,0.3737477847751059
China,1995,0.3737477847751059,0.3469448231585084,0.4020444242489622,0.3737477847751059,0.0282966394738563,0.3737477847751059
China,1996,0.348299428419866,0.3469448231585084,0.34729429490662334,0.3737477847751059,-0.001005133513242662,0.3737477847751059
China,1997,0.31488859817779485,0.30203301123331366,0.324037034920393,0.33704267913780944,0.009148436742598132,0.33704267913780944
China,1998,0.35614073576995103,0.3630170414804849,0.34729429490662334,0.3821620140637689,-0.008846440863327698,0.3821620140637689
China,1999,0.3942737933643321,0.3866158043310186,0.4020444242489622,0.3942737933643321,0.007770630884630092,0.3942737933643321
China,2000,0.4313883391669097,0.40458537755031215,0.45947934199881396,0.417457590309956,0.028091002831904244,0.417457590309956
China,2001,0.4313883391669097,0.40458537755031215,0.45947934199881396,0.417457590309956,0.028091002831904244,0.417457590309956
China,2002,0.4313883391669097,0.40458537755031215,0.45947934199881396,0.417457590309956,0.028091002831904244,0.417457590309956
China,2003,0.48483372459484775,0.444325221959736,0.5278031643091577,0.4685997925257556,0.04296943971431,0.4685997925257556
China,2004,0.48483372459484775,0.444325221959736,0.5278031643091577,0.4685997925257556,0.04296943971431,0.4685997925257556
China,2005,0.45825676028519524,0.42455480457038464,0.49245776533796654,0.45825676028519524,0.034201005052771294,0.45825676028519524
China,2006,0.4313883391669097,0.40458537755031215,0.45947934199881396,0.4313883391669096,0.028091002831904244,0.4313883391669096
China,2007,0.3952226607056895,0.3868075722637235,0.4010209093047205,0.40793981334374335,0.005798248599030997,0.40793981334374335
China,2008,0.3744370511477874,0.3695964242688243,0.3741657386773941,0.3989356808005337,-0.0002713124703933034,0.3989356808005337
China,2009,0.4169439458869532,0.40458537755031215,0.4287093850145173,0.4313883391669096,0.011765439127564059,0.4313883391669096
China,2010,0.43554191608824816,0.41251162806264924,0.45947934199881396,0.43554191608824816,0.0239374259105658,0.43554191608824816
China,2011,0.4313883391669097,0.40458537755031215,0.45947934199881396,0.4313883391669096,0.028091002831904244,0.4313883391669096
China,2012,0.4313883391669097,0.40458537755031215,0.45947934199881396,0.4313883391669096,0.028091002831904244,0.4313883391669096
China,2013,0.4313883391669097,0.40458537755031215,0.45947934199881396,0.4313883391669096,0.028091002831904244,0.4313883391669096
China,2014,0.3860980757830448,0.42455480457038464,0.35,0.4280954092536105,-0.0360980757830448,0.4280954092536105
China,2015,0.3860980757830448,0.42455480457038464,0.35,0.4280954092536105,-0.0360980757830448,0.4280954092536105
China,2016,0.40394609760660183,0.40458537755031215,0.4010209093047205,0.417457590309956,-0.0029251883018813207,0.417457590309956
China,2017,0.40394609760660183,0.40458537755031215,0.4010209093047205,0.417457590309956,-0.0029251883018813207,0.417457590309956
China,2018,0.3395280815481405,0.35221202832779935,0.3265615470378826,0.3634179403965749,-0.012966534510257921,0.3634179403965749
China,2019,0.3008642115911271,0.2972555426178192,0.3023372440604912,0.32243578539230383,0.0014730324693640884,0.32243578539230383
China,2020,0.28473959915054553,0.2839540350095631,0.28209062327875395,0.31492954169270393,-0.0026489758717915812,0.31492954169270393
China,2021,0.2610647402299849,0.25704613370914925,0.2631998581222584,0.2998637198100638,0.002135117892273497,0.2998637198100638
China,2022,0.25262323197831,0.24025025326351876,0.2631998581222584,0.29016764954441016,0.010576626143948387,0.29016764954441016
China,2023,0.300941394841654,0.2878266250772243,0.3122525629825413,0.32257570117002404,0.011311168140887284,0.32257570117002404
China,2024,0.300941394841654,0.2878266250772243,0.3122525629825413,0.31162469396518183,0.011311168140887284,0.31162469396518183
China,2025,0.300941394841654,0.2878266250772243,0.3122525629825413,0.31162469396518183,0.011311168140887284,0.31162469396518183
Colombia,1900,0.11400311276602797,0.09860228867879356,0.1284523257866513,0.10814859696102334,0.014449213020623339,0.10814859696102334
Colombia,1901,0.11400311276602797,0.09860228867879356,0.1284523257866513,0.10814859696102334,0.014449213020623339,0.10814859696102334
Colombia,1902,0.11332050268983873,0.09748047650605057,0.1284523257866513,0.10750104164239943,0.015131823096812574,0.10750104164239943
Colombia,1903,0.13108445471297656,0.11344011700726071,0.14755297532666956,0.12435274368081757,0.016468520613693,0.12435274368081757
Colombia,1904,0.17756716661995606,0.14691961404696183,0.21213203435596426,0.16252073576819215,0.0345648677360082,0.16252073576819215
Colombia,1905,0.19642070788924762,0.1661001071018874,0.2273574849765597,0.19517414327431915,0.030936777087312073,0.19517414327431915
Colombia,1906,0.2047790395639304,0.17619068001477178,0.23374937389814995,0.20899233726060684,0.028970334334219555,0.20899233726060684
Colombia,1907,0.20587881453957158,0.17795037747324546,0.23374937389814995,0.21011473993965749,0.02787055935857838,0.21011473993965749
Colombia,1908,0.20740589467464918,0.17795037747324546,0.23761326167613137,0.21305594431356223,0.030207367001482188,0.21305594431356223
Colombia,1909,0.2089085367962937,0.17795037747324546,0.24141531527838545,0.214370358730518,0.03250677848209174,0.214370358730518
Colombia,1910,0.23906146254212254,0.1992782043854809,0.284125841804447,0.23274625054114895,0.045064379262324455,0.23274625054114895
Colombia,1911,0.23906146254212254,0.1992782043854809,0.284125841804447,0.23274625054114895,0.045064379262324455,0.23274625054114895
Colombia,1912,0.23814143008507802,0.19760727197789243,0.284125841804447,0.23185052229421102,0.045984411719368984,0.23185052229421102
Colombia,1913,0.23814143008507802,0.19760727197789243,0.284125841804447,0.23185052229421102,0.045984411719368984,0.23185052229421102
Colombia,1914,0.23814143008507802,0.19760727197789243,0.284125841804447,0.23185052229421102,0.045984411719368984,0.23185052229421102
Colombia,1915,0.23814143008507802,0.19760727197789243,0.284125841804447,0.23185052229421102,0.045984411719368984,0.23185052229421102
Colombia,1916,0.23814143008507802,0.19760727197789243,0.284125841804447,0.23185052229421102,0.045984411719368984,0.23185052229421102
Colombia,1917,0.23814143008507802,0.19760727197789243,0.284125841804447,0.23185052229421102,0.045984411719368984,0.23185052229421102
Colombia,1918,0.23633918986562108,0.19433410311749844,0.284125841804447,0.2300958912918212,0.04778665193882592,0.2300958912918212
Colombia,1919,0.23633918986562108,0.19433410311749844,0.284125841804447,0.2300958912918212,0.04778665193882592,0.2300958912918212
Colombia,1920,0.23633918986562108,0.19433410311749844,0.284125841804447,0.2300958912918212,0.04778665193882592,0.2300958912918212
Colombia,1921,0.23633918986562108,0.19433410311749844,0.284125841804447,0.2300958912918212,0.04778665193882592,0.2300958912918212
Colombia,1922,0.23633918986562108,0.19433410311749844,0.284125841804447,0.2300958912918212,0.04778665193882592,0.2300958912918212
Colombia,1923,0.2379149567354041,0.1967426282677709,0.284125841804447,0.2316300316202915,0.04621088506904289,0.2316300316202915
Colombia,1924,0.2386929076269347,0.19793170916790828,0.284125841804447,0.23238743162606193,0.04543293417751229,0.23238743162606193
Colombia,1925,0.23946445530378377,0.19911100289463893,0.284125841804447,0.23313859756887342,0.04466138650066323,0.23313859756887342
Colombia,1926,0.23946445530378377,0.19911100289463893,0.284125841804447,0.23313859756887342,0.04466138650066323,0.23313859756887342
Colombia,1927,0.23946445530378377,0.19911100289463893,0.284125841804447,0.23313859756887342,0.04466138650066323,0.23313859756887342
Colombia,1928,0.21404115296354576,0.17898897592478133,0.2523804808701116,0.20760529990649093,0.03833932790656586,0.20760529990649093
Colombia,1929,0.20846591645410847,0.17333619572838413,0.24734591162984684,0.20295893743965118,0.03887999517573837,0.20295893743965118
Colombia,1930,0.22279079464802157,0.18497987244964875,0.26509878415171695,0.21639292154370596,0.04230798950369538,0.21639292154370596
Colombia,1931,0.21755145151306796,0.1764522165198158,0.26509878415171695,0.21130403638696624,0.04754733263864899,0.21130403638696624
Colombia,1932,0.2002290644191811,0.16399251629373926,0.24209953971675438,0.19008720555506667,0.04187047529757329,0.19008720555506667
Colombia,1933,0.2187162599275799,0.17979251852172454,0.26309801001170896,0.2089412105052216,0.04438175008412906,0.2089412105052216
Colombia,1934,0.2197596934090055,0.18149772198178984,0.26309801001170896,0.21283569524782844,0.04333831660270346,0.21283569524782844
Colombia,1935,0.2208176926790273,0.18322672919509386,0.26309801001170896,0.21534673197424506,0.04228031733268167,0.21534673197424506
Colombia,1936,0.24958282949906838,0.21070236319174532,0.2935817717973741,0.24605592886495165,0.04399894229830573,0.24605592886495165
Colombia,1937,0.24958282949906838,0.21070236319174532,0.2935817717973741,0.24605592886495165,0.04399894229830573,0.24605592886495165
Colombia,1938,0.24958282949906838,0.21070236319174532,0.2935817717973741,0.24605592886495165,0.04399894229830573,0.24605592886495165
Colombia,1939,0.24958282949906838,0.21070236319174532,0.2935817717973741,0.24605592886495165,0.04399894229830573,0.24605592886495165
Colombia,1940,0.24958282949906838,0.21070236319174532,0.2935817717973741,0.24605592886495165,0.04399894229830573,0.24605592886495165
Colombia,1941,0.24958282949906838,0.21070236319174532,0.2935817717973741,0.24605592886495165,0.04399894229830573,0.24605592886495165
Colombia,1942,0.248558837745699,0.20887415101395623,0.2935817717973741,0.24504640732642655,0.045022934051675095,0.24504640732642655
Colombia,1943,0.248558837745699,0.20887415101395623,0.2935817717973741,0.24504640732642655,0.045022934051675095,0.24504640732642655
Colombia,1944,0.248558837745699,0.20887415101395623,0.2935817717973741,0.24504640732642655,0.045022934051675095,0.24504640732642655
Colombia,1945,0.248558837745699,0.20887415101395623,0.2935817717973741,0.24504640732642655,0.045022934051675095,0.24504640732642655
Colombia,1946,0.2074032831955367,0.17078857062952726,0.24890588420986468,0.20262654279324396,0.04150260101432798,0.20262654279324396
Colombia,1947,0.1937070129538568,0.15860757173494727,0.2336748492843851,0.18465149805167394,0.03996783633052828,0.18465149805167394
Colombia,1948,0.14389755595897424,0.12565330678295936,0.16324767023125086,0.13194279386834862,0.01935011427227662,0.13194279386834862
Colombia,1949,0.17045210851909554,0.14727770976656618,0.1946610237380867,0.16315675596457718,0.024208915218991156,0.16315675596457718
Colombia,1950,0.17045210851909554,0.14727770976656618,0.1946610237380867,0.16315675596457718,0.024208915218991156,0.16315675596457718
Colombia,1951,0.17045210851909554,0.14727770976656618,0.1946610237380867,0.16315675596457718,0.024208915218991156,0.16315675596457718
Colombia,1952,0.17045210851909554,0.14727770976656618,0.1946610237380867,0.16315675596457718,0.024208915218991156,0.16315675596457718
Colombia,1953,0.19340843828635954,0.16917766293658532,0.21872356983187705,0.18493896607097607,0.02531513154551751,0.18493896607097607
Colombia,1954,0.19713998259200796,0.1720271219317647,0.2239196284384198,0.19303860483011656,0.026779645846411848,0.19303860483011656
Colombia,1955,0.1963888401437327,0.1705925171199855,0.2239196284384198,0.1923030894448696,0.02753078829468711,0.1923030894448696
Colombia,1956,0.19052425904700013,0.1628588780662672,0.22081666603768837,0.18133523841221158,0.030292406990688248,0.18133523841221158
Colombia,1957,0.1943106027715029,0.16917766293658532,0.22081666603768837,0.18493896607097607,0.026506063266185487,0.18493896607097607
Colombia,1958,0.21755145151306796,0.1764522165198158,0.26509878415171695,0.2042097407588402,0.04754733263864899,0.2042097407588402
Colombia,1959,0.21755145151306796,0.1764522165198158,0.26509878415171695,0.2042097407588402,0.04754733263864899,0.2042097407588402
Colombia,1960,0.21126786280904808,0.1764522165198158,0.25079873188439,0.2042097407588402,0.03953086907534192,0.2042097407588402
Colombia,1961,0.21126786280904808,0.1764522165198158,0.25079873188439,0.2042097407588402,0.03953086907534192,0.2042097407588402
Colombia,1962,0.21126786280904808,0.1764522165198158,0.25079873188439,0.2042097407588402,0.03953086907534192,0.2042097407588402
Colombia,1963,0.2080181146212818,0.1705925171199855,0.25079873188439,0.20106856147046415,0.042780617263108195,0.20106856147046415
Colombia,1964,0.20723344641482203,0.16917766293658532,0.25079873188439,0.20031010777621874,0.04356528546956798,0.20031010777621874
Colombia,1965,0.20723344641482203,0.16917766293658532,0.25079873188439,0.20031010777621874,0.04356528546956798,0.20031010777621874
Colombia,1966,0.2057452148664661,0.16917766293658532,0.24734591162984684,0.20031010777621874,0.04160069676338074,0.20031010777621874
Colombia,1967,0.2057452148664661,0.16917766293658532,0.24734591162984684,0.20291923801493214,0.04160069676338074,0.20291923801493214
Colombia,1968,0.2057452148664661,0.16917766293658532,0.24734591162984684,0.2054617191317771,0.04160069676338074,0.2054617191317771
Colombia,1969,0.2057452148664661,0.16917766293658532,0.24734591162984684,0.2054617191317771,0.04160069676338074,0.2054617191317771
Colombia,1970,0.2057452148664661,0.16917766293658532,0.24734591162984684,0.20388326719670383,0.04160069676338074,0.20388326719670383
Colombia,1971,0.20329237425476718,0.16750353049750144,0.24394062737207928,0.20279788565299958,0.0406482531173121,0.20279788565299958
Colombia,1972,0.2012567994772454,0.1642892497464019,0.24394062737207928,0.20076726220987595,0.04268382789483388,0.20076726220987595
Colombia,1973,0.19654965911412545,0.1610797964213588,0.2372700580883097,0.19732177333557918,0.04072039897418425,0.19732177333557918
Colombia,1974,0.19342517928526937,0.15806631900871984,0.23400349108373011,0.19413618680165112,0.04057831179846075,0.19413618680165112
Colombia,1975,0.19251985524038065,0.15659062398683865,0.23400349108373011,0.19186055556793724,0.041483635843349465,0.19186055556793724
Colombia,1976,0.19251985524038065,0.15659062398683865,0.23400349108373011,0.19186055556793724,0.041483635843349465,0.19186055556793724
Colombia,1977,0.1915105765107276,0.15505444952260994,0.23400349108373011,0.19085473319417556,0.04249291457300253,0.19085473319417556
Colombia,1978,0.1887998478920223,0.15245156640555316,0.2307818958723948,0.18545392464690344,0.0419820479803725,0.18545392464690344
Colombia,1979,0.18310659984527514,0.14975830789990877,0.22138079210024766,0.1813407468655821,0.03827419225497253,0.1813407468655821
Colombia,1980,0.17275144116916272,0.14276377743586355,0.2065555827220821,0.17334287987364783,0.03380414155291939,0.17334287987364783
Colombia,1981,0.17205332469785573,0.14276377743586355,0.20499665038028722,0.17334287987364783,0.032943325682431496,0.17334287987364783
Colombia,1982,0.17205332469785573,0.14276377743586355,0.20499665038028722,0.17334287987364783,0.032943325682431496,0.17334287987364783
Colombia,1983,0.17430952481837403,0.14276377743586355,0.21075989067415288,0.17210831085095601,0.03645036585577885,0.17210831085095601
Colombia,1984,0.1685689101954854,0.1401885285714565,0.20062514896037442,0.16702523509592104,0.03205623876488903,0.16702523509592104
Colombia,1985,0.16082174539204783,0.13627249189671117,0.18832586804042434,0.1480970346596119,0.02750412264837651,0.1480970346596119
Colombia,1986,0.1631826276532947,0.13498987503496818,0.19541348850808715,0.14936226115912557,0.03223086085479246,0.14936226115912557
Colombia,1987,0.16236266523469553,0.13370541013178128,0.19541348850808715,0.14861174351721282,0.03305082327339162,0.14861174351721282
Colombia,1988,0.14658179811055785,0.1231351888038853,0.17239496808306976,0.13891597612197734,0.0258131699725119,0.13891597612197734
Colombia,1989,0.14075174869339774,0.11843712486063625,0.16529094599994978,0.13260385568875235,0.024539197306552046,0.13260385568875235
Colombia,1990,0.14019576063541306,0.11743142527322263,0.16529094599994978,0.13111421540720072,0.025095185364536726,0.13111421540720072
Colombia,1991,0.1695210631514029,0.1401885285714565,0.20241225414855288,0.17606841328250553,0.03289119099714999,0.17606841328250553
Colombia,1992,0.17429088334696827,0.14792096595947654,0.20241225414855288,0.18102245650205515,0.02812137080158461,0.18102245650205515
Colombia,1993,0.17429088334696827,0.14792096595947654,0.20241225414855288,0.17846167838068924,0.02812137080158461,0.17846167838068924
Colombia,1994,0.17429088334696827,0.14792096595947654,0.20241225414855288,0.16794794157117018,0.02812137080158461,0.16794794157117018
Colombia,1995,0.16481614982107465,0.1384110751300342,0.1941668127164532,0.15996387344630683,0.02935066289537855,0.15996387344630683
Colombia,1996,0.16380203018462577,0.13245592021677646,0.19962558483152448,0.155503926028459,0.03582355464689871,0.155503926028459
Colombia,1997,0.1533948365395469,0.12643002117414096,0.18386460395509177,0.15186888767009854,0.030469767415544857,0.15186888767009854
Colombia,1998,0.14036059343794158,0.11776262236795192,0.16431676725154987,0.1391016317228554,0.02395617381360829,0.1391016317228554
Colombia,1999,0.13766423878085987,0.11330352313992449,0.16431676725154987,0.1339592877627521,0.026652528470689996,0.1339592877627521
Colombia,2000,0.14104039394203224,0.11888670457712057,0.16431676725154987,0.1397753347690515,0.023276373309517623,0.1397753347690515
Colombia,2001,0.14104039394203224,0.11888670457712057,0.16431676725154987,0.1397753347690515,0.023276373309517623,0.1397753347690515
Colombia,2002,0.14263623403638595,0.1214542569034784,0.16431676725154987,0.1501003578374258,0.021680533215163916,0.1501003578374258
Colombia,2003,0.17429088334696827,0.14792096595947654,0.20241225414855288,0.17853026685005333,0.02812137080158461,0.17853026685005333
Colombia,2004,0.18584894760451484,0.15766488436552215,0.2169400824885707,0.18682264952814095,0.03109113488405585,0.18682264952814095
Colombia,2005,0.19773762615737603,0.1690787630285647,0.22930958091129325,0.19566913312704806,0.03157195475391722,0.19566913312704806
Colombia,2006,0.20779102893690204,0.1793019257703509,0.23904738673284998,0.2101120750743092,0.03125635779594793,0.2101120750743092
Colombia,2007,0.22572745122773563,0.19606669084383388,0.2587663038341739,0.22516819574865896,0.033038852606438296,0.22516819574865896
Colombia,2008,0.2273589673281818,0.19897387925059692,0.2587663038341739,0.22912647374348605,0.03140733650599212,0.22912647374348605
Colombia,2009,0.22293865678470415,0.19356780892010583,0.2556169008496895,0.22137016532081125,0.03267824406498537,0.22137016532081125
Colombia,2010,0.22980775242159254,0.20087110936631916,0.2618778341135423,0.22550481226239286,0.032070081691949776,0.22550481226239286
Colombia,2011,0.23556526583190038,0.2026196729024099,0.27298351598585585,0.23438694222877424,0.037418250153955473,0.23438694222877424
Colombia,2012,0.23757445586441628,0.20455550728833916,0.2749545416973504,0.2417815955246607,0.03738008583293412,0.2417815955246607
Colombia,2013,0.23757445586441628,0.20455550728833916,0.2749545416973504,0.2417815955246607,0.03738008583293412,0.2417815955246607
Colombia,2014,0.23757445586441628,0.20455550728833916,0.2749545416973504,0.2417815955246607,0.03738008583293412,0.2417815955246607
Colombia,2015,0.23757445586441628,0.20455550728833916,0.2749545416973504,0.2417815955246607,0.03738008583293412,0.2417815955246607
Colombia,2016,0.24720721419602978,0.20455550728833916,0.2974558790812513,0.25097075890091997,0.05024866488522153,0.25097075890091997
Colombia,2017,0.23757445586441628,0.20455550728833916,0.2749545416973504,0.23541450956111662,0.03738008583293412,0.23541450956111662
Colombia,2018,0.23232222122557086,0.20455550728833916,0.26290682760247974,0.23541450956111662,0.03058460637690888,0.23541450956111662
Colombia,2019,0.22730441712893487,0.19765688226767097,0.2598076211353316,0.2254286650273096,0.03250320400639675,0.2254286650273096
Colombia,2020,0.17196456208080343,0.14414972662601844,0.20241225414855288,0.1786062865789514,0.030447692067749443,0.1786062865789514
Colombia,2021,0.16880348059554381,0.13833706495733378,0.20241225414855288,0.16266024103872725,0.033608773553009064,0.16266024103872725
Colombia,2022,0.20969440607103865,0.18151729921654147,0.24046198954123407,0.21440083221257855,0.030767583470195425,0.21440083221257855
Colombia,2023,0.21370514347597147,0.18686163424710442,0.24240908197195993,0.21767130790657352,0.028703938495988457,0.21767130790657352
Colombia,2024,0.21370514347597147,0.18686163424710442,0.24240908197195993,0.21767130790657352,0.028703938495988457,0.21767130790657352
Colombia,2025,0.21370514347597147,0.18686163424710442,0.24240908197195993,0.21767130790657352,0.028703938495988457,0.21767130790657352
Denmark,1900,0.5377103298626386,0.6561882905799538,0.4395452195167182,0.5726156130739616,-0.09816511034592035,0.5726156130739616
Denmark,1901,0.5857280535496919,0.6122905281059516,0.5599999999999999,0.6358782632705352,-0.025728053549691987,0.6358782632705352
Denmark,1902,0.5857280535496919,0.6122905281059516,0.5599999999999999,0.6358782632705352,-0.025728053549691987,0.6358782632705352
Denmark,1903,0.5857280535496919,0.6122905281059516,0.5599999999999999,0.6358782632705352,-0.025728053549691987,0.6358782632705352
Denmark,1904,0.5857280535496919,0.6122905281059516,0.5599999999999999,0.6358782632705352,-0.025728053549691987,0.6358782632705352
Denmark,1905,0.5857280535496919,0.6122905281059516,0.5599999999999999,0.6358782632705352,-0.025728053549691987,0.6358782632705352
Denmark,1906,0.5857280535496919,0.6122905281059516,0.5599999999999999,0.6358782632705352,-0.025728053549691987,0.6358782632705352
Denmark,1907,0.5857280535496919,0.6122905281059516,0.5599999999999999,0.6358782632705352,-0.025728053549691987,0.6358782632705352
Denmark,1908,0.5857280535496919,0.6122905281059516,0.5599999999999999,0.6358782632705352,-0.025728053549691987,0.6358782632705352
Denmark,1909,0.5857280535496919,0.6122905281059516,0.5599999999999999,0.6358782632705352,-0.025728053549691987,0.6358782632705352
Denmark,1910,0.5857280535496919,0.6122905281059516,0.5599999999999999,0.6358782632705352,-0.025728053549691987,0.6358782632705352
Denmark,1911,0.5857280535496919,0.6122905281059516,0.5599999999999999,0.6358782632705352,-0.025728053549691987,0.6358782632705352
Denmark,1912,0.3424366322511183,0.29411528737172915,0.3846457436702219,0.30769275443004346,0.04220911141910361,0.30769275443004346
Denmark,1913,0.3424366322511183,0.29411528737172915,0.3846457436702219,0.30769275443004346,0.04220911141910361,0.30769275443004346
Denmark,1914,0.6,0.6,0.6,0.6286335345030997,0.0,0.6286335345030997
Denmark,1915,0.6,0.6,0.6,0.6286335345030997,0.0,0.6286335345030997
Denmark,1916,0.6,0.6,0.6,0.6286335345030997,0.0,0.6286335345030997
Denmark,1917,0.6,0.6,0.6,0.6286335345030997,0.0,0.6286335345030997
Denmark,1918,0.6,0.6,0.6,0.6286335345030997,0.0,0.6286335345030997
Denmark,1919,0.6,0.6,0.6,0.6286335345030997,0.0,0.6286335345030997
Denmark,1920,0.6,0.6,0.6,0.6286335345030997,0.0,0.6286335345030997
Denmark,1921,0.6,0.6,0.6,0.6286335345030997,0.0,0.6286335345030997
Denmark,1922,0.6,0.6,0.6,0.6286335345030997,0.0,0.6286335345030997
Denmark,1923,0.7000000000000001,0.6999999999999998,0.7,0.7288139384975163,-1.1102230246251565e-16,0.7288139384975163
Denmark,1924,0.7999999999999999,0.8000000000000002,0.8,0.8289522117905442,1.1102230246251565e-16,0.8289522117905442
Denmark,1925,0.9,0.9,0.9,0.904972526643093,0.0,0.904972526643093
Denmark,1926,0.9,0.9,0.9,0.904972526643093,0.0,0.904972526643093
Denmark,1927,0.9,0.9,0.9,0.904972526643093,0.0,0.904972526643093
Denmark,1928,0.7999999999999999,0.8000000000000002,0.8,0.8049691346263317,1.1102230246251565e-16,0.8049691346263317
Denmark,1929,0.7000000000000001,0.6999999999999998,0.7,0.7049647869859771,-1.1102230246251565e-16,0.7049647869859771
Denmark,1930,0.6,0.6,0.6,0.6049590136395382,0.0,0.6049590136395382
Denmark,1931,0.5,0.5,0.5,0.5049509756796392,0.0,0.5049509756796392
Denmark,1932,0.6426580952289125,0.6159389492779574,0.6681317235396026,0.651792270741384,0.02547362831069011,0.651792270741384
Denmark,1933,0.6426580952289125,0.6159389492779574,0.6681317235396026,0.651792270741384,0.02547362831069011,0.651792270741384
Denmark,1934,0.6426580952289125,0.6159389492779574,0.6681317235396026,0.651792270741384,0.02547362831069011,0.651792270741384
Denmark,1935,0.6426580952289125,0.6159389492779574,0.6681317235396026,0.651792270741384,0.02547362831069011,0.651792270741384
Denmark,1936,0.6426580952289125,0.6159389492779574,0.6681317235396026,0.651792270741384,0.02547362831069011,0.651792270741384
Denmark,1937,0.6426580952289125,0.6159389492779574,0.6681317235396026,0.651792270741384,0.02547362831069011,0.651792270741384
Denmark,1938,0.6426580952289125,0.6159389492779574,0.6681317235396026,0.651792270741384,0.02547362831069011,0.651792270741384
Denmark,1939,0.6426580952289125,0.6159389492779574,0.6681317235396026,0.651792270741384,0.02547362831069011,0.651792270741384
Denmark,1940,0.6426580952289125,0.6159389492779574,0.6681317235396026,0.651792270741384,0.02547362831069011,0.651792270741384
Denmark,1941,0.6426580952289125,0.6159389492779574,0.6681317235396026,0.651792270741384,0.02547362831069011,0.651792270741384
Denmark,1942,0.6263253720683436,0.6911866078203873,0.5589275444992848,0.7416287991827303,-0.06739782756905877,0.7416287991827303
Denmark,1943,0.6263253720683436,0.6911866078203873,0.5589275444992848,0.7416287991827303,-0.06739782756905877,0.7416287991827303
Denmark,1944,0.6263253720683436,0.6911866078203873,0.5589275444992848,0.7416287991827303,-0.06739782756905877,0.7416287991827303
Denmark,1945,0.6263253720683436,0.6911866078203873,0.5589275444992848,0.7416287991827303,-0.06739782756905877,0.7416287991827303
Denmark,1946,0.6263253720683436,0.6911866078203873,0.5589275444992848,0.7416287991827303,-0.06739782756905877,0.7416287991827303
Denmark,1947,0.6263253720683436,0.6911866078203873,0.5589275444992848,0.7416287991827303,-0.06739782756905877,0.7416287991827303
Denmark,1948,0.6263253720683436,0.6911866078203873,0.5589275444992848,0.7416287991827303,-0.06739782756905877,0.7416287991827303
Denmark,1949,0.6263253720683436,0.6911866078203873,0.5589275444992848,0.7416287991827303,-0.06739782756905877,0.7416287991827303
Denmark,1950,0.6263253720683436,0.6911866078203873,0.5589275444992848,0.7416287991827303,-0.06739782756905877,0.7416287991827303
Denmark,1951,0.6263253720683436,0.6911866078203873,0.5589275444992848,0.7416287991827303,-0.06739782756905877,0.7416287991827303
Denmark,1952,0.6263253720683436,0.6911866078203873,0.5589275444992848,0.7416287991827303,-0.06739782756905877,0.7416287991827303
Denmark,1953,0.6263253720683436,0.6911866078203873,0.5589275444992848,0.7416287991827303,-0.06739782756905877,0.7416287991827303
Denmark,1954,0.6263253720683436,0.6911866078203873,0.5589275444992848,0.7416287991827303,-0.06739782756905877,0.7416287991827303
Denmark,1955,0.6263253720683436,0.6911866078203873,0.5589275444992848,0.7416287991827303,-0.06739782756905877,0.7416287991827303
Denmark,1956,0.6263253720683436,0.6911866078203873,0.5589275444992848,0.7416287991827303,-0.06739782756905877,0.7416287991827303
Denmark,1957,0.6263253720683436,0.6911866078203873,0.5589275444992848,0.7416287991827303,-0.06739782756905877,0.7416287991827303
Denmark,1958,0.6263253720683436,0.6911866078203873,0.5589275444992848,0.7416287991827303,-0.06739782756905877,0.7416287991827303
Denmark,1959,0.6263253720683436,0.6911866078203873,0.5589275444992848,0.7416287991827303,-0.06739782756905877,0.7416287991827303
Denmark,1960,0.6263253720683436,0.6911866078203873,0.5589275444992848,0.7416287991827303,-0.06739782756905877,0.7416287991827303
Denmark,1961,0.6263253720683436,0.6911866078203873,0.5589275444992848,0.7416287991827303,-0.06739782756905877,0.7416287991827303
Denmark,1962,0.6263253720683436,0.6911866078203873,0.5589275444992848,0.7416287991827303,-0.06739782756905877,0.7416287991827303
Denmark,1963,0.6263253720683436,0.6911866078203873,0.5589275444992848,0.7416287991827303,-0.06739782756905877,0.7416287991827303
Denmark,1964,0.6263253720683436,0.6911866078203873,0.5589275444992848,0.7416287991827303,-0.06739782756905877,0.7416287991827303
Denmark,1965,0.6263253720683436,0.6911866078203873,0.5589275444992848,0.7416287991827303,-0.06739782756905877,0.7416287991827303
Denmark,1966,0.6263253720683436,0.6911866078203873,0.5589275444992848,0.7416287991827303,-0.06739782756905877,0.7416287991827303
Egypt,1900,0.32348588448063964,0.3062081796282227,0.3355181646196066,0.3382745929341926,0.012032280138966955,0.3382745929341926
Egypt,1901,0.32348588448063964,0.3062081796282227,0.3355181646196066,0.3382745929341926,0.012032280138966955,0.3382745929341926
Egypt,1902,0.3361656836265983,0.3153862080496342,0.34960192358121334,0.34367049701995844,0.013436239954615015,0.34367049701995844
Egypt,1903,0.3361656836265983,0.3153862080496342,0.34960192358121334,0.34367049701995844,0.013436239954615015,0.34367049701995844
Egypt,1904,0.34141293569537884,0.3153862080496342,0.36187237041484943,0.37655392483851197,0.020459434719470593,0.37655392483851197
Egypt,1905,0.3517585954251967,0.3360611021348298,0.36187237041484943,0.3879644437995818,0.010113774989652713,0.3879644437995818
Egypt,1906,0.3162134627032084,0.2924033000079829,0.3402693417256166,0.33306693240690466,0.024055879022408244,0.33306693240690466
Egypt,1907,0.24152832362149204,0.2269216147599492,0.2515815560813961,0.2636750915414949,0.010053232459904055,0.2636750915414949
Egypt,1908,0.2709578547624367,0.2506867456238186,0.29134194295463584,0.2930286126712809,0.020384088192199112,0.2930286126712809
Egypt,1909,0.28421194006023337,0.2626235033774601,0.30469269715364344,0.2914820054723766,0.020480757093410074,0.2914820054723766
Egypt,1910,0.26585633531726277,0.23573790112921453,0.29622166711163694,0.25557461531533315,0.030365331794374173,0.25557461531533315
Egypt,1911,0.305911000187499,0.2943474963257832,0.3122525629825413,0.3508959429954404,0.006341562795042277,0.3508959429954404
Egypt,1912,0.3496277400620346,0.3605206166428962,0.3319638534539567,0.42222042146893585,-0.01766388660807794,0.42222042146893585
Egypt,1913,0.3496277400620346,0.3605206166428962,0.3319638534539567,0.42222042146893585,-0.01766388660807794,0.42222042146893585
Egypt,1914,0.21238635026196437,0.23480317266963247,0.19030213722688133,0.34107945926855376,-0.02208421303508304,0.34107945926855376
Egypt,1915,0.17853144471102675,0.20009517568054336,0.1577108877600689,0.28907131804182007,-0.020820556950957858,0.28907131804182007
Egypt,1916,0.1825519826150229,0.19334879037536423,0.1703903203997391,0.28056676014787185,-0.012161662215283808,0.28056676014787185
Egypt,1917,0.1482433269131502,0.15443121981436217,0.1404515691121134,0.2439440834200436,-0.007791757801036803,0.2439440834200436
Egypt,1918,0.12350693627600932,0.12264324808029547,0.12227019260637484,0.19952196437069913,-0.0012367436696344852,0.19952196437069913
Egypt,1919,0.19121865035878835,0.20381903021766076,0.1749651712789462,0.1929709695682044,-0.016253479079842148,0.1929709695682044
Egypt,1920,0.22227931360885456,0.22363198772389078,0.2190144653615748,0.2277900586853623,-0.003264848247279767,0.2277900586853623
Egypt,1921,0.23054277124212738,0.22363198772389078,0.23664319132398465,0.24413933992855621,0.006100420081857266,0.24413933992855621
Egypt,1922,0.3108075389140317,0.29314999335201675,0.3265615470378826,0.3207832299846609,0.015754008123850916,0.3207832299846609
Egypt,1923,0.3204253097991049,0.278221333693759,0.36187237041484943,0.2812189675250498,0.041447060615744546,0.2812189675250498
Egypt,1924,0.26873320926972627,0.24220573876810084,0.29393170004457275,0.23229003488150227,0.025198490774846483,0.23229003488150227
Egypt,1925,0.302495035130441,0.28051435026745014,0.324037034920393,0.2897058209303137,0.02154199978995197,0.2897058209303137
Egypt,1926,0.32227532436574646,0.3041952408714313,0.33763886032268264,0.3097415591480484,0.01536353595693618,0.3097415591480484
Egypt,1927,0.3217301655701699,0.3041952408714313,0.33763886032268264,0.3007537739229577,0.01590869475251272,0.3007537739229577
Egypt,1928,0.25049539352218125,0.23486511334709495,0.2631998581222584,0.21659764728895745,0.012704464600077126,0.21659764728895745
Egypt,1929,0.1947480317558279,0.17908201615239083,0.20784609690826528,0.19994103059744392,0.013098065152437388,0.19994103059744392
Egypt,1930,0.1677417606319583,0.17787688921246392,0.15376988794156746,0.24221574400918622,-0.013971872690390852,0.24221574400918622
Egypt,1931,0.18091608517124746,0.19423240258324173,0.16480648523295155,0.2606632943700545,-0.016109599938295915,0.2606632943700545
Egypt,1932,0.21925215524230493,0.22365265590732353,0.21206494429333184,0.278494693191413,-0.007187210948973094,0.278494693191413
Egypt,1933,0.26369635813175446,0.25612628149127065,0.26973022669418995,0.26499420500248555,0.006033868562435485,0.26499420500248555
Egypt,1934,0.32280138000659514,0.3041952408714313,0.33985290935932855,0.32715537247143595,0.017051529352733408,0.32715537247143595
Egypt,1935,0.2990364881907852,0.3043071044547669,0.29229802808528305,0.29325845659528776,-0.006738460105502164,0.29325845659528776
Egypt,1936,0.38877432249420024,0.34955707030110156,0.42980356851497303,0.375647202427613,0.04102924602077279,0.375647202427613
Egypt,1937,0.3261051083243891,0.29314999335201675,0.35986108430893166,0.2930922190919198,0.03375597598454255,0.2930922190919198
Egypt,1938,0.29201458763761373,0.2754170035665374,0.30775948610338283,0.28377379320333435,0.015744898465769097,0.28377379320333435
Egypt,1939,0.22939075786320254,0.21904361364138591,0.23797232801599819,0.24206681887644463,0.008581570152795648,0.24206681887644463
Egypt,1940,0.18813127887083503,0.17685400892197625,0.19781619706222436,0.19822704316439424,0.009684918191389336,0.19822704316439424
Egypt,1941,0.16970053658565531,0.1605242493614016,0.1780482450245404,0.17587517692349774,0.008347708438885076,0.17587517692349774
Egypt,1942,0.20137572804997603,0.18688856125083822,0.21419153738116203,0.20909952515206195,0.012815809331186007,0.20909952515206195
Egypt,1943,0.2542860613898739,0.23786601635276328,0.2687994169065728,0.2659707004031801,0.014513355516698856,0.2659707004031801
Egypt,1944,0.2986756004992694,0.28133143292026647,0.31327726965349445,0.2946200274957011,0.014601669154225061,0.2946200274957011
Egypt,1945,0.23060171981622699,0.21017695684363216,0.2499783800888363,0.22591581702474028,0.019376660272609314,0.22591581702474028
Egypt,1946,0.1825077021989218,0.1686551820668225,0.19388081609447047,0.19409444580247578,0.011373113895548681,0.19409444580247578
Egypt,1947,0.2266577066316748,0.21707584581581774,0.23323807579381203,0.24174308574275713,0.006580369162137223,0.24174308574275713
Egypt,1948,0.15113041951420847,0.14682286375108272,0.15270421279859903,0.1649024963218462,0.0015737932843905567,0.1649024963218462
Egypt,1949,0.1817269669778515,0.17685400892197625,0.1845690381194018,0.19852708289225166,0.002842071141550301,0.19852708289225166
Egypt,1950,0.27425327212045086,0.2552018918428532,0.29229802808528305,0.26895410585125124,0.018044755964832182,0.26895410585125124
Egypt,1951,0.14537974288796995,0.1364348842072469,0.1521754376831698,0.14866645842671453,0.006795694795199841,0.14866645842671453
Egypt,1952,0.13981376235450693,0.11976864203707328,0.15916831307405244,0.1480345081712754,0.019354550719545505,0.1480345081712754
Egypt,1953,0.2532267823155902,0.225819588215324,0.28209062327875395,0.2724182428394301,0.028863840963163745,0.2724182428394301
Egypt,1954,0.26197021231805157,0.2497152085570741,0.26973022669418995,0.30424816279864936,0.00776001437613838,0.30424816279864936
Egypt,1955,0.3212892013719013,0.2730524802665207,0.3741657386773941,0.35584032992023507,0.0528765373054928,0.35584032992023507
Egypt,1956,0.2629641396129861,0.22698524413245988,0.2868297722285641,0.2993194914194339,0.023865632615578003,0.2993194914194339
Egypt,1957,0.33486060072783835,0.28198409054937185,0.38794329482541645,0.3496731459037925,0.0530826940975781,0.3496731459037925
Egypt,1958,0.31601242950285374,0.30440160991950777,0.3257301945717158,0.32584003302960535,0.009717765068862072,0.32584003302960535
Egypt,1959,0.35566264620951066,0.3367844318291014,0.3741657386773941,0.38558458774769894,0.018503092467883453,0.38558458774769894
Egypt,1960,0.367918916591383,0.36038740275541353,0.37321319661472296,0.4066999982881569,0.005294280023339981,0.4066999982881569
Egypt,1961,0.3515930949541904,0.3119850011295167,0.37947331922020555,0.38110537900555835,0.027880224266015163,0.38110537900555835
Egypt,1962,0.3815205080957884,0.33525750491970424,0.42534690655044505,0.4138921016769092,0.043826398454656634,0.4138921016769092
Egypt,1963,0.3470753249121625,0.31908521748890045,0.3741657386773941,0.3695354950095872,0.027090413765231636,0.3695354950095872
Egypt,1964,0.3470753249121625,0.31908521748890045,0.3741657386773941,0.3695354950095872,0.027090413765231636,0.3695354950095872
Egypt,1965,0.2780265327905936,0.2622968843277678,0.2906002517023432,0.3010524509224166,0.012573718911749632,0.3010524509224166
Egypt,1966,0.24696730777652087,0.23839603604840068,0.2529822128134704,0.2773217935343597,0.006014905036949514,0.2773217935343597
Egypt,1967,0.13506239274597656,0.13313330339854734,0.13599280685187823,0.1486396978092668,0.0009304141059016668,0.1486396978092668
Egypt,1968,0.20144342875068824,0.19548941884266935,0.20716694420321724,0.21397240655795083,0.005723515452528999,0.21397240655795083
Egypt,1969,0.2526099445949255,0.24404905057020657,0.2607737383553499,0.2703381135902989,0.00816379376042442,0.2703381135902989
Egypt,1970,0.2952216840781314,0.2853933381691382,0.3013007538343957,0.28449206019193046,0.0060790697562643214,0.28449206019193046
Egypt,1971,0.2676667585272349,0.25436026402494083,0.2794903724956467,0.31536634612325853,0.01182361396841175,0.31536634612325853
Egypt,1972,0.25161743305946027,0.25181359862066494,0.2499783800888363,0.2980057439496886,-0.001639052970623972,0.2980057439496886
Egypt,1973,0.3653351031086185,0.3521337015803649,0.3709447398198282,0.40987963060211685,0.005609636711209676,0.40987963060211685
Egypt,1974,0.3249189945402582,0.2931014473589694,0.3589449586884128,0.3314747775817956,0.03402596414815462,0.3314747775817956
Egypt,1975,0.3185084999633032,0.2984201912463051,0.33490748860210556,0.33511017267497806,0.016398988638802348,0.33511017267497806
Egypt,1976,0.27049808690906024,0.2557312331752383,0.27948432539195894,0.2847168709378483,0.0089862384828987,0.2847168709378483
Egypt,1977,0.18075742197490555,0.17209186915406885,0.18646456352043342,0.18729285304463827,0.005707141545527872,0.18729285304463827
Egypt,1978,0.23974969832164592,0.236841276052185,0.23947860029656096,0.258411453092219,-0.0002710980250849593,0.258411453092219
Egypt,1979,0.25458802890514304,0.26103030176188396,0.23664319132398465,0.2677453590689299,-0.01794483758115839,0.2677453590689299
Egypt,1980,0.25458802890514304,0.26103030176188396,0.23664319132398465,0.2677453590689299,-0.01794483758115839,0.2677453590689299
Egypt,1981,0.22388670944588848,0.23732241625984765,0.20396078054371142,0.2183380737913826,-0.019925928902177065,0.2183380737913826
Egypt,1982,0.2463754131002339,0.2473856611363279,0.24251465064166372,0.27468713033617603,-0.0038607624585701716,0.27468713033617603
Egypt,1983,0.2546051473674423,0.2473856611363279,0.25992076683399534,0.28954328359740417,0.005315619466553068,0.28954328359740417
Egypt,1984,0.2546051473674423,0.2473856611363279,0.25992076683399534,0.31679179881312675,0.005315619466553068,0.31679179881312675
Egypt,1985,0.24119522412053795,0.23732241625984765,0.24251465064166372,0.28413667240985535,0.001319426521125766,0.28413667240985535
Egypt,1986,0.24541509281585486,0.22793307678817784,0.25992076683399534,0.26190428986033104,0.014505674018140485,0.26190428986033104
Egypt,1987,0.24119522412053795,0.23732241625984765,0.24251465064166372,0.2750843161037317,0.001319426521125766,0.2750843161037317
Egypt,1988,0.24119522412053795,0.23732241625984765,0.24251465064166372,0.28413667240985535,0.001319426521125766,0.28413667240985535
Egypt,1989,0.24119522412053795,0.23732241625984765,0.24251465064166372,0.28413667240985535,0.001319426521125766,0.28413667240985535
Egypt,1990,0.24177487100423126,0.23732241625984765,0.24251465064166372,0.28413667240985535,0.0007397796374324639,0.28413667240985535
Egypt,1991,0.28069728768005814,0.2651216198417119,0.29134194295463584,0.34658693990130734,0.010644655274577697,0.34658693990130734
Egypt,1992,0.2337957314160084,0.24207795187729164,0.2227105745132009,0.2779959214701946,-0.011085156902807508,0.2779959214701946
Egypt,1993,0.21723460342556944,0.2325533795516964,0.19748586085000203,0.27311208988800356,-0.019748742575567413,0.27311208988800356
Egypt,1994,0.2131996240742977,0.21291674288615436,0.20779631358493286,0.2538607175180549,-0.005403310489364849,0.2538607175180549
Egypt,1995,0.2131996240742977,0.21291674288615436,0.20779631358493286,0.24177736762008817,-0.005403310489364849,0.24177736762008817
Egypt,1996,0.2479041209757047,0.23917899866170514,0.24963350287689584,0.2886028595210434,0.0017293819011911515,0.2886028595210434
Egypt,1997,0.16922664229192066,0.20821741201355035,0.13490737563232041,0.2391854916621219,-0.03431926665960025,0.2391854916621219
Egypt,1998,0.24122091328307138,0.23917899866170514,0.23869528358946046,0.29811107598630854,-0.00252562969361092,0.29811107598630854
Egypt,1999,0.27316533872635806,0.2586758354988185,0.2801976457627494,0.321965073680287,0.00703230703639135,0.321965073680287
Egypt,2000,0.250620456436455,0.23028366966126193,0.26143364764758875,0.2891872245526619,0.010813191211133777,0.2891872245526619
Egypt,2001,0.29291747570774607,0.25939095991075795,0.3265615470378826,0.3251546735406722,0.03364407133013653,0.3251546735406722
Egypt,2002,0.28276979216555126,0.25939095991075795,0.30469269715364344,0.31500698999847737,0.021922904988092184,0.31500698999847737
Egypt,2003,0.2118638601159619,0.20819176159664113,0.21112126572366308,0.251743132130146,-0.0007425943922988176,0.251743132130146
Egypt,2004,0.2652042031851103,0.25175878919617706,0.2718316445951098,0.32195577853106455,0.0066274414099994905,0.32195577853106455
Egypt,2005,0.23306160707108556,0.25097062296995126,0.2065356569735843,0.2759705309616743,-0.02652595009750125,0.2759705309616743
Egypt,2006,0.25685996470675415,0.23357726211115326,0.2668694400073118,0.3016548657838292,0.010009475300557624,0.3016548657838292
Egypt,2007,0.2182002439336869,0.20200998295787823,0.22079590472783445,0.25720116096485207,0.002595660794147553,0.25720116096485207
Egypt,2008,0.16848913586976563,0.16213401286875762,0.16298358647209366,0.20348001824573017,-0.005505549397671977,0.20348001824573017
Egypt,2009,0.1899762394267546,0.1894363535678101,0.17979973251908887,0.21686234422358344,-0.010176506907665722,0.21686234422358344
Egypt,2010,0.15139855443930242,0.15205570080251055,0.14218681741971656,0.1728621662202948,-0.009211737019585858,0.1728621662202948
Egypt,2011,0.1381267591409874,0.12486656083775953,0.1466287829861518,0.11790203949242715,0.008502023845164408,0.11790203949242715
Egypt,2012,0.14556124026006623,0.14230491058607295,0.14833338940419993,0.14644882056467448,0.0027721491441337065,0.14644882056467448
Egypt,2013,0.1252222560415942,0.12802111454773013,0.12227019260637484,0.1327806200844541,-0.0029520634352193653,0.1327806200844541
Egypt,2014,0.22544746974691207,0.21291674288615436,0.2316246964380094,0.27168552629733195,0.006177226691097326,0.27168552629733195
Egypt,2015,0.2591028525869998,0.2232072260140776,0.2906002517023432,0.29261030962287304,0.03149739911534344,0.29261030962287304
Egypt,2016,0.1959822060542825,0.1858918034541205,0.19762953766802588,0.2500400139280962,0.0016473316137433913,0.2500400139280962
Egypt,2017,0.24021183589262815,0.22908872093064467,0.2433105012119288,0.2969347132376473,0.003098665319300642,0.2969347132376473
Egypt,2018,0.30087499039566074,0.2822075310270935,0.31247973597850176,0.3461719635314106,0.011604745582841025,0.3461719635314106
Egypt,2019,0.3226503059438844,0.2936036401607481,0.34822022531844965,0.3774515180356443,0.025569919374565264,0.3774515180356443
Egypt,2020,0.23554715073204413,0.24295368179100651,0.22344143484374762,0.2823830208511056,-0.012105715888296509,0.2823830208511056
Egypt,2021,0.2693799334403998,0.24263764126880696,0.2915539028546533,0.29975982049437866,0.022173969414253536,0.29975982049437866
Egypt,2022,0.19791487641597563,0.1858918034541205,0.2037118646368137,0.23329558219923663,0.005796988220838073,0.23329558219923663
Egypt,2023,0.1405723064405777,0.13041901187914326,0.14730919862656233,0.1598735444575281,0.006736892185984639,0.1598735444575281
Egypt,2024,0.21211991238379282,0.1858918034541205,0.2340034838016866,0.24137775528989916,0.021883571417893766,0.24137775528989916
Egypt,2025,0.2534808882309108,0.2232072260140776,0.2804075648044237,0.27301507254194074,0.026926676573512887,0.27301507254194074
Estonia,1900,0.39266813210088514,0.38928602650552135,0.390876233486059,0.3832137019445112,-0.0017918986148261484,0.3832137019445112
Estonia,1901,0.39266813210088514,0.38928602650552135,0.390876233486059,0.3832137019445112,-0.0017918986148261484,0.3832137019445112
Estonia,1902,0.39266813210088514,0.38928602650552135,0.390876233486059,0.3832137019445112,-0.0017918986148261484,0.3832137019445112
Estonia,1903,0.42804630461749565,0.4420777160957006,0.41073014724099244,0.4494819429835666,-0.017316157376503216,0.4494819429835666
Estonia,1904,0.42804630461749565,0.4420777160957006,0.41073014724099244,0.4494819429835666,-0.017316157376503216,0.4494819429835666
Estonia,1905,0.38749789363810944,0.39136053148175726,0.366872772369555,0.4234643749385767,-0.020625121268554425,0.4234643749385767
Estonia,1906,0.42804630461749565,0.4420777160957006,0.41073014724099244,0.4817428183790378,-0.017316157376503216,0.4817428183790378
Estonia,1907,0.42804630461749565,0.4420777160957006,0.41073014724099244,0.4494819429835666,-0.017316157376503216,0.4494819429835666
Estonia,1908,0.42804630461749565,0.4420777160957006,0.41073014724099244,0.4494819429835666,-0.017316157376503216,0.4494819429835666
Estonia,1909,0.42804630461749565,0.4420777160957006,0.41073014724099244,0.4494819429835666,-0.017316157376503216,0.4494819429835666
Estonia,1910,0.47106538984127205,0.4846648576183196,0.4545241115885573,0.4568091131640053,-0.01654127825271473,0.4568091131640053
Estonia,1911,0.47106538984127205,0.4846648576183196,0.4545241115885573,0.4568091131640053,-0.01654127825271473,0.4568091131640053
Estonia,1912,0.47106538984127205,0.4846648576183196,0.4545241115885573,0.4568091131640053,-0.01654127825271473,0.4568091131640053
Estonia,1913,0.5091177016013296,0.5435656988233538,0.4737107109532826,0.5312540397987296,-0.03540699064804703,0.5312540397987296
Estonia,1914,0.22225386627843338,0.2410072103625538,0.1969831061351866,0.2996087697480097,-0.02527076014324678,0.2996087697480097
Estonia,1915,0.09344625823544302,0.1042738087726518,0.08166488163614609,0.13901922869372738,-0.011781376599296928,0.13901922869372738
Estonia,1916,0.09344625823544302,0.1042738087726518,0.08166488163614609,0.13901922869372738,-0.011781376599296928,0.13901922869372738
Estonia,1917,0.25912265238655285,0.21662307597616268,0.3077861033362291,0.16246571620181957,0.048663450949676224,0.16246571620181957
Estonia,1918,0.15974184916420128,0.12600572141244418,0.2,0.0814884934235076,0.04025815083579873,0.0814884934235076
Estonia,1919,0.3695277093693499,0.32050005182824454,0.4242640687119285,0.2786993514033775,0.05473635934257859,0.2786993514033775
Estonia,1920,0.4996482031171114,0.43745583740767874,0.5685766774493649,0.38576726440382864,0.06892847433225352,0.38576726440382864
Estonia,1921,0.56262593020777,0.5184671600660931,0.6093853943072869,0.48159541847193504,0.04675946409951692,0.48159541847193504
Estonia,1922,0.56262593020777,0.5184671600660931,0.6093853943072869,0.48159541847193504,0.04675946409951692,0.48159541847193504
Estonia,1923,0.56262593020777,0.5184671600660931,0.6093853943072869,0.48159541847193504,0.04675946409951692,0.48159541847193504
Estonia,1924,0.56262593020777,0.5184671600660931,0.6093853943072869,0.48159541847193504,0.04675946409951692,0.48159541847193504
Estonia,1925,0.56262593020777,0.5184671600660931,0.6093853943072869,0.48159541847193504,0.04675946409951692,0.48159541847193504
Estonia,1926,0.56262593020777,0.5184671600660931,0.6093853943072869,0.48159541847193504,0.04675946409951692,0.48159541847193504
Estonia,1927,0.56262593020777,0.5184671600660931,0.6093853943072869,0.48159541847193504,0.04675946409951692,0.48159541847193504
Estonia,1928,0.56262593020777,0.5184671600660931,0.6093853943072869,0.48159541847193504,0.04675946409951692,0.48159541847193504
Estonia,1929,0.56262593020777,0.5184671600660931,0.6093853943072869,0.48159541847193504,0.04675946409951692,0.48159541847193504
Estonia,1930,0.48979432046738003,0.4513518782460791,0.5305007982786393,0.4192531628315757,0.040706477811259245,0.4192531628315757
Estonia,1931,0.48979432046738003,0.4513518782460791,0.5305007982786393,0.4192531628315757,0.040706477811259245,0.4192531628315757
Estonia,1932,0.42639072158211994,0.39292463185188775,0.46182776877051296,0.36498107706670985,0.03543704718839302,0.36498107706670985
Estonia,1933,0.3459817830222664,0.31057254116278243,0.3844279984685873,0.28801422877486765,0.038446215446320875,0.28801422877486765
Estonia,1934,0.2724481268574396,0.24294652492722765,0.30463092423455634,0.22485175153287526,0.03218279737711677,0.22485175153287526
Estonia,1935,0.21213646529204802,0.1876118210095559,0.23904500529699843,0.17320814592681133,0.02690854000495041,0.17320814592681133
Estonia,1936,0.16285161864625736,0.14251615922227914,0.18532695652389955,0.13115764106174502,0.022475337877642193,0.13115764106174502
Estonia,1937,0.12274282934217884,0.10593068271046457,0.14150145920028828,0.09707884116153581,0.018758629858109444,0.09707884116153581
Estonia,1938,0.0933882036507749,0.08204949902635662,0.1059047555191437,0.07852474951317832,0.012516551868368808,0.07852474951317832
Estonia,1939,0.12625771813481226,0.11232536014514573,0.14150145920028828,0.10424277263120497,0.015243741065476019,0.10424277263120497
Estonia,1940,0.16681566664469374,0.14978457866318498,0.18532695652389955,0.13933925655293672,0.018511289879205806,0.13933925655293672
Estonia,1941,0.16681566664469374,0.14978457866318498,0.18532695652389955,0.13933925655293672,0.018511289879205806,0.13933925655293672
Estonia,1942,0.12625771813481226,0.11232536014514573,0.14150145920028828,0.10424277263120497,0.015243741065476019,0.10424277263120497
Estonia,1943,0.16681566664469374,0.14978457866318498,0.18532695652389955,0.13933925655293672,0.018511289879205806,0.13933925655293672
Estonia,1944,0.2775508675480134,0.2524045983186754,0.30463092423455634,0.23556580371793312,0.027080056686542953,0.23556580371793312
Estonia,1945,0.3439123990028903,0.3213845744698732,0.3675834735990512,0.30028922072058123,0.023671074596160913,0.30028922072058123
Estonia,1946,0.43288126340134,0.4052954928608428,0.46182776877051296,0.3790513147017946,0.02894650536917298,0.3790513147017946
Estonia,1947,0.43288126340134,0.4052954928608428,0.46182776877051296,0.3790513147017946,0.02894650536917298,0.3790513147017946
Estonia,1948,0.43288126340134,0.4052954928608428,0.46182776877051296,0.3790513147017946,0.02894650536917298,0.3790513147017946
Estonia,1949,0.43288126340134,0.4052954928608428,0.46182776877051296,0.3790513147017946,0.02894650536917298,0.3790513147017946
Estonia,1950,0.43288126340134,0.4052954928608428,0.46182776877051296,0.3790513147017946,0.02894650536917298,0.3790513147017946
Estonia,1951,0.43288126340134,0.4052954928608428,0.46182776877051296,0.3790513147017946,0.02894650536917298,0.3790513147017946
Estonia,1952,0.43288126340134,0.4052954928608428,0.46182776877051296,0.3790513147017946,0.02894650536917298,0.3790513147017946
Estonia,1953,0.43288126340134,0.4052954928608428,0.46182776877051296,0.3790513147017946,0.02894650536917298,0.3790513147017946
Estonia,1954,0.43288126340134,0.4052954928608428,0.46182776877051296,0.3790513147017946,0.02894650536917298,0.3790513147017946
Estonia,1955,0.43288126340134,0.4052954928608428,0.46182776877051296,0.3790513147017946,0.02894650536917298,0.3790513147017946
Estonia,1956,0.43288126340134,0.4052954928608428,0.46182776877051296,0.3790513147017946,0.02894650536917298,0.3790513147017946
Estonia,1957,0.43288126340134,0.4052954928608428,0.46182776877051296,0.3790513147017946,0.02894650536917298,0.3790513147017946
Estonia,1958,0.43288126340134,0.4052954928608428,0.46182776877051296,0.3790513147017946,0.02894650536917298,0.3790513147017946
Estonia,1959,0.43288126340134,0.4052954928608428,0.46182776877051296,0.3790513147017946,0.02894650536917298,0.3790513147017946
Estonia,1960,0.43288126340134,0.4052954928608428,0.46182776877051296,0.3790513147017946,0.02894650536917298,0.3790513147017946
Estonia,1961,0.43288126340134,0.4052954928608428,0.46182776877051296,0.3790513147017946,0.02894650536917298,0.3790513147017946
Estonia,1962,0.43288126340134,0.4052954928608428,0.46182776877051296,0.3790513147017946,0.02894650536917298,0.3790513147017946
Estonia,1963,0.43288126340134,0.4052954928608428,0.46182776877051296,0.3790513147017946,0.02894650536917298,0.3790513147017946
Estonia,1964,0.43288126340134,0.4052954928608428,0.46182776877051296,0.3790513147017946,0.02894650536917298,0.3790513147017946
Estonia,1965,0.43288126340134,0.4052954928608428,0.46182776877051296,0.3790513147017946,0.02894650536917298,0.3790513147017946
Estonia,1966,0.43288126340134,0.4052954928608428,0.46182776877051296,0.3790513147017946,0.02894650536917298,0.3790513147017946
Estonia,1967,0.43288126340134,0.4052954928608428,0.46182776877051296,0.3790513147017946,0.02894650536917298,0.3790513147017946
Estonia,1968,0.43288126340134,0.4052954928608428,0.46182776877051296,0.3790513147017946,0.02894650536917298,0.3790513147017946
Estonia,1969,0.43288126340134,0.4052954928608428,0.46182776877051296,0.3790513147017946,0.02894650536917298,0.3790513147017946
Estonia,1970,0.43288126340134,0.4052954928608428,0.46182776877051296,0.3790513147017946,0.02894650536917298,0.3790513147017946
Estonia,1971,0.43288126340134,0.4052954928608428,0.46182776877051296,0.3790513147017946,0.02894650536917298,0.3790513147017946
Estonia,1972,0.43288126340134,0.4052954928608428,0.46182776877051296,0.3790513147017946,0.02894650536917298,0.3790513147017946
Estonia,1973,0.43288126340134,0.4052954928608428,0.46182776877051296,0.3790513147017946,0.02894650536917298,0.3790513147017946
Estonia,1974,0.43288126340134,0.4052954928608428,0.46182776877051296,0.3790513147017946,0.02894650536917298,0.3790513147017946
Estonia,1975,0.43288126340134,0.4052954928608428,0.46182776877051296,0.3790513147017946,0.02894650536917298,0.3790513147017946
Estonia,1976,0.43288126340134,0.4052954928608428,0.46182776877051296,0.3790513147017946,0.02894650536917298,0.3790513147017946
Estonia,1977,0.43288126340134,0.4052954928608428,0.46182776877051296,0.3790513147017946,0.02894650536917298,0.3790513147017946
Estonia,1978,0.43288126340134,0.4052954928608428,0.46182776877051296,0.3790513147017946,0.02894650536917298,0.3790513147017946
Estonia,1979,0.43288126340134,0.4052954928608428,0.46182776877051296,0.3790513147017946,0.02894650536917298,0.3790513147017946
Estonia,1980,0.43288126340134,0.4052954928608428,0.46182776877051296,0.3790513147017946,0.02894650536917298,0.3790513147017946
Estonia,1981,0.43288126340134,0.4052954928608428,0.46182776877051296,0.3790513147017946,0.02894650536917298,0.3790513147017946
Estonia,1982,0.43288126340134,0.4052954928608428,0.46182776877051296,0.3790513147017946,0.02894650536917298,0.3790513147017946
Estonia,1983,0.3950516069977039,0.3691739320149654,0.42224253144732615,0.34494173386507326,0.027190924449622234,0.34494173386507326
Estonia,1984,0.3572194436219269,0.333049864196947,0.38265729412413935,0.3108309415133876,0.025437850502212422,0.3108309415133876
Estonia,1985,0.31938386952240744,0.2969223856551861,0.3430720568009525,0.2767185009013222,0.023688187278545048,0.2767185009013222
Estonia,1986,0.2815434869660794,0.2607900986566166,0.3034868194777656,0.2426037365628444,0.02194333251168623,0.2426037365628444
Estonia,1987,0.24369601304199565,0.22465072029029146,0.2639015821545789,0.20848554526240995,0.020205569112583227,0.20848554526240995
Estonia,1988,0.5545517196631558,0.5189033590771434,0.5919743830413644,0.48515873843952667,0.037422663378208654,0.48515873843952667
Estonia,1989,0.6324388318177032,0.6208314909737549,0.6442074168391319,0.5945124564984764,0.011768585021428635,0.5945124564984764
Estonia,1990,0.6846842732632291,0.6730769324192806,0.6964404506368993,0.6450025413861632,0.011756177373670185,0.6450025413861632
Estonia,1991,0.6964404506368993,0.6964404506368993,0.6964404506368993,0.6731211838609439,0.0,0.6731211838609439
Estonia,1992,0.6964404506368993,0.6964404506368993,0.6964404506368993,0.6731211838609439,0.0,0.6731211838609439
Estonia,1993,0.6964404506368993,0.6964404506368993,0.6964404506368993,0.6731211838609439,0.0,0.6731211838609439
Estonia,1994,0.6964404506368993,0.6964404506368993,0.6964404506368993,0.6731211838609439,0.0,0.6731211838609439
Estonia,1995,0.6964404506368993,0.6964404506368993,0.6964404506368993,0.6731211838609439,0.0,0.6731211838609439
Estonia,1996,0.6964404506368993,0.6964404506368993,0.6964404506368993,0.6731211838609439,0.0,0.6731211838609439
Estonia,1997,0.6964404506368993,0.6964404506368993,0.6964404506368993,0.6731211838609439,0.0,0.6731211838609439
Estonia,1998,0.6964404506368993,0.6964404506368993,0.6964404506368993,0.6731211838609439,0.0,0.6731211838609439
Estonia,1999,0.6964404506368993,0.6964404506368993,0.6964404506368993,0.6731211838609439,0.0,0.6731211838609439
Estonia,2000,0.6964404506368993,0.6964404506368993,0.6964404506368993,0.6731211838609439,0.0,0.6731211838609439
Estonia,2001,0.6964404506368993,0.6964404506368993,0.6964404506368993,0.6731211838609439,0.0,0.6731211838609439
Estonia,2002,0.6964404506368993,0.6964404506368993,0.6964404506368993,0.6731211838609439,0.0,0.6731211838609439
Estonia,2003,0.6964404506368993,0.6964404506368993,0.6964404506368993,0.6731211838609439,0.0,0.6731211838609439
Estonia,2004,0.6964404506368993,0.6964404506368993,0.6964404506368993,0.6731211838609439,0.0,0.6731211838609439
Estonia,2005,0.6062866266041592,0.6062866266041592,0.6062866266041592,0.5859860257766986,0.0,0.5859860257766986
Estonia,2006,0.5482964257652466,0.5357777219216459,0.5608151296088473,0.5115786543806871,0.012518703843600654,0.5115786543806871
Estonia,2007,0.6298272023272927,0.6154469878154535,0.6442074168391319,0.587649558738692,0.014380214511839129,0.587649558738692
Estonia,2008,0.6964404506368993,0.6964404506368993,0.6964404506368993,0.6731211838609439,0.0,0.6731211838609439
Estonia,2009,0.6964404506368993,0.6964404506368993,0.6964404506368993,0.6731211838609439,0.0,0.6731211838609439
Estonia,2010,0.6964404506368993,0.6964404506368993,0.6964404506368993,0.6731211838609439,0.0,0.6731211838609439
Estonia,2011,0.6964404506368993,0.6964404506368993,0.6964404506368993,0.6731211838609439,0.0,0.6731211838609439
Estonia,2012,0.6964404506368993,0.6964404506368993,0.6964404506368993,0.6731211838609439,0.0,0.6731211838609439
Estonia,2013,0.6964404506368993,0.6964404506368993,0.6964404506368993,0.6731211838609439,0.0,0.6731211838609439
Estonia,2014,0.6964404506368993,0.6964404506368993,0.6964404506368993,0.6731211838609439,0.0,0.6731211838609439
Estonia,2015,0.6964404506368993,0.6964404506368993,0.6964404506368993,0.6731211838609439,0.0,0.6731211838609439
Estonia,2016,0.6964404506368993,0.6964404506368993,0.6964404506368993,0.6731211838609439,0.0,0.6731211838609439
Estonia,2017,0.5667725343431805,0.5501418813789232,0.5831078057093065,0.5288174732391155,0.016335271366126003,0.5288174732391155
Estonia,2018,0.6510506778575119,0.631947074154943,0.6698149772042111,0.6074517616034606,0.01876429934669921,0.6074517616034606
Estonia,2019,0.5667725343431805,0.5501418813789232,0.5831078057093065,0.5288174732391155,0.016335271366126003,0.5288174732391155
Estonia,2020,0.6510506778575119,0.631947074154943,0.6698149772042111,0.6074517616034606,0.01876429934669921,0.6074517616034606
Estonia,2021,0.6964404506368993,0.6964404506368993,0.6964404506368993,0.6731211838609439,0.0,0.6731211838609439
Estonia,2022,0.6964404506368993,0.6964404506368993,0.6964404506368993,0.6731211838609439,0.0,0.6731211838609439
Finland,1900,0.3762274953420068,0.35056585645566063,0.4018793210810717,0.30951775243742646,0.025651825739064937,0.30951775243742646
Finland,1901,0.3762274953420068,0.35056585645566063,0.4018793210810717,0.29337993555793834,0.025651825739064937,0.29337993555793834
Finland,1902,0.3762274953420068,0.35056585645566063,0.4018793210810717,0.273107424967989,0.025651825739064937,0.273107424967989
Finland,1903,0.3296312118380854,0.32030410704387774,0.3346640106136302,0.2733816092418065,0.0050327987755448,0.2733816092418065
Finland,1904,0.3762274953420068,0.35056585645566063,0.4018793210810717,0.29337993555793834,0.025651825739064937,0.29337993555793834
Finland,1905,0.4693528213708385,0.45778511258856885,0.47998845622533526,0.40261785758039537,0.010635634854496756,0.40261785758039537
Finland,1906,0.3683363225132687,0.35056585645566063,0.3856895603618486,0.30951775243742646,0.017353237848579894,0.30951775243742646
Finland,1907,0.3683363225132687,0.35056585645566063,0.3856895603618486,0.30951775243742646,0.017353237848579894,0.30951775243742646
Finland,1908,0.35574707107396325,0.35056585645566063,0.35986108430893166,0.30951775243742646,0.0041140132349684055,0.30951775243742646
Finland,1909,0.3762274953420068,0.35056585645566063,0.4018793210810717,0.31914366180700643,0.025651825739064937,0.31914366180700643
Finland,1910,0.30963713869287307,0.30518530380986364,0.3108554527845213,0.288790274490441,0.0012183140916482427,0.288790274490441
Finland,1911,0.30963713869287307,0.30518530380986364,0.3108554527845213,0.288790274490441,0.0012183140916482427,0.288790274490441
Finland,1912,0.30017002671375703,0.30518530380986364,0.29003839304707074,0.288790274490441,-0.01013163366668629,0.288790274490441
Finland,1913,0.36825266680497504,0.33656860623955237,0.4010209093047205,0.34488189674446107,0.03276824249974547,0.34488189674446107
Finland,1914,0.11532006762028146,0.11461825619298666,0.11443409127950552,0.11532006762028146,-0.0008859763407759458,0.11532006762028146
Finland,1915,0.2221914840836385,0.20948765603232974,0.23481380078661834,0.20963829533251785,0.012622316702979836,0.20963829533251785
Finland,1916,0.3683363225132687,0.35056585645566063,0.3856895603618486,0.32691898324431223,0.017353237848579894,0.32691898324431223
Finland,1917,0.3683363225132687,0.35056585645566063,0.3856895603618486,0.32691898324431223,0.017353237848579894,0.32691898324431223
Finland,1918,0.39452945998408623,0.3866158043310186,0.4018793210810717,0.34282228575739127,0.007349861096985488,0.34282228575739127
Finland,1919,0.4220978462972264,0.397540473105511,0.4478450652150584,0.39490602833172134,0.025747218917831993,0.39490602833172134
Finland,1920,0.4321365331770961,0.41668544568879495,0.4478450652150584,0.4042980164694754,0.015708532037962297,0.4042980164694754
Finland,1921,0.44744564802653564,0.41668544568879495,0.47998845622533526,0.4098353272984057,0.03254280819879962,0.4098353272984057
Finland,1922,0.44744564802653564,0.41668544568879495,0.47998845622533526,0.4098353272984057,0.03254280819879962,0.4098353272984057
Finland,1923,0.44744564802653564,0.41668544568879495,0.47998845622533526,0.4098353272984057,0.03254280819879962,0.4098353272984057
Finland,1924,0.44744564802653564,0.41668544568879495,0.47998845622533526,0.4098353272984057,0.03254280819879962,0.4098353272984057
Finland,1925,0.4229384101050833,0.3985250876325582,0.4478450652150584,0.38095140534022615,0.024906655109975084,0.38095140534022615
Finland,1926,0.3437853494858678,0.3273523635142171,0.35986108430893166,0.3178246106659827,0.016075734823063847,0.3178246106659827
Finland,1927,0.30569136225624993,0.2770308044660534,0.3357622640304418,0.2751545216755504,0.03007090177419186,0.2751545216755504
Finland,1928,0.44744564802653564,0.41668544568879495,0.47998845622533526,0.4098353272984057,0.03254280819879962,0.4098353272984057
Finland,1929,0.44744564802653564,0.41668544568879495,0.47998845622533526,0.4098353272984057,0.03254280819879962,0.4098353272984057
Finland,1930,0.44744564802653564,0.41668544568879495,0.47998845622533526,0.4098353272984057,0.03254280819879962,0.4098353272984057
Finland,1931,0.44744564802653564,0.41668544568879495,0.47998845622533526,0.4098353272984057,0.03254280819879962,0.4098353272984057
Finland,1932,0.44744564802653564,0.41668544568879495,0.47998845622533526,0.4098353272984057,0.03254280819879962,0.4098353272984057
Finland,1933,0.44744564802653564,0.41668544568879495,0.47998845622533526,0.4098353272984057,0.03254280819879962,0.4098353272984057
Finland,1934,0.44744564802653564,0.41668544568879495,0.47998845622533526,0.4098353272984057,0.03254280819879962,0.4098353272984057
Finland,1935,0.3558018099688851,0.3373966621891575,0.3741657386773941,0.34428587716319475,0.018363928708509003,0.34428587716319475
Finland,1936,0.22812467683377413,0.20366405658127587,0.2529822128134704,0.20841219444997347,0.024857535979696255,0.20841219444997347
Finland,1937,0.30974346609019343,0.29372085432300316,0.3257301945717158,0.2997182642993194,0.015986728481522383,0.2997182642993194
Finland,1938,0.2858154301453015,0.2674388877562564,0.3039170178751143,0.28581543014530153,0.01810158772981285,0.28581543014530153
Finland,1939,0.2858154301453015,0.2674388877562564,0.3039170178751143,0.28581543014530153,0.01810158772981285,0.28581543014530153
Finland,1940,0.2029602708011553,0.1854266625562182,0.22023380786866656,0.1987306683600211,0.017273537067511252,0.1987306683600211
Finland,1941,0.15661684015858887,0.14278864617765008,0.16937751154167707,0.15300893717870293,0.012760671383088201,0.15300893717870293
Finland,1942,0.2331401291990399,0.21299930225091815,0.2529822128134704,0.22828159183261754,0.01984208361443049,0.22828159183261754
Finland,1943,0.2815288204299522,0.2592803820878184,0.3039170178751143,0.27577994852961046,0.022388197445162128,0.27577994852961046
Finland,1944,0.33126532142912457,0.31262535426636656,0.34910897848874833,0.33126532142912457,0.017843657059623763,0.33126532142912457
Finland,1945,0.3795300357114886,0.36910281349219104,0.3898717737923586,0.35994368553340744,0.010341738080870022,0.35994368553340744
Finland,1946,0.43596552769375285,0.42398779468325726,0.4478450652150584,0.41346671946379515,0.01187953752130555,0.41346671946379515
Finland,1947,0.441533787813385,0.434607130518975,0.4478450652150584,0.4187476192105353,0.006311277401673421,0.4187476192105353
Finland,1948,0.5556510194041538,0.5316861503863383,0.5804335172916878,0.5281559088998369,0.02478249788753395,0.5281559088998369
Finland,1949,0.43596552769375285,0.42398779468325726,0.4478450652150584,0.44155574832160993,0.01187953752130555,0.44155574832160993
Finland,1950,0.43596552769375285,0.42398779468325726,0.4478450652150584,0.44155574832160993,0.01187953752130555,0.44155574832160993
Finland,1951,0.5556510194041538,0.5316861503863383,0.5804335172916878,0.5281559088998369,0.02478249788753395,0.5281559088998369
Finland,1952,0.5556510194041538,0.5316861503863383,0.5804335172916878,0.5281559088998369,0.02478249788753395,0.5281559088998369
Finland,1953,0.49278688767865625,0.4628596777155745,0.5223303379776746,0.4927868876786563,0.029543450299018337,0.4927868876786563
Finland,1954,0.33126532142912457,0.31262535426636656,0.34910897848874833,0.33126532142912457,0.017843657059623763,0.33126532142912457
Finland,1955,0.47523038594746553,0.4628596777155745,0.4873514378137413,0.45978642400092934,0.012121051866275767,0.45978642400092934
Finland,1956,0.5556510194041538,0.5316861503863383,0.5804335172916878,0.5281559088998369,0.02478249788753395,0.5281559088998369
Finland,1957,0.46493022956241536,0.4424976732348798,0.4873514378137413,0.4282144761821793,0.02242120825132593,0.4282144761821793
Finland,1958,0.5556510194041538,0.5316861503863383,0.5804335172916878,0.5116034803291191,0.02478249788753395,0.5116034803291191
Finland,1959,0.5624450453811648,0.5447171960861515,0.5804335172916878,0.5346137481544561,0.017988471910522996,0.5346137481544561
Finland,1960,0.5624450453811648,0.5447171960861515,0.5804335172916878,0.5346137481544561,0.017988471910522996,0.5346137481544561
Finland,1961,0.5624450453811648,0.5447171960861515,0.5804335172916878,0.5346137481544561,0.017988471910522996,0.5346137481544561
Finland,1962,0.5624450453811648,0.5447171960861515,0.5804335172916878,0.5346137481544561,0.017988471910522996,0.5346137481544561
Finland,1963,0.5624450453811648,0.5447171960861515,0.5804335172916878,0.5346137481544561,0.017988471910522996,0.5346137481544561
Finland,1964,0.5624450453811648,0.5447171960861515,0.5804335172916878,0.5346137481544561,0.017988471910522996,0.5346137481544561
Finland,1965,0.5624450453811648,0.5447171960861515,0.5804335172916878,0.5346137481544561,0.017988471910522996,0.5346137481544561
Finland,1966,0.5624450453811648,0.5447171960861515,0.5804335172916878,0.5346137481544561,0.017988471910522996,0.5346137481544561
Finland,1967,0.5624450453811648,0.5447171960861515,0.5804335172916878,0.5346137481544561,0.017988471910522996,0.5346137481544561
Finland,1968,0.5624450453811648,0.5447171960861515,0.5804335172916878,0.5346137481544561,0.017988471910522996,0.5346137481544561
Finland,1969,0.4289959026535981,0.40294275316235595,0.45471496995311944,0.4289959026535981,0.025719067299521337,0.4289959026535981
Finland,1970,0.4289959026535981,0.40294275316235595,0.45471496995311944,0.4289959026535981,0.025719067299521337,0.4289959026535981
Finland,1971,0.5074080187156665,0.4742038618898845,0.5415636210268947,0.48317946723769345,0.03415560231122816,0.48317946723769345
Finland,1972,0.5074080187156665,0.4742038618898845,0.5415636210268947,0.48317946723769345,0.03415560231122816,0.48317946723769345
Finland,1973,0.48317946723769345,0.4742038618898845,0.4873514378137413,0.48317946723769345,0.004171970576047845,0.48317946723769345
Finland,1974,0.48317946723769345,0.4742038618898845,0.4873514378137413,0.48317946723769345,0.004171970576047845,0.48317946723769345
Finland,1975,0.4289959026535981,0.40294275316235595,0.45471496995311944,0.4289959026535981,0.025719067299521337,0.4289959026535981
Finland,1976,0.4289959026535981,0.40294275316235595,0.45471496995311944,0.4289959026535981,0.025719067299521337,0.4289959026535981
Finland,1977,0.4289959026535981,0.40294275316235595,0.45471496995311944,0.4289959026535981,0.025719067299521337,0.4289959026535981
Finland,1978,0.4289959026535981,0.40294275316235595,0.45471496995311944,0.4289959026535981,0.025719067299521337,0.4289959026535981
Finland,1979,0.5074080187156665,0.4742038618898845,0.5415636210268947,0.4988122647572575,0.03415560231122816,0.4988122647572575
Finland,1980,0.5624450453811648,0.5447171960861515,0.5804335172916878,0.5346137481544561,0.017988471910522996,0.5346137481544561
Finland,1981,0.5624450453811648,0.5447171960861515,0.5804335172916878,0.5346137481544561,0.017988471910522996,0.5346137481544561
Finland,1982,0.5624450453811648,0.5447171960861515,0.5804335172916878,0.5346137481544561,0.017988471910522996,0.5346137481544561
Finland,1983,0.5624450453811648,0.5447171960861515,0.5804335172916878,0.5346137481544561,0.017988471910522996,0.5346137481544561
Finland,1984,0.5624450453811648,0.5447171960861515,0.5804335172916878,0.5346137481544561,0.017988471910522996,0.5346137481544561
Finland,1985,0.5624450453811648,0.5447171960861515,0.5804335172916878,0.5346137481544561,0.017988471910522996,0.5346137481544561
Finland,1986,0.37792691321536015,0.33322687148729374,0.42426406871192857,0.3714138468235419,0.046337155496568416,0.3714138468235419
Finland,1987,0.18025012723239034,0.15131292304466046,0.21055988649780671,0.1858361288371928,0.030309759265416375,0.1858361288371928
Finland,1988,0.15337714258723903,0.13252887293543392,0.1755386948020164,0.15337714258723903,0.022161552214777364,0.15337714258723903
Finland,1989,0.15337714258723903,0.13252887293543392,0.1755386948020164,0.15337714258723903,0.022161552214777364,0.15337714258723903
Finland,1990,0.23195484799845664,0.19911160576793596,0.2672077843177478,0.22879422300508614,0.035252936319291134,0.22879422300508614
Finland,1991,0.3297441935693278,0.2936948178036198,0.3678091319369568,0.32974419356932777,0.038064938367628975,0.32974419356932777
Finland,1992,0.4533382292467127,0.42050705353608503,0.4873514378137413,0.4307583056077627,0.03401320856702861,0.4307583056077627
Finland,1993,0.5504018499866515,0.5209045496371473,0.5804335172916878,0.5231664825371477,0.030031667305036258,0.5231664825371477
Finland,1994,0.5624450453811648,0.5447171960861515,0.5804335172916878,0.5346137481544561,0.017988471910522996,0.5346137481544561
Finland,1995,0.5624450453811648,0.5447171960861515,0.5804335172916878,0.5346137481544561,0.017988471910522996,0.5346137481544561
Finland,1996,0.5624450453811648,0.5447171960861515,0.5804335172916878,0.5346137481544561,0.017988471910522996,0.5346137481544561
Finland,1997,0.5624450453811648,0.5447171960861515,0.5804335172916878,0.5346137481544561,0.017988471910522996,0.5346137481544561
Finland,1998,0.5624450453811648,0.5447171960861515,0.5804335172916878,0.5346137481544561,0.017988471910522996,0.5346137481544561
Finland,1999,0.5624450453811648,0.5447171960861515,0.5804335172916878,0.5346137481544561,0.017988471910522996,0.5346137481544561
Finland,2000,0.5624450453811648,0.5447171960861515,0.5804335172916878,0.5346137481544561,0.017988471910522996,0.5346137481544561
Finland,2001,0.5624450453811648,0.5447171960861515,0.5804335172916878,0.5346137481544561,0.017988471910522996,0.5346137481544561
Finland,2002,0.5624450453811648,0.5447171960861515,0.5804335172916878,0.5346137481544561,0.017988471910522996,0.5346137481544561
Finland,2003,0.5624450453811648,0.5447171960861515,0.5804335172916878,0.5346137481544561,0.017988471910522996,0.5346137481544561
Finland,2004,0.32900448718439723,0.2900908406786688,0.3693433240034749,0.3233345335682148,0.040338836819077684,0.3233345335682148
Finland,2005,0.18761077684399918,0.16402562056826994,0.21055988649780671,0.19342488702866314,0.02294910965380753,0.19342488702866314
Finland,2006,0.24079246371496296,0.21524445896464772,0.2672077843177478,0.23751141705609843,0.026415320602784814,0.23751141705609843
Finland,2007,0.20705302463985306,0.17381290579119443,0.241869795248393,0.21346965549430041,0.03481677060853994,0.21346965549430041
Finland,2008,0.19334386205665025,0.16266387023869258,0.22470410025447957,0.2037017786693119,0.03136023819782932,0.2037017786693119
Finland,2009,0.18677567844124685,0.15861925308057886,0.21611348343136078,0.19700634532957584,0.02933780499011393,0.19700634532957584
Finland,2010,0.2210476276391703,0.19965859895959961,0.2433105012119288,0.22104762763917032,0.022262873572758496,0.22104762763917032
Finland,2011,0.2895247652705906,0.2673183471717078,0.31247973597850176,0.2993528115764346,0.022954970707911138,0.2993528115764346
Finland,2012,0.3374139303930334,0.3162194159088516,0.3589449586884128,0.3374139303930334,0.021531028295379395,0.3374139303930334
Finland,2013,0.39138857955913137,0.38277715911826277,0.4,0.38390703090886324,0.008611420440868656,0.38390703090886324
Finland,2014,0.5169111081852421,0.5209045496371473,0.5105910784960784,0.4896757407357384,-0.006320029689163675,0.4896757407357384
Finland,2015,0.5169111081852421,0.5209045496371473,0.5105910784960784,0.4896757407357384,-0.006320029689163675,0.4896757407357384
Finland,2016,0.24535033062602374,0.22645082892802462,0.2645751311064591,0.24857183919596135,0.019224800480435345,0.24857183919596135
Finland,2017,0.3966239245974528,0.3932478491949058,0.4,0.3966239245974528,0.003376075402547196,0.3966239245974528
Finland,2018,0.3830363261629161,0.36607265232583225,0.4,0.3830363261629161,0.016963673837083915,0.3830363261629161
Finland,2019,0.292634709402535,0.2601236946773369,0.3257301945717158,0.32258237189674177,0.033095485169180816,0.32258237189674177
Finland,2020,0.2820770759969296,0.2411693228783012,0.3257301945717158,0.3109442909850488,0.04365311857478621,0.3109442909850488
Finland,2021,0.26611978760693794,0.2411693228783012,0.29229802808528305,0.3109442909850488,0.026178240478345105,0.3109442909850488
France,1900,0.37857173370352415,0.3175378513846315,0.4484386023988174,0.34678991170231965,0.06986686869529324,0.34678991170231965
France,1901,0.3578570096214944,0.3175378513846315,0.4000745798266844,0.34678991170231965,0.04221757020518996,0.34678991170231965
France,1902,0.3578570096214944,0.3175378513846315,0.4000745798266844,0.34678991170231965,0.04221757020518996,0.34678991170231965
France,1903,0.3578570096214944,0.3175378513846315,0.4000745798266844,0.34678991170231965,0.04221757020518996,0.34678991170231965
France,1904,0.35241576348972137,0.3175378513846315,0.38737054622741957,0.34678991170231965,0.0349547827376982,0.34678991170231965
France,1905,0.32352626353380537,0.3175378513846315,0.3199203391943623,0.30722958583871746,-0.0036059243394430673,0.30722958583871746
France,1906,0.37857173370352415,0.3175378513846315,0.4484386023988174,0.34678991170231965,0.06986686869529324,0.34678991170231965
France,1907,0.37857173370352415,0.3175378513846315,0.4484386023988174,0.34678991170231965,0.06986686869529324,0.34678991170231965
France,1908,0.37857173370352415,0.3175378513846315,0.4484386023988174,0.34678991170231965,0.06986686869529324,0.34678991170231965
France,1909,0.37857173370352415,0.3175378513846315,0.4484386023988174,0.34678991170231965,0.06986686869529324,0.34678991170231965
France,1910,0.37857173370352415,0.3175378513846315,0.4484386023988174,0.34678991170231965,0.06986686869529324,0.34678991170231965
France,1911,0.37857173370352415,0.3175378513846315,0.4484386023988174,0.3360558862513047,0.06986686869529324,0.3360558862513047
France,1912,0.36916573852201173,0.3025577401532597,0.4484386023988174,0.3277062400273895,0.07927286387680565,0.3277062400273895
France,1913,0.36916573852201173,0.3025577401532597,0.4484386023988174,0.3277062400273895,0.07927286387680565,0.3277062400273895
France,1914,0.22717421191123074,0.22943225146908142,0.22244447993596855,0.2433864478901866,-0.004729731975262191,0.2433864478901866
France,1915,0.21461451579313776,0.21093507986180873,0.21490178425748652,0.22866334514567924,0.0002872684643487611,0.22866334514567924
France,1916,0.18585479086842738,0.1778605642155678,0.18946457081379978,0.20472810101644215,0.003609779945372399,0.20472810101644215
France,1917,0.15180816678540562,0.17072347875235325,0.13195079107728944,0.18042610972868642,-0.019857375708116187,0.18042610972868642
France,1918,0.19202625545165478,0.19304343200223065,0.18946457081379978,0.22363578800432546,-0.0025616846378549996,0.22363578800432546
France,1919,0.2593918754224916,0.2599764044565654,0.2555216081806181,0.28145444827607585,-0.003870267241873504,0.28145444827607585
France,1920,0.2593918754224916,0.2599764044565654,0.2555216081806181,0.27677379235370253,-0.003870267241873504,0.27677379235370253
France,1921,0.27356344256560894,0.27161356137641435,0.27386127875258304,0.29130915321555156,0.00029783618697409864,0.29130915321555156
France,1922,0.28382790693527105,0.27161356137641435,0.29351725098327286,0.29130915321555156,0.009689344048001813,0.29130915321555156
France,1923,0.2675432466602656,0.27161356137641435,0.2569046515733026,0.3037696533981909,-0.010638595086962965,0.3037696533981909
France,1924,0.2783701468319852,0.2617770201498523,0.29351725098327286,0.2857075353503132,0.015147104151287671,0.2857075353503132
France,1925,0.2905321078292339,0.2849700046789519,0.29351725098327286,0.2981900660422548,0.0029851431540389717,0.2981900660422548
France,1926,0.37642030148583255,0.34036336925722965,0.41517347161473667,0.3641166932024962,0.03875317012890411,0.3641166932024962
France,1927,0.3824457119153745,0.34036336925722965,0.4287893176935981,0.3583040515402971,0.04634360577822361,0.3583040515402971
France,1928,0.3979966472672398,0.3518579523658851,0.4484386023988174,0.36458406657406645,0.050441955131577565,0.36458406657406645
France,1929,0.3424312804227388,0.3105480028218854,0.37222080897117216,0.3317522713268893,0.029789528548433364,0.3317522713268893
France,1930,0.25760764303932554,0.2386838987207219,0.27386127875258304,0.2754186228317465,0.016253635713257497,0.2754186228317465
France,1931,0.24395360488228088,0.21310734915872445,0.27386127875258304,0.2564095420139591,0.02990767387030216,0.2564095420139591
France,1932,0.19948298652091626,0.19122467570235144,0.20229767002064247,0.22056769428623993,0.002814683499726217,0.22056769428623993
France,1933,0.19948298652091626,0.19122467570235144,0.20229767002064247,0.22056769428623993,0.002814683499726217,0.22056769428623993
France,1934,0.19517806124870848,0.19122467570235144,0.1946610237380867,0.19350816189097178,-0.0005170375106217928,0.19350816189097178
France,1935,0.21027315346872158,0.20918729726464158,0.20863251943262873,0.21925617271014408,-0.0016406340360928529,0.21925617271014408
France,1936,0.20059918127896428,0.19369466632944962,0.19896039134256552,0.22632076883471872,-0.0016387899363987657,0.22632076883471872
France,1937,0.19120678090667356,0.19937104553719642,0.1816251573139645,0.21998079823817854,-0.00958162359270906,0.21998079823817854
France,1938,0.18349830400887993,0.22191413041467042,0.15157165665103983,0.2362305514270132,-0.03192664735784009,0.2362305514270132
France,1939,0.15867261922849427,0.17687974865482314,0.14142135623730953,0.19369751595767284,-0.017251262991184735,0.19369751595767284
France,1940,0.10684447149449512,0.13083164028904223,0.08615237662477761,0.1159588597428568,-0.020692094869717514,0.1159588597428568
France,1941,0.10684447149449512,0.13083164028904223,0.08615237662477761,0.12463527849127054,-0.020692094869717514,0.12463527849127054
France,1942,0.09979761472052501,0.11506375287136228,0.08615237662477761,0.11165244334742543,-0.0136452380957474,0.11165244334742543
France,1943,0.11165244334742543,0.11506375287136228,0.1066202337683987,0.11165244334742543,-0.005032209579026725,0.11165244334742543
France,1944,0.14648101007199493,0.14491544271315313,0.14752546926684593,0.15206985450308028,0.001044459194850994,0.15206985450308028
France,1945,0.2249201799669559,0.2117130080777836,0.23841009048305803,0.2320101753046473,0.013489910516102127,0.2320101753046473
France,1946,0.2583654407336793,0.24319438411042396,0.27386127875258304,0.2478324041272136,0.015495838018903751,0.2478324041272136
France,1947,0.2331667731880355,0.23248896777009967,0.23325824788420185,0.24245288409559196,9.147469616635484e-05,0.24245288409559196
France,1948,0.26345567194662345,0.25271275269369514,0.27386127875258304,0.25974153770783937,0.010405606805959589,0.25974153770783937
France,1949,0.26345567194662345,0.25271275269369514,0.27386127875258304,0.25974153770783937,0.010405606805959589,0.25974153770783937
France,1950,0.2697222282574173,0.2647794676833442,0.27386127875258304,0.2659197496258889,0.004139050495165719,0.2659197496258889
France,1951,0.31167851134442065,0.2963035228322479,0.32692528316513614,0.2814376007799962,0.015246771820715488,0.2814376007799962
France,1952,0.3198862654144237,0.2963035228322479,0.34460950649911043,0.2814376007799962,0.02472324108468671,0.2814376007799962
France,1953,0.3275787546604979,0.3105480028218854,0.34460950649911043,0.28820549284512215,0.017030751838612523,0.28820549284512215
France,1954,0.2939528448951436,0.3105480028218854,0.27386127875258304,0.25426937721817505,-0.02009156614256058,0.25426937721817505
France,1955,0.30329512765800654,0.3105480028218854,0.29351725098327286,0.25426937721817505,-0.009777876674733676,0.25426937721817505
France,1956,0.2858935332541785,0.3105480028218854,0.2569046515733026,0.25426937721817505,-0.028988881680875878,0.25426937721817505
France,1957,0.2858935332541785,0.3105480028218854,0.2569046515733026,0.25426937721817505,-0.028988881680875878,0.25426937721817505
France,1958,0.2777165832110297,0.3105480028218854,0.2397005155971597,0.2422028498243061,-0.03801606761387,0.2422028498243061
France,1959,0.36321871821100943,0.36445472212963104,0.36142949957981635,0.37276538312965984,-0.0017892186311930791,0.37276538312965984
France,1960,0.3693744402777341,0.37656240927586443,0.36142949957981635,0.3790828992145805,-0.007944940697917735,0.3790828992145805
France,1961,0.3573011317842363,0.37656240927586443,0.3372256472226074,0.35960776754559465,-0.020075484561628887,0.35960776754559465
France,1962,0.39140509045009453,0.3938696125335244,0.38737054622741957,0.38745678598848343,-0.004034544222674963,0.38745678598848343
France,1963,0.42045481225018655,0.3938696125335244,0.4484386023988174,0.4003990936180788,0.027983790148630838,0.4003990936180788
France,1964,0.42045481225018655,0.3938696125335244,0.4484386023988174,0.4003990936180788,0.027983790148630838,0.4003990936180788
France,1965,0.42045481225018655,0.3938696125335244,0.4484386023988174,0.4003990936180788,0.027983790148630838,0.4003990936180788
France,1966,0.42045481225018655,0.3938696125335244,0.4484386023988174,0.4061694331412195,0.027983790148630838,0.4061694331412195
France,1967,0.4113677575936439,0.37656240927586443,0.4484386023988174,0.3973911203921791,0.037070844805173475,0.3973911203921791
France,1968,0.1376694013808375,0.1692248627841889,0.1119612663037646,0.16568056503243453,-0.025708135077072897,0.16568056503243453
France,1969,0.31237293678269723,0.3326166290162674,0.2872281323269014,0.33297878799387876,-0.02514480445579581,0.33297878799387876
France,1970,0.3829458711805273,0.37656240927586443,0.38737054622741957,0.39174549198924874,0.004424675046892257,0.39174549198924874
France,1971,0.41301845830950407,0.36983049138059015,0.458257569495584,0.400199585590848,0.04523911118607993,0.400199585590848
France,1972,0.41301845830950407,0.36983049138059015,0.458257569495584,0.400199585590848,0.04523911118607993,0.400199585590848
France,1973,0.3419322280907305,0.2996324826153136,0.3784642856799471,0.3419322280907306,0.03653205758921663,0.3419322280907306
France,1974,0.3419322280907305,0.2996324826153136,0.3784642856799471,0.3419322280907306,0.03653205758921663,0.3419322280907306
France,1975,0.31296249540283444,0.2868647276843503,0.318750857456906,0.334967826071934,0.005788362054071572,0.334967826071934
France,1976,0.31296249540283444,0.2868647276843503,0.318750857456906,0.334967826071934,0.005788362054071572,0.334967826071934
France,1977,0.39103432802369315,0.36983049138059015,0.4056279779095217,0.400199585590848,0.014593649885828563,0.400199585590848
France,1978,0.41301845830950407,0.36983049138059015,0.458257569495584,0.400199585590848,0.04523911118607993,0.400199585590848
France,1979,0.41301845830950407,0.36983049138059015,0.458257569495584,0.400199585590848,0.04523911118607993,0.400199585590848
France,1980,0.41301845830950407,0.36983049138059015,0.458257569495584,0.400199585590848,0.04523911118607993,0.400199585590848
France,1981,0.41301845830950407,0.36983049138059015,0.458257569495584,0.400199585590848,0.04523911118607993,0.400199585590848
France,1982,0.41301845830950407,0.36983049138059015,0.458257569495584,0.400199585590848,0.04523911118607993,0.400199585590848
France,1983,0.41301845830950407,0.36983049138059015,0.458257569495584,0.400199585590848,0.04523911118607993,0.400199585590848
France,1984,0.41301845830950407,0.36983049138059015,0.458257569495584,0.400199585590848,0.04523911118607993,0.400199585590848
France,1985,0.41301845830950407,0.36983049138059015,0.458257569495584,0.400199585590848,0.04523911118607993,0.400199585590848
France,1986,0.41301845830950407,0.36983049138059015,0.458257569495584,0.400199585590848,0.04523911118607993,0.400199585590848
France,1987,0.41301845830950407,0.36983049138059015,0.458257569495584,0.400199585590848,0.04523911118607993,0.400199585590848
France,1988,0.41301845830950407,0.36983049138059015,0.458257569495584,0.400199585590848,0.04523911118607993,0.400199585590848
France,1989,0.41301845830950407,0.36983049138059015,0.458257569495584,0.400199585590848,0.04523911118607993,0.400199585590848
France,1990,0.41301845830950407,0.36983049138059015,0.458257569495584,0.400199585590848,0.04523911118607993,0.400199585590848
France,1991,0.41301845830950407,0.36983049138059015,0.458257569495584,0.400199585590848,0.04523911118607993,0.400199585590848
France,1992,0.41301845830950407,0.36983049138059015,0.458257569495584,0.400199585590848,0.04523911118607993,0.400199585590848
France,1993,0.41301845830950407,0.36983049138059015,0.458257569495584,0.400199585590848,0.04523911118607993,0.400199585590848
France,1994,0.41301845830950407,0.36983049138059015,0.458257569495584,0.400199585590848,0.04523911118607993,0.400199585590848
France,1995,0.41301845830950407,0.36983049138059015,0.458257569495584,0.400199585590848,0.04523911118607993,0.400199585590848
France,1996,0.41301845830950407,0.36983049138059015,0.458257569495584,0.400199585590848,0.04523911118607993,0.400199585590848
France,1997,0.41301845830950407,0.36983049138059015,0.458257569495584,0.400199585590848,0.04523911118607993,0.400199585590848
France,1998,0.41301845830950407,0.36983049138059015,0.458257569495584,0.400199585590848,0.04523911118607993,0.400199585590848
France,1999,0.41301845830950407,0.36983049138059015,0.458257569495584,0.400199585590848,0.04523911118607993,0.400199585590848
France,2000,0.41301845830950407,0.36983049138059015,0.458257569495584,0.400199585590848,0.04523911118607993,0.400199585590848
France,2001,0.41301845830950407,0.36983049138059015,0.458257569495584,0.400199585590848,0.04523911118607993,0.400199585590848
France,2002,0.41301845830950407,0.36983049138059015,0.458257569495584,0.400199585590848,0.04523911118607993,0.400199585590848
France,2003,0.41301845830950407,0.36983049138059015,0.458257569495584,0.400199585590848,0.04523911118607993,0.400199585590848
France,2004,0.41301845830950407,0.36983049138059015,0.458257569495584,0.400199585590848,0.04523911118607993,0.400199585590848
France,2005,0.41301845830950407,0.36983049138059015,0.458257569495584,0.400199585590848,0.04523911118607993,0.400199585590848
France,2006,0.41301845830950407,0.36983049138059015,0.458257569495584,0.400199585590848,0.04523911118607993,0.400199585590848
France,2007,0.41301845830950407,0.36983049138059015,0.458257569495584,0.400199585590848,0.04523911118607993,0.400199585590848
France,2008,0.34819801027858305,0.3105480028218854,0.3784642856799471,0.3670087590994151,0.030266275401364062,0.3670087590994151
France,2009,0.34819801027858305,0.3105480028218854,0.3784642856799471,0.3670087590994151,0.030266275401364062,0.3670087590994151
France,2010,0.3419322280907305,0.2996324826153136,0.3784642856799471,0.36040447970186457,0.03653205758921663,0.36040447970186457
France,2011,0.3272107382195384,0.27376747856170924,0.3784642856799471,0.34488768876616066,0.05125354746040872,0.34488768876616066
France,2012,0.3272107382195384,0.27376747856170924,0.3784642856799471,0.34488768876616066,0.05125354746040872,0.34488768876616066
France,2013,0.3272107382195384,0.27376747856170924,0.3784642856799471,0.34488768876616066,0.05125354746040872,0.34488768876616066
France,2014,0.29005698084948944,0.2608452265225774,0.3150357723683833,0.3262194707131167,0.024978791518893873,0.3262194707131167
France,2015,0.29005698084948944,0.2608452265225774,0.3150357723683833,0.3262194707131167,0.024978791518893873,0.3262194707131167
France,2016,0.29005698084948944,0.2608452265225774,0.3150357723683833,0.3262194707131167,0.024978791518893873,0.3262194707131167
France,2017,0.29005698084948944,0.2608452265225774,0.3150357723683833,0.3262194707131167,0.024978791518893873,0.3262194707131167
France,2018,0.29005698084948944,0.2608452265225774,0.3150357723683833,0.3262194707131167,0.024978791518893873,0.3262194707131167
France,2019,0.29005698084948944,0.2608452265225774,0.3150357723683833,0.3262194707131167,0.024978791518893873,0.3262194707131167
France,2020,0.2267075148286373,0.1988504094940798,0.24756162799603484,0.2788499140793655,0.020854113167397548,0.2788499140793655
France,2021,0.2267075148286373,0.1988504094940798,0.24756162799603484,0.2788499140793655,0.020854113167397548,0.2788499140793655
France,2022,0.2267075148286373,0.1988504094940798,0.24756162799603484,0.2788499140793655,0.020854113167397548,0.2788499140793655
France,2023,0.2267075148286373,0.1988504094940798,0.24756162799603484,0.2788499140793655,0.020854113167397548,0.2788499140793655
France,2024,0.2267075148286373,0.1988504094940798,0.24756162799603484,0.2788499140793655,0.020854113167397548,0.2788499140793655
France,2025,0.2267075148286373,0.1988504094940798,0.24756162799603484,0.2788499140793655,0.020854113167397548,0.2788499140793655
Germany,1900,0.4922359821710573,0.45205041181291783,0.5291502622129182,0.4922359821710573,0.03691428004186087,0.4922359821710573
Germany,1901,0.4922359821710573,0.45205041181291783,0.5291502622129182,0.4922359821710573,0.03691428004186087,0.4922359821710573
Germany,1902,0.4922359821710573,0.45205041181291783,0.5291502622129182,0.4922359821710573,0.03691428004186087,0.4922359821710573
Germany,1903,0.4922359821710573,0.45205041181291783,0.5291502622129182,0.4922359821710573,0.03691428004186087,0.4922359821710573
Germany,1904,0.4922359821710573,0.45205041181291783,0.5291502622129182,0.4768738933511083,0.03691428004186087,0.4768738933511083
Germany,1905,0.4922359821710573,0.45205041181291783,0.5291502622129182,0.4768738933511083,0.03691428004186087,0.4768738933511083
Germany,1906,0.4922359821710573,0.45205041181291783,0.5291502622129182,0.4768738933511083,0.03691428004186087,0.4768738933511083
Germany,1907,0.4679316628744974,0.43358981808855684,0.493714652125005,0.4679316628744974,0.025782989250507593,0.4679316628744974
Germany,1908,0.4679316628744974,0.43358981808855684,0.493714652125005,0.4679316628744974,0.025782989250507593,0.4679316628744974
Germany,1909,0.4679316628744974,0.43358981808855684,0.493714652125005,0.4679316628744974,0.025782989250507593,0.4679316628744974
Germany,1910,0.4679316628744974,0.43358981808855684,0.493714652125005,0.4538671026280554,0.025782989250507593,0.4538671026280554
Germany,1911,0.4679316628744974,0.43358981808855684,0.493714652125005,0.4538671026280554,0.025782989250507593,0.4538671026280554
Germany,1912,0.4679316628744974,0.43358981808855684,0.493714652125005,0.4538671026280554,0.025782989250507593,0.4538671026280554
Germany,1913,0.4679316628744974,0.43358981808855684,0.493714652125005,0.4538671026280554,0.025782989250507593,0.4538671026280554
Germany,1914,0.29417214788569107,0.28133143292026647,0.3023372440604912,0.29864347110206196,0.008165096174800102,0.29864347110206196
Germany,1915,0.19052724254079725,0.19356067048679926,0.18165902124584954,0.2072525911245027,-0.008868221294947715,0.2072525911245027
Germany,1916,0.19052724254079725,0.19356067048679926,0.18165902124584954,0.2072525911245027,-0.008868221294947715,0.2072525911245027
Germany,1917,0.1492364406123866,0.14904089303515597,0.14304605428983486,0.15842127924934976,-0.006190386322551755,0.15842127924934976
Germany,1918,0.11008562488611844,0.1098122540861975,0.10433570943773937,0.1130588777680581,-0.005749915448379064,0.1130588777680581
Germany,1919,0.10981489276073912,0.09903371995052838,0.11080299720104247,0.12326320186911317,0.0009881044403033529,0.12326320186911317
Germany,1920,0.10981489276073912,0.09903371995052838,0.11080299720104247,0.12326320186911317,0.0009881044403033529,0.12326320186911317
Germany,1921,0.0967127823089579,0.08117794273470447,0.10114883501032124,0.10209929976604797,0.004436052701363338,0.10209929976604797
Germany,1922,0.08939551137062184,0.07729277814590879,0.0846271869836262,0.0975376424909658,-0.004768324386995634,0.0975376424909658
Germany,1923,0.08939551137062184,0.07729277814590879,0.0846271869836262,0.0975376424909658,-0.004768324386995634,0.0975376424909658
Germany,1924,0.20818885835541448,0.1818943949117914,0.23098316635886262,0.20818885835541448,0.022794308003448144,0.20818885835541448
Germany,1925,0.20818885835541448,0.1818943949117914,0.23098316635886262,0.20818885835541448,0.022794308003448144,0.20818885835541448
Germany,1926,0.2462668789034769,0.22624270205449204,0.2639015821545789,0.23238317698483435,0.017634703251101974,0.23238317698483435
Germany,1927,0.28741273145083834,0.2547772740587645,0.3160696125855822,0.28741273145083834,0.02865688113474385,0.28741273145083834
Germany,1928,0.3362622882386585,0.3127301464492961,0.3570791472554381,0.3186302675673025,0.0208168590167796,0.3186302675673025
Germany,1929,0.3362622882386585,0.3127301464492961,0.3570791472554381,0.3186302675673025,0.0208168590167796,0.3186302675673025
Germany,1930,0.17220927609440698,0.15053514621805097,0.1876166303929372,0.17718350995244317,0.015407354298530213,0.17718350995244317
Germany,1931,0.14387291058089763,0.11922591064640013,0.16160605464797326,0.1520507278568789,0.01773314406707563,0.1520507278568789
Germany,1932,0.12167659353773759,0.10527262289615551,0.13188194569654643,0.12509927486780884,0.010205352158808842,0.12509927486780884
Germany,1933,0.19379043820558664,0.1969557117151752,0.18946457081379978,0.18700536916358015,-0.004325867391786864,0.18700536916358015
Germany,1934,0.2285362944944318,0.24056527974753697,0.21490178425748652,0.21508069851866166,-0.013634510236945285,0.21508069851866166
Germany,1935,0.26153958878867617,0.28136677722122583,0.23841009048305803,0.24619062814517675,-0.02312949830561814,0.24619062814517675
Germany,1936,0.3075738563419601,0.3396340782814664,0.2679933235584988,0.28205866469439705,-0.0395805327834613,0.28205866469439705
Germany,1937,0.3075738563419601,0.3396340782814664,0.2679933235584988,0.28205866469439705,-0.0395805327834613,0.28205866469439705
Germany,1938,0.3075738563419601,0.3396340782814664,0.2679933235584988,0.2870782728243882,-0.0395805327834613,0.2870782728243882
Germany,1939,0.2652135217649188,0.2956686381624905,0.2333017387834516,0.25703531933930457,-0.03191178298146721,0.25703531933930457
Germany,1940,0.23665357273485013,0.24695737308248358,0.22244447993596855,0.22888153878113635,-0.014209092798881579,0.22888153878113635
Germany,1941,0.22015878258880328,0.23730086547912077,0.20051045465236025,0.21582101603938267,-0.019648327936443027,0.21582101603938267
Germany,1942,0.17652613897702507,0.20399979554853265,0.150447049308716,0.1835016035367771,-0.026079089668309074,0.1835016035367771
Germany,1943,0.14412092956019915,0.15455292388924652,0.1320255297844685,0.14429201550924786,-0.012095399775730653,0.14429201550924786
Germany,1944,0.10086243453757239,0.10556524318220194,0.0937418925333136,0.10655999999896555,-0.007120542004258795,0.10655999999896555
Germany,1945,0.04829629131445342,0.05000000000000001,0.04330127018922193,0.0483026285386102,-0.004995021125231487,0.0483026285386102
Germany,1946,0.06289291416275995,0.05000000000000001,0.07578582832551992,0.05670348656886818,0.012892914162759964,0.05670348656886818
Germany,1947,0.08440853165976005,0.07835746291513944,0.08705505632961243,0.08364186336182743,0.0026465246698523792,0.08364186336182743
Germany,1948,0.11957125750892261,0.10916952251757946,0.1284523257866513,0.1229316259662825,0.008881068277728693,0.1229316259662825
Germany,1949,0.22689246011138772,0.2117130080777836,0.24240908197195993,0.2188862329495451,0.015516621860572205,0.2188862329495451
Germany,1950,0.240670344955795,0.22527856922353848,0.2565416585765107,0.22594620171342641,0.01587131362071567,0.22594620171342641
Germany,1951,0.2971551352747785,0.27372128883434416,0.32153203876088793,0.27725554481595127,0.024376903486109436,0.27725554481595127
Germany,1952,0.33874792281345406,0.32195614259545513,0.35591116789754973,0.3275884459474068,0.01716324508409567,0.3275884459474068
Germany,1953,0.3564607996895175,0.3394561447448021,0.37328278205352255,0.3366349604002022,0.01682198236400506,0.3366349604002022
Germany,1954,0.36961631279385027,0.36515456006050884,0.37328278205352255,0.3609496581546097,0.003666469259672289,0.3609496581546097
Germany,1955,0.43199945372390963,0.41436166073760844,0.4484386023988174,0.41774736267391077,0.016439148674907755,0.41774736267391077
Germany,1956,0.43199945372390963,0.41436166073760844,0.4484386023988174,0.41774736267391077,0.016439148674907755,0.41774736267391077
Germany,1957,0.43199945372390963,0.41436166073760844,0.4484386023988174,0.41774736267391077,0.016439148674907755,0.41774736267391077
Germany,1958,0.5122396212552193,0.45275693262118916,0.5751739964907541,0.4606663256961663,0.0629343752355348,0.4606663256961663
Germany,1959,0.5501361195548653,0.5099340318157712,0.5909351063518723,0.5110944118258806,0.040798986797007,0.5110944118258806
Germany,1960,0.5501361195548653,0.5099340318157712,0.5909351063518723,0.5110944118258806,0.040798986797007,0.5110944118258806
Germany,1961,0.5501361195548653,0.5099340318157712,0.5909351063518723,0.5110944118258806,0.040798986797007,0.5110944118258806
Germany,1962,0.5501361195548653,0.5099340318157712,0.5909351063518723,0.5110944118258806,0.040798986797007,0.5110944118258806
Germany,1963,0.5501361195548653,0.5099340318157712,0.5909351063518723,0.5110944118258806,0.040798986797007,0.5110944118258806
Germany,1964,0.5501361195548653,0.5099340318157712,0.5909351063518723,0.5110944118258806,0.040798986797007,0.5110944118258806
Germany,1965,0.5501361195548653,0.5099340318157712,0.5909351063518723,0.5110944118258806,0.040798986797007,0.5110944118258806
Germany,1966,0.5501361195548653,0.5099340318157712,0.5909351063518723,0.5110944118258806,0.040798986797007,0.5110944118258806
Germany,1967,0.5501361195548653,0.5099340318157712,0.5909351063518723,0.5110944118258806,0.040798986797007,0.5110944118258806
Germany,1968,0.4841499784871362,0.47385142857271395,0.493714652125005,0.47458642454518113,0.009564673637868781,0.47458642454518113
Germany,1969,0.4841499784871362,0.47385142857271395,0.493714652125005,0.47458642454518113,0.009564673637868781,0.47458642454518113
Germany,1970,0.4371072121904554,0.41251162806264924,0.4606520588377476,0.4428047914361477,0.023544846647292228,0.4428047914361477
Germany,1971,0.41169924457611423,0.3922310400053017,0.4264809350735948,0.4177360425547845,0.01478169049748057,0.4177360425547845
Germany,1972,0.39008032551375454,0.3746795954910019,0.39792078268513104,0.40801122701141185,0.007840457171376491,0.40801122701141185
Germany,1973,0.35348105127002266,0.32617753291025564,0.37127321826337567,0.38068793571906107,0.01779216699335301,0.38068793571906107
Germany,1974,0.3270008156425501,0.3160246899469286,0.3331666249791536,0.36281030225347344,0.006165809336603489,0.36281030225347344
Germany,1975,0.3270008156425501,0.3160246899469286,0.3331666249791536,0.36281030225347344,0.006165809336603489,0.36281030225347344
Germany,1976,0.33731414829885303,0.3160246899469286,0.3570791472554381,0.36281030225347344,0.019764998956585067,0.36281030225347344
Germany,1977,0.3980311889541905,0.3799985559067111,0.4133718355731191,0.4111294280482895,0.015340646618928588,0.4111294280482895
Germany,1978,0.4111294280482894,0.3799985559067111,0.44304096352718514,0.4111294280482895,0.03191153547889575,0.4111294280482895
Germany,1979,0.4111294280482894,0.3799985559067111,0.44304096352718514,0.4111294280482895,0.03191153547889575,0.4111294280482895
Germany,1980,0.4111294280482894,0.3799985559067111,0.44304096352718514,0.4111294280482895,0.03191153547889575,0.4111294280482895
Germany,1981,0.40519099989272905,0.36862449957373755,0.44304096352718514,0.40519099989272905,0.037849963634456085,0.40519099989272905
Germany,1982,0.409274408477906,0.37602912147317263,0.44304096352718514,0.409274408477906,0.03376655504927911,0.409274408477906
Germany,1983,0.409274408477906,0.37602912147317263,0.44304096352718514,0.409274408477906,0.03376655504927911,0.409274408477906
Germany,1984,0.457853235243038,0.4397106574858977,0.4748395475249467,0.45785323524303795,0.016986312281908722,0.45785323524303795
Germany,1985,0.457853235243038,0.4397106574858977,0.4748395475249467,0.45785323524303795,0.016986312281908722,0.45785323524303795
Germany,1986,0.457853235243038,0.4397106574858977,0.4748395475249467,0.45785323524303795,0.016986312281908722,0.45785323524303795
Germany,1987,0.44739893389344565,0.4197846009608382,0.4748395475249467,0.43842542057564193,0.027440613631501076,0.43842542057564193
Germany,1988,0.44739893389344565,0.4197846009608382,0.4748395475249467,0.43842542057564193,0.027440613631501076,0.43842542057564193
Germany,1989,0.44739893389344565,0.4197846009608382,0.4748395475249467,0.43842542057564193,0.027440613631501076,0.43842542057564193
Germany,1990,0.3480376918089942,0.2915201578926674,0.4133718355731191,0.34105707423047865,0.06533414376412489,0.34105707423047865
Germany,1991,0.3480376918089942,0.2915201578926674,0.4133718355731191,0.34105707423047865,0.06533414376412489,0.34105707423047865
Germany,1992,0.3108496181041577,0.25145639994874375,0.3827079540534678,0.30006433212827227,0.07185833594931013,0.30006433212827227
Germany,1993,0.2947400381070496,0.24063812587652186,0.3570791472554381,0.28984610327197047,0.06233910914838853,0.28984610327197047
Germany,1994,0.2947400381070496,0.24063812587652186,0.3570791472554381,0.28984610327197047,0.06233910914838853,0.28984610327197047
Germany,1995,0.31589455119007154,0.2764206193439301,0.3570791472554381,0.32062454685239833,0.04118459606536656,0.32062454685239833
Germany,1996,0.37250097364067586,0.3113903514704535,0.44304096352718514,0.3606334047373932,0.07053998988650928,0.3606334047373932
Germany,1997,0.3992366583170075,0.3576935844960585,0.44304096352718514,0.3992366583170075,0.04380430521017764,0.3992366583170075
Germany,1998,0.3992366583170075,0.3576935844960585,0.44304096352718514,0.3992366583170075,0.04380430521017764,0.3992366583170075
Germany,1999,0.3992366583170075,0.3576935844960585,0.44304096352718514,0.3992366583170075,0.04380430521017764,0.3992366583170075
Germany,2000,0.3853236562752438,0.33121746751964126,0.44304096352718514,0.3853236562752438,0.05771730725194135,0.3853236562752438
Germany,2001,0.3853236562752438,0.33121746751964126,0.44304096352718514,0.3853236562752438,0.05771730725194135,0.3853236562752438
Germany,2002,0.37443580141610266,0.3104981347683375,0.44304096352718514,0.3744358014161027,0.06860516211108247,0.3744358014161027
Germany,2003,0.37443580141610266,0.3104981347683375,0.44304096352718514,0.3744358014161027,0.06860516211108247,0.3744358014161027
Germany,2004,0.3908169361181542,0.33894793515308574,0.44304096352718514,0.3908169361181542,0.052224027409030926,0.3908169361181542
Germany,2005,0.4197138379463972,0.36512685857557053,0.4748395475249467,0.4058555729059445,0.05512570957854951,0.4058555729059445
Germany,2006,0.4197138379463972,0.36512685857557053,0.4748395475249467,0.4058555729059445,0.05512570957854951,0.4058555729059445
Germany,2007,0.3515167776605099,0.31434086415361057,0.3827079540534678,0.3758679486826071,0.031191176392957876,0.3758679486826071
Germany,2008,0.30743816298238963,0.27224740515111406,0.3331666249791536,0.33745838012383805,0.025728461996763985,0.33745838012383805
Germany,2009,0.3249499296865164,0.2860837048528106,0.3570791472554381,0.34659002009746614,0.032129217568921675,0.34659002009746614
Germany,2010,0.3493779094765696,0.3127301464492961,0.3827079540534678,0.3616789365272146,0.0333300445768982,0.3616789365272146
Germany,2011,0.39258825464450603,0.37175773125117334,0.4101762290560658,0.39398469915232387,0.017587974411559792,0.39398469915232387
Germany,2012,0.42820493748003213,0.41075708363016666,0.44304096352718514,0.41456268696293125,0.014836026047153006,0.41456268696293125
Germany,2013,0.42820493748003213,0.41075708363016666,0.44304096352718514,0.41456268696293125,0.014836026047153006,0.41456268696293125
Germany,2014,0.41317158432492684,0.41075708363016666,0.4133718355731191,0.3995293338078259,0.00020025124819222917,0.3995293338078259
Germany,2015,0.4050314043122145,0.39353274064198046,0.4133718355731191,0.3916579292366027,0.008340431260904557,0.3916579292366027
Germany,2016,0.4050314043122145,0.39353274064198046,0.4133718355731191,0.3916579292366027,0.008340431260904557,0.3916579292366027
Germany,2017,0.4050314043122145,0.39353274064198046,0.4133718355731191,0.40503140431221446,0.008340431260904557,0.40503140431221446
Germany,2018,0.4050314043122145,0.39353274064198046,0.4133718355731191,0.40503140431221446,0.008340431260904557,0.40503140431221446
Germany,2019,0.385220319056035,0.3576935844960585,0.4133718355731191,0.36473591717398346,0.028151516517084085,0.36473591717398346
Germany,2020,0.23531037789262113,0.2187033513034902,0.25166720032038126,0.2661010002080068,0.016356822427760126,0.2661010002080068
Germany,2021,0.22783120897067533,0.2187033513034902,0.23481380078661834,0.247131116571738,0.006982591815943018,0.247131116571738
Germany,2022,0.20972485003714,0.201520215981604,0.21435469250725864,0.22010525107728451,0.004629842470118634,0.22010525107728451
Germany,2023,0.20748069088219623,0.1856293440770922,0.22973967099940698,0.2111594698896144,0.022258980117210753,0.2111594698896144
Germany,2024,0.20120096153894862,0.1856293440770922,0.21435469250725864,0.19943322882454004,0.013153730968310018,0.19943322882454004
Germany,2025,0.20748069088219623,0.1856293440770922,0.22973967099940698,0.2111594698896144,0.022258980117210753,0.2111594698896144
Hong Kong,1900,0.26628340737166273,0.219824366790629,0.3199203391943623,0.2589012439666933,0.053636931822699574,0.2589012439666933
Hong Kong,1901,0.29579624330323123,0.25251188852066037,0.34288212967412707,0.2864223782178703,0.047085886370895835,0.2864223782178703
Hong Kong,1902,0.367800975905751,0.3248554939033951,0.41138185364058844,0.36500325617452495,0.04358087773483743,0.36500325617452495
Hong Kong,1903,0.3843597968057295,0.3555097628049196,0.41138185364058844,0.3942361479043825,0.02702205683485892,0.3942361479043825
Hong Kong,1904,0.3457503782877198,0.3094892242670942,0.3838328415662353,0.35589248461838224,0.0380824632785155,0.35589248461838224
Hong Kong,1905,0.3457503782877198,0.3094892242670942,0.3838328415662353,0.35589248461838224,0.0380824632785155,0.35589248461838224
Hong Kong,1906,0.3457503782877198,0.3094892242670942,0.3838328415662353,0.35589248461838224,0.0380824632785155,0.35589248461838224
Hong Kong,1907,0.3457503782877198,0.3094892242670942,0.3838328415662353,0.35589248461838224,0.0380824632785155,0.35589248461838224
Hong Kong,1908,0.3843597968057295,0.3555097628049196,0.41138185364058844,0.3942361479043825,0.02702205683485892,0.3942361479043825
Hong Kong,1909,0.3843597968057295,0.3555097628049196,0.41138185364058844,0.3942361479043825,0.02702205683485892,0.3942361479043825
Hong Kong,1910,0.36560043443334994,0.3315858123308977,0.40056480368347874,0.3657877590194687,0.0349643692501288,0.3657877590194687
Hong Kong,1911,0.28876118572797976,0.2598003437314398,0.31859064644147983,0.2889383296288986,0.029829460713500067,0.2889383296288986
Hong Kong,1912,0.28876118572797976,0.2598003437314398,0.31859064644147983,0.2889383296288986,0.029829460713500067,0.2889383296288986
Hong Kong,1913,0.3316994990327236,0.2984322274719691,0.3659645514847698,0.3319029839403069,0.034265052452046196,0.3319029839403069
Hong Kong,1914,0.3316994990327236,0.2984322274719691,0.3659645514847698,0.3319029839403069,0.034265052452046196,0.3319029839403069
Hong Kong,1915,0.28876118572797976,0.2598003437314398,0.31859064644147983,0.2889383296288986,0.029829460713500067,0.2889383296288986
Hong Kong,1916,0.28876118572797976,0.2598003437314398,0.31859064644147983,0.2889383296288986,0.029829460713500067,0.2889383296288986
Hong Kong,1917,0.28876118572797976,0.2598003437314398,0.31859064644147983,0.2889383296288986,0.029829460713500067,0.2889383296288986
Hong Kong,1918,0.25138121289354953,0.2261693355799316,0.2773492667205066,0.2515354256162789,0.02596805382695705,0.2515354256162789
Hong Kong,1919,0.25138121289354953,0.2261693355799316,0.2773492667205066,0.2515354256162789,0.02596805382695705,0.2515354256162789
Hong Kong,1920,0.32091357279954386,0.2895030460624837,0.354682957019364,0.3205940474569417,0.03376938421982012,0.3205940474569417
Hong Kong,1921,0.32091357279954386,0.2895030460624837,0.354682957019364,0.3205940474569417,0.03376938421982012,0.3205940474569417
Hong Kong,1922,0.2793714915700146,0.252027039825639,0.30876944802474227,0.2790933286030249,0.029397956454727647,0.2790933286030249
Hong Kong,1923,0.2793714915700146,0.252027039825639,0.30876944802474227,0.2790933286030249,0.029397956454727647,0.2790933286030249
Hong Kong,1924,0.2793714915700146,0.252027039825639,0.30876944802474227,0.2790933286030249,0.029397956454727647,0.2790933286030249
Hong Kong,1925,0.32091357279954386,0.2895030460624837,0.354682957019364,0.3205940474569417,0.03376938421982012,0.3205940474569417
Hong Kong,1926,0.32091357279954386,0.2895030460624837,0.354682957019364,0.3205940474569417,0.03376938421982012,0.3205940474569417
Hong Kong,1927,0.2793714915700146,0.252027039825639,0.30876944802474227,0.2790933286030249,0.029397956454727647,0.2790933286030249
Hong Kong,1928,0.2793714915700146,0.252027039825639,0.30876944802474227,0.2790933286030249,0.029397956454727647,0.2790933286030249
Hong Kong,1929,0.2793714915700146,0.252027039825639,0.30876944802474227,0.2790933286030249,0.029397956454727647,0.2790933286030249
Hong Kong,1930,0.2793714915700146,0.252027039825639,0.30876944802474227,0.2790933286030249,0.029397956454727647,0.2790933286030249
Hong Kong,1931,0.24320700935515463,0.21940228148606478,0.2687994169065728,0.24296485442755367,0.025592407551418145,0.24296485442755367
Hong Kong,1932,0.24320700935515463,0.21940228148606478,0.2687994169065728,0.24296485442755367,0.025592407551418145,0.24296485442755367
Hong Kong,1933,0.24320700935515463,0.21940228148606478,0.2687994169065728,0.24296485442755367,0.025592407551418145,0.24296485442755367
Hong Kong,1934,0.24320700935515463,0.21940228148606478,0.2687994169065728,0.24296485442755367,0.025592407551418145,0.24296485442755367
Hong Kong,1935,0.2793714915700146,0.252027039825639,0.30876944802474227,0.2790933286030249,0.029397956454727647,0.2790933286030249
Hong Kong,1936,0.2793714915700146,0.252027039825639,0.30876944802474227,0.2790933286030249,0.029397956454727647,0.2790933286030249
Hong Kong,1937,0.2793714915700146,0.252027039825639,0.30876944802474227,0.2790933286030249,0.029397956454727647,0.2790933286030249
Hong Kong,1938,0.2793714915700146,0.252027039825639,0.30876944802474227,0.2790933286030249,0.029397956454727647,0.2790933286030249
Hong Kong,1939,0.2793714915700146,0.252027039825639,0.30876944802474227,0.2790933286030249,0.029397956454727647,0.2790933286030249
Hong Kong,1940,0.20598001531509488,0.1830984984237285,0.2308670692668455,0.20570179281182585,0.024887053951750615,0.20570179281182585
Hong Kong,1941,0.1468355431720633,0.12774595611477332,0.16794593847662537,0.1465511653305627,0.021110395304562074,0.1465511653305627
Hong Kong,1942,0.07074394765913851,0.05571718723272392,0.08860627556273155,0.07036829224079381,0.017862327903593045,0.07036829224079381
Hong Kong,1943,0.07074394765913851,0.05571718723272392,0.08860627556273155,0.07036829224079381,0.017862327903593045,0.07036829224079381
Hong Kong,1944,0.07074394765913851,0.05571718723272392,0.08860627556273155,0.07036829224079381,0.017862327903593045,0.07036829224079381
Hong Kong,1945,0.1142155509671593,0.09600025555925264,0.13488701484164067,0.1138718737965219,0.020671463874481377,0.1138718737965219
Hong Kong,1946,0.16866974689684525,0.14674156964656357,0.19291922325653282,0.1683430825381159,0.024249476359687577,0.1683430825381159
Hong Kong,1947,0.23660890475471355,0.21032494394176413,0.2651966226898119,0.2362893110228852,0.028587717935098372,0.2362893110228852
Hong Kong,1948,0.2717922596693896,0.24159991712074805,0.30463092423455634,0.27142514287537106,0.032838664565166764,0.27142514287537106
Hong Kong,1949,0.2717922596693896,0.24159991712074805,0.30463092423455634,0.27142514287537106,0.032838664565166764,0.27142514287537106
Hong Kong,1950,0.36863289317105724,0.3325516727786059,0.4074237292736274,0.3682658549356303,0.03879083610257017,0.3682658549356303
Hong Kong,1951,0.36863289317105724,0.3325516727786059,0.4074237292736274,0.3682658549356303,0.03879083610257017,0.3682658549356303
Hong Kong,1952,0.36863289317105724,0.3325516727786059,0.4074237292736274,0.3682658549356303,0.03879083610257017,0.3682658549356303
Hong Kong,1953,0.36863289317105724,0.3325516727786059,0.4074237292736274,0.3682658549356303,0.03879083610257017,0.3682658549356303
Hong Kong,1954,0.36863289317105724,0.3325516727786059,0.4074237292736274,0.3682658549356303,0.03879083610257017,0.3682658549356303
Hong Kong,1955,0.36863289317105724,0.3325516727786059,0.4074237292736274,0.3682658549356303,0.03879083610257017,0.3682658549356303
Hong Kong,1956,0.36863289317105724,0.3325516727786059,0.4074237292736274,0.3682658549356303,0.03879083610257017,0.3682658549356303
Hong Kong,1957,0.36863289317105724,0.3325516727786059,0.4074237292736274,0.3682658549356303,0.03879083610257017,0.3682658549356303
Hong Kong,1958,0.36863289317105724,0.3325516727786059,0.4074237292736274,0.3682658549356303,0.03879083610257017,0.3682658549356303
Hong Kong,1959,0.36863289317105724,0.3325516727786059,0.4074237292736274,0.3682658549356303,0.03879083610257017,0.3682658549356303
Hong Kong,1960,0.36863289317105724,0.3325516727786059,0.4074237292736274,0.3682658549356303,0.03879083610257017,0.3682658549356303
Hong Kong,1961,0.36863289317105724,0.3325516727786059,0.4074237292736274,0.3682658549356303,0.03879083610257017,0.3682658549356303
Hong Kong,1962,0.36863289317105724,0.3325516727786059,0.4074237292736274,0.3682658549356303,0.03879083610257017,0.3682658549356303
Hong Kong,1963,0.36863289317105724,0.3325516727786059,0.4074237292736274,0.3682658549356303,0.03879083610257017,0.3682658549356303
Hong Kong,1964,0.36863289317105724,0.3325516727786059,0.4074237292736274,0.3682658549356303,0.03879083610257017,0.3682658549356303
Hong Kong,1965,0.36863289317105724,0.3325516727786059,0.4074237292736274,0.3682658549356303,0.03879083610257017,0.3682658549356303
Hong Kong,1966,0.23660890475471355,0.21032494394176413,0.2651966226898119,0.2362893110228852,0.028587717935098372,0.2362893110228852
Hong Kong,1967,0.16866974689684525,0.14674156964656357,0.19291922325653282,0.1683430825381159,0.024249476359687577,0.1683430825381159
Hong Kong,1968,0.23660890475471355,0.21032494394176413,0.2651966226898119,0.2362893110228852,0.028587717935098372,0.2362893110228852
Hong Kong,1969,0.32091357279954386,0.2895030460624837,0.354682957019364,0.3205940474569417,0.03376938421982012,0.3205940474569417
Hong Kong,1970,0.32091357279954386,0.2895030460624837,0.354682957019364,0.3205940474569417,0.03376938421982012,0.3205940474569417
Hong Kong,1971,0.32091357279954386,0.2895030460624837,0.354682957019364,0.3205940474569417,0.03376938421982012,0.3205940474569417
Hong Kong,1972,0.36863289317105724,0.3325516727786059,0.4074237292736274,0.3682658549356303,0.03879083610257017,0.3682658549356303
Hong Kong,1973,0.36863289317105724,0.3325516727786059,0.4074237292736274,0.3682658549356303,0.03879083610257017,0.3682658549356303
Hong Kong,1974,0.36863289317105724,0.3325516727786059,0.4074237292736274,0.3682658549356303,0.03879083610257017,0.3682658549356303
Hong Kong,1975,0.36863289317105724,0.3325516727786059,0.4074237292736274,0.3682658549356303,0.03879083610257017,0.3682658549356303
Hong Kong,1976,0.36863289317105724,0.3325516727786059,0.4074237292736274,0.3682658549356303,0.03879083610257017,0.3682658549356303
Hong Kong,1977,0.36863289317105724,0.3325516727786059,0.4074237292736274,0.3682658549356303,0.03879083610257017,0.3682658549356303
Hong Kong,1978,0.36863289317105724,0.3325516727786059,0.4074237292736274,0.3682658549356303,0.03879083610257017,0.3682658549356303
Hong Kong,1979,0.36863289317105724,0.3325516727786059,0.4074237292736274,0.3682658549356303,0.03879083610257017,0.3682658549356303
Hong Kong,1980,0.36863289317105724,0.3325516727786059,0.4074237292736274,0.3682658549356303,0.03879083610257017,0.3682658549356303
Hong Kong,1981,0.36863289317105724,0.3325516727786059,0.4074237292736274,0.3682658549356303,0.03879083610257017,0.3682658549356303
Hong Kong,1982,0.36863289317105724,0.3325516727786059,0.4074237292736274,0.3682658549356303,0.03879083610257017,0.3682658549356303
Hong Kong,1983,0.36863289317105724,0.3325516727786059,0.4074237292736274,0.3682658549356303,0.03879083610257017,0.3682658549356303
Hong Kong,1984,0.36863289317105724,0.3325516727786059,0.4074237292736274,0.3682658549356303,0.03879083610257017,0.3682658549356303
Hong Kong,1985,0.36863289317105724,0.3325516727786059,0.4074237292736274,0.3682658549356303,0.03879083610257017,0.3682658549356303
Hong Kong,1986,0.36863289317105724,0.3325516727786059,0.4074237292736274,0.3682658549356303,0.03879083610257017,0.3682658549356303
Hong Kong,1987,0.36863289317105724,0.3325516727786059,0.4074237292736274,0.3682658549356303,0.03879083610257017,0.3682658549356303
Hong Kong,1988,0.36863289317105724,0.3325516727786059,0.4074237292736274,0.3682658549356303,0.03879083610257017,0.3682658549356303
Hong Kong,1989,0.36863289317105724,0.3325516727786059,0.4074237292736274,0.3682658549356303,0.03879083610257017,0.3682658549356303
Hong Kong,1990,0.36863289317105724,0.3325516727786059,0.4074237292736274,0.3682658549356303,0.03879083610257017,0.3682658549356303
Hong Kong,1991,0.36863289317105724,0.3325516727786059,0.4074237292736274,0.3682658549356303,0.03879083610257017,0.3682658549356303
Hong Kong,1992,0.36863289317105724,0.3325516727786059,0.4074237292736274,0.3682658549356303,0.03879083610257017,0.3682658549356303
Hong Kong,1993,0.36863289317105724,0.3325516727786059,0.4074237292736274,0.3682658549356303,0.03879083610257017,0.3682658549356303
Hong Kong,1994,0.36863289317105724,0.3325516727786059,0.4074237292736274,0.3682658549356303,0.03879083610257017,0.3682658549356303
Hong Kong,1995,0.36863289317105724,0.3325516727786059,0.4074237292736274,0.3682658549356303,0.03879083610257017,0.3682658549356303
Hong Kong,1996,0.36863289317105724,0.3325516727786059,0.4074237292736274,0.3682658549356303,0.03879083610257017,0.3682658549356303
Hong Kong,1997,0.32091357279954386,0.2895030460624837,0.354682957019364,0.3205940474569417,0.03376938421982012,0.3205940474569417
Hong Kong,1998,0.2793714915700146,0.252027039825639,0.30876944802474227,0.2790933286030249,0.029397956454727647,0.2790933286030249
Hong Kong,1999,0.2793714915700146,0.252027039825639,0.30876944802474227,0.2790933286030249,0.029397956454727647,0.2790933286030249
Hong Kong,2000,0.32091357279954386,0.2895030460624837,0.354682957019364,0.3205940474569417,0.03376938421982012,0.3205940474569417
Hong Kong,2001,0.32091357279954386,0.2895030460624837,0.354682957019364,0.3205940474569417,0.03376938421982012,0.3205940474569417
Hong Kong,2002,0.32091357279954386,0.2895030460624837,0.354682957019364,0.3205940474569417,0.03376938421982012,0.3205940474569417
Hong Kong,2003,0.2793714915700146,0.252027039825639,0.30876944802474227,0.2790933286030249,0.029397956454727647,0.2790933286030249
Hong Kong,2004,0.2793714915700146,0.252027039825639,0.30876944802474227,0.2790933286030249,0.029397956454727647,0.2790933286030249
Hong Kong,2005,0.32091357279954386,0.2895030460624837,0.354682957019364,0.3205940474569417,0.03376938421982012,0.3205940474569417
Hong Kong,2006,0.32091357279954386,0.2895030460624837,0.354682957019364,0.3205940474569417,0.03376938421982012,0.3205940474569417
Hong Kong,2007,0.32091357279954386,0.2895030460624837,0.354682957019364,0.3205940474569417,0.03376938421982012,0.3205940474569417
Hong Kong,2008,0.2793714915700146,0.252027039825639,0.30876944802474227,0.2790933286030249,0.029397956454727647,0.2790933286030249
Hong Kong,2009,0.2793714915700146,0.252027039825639,0.30876944802474227,0.2790933286030249,0.029397956454727647,0.2790933286030249
Hong Kong,2010,0.32091357279954386,0.2895030460624837,0.354682957019364,0.3205940474569417,0.03376938421982012,0.3205940474569417
Hong Kong,2011,0.32091357279954386,0.2895030460624837,0.354682957019364,0.3205940474569417,0.03376938421982012,0.3205940474569417
Hong Kong,2012,0.32091357279954386,0.2895030460624837,0.354682957019364,0.3205940474569417,0.03376938421982012,0.3205940474569417
Hong Kong,2013,0.32091357279954386,0.2895030460624837,0.354682957019364,0.3205940474569417,0.03376938421982012,0.3205940474569417
Hong Kong,2014,0.32091357279954386,0.2895030460624837,0.354682957019364,0.3205940474569417,0.03376938421982012,0.3205940474569417
Hong Kong,2015,0.32091357279954386,0.2895030460624837,0.354682957019364,0.3205940474569417,0.03376938421982012,0.3205940474569417
India,1950,0.4562485018225914,0.4290554515273844,0.4825080979797097,0.4226063356256506,0.026259596157118315,0.4226063356256506
India,1951,0.4562485018225914,0.4290554515273844,0.4825080979797097,0.4226063356256506,0.026259596157118315,0.4226063356256506
India,1952,0.4562485018225914,0.4290554515273844,0.4825080979797097,0.4226063356256506,0.026259596157118315,0.4226063356256506
India,1953,0.4562485018225914,0.4290554515273844,0.4825080979797097,0.4226063356256506,0.026259596157118315,0.4226063356256506
India,1954,0.4562485018225914,0.4290554515273844,0.4825080979797097,0.4226063356256506,0.026259596157118315,0.4226063356256506
India,1955,0.4562485018225914,0.4290554515273844,0.4825080979797097,0.4226063356256506,0.026259596157118315,0.4226063356256506
India,1956,0.4562485018225914,0.4290554515273844,0.4825080979797097,0.4226063356256506,0.026259596157118315,0.4226063356256506
India,1957,0.4562485018225914,0.4290554515273844,0.4825080979797097,0.4226063356256506,0.026259596157118315,0.4226063356256506
India,1958,0.4562485018225914,0.4290554515273844,0.4825080979797097,0.4226063356256506,0.026259596157118315,0.4226063356256506
India,1959,0.4562485018225914,0.4290554515273844,0.4825080979797097,0.4226063356256506,0.026259596157118315,0.4226063356256506
India,1960,0.4562485018225914,0.4290554515273844,0.4825080979797097,0.4226063356256506,0.026259596157118315,0.4226063356256506
India,1961,0.4562485018225914,0.4290554515273844,0.4825080979797097,0.4226063356256506,0.026259596157118315,0.4226063356256506
India,1962,0.4562485018225914,0.4290554515273844,0.4825080979797097,0.4226063356256506,0.026259596157118315,0.4226063356256506
India,1963,0.4562485018225914,0.4290554515273844,0.4825080979797097,0.4226063356256506,0.026259596157118315,0.4226063356256506
India,1964,0.4562485018225914,0.4290554515273844,0.4825080979797097,0.4226063356256506,0.026259596157118315,0.4226063356256506
India,1965,0.4562485018225914,0.4290554515273844,0.4825080979797097,0.4226063356256506,0.026259596157118315,0.4226063356256506
India,1966,0.4562485018225914,0.4290554515273844,0.4825080979797097,0.4226063356256506,0.026259596157118315,0.4226063356256506
India,1967,0.4562485018225914,0.4290554515273844,0.4825080979797097,0.4226063356256506,0.026259596157118315,0.4226063356256506
India,1968,0.4562485018225914,0.4290554515273844,0.4825080979797097,0.4226063356256506,0.026259596157118315,0.4226063356256506
India,1969,0.4562485018225914,0.4290554515273844,0.4825080979797097,0.4226063356256506,0.026259596157118315,0.4226063356256506
India,1970,0.4562485018225914,0.4290554515273844,0.4825080979797097,0.4226063356256506,0.026259596157118315,0.4226063356256506
India,1971,0.4562485018225914,0.4290554515273844,0.4825080979797097,0.4226063356256506,0.026259596157118315,0.4226063356256506
India,1972,0.4562485018225914,0.4290554515273844,0.4825080979797097,0.4226063356256506,0.026259596157118315,0.4226063356256506
India,1973,0.4562485018225914,0.4290554515273844,0.4825080979797097,0.4226063356256506,0.026259596157118315,0.4226063356256506
India,1974,0.4562485018225914,0.4290554515273844,0.4825080979797097,0.4226063356256506,0.026259596157118315,0.4226063356256506
India,1975,0.4562485018225914,0.4290554515273844,0.4825080979797097,0.4226063356256506,0.026259596157118315,0.4226063356256506
India,1976,0.4562485018225914,0.4290554515273844,0.4825080979797097,0.4226063356256506,0.026259596157118315,0.4226063356256506
India,1977,0.4562485018225914,0.4290554515273844,0.4825080979797097,0.4226063356256506,0.026259596157118315,0.4226063356256506
India,1978,0.42074229747729824,0.3992319021610908,0.44184193301059516,0.3890898093031982,0.021099635533296912,0.3890898093031982
India,1979,0.42074229747729824,0.3992319021610908,0.44184193301059516,0.3890898093031982,0.021099635533296912,0.3890898093031982
India,1980,0.42074229747729824,0.3992319021610908,0.44184193301059516,0.3890898093031982,0.021099635533296912,0.3890898093031982
India,1981,0.42074229747729824,0.3992319021610908,0.44184193301059516,0.3890898093031982,0.021099635533296912,0.3890898093031982
India,1982,0.42074229747729824,0.3992319021610908,0.44184193301059516,0.3890898093031982,0.021099635533296912,0.3890898093031982
India,1983,0.4323353076657965,0.4113111041927846,0.4530446506920965,0.40009883530280693,0.02070934302630001,0.40009883530280693
India,1984,0.44047915908010765,0.41997967381989504,0.4607379472145224,0.40788561036281806,0.02025878813441473,0.40788561036281806
India,1985,0.44047915908010765,0.41997967381989504,0.4607379472145224,0.40788561036281806,0.02025878813441473,0.40788561036281806
India,1986,0.44047915908010765,0.41997967381989504,0.4607379472145224,0.40788561036281806,0.02025878813441473,0.40788561036281806
India,1987,0.44047915908010765,0.41997967381989504,0.4607379472145224,0.40788561036281806,0.02025878813441473,0.40788561036281806
India,1988,0.44047915908010765,0.41997967381989504,0.4607379472145224,0.40788561036281806,0.02025878813441473,0.40788561036281806
India,1989,0.44047915908010765,0.41997967381989504,0.4607379472145224,0.40788561036281806,0.02025878813441473,0.40788561036281806
India,1990,0.44047915908010765,0.41997967381989504,0.4607379472145224,0.40788561036281806,0.02025878813441473,0.40788561036281806
India,1991,0.44047915908010765,0.41997967381989504,0.4607379472145224,0.40788561036281806,0.02025878813441473,0.40788561036281806
India,1992,0.44047915908010765,0.41997967381989504,0.4607379472145224,0.40788561036281806,0.02025878813441473,0.40788561036281806
India,1993,0.44047915908010765,0.41997967381989504,0.4607379472145224,0.40788561036281806,0.02025878813441473,0.40788561036281806
India,1994,0.44047915908010765,0.41997967381989504,0.4607379472145224,0.40788561036281806,0.02025878813441473,0.40788561036281806
India,1995,0.44047915908010765,0.41997967381989504,0.4607379472145224,0.40788561036281806,0.02025878813441473,0.40788561036281806
India,1996,0.44047915908010765,0.41997967381989504,0.4607379472145224,0.40788561036281806,0.02025878813441473,0.40788561036281806
India,1997,0.44047915908010765,0.41997967381989504,0.4607379472145224,0.40788561036281806,0.02025878813441473,0.40788561036281806
India,1998,0.44047915908010765,0.41997967381989504,0.4607379472145224,0.40788561036281806,0.02025878813441473,0.40788561036281806
India,1999,0.4455865054220836,0.42564094339365455,0.4653493311481172,0.41283314949799177,0.019762825726033606,0.41283314949799177
India,2000,0.44802934599735683,0.42865928895086575,0.4672623259740378,0.41528735398857547,0.01923297997668094,0.41528735398857547
India,2001,0.44802934599735683,0.42865928895086575,0.4672623259740378,0.41528735398857547,0.01923297997668094,0.41528735398857547
India,2002,0.44802934599735683,0.42865928895086575,0.4672623259740378,0.41528735398857547,0.01923297997668094,0.41528735398857547
India,2003,0.44802934599735683,0.42865928895086575,0.4672623259740378,0.41528735398857547,0.01923297997668094,0.41528735398857547
India,2004,0.44802934599735683,0.42865928895086575,0.4672623259740378,0.41528735398857547,0.01923297997668094,0.41528735398857547
India,2005,0.44802934599735683,0.42865928895086575,0.4672623259740378,0.41528735398857547,0.01923297997668094,0.41528735398857547
India,2006,0.44802934599735683,0.42865928895086575,0.4672623259740378,0.41528735398857547,0.01923297997668094,0.41528735398857547
India,2007,0.44802934599735683,0.42865928895086575,0.4672623259740378,0.41528735398857547,0.01923297997668094,0.41528735398857547
India,2008,0.44802934599735683,0.42865928895086575,0.4672623259740378,0.41528735398857547,0.01923297997668094,0.41528735398857547
India,2009,0.4438163701626618,0.42936362431106295,0.45809492316916656,0.4155603609064345,0.014278553006504768,0.4155603609064345
India,2010,0.4380606018623456,0.4280505674219291,0.4478450652150584,0.41393357201660136,0.009784463352712824,0.41393357201660136
India,2011,0.4380606018623456,0.4280505674219291,0.4478450652150584,0.41393357201660136,0.009784463352712824,0.41393357201660136
India,2012,0.4380606018623456,0.4280505674219291,0.4478450652150584,0.41393357201660136,0.009784463352712824,0.41393357201660136
India,2013,0.4380606018623456,0.4280505674219291,0.4478450652150584,0.41393357201660136,0.009784463352712824,0.41393357201660136
India,2014,0.4380606018623456,0.4280505674219291,0.4478450652150584,0.41393357201660136,0.009784463352712824,0.41393357201660136
India,2015,0.4380606018623456,0.4280505674219291,0.4478450652150584,0.41393357201660136,0.009784463352712824,0.41393357201660136
India,2016,0.4380606018623456,0.4280505674219291,0.4478450652150584,0.41393357201660136,0.009784463352712824,0.41393357201660136
India,2017,0.4380606018623456,0.4280505674219291,0.4478450652150584,0.41393357201660136,0.009784463352712824,0.41393357201660136
India,2018,0.4380606018623456,0.4280505674219291,0.4478450652150584,0.41393357201660136,0.009784463352712824,0.41393357201660136
India,2019,0.4380606018623456,0.4280505674219291,0.4478450652150584,0.41393357201660136,0.009784463352712824,0.41393357201660136
India,2020,0.4380606018623456,0.4280505674219291,0.4478450652150584,0.41393357201660136,0.009784463352712824,0.41393357201660136
India,2021,0.4380606018623456,0.4280505674219291,0.4478450652150584,0.41393357201660136,0.009784463352712824,0.41393357201660136
India,2022,0.4380606018623456,0.4280505674219291,0.4478450652150584,0.41393357201660136,0.009784463352712824,0.41393357201660136
Indonesia,1941,0.17334213052203382,0.12434405930704721,0.23677722921824723,0.12993959622411952,0.06343509869621342,0.12993959622411952
Indonesia,1942,0.08671835383377145,0.06763757358249145,0.10816653826391967,0.069821106370036,0.021448184430148218,0.069821106370036
Indonesia,1943,0.04960773666537561,0.037910946582226004,0.06277629387696469,0.037333762892430504,0.013168557211589084,0.037333762892430504
Indonesia,1944,0.04960773666537561,0.037910946582226004,0.06277629387696469,0.037333762892430504,0.013168557211589084,0.037333762892430504
Indonesia,1945,0.08671835383377145,0.06763757358249145,0.10816653826391967,0.07348975270694967,0.021448184430148218,0.07348975270694967
Indonesia,1946,0.13775999170985778,0.11275346284902228,0.16526891345016734,0.11875520963358015,0.027508921740309555,0.11875520963358015
Indonesia,1947,0.20175987950037125,0.1695431090023344,0.23677722921824723,0.17559661996772022,0.035017349717875984,0.17559661996772022
Indonesia,1948,0.20175987950037125,0.1695431090023344,0.23677722921824723,0.17559661996772022,0.035017349717875984,0.17559661996772022
Indonesia,1949,0.20175987950037125,0.1695431090023344,0.23677722921824723,0.17559661996772022,0.035017349717875984,0.17559661996772022
Indonesia,1950,0.27696246019881876,0.2511848194788315,0.30397368307141326,0.2565040764540866,0.027011222872594498,0.2565040764540866
Indonesia,1951,0.27696246019881876,0.2511848194788315,0.30397368307141326,0.2565040764540866,0.027011222872594498,0.2565040764540866
Indonesia,1952,0.27696246019881876,0.2511848194788315,0.30397368307141326,0.2565040764540866,0.027011222872594498,0.2565040764540866
Indonesia,1953,0.27696246019881876,0.2511848194788315,0.30397368307141326,0.2565040764540866,0.027011222872594498,0.2565040764540866
Indonesia,1954,0.27696246019881876,0.2511848194788315,0.30397368307141326,0.2565040764540866,0.027011222872594498,0.2565040764540866
Indonesia,1955,0.27696246019881876,0.2511848194788315,0.30397368307141326,0.2565040764540866,0.027011222872594498,0.2565040764540866
Indonesia,1956,0.27696246019881876,0.2511848194788315,0.30397368307141326,0.2565040764540866,0.027011222872594498,0.2565040764540866
Indonesia,1957,0.27696246019881876,0.2511848194788315,0.30397368307141326,0.2565040764540866,0.027011222872594498,0.2565040764540866
Indonesia,1958,0.27696246019881876,0.2511848194788315,0.30397368307141326,0.2565040764540866,0.027011222872594498,0.2565040764540866
Indonesia,1959,0.27696246019881876,0.2511848194788315,0.30397368307141326,0.2565040764540866,0.027011222872594498,0.2565040764540866
Indonesia,1960,0.27696246019881876,0.2511848194788315,0.30397368307141326,0.2565040764540866,0.027011222872594498,0.2565040764540866
Indonesia,1961,0.27696246019881876,0.2511848194788315,0.30397368307141326,0.2565040764540866,0.027011222872594498,0.2565040764540866
Indonesia,1962,0.27696246019881876,0.2511848194788315,0.30397368307141326,0.2565040764540866,0.027011222872594498,0.2565040764540866
Indonesia,1963,0.27696246019881876,0.2511848194788315,0.30397368307141326,0.2565040764540866,0.027011222872594498,0.2565040764540866
Indonesia,1964,0.27696246019881876,0.2511848194788315,0.30397368307141326,0.2565040764540866,0.027011222872594498,0.2565040764540866
Indonesia,1965,0.18503821903529583,0.15401909884915296,0.22092096650529758,0.16211752166333074,0.03588274747000175,0.16211752166333074
Indonesia,1966,0.18503821903529583,0.15401909884915296,0.22092096650529758,0.16211752166333074,0.03588274747000175,0.16211752166333074
Indonesia,1967,0.18503821903529583,0.15401909884915296,0.22092096650529758,0.16211752166333074,0.03588274747000175,0.16211752166333074
Indonesia,1968,0.18503821903529583,0.15401909884915296,0.22092096650529758,0.16211752166333074,0.03588274747000175,0.16211752166333074
Indonesia,1969,0.18503821903529583,0.15401909884915296,0.22092096650529758,0.16211752166333074,0.03588274747000175,0.16211752166333074
Indonesia,1970,0.18503821903529583,0.15401909884915296,0.22092096650529758,0.16211752166333074,0.03588274747000175,0.16211752166333074
Indonesia,1971,0.18503821903529583,0.15401909884915296,0.22092096650529758,0.16211752166333074,0.03588274747000175,0.16211752166333074
Indonesia,1972,0.18503821903529583,0.15401909884915296,0.22092096650529758,0.16211752166333074,0.03588274747000175,0.16211752166333074
Indonesia,1973,0.18503821903529583,0.15401909884915296,0.22092096650529758,0.16211752166333074,0.03588274747000175,0.16211752166333074
Indonesia,1974,0.18503821903529583,0.15401909884915296,0.22092096650529758,0.16211752166333074,0.03588274747000175,0.16211752166333074
Indonesia,1975,0.18503821903529583,0.15401909884915296,0.22092096650529758,0.16211752166333074,0.03588274747000175,0.16211752166333074
Indonesia,1976,0.18503821903529583,0.15401909884915296,0.22092096650529758,0.16211752166333074,0.03588274747000175,0.16211752166333074
Indonesia,1977,0.18503821903529583,0.15401909884915296,0.22092096650529758,0.16211752166333074,0.03588274747000175,0.16211752166333074
Indonesia,1978,0.18503821903529583,0.15401909884915296,0.22092096650529758,0.16211752166333074,0.03588274747000175,0.16211752166333074
Indonesia,1979,0.18503821903529583,0.15401909884915296,0.22092096650529758,0.16211752166333074,0.03588274747000175,0.16211752166333074
Indonesia,1980,0.23091020056742062,0.19362931848398668,0.27386127875258304,0.21544683521178468,0.04295107818516242,0.21544683521178468
Indonesia,1981,0.23091020056742062,0.19362931848398668,0.27386127875258304,0.21544683521178468,0.04295107818516242,0.21544683521178468
Indonesia,1982,0.23091020056742062,0.19362931848398668,0.27386127875258304,0.21544683521178468,0.04295107818516242,0.21544683521178468
Indonesia,1983,0.23091020056742062,0.19362931848398668,0.27386127875258304,0.21544683521178468,0.04295107818516242,0.21544683521178468
Indonesia,1984,0.23091020056742062,0.19362931848398668,0.27386127875258304,0.21544683521178468,0.04295107818516242,0.21544683521178468
Indonesia,1985,0.23091020056742062,0.19362931848398668,0.27386127875258304,0.21544683521178468,0.04295107818516242,0.21544683521178468
Indonesia,1986,0.23091020056742062,0.19362931848398668,0.27386127875258304,0.21544683521178468,0.04295107818516242,0.21544683521178468
Indonesia,1987,0.23091020056742062,0.19362931848398668,0.27386127875258304,0.21544683521178468,0.04295107818516242,0.21544683521178468
Indonesia,1988,0.23091020056742062,0.19362931848398668,0.27386127875258304,0.21544683521178468,0.04295107818516242,0.21544683521178468
Indonesia,1989,0.23091020056742062,0.19362931848398668,0.27386127875258304,0.21544683521178468,0.04295107818516242,0.21544683521178468
Indonesia,1990,0.23091020056742062,0.19362931848398668,0.27386127875258304,0.21544683521178468,0.04295107818516242,0.21544683521178468
Indonesia,1991,0.23091020056742062,0.19362931848398668,0.27386127875258304,0.21544683521178468,0.04295107818516242,0.21544683521178468
Indonesia,1992,0.23091020056742062,0.19362931848398668,0.27386127875258304,0.21544683521178468,0.04295107818516242,0.21544683521178468
Indonesia,1993,0.23091020056742062,0.19362931848398668,0.27386127875258304,0.21544683521178468,0.04295107818516242,0.21544683521178468
Indonesia,1994,0.23091020056742062,0.19362931848398668,0.27386127875258304,0.21544683521178468,0.04295107818516242,0.21544683521178468
Indonesia,1995,0.23091020056742062,0.19362931848398668,0.27386127875258304,0.21544683521178468,0.04295107818516242,0.21544683521178468
Indonesia,1996,0.23091020056742062,0.19362931848398668,0.27386127875258304,0.21544683521178468,0.04295107818516242,0.21544683521178468
Indonesia,1997,0.19165474201491672,0.16315485693793327,0.22244447993596855,0.18472366433502693,0.03078973792105183,0.18472366433502693
Indonesia,1998,0.13575173100502078,0.11506375287136228,0.15811388300841897,0.13079629994969977,0.022362152003398195,0.13079629994969977
Indonesia,1999,0.19165474201491672,0.16315485693793327,0.22244447993596855,0.18472366433502693,0.03078973792105183,0.18472366433502693
Indonesia,2000,0.19165474201491672,0.16315485693793327,0.22244447993596855,0.18472366433502693,0.03078973792105183,0.18472366433502693
Indonesia,2001,0.19165474201491672,0.16315485693793327,0.22244447993596855,0.18472366433502693,0.03078973792105183,0.18472366433502693
Indonesia,2002,0.19165474201491672,0.16315485693793327,0.22244447993596855,0.18472366433502693,0.03078973792105183,0.18472366433502693
Indonesia,2003,0.19165474201491672,0.16315485693793327,0.22244447993596855,0.18472366433502693,0.03078973792105183,0.18472366433502693
Indonesia,2004,0.19165474201491672,0.16315485693793327,0.22244447993596855,0.18472366433502693,0.03078973792105183,0.18472366433502693
Indonesia,2005,0.19165474201491672,0.16315485693793327,0.22244447993596855,0.18472366433502693,0.03078973792105183,0.18472366433502693
Indonesia,2006,0.19165474201491672,0.16315485693793327,0.22244447993596855,0.18472366433502693,0.03078973792105183,0.18472366433502693
Indonesia,2007,0.19165474201491672,0.16315485693793327,0.22244447993596855,0.18472366433502693,0.03078973792105183,0.18472366433502693
Indonesia,2008,0.19165474201491672,0.16315485693793327,0.22244447993596855,0.18472366433502693,0.03078973792105183,0.18472366433502693
Indonesia,2009,0.19165474201491672,0.16315485693793327,0.22244447993596855,0.18472366433502693,0.03078973792105183,0.18472366433502693
Indonesia,2010,0.19165474201491672,0.16315485693793327,0.22244447993596855,0.18472366433502693,0.03078973792105183,0.18472366433502693
Indonesia,2011,0.19165474201491672,0.16315485693793327,0.22244447993596855,0.18472366433502693,0.03078973792105183,0.18472366433502693
Indonesia,2012,0.19165474201491672,0.16315485693793327,0.22244447993596855,0.18472366433502693,0.03078973792105183,0.18472366433502693
Indonesia,2013,0.19165474201491672,0.16315485693793327,0.22244447993596855,0.18472366433502693,0.03078973792105183,0.18472366433502693
Indonesia,2014,0.19165474201491672,0.16315485693793327,0.22244447993596855,0.18472366433502693,0.03078973792105183,0.18472366433502693
Indonesia,2015,0.19165474201491672,0.16315485693793327,0.22244447993596855,0.18472366433502693,0.03078973792105183,0.18472366433502693
Indonesia,2016,0.19165474201491672,0.16315485693793327,0.22244447993596855,0.18472366433502693,0.03078973792105183,0.18472366433502693
Indonesia,2017,0.19165474201491672,0.16315485693793327,0.22244447993596855,0.18472366433502693,0.03078973792105183,0.18472366433502693
Indonesia,2018,0.19165474201491672,0.16315485693793327,0.22244447993596855,0.18472366433502693,0.03078973792105183,0.18472366433502693
Indonesia,2019,0.19165474201491672,0.16315485693793327,0.22244447993596855,0.18472366433502693,0.03078973792105183,0.18472366433502693
Indonesia,2020,0.19165474201491672,0.16315485693793327,0.22244447993596855,0.18472366433502693,0.03078973792105183,0.18472366433502693
Indonesia,2021,0.19165474201491672,0.16315485693793327,0.22244447993596855,0.18472366433502693,0.03078973792105183,0.18472366433502693
Indonesia,2022,0.19165474201491672,0.16315485693793327,0.22244447993596855,0.18472366433502693,0.03078973792105183,0.18472366433502693
Indonesia,2023,0.19165474201491672,0.16315485693793327,0.22244447993596855,0.18472366433502693,0.03078973792105183,0.18472366433502693
Indonesia,2024,0.19165474201491672,0.16315485693793327,0.22244447993596855,0.18472366433502693,0.03078973792105183,0.18472366433502693
Indonesia,2025,0.19165474201491672,0.16315485693793327,0.22244447993596855,0.18472366433502693,0.03078973792105183,0.18472366433502693
Iran,1900,0.21733773444850435,0.22735636713405558,0.20028721865532356,0.19936240602487598,-0.017050515793180787,0.19936240602487598
Iran,1901,0.2196756895509291,0.2450913392766939,0.19414262074173458,0.20351459846705133,-0.02553306880919451,0.20351459846705133
Iran,1902,0.196210781098881,0.2138621489194661,0.1701489505582945,0.19185080729452383,-0.0260618305405865,0.19185080729452383
Iran,1903,0.2043869381671478,0.21941688109816218,0.18433286858234618,0.20171632092679923,-0.02005406958480163,0.20171632092679923
Iran,1904,0.20751423990615955,0.2308034919612064,0.18026285836861777,0.20417486159841325,-0.02725138153754178,0.20417486159841325
Iran,1905,0.17416334175499812,0.15925795751291205,0.1862300771317856,0.15452532861702448,0.012066735376787485,0.15452532861702448
Iran,1906,0.15568606778829563,0.1455120692110314,0.16167618090261957,0.1444212237899623,0.0059901131143239306,0.1444212237899623
Iran,1907,0.17576486484200468,0.14701966095855665,0.2039746985982456,0.11721057342016676,0.02820983375624092,0.11721057342016676
Iran,1908,0.14259712806119637,0.1178514297219329,0.164131879357395,0.10902655957000594,0.02153475129619864,0.10902655957000594
Iran,1909,0.15385239392681943,0.1360141359256725,0.1711943745747366,0.13437244930928804,0.01734198064791717,0.13437244930928804
Iran,1910,0.15653333085149299,0.1266647097185509,0.18816279786337445,0.13484592750104193,0.03162946701188146,0.13484592750104193
Iran,1911,0.16159691843265814,0.16552250053208048,0.14450272903006403,0.13599174292503954,-0.017094189402594107,0.13599174292503954
Iran,1912,0.11874804709887483,0.11215682659986297,0.11775710953412752,0.1165575672158241,-0.0009909375647473156,0.1165575672158241
Iran,1913,0.11643597746234308,0.10330113971881107,0.12258329549618172,0.09490008194030349,0.006147318033838639,0.09490008194030349
Iran,1914,0.1154904486992544,0.09331211074223927,0.13789119569071634,0.10159809551261383,0.02240074699146194,0.10159809551261383
Iran,1915,0.11572800536496512,0.10948003554569667,0.11630857667691609,0.10826006085661515,0.000580571311950967,0.10826006085661515
Iran,1916,0.11580561239720133,0.10774649925289796,0.11625833303466897,0.107314335000333,0.0004527206374676379,0.107314335000333
Iran,1917,0.12185254871245299,0.10296533456640304,0.13901975685190726,0.09551251037265707,0.01716720813945427,0.09551251037265707
Iran,1918,0.12552235296194342,0.10774115084245482,0.14268041767230286,0.10928349806988415,0.01715806471035944,0.10928349806988415
Iran,1919,0.11195364550941905,0.09109586152417153,0.13273049232607692,0.09764512308152405,0.020776846816657868,0.09764512308152405
Iran,1920,0.11505492697572804,0.09507499030650647,0.13172702135042613,0.10194438157853287,0.01667209437469809,0.10194438157853287
Iran,1921,0.13567470803469955,0.11986043241496706,0.14551791282204196,0.11716876123399693,0.009843204787342408,0.11716876123399693
Iran,1922,0.17218566632303142,0.17611523043216462,0.1660311889009299,0.16487319856201074,-0.006154477422101512,0.16487319856201074
Iran,1923,0.15658444288536172,0.15904105808024704,0.15209629927148668,0.15324017889863553,-0.004488143613875034,0.15324017889863553
Iran,1924,0.15276624966067634,0.16672032931372446,0.1370356830334723,0.16336156760876078,-0.01573056662720404,0.16336156760876078
Iran,1925,0.20335924919947587,0.2126975376387021,0.19366552332918027,0.21454707870880385,-0.0096937258702956,0.21454707870880385
Iran,1926,0.2787073977998526,0.27534352253255995,0.2818731315509392,0.3261908750435382,0.0031657337510865857,0.3261908750435382
Iran,1927,0.28523515852075737,0.28144110067449163,0.28765255506032633,0.3223973961386801,0.002417396539568961,0.3223973961386801
Iran,1928,0.27856271346031064,0.2818890611855689,0.27504302777365003,0.3264970825629737,-0.003519685686660612,0.3264970825629737
Iran,1929,0.27060613622345225,0.2732258648580534,0.26756237025732,0.3195199473279979,-0.0030437659661322614,0.3195199473279979
Iran,1930,0.3025739188970992,0.3023178878208803,0.30261779370589276,0.3372338373768224,4.387480879353145e-05,0.3372338373768224
Iran,1931,0.263205402257583,0.2654766068783336,0.2609100817302088,0.3198959693705471,-0.0022953205273741895,0.3198959693705471
Iran,1932,0.27088968351944004,0.28466727099679673,0.25743628115766654,0.3465849358309682,-0.013453402361773503,0.3465849358309682
Iran,1933,0.27710528701686415,0.2706131373007575,0.2830354999113855,0.33236891351157666,0.005930212894521336,0.33236891351157666
Iran,1934,0.2848933510227267,0.2891854194822245,0.2802587342740443,0.3362846314350061,-0.00463461674868243,0.3362846314350061
Iran,1935,0.28417060986333637,0.2862381530765111,0.2817138740780518,0.3352784533733663,-0.0024567357852845473,0.3352784533733663
Iran,1936,0.29214300780650976,0.3026793783939317,0.28096804093638617,0.32600074553394126,-0.011174966870123593,0.32600074553394126
Iran,1937,0.2717337246149015,0.29457343720435397,0.2503788263224681,0.33399213745127526,-0.021354898292433366,0.33399213745127526
Iran,1938,0.25465284867357557,0.25834386118578334,0.25095019426173,0.31276303275314676,-0.003702654411845585,0.31276303275314676
Iran,1939,0.26372347201735724,0.27803444811791717,0.24956169896982086,0.31357072018932824,-0.01416177304753638,0.31357072018932824
Iran,1940,0.27481641921577044,0.3001292341554509,0.25139456609692395,0.32948035627899164,-0.02342185311884648,0.32948035627899164
Iran,1941,0.14484235839840345,0.14500790728953297,0.1418206677600369,0.13622329031394406,-0.0030216906383665476,0.13622329031394406
Iran,1942,0.18154078632685508,0.17662882735225402,0.18053811978736795,0.17550942422609261,-0.0010026665394871348,0.17550942422609261
Iran,1943,0.1692505569154209,0.1699165046741594,0.15940348967629384,0.15800386385209267,-0.009847067239127066,0.15800386385209267
Iran,1944,0.17193616313857465,0.15514974589327277,0.18065215060121784,0.15974049420378625,0.008715987462643182,0.15974049420378625
Iran,1945,0.16911516898083948,0.16683550710982856,0.16613748433820716,0.1781347670679426,-0.0029776846426323167,0.1781347670679426
Iran,1946,0.17291587054971505,0.17107161027084336,0.16685681753319587,0.15116667414484244,-0.006059053016519184,0.15116667414484244
Iran,1947,0.16301705274168568,0.1633673122278154,0.15274006300317006,0.1664665174823508,-0.010276989738515624,0.1664665174823508
Iran,1948,0.22322299105344348,0.20950337800122243,0.23732717475992074,0.19619784897011283,0.014104183706477258,0.19619784897011283
Iran,1949,0.21999625397066846,0.20758450066657277,0.23193398995196862,0.21096852494327836,0.011937735981300157,0.21096852494327836
Iran,1950,0.22873444780026386,0.2234975589180949,0.2335063566679037,0.2062397009748382,0.00477190886763984,0.2062397009748382
Iran,1951,0.17981692487822584,0.19596312382879535,0.1559269707376875,0.1896289688303965,-0.02388995414053835,0.1896289688303965
Iran,1952,0.1571660385799781,0.15826881816925226,0.14952378832300503,0.1708117901462208,-0.007642250256973071,0.1708117901462208
Iran,1953,0.12558849776849898,0.14262459067902258,0.10453829975674246,0.14925565724489415,-0.02105019801175652,0.14925565724489415
Iran,1954,0.2844930454431031,0.2686431298188197,0.3001760473939824,0.2603744268335833,0.015683001950879294,0.2603744268335833
Iran,1955,0.26557565588786747,0.27722051775044093,0.2535433548254091,0.2781223178071686,-0.012032301062458395,0.2781223178071686
Iran,1956,0.27512468159787645,0.27293417001190473,0.27630976722968537,0.28322247657058247,0.0011850856318089131,0.28322247657058247
Iran,1957,0.27223122403037975,0.28450128897852256,0.2600122519480884,0.27295640706338276,-0.012218972082291335,0.27295640706338276
Iran,1958,0.26473565432410723,0.279400304430588,0.2507125325655616,0.2723654647190131,-0.014023121758545642,0.2723654647190131
Iran,1959,0.25895887841757154,0.2745937471952638,0.24360874546961184,0.2760363860045047,-0.0153501329479597,0.2760363860045047
Iran,1960,0.28321904846149615,0.29451122666171226,0.2722153425424714,0.28258913881982883,-0.011003705919024775,0.28258913881982883
Iran,1961,0.25806591982189336,0.2857278250417031,0.23262522948447376,0.2574262061770513,-0.025440690337419608,0.2574262061770513
Iran,1962,0.2775833560764744,0.29484603489181355,0.26062229238204915,0.28296271058014283,-0.016961063694425238,0.28296271058014283
Iran,1963,0.24856001901631086,0.2625287540567885,0.23530820202235767,0.2533914846769317,-0.013251816993953197,0.2533914846769317
Iran,1964,0.28490251102544856,0.2742623621431247,0.29448710177882714,0.3060536938171005,0.009584590753378586,0.3060536938171005
Iran,1965,0.2938426768630346,0.27483345943640775,0.3121399090108341,0.2995010484532664,0.01829723214779949,0.2995010484532664
Iran,1966,0.28572593114625383,0.26793761169677577,0.3003146760875007,0.28439723494539915,0.014588744941246845,0.28439723494539915
Iran,1967,0.3082634709126395,0.29055261989344366,0.3266906421202836,0.30744523087030773,0.01842717120764409,0.30744523087030773
Iran,1968,0.33255229498465416,0.331934904654021,0.3306020155260448,0.34889465554104643,-0.001950279458609372,0.34889465554104643
Iran,1969,0.3420110420975498,0.34490010288289125,0.334032921616891,0.36166043558741734,-0.007978120480658768,0.36166043558741734
Iran,1970,0.31163810632276384,0.3050606940516765,0.31390798047851165,0.35276247318653237,0.0022698741557478086,0.35276247318653237
Iran,1971,0.33918737431027407,0.32574908625793836,0.348013422531988,0.33994461580369956,0.008826048221713956,0.33994461580369956
Iran,1972,0.33420046970781664,0.3453362910800357,0.31745015589323505,0.35976229357685946,-0.016750313814581586,0.35976229357685946
Iran,1973,0.3486425635376231,0.349386071277956,0.3452155777830732,0.37784629336572834,-0.0034269857545498605,0.37784629336572834
Iran,1974,0.3503528222087758,0.3443391417426625,0.35334384675132363,0.3596041698265111,0.0029910245425478488,0.3596041698265111
Iran,1975,0.33482508841323494,0.36224223517015147,0.3053689033309377,0.36607808978089035,-0.029456185082297248,0.36607808978089035
Iran,1976,0.2464827731815508,0.23657752323877893,0.2565154994246131,0.26342313330413886,0.010032726243062312,0.26342313330413886
Iran,1977,0.21657894461788707,0.2458741795188459,0.19058780792438906,0.2324588467245373,-0.025991136693498007,0.2324588467245373
Iran,1978,0.14411372631628597,0.12213708162230234,0.16904395931963795,0.12244158378300296,0.02493023300335198,0.12244158378300296
Iran,1979,0.10658912410104948,0.09369092190790651,0.11469705647045995,0.10423657483113778,0.008107932369410473,0.10423657483113778
Iran,1980,0.12377341181595757,0.11901223231458886,0.11860410859211477,0.14587113808468546,-0.005169303223842792,0.14587113808468546
Iran,1981,0.1458620152416191,0.1239441472900102,0.15599280437825544,0.13736791341145357,0.010130789136636342,0.13736791341145357
Iran,1982,0.13766075778674924,0.12340309797605586,0.14521539143355133,0.12669911209887572,0.007554633646802089,0.12669911209887572
Iran,1983,0.16289857850646766,0.13774040707765356,0.18375212838683203,0.16054094044136025,0.020853549880364364,0.16054094044136025
Iran,1984,0.15207419424657184,0.11715722600276124,0.18692240806081145,0.14270095154389495,0.03484821381423961,0.14270095154389495
Iran,1985,0.15205128051600494,0.1457124425641535,0.14750061677081788,0.16637557445176127,-0.004550663745187061,0.16637557445176127
Iran,1986,0.15847615917376562,0.14052459188593733,0.16926807956135678,0.15042589262948694,0.010791920387591164,0.15042589262948694
Iran,1987,0.16527332872497222,0.15089751000583715,0.17216422863793276,0.1633419171927726,0.006890899912960546,0.1633419171927726
Iran,1988,0.1683424895961736,0.1553985220911087,0.16969078664139312,0.17765474953723015,0.0013482970452195209,0.17765474953723015
Iran,1989,0.19549335267168363,0.1780449459557711,0.20925055735540038,0.21021649437641665,0.013757204683716745,0.21021649437641665
Iran,1990,0.2564400695331702,0.23279329585875264,0.28090886853836855,0.252496191444386,0.024468799005198327,0.252496191444386
Iran,1991,0.25813106003409364,0.2435898887819193,0.27158976118332007,0.25705112624218945,0.013458701149226426,0.25705112624218945
Iran,1992,0.24859265619135873,0.2391628904070632,0.25744590995461203,0.24278129923405498,0.0088532537632533,0.24278129923405498
Iran,1993,0.2687894622757708,0.26907411488165933,0.2669681628958779,0.2455067030961433,-0.0018212993798928934,0.2455067030961433
Iran,1994,0.25182394436335204,0.23772616873422736,0.2663725276833549,0.24485937415150416,0.014548583320002861,0.24485937415150416
Iran,1995,0.253830732486471,0.2505643441969871,0.25669346847455604,0.24660171497785718,0.0028627359880850634,0.24660171497785718
Iran,1996,0.2606920438238754,0.24620107549917467,0.27567862245150704,0.24781279159166295,0.014986578627631642,0.24781279159166295
Iran,1997,0.2640555848532637,0.2330544587538728,0.2983729754481832,0.25398771602455095,0.034317390594919506,0.25398771602455095
Iran,1998,0.2570561355125121,0.25599251591621747,0.2569726633964512,0.2651203532647464,-8.347211606091198e-05,0.2651203532647464
Iran,1999,0.26015948805480604,0.2410994234950654,0.2783740407969751,0.2660824105277169,0.018214552742169043,0.2660824105277169
Iran,2000,0.25512232645456545,0.24238815445017817,0.26683017473775206,0.2648468836792189,0.011707848283186606,0.2648468836792189
Iran,2001,0.2576198580285313,0.24838018969622402,0.2664582518894845,0.23030033078966064,0.008838393860953198,0.23030033078966064
Iran,2002,0.26294128261277605,0.25259903662013633,0.27233802525538,0.23067315738935548,0.009396742642603928,0.23067315738935548
Iran,2003,0.24998803898413802,0.22244179381519058,0.27988569095257443,0.22612730210296209,0.02989765196843641,0.22612730210296209
Iran,2004,0.26556564877182426,0.25095817131698195,0.28040585010567337,0.2427114422448862,0.014840201333849112,0.2427114422448862
Iran,2005,0.216802731847625,0.22805759642620219,0.2034089943411016,0.2237670997859831,-0.013393737506523395,0.2237670997859831
Iran,2006,0.21787389342588,0.24149349092274397,0.1935108217108128,0.24165590256576672,-0.024363071715067214,0.24165590256576672
Iran,2007,0.21928421413368082,0.23480331763964335,0.2042733682916727,0.23725655621279976,-0.015010845842008125,0.23725655621279976
Iran,2008,0.2211122405407858,0.2298263163925646,0.21131483807993756,0.2394808067235521,-0.009797402460848231,0.2394808067235521
Iran,2009,0.17735687644073908,0.20238601558447059,0.15523991854989447,0.19176728604642357,-0.022116957890844613,0.19176728604642357
Iran,2010,0.17588124622259818,0.18093249461478064,0.16613187080632094,0.19175079023308403,-0.00974937541627724,0.19175079023308403
Iran,2011,0.17059925244753735,0.19224105492505358,0.14627155513569692,0.20382637798942038,-0.024327697311840424,0.20382637798942038
Iran,2012,0.16483454608476591,0.18968740851239266,0.1391254196039068,0.20837675987805307,-0.0257091264808591,0.20837675987805307
Iran,2013,0.23046890832776057,0.241809069904635,0.21709013173011568,0.21731003524985648,-0.013378776597644887,0.21731003524985648
Iran,2014,0.21690654142220164,0.22285465767996793,0.20570783945633722,0.22681979267144672,-0.011198701965864422,0.22681979267144672
Iran,2015,0.22611259800233485,0.2436807628205515,0.206956729086467,0.2348466869785133,-0.019155868915867846,0.2348466869785133
Iran,2016,0.2566964389956307,0.2489900353026531,0.26412722441477154,0.2514216742367294,0.0074307854191408285,0.2514216742367294
Iran,2017,0.2524753712603221,0.24133566443763996,0.2638787600395302,0.2365673711654416,0.011403388779208101,0.2365673711654416
Iran,2018,0.1463171985011208,0.15657375904076895,0.12994341032571552,0.16831894809598105,-0.016373788175405274,0.16831894809598105
Iran,2019,0.1488484136697153,0.15143396596539993,0.14419589092527962,0.1651396072267261,-0.004652522744435672,0.1651396072267261
Iran,2020,0.14227117284829557,0.15416069129929552,0.12894403309601266,0.145379524935186,-0.013327139752282918,0.145379524935186
Iran,2021,0.13796327382652743,0.13743181610063845,0.13516248975907794,0.13822921698874718,-0.002800784067449491,0.13822921698874718
Iran,2022,0.13074099478730433,0.11795019892659875,0.1409498186483085,0.11775585813591377,0.010208823861004163,0.11775585813591377
Iran,2023,0.14870578567112555,0.1662656944720141,0.12869601600198272,0.16059944113978,-0.020009769669142835,0.16059944113978
Iran,2024,0.15644069348925854,0.16872043162730624,0.14386537790704398,0.17396439473994582,-0.012575315582214558,0.17396439473994582
Iran,2025,0.1477421026310224,0.14390552568256199,0.14749089518528674,0.1549987092207452,-0.00025120744573564613,0.1549987092207452
Iraq,1900,0.19449276563888726,0.16287213719482574,0.2273574849765597,0.19449276563888726,0.03286471933767243,0.19449276563888726
Iraq,1901,0.19449276563888726,0.16287213719482574,0.2273574849765597,0.19449276563888726,0.03286471933767243,0.19449276563888726
Iraq,1902,0.19449276563888726,0.16287213719482574,0.2273574849765597,0.19449276563888726,0.03286471933767243,0.19449276563888726
Iraq,1903,0.19449276563888726,0.16287213719482574,0.2273574849765597,0.19449276563888726,0.03286471933767243,0.19449276563888726
Iraq,1904,0.19449276563888726,0.16287213719482574,0.2273574849765597,0.19449276563888726,0.03286471933767243,0.19449276563888726
Iraq,1905,0.19449276563888726,0.16287213719482574,0.2273574849765597,0.19449276563888726,0.03286471933767243,0.19449276563888726
Iraq,1906,0.19449276563888726,0.16287213719482574,0.2273574849765597,0.19449276563888726,0.03286471933767243,0.19449276563888726
Iraq,1907,0.19449276563888726,0.16287213719482574,0.2273574849765597,0.19449276563888726,0.03286471933767243,0.19449276563888726
Iraq,1908,0.19449276563888726,0.16287213719482574,0.2273574849765597,0.19449276563888726,0.03286471933767243,0.19449276563888726
Iraq,1909,0.19449276563888726,0.16287213719482574,0.2273574849765597,0.19449276563888726,0.03286471933767243,0.19449276563888726
Iraq,1910,0.19449276563888726,0.16287213719482574,0.2273574849765597,0.19449276563888726,0.03286471933767243,0.19449276563888726
Iraq,1911,0.19449276563888726,0.16287213719482574,0.2273574849765597,0.19449276563888726,0.03286471933767243,0.19449276563888726
Iraq,1912,0.19449276563888726,0.16287213719482574,0.2273574849765597,0.19449276563888726,0.03286471933767243,0.19449276563888726
Iraq,1913,0.18994618028155888,0.1553797382340891,0.2273574849765597,0.18994618028155888,0.03741130469500081,0.18994618028155888
Iraq,1914,0.15784570912063714,0.13330215619710165,0.18068106188420704,0.15784570912063714,0.022835352763569905,0.15784570912063714
Iraq,1915,0.1177455508047418,0.09308435529279034,0.14068624190585738,0.11331751014931053,0.022940691101115573,0.11331751014931053
Iraq,1916,0.1177455508047418,0.09308435529279034,0.14068624190585738,0.11331751014931053,0.022940691101115573,0.11331751014931053
Iraq,1917,0.1177455508047418,0.09308435529279034,0.14068624190585738,0.11331751014931053,0.022940691101115573,0.11331751014931053
Iraq,1918,0.1177455508047418,0.09308435529279034,0.14068624190585738,0.11331751014931053,0.022940691101115573,0.11331751014931053
Iraq,1919,0.15784570912063714,0.13330215619710165,0.18068106188420704,0.15784570912063714,0.022835352763569905,0.15784570912063714
Iraq,1920,0.16931578668395433,0.14178843078019918,0.19792618661593414,0.1693157866839544,0.028610399931979807,0.1693157866839544
Iraq,1921,0.16931578668395433,0.14178843078019918,0.19792618661593414,0.1693157866839544,0.028610399931979807,0.1693157866839544
Iraq,1922,0.16931578668395433,0.14178843078019918,0.19792618661593414,0.1693157866839544,0.028610399931979807,0.1693157866839544
Iraq,1923,0.16931578668395433,0.14178843078019918,0.19792618661593414,0.1693157866839544,0.028610399931979807,0.1693157866839544
Iraq,1924,0.16931578668395433,0.14178843078019918,0.19792618661593414,0.1693157866839544,0.028610399931979807,0.1693157866839544
Iraq,1925,0.16931578668395433,0.14178843078019918,0.19792618661593414,0.1693157866839544,0.028610399931979807,0.1693157866839544
Iraq,1926,0.16931578668395433,0.14178843078019918,0.19792618661593414,0.1693157866839544,0.028610399931979807,0.1693157866839544
Iraq,1927,0.16931578668395433,0.14178843078019918,0.19792618661593414,0.1693157866839544,0.028610399931979807,0.1693157866839544
Iraq,1928,0.16931578668395433,0.14178843078019918,0.19792618661593414,0.1693157866839544,0.028610399931979807,0.1693157866839544
Iraq,1929,0.16931578668395433,0.14178843078019918,0.19792618661593414,0.1693157866839544,0.028610399931979807,0.1693157866839544
Iraq,1930,0.16931578668395433,0.14178843078019918,0.19792618661593414,0.1693157866839544,0.028610399931979807,0.1693157866839544
Iraq,1931,0.16931578668395433,0.14178843078019918,0.19792618661593414,0.1693157866839544,0.028610399931979807,0.1693157866839544
Iraq,1932,0.16931578668395433,0.14178843078019918,0.19792618661593414,0.1693157866839544,0.028610399931979807,0.1693157866839544
Iraq,1933,0.16931578668395433,0.14178843078019918,0.19792618661593414,0.1693157866839544,0.028610399931979807,0.1693157866839544
Iraq,1934,0.16931578668395433,0.14178843078019918,0.19792618661593414,0.1693157866839544,0.028610399931979807,0.1693157866839544
Iraq,1935,0.16931578668395433,0.14178843078019918,0.19792618661593414,0.1693157866839544,0.028610399931979807,0.1693157866839544
Iraq,1936,0.16931578668395433,0.14178843078019918,0.19792618661593414,0.1693157866839544,0.028610399931979807,0.1693157866839544
Iraq,1937,0.16931578668395433,0.14178843078019918,0.19792618661593414,0.1693157866839544,0.028610399931979807,0.1693157866839544
Iraq,1938,0.16931578668395433,0.14178843078019918,0.19792618661593414,0.1693157866839544,0.028610399931979807,0.1693157866839544
Iraq,1939,0.13741267098884682,0.11604626716597477,0.1572920002002383,0.13247388901029855,0.01987932921139149,0.13247388901029855
Iraq,1940,0.13741267098884682,0.11604626716597477,0.1572920002002383,0.13247388901029855,0.01987932921139149,0.13247388901029855
Iraq,1941,0.13741267098884682,0.11604626716597477,0.1572920002002383,0.13247388901029855,0.01987932921139149,0.13247388901029855
Iraq,1942,0.13741267098884682,0.11604626716597477,0.1572920002002383,0.13247388901029855,0.01987932921139149,0.13247388901029855
Iraq,1943,0.16931578668395433,0.14178843078019918,0.19792618661593414,0.1693157866839544,0.028610399931979807,0.1693157866839544
Iraq,1944,0.16931578668395433,0.14178843078019918,0.19792618661593414,0.1693157866839544,0.028610399931979807,0.1693157866839544
Iraq,1945,0.16931578668395433,0.14178843078019918,0.19792618661593414,0.1693157866839544,0.028610399931979807,0.1693157866839544
Iraq,1946,0.16931578668395433,0.14178843078019918,0.19792618661593414,0.1693157866839544,0.028610399931979807,0.1693157866839544
Iraq,1947,0.16931578668395433,0.14178843078019918,0.19792618661593414,0.1693157866839544,0.028610399931979807,0.1693157866839544
Iraq,1948,0.16931578668395433,0.14178843078019918,0.19792618661593414,0.1693157866839544,0.028610399931979807,0.1693157866839544
Iraq,1949,0.16931578668395433,0.14178843078019918,0.19792618661593414,0.1693157866839544,0.028610399931979807,0.1693157866839544
Iraq,1950,0.16931578668395433,0.14178843078019918,0.19792618661593414,0.1693157866839544,0.028610399931979807,0.1693157866839544
Iraq,1951,0.16931578668395433,0.14178843078019918,0.19792618661593414,0.1693157866839544,0.028610399931979807,0.1693157866839544
Iraq,1952,0.16931578668395433,0.14178843078019918,0.19792618661593414,0.1693157866839544,0.028610399931979807,0.1693157866839544
Iraq,1953,0.16931578668395433,0.14178843078019918,0.19792618661593414,0.1693157866839544,0.028610399931979807,0.1693157866839544
Iraq,1954,0.16931578668395433,0.14178843078019918,0.19792618661593414,0.1693157866839544,0.028610399931979807,0.1693157866839544
Iraq,1955,0.16931578668395433,0.14178843078019918,0.19792618661593414,0.1693157866839544,0.028610399931979807,0.1693157866839544
Iraq,1956,0.09864862229179656,0.08103463793419517,0.1148912529307606,0.09452069233696536,0.016242630638964042,0.09452069233696536
Iraq,1957,0.12802008234298254,0.10880303253647838,0.14755297532666956,0.12802008234298254,0.019532892983687017,0.12802008234298254
Iraq,1958,0.12802008234298254,0.10880303253647838,0.14755297532666956,0.12802008234298254,0.019532892983687017,0.12802008234298254
Iraq,1959,0.12802008234298254,0.10880303253647838,0.14755297532666956,0.12802008234298254,0.019532892983687017,0.12802008234298254
Iraq,1960,0.12802008234298254,0.10880303253647838,0.14755297532666956,0.12802008234298254,0.019532892983687017,0.12802008234298254
Iraq,1961,0.09864862229179656,0.08103463793419517,0.1148912529307606,0.09452069233696536,0.016242630638964042,0.09452069233696536
Iraq,1962,0.12802008234298254,0.10880303253647838,0.14755297532666956,0.12802008234298254,0.019532892983687017,0.12802008234298254
Iraq,1963,0.12802008234298254,0.10880303253647838,0.14755297532666956,0.12802008234298254,0.019532892983687017,0.12802008234298254
Iraq,1964,0.12802008234298254,0.10880303253647838,0.14755297532666956,0.12802008234298254,0.019532892983687017,0.12802008234298254
Iraq,1965,0.12802008234298254,0.10880303253647838,0.14755297532666956,0.12802008234298254,0.019532892983687017,0.12802008234298254
Iraq,1966,0.12802008234298254,0.10880303253647838,0.14755297532666956,0.12802008234298254,0.019532892983687017,0.12802008234298254
Iraq,1967,0.1634646553216129,0.14178843078019918,0.18567122099702613,0.1693157866839544,0.022206565675413237,0.1693157866839544
Iraq,1968,0.1634646553216129,0.14178843078019918,0.18567122099702613,0.1693157866839544,0.022206565675413237,0.1693157866839544
Iraq,1969,0.1634646553216129,0.14178843078019918,0.18567122099702613,0.1693157866839544,0.022206565675413237,0.1693157866839544
Iraq,1970,0.1634646553216129,0.14178843078019918,0.18567122099702613,0.1693157866839544,0.022206565675413237,0.1693157866839544
Iraq,1971,0.2191457014391824,0.1931344091050652,0.24557415099587404,0.22603268417768066,0.02642844955669163,0.22603268417768066
Iraq,1972,0.23515574945155956,0.21327397496315334,0.2570022478740789,0.24239067421087146,0.021846498422519317,0.24239067421087146
Iraq,1973,0.23515574945155956,0.21327397496315334,0.2570022478740789,0.24239067421087146,0.021846498422519317,0.24239067421087146
Iraq,1974,0.23515574945155956,0.21327397496315334,0.2570022478740789,0.24239067421087146,0.021846498422519317,0.24239067421087146
Iraq,1975,0.24746128439521806,0.2224692308147722,0.27324968998117316,0.25485408155376693,0.025788405585955104,0.25485408155376693
Iraq,1976,0.24746128439521806,0.2224692308147722,0.27324968998117316,0.25485408155376693,0.025788405585955104,0.25485408155376693
Iraq,1977,0.24746128439521806,0.2224692308147722,0.27324968998117316,0.25485408155376693,0.025788405585955104,0.25485408155376693
Iraq,1978,0.21542756052423942,0.19367071420185544,0.2378776715336016,0.22186336425494815,0.022450111009362173,0.22186336425494815
Iraq,1979,0.17821473257694864,0.16163144852858768,0.19477128236657656,0.17821473257694867,0.016556549789627922,0.17821473257694867
Iraq,1980,0.17821473257694864,0.16163144852858768,0.19477128236657656,0.17821473257694867,0.016556549789627922,0.17821473257694867
Iraq,1981,0.17821473257694864,0.16163144852858768,0.19477128236657656,0.17821473257694867,0.016556549789627922,0.17821473257694867
Iraq,1982,0.17821473257694864,0.16163144852858768,0.19477128236657656,0.17821473257694867,0.016556549789627922,0.17821473257694867
Iraq,1983,0.17821473257694864,0.16163144852858768,0.19477128236657656,0.17821473257694867,0.016556549789627922,0.17821473257694867
Iraq,1984,0.17821473257694864,0.16163144852858768,0.19477128236657656,0.17821473257694867,0.016556549789627922,0.17821473257694867
Iraq,1985,0.17821473257694864,0.16163144852858768,0.19477128236657656,0.17821473257694867,0.016556549789627922,0.17821473257694867
Iraq,1986,0.17821473257694864,0.16163144852858768,0.19477128236657656,0.17821473257694867,0.016556549789627922,0.17821473257694867
Iraq,1987,0.2047149701473774,0.1856657790405766,0.22373345165514952,0.20471497014737738,0.019018481507772106,0.20471497014737738
Iraq,1988,0.2047149701473774,0.1856657790405766,0.22373345165514952,0.20471497014737738,0.019018481507772106,0.20471497014737738
Iraq,1989,0.15452602396711798,0.13872995718796635,0.17037950004916577,0.15452602396711798,0.01585347608204779,0.15452602396711798
Iraq,1990,0.15452602396711798,0.13872995718796635,0.17037950004916577,0.15452602396711798,0.01585347608204779,0.15452602396711798
Iraq,1991,0.15452602396711798,0.13872995718796635,0.17037950004916577,0.15452602396711798,0.01585347608204779,0.15452602396711798
Iraq,1992,0.15452602396711798,0.13872995718796635,0.17037950004916577,0.15452602396711798,0.01585347608204779,0.15452602396711798
Iraq,1993,0.15452602396711798,0.13872995718796635,0.17037950004916577,0.15452602396711798,0.01585347608204779,0.15452602396711798
Iraq,1994,0.15452602396711798,0.13872995718796635,0.17037950004916577,0.15452602396711798,0.01585347608204779,0.15452602396711798
Iraq,1995,0.15452602396711798,0.13872995718796635,0.17037950004916577,0.15452602396711798,0.01585347608204779,0.15452602396711798
Iraq,1996,0.15452602396711798,0.13872995718796635,0.17037950004916577,0.15452602396711798,0.01585347608204779,0.15452602396711798
Iraq,1997,0.15452602396711798,0.13872995718796635,0.17037950004916577,0.15452602396711798,0.01585347608204779,0.15452602396711798
Iraq,1998,0.15452602396711798,0.13872995718796635,0.17037950004916577,0.15452602396711798,0.01585347608204779,0.15452602396711798
Iraq,1999,0.15452602396711798,0.13872995718796635,0.17037950004916577,0.15452602396711798,0.01585347608204779,0.15452602396711798
Iraq,2000,0.11846595196359822,0.10078705432985043,0.13674794331177345,0.11386579122552277,0.018281991348175236,0.11386579122552277
Iraq,2001,0.0849745722130989,0.07026792686903272,0.10039678863038473,0.08108956227866955,0.015422216417285833,0.08108956227866955
Iraq,2002,0.11846595196359822,0.10078705432985043,0.13674794331177345,0.11386579122552277,0.018281991348175236,0.11386579122552277
Iraq,2003,0.11846595196359822,0.10078705432985043,0.13674794331177345,0.11386579122552277,0.018281991348175236,0.11386579122552277
Iraq,2004,0.11846595196359822,0.10078705432985043,0.13674794331177345,0.11386579122552277,0.018281991348175236,0.11386579122552277
Iraq,2005,0.11846595196359822,0.10078705432985043,0.13674794331177345,0.11386579122552277,0.018281991348175236,0.11386579122552277
Iraq,2006,0.11846595196359822,0.10078705432985043,0.13674794331177345,0.11386579122552277,0.018281991348175236,0.11386579122552277
Iraq,2007,0.136081644143743,0.11577392351369599,0.15708213753146194,0.1307974470711938,0.02100049338771895,0.1307974470711938
Iraq,2008,0.15452602396711798,0.13872995718796635,0.17037950004916577,0.15452602396711798,0.01585347608204779,0.15452602396711798
Iraq,2009,0.15452602396711798,0.13872995718796635,0.17037950004916577,0.15452602396711798,0.01585347608204779,0.15452602396711798
Iraq,2010,0.15452602396711798,0.13872995718796635,0.17037950004916577,0.15452602396711798,0.01585347608204779,0.15452602396711798
Iraq,2011,0.15452602396711798,0.13872995718796635,0.17037950004916577,0.15452602396711798,0.01585347608204779,0.15452602396711798
Iraq,2012,0.15452602396711798,0.13872995718796635,0.17037950004916577,0.15452602396711798,0.01585347608204779,0.15452602396711798
Iraq,2013,0.15452602396711798,0.13872995718796635,0.17037950004916577,0.15452602396711798,0.01585347608204779,0.15452602396711798
Iraq,2014,0.15452602396711798,0.13872995718796635,0.17037950004916577,0.15452602396711798,0.01585347608204779,0.15452602396711798
Iraq,2015,0.15452602396711798,0.13872995718796635,0.17037950004916577,0.15452602396711798,0.01585347608204779,0.15452602396711798
Iraq,2016,0.15452602396711798,0.13872995718796635,0.17037950004916577,0.15452602396711798,0.01585347608204779,0.15452602396711798
Iraq,2017,0.15452602396711798,0.13872995718796635,0.17037950004916577,0.15452602396711798,0.01585347608204779,0.15452602396711798
Iraq,2018,0.15452602396711798,0.13872995718796635,0.17037950004916577,0.15452602396711798,0.01585347608204779,0.15452602396711798
Iraq,2019,0.15452602396711798,0.13872995718796635,0.17037950004916577,0.15452602396711798,0.01585347608204779,0.15452602396711798
Iraq,2020,0.2047149701473774,0.1856657790405766,0.22373345165514952,0.20471497014737738,0.019018481507772106,0.20471497014737738
Iraq,2021,0.2047149701473774,0.1856657790405766,0.22373345165514952,0.20471497014737738,0.019018481507772106,0.20471497014737738
Iraq,2022,0.2047149701473774,0.1856657790405766,0.22373345165514952,0.20471497014737738,0.019018481507772106,0.20471497014737738
Iraq,2023,0.2047149701473774,0.1856657790405766,0.22373345165514952,0.20471497014737738,0.019018481507772106,0.20471497014737738
Israel,1946,0.2008662488522547,0.1664707491488007,0.23032602941887378,0.20693656074246922,0.029459780566619076,0.20693656074246922
Israel,1947,0.2377571322524147,0.21369907713991443,0.2575123293841091,0.24704881129457548,0.019755197131694407,0.24704881129457548
Israel,1948,0.30943037433557824,0.2912679883109061,0.324037034920393,0.3303572782859067,0.014606660584814746,0.3303572782859067
Israel,1949,0.37316774714304946,0.3700848954849563,0.3751207118877026,0.3989331021724518,0.0019529647446531184,0.3989331021724518
Israel,1950,0.37316774714304946,0.3700848954849563,0.3751207118877026,0.4127535369743384,0.0019529647446531184,0.4127535369743384
Israel,1951,0.37316774714304946,0.3700848954849563,0.3751207118877026,0.4127535369743384,0.0019529647446531184,0.4127535369743384
Israel,1952,0.37316774714304946,0.3700848954849563,0.3751207118877026,0.4127535369743384,0.0019529647446531184,0.4127535369743384
Israel,1953,0.37316774714304946,0.3700848954849563,0.3751207118877026,0.4127535369743384,0.0019529647446531184,0.4127535369743384
Israel,1954,0.37316774714304946,0.3700848954849563,0.3751207118877026,0.4127535369743384,0.0019529647446531184,0.4127535369743384
Israel,1955,0.37316774714304946,0.3700848954849563,0.3751207118877026,0.4127535369743384,0.0019529647446531184,0.4127535369743384
Israel,1956,0.37316774714304946,0.3700848954849563,0.3751207118877026,0.4127535369743384,0.0019529647446531184,0.4127535369743384
Israel,1957,0.37316774714304946,0.3700848954849563,0.3751207118877026,0.4127535369743384,0.0019529647446531184,0.4127535369743384
Israel,1958,0.37316774714304946,0.3700848954849563,0.3751207118877026,0.4127535369743384,0.0019529647446531184,0.4127535369743384
Israel,1959,0.37316774714304946,0.3700848954849563,0.3751207118877026,0.4127535369743384,0.0019529647446531184,0.4127535369743384
Israel,1960,0.37316774714304946,0.3700848954849563,0.3751207118877026,0.4127535369743384,0.0019529647446531184,0.4127535369743384
Israel,1961,0.37316774714304946,0.3700848954849563,0.3751207118877026,0.4127535369743384,0.0019529647446531184,0.4127535369743384
Israel,1962,0.37316774714304946,0.3700848954849563,0.3751207118877026,0.4127535369743384,0.0019529647446531184,0.4127535369743384
Israel,1963,0.37316774714304946,0.3700848954849563,0.3751207118877026,0.4127535369743384,0.0019529647446531184,0.4127535369743384
Israel,1964,0.37316774714304946,0.3700848954849563,0.3751207118877026,0.4127535369743384,0.0019529647446531184,0.4127535369743384
Israel,1965,0.3779436711000426,0.3911833587900288,0.36469165057620934,0.4241362398128136,-0.013252020523833286,0.4241362398128136
Israel,1966,0.3779436711000426,0.3911833587900288,0.36469165057620934,0.4241362398128136,-0.013252020523833286,0.4241362398128136
Israel,1967,0.3290190757703472,0.3405448933467294,0.31748252183851233,0.3692320424833449,-0.011536553931834892,0.3692320424833449
Israel,1968,0.3290190757703472,0.3405448933467294,0.31748252183851233,0.3692320424833449,-0.011536553931834892,0.3692320424833449
Israel,1969,0.3290190757703472,0.3405448933467294,0.31748252183851233,0.3692320424833449,-0.011536553931834892,0.3692320424833449
Israel,1970,0.28642774174704594,0.29646154873061376,0.27638458822319095,0.3214351625708543,-0.010043153523854986,0.3214351625708543
Israel,1971,0.28642774174704594,0.29646154873061376,0.27638458822319095,0.3214351625708543,-0.010043153523854986,0.3214351625708543
Israel,1972,0.28642774174704594,0.29646154873061376,0.27638458822319095,0.3214351625708543,-0.010043153523854986,0.3214351625708543
Israel,1973,0.22868235665664058,0.22645082892802462,0.23091388438525648,0.22868235665664058,0.0022315277286159008,0.22868235665664058
Israel,1974,0.22868235665664058,0.22645082892802462,0.23091388438525648,0.22868235665664058,0.0022315277286159008,0.22868235665664058
Israel,1975,0.22868235665664058,0.22645082892802462,0.23091388438525648,0.22868235665664058,0.0022315277286159008,0.22868235665664058
Israel,1976,0.22868235665664058,0.22645082892802462,0.23091388438525648,0.22868235665664058,0.0022315277286159008,0.22868235665664058
Israel,1977,0.22868235665664058,0.22645082892802462,0.23091388438525648,0.22868235665664058,0.0022315277286159008,0.22868235665664058
Israel,1978,0.22868235665664058,0.22645082892802462,0.23091388438525648,0.22868235665664058,0.0022315277286159008,0.22868235665664058
Israel,1979,0.22868235665664058,0.22645082892802462,0.23091388438525648,0.22868235665664058,0.0022315277286159008,0.22868235665664058
Israel,1980,0.2626870469083283,0.2601236946773369,0.2652503991393197,0.2626870469083283,0.0025633522309914114,0.2626870469083283
Israel,1981,0.2626870469083283,0.2601236946773369,0.2652503991393197,0.2626870469083283,0.0025633522309914114,0.2626870469083283
Israel,1982,0.2626870469083283,0.2601236946773369,0.2652503991393197,0.2626870469083283,0.0025633522309914114,0.2626870469083283
Israel,1983,0.2626870469083283,0.2601236946773369,0.2652503991393197,0.2626870469083283,0.0025633522309914114,0.2626870469083283
Israel,1984,0.2626870469083283,0.2601236946773369,0.2652503991393197,0.2626870469083283,0.0025633522309914114,0.2626870469083283
Israel,1985,0.2626870469083283,0.2601236946773369,0.2652503991393197,0.2626870469083283,0.0025633522309914114,0.2626870469083283
Israel,1986,0.2626870469083283,0.2601236946773369,0.2652503991393197,0.2626870469083283,0.0025633522309914114,0.2626870469083283
Israel,1987,0.2626870469083283,0.2601236946773369,0.2652503991393197,0.2626870469083283,0.0025633522309914114,0.2626870469083283
Israel,1988,0.2626870469083283,0.2601236946773369,0.2652503991393197,0.2626870469083283,0.0025633522309914114,0.2626870469083283
Israel,1989,0.2626870469083283,0.2601236946773369,0.2652503991393197,0.2626870469083283,0.0025633522309914114,0.2626870469083283
Israel,1990,0.2626870469083283,0.2601236946773369,0.2652503991393197,0.2626870469083283,0.0025633522309914114,0.2626870469083283
Israel,1991,0.2626870469083283,0.2601236946773369,0.2652503991393197,0.2626870469083283,0.0025633522309914114,0.2626870469083283
Israel,1992,0.2626870469083283,0.2601236946773369,0.2652503991393197,0.2626870469083283,0.0025633522309914114,0.2626870469083283
Israel,1993,0.2626870469083283,0.2601236946773369,0.2652503991393197,0.2626870469083283,0.0025633522309914114,0.2626870469083283
Israel,1994,0.2626870469083283,0.2601236946773369,0.2652503991393197,0.2626870469083283,0.0025633522309914114,0.2626870469083283
Israel,1995,0.2626870469083283,0.2601236946773369,0.2652503991393197,0.2626870469083283,0.0025633522309914114,0.2626870469083283
Israel,1996,0.2626870469083283,0.2601236946773369,0.2652503991393197,0.2626870469083283,0.0025633522309914114,0.2626870469083283
Israel,1997,0.2626870469083283,0.2601236946773369,0.2652503991393197,0.2626870469083283,0.0025633522309914114,0.2626870469083283
Israel,1998,0.2626870469083283,0.2601236946773369,0.2652503991393197,0.2626870469083283,0.0025633522309914114,0.2626870469083283
Israel,1999,0.2626870469083283,0.2601236946773369,0.2652503991393197,0.2626870469083283,0.0025633522309914114,0.2626870469083283
Israel,2000,0.2626870469083283,0.2601236946773369,0.2652503991393197,0.2626870469083283,0.0025633522309914114,0.2626870469083283
Israel,2001,0.2626870469083283,0.2601236946773369,0.2652503991393197,0.2626870469083283,0.0025633522309914114,0.2626870469083283
Israel,2002,0.2626870469083283,0.2601236946773369,0.2652503991393197,0.2626870469083283,0.0025633522309914114,0.2626870469083283
Israel,2003,0.2626870469083283,0.2601236946773369,0.2652503991393197,0.2626870469083283,0.0025633522309914114,0.2626870469083283
Israel,2004,0.2626870469083283,0.2601236946773369,0.2652503991393197,0.2626870469083283,0.0025633522309914114,0.2626870469083283
Israel,2005,0.2626870469083283,0.2601236946773369,0.2652503991393197,0.2626870469083283,0.0025633522309914114,0.2626870469083283
Israel,2006,0.2626870469083283,0.2601236946773369,0.2652503991393197,0.2626870469083283,0.0025633522309914114,0.2626870469083283
Israel,2007,0.2626870469083283,0.2601236946773369,0.2652503991393197,0.2626870469083283,0.0025633522309914114,0.2626870469083283
Israel,2008,0.2626870469083283,0.2601236946773369,0.2652503991393197,0.2626870469083283,0.0025633522309914114,0.2626870469083283
Israel,2009,0.2626870469083283,0.2601236946773369,0.2652503991393197,0.2626870469083283,0.0025633522309914114,0.2626870469083283
Israel,2010,0.2626870469083283,0.2601236946773369,0.2652503991393197,0.2626870469083283,0.0025633522309914114,0.2626870469083283
Israel,2011,0.2626870469083283,0.2601236946773369,0.2652503991393197,0.2626870469083283,0.0025633522309914114,0.2626870469083283
Israel,2012,0.2626870469083283,0.2601236946773369,0.2652503991393197,0.2626870469083283,0.0025633522309914114,0.2626870469083283
Israel,2013,0.2626870469083283,0.2601236946773369,0.2652503991393197,0.2626870469083283,0.0025633522309914114,0.2626870469083283
Israel,2014,0.2626870469083283,0.2601236946773369,0.2652503991393197,0.2626870469083283,0.0025633522309914114,0.2626870469083283
Israel,2015,0.2626870469083283,0.2601236946773369,0.2652503991393197,0.2626870469083283,0.0025633522309914114,0.2626870469083283
Israel,2016,0.2626870469083283,0.2601236946773369,0.2652503991393197,0.2626870469083283,0.0025633522309914114,0.2626870469083283
Israel,2017,0.2626870469083283,0.2601236946773369,0.2652503991393197,0.2626870469083283,0.0025633522309914114,0.2626870469083283
Israel,2018,0.2626870469083283,0.2601236946773369,0.2652503991393197,0.2626870469083283,0.0025633522309914114,0.2626870469083283
Israel,2019,0.2626870469083283,0.2601236946773369,0.2652503991393197,0.2626870469083283,0.0025633522309914114,0.2626870469083283
Israel,2020,0.2626870469083283,0.2601236946773369,0.2652503991393197,0.2626870469083283,0.0025633522309914114,0.2626870469083283
Israel,2021,0.2626870469083283,0.2601236946773369,0.2652503991393197,0.2626870469083283,0.0025633522309914114,0.2626870469083283
Israel,2022,0.2626870469083283,0.2601236946773369,0.2652503991393197,0.2626870469083283,0.0025633522309914114,0.2626870469083283
Israel,2023,0.2626870469083283,0.2601236946773369,0.2652503991393197,0.2626870469083283,0.0025633522309914114,0.2626870469083283
Israel,2024,0.2626870469083283,0.2601236946773369,0.2652503991393197,0.2626870469083283,0.0025633522309914114,0.2626870469083283
Israel,2025,0.2626870469083283,0.2601236946773369,0.2652503991393197,0.2626870469083283,0.0025633522309914114,0.2626870469083283
Italy,1900,0.2471315758098035,0.2045644133706981,0.29351725098327286,0.2400933409623993,0.046385675173469365,0.2400933409623993
Italy,1901,0.2955137276356273,0.2564459298465345,0.3371627833677374,0.2870975832845221,0.04164905573211014,0.2870975832845221
Italy,1902,0.2955137276356273,0.2564459298465345,0.3371627833677374,0.2870975832845221,0.04164905573211014,0.2870975832845221
Italy,1903,0.3425454244262123,0.30524772709307246,0.38242972509174655,0.3457777817621463,0.03988430066553428,0.3457777817621463
Italy,1904,0.3425454244262123,0.30524772709307246,0.38242972509174655,0.3457777817621463,0.03988430066553428,0.3457777817621463
Italy,1905,0.3425454244262123,0.30524772709307246,0.38242972509174655,0.3457777817621463,0.03988430066553428,0.3457777817621463
Italy,1906,0.3425454244262123,0.30524772709307246,0.38242972509174655,0.3457777817621463,0.03988430066553428,0.3457777817621463
Italy,1907,0.29820311218874895,0.2657335807657358,0.3329244125998018,0.30101704268832064,0.03472130041105287,0.30101704268832064
Italy,1908,0.29820311218874895,0.2657335807657358,0.3329244125998018,0.30101704268832064,0.03472130041105287,0.30101704268832064
Italy,1909,0.29820311218874895,0.2657335807657358,0.3329244125998018,0.30101704268832064,0.03472130041105287,0.30101704268832064
Italy,1910,0.29820311218874895,0.2657335807657358,0.3329244125998018,0.30101704268832064,0.03472130041105287,0.30101704268832064
Italy,1911,0.29820311218874895,0.2657335807657358,0.3329244125998018,0.30101704268832064,0.03472130041105287,0.30101704268832064
Italy,1912,0.25960088729257275,0.23133451842230737,0.28982753492378877,0.262050556074051,0.03022664763121602,0.262050556074051
Italy,1913,0.22599569866472283,0.20138839532237732,0.2523095237866314,0.22812825920232768,0.02631382512190858,0.22812825920232768
Italy,1914,0.15938501490376908,0.1387854119726157,0.1817280322519472,0.16337788817873022,0.022343017348178118,0.16337788817873022
Italy,1915,0.15938501490376908,0.1387854119726157,0.1817280322519472,0.16337788817873022,0.022343017348178118,0.16337788817873022
Italy,1916,0.11380401881487134,0.09223989458710924,0.13839115720491224,0.11331996275170227,0.024587138390040897,0.11331996275170227
Italy,1917,0.11380401881487134,0.09223989458710924,0.13839115720491224,0.11331996275170227,0.024587138390040897,0.11331996275170227
Italy,1918,0.15474932127448274,0.13663216918440965,0.17414257541429018,0.15472840991528147,0.019393254139807442,0.15472840991528147
Italy,1919,0.20966703017638175,0.19362931848398668,0.22617567092798896,0.21064708476839802,0.016508640751607212,0.21064708476839802
Italy,1920,0.20966703017638175,0.19362931848398668,0.22617567092798896,0.21064708476839802,0.016508640751607212,0.21064708476839802
Italy,1921,0.2898500876213973,0.2703477387870787,0.30983866769659335,0.2928537314079854,0.01998858007519605,0.2928537314079854
Italy,1922,0.2898500876213973,0.2703477387870787,0.30983866769659335,0.2928537314079854,0.01998858007519605,0.2928537314079854
Italy,1923,0.33295031884644544,0.3105480028218854,0.35591116789754973,0.33640059952309637,0.022960849051104293,0.33640059952309637
Italy,1924,0.33295031884644544,0.3105480028218854,0.35591116789754973,0.33640059952309637,0.022960849051104293,0.33640059952309637
Italy,1925,0.33295031884644544,0.3105480028218854,0.35591116789754973,0.33640059952309637,0.022960849051104293,0.33640059952309637
Italy,1926,0.33295031884644544,0.3105480028218854,0.35591116789754973,0.33640059952309637,0.022960849051104293,0.33640059952309637
Italy,1927,0.33295031884644544,0.3105480028218854,0.35591116789754973,0.33640059952309637,0.022960849051104293,0.33640059952309637
Italy,1928,0.33295031884644544,0.3105480028218854,0.35591116789754973,0.33640059952309637,0.022960849051104293,0.33640059952309637
Italy,1929,0.2898500876213973,0.2703477387870787,0.30983866769659335,0.2928537314079854,0.01998858007519605,0.2928537314079854
Italy,1930,0.2898500876213973,0.2703477387870787,0.30983866769659335,0.2928537314079854,0.01998858007519605,0.2928537314079854
Italy,1931,0.2898500876213973,0.2703477387870787,0.30983866769659335,0.2928537314079854,0.01998858007519605,0.2928537314079854
Italy,1932,0.2898500876213973,0.2703477387870787,0.30983866769659335,0.2928537314079854,0.01998858007519605,0.2928537314079854
Italy,1933,0.2898500876213973,0.2703477387870787,0.30983866769659335,0.2928537314079854,0.01998858007519605,0.2928537314079854
Italy,1934,0.2898500876213973,0.2703477387870787,0.30983866769659335,0.2928537314079854,0.01998858007519605,0.2928537314079854
Italy,1935,0.2898500876213973,0.2703477387870787,0.30983866769659335,0.2928537314079854,0.01998858007519605,0.2928537314079854
Italy,1936,0.2898500876213973,0.2703477387870787,0.30983866769659335,0.2928537314079854,0.01998858007519605,0.2928537314079854
Italy,1937,0.2898500876213973,0.2703477387870787,0.30983866769659335,0.2928537314079854,0.01998858007519605,0.2928537314079854
Italy,1938,0.2898500876213973,0.2703477387870787,0.30983866769659335,0.2928537314079854,0.01998858007519605,0.2928537314079854
Italy,1939,0.1825257512246746,0.16856411227687926,0.1968973577302396,0.18337893830181537,0.014371606505565016,0.18337893830181537
Italy,1940,0.1265213958171781,0.11506375287136228,0.13839115720491224,0.12598324743363512,0.011869761387734129,0.12598324743363512
Italy,1941,0.0818734507494348,0.07247242725942356,0.09171620866115869,0.0802140973289174,0.009842757911723884,0.0802140973289174
Italy,1942,0.04727161400373914,0.040236892706218254,0.05477225575051662,0.04456002084572236,0.0075006417467774825,0.04456002084572236
Italy,1943,0.053350992922625885,0.04440691535845722,0.06291680008009533,0.05029067458082037,0.009565807157469443,0.05029067458082037
Italy,1944,0.09404789819380653,0.0832489579755421,0.1053542580156378,0.09214180164929951,0.011306359821831272,0.09214180164929951
Italy,1945,0.14533491924712125,0.13217354364311923,0.15896969462741878,0.1447167490842011,0.013634775380297531,0.1447167490842011
Italy,1946,0.20966703017638175,0.19362931848398668,0.22617567092798896,0.21064708476839802,0.016508640751607212,0.21064708476839802
Italy,1947,0.24084417266072342,0.2224216796217525,0.2598076211353316,0.24196995975837984,0.018963448474608208,0.24196995975837984
Italy,1948,0.24084417266072342,0.2224216796217525,0.2598076211353316,0.24196995975837984,0.018963448474608208,0.24196995975837984
Italy,1949,0.33295031884644544,0.3105480028218854,0.35591116789754973,0.33640059952309637,0.022960849051104293,0.33640059952309637
Italy,1950,0.33295031884644544,0.3105480028218854,0.35591116789754973,0.33640059952309637,0.022960849051104293,0.33640059952309637
Italy,1951,0.33295031884644544,0.3105480028218854,0.35591116789754973,0.33640059952309637,0.022960849051104293,0.33640059952309637
Italy,1952,0.33295031884644544,0.3105480028218854,0.35591116789754973,0.33640059952309637,0.022960849051104293,0.33640059952309637
Italy,1953,0.33295031884644544,0.3105480028218854,0.35591116789754973,0.33640059952309637,0.022960849051104293,0.33640059952309637
Italy,1954,0.33295031884644544,0.3105480028218854,0.35591116789754973,0.33640059952309637,0.022960849051104293,0.33640059952309637
Italy,1955,0.33295031884644544,0.3105480028218854,0.35591116789754973,0.33640059952309637,0.022960849051104293,0.33640059952309637
Italy,1956,0.33295031884644544,0.3105480028218854,0.35591116789754973,0.33640059952309637,0.022960849051104293,0.33640059952309637
Italy,1957,0.33295031884644544,0.3105480028218854,0.35591116789754973,0.33640059952309637,0.022960849051104293,0.33640059952309637
Italy,1958,0.33295031884644544,0.3105480028218854,0.35591116789754973,0.33640059952309637,0.022960849051104293,0.33640059952309637
Italy,1959,0.2898500876213973,0.2703477387870787,0.30983866769659335,0.2928537314079854,0.01998858007519605,0.2928537314079854
Italy,1960,0.2898500876213973,0.2703477387870787,0.30983866769659335,0.2928537314079854,0.01998858007519605,0.2928537314079854
Italy,1961,0.2898500876213973,0.2703477387870787,0.30983866769659335,0.2928537314079854,0.01998858007519605,0.2928537314079854
Italy,1962,0.2898500876213973,0.2703477387870787,0.30983866769659335,0.2928537314079854,0.01998858007519605,0.2928537314079854
Italy,1963,0.2898500876213973,0.2703477387870787,0.30983866769659335,0.2928537314079854,0.01998858007519605,0.2928537314079854
Italy,1964,0.2898500876213973,0.2703477387870787,0.30983866769659335,0.2928537314079854,0.01998858007519605,0.2928537314079854
Italy,1965,0.2898500876213973,0.2703477387870787,0.30983866769659335,0.2928537314079854,0.01998858007519605,0.2928537314079854
Italy,1966,0.2898500876213973,0.2703477387870787,0.30983866769659335,0.2928537314079854,0.01998858007519605,0.2928537314079854
Italy,1967,0.2898500876213973,0.2703477387870787,0.30983866769659335,0.2928537314079854,0.01998858007519605,0.2928537314079854
Italy,1968,0.2898500876213973,0.2703477387870787,0.30983866769659335,0.2928537314079854,0.01998858007519605,0.2928537314079854
Italy,1969,0.2898500876213973,0.2703477387870787,0.30983866769659335,0.2928537314079854,0.01998858007519605,0.2928537314079854
Italy,1970,0.2898500876213973,0.2703477387870787,0.30983866769659335,0.2928537314079854,0.01998858007519605,0.2928537314079854
Italy,1971,0.2898500876213973,0.2703477387870787,0.30983866769659335,0.2928537314079854,0.01998858007519605,0.2928537314079854
Italy,1972,0.2898500876213973,0.2703477387870787,0.30983866769659335,0.2928537314079854,0.01998858007519605,0.2928537314079854
Italy,1973,0.2898500876213973,0.2703477387870787,0.30983866769659335,0.2928537314079854,0.01998858007519605,0.2928537314079854
Italy,1974,0.2898500876213973,0.2703477387870787,0.30983866769659335,0.2928537314079854,0.01998858007519605,0.2928537314079854
Italy,1975,0.2898500876213973,0.2703477387870787,0.30983866769659335,0.2928537314079854,0.01998858007519605,0.2928537314079854
Italy,1976,0.2898500876213973,0.2703477387870787,0.30983866769659335,0.2928537314079854,0.01998858007519605,0.2928537314079854
Italy,1977,0.2898500876213973,0.2703477387870787,0.30983866769659335,0.2928537314079854,0.01998858007519605,0.2928537314079854
Italy,1978,0.2898500876213973,0.2703477387870787,0.30983866769659335,0.2928537314079854,0.01998858007519605,0.2928537314079854
Italy,1979,0.2898500876213973,0.2703477387870787,0.30983866769659335,0.2928537314079854,0.01998858007519605,0.2928537314079854
Italy,1980,0.2898500876213973,0.2703477387870787,0.30983866769659335,0.2928537314079854,0.01998858007519605,0.2928537314079854
Italy,1981,0.2898500876213973,0.2703477387870787,0.30983866769659335,0.2928537314079854,0.01998858007519605,0.2928537314079854
Italy,1982,0.2898500876213973,0.2703477387870787,0.30983866769659335,0.2928537314079854,0.01998858007519605,0.2928537314079854
Italy,1983,0.2898500876213973,0.2703477387870787,0.30983866769659335,0.2928537314079854,0.01998858007519605,0.2928537314079854
Italy,1984,0.2898500876213973,0.2703477387870787,0.30983866769659335,0.2928537314079854,0.01998858007519605,0.2928537314079854
Italy,1985,0.2898500876213973,0.2703477387870787,0.30983866769659335,0.2928537314079854,0.01998858007519605,0.2928537314079854
Italy,1986,0.2898500876213973,0.2703477387870787,0.30983866769659335,0.2928537314079854,0.01998858007519605,0.2928537314079854
Italy,1987,0.2898500876213973,0.2703477387870787,0.30983866769659335,0.2928537314079854,0.01998858007519605,0.2928537314079854
Italy,1988,0.2898500876213973,0.2703477387870787,0.30983866769659335,0.2928537314079854,0.01998858007519605,0.2928537314079854
Italy,1989,0.2898500876213973,0.2703477387870787,0.30983866769659335,0.2928537314079854,0.01998858007519605,0.2928537314079854
Italy,1990,0.2898500876213973,0.2703477387870787,0.30983866769659335,0.2928537314079854,0.01998858007519605,0.2928537314079854
Italy,1991,0.2898500876213973,0.2703477387870787,0.30983866769659335,0.2928537314079854,0.01998858007519605,0.2928537314079854
Italy,1992,0.2898500876213973,0.2703477387870787,0.30983866769659335,0.2928537314079854,0.01998858007519605,0.2928537314079854
Italy,1993,0.2898500876213973,0.2703477387870787,0.30983866769659335,0.2928537314079854,0.01998858007519605,0.2928537314079854
Italy,1994,0.2898500876213973,0.2703477387870787,0.30983866769659335,0.2928537314079854,0.01998858007519605,0.2928537314079854
Italy,1995,0.2898500876213973,0.2703477387870787,0.30983866769659335,0.2928537314079854,0.01998858007519605,0.2928537314079854
Italy,1996,0.2898500876213973,0.2703477387870787,0.30983866769659335,0.2928537314079854,0.01998858007519605,0.2928537314079854
Italy,1997,0.2898500876213973,0.2703477387870787,0.30983866769659335,0.2928537314079854,0.01998858007519605,0.2928537314079854
Italy,1998,0.2898500876213973,0.2703477387870787,0.30983866769659335,0.2928537314079854,0.01998858007519605,0.2928537314079854
Italy,1999,0.2898500876213973,0.2703477387870787,0.30983866769659335,0.2928537314079854,0.01998858007519605,0.2928537314079854
Italy,2000,0.2898500876213973,0.2703477387870787,0.30983866769659335,0.2928537314079854,0.01998858007519605,0.2928537314079854
Italy,2001,0.2898500876213973,0.2703477387870787,0.30983866769659335,0.2928537314079854,0.01998858007519605,0.2928537314079854
Italy,2002,0.20966703017638175,0.19362931848398668,0.22617567092798896,0.21064708476839802,0.016508640751607212,0.21064708476839802
Italy,2003,0.20966703017638175,0.19362931848398668,0.22617567092798896,0.21064708476839802,0.016508640751607212,0.21064708476839802
Italy,2004,0.20966703017638175,0.19362931848398668,0.22617567092798896,0.21064708476839802,0.016508640751607212,0.21064708476839802
Italy,2005,0.20966703017638175,0.19362931848398668,0.22617567092798896,0.21064708476839802,0.016508640751607212,0.21064708476839802
Italy,2006,0.20966703017638175,0.19362931848398668,0.22617567092798896,0.21064708476839802,0.016508640751607212,0.21064708476839802
Italy,2007,0.20966703017638175,0.19362931848398668,0.22617567092798896,0.21064708476839802,0.016508640751607212,0.21064708476839802
Italy,2008,0.20966703017638175,0.19362931848398668,0.22617567092798896,0.21064708476839802,0.016508640751607212,0.21064708476839802
Italy,2009,0.20966703017638175,0.19362931848398668,0.22617567092798896,0.21064708476839802,0.016508640751607212,0.21064708476839802
Italy,2010,0.1825257512246746,0.16856411227687926,0.1968973577302396,0.18337893830181537,0.014371606505565016,0.18337893830181537
Italy,2011,0.1825257512246746,0.16856411227687926,0.1968973577302396,0.18337893830181537,0.014371606505565016,0.18337893830181537
Italy,2012,0.1825257512246746,0.16856411227687926,0.1968973577302396,0.18337893830181537,0.014371606505565016,0.18337893830181537
Italy,2013,0.1825257512246746,0.16856411227687926,0.1968973577302396,0.18337893830181537,0.014371606505565016,0.18337893830181537
Italy,2014,0.1825257512246746,0.16856411227687926,0.1968973577302396,0.18337893830181537,0.014371606505565016,0.18337893830181537
Italy,2015,0.1825257512246746,0.16856411227687926,0.1968973577302396,0.18337893830181537,0.014371606505565016,0.18337893830181537
Italy,2016,0.1825257512246746,0.16856411227687926,0.1968973577302396,0.18337893830181537,0.014371606505565016,0.18337893830181537
Italy,2017,0.1825257512246746,0.16856411227687926,0.1968973577302396,0.18337893830181537,0.014371606505565016,0.18337893830181537
Italy,2018,0.1825257512246746,0.16856411227687926,0.1968973577302396,0.18337893830181537,0.014371606505565016,0.18337893830181537
Italy,2019,0.1825257512246746,0.16856411227687926,0.1968973577302396,0.18337893830181537,0.014371606505565016,0.18337893830181537
Italy,2020,0.1825257512246746,0.16856411227687926,0.1968973577302396,0.18337893830181537,0.014371606505565016,0.18337893830181537
Italy,2021,0.1825257512246746,0.16856411227687926,0.1968973577302396,0.18337893830181537,0.014371606505565016,0.18337893830181537
Italy,2022,0.1825257512246746,0.16856411227687926,0.1968973577302396,0.18337893830181537,0.014371606505565016,0.18337893830181537
Italy,2023,0.1825257512246746,0.16856411227687926,0.1968973577302396,0.18337893830181537,0.014371606505565016,0.18337893830181537
Japan,1900,0.5877740570155149,0.491817580446287,0.6970648493244698,0.587774057015515,0.10929079230895489,0.587774057015515
Japan,1901,0.5877740570155149,0.491817580446287,0.6970648493244698,0.587774057015515,0.10929079230895489,0.587774057015515
Japan,1902,0.5877740570155149,0.491817580446287,0.6970648493244698,0.587774057015515,0.10929079230895489,0.587774057015515
Japan,1903,0.5877740570155149,0.491817580446287,0.6970648493244698,0.587774057015515,0.10929079230895489,0.587774057015515
Japan,1904,0.5116870364257048,0.4281520716964519,0.606830197233345,0.5172495093086672,0.09514316080764018,0.5172495093086672
Japan,1905,0.5116870364257048,0.4281520716964519,0.606830197233345,0.5172495093086672,0.09514316080764018,0.5172495093086672
Japan,1906,0.5877740570155149,0.491817580446287,0.6970648493244698,0.5941636604658896,0.10929079230895489,0.5941636604658896
Japan,1907,0.5877740570155149,0.491817580446287,0.6970648493244698,0.5941636604658896,0.10929079230895489,0.5941636604658896
Japan,1908,0.5877740570155149,0.491817580446287,0.6970648493244698,0.5941636604658896,0.10929079230895489,0.5941636604658896
Japan,1909,0.6303233704182393,0.5546367947467189,0.7123867862598869,0.6303233704182393,0.08206341584164767,0.6303233704182393
Japan,1910,0.6303233704182393,0.5546367947467189,0.7123867862598869,0.6303233704182393,0.08206341584164767,0.6303233704182393
Japan,1911,0.6303233704182393,0.5546367947467189,0.7123867862598869,0.6303233704182393,0.08206341584164767,0.6303233704182393
Japan,1912,0.6303233704182393,0.5546367947467189,0.7123867862598869,0.6303233704182393,0.08206341584164767,0.6303233704182393
Japan,1913,0.6303233704182393,0.5546367947467189,0.7123867862598869,0.6092179351775661,0.08206341584164767,0.6092179351775661
Japan,1914,0.6303233704182393,0.5546367947467189,0.7123867862598869,0.5806251901833167,0.08206341584164767,0.5806251901833167
Japan,1915,0.6303233704182393,0.5546367947467189,0.7123867862598869,0.5806251901833167,0.08206341584164767,0.5806251901833167
Japan,1916,0.6303233704182393,0.5546367947467189,0.7123867862598869,0.5806251901833167,0.08206341584164767,0.5806251901833167
Japan,1917,0.6303233704182393,0.5546367947467189,0.7123867862598869,0.5571531963560192,0.08206341584164767,0.5571531963560192
Japan,1918,0.6109559307157997,0.5181871107205911,0.7123867862598869,0.5163656727819023,0.10143085554408726,0.5163656727819023
Japan,1919,0.6109559307157997,0.5181871107205911,0.7123867862598869,0.5163656727819023,0.10143085554408726,0.5163656727819023
Japan,1920,0.5930612534258279,0.4845091779122175,0.7123867862598869,0.4800394198477948,0.119325532834059,0.4800394198477948
Japan,1921,0.5930612534258279,0.4845091779122175,0.7123867862598869,0.4800394198477948,0.119325532834059,0.4800394198477948
Japan,1922,0.5930612534258279,0.4845091779122175,0.7123867862598869,0.4800394198477948,0.119325532834059,0.4800394198477948
Japan,1923,0.5033441602808271,0.3993961547364276,0.6201687180632601,0.4007893974215185,0.11682455778243306,0.4007893974215185
Japan,1924,0.5033441602808271,0.3993961547364276,0.6201687180632601,0.4007893974215185,0.11682455778243306,0.4007893974215185
Japan,1925,0.5033441602808271,0.3993961547364276,0.6201687180632601,0.4007893974215185,0.11682455778243306,0.4007893974215185
Japan,1926,0.5033441602808271,0.3993961547364276,0.6201687180632601,0.4007893974215185,0.11682455778243306,0.4007893974215185
Japan,1927,0.5033441602808271,0.3993961547364276,0.6201687180632601,0.4007893974215185,0.11682455778243306,0.4007893974215185
Japan,1928,0.5033441602808271,0.3993961547364276,0.6201687180632601,0.4007893974215185,0.11682455778243306,0.4007893974215185
Japan,1929,0.5033441602808271,0.3993961547364276,0.6201687180632601,0.4007893974215185,0.11682455778243306,0.4007893974215185
Japan,1930,0.4215080726953444,0.3196550430381995,0.5417035418717633,0.3426441667191406,0.12019546917641888,0.3426441667191406
Japan,1931,0.36347568052687196,0.26297763544265035,0.4878926389108879,0.3238274737389406,0.12441695838401595,0.3238274737389406
Japan,1932,0.3066765553029702,0.21180824112571658,0.42656045225914974,0.30292688200835427,0.11988389695617951,0.30292688200835427
Japan,1933,0.26873725660837894,0.1796211122466105,0.381051177665153,0.29100642468536564,0.11231392105677407,0.29100642468536564
Japan,1934,0.26873725660837894,0.1796211122466105,0.381051177665153,0.30024777967520827,0.11231392105677407,0.30024777967520827
Japan,1935,0.26873725660837894,0.1796211122466105,0.381051177665153,0.30024777967520827,0.11231392105677407,0.30024777967520827
Japan,1936,0.26873725660837894,0.1796211122466105,0.381051177665153,0.30024777967520827,0.11231392105677407,0.30024777967520827
Japan,1937,0.3312077562030191,0.21991549072111116,0.472504749714512,0.38492580168522944,0.14129699351149289,0.38492580168522944
Japan,1938,0.3312077562030191,0.21991549072111116,0.472504749714512,0.38492580168522944,0.14129699351149289,0.38492580168522944
Japan,1939,0.3312077562030191,0.21991549072111116,0.472504749714512,0.38492580168522944,0.14129699351149289,0.38492580168522944
Japan,1940,0.3312077562030191,0.21991549072111116,0.472504749714512,0.38492580168522944,0.14129699351149289,0.38492580168522944
Japan,1941,0.2883330987305837,0.1914475543248069,0.4113392760240626,0.33509737348428864,0.1230061772934789,0.33509737348428864
Japan,1942,0.24163809930617428,0.16059888689803492,0.34284664171154033,0.2856789576020999,0.10120854240536606,0.2856789576020999
Japan,1943,0.19913339186272885,0.13586233274845902,0.27534358795839853,0.2341395636380269,0.07621019609566967,0.2341395636380269
Japan,1944,0.16330149414735526,0.11437253933193774,0.21951075982384205,0.19312922772976657,0.05620926567648679,0.19312922772976657
Japan,1945,0.11091660722773962,0.10500000000000002,0.11683321445547924,0.11454146802934874,0.005916607227739623,0.11454146802934874
Japan,1946,0.1360486878531891,0.12243660625651716,0.15002796743500665,0.14491284617105718,0.01397927958181755,0.14491284617105718
Japan,1947,0.17685341822794354,0.16044845684462314,0.19364916731037085,0.18777490232624441,0.016795749082427314,0.18777490232624441
Japan,1948,0.2267684519239371,0.20705433589738476,0.24690335250398626,0.24015621875454415,0.02013490058004916,0.24015621875454415
Japan,1949,0.2876037521160295,0.263970249475676,0.3116944703773993,0.3082870421833217,0.02409071826136977,0.3082870421833217
Japan,1950,0.3699610423568474,0.3397056062365578,0.4015933876965403,0.39016596182694124,0.03163234533969289,0.39016596182694124
Japan,1951,0.4607283205327422,0.4247076862914348,0.4982713854862662,0.48520878048214144,0.037543064953524,0.48520878048214144
Japan,1952,0.5702997217569002,0.5274730636922498,0.614817045957576,0.5998749022153713,0.04451732420067578,0.5998749022153713
Japan,1953,0.6739491461907917,0.6514054246207007,0.6970648493244698,0.6812755460862605,0.023115703133678056,0.6812755460862605
Japan,1954,0.6739491461907917,0.6514054246207007,0.6970648493244698,0.6812755460862605,0.023115703133678056,0.6812755460862605
Japan,1955,0.6739491461907917,0.6514054246207007,0.6970648493244698,0.6812755460862605,0.023115703133678056,0.6812755460862605
Japan,1956,0.6739491461907917,0.6514054246207007,0.6970648493244698,0.6812755460862605,0.023115703133678056,0.6812755460862605
Japan,1957,0.6739491461907917,0.6514054246207007,0.6970648493244698,0.6812755460862605,0.023115703133678056,0.6812755460862605
Japan,1958,0.6739491461907917,0.6514054246207007,0.6970648493244698,0.6812755460862605,0.023115703133678056,0.6812755460862605
Japan,1959,0.6739491461907917,0.6514054246207007,0.6970648493244698,0.6812755460862605,0.023115703133678056,0.6812755460862605
Japan,1960,0.6739491461907917,0.6514054246207007,0.6970648493244698,0.6812755460862605,0.023115703133678056,0.6812755460862605
Japan,1961,0.6739491461907917,0.6514054246207007,0.6970648493244698,0.6812755460862605,0.023115703133678056,0.6812755460862605
Japan,1962,0.6739491461907917,0.6514054246207007,0.6970648493244698,0.6812755460862605,0.023115703133678056,0.6812755460862605
Japan,1963,0.6739491461907917,0.6514054246207007,0.6970648493244698,0.6812755460862605,0.023115703133678056,0.6812755460862605
Japan,1964,0.6739491461907917,0.6514054246207007,0.6970648493244698,0.6812755460862605,0.023115703133678056,0.6812755460862605
Japan,1965,0.6739491461907917,0.6514054246207007,0.6970648493244698,0.6812755460862605,0.023115703133678056,0.6812755460862605
Japan,1966,0.6739491461907917,0.6514054246207007,0.6970648493244698,0.6812755460862605,0.023115703133678056,0.6812755460862605
Japan,1967,0.6739491461907917,0.6514054246207007,0.6970648493244698,0.6812755460862605,0.023115703133678056,0.6812755460862605
Japan,1968,0.6739491461907917,0.6514054246207007,0.6970648493244698,0.6812755460862605,0.023115703133678056,0.6812755460862605
Japan,1969,0.6739491461907917,0.6514054246207007,0.6970648493244698,0.6812755460862605,0.023115703133678056,0.6812755460862605
Japan,1970,0.6739491461907917,0.6514054246207007,0.6970648493244698,0.6812755460862605,0.023115703133678056,0.6812755460862605
Japan,1971,0.6739491461907917,0.6514054246207007,0.6970648493244698,0.6812755460862605,0.023115703133678056,0.6812755460862605
Japan,1972,0.6739491461907917,0.6514054246207007,0.6970648493244698,0.6812755460862605,0.023115703133678056,0.6812755460862605
Japan,1973,0.5259452737355125,0.503633248398779,0.5469940129737734,0.5589191592746872,0.021048739238260894,0.5589191592746872
Japan,1974,0.5259452737355125,0.503633248398779,0.5469940129737734,0.5589191592746872,0.021048739238260894,0.5589191592746872
Japan,1975,0.5259452737355125,0.503633248398779,0.5469940129737734,0.5589191592746872,0.021048739238260894,0.5589191592746872
Japan,1976,0.6739491461907917,0.6514054246207007,0.6970648493244698,0.6812755460862605,0.023115703133678056,0.6812755460862605
Japan,1977,0.6739491461907917,0.6514054246207007,0.6970648493244698,0.6812755460862605,0.023115703133678056,0.6812755460862605
Japan,1978,0.6739491461907917,0.6514054246207007,0.6970648493244698,0.6812755460862605,0.023115703133678056,0.6812755460862605
Japan,1979,0.6739491461907917,0.6514054246207007,0.6970648493244698,0.6812755460862605,0.023115703133678056,0.6812755460862605
Japan,1980,0.6739491461907917,0.6514054246207007,0.6970648493244698,0.6812755460862605,0.023115703133678056,0.6812755460862605
Japan,1981,0.6739491461907917,0.6514054246207007,0.6970648493244698,0.6812755460862605,0.023115703133678056,0.6812755460862605
Japan,1982,0.6739491461907917,0.6514054246207007,0.6970648493244698,0.6812755460862605,0.023115703133678056,0.6812755460862605
Japan,1983,0.6739491461907917,0.6514054246207007,0.6970648493244698,0.6812755460862605,0.023115703133678056,0.6812755460862605
Japan,1984,0.6739491461907917,0.6514054246207007,0.6970648493244698,0.6812755460862605,0.023115703133678056,0.6812755460862605
Japan,1985,0.6739491461907917,0.6514054246207007,0.6970648493244698,0.6812755460862605,0.023115703133678056,0.6812755460862605
Japan,1986,0.6739491461907917,0.6514054246207007,0.6970648493244698,0.6812755460862605,0.023115703133678056,0.6812755460862605
Japan,1987,0.6739491461907917,0.6514054246207007,0.6970648493244698,0.6812755460862605,0.023115703133678056,0.6812755460862605
Japan,1988,0.6739491461907917,0.6514054246207007,0.6970648493244698,0.6812755460862605,0.023115703133678056,0.6812755460862605
Japan,1989,0.6739491461907917,0.6514054246207007,0.6970648493244698,0.6812755460862605,0.023115703133678056,0.6812755460862605
Japan,1990,0.5259452737355125,0.503633248398779,0.5469940129737734,0.5529085732590736,0.021048739238260894,0.5529085732590736
Japan,1991,0.4252252697690049,0.4054937081395969,0.4439781950923843,0.44754275393331017,0.01875292532337941,0.44754275393331017
Japan,1992,0.34175773334879955,0.32431952601073033,0.35845956974602855,0.36017644716206876,0.016701836397228997,0.36017644716206876
Japan,1993,0.27276269043702456,0.2573625069758523,0.28763370109474384,0.2879137051970736,0.014871010657719286,0.2879137051970736
Japan,1994,0.21589040425801623,0.20230151203028543,0.229128784747792,0.2283061787996633,0.01323838048977577,0.2283061787996633
Japan,1995,0.21589040425801623,0.20230151203028543,0.229128784747792,0.2283061787996633,0.01323838048977577,0.2283061787996633
Japan,1996,0.21589040425801623,0.20230151203028543,0.229128784747792,0.2283061787996633,0.01323838048977577,0.2283061787996633
Japan,1997,0.21589040425801623,0.20230151203028543,0.229128784747792,0.2283061787996633,0.01323838048977577,0.2283061787996633
Japan,1998,0.15662052372924626,0.14455006329826794,0.1685813916838687,0.16629253672461763,0.01196086795462245,0.16629253672461763
Japan,1999,0.15662052372924626,0.14455006329826794,0.1685813916838687,0.16629253672461763,0.01196086795462245,0.16629253672461763
Japan,2000,0.15662052372924626,0.14455006329826794,0.1685813916838687,0.16629253672461763,0.01196086795462245,0.16629253672461763
Japan,2001,0.15662052372924626,0.14455006329826794,0.1685813916838687,0.16629253672461763,0.01196086795462245,0.16629253672461763
Japan,2002,0.15662052372924626,0.14455006329826794,0.1685813916838687,0.16629253672461763,0.01196086795462245,0.16629253672461763
Japan,2003,0.15662052372924626,0.14455006329826794,0.1685813916838687,0.16629253672461763,0.01196086795462245,0.16629253672461763
Japan,2004,0.15662052372924626,0.14455006329826794,0.1685813916838687,0.16629253672461763,0.01196086795462245,0.16629253672461763
Japan,2005,0.15662052372924626,0.14455006329826794,0.1685813916838687,0.16629253672461763,0.01196086795462245,0.16629253672461763
Japan,2006,0.15662052372924626,0.14455006329826794,0.1685813916838687,0.16629253672461763,0.01196086795462245,0.16629253672461763
Japan,2007,0.15662052372924626,0.14455006329826794,0.1685813916838687,0.16629253672461763,0.01196086795462245,0.16629253672461763
Japan,2008,0.15662052372924626,0.14455006329826794,0.1685813916838687,0.16629253672461763,0.01196086795462245,0.16629253672461763
Japan,2009,0.15662052372924626,0.14455006329826794,0.1685813916838687,0.16629253672461763,0.01196086795462245,0.16629253672461763
Japan,2010,0.15662052372924626,0.14455006329826794,0.1685813916838687,0.16629253672461763,0.01196086795462245,0.16629253672461763
Japan,2011,0.12405971545759409,0.11692670993771119,0.1306069315607176,0.13214274055719996,0.006547216103123504,0.13214274055719996
Japan,2012,0.12405971545759409,0.11692670993771119,0.1306069315607176,0.13214274055719996,0.006547216103123504,0.13214274055719996
Japan,2013,0.12405971545759409,0.11692670993771119,0.1306069315607176,0.13214274055719996,0.006547216103123504,0.13214274055719996
Japan,2014,0.12405971545759409,0.11692670993771119,0.1306069315607176,0.13214274055719996,0.006547216103123504,0.13214274055719996
Japan,2015,0.12405971545759409,0.11692670993771119,0.1306069315607176,0.13214274055719996,0.006547216103123504,0.13214274055719996
Japan,2016,0.12405971545759409,0.11692670993771119,0.1306069315607176,0.13214274055719996,0.006547216103123504,0.13214274055719996
Japan,2017,0.12405971545759409,0.11692670993771119,0.1306069315607176,0.13214274055719996,0.006547216103123504,0.13214274055719996
Japan,2018,0.12405971545759409,0.11692670993771119,0.1306069315607176,0.13214274055719996,0.006547216103123504,0.13214274055719996
Japan,2019,0.12405971545759409,0.11692670993771119,0.1306069315607176,0.13214274055719996,0.006547216103123504,0.13214274055719996
Japan,2020,0.12405971545759409,0.11692670993771119,0.1306069315607176,0.13214274055719996,0.006547216103123504,0.13214274055719996
Japan,2021,0.12405971545759409,0.11692670993771119,0.1306069315607176,0.13214274055719996,0.006547216103123504,0.13214274055719996
Japan,2022,0.12405971545759409,0.11692670993771119,0.1306069315607176,0.13214274055719996,0.006547216103123504,0.13214274055719996
Japan,2023,0.12405971545759409,0.11692670993771119,0.1306069315607176,0.13214274055719996,0.006547216103123504,0.13214274055719996
Japan,2024,0.12405971545759409,0.11692670993771119,0.1306069315607176,0.13214274055719996,0.006547216103123504,0.13214274055719996
Japan,2025,0.12405971545759409,0.11692670993771119,0.1306069315607176,0.13214274055719996,0.006547216103123504,0.13214274055719996
Lebanon,1943,0.254542273627469,0.20829935558197166,0.30397368307141326,0.20853793545615582,0.04943140944394425,0.20853793545615582
Lebanon,1944,0.27933597482826006,0.23624736257479065,0.3257909268253584,0.24399623332174267,0.046454951997098315,0.24399623332174267
Lebanon,1945,0.35067610915297526,0.29161186009236567,0.41840801071675354,0.29657723095922334,0.06773190156377829,0.29657723095922334
Lebanon,1946,0.35067610915297526,0.29161186009236567,0.41840801071675354,0.29657723095922334,0.06773190156377829,0.29657723095922334
Lebanon,1947,0.35067610915297526,0.29161186009236567,0.41840801071675354,0.29657723095922334,0.06773190156377829,0.29657723095922334
Lebanon,1948,0.30528128435761565,0.2538628690672395,0.36424532941708054,0.2581854754723566,0.0589640450594649,0.2581854754723566
Lebanon,1949,0.30528128435761565,0.2538628690672395,0.36424532941708054,0.2581854754723566,0.0589640450594649,0.2581854754723566
Lebanon,1950,0.30528128435761565,0.2538628690672395,0.36424532941708054,0.2581854754723566,0.0589640450594649,0.2581854754723566
Lebanon,1951,0.30528128435761565,0.2538628690672395,0.36424532941708054,0.2581854754723566,0.0589640450594649,0.2581854754723566
Lebanon,1952,0.30528128435761565,0.2538628690672395,0.36424532941708054,0.2581854754723566,0.0589640450594649,0.2581854754723566
Lebanon,1953,0.30528128435761565,0.2538628690672395,0.36424532941708054,0.2581854754723566,0.0589640450594649,0.2581854754723566
Lebanon,1954,0.30528128435761565,0.2538628690672395,0.36424532941708054,0.2581854754723566,0.0589640450594649,0.2581854754723566
Lebanon,1955,0.30528128435761565,0.2538628690672395,0.36424532941708054,0.2581854754723566,0.0589640450594649,0.2581854754723566
Lebanon,1956,0.30528128435761565,0.2538628690672395,0.36424532941708054,0.2581854754723566,0.0589640450594649,0.2581854754723566
Lebanon,1957,0.30528128435761565,0.2538628690672395,0.36424532941708054,0.2581854754723566,0.0589640450594649,0.2581854754723566
Lebanon,1958,0.2657627940612866,0.22100046366645554,0.3170939767020218,0.2247635111073377,0.05133118264073516,0.2247635111073377
Lebanon,1959,0.2657627940612866,0.22100046366645554,0.3170939767020218,0.2247635111073377,0.05133118264073516,0.2247635111073377
Lebanon,1960,0.2657627940612866,0.22100046366645554,0.3170939767020218,0.2247635111073377,0.05133118264073516,0.2247635111073377
Lebanon,1961,0.2657627940612866,0.22100046366645554,0.3170939767020218,0.2247635111073377,0.05133118264073516,0.2247635111073377
Lebanon,1962,0.2657627940612866,0.22100046366645554,0.3170939767020218,0.2247635111073377,0.05133118264073516,0.2247635111073377
Lebanon,1963,0.2657627940612866,0.22100046366645554,0.3170939767020218,0.2247635111073377,0.05133118264073516,0.2247635111073377
Lebanon,1964,0.2657627940612866,0.22100046366645554,0.3170939767020218,0.2247635111073377,0.05133118264073516,0.2247635111073377
Lebanon,1965,0.2657627940612866,0.22100046366645554,0.3170939767020218,0.2247635111073377,0.05133118264073516,0.2247635111073377
Lebanon,1966,0.2657627940612866,0.22100046366645554,0.3170939767020218,0.2247635111073377,0.05133118264073516,0.2247635111073377
Lebanon,1967,0.2275410041885847,0.19494451290558648,0.2631998581222584,0.20385361256153187,0.035658853933673684,0.20385361256153187
Lebanon,1968,0.2275410041885847,0.19494451290558648,0.2631998581222584,0.20385361256153187,0.035658853933673684,0.20385361256153187
Lebanon,1969,0.2275410041885847,0.19494451290558648,0.2631998581222584,0.20385361256153187,0.035658853933673684,0.20385361256153187
Lebanon,1970,0.2275410041885847,0.19494451290558648,0.2631998581222584,0.20385361256153187,0.035658853933673684,0.20385361256153187
Lebanon,1971,0.2275410041885847,0.19494451290558648,0.2631998581222584,0.20385361256153187,0.035658853933673684,0.20385361256153187
Lebanon,1972,0.2275410041885847,0.19494451290558648,0.2631998581222584,0.20385361256153187,0.035658853933673684,0.20385361256153187
Lebanon,1973,0.2275410041885847,0.19494451290558648,0.2631998581222584,0.20385361256153187,0.035658853933673684,0.20385361256153187
Lebanon,1974,0.2275410041885847,0.19494451290558648,0.2631998581222584,0.20385361256153187,0.035658853933673684,0.20385361256153187
Lebanon,1975,0.09080873629808622,0.07573991419529831,0.1066202337683987,0.07950343324749666,0.015811497470312477,0.07950343324749666
Lebanon,1976,0.09080873629808622,0.07573991419529831,0.1066202337683987,0.07950343324749666,0.015811497470312477,0.07950343324749666
Lebanon,1977,0.09080873629808622,0.07573991419529831,0.1066202337683987,0.07950343324749666,0.015811497470312477,0.07950343324749666
Lebanon,1978,0.09080873629808622,0.07573991419529831,0.1066202337683987,0.07950343324749666,0.015811497470312477,0.07950343324749666
Lebanon,1979,0.09080873629808622,0.07573991419529831,0.1066202337683987,0.07950343324749666,0.015811497470312477,0.07950343324749666
Lebanon,1980,0.09080873629808622,0.07573991419529831,0.1066202337683987,0.07950343324749666,0.015811497470312477,0.07950343324749666
Lebanon,1981,0.09080873629808622,0.07573991419529831,0.1066202337683987,0.07950343324749666,0.015811497470312477,0.07950343324749666
Lebanon,1982,0.09080873629808622,0.07573991419529831,0.1066202337683987,0.07950343324749666,0.015811497470312477,0.07950343324749666
Lebanon,1983,0.09080873629808622,0.07573991419529831,0.1066202337683987,0.07950343324749666,0.015811497470312477,0.07950343324749666
Lebanon,1984,0.09080873629808622,0.07573991419529831,0.1066202337683987,0.07950343324749666,0.015811497470312477,0.07950343324749666
Lebanon,1985,0.09080873629808622,0.07573991419529831,0.1066202337683987,0.07950343324749666,0.015811497470312477,0.07950343324749666
Lebanon,1986,0.09080873629808622,0.07573991419529831,0.1066202337683987,0.07950343324749666,0.015811497470312477,0.07950343324749666
Lebanon,1987,0.09080873629808622,0.07573991419529831,0.1066202337683987,0.07950343324749666,0.015811497470312477,0.07950343324749666
Lebanon,1988,0.09080873629808622,0.07573991419529831,0.1066202337683987,0.07950343324749666,0.015811497470312477,0.07950343324749666
Lebanon,1989,0.09080873629808622,0.07573991419529831,0.1066202337683987,0.07950343324749666,0.015811497470312477,0.07950343324749666
Lebanon,1990,0.13811135144451642,0.11894521184785915,0.15811388300841897,0.12381720526226027,0.020002531563902554,0.12381720526226027
Lebanon,1991,0.19952212207699868,0.17687974865482314,0.22244447993596855,0.18146517523305272,0.022922357858969872,0.18146517523305272
Lebanon,1992,0.3076523645248076,0.2703477387870787,0.34729429490662334,0.2851738693935394,0.03964193038181574,0.2851738693935394
Lebanon,1993,0.3076523645248076,0.2703477387870787,0.34729429490662334,0.2851738693935394,0.03964193038181574,0.2851738693935394
Lebanon,1994,0.3076523645248076,0.2703477387870787,0.34729429490662334,0.2851738693935394,0.03964193038181574,0.2851738693935394
Lebanon,1995,0.3076523645248076,0.2703477387870787,0.34729429490662334,0.2851738693935394,0.03964193038181574,0.2851738693935394
Lebanon,1996,0.3076523645248076,0.2703477387870787,0.34729429490662334,0.2851738693935394,0.03964193038181574,0.2851738693935394
Lebanon,1997,0.3076523645248076,0.2703477387870787,0.34729429490662334,0.2851738693935394,0.03964193038181574,0.2851738693935394
Lebanon,1998,0.3076523645248076,0.2703477387870787,0.34729429490662334,0.2851738693935394,0.03964193038181574,0.2851738693935394
Lebanon,1999,0.3076523645248076,0.2703477387870787,0.34729429490662334,0.2851738693935394,0.03964193038181574,0.2851738693935394
Lebanon,2000,0.3076523645248076,0.2703477387870787,0.34729429490662334,0.2851738693935394,0.03964193038181574,0.2851738693935394
Lebanon,2001,0.3076523645248076,0.2703477387870787,0.34729429490662334,0.2851738693935394,0.03964193038181574,0.2851738693935394
Lebanon,2002,0.3076523645248076,0.2703477387870787,0.34729429490662334,0.2851738693935394,0.03964193038181574,0.2851738693935394
Lebanon,2003,0.3076523645248076,0.2703477387870787,0.34729429490662334,0.2851738693935394,0.03964193038181574,0.2851738693935394
Lebanon,2004,0.3076523645248076,0.2703477387870787,0.34729429490662334,0.2851738693935394,0.03964193038181574,0.2851738693935394
Lebanon,2005,0.3076523645248076,0.2703477387870787,0.34729429490662334,0.2851738693935394,0.03964193038181574,0.2851738693935394
Lebanon,2006,0.3076523645248076,0.2703477387870787,0.34729429490662334,0.2851738693935394,0.03964193038181574,0.2851738693935394
Lebanon,2007,0.3076523645248076,0.2703477387870787,0.34729429490662334,0.2851738693935394,0.03964193038181574,0.2851738693935394
Lebanon,2008,0.3076523645248076,0.2703477387870787,0.34729429490662334,0.2851738693935394,0.03964193038181574,0.2851738693935394
Lebanon,2009,0.3076523645248076,0.2703477387870787,0.34729429490662334,0.2851738693935394,0.03964193038181574,0.2851738693935394
Lebanon,2010,0.3076523645248076,0.2703477387870787,0.34729429490662334,0.2851738693935394,0.03964193038181574,0.2851738693935394
Lebanon,2011,0.3076523645248076,0.2703477387870787,0.34729429490662334,0.2851738693935394,0.03964193038181574,0.2851738693935394
Lebanon,2012,0.3076523645248076,0.2703477387870787,0.34729429490662334,0.2851738693935394,0.03964193038181574,0.2851738693935394
Lebanon,2013,0.3076523645248076,0.2703477387870787,0.34729429490662334,0.2851738693935394,0.03964193038181574,0.2851738693935394
Lebanon,2014,0.3076523645248076,0.2703477387870787,0.34729429490662334,0.2851738693935394,0.03964193038181574,0.2851738693935394
Lebanon,2015,0.3076523645248076,0.2703477387870787,0.34729429490662334,0.2851738693935394,0.03964193038181574,0.2851738693935394
Lebanon,2016,0.3076523645248076,0.2703477387870787,0.34729429490662334,0.2851738693935394,0.03964193038181574,0.2851738693935394
Lebanon,2017,0.3076523645248076,0.2703477387870787,0.34729429490662334,0.2851738693935394,0.03964193038181574,0.2851738693935394
Lebanon,2018,0.3076523645248076,0.2703477387870787,0.34729429490662334,0.2851738693935394,0.03964193038181574,0.2851738693935394
Lebanon,2019,0.3076523645248076,0.2703477387870787,0.34729429490662334,0.2851738693935394,0.03964193038181574,0.2851738693935394
Lebanon,2020,0.22015348687991598,0.18741571577438051,0.2555216081806181,0.20252667829920576,0.035368121300702104,0.20252667829920576
Lebanon,2021,0.22015348687991598,0.18741571577438051,0.2555216081806181,0.20252667829920576,0.035368121300702104,0.20252667829920576
Lebanon,2022,0.22015348687991598,0.18741571577438051,0.2555216081806181,0.20252667829920576,0.035368121300702104,0.20252667829920576
Lebanon,2023,0.22015348687991598,0.18741571577438051,0.2555216081806181,0.20252667829920576,0.035368121300702104,0.20252667829920576
Lebanon,2024,0.22015348687991598,0.18741571577438051,0.2555216081806181,0.20252667829920576,0.035368121300702104,0.20252667829920576
Lebanon,2025,0.22015348687991598,0.18741571577438051,0.2555216081806181,0.20252667829920576,0.035368121300702104,0.20252667829920576
Netherlands,1900,0.6355896987909322,0.6868780969183595,0.5794825277780168,0.6961922803724105,-0.0561071710129154,0.6961922803724105
Netherlands,1901,0.6355896987909322,0.6868780969183595,0.5794825277780168,0.6961922803724105,-0.0561071710129154,0.6961922803724105
Netherlands,1902,0.6355896987909322,0.6868780969183595,0.5794825277780168,0.6961922803724105,-0.0561071710129154,0.6961922803724105
Netherlands,1903,0.6000843666319627,0.6366260901911104,0.5592852581643825,0.6532206668628864,-0.04079910846758028,0.6532206668628864
Netherlands,1904,0.5641428332273267,0.5863295532271738,0.5383307533477908,0.6100133412688303,-0.025812079879535932,0.6100133412688303
Netherlands,1905,0.6000843666319627,0.6366260901911104,0.5592852581643825,0.6532206668628864,-0.04079910846758028,0.6532206668628864
Netherlands,1906,0.6355896987909322,0.6868780969183595,0.5794825277780168,0.6961922803724105,-0.0561071710129154,0.6961922803724105
Netherlands,1907,0.6355896987909322,0.6868780969183595,0.5794825277780168,0.6961922803724105,-0.0561071710129154,0.6961922803724105
Netherlands,1908,0.527704209880835,0.5359754448779691,0.5165268628057984,0.566525292702524,-0.011177347075036592,0.566525292702524
Netherlands,1909,0.4530048019127311,0.43501036330792525,0.4698936049788292,0.4657578479385978,0.01688880306609808,0.4657578479385978
Netherlands,1910,0.527704209880835,0.5359754448779691,0.5165268628057984,0.566525292702524,-0.011177347075036592,0.566525292702524
Netherlands,1911,0.5641428332273267,0.5863295532271738,0.5383307533477908,0.6100133412688303,-0.025812079879535932,0.6100133412688303
Netherlands,1912,0.5474491578151216,0.5655563598995554,0.529150262212918,0.611155843482226,-0.018298895602203546,0.611155843482226
Netherlands,1913,0.5309810444812075,0.5655563598995554,0.4963869458396343,0.611155843482226,-0.03459409864157326,0.611155843482226
Netherlands,1914,0.5008033856305819,0.5655563598995554,0.4363484845854285,0.611155843482226,-0.06445490104515339,0.611155843482226
Netherlands,1915,0.4805125180311281,0.5655563598995554,0.3959797974644666,0.5969350382206815,-0.0845327205666615,0.5969350382206815
Netherlands,1916,0.4805125180311281,0.5655563598995554,0.3959797974644666,0.5715493633836461,-0.0845327205666615,0.5715493633836461
Netherlands,1917,0.4805125180311281,0.5655563598995554,0.3959797974644666,0.5969350382206815,-0.0845327205666615,0.5969350382206815
Netherlands,1918,0.4805125180311281,0.5655563598995554,0.3959797974644666,0.611155843482226,-0.0845327205666615,0.611155843482226
Netherlands,1919,0.5474284776650503,0.6657222215976484,0.4298837052040935,0.672909516270663,-0.11754477246095679,0.672909516270663
Netherlands,1920,0.5474284776650503,0.6657222215976484,0.4298837052040935,0.672909516270663,-0.11754477246095679,0.672909516270663
Netherlands,1921,0.5474284776650503,0.6657222215976484,0.4298837052040935,0.6579501922473749,-0.11754477246095679,0.6579501922473749
Netherlands,1922,0.5474284776650503,0.6657222215976484,0.4298837052040935,0.6313641233169479,-0.11754477246095679,0.6313641233169479
Netherlands,1923,0.5474284776650503,0.6657222215976484,0.4298837052040935,0.6579501922473749,-0.11754477246095679,0.6579501922473749
Netherlands,1924,0.5474284776650503,0.6657222215976484,0.4298837052040935,0.6313641233169479,-0.11754477246095679,0.6313641233169479
Netherlands,1925,0.5474284776650503,0.6657222215976484,0.4298837052040935,0.6313641233169479,-0.11754477246095679,0.6313641233169479
New Zealand,1900,0.40200225561902,0.4018984999414181,0.40102090930472045,0.38018540843505594,-0.000981346314299525,0.38018540843505594
New Zealand,1901,0.40200225561902,0.4018984999414181,0.40102090930472045,0.38018540843505594,-0.000981346314299525,0.38018540843505594
New Zealand,1902,0.40200225561902,0.4018984999414181,0.40102090930472045,0.38018540843505594,-0.000981346314299525,0.38018540843505594
New Zealand,1903,0.40200225561902,0.4018984999414181,0.40102090930472045,0.38018540843505594,-0.000981346314299525,0.38018540843505594
New Zealand,1904,0.40200225561902,0.4018984999414181,0.40102090930472045,0.38018540843505594,-0.000981346314299525,0.38018540843505594
New Zealand,1905,0.40200225561902,0.4018984999414181,0.40102090930472045,0.3940271142652099,-0.000981346314299525,0.3940271142652099
New Zealand,1906,0.40200225561902,0.4018984999414181,0.40102090930472045,0.3940271142652099,-0.000981346314299525,0.3940271142652099
New Zealand,1907,0.40200225561902,0.4018984999414181,0.40102090930472045,0.3940271142652099,-0.000981346314299525,0.3940271142652099
New Zealand,1908,0.40200225561902,0.4018984999414181,0.40102090930472045,0.3940271142652099,-0.000981346314299525,0.3940271142652099
New Zealand,1909,0.40200225561902,0.4018984999414181,0.40102090930472045,0.3940271142652099,-0.000981346314299525,0.3940271142652099
New Zealand,1910,0.40200225561902,0.4018984999414181,0.40102090930472045,0.3940271142652099,-0.000981346314299525,0.3940271142652099
New Zealand,1911,0.40200225561902,0.4018984999414181,0.40102090930472045,0.3940271142652099,-0.000981346314299525,0.3940271142652099
New Zealand,1912,0.40200225561902,0.4018984999414181,0.40102090930472045,0.3940271142652099,-0.000981346314299525,0.3940271142652099
New Zealand,1913,0.3795886711606853,0.38401902399778426,0.3741657386773941,0.3717896475080807,-0.005422932483291176,0.3717896475080807
New Zealand,1914,0.3795886711606853,0.38401902399778426,0.3741657386773941,0.3717896475080807,-0.005422932483291176,0.3717896475080807
New Zealand,1915,0.3659186946730926,0.37068458451760394,0.3605551275463989,0.3649970913972222,-0.005363567126693725,0.3649970913972222
New Zealand,1916,0.3206249916067272,0.3243979857069674,0.3164068816872576,0.33189135824223576,-0.0042181099194695815,0.33189135824223576
New Zealand,1917,0.3206249916067272,0.3243979857069674,0.3164068816872576,0.33189135824223576,-0.0042181099194695815,0.33189135824223576
New Zealand,1918,0.30342119721708555,0.31014873697842105,0.2952180593634947,0.3140065917901546,-0.008203137853590836,0.3140065917901546
New Zealand,1919,0.30342119721708555,0.31014873697842105,0.2952180593634947,0.3140065917901546,-0.008203137853590836,0.3140065917901546
New Zealand,1920,0.30342119721708555,0.31014873697842105,0.2952180593634947,0.3140065917901546,-0.008203137853590836,0.3140065917901546
New Zealand,1921,0.30342119721708555,0.31014873697842105,0.2952180593634947,0.3140065917901546,-0.008203137853590836,0.3140065917901546
New Zealand,1922,0.27414832551765445,0.27000015768214586,0.27544818908361224,0.292978509700245,0.0012998635659577928,0.292978509700245
New Zealand,1923,0.23961628429006132,0.2369557617066539,0.23965583187114756,0.25614057736928336,3.954758108623557e-05,0.25614057736928336
New Zealand,1924,0.2266158459977944,0.2258724407094617,0.22360679774997896,0.24985503805029077,-0.003009048247815449,0.24985503805029077
New Zealand,1925,0.20563881083365654,0.20999436044776912,0.2,0.2203982203190339,-0.005638810833656527,0.2203982203190339
New Zealand,1926,0.18957505729657523,0.18708665566091265,0.18973665961010275,0.20815276401180105,0.0001616023135275202,0.20815276401180105
New Zealand,1927,0.17929015472222612,0.1783069677023589,0.17703056312021512,0.2030092015817954,-0.002259591602011002,0.2030092015817954
New Zealand,1928,0.1524207365943223,0.15078159466571792,0.1507837806186593,0.1742236063024055,-0.0016369559756629903,0.1742236063024055
New Zealand,1929,0.13811986578854638,0.13126300217092857,0.14068624190585735,0.16255637258466438,0.0025663761173109756,0.16255637258466438
New Zealand,1930,0.13811986578854638,0.13126300217092857,0.14068624190585735,0.16255637258466438,0.0025663761173109756,0.16255637258466438
New Zealand,1931,0.13811986578854638,0.13126300217092857,0.14068624190585735,0.16255637258466438,0.0025663761173109756,0.16255637258466438
New Zealand,1932,0.17154312912039427,0.16815360815407487,0.17411011265922482,0.18385537347167538,0.0025669835388305584,0.18385537347167538
New Zealand,1933,0.17873936147140612,0.1825115674202005,0.17411011265922482,0.2020914741793509,-0.004629248812181297,0.2020914741793509
New Zealand,1934,0.19566645293625476,0.19121707305316174,0.20011328269663087,0.20685243648965845,0.004446829760376109,0.20685243648965845
New Zealand,1935,0.20268629428457496,0.19121707305316174,0.21447610589527216,0.20685243648965845,0.011789811610697198,0.20685243648965845
New Zealand,1936,0.2471898210942964,0.24319438411042396,0.25,0.26493149045796094,0.002810178905703592,0.26493149045796094
New Zealand,1937,0.26801690578781306,0.2533006504530928,0.2835646043669633,0.27036031992437454,0.015547698579150226,0.27036031992437454
New Zealand,1938,0.2766079509124098,0.2697167540709727,0.2835646043669633,0.2914208288499413,0.006956653454553485,0.2914208288499413
New Zealand,1939,0.32850366994292063,0.3253013689667517,0.32993848311278234,0.3200877888503125,0.001434813169861715,0.3200877888503125
New Zealand,1940,0.32850366994292063,0.3253013689667517,0.32993848311278234,0.3200877888503125,0.001434813169861715,0.3200877888503125
New Zealand,1941,0.32850366994292063,0.3253013689667517,0.32993848311278234,0.3200877888503125,0.001434813169861715,0.3200877888503125
New Zealand,1942,0.3360487702386561,0.34055266606186163,0.32993848311278234,0.3274395924716707,-0.006110287125873748,0.3274395924716707
New Zealand,1943,0.3773516252739219,0.3736731474103913,0.3789997928018701,0.35508081014262033,0.0016481675279481633,0.35508081014262033
New Zealand,1944,0.3773516252739219,0.3736731474103913,0.3789997928018701,0.35508081014262033,0.0016481675279481633,0.35508081014262033
New Zealand,1945,0.4030584662078818,0.39062911394854366,0.41517347161473667,0.38725247294403814,0.01211500540685484,0.38725247294403814
New Zealand,1946,0.41412459481847214,0.41254298983801996,0.41517347161473667,0.40708967039959115,0.0010488767962645307,0.40708967039959115
New Zealand,1947,0.41412459481847214,0.41254298983801996,0.41517347161473667,0.40708967039959115,0.0010488767962645307,0.40708967039959115
New Zealand,1948,0.46565880625064215,0.4533179591188728,0.47690908388225617,0.4419887204232095,0.011250277631614014,0.4419887204232095
New Zealand,1949,0.4757042408317926,0.47388745379249203,0.47690908388225617,0.4515235315703821,0.0012048430504635887,0.4515235315703821
New Zealand,1950,0.4757042408317926,0.47388745379249203,0.47690908388225617,0.4515235315703821,0.0012048430504635887,0.4515235315703821
New Zealand,1951,0.4757042408317926,0.47388745379249203,0.47690908388225617,0.4515235315703821,0.0012048430504635887,0.4515235315703821
New Zealand,1952,0.4757042408317926,0.47388745379249203,0.47690908388225617,0.4515235315703821,0.0012048430504635887,0.4515235315703821
New Zealand,1953,0.4757042408317926,0.47388745379249203,0.47690908388225617,0.4515235315703821,0.0012048430504635887,0.4515235315703821
New Zealand,1954,0.4757042408317926,0.47388745379249203,0.47690908388225617,0.4515235315703821,0.0012048430504635887,0.4515235315703821
New Zealand,1955,0.4757042408317926,0.47388745379249203,0.47690908388225617,0.46783123569389023,0.0012048430504635887,0.46783123569389023
New Zealand,1956,0.4757042408317926,0.47388745379249203,0.47690908388225617,0.46783123569389023,0.0012048430504635887,0.46783123569389023
New Zealand,1957,0.4757042408317926,0.47388745379249203,0.47690908388225617,0.46783123569389023,0.0012048430504635887,0.46783123569389023
New Zealand,1958,0.4757042408317926,0.47388745379249203,0.47690908388225617,0.46783123569389023,0.0012048430504635887,0.46783123569389023
New Zealand,1959,0.4757042408317926,0.47388745379249203,0.47690908388225617,0.46783123569389023,0.0012048430504635887,0.46783123569389023
New Zealand,1960,0.4757042408317926,0.47388745379249203,0.47690908388225617,0.46783123569389023,0.0012048430504635887,0.46783123569389023
New Zealand,1961,0.4757042408317926,0.47388745379249203,0.47690908388225617,0.46783123569389023,0.0012048430504635887,0.46783123569389023
New Zealand,1962,0.4757042408317926,0.47388745379249203,0.47690908388225617,0.46783123569389023,0.0012048430504635887,0.46783123569389023
New Zealand,1963,0.4488648634275206,0.4524373760005791,0.44497190922573976,0.4411723470639663,-0.0038929542017808183,0.4411723470639663
New Zealand,1964,0.4488648634275206,0.4524373760005791,0.44497190922573976,0.4411723470639663,-0.0038929542017808183,0.4411723470639663
New Zealand,1965,0.4247116512270144,0.42447949848839,0.4242640687119285,0.41726158965972227,-0.0004475825150858648,0.41726158965972227
New Zealand,1966,0.3759459700540784,0.36946221501641036,0.38242972509174655,0.3892047612781066,0.006483755037668126,0.3892047612781066
New Zealand,1967,0.3759459700540784,0.36946221501641036,0.38242972509174655,0.3892047612781066,0.006483755037668126,0.3892047612781066
New Zealand,1968,0.3554592352517945,0.3529676954965211,0.3568195504549512,0.3679975539091746,0.001360315203156659,0.3679975539091746
New Zealand,1969,0.3554592352517945,0.3529676954965211,0.3568195504549512,0.3679975539091746,0.001360315203156659,0.3679975539091746
New Zealand,1970,0.3554592352517945,0.3529676954965211,0.3568195504549512,0.3679975539091746,0.001360315203156659,0.3679975539091746
New Zealand,1971,0.3554592352517945,0.3529676954965211,0.3568195504549512,0.3679975539091746,0.001360315203156659,0.3679975539091746
New Zealand,1972,0.32070507358250605,0.32215084821530277,0.31458400040047657,0.351755978652639,-0.0061210731820294795,0.351755978652639
New Zealand,1973,0.2904509398416242,0.2743537733391351,0.3017383731700853,0.30271219795627907,0.011287433328461105,0.30271219795627907
New Zealand,1974,0.2904509398416242,0.2743537733391351,0.3017383731700853,0.30271219795627907,0.011287433328461105,0.30271219795627907
New Zealand,1975,0.24696996061044618,0.24140020721643932,0.2449489742783178,0.27872873070231846,-0.0020209863321283827,0.27872873070231846
New Zealand,1976,0.22892394941931973,0.23036849481227104,0.22360679774997896,0.25239983479947675,-0.0053171516693407694,0.25239983479947675
New Zealand,1977,0.22892394941931973,0.23036849481227104,0.22360679774997896,0.25239983479947675,-0.0053171516693407694,0.25239983479947675
New Zealand,1978,0.20369249060570072,0.19107106553824096,0.21213203435596426,0.2143569609653282,0.00843954375026354,0.2143569609653282
New Zealand,1979,0.18243834612196083,0.17438906341261115,0.18068106188420704,0.20489631462054322,-0.0017572842377537867,0.20489631462054322
New Zealand,1980,0.18243834612196083,0.17438906341261115,0.18068106188420704,0.20489631462054322,-0.0017572842377537867,0.20489631462054322
New Zealand,1981,0.18243834612196083,0.17438906341261115,0.18068106188420704,0.20489631462054322,-0.0017572842377537867,0.20489631462054322
New Zealand,1982,0.18243834612196083,0.17438906341261115,0.18068106188420704,0.20489631462054322,-0.0017572842377537867,0.20489631462054322
New Zealand,1983,0.1794893396007089,0.17438906341261115,0.17946859624554362,0.20489631462054322,-2.0743355165275812e-05,0.20489631462054322
New Zealand,1984,0.1794893396007089,0.17438906341261115,0.17946859624554362,0.20489631462054322,-2.0743355165275812e-05,0.20489631462054322
New Zealand,1985,0.17693344748034054,0.15908447532043482,0.19571465143169398,0.18693411471408714,0.018781203951353437,0.18693411471408714
New Zealand,1986,0.15610258180018394,0.12381937074593245,0.19571465143169398,0.15388125242716683,0.03961206963151004,0.15388125242716683
New Zealand,1987,0.15610258180018394,0.12381937074593245,0.19571465143169398,0.15388125242716683,0.03961206963151004,0.15388125242716683
New Zealand,1988,0.15415741948978098,0.12381937074593245,0.19152112392514734,0.15388125242716683,0.03736370443536635,0.15388125242716683
New Zealand,1989,0.15415741948978098,0.12381937074593245,0.19152112392514734,0.15388125242716683,0.03736370443536635,0.15388125242716683
New Zealand,1990,0.15415741948978098,0.12381937074593245,0.19152112392514734,0.15388125242716683,0.03736370443536635,0.15388125242716683
New Zealand,1991,0.15415741948978098,0.12381937074593245,0.19152112392514734,0.15388125242716683,0.03736370443536635,0.15388125242716683
New Zealand,1992,0.1824728278332868,0.15109794998258788,0.22000000000000003,0.17590232488310045,0.037527172166713224,0.17590232488310045
New Zealand,1993,0.2089667803068981,0.17438906341261115,0.25,0.20872075529342607,0.04103321969310189,0.20872075529342607
New Zealand,1994,0.21861537164419556,0.19107106553824096,0.25,0.21835798695522743,0.03138462835580444,0.21835798695522743
New Zealand,1995,0.24945667432473825,0.20032043027154003,0.3101485558491994,0.2237013666040256,0.06069188152446117,0.2237013666040256
New Zealand,1996,0.2635892697552033,0.22365668675877562,0.3101485558491994,0.2497881889889028,0.04655928609399612,0.2497881889889028
New Zealand,1997,0.2758100348896568,0.24509098197474324,0.3101485558491994,0.26136909588177,0.03433852095954265,0.26136909588177
New Zealand,1998,0.307561750594742,0.2743537733391351,0.34460950649911043,0.30271219795627907,0.03704775590436843,0.30271219795627907
New Zealand,1999,0.36031821074263265,0.32754175879889774,0.3958523732318682,0.34214462038334,0.03553416248923558,0.34214462038334
New Zealand,2000,0.36031821074263265,0.32754175879889774,0.3958523732318682,0.34214462038334,0.03553416248923558,0.34214462038334
New Zealand,2001,0.3400026089931864,0.3124777719276864,0.36934332400347486,0.33403846752750943,0.029340715010288454,0.33403846752750943
New Zealand,2002,0.3168836107802092,0.2851416626253836,0.3503898427285561,0.308729273093815,0.0335062319483469,0.308729273093815
New Zealand,2003,0.2894979661451827,0.26239152958308626,0.31458400040047657,0.29626351727625977,0.025086034255293876,0.29626351727625977
New Zealand,2004,0.23501731549098256,0.20999436044776912,0.2569046515733026,0.24728960135299996,0.021887336082320047,0.24728960135299996
New Zealand,2005,0.21807510630886892,0.20039613356532016,0.2345207879911715,0.22454560797498266,0.016445681682302565,0.22454560797498266
New Zealand,2006,0.19828746869230196,0.1830190258595362,0.20863251943262873,0.21483150945436555,0.010345050740326767,0.21483150945436555
New Zealand,2007,0.1831002059084743,0.16687624474321616,0.19234967881461426,0.19872061956994724,0.00924947290613995,0.19872061956994724
New Zealand,2008,0.17412633052868323,0.15932731605592718,0.17946859624554362,0.19419775760922672,0.005342265716860389,0.19419775760922672
New Zealand,2009,0.18698847428955237,0.17438906341261115,0.19234967881461426,0.20294059899546635,0.005361204525061891,0.20294059899546635
New Zealand,2010,0.21154735062732058,0.20046914658461237,0.2188156323969721,0.23320247594946056,0.0072682817696515245,0.23320247594946056
New Zealand,2011,0.22818640713216962,0.2196478308651381,0.2345207879911715,0.24397227298388544,0.00633438085900187,0.24397227298388544
New Zealand,2012,0.28904569163379396,0.2619622437560489,0.31458400040047657,0.2958006731350639,0.025538308766682616,0.2958006731350639
New Zealand,2013,0.31216868605849807,0.2871745887492587,0.3371627833677374,0.30962372277749434,0.02499409730923935,0.30962372277749434
New Zealand,2014,0.3463354722076096,0.32436530951420045,0.36934332400347486,0.35268362954625937,0.023007851795865286,0.35268362954625937
New Zealand,2015,0.3754071913173023,0.3558933906646357,0.3958523732318682,0.3694878696473278,0.020445181914565902,0.3694878696473278
New Zealand,2016,0.33853911831295336,0.30982319171646616,0.36934332400347486,0.3326006486074915,0.030804205690521502,0.3326006486074915
New Zealand,2017,0.2904222723307646,0.2851416626253836,0.29351725098327286,0.30872927309381504,0.00309497865250824,0.30872927309381504
New Zealand,2018,0.24633330321581912,0.22595815993696236,0.2679433656340733,0.25768170152357905,0.021610062418254167,0.25768170152357905
New Zealand,2019,0.20859809126363713,0.20628197182998972,0.20863251943262873,0.2380855908695644,3.4428168991601504e-05,0.2380855908695644
New Zealand,2020,0.18869984738186144,0.1795788867744328,0.1946610237380867,0.21452712340288968,0.005961176356225256,0.21452712340288968
New Zealand,2021,0.18869984738186144,0.1795788867744328,0.1946610237380867,0.21452712340288968,0.005961176356225256,0.21452712340288968
New Zealand,2022,0.18869984738186144,0.1795788867744328,0.1946610237380867,0.21452712340288968,0.005961176356225256,0.21452712340288968
New Zealand,2023,0.19302863851061303,0.17411011265922482,0.20863251943262873,0.21842363264338818,0.0156038809220157,0.21842363264338818
New Zealand,2024,0.19799507129237756,0.18281070877681474,0.20863251943262873,0.21451471598677754,0.010637448140251166,0.21451471598677754
New Zealand,2025,0.19799507129237756,0.18281070877681474,0.20863251943262873,0.21451471598677754,0.010637448140251166,0.21451471598677754
Nigeria,1950,0.3836394399912873,0.3290630378222275,0.43535643853572525,0.3755556708645949,0.05171699854443795,0.3755556708645949
Nigeria,1951,0.3836394399912873,0.3290630378222275,0.43535643853572525,0.3755556708645949,0.05171699854443795,0.3755556708645949
Nigeria,1952,0.3836394399912873,0.3290630378222275,0.43535643853572525,0.3755556708645949,0.05171699854443795,0.3755556708645949
Nigeria,1953,0.3836394399912873,0.3290630378222275,0.43535643853572525,0.3755556708645949,0.05171699854443795,0.3755556708645949
Nigeria,1954,0.3836394399912873,0.3290630378222275,0.43535643853572525,0.3755556708645949,0.05171699854443795,0.3755556708645949
Nigeria,1955,0.3836394399912873,0.3290630378222275,0.43535643853572525,0.3755556708645949,0.05171699854443795,0.3755556708645949
Nigeria,1956,0.3836394399912873,0.3290630378222275,0.43535643853572525,0.3755556708645949,0.05171699854443795,0.3755556708645949
Nigeria,1957,0.3836394399912873,0.3290630378222275,0.43535643853572525,0.3755556708645949,0.05171699854443795,0.3755556708645949
Nigeria,1958,0.5032567623308686,0.51218842719349,0.49283223023623224,0.543897817622823,-0.01042453209463634,0.543897817622823
Nigeria,1959,0.5462789390889061,0.5586873221090217,0.5337388800146234,0.5667769973658013,-0.012540059074282683,0.5667769973658013
Nigeria,1960,0.515029555382163,0.47001748702149976,0.5614882419375874,0.5579740291896905,0.0464586865554244,0.5579740291896905
Nigeria,1961,0.4657034304178955,0.40917398808559535,0.525224157008122,0.4474350810311472,0.05952072659022645,0.4474350810311472
Nigeria,1962,0.42465488172605825,0.33549148682807756,0.525224157008122,0.37782231097904057,0.10056927528206372,0.37782231097904057
Nigeria,1963,0.3126158563518227,0.24921301008581975,0.3804418388264182,0.2757435579100151,0.06782598247459548,0.2757435579100151
Nigeria,1964,0.2621162135875951,0.2016115919091848,0.33119385709175164,0.23120022817781652,0.06907764350415652,0.23120022817781652
Nigeria,1965,0.16006795008741173,0.12363951146418871,0.2,0.13939782850500024,0.03993204991258828,0.13939782850500024
Nigeria,1966,0.09237165548004284,0.06712434467266745,0.12220097632572931,0.08184072109481291,0.02982932084568647,0.08184072109481291
Nigeria,1967,0.08041419671074679,0.05843513606567383,0.10638212877569996,0.06632686871196697,0.025967932064953167,0.06632686871196697
Nigeria,1968,0.08041419671074679,0.05843513606567383,0.10638212877569996,0.06632686871196697,0.025967932064953167,0.06632686871196697
Nigeria,1969,0.08041419671074679,0.05843513606567383,0.10638212877569996,0.06632686871196697,0.025967932064953167,0.06632686871196697
Nigeria,1970,0.08041419671074679,0.05843513606567383,0.10638212877569996,0.06632686871196697,0.025967932064953167,0.06632686871196697
Nigeria,1971,0.08041419671074679,0.05843513606567383,0.10638212877569996,0.06632686871196697,0.025967932064953167,0.06632686871196697
Nigeria,1972,0.08041419671074679,0.05843513606567383,0.10638212877569996,0.06632686871196697,0.025967932064953167,0.06632686871196697
Nigeria,1973,0.08041419671074679,0.05843513606567383,0.10638212877569996,0.06632686871196697,0.025967932064953167,0.06632686871196697
Nigeria,1974,0.08041419671074679,0.05843513606567383,0.10638212877569996,0.06632686871196697,0.025967932064953167,0.06632686871196697
Nigeria,1975,0.08041419671074679,0.05843513606567383,0.10638212877569996,0.06632686871196697,0.025967932064953167,0.06632686871196697
Nigeria,1976,0.08041419671074679,0.05843513606567383,0.10638212877569996,0.06632686871196697,0.025967932064953167,0.06632686871196697
Nigeria,1977,0.08041419671074679,0.05843513606567383,0.10638212877569996,0.06632686871196697,0.025967932064953167,0.06632686871196697
Nigeria,1978,0.08041419671074679,0.05843513606567383,0.10638212877569996,0.06632686871196697,0.025967932064953167,0.06632686871196697
Nigeria,1979,0.08041419671074679,0.05843513606567383,0.10638212877569996,0.06632686871196697,0.025967932064953167,0.06632686871196697
Nigeria,1980,0.08041419671074679,0.05843513606567383,0.10638212877569996,0.06632686871196697,0.025967932064953167,0.06632686871196697
Nigeria,1981,0.08041419671074679,0.05843513606567383,0.10638212877569996,0.06632686871196697,0.025967932064953167,0.06632686871196697
Nigeria,1982,0.08041419671074679,0.05843513606567383,0.10638212877569996,0.06632686871196697,0.025967932064953167,0.06632686871196697
Nigeria,1983,0.08041419671074679,0.05843513606567383,0.10638212877569996,0.06632686871196697,0.025967932064953167,0.06632686871196697
Nigeria,1984,0.08041419671074679,0.05843513606567383,0.10638212877569996,0.06632686871196697,0.025967932064953167,0.06632686871196697
Nigeria,1985,0.08041419671074679,0.05843513606567383,0.10638212877569996,0.06632686871196697,0.025967932064953167,0.06632686871196697
Nigeria,1986,0.08041419671074679,0.05843513606567383,0.10638212877569996,0.06632686871196697,0.025967932064953167,0.06632686871196697
Nigeria,1987,0.08041419671074679,0.05843513606567383,0.10638212877569996,0.06632686871196697,0.025967932064953167,0.06632686871196697
Nigeria,1988,0.08041419671074679,0.05843513606567383,0.10638212877569996,0.06632686871196697,0.025967932064953167,0.06632686871196697
Nigeria,1989,0.08041419671074679,0.05843513606567383,0.10638212877569996,0.06632686871196697,0.025967932064953167,0.06632686871196697
Nigeria,1990,0.08041419671074679,0.05843513606567383,0.10638212877569996,0.06632686871196697,0.025967932064953167,0.06632686871196697
Nigeria,1991,0.08041419671074679,0.05843513606567383,0.10638212877569996,0.06632686871196697,0.025967932064953167,0.06632686871196697
Nigeria,1992,0.08041419671074679,0.05843513606567383,0.10638212877569996,0.06632686871196697,0.025967932064953167,0.06632686871196697
Nigeria,1993,0.08041419671074679,0.05843513606567383,0.10638212877569996,0.06632686871196697,0.025967932064953167,0.06632686871196697
Nigeria,1994,0.08041419671074679,0.05843513606567383,0.10638212877569996,0.06632686871196697,0.025967932064953167,0.06632686871196697
Nigeria,1995,0.08041419671074679,0.05843513606567383,0.10638212877569996,0.06632686871196697,0.025967932064953167,0.06632686871196697
Nigeria,1996,0.08041419671074679,0.05843513606567383,0.10638212877569996,0.06632686871196697,0.025967932064953167,0.06632686871196697
Nigeria,1997,0.08041419671074679,0.05843513606567383,0.10638212877569996,0.06632686871196697,0.025967932064953167,0.06632686871196697
Nigeria,1998,0.08041419671074679,0.05843513606567383,0.10638212877569996,0.06632686871196697,0.025967932064953167,0.06632686871196697
Nigeria,1999,0.08041419671074679,0.05843513606567383,0.10638212877569996,0.06632686871196697,0.025967932064953167,0.06632686871196697
Nigeria,2000,0.08041419671074679,0.05843513606567383,0.10638212877569996,0.06632686871196697,0.025967932064953167,0.06632686871196697
Nigeria,2001,0.08041419671074679,0.05843513606567383,0.10638212877569996,0.06632686871196697,0.025967932064953167,0.06632686871196697
Nigeria,2002,0.08041419671074679,0.05843513606567383,0.10638212877569996,0.06632686871196697,0.025967932064953167,0.06632686871196697
Nigeria,2003,0.08041419671074679,0.05843513606567383,0.10638212877569996,0.06632686871196697,0.025967932064953167,0.06632686871196697
Nigeria,2004,0.08041419671074679,0.05843513606567383,0.10638212877569996,0.06632686871196697,0.025967932064953167,0.06632686871196697
Nigeria,2005,0.08041419671074679,0.05843513606567383,0.10638212877569996,0.06632686871196697,0.025967932064953167,0.06632686871196697
Nigeria,2006,0.08041419671074679,0.05843513606567383,0.10638212877569996,0.06632686871196697,0.025967932064953167,0.06632686871196697
Nigeria,2007,0.08041419671074679,0.05843513606567383,0.10638212877569996,0.06632686871196697,0.025967932064953167,0.06632686871196697
Nigeria,2008,0.08041419671074679,0.05843513606567383,0.10638212877569996,0.06632686871196697,0.025967932064953167,0.06632686871196697
Nigeria,2009,0.08041419671074679,0.05843513606567383,0.10638212877569996,0.06632686871196697,0.025967932064953167,0.06632686871196697
Nigeria,2010,0.08041419671074679,0.05843513606567383,0.10638212877569996,0.06632686871196697,0.025967932064953167,0.06632686871196697
Nigeria,2011,0.08041419671074679,0.05843513606567383,0.10638212877569996,0.06632686871196697,0.025967932064953167,0.06632686871196697
Nigeria,2012,0.08041419671074679,0.05843513606567383,0.10638212877569996,0.06632686871196697,0.025967932064953167,0.06632686871196697
Nigeria,2013,0.08041419671074679,0.05843513606567383,0.10638212877569996,0.06632686871196697,0.025967932064953167,0.06632686871196697
Nigeria,2014,0.08041419671074679,0.05843513606567383,0.10638212877569996,0.06632686871196697,0.025967932064953167,0.06632686871196697
Nigeria,2015,0.08041419671074679,0.05843513606567383,0.10638212877569996,0.06632686871196697,0.025967932064953167,0.06632686871196697
Nigeria,2016,0.08041419671074679,0.05843513606567383,0.10638212877569996,0.06632686871196697,0.025967932064953167,0.06632686871196697
Nigeria,2017,0.08041419671074679,0.05843513606567383,0.10638212877569996,0.06632686871196697,0.025967932064953167,0.06632686871196697
Nigeria,2018,0.08041419671074679,0.05843513606567383,0.10638212877569996,0.06632686871196697,0.025967932064953167,0.06632686871196697
Nigeria,2019,0.08041419671074679,0.05843513606567383,0.10638212877569996,0.06632686871196697,0.025967932064953167,0.06632686871196697
Nigeria,2020,0.08041419671074679,0.05843513606567383,0.10638212877569996,0.06632686871196697,0.025967932064953167,0.06632686871196697
Nigeria,2021,0.08041419671074679,0.05843513606567383,0.10638212877569996,0.06632686871196697,0.025967932064953167,0.06632686871196697
Nigeria,2022,0.08041419671074679,0.05843513606567383,0.10638212877569996,0.06632686871196697,0.025967932064953167,0.06632686871196697
Nigeria,2023,0.08041419671074679,0.05843513606567383,0.10638212877569996,0.06632686871196697,0.025967932064953167,0.06632686871196697
Nigeria,2024,0.08041419671074679,0.05843513606567383,0.10638212877569996,0.06632686871196697,0.025967932064953167,0.06632686871196697
Norway,1900,0.3224653795804053,0.2671349105322575,0.38561898513824117,0.2930159331153339,0.06315360555783589,0.2930159331153339
Norway,1901,0.3224653795804053,0.2671349105322575,0.38561898513824117,0.30263868564615276,0.06315360555783589,0.30263868564615276
Norway,1902,0.3224653795804053,0.2671349105322575,0.38561898513824117,0.30263868564615276,0.06315360555783589,0.30263868564615276
Norway,1903,0.3224653795804053,0.2671349105322575,0.38561898513824117,0.30263868564615276,0.06315360555783589,0.30263868564615276
Norway,1904,0.3224653795804053,0.2671349105322575,0.38561898513824117,0.30263868564615276,0.06315360555783589,0.30263868564615276
Norway,1905,0.44105948982731236,0.37554389828838036,0.5148758044185154,0.43563789659902263,0.07381631459120308,0.43563789659902263
Norway,1906,0.401202544923275,0.35884635618604,0.44820373394210095,0.4174454020957965,0.04700118901882594,0.4174454020957965
Norway,1907,0.43088000667328474,0.35884635618604,0.5150754476200012,0.4174454020957965,0.0841954409467165,0.4174454020957965
Norway,1908,0.401202544923275,0.35884635618604,0.44820373394210095,0.4174454020957965,0.04700118901882594,0.4174454020957965
Norway,1909,0.41728098959059556,0.37151815333199933,0.46789987449191467,0.4249170300035859,0.050618884901319106,0.4249170300035859
Norway,1910,0.401202544923275,0.35884635618604,0.44820373394210095,0.4174454020957965,0.04700118901882594,0.4174454020957965
Norway,1911,0.401202544923275,0.35884635618604,0.44820373394210095,0.4174454020957965,0.04700118901882594,0.4174454020957965
Norway,1912,0.401202544923275,0.35884635618604,0.44820373394210095,0.4174454020957965,0.04700118901882594,0.4174454020957965
Norway,1913,0.4071360927748757,0.35884635618604,0.46135032466363274,0.4174454020957965,0.054214231888757014,0.4174454020957965
Norway,1914,0.24596105391723314,0.23659090062427368,0.24608898347860406,0.2530624350590352,0.00012792956137092082,0.2530624350590352
Norway,1915,0.24596105391723314,0.23659090062427368,0.24608898347860406,0.2530624350590352,0.00012792956137092082,0.2530624350590352
Norway,1916,0.24091428933613748,0.22647310110743069,0.24608898347860406,0.2478699604224143,0.005174694142466574,0.2478699604224143
Norway,1917,0.23437863855439547,0.22647310110743069,0.22960914043929395,0.2478699604224143,-0.0047694981151015226,0.2478699604224143
Norway,1918,0.24596105391723314,0.23659090062427368,0.24608898347860406,0.2530624350590352,0.00012792956137092082,0.2530624350590352
Norway,1919,0.24868032302397078,0.22366750203751087,0.273287944892568,0.2635583591479779,0.024607621868597246,0.2635583591479779
Norway,1920,0.25438113994673583,0.2341414471058242,0.273287944892568,0.26149913732362834,0.01890680494583219,0.26149913732362834
Norway,1921,0.22605707199825234,0.19505623352504772,0.25664193770873506,0.2462909557065309,0.030584865710482717,0.2462909557065309
Norway,1922,0.23984734180080972,0.19505623352504772,0.2929027669669353,0.2462909557065309,0.053055425166125575,0.2462909557065309
Norway,1923,0.26254679860776614,0.2341414471058242,0.2929027669669353,0.2696002443108107,0.03035596835916915,0.2696002443108107
Norway,1924,0.26254679860776614,0.2341414471058242,0.2929027669669353,0.2696002443108107,0.03035596835916915,0.2696002443108107
Norway,1925,0.27129853486478805,0.2341414471058242,0.31392541273861324,0.2696002443108107,0.042626877873825186,0.2696002443108107
Norway,1926,0.26885291397426336,0.24536714347810537,0.2929027669669353,0.27607577649202664,0.024049852992671927,0.27607577649202664
Norway,1927,0.26254679860776614,0.2341414471058242,0.2929027669669353,0.2696002443108107,0.03035596835916915,0.2696002443108107
Norway,1928,0.26254679860776614,0.2341414471058242,0.2929027669669353,0.2696002443108107,0.03035596835916915,0.2696002443108107
Norway,1929,0.12706427341177562,0.10604869308350828,0.14163639388119223,0.15371692587467092,0.01457212046941661,0.15371692587467092
Norway,1930,0.12731900613370198,0.10627195449322809,0.14163639388119223,0.1540250906316307,0.014317387747490251,0.1540250906316307
Norway,1931,0.11914207299132516,0.08800396432943987,0.1518021282911996,0.13620269728044834,0.03266005529987444,0.13620269728044834
Norway,1932,0.13044331662065145,0.10606253058055011,0.1518021282911996,0.15373768219895995,0.02135881167054815,0.15373768219895995
Norway,1933,0.140551489317943,0.11647245896951108,0.1626974926590376,0.16119824648980421,0.022146003341094594,0.16119824648980421
Norway,1934,0.3020980916496702,0.2900104453202317,0.31392541273861324,0.31829229226278377,0.011827321088943021,0.31829229226278377
Norway,1935,0.3156361064997155,0.3153479508250848,0.31392541273861324,0.35866297126738816,-0.0017106937611022777,0.35866297126738816
Norway,1936,0.32654891288384763,0.3153479508250848,0.33645692658899845,0.33255602281393715,0.00990801370515082,0.33255602281393715
Norway,1937,0.3020980916496702,0.2900104453202317,0.31392541273861324,0.31829229226278377,0.011827321088943021,0.31829229226278377
Norway,1938,0.3020980916496702,0.2900104453202317,0.31392541273861324,0.31829229226278377,0.011827321088943021,0.31829229226278377
Norway,1939,0.3020980916496702,0.2900104453202317,0.31392541273861324,0.3080603775353467,0.011827321088943021,0.3080603775353467
Norway,1940,0.11332863156327612,0.11814472451558472,0.0897362396721032,0.11742842412561638,-0.023592391891172917,0.11742842412561638
Norway,1941,0.1560296461681936,0.14801928144742862,0.14347237855440031,0.16002004772575648,-0.012557267613793277,0.16002004772575648
Norway,1942,0.17266949220349614,0.14801928144742862,0.16609046182875536,0.16002004772575648,-0.00657903037474078,0.16002004772575648
Norway,1943,0.15251141319275244,0.14135421880667567,0.14347237855440031,0.15641183721918683,-0.009039034638352123,0.15641183721918683
Norway,1944,0.1560296461681936,0.14801928144742862,0.14347237855440031,0.16002004772575648,-0.012557267613793277,0.16002004772575648
Norway,1945,0.42488637166646837,0.37554389828838036,0.480372867848821,0.43563789659902263,0.05548649618235263,0.43563789659902263
Norway,1946,0.40093624505875763,0.37554389828838036,0.42760131160899595,0.40731994367013824,0.026665066550238314,0.40731994367013824
Norway,1947,0.40093624505875763,0.37554389828838036,0.42760131160899595,0.40731994367013824,0.026665066550238314,0.40731994367013824
Norway,1948,0.42484702896048177,0.3935645863894841,0.458291738328234,0.4171204787618283,0.033444709367752234,0.4171204787618283
Norway,1949,0.40093624505875763,0.37554389828838036,0.42760131160899595,0.40731994367013824,0.026665066550238314,0.40731994367013824
Norway,1950,0.4242185457803793,0.39222394603692834,0.45850015257484544,0.4301685948029428,0.034281606794466124,0.4301685948029428
Norway,1951,0.4242185457803793,0.39222394603692834,0.45850015257484544,0.4301685948029428,0.034281606794466124,0.4301685948029428
Norway,1952,0.4242185457803793,0.39222394603692834,0.45850015257484544,0.4301685948029428,0.034281606794466124,0.4301685948029428
Norway,1953,0.4242185457803793,0.39222394603692834,0.45850015257484544,0.4301685948029428,0.034281606794466124,0.4301685948029428
Norway,1954,0.4242185457803793,0.39222394603692834,0.45850015257484544,0.4301685948029428,0.034281606794466124,0.4301685948029428
Norway,1955,0.4242185457803793,0.39222394603692834,0.45850015257484544,0.4301685948029428,0.034281606794466124,0.4301685948029428
Norway,1956,0.4242185457803793,0.39222394603692834,0.45850015257484544,0.4301685948029428,0.034281606794466124,0.4301685948029428
Norway,1957,0.4242185457803793,0.39222394603692834,0.45850015257484544,0.4301685948029428,0.034281606794466124,0.4301685948029428
Norway,1958,0.4242185457803793,0.39222394603692834,0.45850015257484544,0.4301685948029428,0.034281606794466124,0.4301685948029428
Norway,1959,0.4242185457803793,0.39222394603692834,0.45850015257484544,0.4301685948029428,0.034281606794466124,0.4301685948029428
Norway,1960,0.4242185457803793,0.39222394603692834,0.45850015257484544,0.4301685948029428,0.034281606794466124,0.4301685948029428
Norway,1961,0.4242185457803793,0.39222394603692834,0.45850015257484544,0.4301685948029428,0.034281606794466124,0.4301685948029428
Norway,1962,0.4242185457803793,0.39222394603692834,0.45850015257484544,0.4301685948029428,0.034281606794466124,0.4301685948029428
Norway,1963,0.4242185457803793,0.39222394603692834,0.45850015257484544,0.4301685948029428,0.034281606794466124,0.4301685948029428
Norway,1964,0.4242185457803793,0.39222394603692834,0.45850015257484544,0.4301685948029428,0.034281606794466124,0.4301685948029428
Norway,1965,0.4008353335161312,0.37554389828838036,0.42772688096289313,0.38930998601483796,0.02689154744676192,0.38930998601483796
Norway,1966,0.4008353335161312,0.37554389828838036,0.42772688096289313,0.39854051336790225,0.02689154744676192,0.39854051336790225
Norway,1967,0.4008353335161312,0.37554389828838036,0.42772688096289313,0.39854051336790225,0.02689154744676192,0.39854051336790225
Norway,1968,0.4008353335161312,0.37554389828838036,0.42772688096289313,0.39854051336790225,0.02689154744676192,0.39854051336790225
Norway,1969,0.40543930608751294,0.38416051189909467,0.42772688096289313,0.4031181277614106,0.02228757487538019,0.4031181277614106
Norway,1970,0.40543930608751294,0.38416051189909467,0.42772688096289313,0.4031181277614106,0.02228757487538019,0.4031181277614106
Norway,1971,0.4008353335161312,0.37554389828838036,0.42772688096289313,0.39854051336790225,0.02689154744676192,0.39854051336790225
Norway,1972,0.3089188237617551,0.318183293431487,0.2989100265827809,0.28826312066005916,-0.010008797178974238,0.28826312066005916
Norway,1973,0.31952041891983174,0.318183293431487,0.3203638341774425,0.3025615041965793,0.0008434152576107801,0.3025615041965793
Norway,1974,0.5255410036876101,0.47717168317213093,0.5694268236236987,0.4694764980655422,0.04388581993608853,0.4694764980655422
Norway,1975,0.48554733905016007,0.46864248467228303,0.5004855552443472,0.465018907358076,0.01493821619418717,0.465018907358076
Norway,1976,0.46681501241403245,0.43431525249703323,0.5004855552443472,0.44707856382402006,0.03367054283031479,0.44707856382402006
Norway,1977,0.46681501241403245,0.43431525249703323,0.5004855552443472,0.44707856382402006,0.03367054283031479,0.44707856382402006
Norway,1978,0.46681501241403245,0.43431525249703323,0.5004855552443472,0.44707856382402006,0.03367054283031479,0.44707856382402006
Norway,1979,0.46681501241403245,0.43431525249703323,0.5004855552443472,0.44707856382402006,0.03367054283031479,0.44707856382402006
Norway,1980,0.46681501241403245,0.43431525249703323,0.5004855552443472,0.44707856382402006,0.03367054283031479,0.44707856382402006
Norway,1981,0.46681501241403245,0.43431525249703323,0.5004855552443472,0.4377943276517146,0.03367054283031479,0.4377943276517146
Norway,1982,0.46681501241403245,0.43431525249703323,0.5004855552443472,0.44707856382402006,0.03367054283031479,0.44707856382402006
Norway,1983,0.46681501241403245,0.43431525249703323,0.5004855552443472,0.44707856382402006,0.03367054283031479,0.44707856382402006
Norway,1984,0.46681501241403245,0.43431525249703323,0.5004855552443472,0.44707856382402006,0.03367054283031479,0.44707856382402006
Norway,1985,0.46681501241403245,0.43431525249703323,0.5004855552443472,0.44707856382402006,0.03367054283031479,0.44707856382402006
Norway,1986,0.2243790934418993,0.18648235226416587,0.2628832081618663,0.2556445616092528,0.03850411471996698,0.2556445616092528
Norway,1987,0.2552087522128112,0.2139261447302725,0.3019735087718789,0.2736355988456561,0.0467647565590677,0.2736355988456561
Norway,1988,0.23182637877430912,0.19618147842132025,0.2671930212314471,0.26231857331897707,0.035366642457138,0.26231857331897707
Norway,1989,0.2182921566514536,0.15641168222582033,0.3019735087718789,0.23405351301910315,0.0836813521204253,0.23405351301910315
Norway,1990,0.22325188129235518,0.16370375874012658,0.3019735087718789,0.2393713448350393,0.07872162747952371,0.2393713448350393
Norway,1991,0.24193497089051794,0.20439967914649748,0.28175124625429254,0.26755989968549665,0.039816275363774606,0.26755989968549665
Norway,1992,0.2552087522128112,0.2139261447302725,0.3019735087718789,0.2736355988456561,0.0467647565590677,0.2736355988456561
Norway,1993,0.47601874705622377,0.4573566500855804,0.49454619803973654,0.4557491005687721,0.018527450983512772,0.4557491005687721
Norway,1994,0.43411834663121646,0.4368244777434746,0.43052747127944924,0.4314292228809417,-0.00359087535176722,0.4314292228809417
Norway,1995,0.44906259115557107,0.4368244777434746,0.4614279186101698,0.4454642982468877,0.012365327454598729,0.4454642982468877
Norway,1996,0.4533623568716234,0.4450393690204248,0.4614279186101698,0.4497296103772044,0.00806556173854639,0.4497296103772044
Norway,1997,0.44906259115557107,0.4368244777434746,0.4614279186101698,0.4454642982468877,0.012365327454598729,0.4454642982468877
Norway,1998,0.43866983600257853,0.41696866249961934,0.4614279186101698,0.43515481918481264,0.022758082607591268,0.43515481918481264
Norway,1999,0.44906259115557107,0.4368244777434746,0.4614279186101698,0.4454642982468877,0.012365327454598729,0.4454642982468877
Norway,2000,0.44906259115557107,0.4368244777434746,0.4614279186101698,0.4454642982468877,0.012365327454598729,0.4454642982468877
Norway,2001,0.42463461465208585,0.41766728356037025,0.4279134369669346,0.4267286235129248,0.0032788223148487727,0.4267286235129248
Norway,2002,0.42463461465208585,0.41766728356037025,0.4279134369669346,0.4267286235129248,0.0032788223148487727,0.4267286235129248
Norway,2003,0.42463461465208585,0.41766728356037025,0.4279134369669346,0.4267286235129248,0.0032788223148487727,0.4267286235129248
Norway,2004,0.42463461465208585,0.41766728356037025,0.4279134369669346,0.4267286235129248,0.0032788223148487727,0.4267286235129248
Norway,2005,0.42463461465208585,0.41766728356037025,0.4279134369669346,0.4267286235129248,0.0032788223148487727,0.4267286235129248
Norway,2006,0.42463461465208585,0.41766728356037025,0.4279134369669346,0.4267286235129248,0.0032788223148487727,0.4267286235129248
Norway,2007,0.42463461465208585,0.41766728356037025,0.4279134369669346,0.4267286235129248,0.0032788223148487727,0.4267286235129248
Norway,2008,0.42463461465208585,0.41766728356037025,0.4279134369669346,0.4267286235129248,0.0032788223148487727,0.4267286235129248
Norway,2009,0.42463461465208585,0.41766728356037025,0.4279134369669346,0.4267286235129248,0.0032788223148487727,0.4267286235129248
Norway,2010,0.42463461465208585,0.41766728356037025,0.4279134369669346,0.4267286235129248,0.0032788223148487727,0.4267286235129248
Norway,2011,0.39095619688708566,0.41766728356037025,0.353788533207264,0.40461216448198106,-0.03716766367982166,0.40461216448198106
Norway,2012,0.4116148132415336,0.41766728356037025,0.3992573542120561,0.44144700545328147,-0.012357459029477491,0.44144700545328147
Norway,2013,0.42463461465208585,0.41766728356037025,0.4279134369669346,0.4267286235129248,0.0032788223148487727,0.4267286235129248
Norway,2014,0.2961790216593239,0.2619757605276576,0.3337205450053858,0.3379724176228309,0.03754152334606187,0.3379724176228309
Norway,2015,0.2894667427228855,0.2326472309383012,0.3576728240399211,0.3193100216268309,0.06820608131703565,0.3193100216268309
Norway,2016,0.32837522465778907,0.3009311251672175,0.3576728240399211,0.3622298682773836,0.029297599382132056,0.3622298682773836
Norway,2017,0.3761402038214097,0.36848528798182983,0.38334424107640064,0.4006166679751508,0.007204037254990914,0.4006166679751508
Norway,2018,0.3761402038214097,0.36848528798182983,0.38334424107640064,0.4006166679751508,0.007204037254990914,0.4006166679751508
Norway,2019,0.3761402038214097,0.36848528798182983,0.38334424107640064,0.4006166679751508,0.007204037254990914,0.4006166679751508
Norway,2020,0.3287503725764887,0.32192262206090977,0.3337205450053858,0.3630673289623168,0.0049701724288970794,0.3630673289623168
Norway,2021,0.3597932298593745,0.3365313923093858,0.38334424107640064,0.3832059520410027,0.02355101121702613,0.3832059520410027
Norway,2022,0.3958180828485631,0.36848528798182983,0.4223048925945951,0.3877242520267488,0.02648680974603196,0.3877242520267488
Norway,2023,0.3631743262188871,0.36848528798182983,0.3576728240399211,0.4006166679751508,-0.005501502178966,0.4006166679751508
Norway,2024,0.3761402038214097,0.36848528798182983,0.38334424107640064,0.4006166679751508,0.007204037254990914,0.4006166679751508
Norway,2025,0.3761402038214097,0.36848528798182983,0.38334424107640064,0.4006166679751508,0.007204037254990914,0.4006166679751508
Pakistan,1947,0.11482160378841337,0.08898674867624821,0.13693063937629155,0.08686817169195342,0.022109035587878176,0.08686817169195342
Pakistan,1948,0.15534397212999898,0.13767104567056063,0.16946226386699156,0.13402283801400366,0.014118291736992583,0.13402283801400366
Pakistan,1949,0.22055983768848342,0.19849478827801417,0.23841009048305803,0.19311385658185523,0.01785025279457461,0.19311385658185523
Pakistan,1950,0.30162050398739115,0.2741587985887182,0.324037034920393,0.2832913651929918,0.022416530933001833,0.2832913651929918
Pakistan,1951,0.34635734919184286,0.3272847804950048,0.36424532941708054,0.33418802864535735,0.017887980225237687,0.33418802864535735
Pakistan,1952,0.34635734919184286,0.3272847804950048,0.36424532941708054,0.33418802864535735,0.017887980225237687,0.33418802864535735
Pakistan,1953,0.34635734919184286,0.3272847804950048,0.36424532941708054,0.33418802864535735,0.017887980225237687,0.33418802864535735
Pakistan,1954,0.34635734919184286,0.3272847804950048,0.36424532941708054,0.33418802864535735,0.017887980225237687,0.33418802864535735
Pakistan,1955,0.34635734919184286,0.3272847804950048,0.36424532941708054,0.33418802864535735,0.017887980225237687,0.33418802864535735
Pakistan,1956,0.34635734919184286,0.3272847804950048,0.36424532941708054,0.33418802864535735,0.017887980225237687,0.33418802864535735
Pakistan,1957,0.34635734919184286,0.3272847804950048,0.36424532941708054,0.33418802864535735,0.017887980225237687,0.33418802864535735
Pakistan,1958,0.3397519665801975,0.34909960837492765,0.33,0.38032884036310866,-0.009751966580197502,0.38032884036310866
Pakistan,1959,0.3397519665801975,0.34909960837492765,0.33,0.38032884036310866,-0.009751966580197502,0.38032884036310866
Pakistan,1960,0.3397519665801975,0.34909960837492765,0.33,0.38032884036310866,-0.009751966580197502,0.38032884036310866
Pakistan,1961,0.3397519665801975,0.34909960837492765,0.33,0.38032884036310866,-0.009751966580197502,0.38032884036310866
Pakistan,1962,0.3397519665801975,0.34909960837492765,0.33,0.38032884036310866,-0.009751966580197502,0.38032884036310866
Pakistan,1963,0.3397519665801975,0.34909960837492765,0.33,0.38032884036310866,-0.009751966580197502,0.38032884036310866
Pakistan,1964,0.3397519665801975,0.34909960837492765,0.33,0.38032884036310866,-0.009751966580197502,0.38032884036310866
Pakistan,1965,0.3063855298230959,0.3039088607172496,0.3079008872071465,0.33109548621586593,0.001515357384050564,0.33109548621586593
Pakistan,1966,0.3063855298230959,0.3039088607172496,0.3079008872071465,0.33109548621586593,0.001515357384050564,0.33109548621586593
Pakistan,1967,0.3063855298230959,0.3039088607172496,0.3079008872071465,0.33109548621586593,0.001515357384050564,0.33109548621586593
Pakistan,1968,0.28433449842653097,0.2813873109653409,0.28728168588772096,0.28433449842653097,0.002947187461189993,0.28433449842653097
Pakistan,1969,0.28433449842653097,0.2813873109653409,0.28728168588772096,0.28433449842653097,0.002947187461189993,0.28433449842653097
Pakistan,1970,0.28433449842653097,0.2813873109653409,0.28728168588772096,0.28433449842653097,0.002947187461189993,0.28433449842653097
Pakistan,1971,0.24752755776973745,0.24496188206525926,0.2500932334742157,0.24752755776973745,0.002565675704478243,0.24752755776973745
Pakistan,1972,0.18249118812828916,0.18025126874837313,0.18473110750820518,0.18249118812828916,0.002239919379916022,0.18249118812828916
Pakistan,1973,0.18249118812828916,0.18025126874837313,0.18473110750820518,0.18249118812828916,0.002239919379916022,0.18249118812828916
Pakistan,1974,0.18249118812828916,0.18025126874837313,0.18473110750820518,0.18249118812828916,0.002239919379916022,0.18249118812828916
Pakistan,1975,0.18249118812828916,0.18025126874837313,0.18473110750820518,0.18249118812828916,0.002239919379916022,0.18249118812828916
Pakistan,1976,0.23236775859178996,0.22979944937446825,0.23493606780911172,0.23236775859178996,0.0025683092173217625,0.23236775859178996
Pakistan,1977,0.23236775859178996,0.22979944937446825,0.23493606780911172,0.23236775859178996,0.0025683092173217625,0.23236775859178996
Pakistan,1978,0.23236775859178996,0.22979944937446825,0.23493606780911172,0.23236775859178996,0.0025683092173217625,0.23236775859178996
Pakistan,1979,0.23236775859178996,0.22979944937446825,0.23493606780911172,0.23236775859178996,0.0025683092173217625,0.23236775859178996
Pakistan,1980,0.23236775859178996,0.22979944937446825,0.23493606780911172,0.23236775859178996,0.0025683092173217625,0.23236775859178996
Pakistan,1981,0.23236775859178996,0.22979944937446825,0.23493606780911172,0.23236775859178996,0.0025683092173217625,0.23236775859178996
Pakistan,1982,0.23236775859178996,0.22979944937446825,0.23493606780911172,0.23236775859178996,0.0025683092173217625,0.23236775859178996
Pakistan,1983,0.23236775859178996,0.22979944937446825,0.23493606780911172,0.23236775859178996,0.0025683092173217625,0.23236775859178996
Pakistan,1984,0.23236775859178996,0.22979944937446825,0.23493606780911172,0.23236775859178996,0.0025683092173217625,0.23236775859178996
Pakistan,1985,0.23236775859178996,0.22979944937446825,0.23493606780911172,0.23236775859178996,0.0025683092173217625,0.23236775859178996
Pakistan,1986,0.23236775859178996,0.22979944937446825,0.23493606780911172,0.23236775859178996,0.0025683092173217625,0.23236775859178996
Pakistan,1987,0.23236775859178996,0.22979944937446825,0.23493606780911172,0.23236775859178996,0.0025683092173217625,0.23236775859178996
Pakistan,1988,0.23236775859178996,0.22979944937446825,0.23493606780911172,0.23236775859178996,0.0025683092173217625,0.23236775859178996
Pakistan,1989,0.26692046204873726,0.263970249475676,0.2698706746217985,0.26692046204873726,0.002950212573061217,0.26692046204873726
Pakistan,1990,0.26692046204873726,0.263970249475676,0.2698706746217985,0.26692046204873726,0.002950212573061217,0.26692046204873726
Pakistan,1991,0.26692046204873726,0.263970249475676,0.2698706746217985,0.26692046204873726,0.002950212573061217,0.26692046204873726
Pakistan,1992,0.26692046204873726,0.263970249475676,0.2698706746217985,0.26692046204873726,0.002950212573061217,0.26692046204873726
Pakistan,1993,0.26692046204873726,0.263970249475676,0.2698706746217985,0.26692046204873726,0.002950212573061217,0.26692046204873726
Pakistan,1994,0.26692046204873726,0.263970249475676,0.2698706746217985,0.26692046204873726,0.002950212573061217,0.26692046204873726
Pakistan,1995,0.26692046204873726,0.263970249475676,0.2698706746217985,0.26692046204873726,0.002950212573061217,0.26692046204873726
Pakistan,1996,0.26692046204873726,0.263970249475676,0.2698706746217985,0.26692046204873726,0.002950212573061217,0.26692046204873726
Pakistan,1997,0.26692046204873726,0.263970249475676,0.2698706746217985,0.26692046204873726,0.002950212573061217,0.26692046204873726
Pakistan,1998,0.26692046204873726,0.263970249475676,0.2698706746217985,0.26692046204873726,0.002950212573061217,0.26692046204873726
Pakistan,1999,0.26692046204873726,0.263970249475676,0.2698706746217985,0.26692046204873726,0.002950212573061217,0.26692046204873726
Pakistan,2000,0.26692046204873726,0.263970249475676,0.2698706746217985,0.26692046204873726,0.002950212573061217,0.26692046204873726
Pakistan,2001,0.26692046204873726,0.263970249475676,0.2698706746217985,0.26692046204873726,0.002950212573061217,0.26692046204873726
Pakistan,2002,0.26692046204873726,0.263970249475676,0.2698706746217985,0.26692046204873726,0.002950212573061217,0.26692046204873726
Pakistan,2003,0.26692046204873726,0.263970249475676,0.2698706746217985,0.26692046204873726,0.002950212573061217,0.26692046204873726
Pakistan,2004,0.26692046204873726,0.263970249475676,0.2698706746217985,0.26692046204873726,0.002950212573061217,0.26692046204873726
Pakistan,2005,0.26692046204873726,0.263970249475676,0.2698706746217985,0.26692046204873726,0.002950212573061217,0.26692046204873726
Pakistan,2006,0.26692046204873726,0.263970249475676,0.2698706746217985,0.26692046204873726,0.002950212573061217,0.26692046204873726
Pakistan,2007,0.26692046204873726,0.263970249475676,0.2698706746217985,0.26692046204873726,0.002950212573061217,0.26692046204873726
Pakistan,2008,0.26692046204873726,0.263970249475676,0.2698706746217985,0.26692046204873726,0.002950212573061217,0.26692046204873726
Pakistan,2009,0.26692046204873726,0.263970249475676,0.2698706746217985,0.26692046204873726,0.002950212573061217,0.26692046204873726
Pakistan,2010,0.26692046204873726,0.263970249475676,0.2698706746217985,0.26692046204873726,0.002950212573061217,0.26692046204873726
Pakistan,2011,0.26692046204873726,0.263970249475676,0.2698706746217985,0.26692046204873726,0.002950212573061217,0.26692046204873726
Pakistan,2012,0.26692046204873726,0.263970249475676,0.2698706746217985,0.26692046204873726,0.002950212573061217,0.26692046204873726
Pakistan,2013,0.26692046204873726,0.263970249475676,0.2698706746217985,0.26692046204873726,0.002950212573061217,0.26692046204873726
Pakistan,2014,0.26692046204873726,0.263970249475676,0.2698706746217985,0.26692046204873726,0.002950212573061217,0.26692046204873726
Pakistan,2015,0.26692046204873726,0.263970249475676,0.2698706746217985,0.26692046204873726,0.002950212573061217,0.26692046204873726
Pakistan,2016,0.26692046204873726,0.263970249475676,0.2698706746217985,0.26692046204873726,0.002950212573061217,0.26692046204873726
Pakistan,2017,0.26692046204873726,0.263970249475676,0.2698706746217985,0.26692046204873726,0.002950212573061217,0.26692046204873726
Pakistan,2018,0.26692046204873726,0.263970249475676,0.2698706746217985,0.26692046204873726,0.002950212573061217,0.26692046204873726
Pakistan,2019,0.26692046204873726,0.263970249475676,0.2698706746217985,0.26692046204873726,0.002950212573061217,0.26692046204873726
Pakistan,2020,0.26692046204873726,0.263970249475676,0.2698706746217985,0.26692046204873726,0.002950212573061217,0.26692046204873726
Pakistan,2021,0.26692046204873726,0.263970249475676,0.2698706746217985,0.26692046204873726,0.002950212573061217,0.26692046204873726
Pakistan,2022,0.26692046204873726,0.263970249475676,0.2698706746217985,0.26692046204873726,0.002950212573061217,0.26692046204873726
Pakistan,2023,0.26692046204873726,0.263970249475676,0.2698706746217985,0.26692046204873726,0.002950212573061217,0.26692046204873726
Pakistan,2024,0.26692046204873726,0.263970249475676,0.2698706746217985,0.26692046204873726,0.002950212573061217,0.26692046204873726
Palestine,1945,0.16855642087119363,0.1399666046503382,0.19896039134256552,0.15562313281487283,0.03040397047137189,0.15562313281487283
Palestine,1946,0.16367555956821517,0.1399666046503382,0.18563660913168786,0.16369737625790035,0.021961049563472695,0.16369737625790035
Palestine,1947,0.23114019027167512,0.20239340185239474,0.2575123293841091,0.2296495761504889,0.026372139112433995,0.2296495761504889
Palestine,1948,0.2853073994038459,0.26754602439578495,0.3023372440604912,0.2959021844598551,0.017029844656645254,0.2959021844598551
Palestine,1949,0.2853073994038459,0.26754602439578495,0.3023372440604912,0.2959021844598551,0.017029844656645254,0.2959021844598551
Palestine,1950,0.2853073994038459,0.26754602439578495,0.3023372440604912,0.2959021844598551,0.017029844656645254,0.2959021844598551
Palestine,1951,0.2853073994038459,0.26754602439578495,0.3023372440604912,0.2959021844598551,0.017029844656645254,0.2959021844598551
Palestine,1952,0.2853073994038459,0.26754602439578495,0.3023372440604912,0.2959021844598551,0.017029844656645254,0.2959021844598551
Palestine,1953,0.2853073994038459,0.26754602439578495,0.3023372440604912,0.2959021844598551,0.017029844656645254,0.2959021844598551
Palestine,1954,0.2853073994038459,0.26754602439578495,0.3023372440604912,0.2959021844598551,0.017029844656645254,0.2959021844598551
Palestine,1955,0.2853073994038459,0.26754602439578495,0.3023372440604912,0.2959021844598551,0.017029844656645254,0.2959021844598551
Palestine,1956,0.2853073994038459,0.26754602439578495,0.3023372440604912,0.2959021844598551,0.017029844656645254,0.2959021844598551
Palestine,1957,0.2853073994038459,0.26754602439578495,0.3023372440604912,0.2959021844598551,0.017029844656645254,0.2959021844598551
Palestine,1958,0.2853073994038459,0.26754602439578495,0.3023372440604912,0.2959021844598551,0.017029844656645254,0.2959021844598551
Palestine,1959,0.2853073994038459,0.26754602439578495,0.3023372440604912,0.2959021844598551,0.017029844656645254,0.2959021844598551
Palestine,1960,0.2853073994038459,0.26754602439578495,0.3023372440604912,0.2959021844598551,0.017029844656645254,0.2959021844598551
Palestine,1961,0.2853073994038459,0.26754602439578495,0.3023372440604912,0.2959021844598551,0.017029844656645254,0.2959021844598551
Palestine,1962,0.2853073994038459,0.26754602439578495,0.3023372440604912,0.2959021844598551,0.017029844656645254,0.2959021844598551
Palestine,1963,0.2853073994038459,0.26754602439578495,0.3023372440604912,0.2959021844598551,0.017029844656645254,0.2959021844598551
Palestine,1964,0.2853073994038459,0.26754602439578495,0.3023372440604912,0.2959021844598551,0.017029844656645254,0.2959021844598551
Palestine,1965,0.2853073994038459,0.26754602439578495,0.3023372440604912,0.2959021844598551,0.017029844656645254,0.2959021844598551
Palestine,1966,0.2853073994038459,0.26754602439578495,0.3023372440604912,0.2959021844598551,0.017029844656645254,0.2959021844598551
Palestine,1967,0.2853073994038459,0.26754602439578495,0.3023372440604912,0.2959021844598551,0.017029844656645254,0.2959021844598551
Palestine,1968,0.2853073994038459,0.26754602439578495,0.3023372440604912,0.2959021844598551,0.017029844656645254,0.2959021844598551
Palestine,1969,0.2853073994038459,0.26754602439578495,0.3023372440604912,0.2959021844598551,0.017029844656645254,0.2959021844598551
Palestine,1970,0.2853073994038459,0.26754602439578495,0.3023372440604912,0.2959021844598551,0.017029844656645254,0.2959021844598551
Palestine,1971,0.2853073994038459,0.26754602439578495,0.3023372440604912,0.2959021844598551,0.017029844656645254,0.2959021844598551
Palestine,1972,0.2853073994038459,0.26754602439578495,0.3023372440604912,0.2959021844598551,0.017029844656645254,0.2959021844598551
Palestine,1973,0.2080785870644328,0.19318747123586089,0.22244447993596855,0.2172135706540169,0.014365892871535751,0.2172135706540169
Palestine,1974,0.2080785870644328,0.19318747123586089,0.22244447993596855,0.2172135706540169,0.014365892871535751,0.2172135706540169
Palestine,1975,0.2080785870644328,0.19318747123586089,0.22244447993596855,0.2172135706540169,0.014365892871535751,0.2172135706540169
Palestine,1976,0.22478772267018274,0.2222179603638058,0.22735748497655972,0.22478772267018274,0.0025697623063769826,0.22478772267018274
Palestine,1977,0.22478772267018274,0.2222179603638058,0.22735748497655972,0.22478772267018274,0.0025697623063769826,0.22478772267018274
Palestine,1978,0.22478772267018274,0.2222179603638058,0.22735748497655972,0.22478772267018274,0.0025697623063769826,0.22478772267018274
Palestine,1979,0.22478772267018274,0.2222179603638058,0.22735748497655972,0.22478772267018274,0.0025697623063769826,0.22478772267018274
Palestine,1980,0.22478772267018274,0.2222179603638058,0.22735748497655972,0.22478772267018274,0.0025697623063769826,0.22478772267018274
Palestine,1981,0.22478772267018274,0.2222179603638058,0.22735748497655972,0.22478772267018274,0.0025697623063769826,0.22478772267018274
Palestine,1982,0.22478772267018274,0.2222179603638058,0.22735748497655972,0.22478772267018274,0.0025697623063769826,0.22478772267018274
Palestine,1983,0.22478772267018274,0.2222179603638058,0.22735748497655972,0.22478772267018274,0.0025697623063769826,0.22478772267018274
Palestine,1984,0.22478772267018274,0.2222179603638058,0.22735748497655972,0.22478772267018274,0.0025697623063769826,0.22478772267018274
Palestine,1985,0.22478772267018274,0.2222179603638058,0.22735748497655972,0.22478772267018274,0.0025697623063769826,0.22478772267018274
Palestine,1986,0.22478772267018274,0.2222179603638058,0.22735748497655972,0.22478772267018274,0.0025697623063769826,0.22478772267018274
Palestine,1987,0.22478772267018274,0.2222179603638058,0.22735748497655972,0.22478772267018274,0.0025697623063769826,0.22478772267018274
Palestine,1988,0.22478772267018274,0.2222179603638058,0.22735748497655972,0.22478772267018274,0.0025697623063769826,0.22478772267018274
Palestine,1989,0.22478772267018274,0.2222179603638058,0.22735748497655972,0.22478772267018274,0.0025697623063769826,0.22478772267018274
Palestine,1990,0.22478772267018274,0.2222179603638058,0.22735748497655972,0.22478772267018274,0.0025697623063769826,0.22478772267018274
Palestine,1991,0.22478772267018274,0.2222179603638058,0.22735748497655972,0.22478772267018274,0.0025697623063769826,0.22478772267018274
Palestine,1992,0.22478772267018274,0.2222179603638058,0.22735748497655972,0.22478772267018274,0.0025697623063769826,0.22478772267018274
Palestine,1993,0.22478772267018274,0.2222179603638058,0.22735748497655972,0.22478772267018274,0.0025697623063769826,0.22478772267018274
Palestine,1994,0.22478772267018274,0.2222179603638058,0.22735748497655972,0.22478772267018274,0.0025697623063769826,0.22478772267018274
Palestine,1995,0.22478772267018274,0.2222179603638058,0.22735748497655972,0.22478772267018274,0.0025697623063769826,0.22478772267018274
Palestine,1996,0.22478772267018274,0.2222179603638058,0.22735748497655972,0.22478772267018274,0.0025697623063769826,0.22478772267018274
Palestine,1997,0.22478772267018274,0.2222179603638058,0.22735748497655972,0.22478772267018274,0.0025697623063769826,0.22478772267018274
Palestine,1998,0.22478772267018274,0.2222179603638058,0.22735748497655972,0.22478772267018274,0.0025697623063769826,0.22478772267018274
Palestine,1999,0.22478772267018274,0.2222179603638058,0.22735748497655972,0.22478772267018274,0.0025697623063769826,0.22478772267018274
Palestine,2000,0.22478772267018274,0.2222179603638058,0.22735748497655972,0.22478772267018274,0.0025697623063769826,0.22478772267018274
Palestine,2001,0.22478772267018274,0.2222179603638058,0.22735748497655972,0.22478772267018274,0.0025697623063769826,0.22478772267018274
Palestine,2002,0.22478772267018274,0.2222179603638058,0.22735748497655972,0.22478772267018274,0.0025697623063769826,0.22478772267018274
Palestine,2003,0.22478772267018274,0.2222179603638058,0.22735748497655972,0.22478772267018274,0.0025697623063769826,0.22478772267018274
Palestine,2004,0.22478772267018274,0.2222179603638058,0.22735748497655972,0.22478772267018274,0.0025697623063769826,0.22478772267018274
Palestine,2005,0.22478772267018274,0.2222179603638058,0.22735748497655972,0.22478772267018274,0.0025697623063769826,0.22478772267018274
Palestine,2006,0.22478772267018274,0.2222179603638058,0.22735748497655972,0.22478772267018274,0.0025697623063769826,0.22478772267018274
Palestine,2007,0.22478772267018274,0.2222179603638058,0.22735748497655972,0.22478772267018274,0.0025697623063769826,0.22478772267018274
Palestine,2008,0.22478772267018274,0.2222179603638058,0.22735748497655972,0.22478772267018274,0.0025697623063769826,0.22478772267018274
Palestine,2009,0.22478772267018274,0.2222179603638058,0.22735748497655972,0.22478772267018274,0.0025697623063769826,0.22478772267018274
Palestine,2010,0.22478772267018274,0.2222179603638058,0.22735748497655972,0.22478772267018274,0.0025697623063769826,0.22478772267018274
Palestine,2011,0.22478772267018274,0.2222179603638058,0.22735748497655972,0.22478772267018274,0.0025697623063769826,0.22478772267018274
Palestine,2012,0.22478772267018274,0.2222179603638058,0.22735748497655972,0.22478772267018274,0.0025697623063769826,0.22478772267018274
Palestine,2013,0.22478772267018274,0.2222179603638058,0.22735748497655972,0.22478772267018274,0.0025697623063769826,0.22478772267018274
Palestine,2014,0.22478772267018274,0.2222179603638058,0.22735748497655972,0.22478772267018274,0.0025697623063769826,0.22478772267018274
Palestine,2015,0.22478772267018274,0.2222179603638058,0.22735748497655972,0.22478772267018274,0.0025697623063769826,0.22478772267018274
Palestine,2016,0.22478772267018274,0.2222179603638058,0.22735748497655972,0.22478772267018274,0.0025697623063769826,0.22478772267018274
Palestine,2017,0.22478772267018274,0.2222179603638058,0.22735748497655972,0.22478772267018274,0.0025697623063769826,0.22478772267018274
Palestine,2018,0.22478772267018274,0.2222179603638058,0.22735748497655972,0.22478772267018274,0.0025697623063769826,0.22478772267018274
Palestine,2019,0.22478772267018274,0.2222179603638058,0.22735748497655972,0.22478772267018274,0.0025697623063769826,0.22478772267018274
Palestine,2020,0.22478772267018274,0.2222179603638058,0.22735748497655972,0.22478772267018274,0.0025697623063769826,0.22478772267018274
Palestine,2021,0.22478772267018274,0.2222179603638058,0.22735748497655972,0.22478772267018274,0.0025697623063769826,0.22478772267018274
Palestine,2022,0.22478772267018274,0.2222179603638058,0.22735748497655972,0.22478772267018274,0.0025697623063769826,0.22478772267018274
Palestine,2023,0.22478772267018274,0.2222179603638058,0.22735748497655972,0.22478772267018274,0.0025697623063769826,0.22478772267018274
Palestine,2024,0.22478772267018274,0.2222179603638058,0.22735748497655972,0.22478772267018274,0.0025697623063769826,0.22478772267018274
Palestine,2025,0.22478772267018274,0.2222179603638058,0.22735748497655972,0.22478772267018274,0.0025697623063769826,0.22478772267018274
Philippines,1900,0.11177972137431275,0.10003061747773505,0.1229604519792491,0.11989312351615371,0.01118073060493635,0.11989312351615371
Philippines,1901,0.16019316766960978,0.13897801543552293,0.18188598798124783,0.1671046518863263,0.02169282031163805,0.1671046518863263
Philippines,1902,0.1801015117265167,0.1252461254341817,0.25245966335587605,0.1783100303613955,0.07235815162935935,0.1783100303613955
Philippines,1903,0.2141546805409816,0.1579009016298717,0.2842307025531906,0.2227276290237611,0.070076022012209,0.2227276290237611
Philippines,1904,0.26688256283500755,0.21331095135076553,0.3298484500494128,0.2766052532616215,0.06296588721440527,0.2766052532616215
Philippines,1905,0.2989145095485692,0.23338104232419798,0.37889637197008214,0.31221175045922717,0.07998186242151295,0.31221175045922717
Philippines,1906,0.3386571806298367,0.2781691516852487,0.4074237292736274,0.3458151060938815,0.06876654864379073,0.3458151060938815
Philippines,1907,0.3695788394469197,0.3192806088411018,0.4250183913489029,0.3769243093944943,0.055439551901983186,0.3769243093944943
Philippines,1908,0.3781993612844527,0.33486872581978294,0.4250183913489029,0.38571616621480054,0.04681903006445021,0.38571616621480054
Philippines,1909,0.41683686389745517,0.3621702170508832,0.4736307125214104,0.40212469407653306,0.056793848623955256,0.40212469407653306
Philippines,1910,0.42321973112036887,0.37335852170855865,0.4736307125214104,0.40828227933745836,0.050410981401041555,0.40828227933745836
Philippines,1911,0.43146431870763796,0.38941394566978166,0.4736307125214104,0.4162358759323445,0.04216639381377246,0.4162358759323445
Philippines,1912,0.43146431870763796,0.38941394566978166,0.4736307125214104,0.4162358759323445,0.04216639381377246,0.4162358759323445
Philippines,1913,0.40572622350457216,0.3709209553594966,0.4419130805875612,0.3634957660544705,0.03618685708298902,0.3634957660544705
Philippines,1914,0.3699903631949156,0.3439817111067572,0.39655618113842844,0.3406450769644814,0.02656581794351287,0.3406450769644814
Philippines,1915,0.40572622350457216,0.3709209553594966,0.4419130805875612,0.35400304942546823,0.03618685708298902,0.35400304942546823
Philippines,1916,0.45480433200666615,0.38941394566978166,0.5278031643091577,0.4398377366516955,0.0729988323024916,0.4398377366516955
Philippines,1917,0.4876844023492856,0.432953820060638,0.5472379681398822,0.4631094730963759,0.05955356579059662,0.4631094730963759
Philippines,1918,0.3429667701157582,0.264592785124626,0.4275019395044053,0.3245630424109481,0.08453516938864708,0.3245630424109481
Philippines,1919,0.3101533538428828,0.25620887405273624,0.37,0.3101533538428828,0.05984664615711721,0.3101533538428828
Philippines,1920,0.23731935687282046,0.20949841882028483,0.25666680864319014,0.22950022839133857,0.019347451770369672,0.22950022839133857
Philippines,1921,0.2651365337047317,0.22880789583718242,0.2948327408707712,0.23948390119096896,0.02969620716603949,0.23948390119096896
Philippines,1922,0.28907042739252065,0.2472175743177494,0.33093090043489803,0.27247483517091203,0.04186047304237739,0.27247483517091203
Philippines,1923,0.3111940261592643,0.25903845054889196,0.37,0.25886195550730606,0.058805973840735715,0.25886195550730606
Philippines,1924,0.3376602168608547,0.26115348379453696,0.4250183913489029,0.3033615776467851,0.08735817448804822,0.3033615776467851
Philippines,1925,0.40250832290353245,0.33484456465351703,0.4736307125214104,0.36063338204782674,0.07112238961787798,0.36063338204782674
Philippines,1926,0.408891190126446,0.3454552702762584,0.4736307125214104,0.3787665819136565,0.06473952239496444,0.3787665819136565
Philippines,1927,0.408891190126446,0.3454552702762584,0.4736307125214104,0.38677226765333783,0.06473952239496444,0.38677226765333783
Philippines,1928,0.408891190126446,0.3454552702762584,0.4736307125214104,0.38677226765333783,0.06473952239496444,0.38677226765333783
Philippines,1929,0.3493532664861754,0.3038385327359705,0.39655618113842844,0.36145608276290325,0.04720291465225307,0.36145608276290325
Philippines,1930,0.28340664196154575,0.23688062406641752,0.33093090043489803,0.3186801981912296,0.04752425847335229,0.3186801981912296
Philippines,1931,0.24975559113688858,0.20086207123019614,0.2948327408707712,0.28504899670282396,0.04507714973388263,0.28504899670282396
Philippines,1932,0.24975559113688858,0.20086207123019614,0.2948327408707712,0.28504899670282396,0.04507714973388263,0.28504899670282396
Philippines,1933,0.2729181812950872,0.21773817994604203,0.33093090043489803,0.29661068613800384,0.05801271913981082,0.29661068613800384
Philippines,1934,0.2947908256558522,0.22857434922536432,0.3687817782917155,0.331110006109139,0.0739909526358633,0.331110006109139
Philippines,1935,0.3130507704381454,0.22849658911342127,0.4123194835798585,0.3399936962499639,0.0992687131417131,0.3399936962499639
Philippines,1936,0.34437129636734015,0.26115348379453696,0.4419130805875612,0.3617307344885126,0.09754178422022103,0.3617307344885126
Philippines,1937,0.4097188711962974,0.3323436273021441,0.49245776533796654,0.40752108025710676,0.08273889414166913,0.40752108025710676
Philippines,1938,0.3595273489675714,0.2836775041497996,0.4419130805875612,0.35848366409960186,0.0823857316199898,0.35848366409960186
Philippines,1939,0.3502552463215154,0.291864945772031,0.4123194835798585,0.36109353248078874,0.06206423725834309,0.36109353248078874
Philippines,1940,0.2995641364410018,0.2564451517678028,0.34408556582378297,0.3088446614375184,0.04452142938278114,0.3088446614375184
Philippines,1941,0.20232223798844928,0.18027981967904497,0.22344143484374762,0.2013462235810821,0.02111919685529834,0.2013462235810821
Philippines,1942,0.1151697286660252,0.10882314237923955,0.11937623480553933,0.09817236369230838,0.004206506139514121,0.09817236369230838
Philippines,1943,0.12344767318219506,0.12184857639978874,0.12264742224282985,0.12874571731699988,-0.000800250939365213,0.12874571731699988
Philippines,1944,0.09114150342774874,0.07731945184209203,0.10501192412279445,0.08897449472973586,0.01387042069504571,0.08897449472973586
Philippines,1945,0.14486614597921418,0.12014742956892836,0.17405504762202426,0.1348411771399753,0.029188901642810072,0.1348411771399753
Philippines,1946,0.2083506796465755,0.1647157236859825,0.25992076683399534,0.19294242668708017,0.051570087187419844,0.19294242668708017
Philippines,1947,0.23698108788341984,0.18784092071388858,0.29134194295463584,0.22391565936587457,0.05436085507121599,0.22391565936587457
Philippines,1948,0.2428239953541599,0.19719637334108264,0.29134194295463584,0.21705757409225512,0.048517947600475925,0.21705757409225512
Philippines,1949,0.2074676336859195,0.1719577772850844,0.24251465064166372,0.1815045057154937,0.03504701695574422,0.1815045057154937
Philippines,1950,0.20280106671937312,0.1847058760204933,0.21540659228538017,0.20148940859279785,0.012605525566007053,0.20148940859279785
Philippines,1951,0.22298781974544166,0.20053546652318202,0.24251465064166372,0.23043633288332752,0.019526830896222064,0.23043633288332752
Philippines,1952,0.271344003981495,0.2483562127843649,0.29134194295463584,0.2862449916614278,0.01999793897314084,0.2862449916614278
Philippines,1953,0.2910478457869143,0.26956700737178013,0.3122525629825413,0.3182575500886381,0.021204717195627,0.3182575500886381
Philippines,1954,0.37127978533316996,0.3412294644524266,0.4010209093047205,0.40380285473051386,0.029741123971550543,0.40380285473051386
Philippines,1955,0.39298302593152173,0.3576935844960585,0.42980356851497303,0.4135737139714411,0.0368205425834513,0.4135737139714411
Philippines,1956,0.4046222831145778,0.3785697406871,0.42980356851497303,0.42582282017559586,0.025181285400395215,0.42582282017559586
Philippines,1957,0.38216521535360565,0.3610219893170022,0.4010209093047205,0.36125463975639266,0.01885569395111486,0.36125463975639266
Philippines,1958,0.3555122292686052,0.3435938164741444,0.35777087639996635,0.3397870623229169,0.0022586471313611467,0.3397870623229169
Philippines,1959,0.34024609857393556,0.3340512731006429,0.333812031092206,0.32442539491940847,-0.006434067481729588,0.32442539491940847
Philippines,1960,0.3152755446082384,0.2859892327163181,0.333812031092206,0.30061591740994836,0.01853648648396755,0.30061591740994836
Philippines,1961,0.298881480993825,0.2724561014989177,0.31145763798093873,0.2872266020201842,0.012576156987113729,0.2872266020201842
Philippines,1962,0.30748623837815986,0.22324847132602077,0.4178542209426026,0.27934060105028896,0.11036798256444275,0.27934060105028896
Philippines,1963,0.30506035404518217,0.2342405358434272,0.3898717737923586,0.2660988761880447,0.08481141974717643,0.2660988761880447
Philippines,1964,0.2904196329864864,0.2342405358434272,0.34910897848874833,0.2660988761880447,0.05868934550226196,0.2660988761880447
Philippines,1965,0.2904196329864864,0.2342405358434272,0.34910897848874833,0.2660988761880447,0.05868934550226196,0.2660988761880447
Philippines,1966,0.32622301998530595,0.2777119850789423,0.3741657386773941,0.32269873654888587,0.04794271869208816,0.32269873654888587
Philippines,1967,0.3432410190686282,0.30942220446635965,0.3741657386773941,0.34628118442000616,0.030924719608765916,0.34628118442000616
Philippines,1968,0.307658014874093,0.29684189469802547,0.31327726965349445,0.3398208565261591,0.00561925477940145,0.3398208565261591
Philippines,1969,0.247173824336079,0.2540831929482343,0.23323807579381203,0.29877103631170715,-0.013935748542266979,0.29877103631170715
Philippines,1970,0.18368080699991637,0.18929145744317813,0.17541107804286787,0.2235467381358663,-0.0082697289570485,0.2235467381358663
Philippines,1971,0.16820270288366676,0.1802465693498797,0.15464824888358325,0.1941873432394697,-0.01355445400008351,0.1941873432394697
Philippines,1972,0.1345264482964014,0.15261027249332437,0.11593002524568564,0.14927173194331123,-0.018596423050715752,0.14927173194331123
Philippines,1973,0.24510254677856066,0.24624199379499215,0.23875246961107863,0.3427626659415481,-0.006350077167482038,0.3427626659415481
Philippines,1974,0.19089879696244716,0.2056191102423833,0.17225025918541037,0.3021147743704925,-0.01864853777703679,0.3021147743704925
Philippines,1975,0.22769888974437888,0.24349416589329417,0.20784609690826528,0.32925582551431404,-0.019852792836113603,0.32925582551431404
Philippines,1976,0.2589077311771164,0.24349416589329417,0.2676146628412134,0.3114839542133495,0.008706931664096973,0.3114839542133495
Philippines,1977,0.2589077311771164,0.24349416589329417,0.2676146628412134,0.3114839542133495,0.008706931664096973,0.3114839542133495
Philippines,1978,0.24967694625935047,0.24349416589329417,0.2496933094498514,0.3114839542133495,1.6363190500939817e-05,0.3114839542133495
Philippines,1979,0.2293094196112775,0.23135946695882934,0.22276393095802544,0.28696168249960285,-0.006545488653252052,0.28696168249960285
Philippines,1980,0.2201000321243544,0.2138736729616022,0.22276393095802544,0.27543689938115024,0.0026638988336710467,0.27543689938115024
Philippines,1981,0.1957491583710269,0.19040165124515027,0.19786358937409382,0.2450664355746578,0.002114431003066908,0.2450664355746578
Philippines,1982,0.1922205908356732,0.18280451458196553,0.19786358937409382,0.2276108331211807,0.005642998538420624,0.2276108331211807
Philippines,1983,0.15548784231268584,0.1464377121446495,0.1589797903714837,0.1813736617586045,0.00349194805879785,0.1813736617586045
Philippines,1984,0.13919259723790667,0.11751744808473807,0.15572881899046934,0.14791632787131886,0.01653622175256267,0.14791632787131886
Philippines,1985,0.149439365465789,0.11751744808473807,0.17455448924437417,0.1403121580867144,0.025115123778585158,0.1403121580867144
Philippines,1986,0.22565619348222057,0.19526077731487865,0.238334079926903,0.1539028820036266,0.012677886444682429,0.1539028820036266
Philippines,1987,0.2494695381071402,0.2044579432504254,0.2964988378688913,0.2017852958606762,0.0470292997617511,0.2017852958606762
Philippines,1988,0.2912778910889853,0.2506176799252919,0.333812031092206,0.25993692959372616,0.0425341400032207,0.25993692959372616
Philippines,1989,0.2443009846254741,0.21147766982899077,0.2794903724956467,0.21074780332001963,0.03518938787017259,0.21074780332001963
Philippines,1990,0.21917322037246056,0.18823614343708175,0.24824920291028316,0.21374118829471678,0.029075982537822592,0.21374118829471678
Philippines,1991,0.17188845490978766,0.12918144771532167,0.21931712199461312,0.16029902842627336,0.04742866708482546,0.16029902842627336
Philippines,1992,0.19169066886724184,0.16088883196992262,0.21931712199461312,0.19620062879078318,0.027626453127371275,0.19620062879078318
Philippines,1993,0.25774299747514845,0.21812565807265538,0.2995503642752176,0.2564811232903958,0.041807366800069135,0.2564811232903958
Philippines,1994,0.2954299398783845,0.2564451517678028,0.3357622640304418,0.30507375580869184,0.040332324152057286,0.30507375580869184
Philippines,1995,0.26021458484623133,0.23619433369137965,0.2801976457627494,0.2782948764322239,0.01998306091651808,0.2782948764322239
Philippines,1996,0.3299335851755534,0.2859892327163181,0.3749666651850535,0.3297573619137759,0.045033080009500126,0.3297573619137759
Philippines,1997,0.2483611819009938,0.21521539857901817,0.2794903724956467,0.26961957705796896,0.031129190594652884,0.26961957705796896
Philippines,1998,0.23379698623292433,0.1998382939932534,0.26606690777502895,0.23601464615999523,0.03226992154210462,0.23601464615999523
Philippines,1999,0.21423994433010285,0.1998382939932534,0.2253274667919314,0.22282389915952597,0.011087522461828564,0.22282389915952597
Philippines,2000,0.18334182200573115,0.15502080976760757,0.2062765134473627,0.16389770069997797,0.022934691441631544,0.16389770069997797
Philippines,2001,0.19236494537711682,0.1541585525580368,0.2280350850198276,0.16228685776633056,0.03567013964271079,0.16228685776633056
Philippines,2002,0.22718747315817386,0.19040165124515027,0.26606690777502895,0.23497032531587472,0.038879434616855085,0.23497032531587472
Philippines,2003,0.22718747315817386,0.19040165124515027,0.26606690777502895,0.2269834615418754,0.038879434616855085,0.2269834615418754
Philippines,2004,0.22030518554596767,0.19040165124515027,0.24824920291028316,0.23497032531587472,0.027944017364315482,0.23497032531587472
Philippines,2005,0.18534373179560168,0.18135612661876463,0.18800093848122842,0.19095690985071503,0.002657206685626745,0.19095690985071503
Philippines,2006,0.20217754584715322,0.19040165124515027,0.2116601048851673,0.20992594183718113,0.009482559038014066,0.20992594183718113
Philippines,2007,0.20217754584715322,0.19040165124515027,0.2116601048851673,0.20992594183718113,0.009482559038014066,0.20992594183718113
Philippines,2008,0.17933286861694323,0.16010665556012124,0.19781619706222436,0.19234574555626163,0.01848332844528114,0.19234574555626163
Philippines,2009,0.1898185970853098,0.16010665556012124,0.2220360331117452,0.18212706263144499,0.0322174360264354,0.18212706263144499
Philippines,2010,0.2679393477705842,0.22519725671578608,0.31145763798093873,0.27635815050779033,0.04351829021035453,0.27635815050779033
Philippines,2011,0.3015865305662005,0.2564451517678028,0.34910897848874833,0.3159183428414773,0.04752244792254784,0.3159183428414773
Philippines,2012,0.3104838380857116,0.2641942354482186,0.35986108430893166,0.321053612173325,0.04937724622322004,0.321053612173325
Philippines,2013,0.2939986818535087,0.2420133061161334,0.34985626934419095,0.28185626772186306,0.05585758749068226,0.28185626772186306
Philippines,2014,0.31690977149655125,0.2641942354482186,0.3749666651850535,0.3105131073072391,0.058056893688502254,0.3105131073072391
Philippines,2015,0.29086221642874643,0.2641942354482186,0.31291418982937114,0.2638810416208924,0.022051973400624703,0.2638810416208924
Philippines,2016,0.2739819329853219,0.2612213425845328,0.2787813048691096,0.2967887031608431,0.004799371883787706,0.2967887031608431
Poland,1900,0.22383147093452382,0.18827603172145213,0.2639015821545789,0.19311049832792015,0.04007011122005505,0.19311049832792015
Poland,1901,0.22383147093452382,0.18827603172145213,0.2639015821545789,0.19311049832792015,0.04007011122005505,0.19311049832792015
Poland,1902,0.22383147093452382,0.18827603172145213,0.2639015821545789,0.19311049832792015,0.04007011122005505,0.19311049832792015
Poland,1903,0.22383147093452382,0.18827603172145213,0.2639015821545789,0.19311049832792015,0.04007011122005505,0.19311049832792015
Poland,1904,0.22383147093452382,0.18827603172145213,0.2639015821545789,0.19311049832792015,0.04007011122005505,0.19311049832792015
Poland,1905,0.19326019882578904,0.17459569522562265,0.2102971389900154,0.18307243115844943,0.017036940164226355,0.18307243115844943
Poland,1906,0.2237262137903883,0.2005577878952364,0.2449401409198959,0.20220517034788107,0.02121392712950762,0.20220517034788107
Poland,1907,0.2237262137903883,0.2005577878952364,0.2449401409198959,0.20220517034788107,0.02121392712950762,0.20220517034788107
Poland,1908,0.2237262137903883,0.2005577878952364,0.2449401409198959,0.20220517034788107,0.02121392712950762,0.20220517034788107
Poland,1909,0.2237262137903883,0.2005577878952364,0.2449401409198959,0.20220517034788107,0.02121392712950762,0.20220517034788107
Poland,1910,0.2237262137903883,0.2005577878952364,0.2449401409198959,0.20220517034788107,0.02121392712950762,0.20220517034788107
Poland,1911,0.2237262137903883,0.2005577878952364,0.2449401409198959,0.20220517034788107,0.02121392712950762,0.20220517034788107
Poland,1912,0.2237262137903883,0.2005577878952364,0.2449401409198959,0.20220517034788107,0.02121392712950762,0.20220517034788107
Poland,1913,0.2237262137903883,0.2005577878952364,0.2449401409198959,0.20220517034788107,0.02121392712950762,0.20220517034788107
Poland,1914,0.1667209304102966,0.14805429063052852,0.18077610461562668,0.1602044781545258,0.01405517420533009,0.1602044781545258
Poland,1915,0.13477074596521135,0.12152162890007097,0.1435748769964349,0.13010284403002914,0.008804131031223544,0.13010284403002914
Poland,1916,0.13477074596521135,0.12152162890007097,0.1435748769964349,0.13482710914365856,0.008804131031223544,0.13482710914365856
Poland,1917,0.17347201790352942,0.15928526867940826,0.1823458252881047,0.1776009183545542,0.008873807384575272,0.1776009183545542
Poland,1918,0.1849026394682589,0.16217629907482212,0.20456623432479037,0.1911570314950279,0.019663594856531463,0.1911570314950279
Poland,1919,0.204474485488542,0.18124403286905086,0.22539089281680486,0.20808606085671377,0.02091640732826286,0.20808606085671377
Poland,1920,0.180934634607126,0.16309914299075393,0.19621416870348585,0.18838230387865515,0.015279534096359848,0.18838230387865515
Poland,1921,0.24172223256133166,0.2086540163349205,0.27599488090979307,0.23927649522031183,0.034272648348461415,0.23927649522031183
Poland,1922,0.2573958513440705,0.2187453614571797,0.29993325896339973,0.2468459617879074,0.042537407619329226,0.2468459617879074
Poland,1923,0.24156066923730515,0.2187453614571797,0.2639015821545789,0.23506215299503633,0.02234091291727372,0.23506215299503633
Poland,1924,0.26092269936147355,0.23968052532744766,0.282842712474619,0.24592573900579737,0.021920013113145453,0.24592573900579737
Poland,1925,0.26092269936147355,0.23968052532744766,0.282842712474619,0.2544454648032473,0.021920013113145453,0.2544454648032473
Poland,1926,0.26092269936147355,0.23968052532744766,0.282842712474619,0.24592573900579737,0.021920013113145453,0.24592573900579737
Poland,1927,0.26092269936147355,0.23968052532744766,0.282842712474619,0.2613272672480351,0.021920013113145453,0.2613272672480351
Poland,1928,0.26092269936147355,0.23968052532744766,0.282842712474619,0.2613272672480351,0.021920013113145453,0.2613272672480351
Poland,1929,0.24156066923730515,0.2187453614571797,0.2639015821545789,0.24978333021979574,0.02234091291727372,0.24978333021979574
Poland,1930,0.23580037967393666,0.2086540163349205,0.2639015821545789,0.23872992741684582,0.028101202480642212,0.23872992741684582
Poland,1931,0.20830260525762892,0.18256965546616907,0.23098316635886262,0.21480901753316642,0.022680561101233704,0.21480901753316642
Poland,1932,0.20830260525762892,0.18256965546616907,0.23098316635886262,0.21480901753316642,0.022680561101233704,0.21480901753316642
Poland,1933,0.22829650998859652,0.19994851070195926,0.25749005980936973,0.22462127947098398,0.029193549820773212,0.22462127947098398
Poland,1934,0.24322347069085948,0.21899586799792578,0.2675855109572224,0.24334435164304477,0.024362040266362905,0.24334435164304477
Poland,1935,0.2530511392239016,0.2253651019152979,0.282842712474619,0.24676931097365476,0.029791573250717407,0.24676931097365476
Poland,1936,0.2541483756077381,0.23336757537144795,0.27510836362794877,0.2510603623451778,0.02095998802021065,0.2510603623451778
Poland,1937,0.23659143742193686,0.20971746290636384,0.2639015821545789,0.23022660450554108,0.02731014473264201,0.23022660450554108
Poland,1938,0.21231394461584754,0.18930877562740503,0.23619853228590607,0.20400999860490465,0.02388458767005852,0.20400999860490465
Poland,1939,0.11644771208996528,0.09981682766753625,0.13213710680938542,0.11247688073269724,0.015689394719420144,0.11247688073269724
Poland,1940,0.09296932435853084,0.08284825967742172,0.10074720839804943,0.09862045585289336,0.0077778840395185955,0.09862045585289336
Poland,1941,0.09296932435853084,0.08284825967742172,0.10074720839804943,0.09862045585289336,0.0077778840395185955,0.09862045585289336
Poland,1942,0.09296932435853084,0.08284825967742172,0.10074720839804943,0.09862045585289336,0.0077778840395185955,0.09862045585289336
Poland,1943,0.09296932435853084,0.08284825967742172,0.10074720839804943,0.10153524196833918,0.0077778840395185955,0.10153524196833918
Poland,1944,0.09296932435853084,0.08284825967742172,0.10074720839804943,0.10339527133677705,0.0077778840395185955,0.10339527133677705
Poland,1945,0.09576763663389741,0.08363652192517419,0.10502551525529162,0.09681596814025938,0.009257878621394211,0.09681596814025938
Poland,1946,0.1481086293863551,0.14150556955678126,0.15149257407543118,0.15622313155503978,0.003383944689076074,0.15622313155503978
Poland,1947,0.1807716921862439,0.1763202027069454,0.18470609395310147,0.18692714627264553,0.0039344017668575815,0.18692714627264553
Poland,1948,0.20809782050915962,0.20349787405296507,0.21217158628185545,0.21797341128940106,0.004073765772695831,0.21797341128940106
Poland,1949,0.22674015330936395,0.23168689479672047,0.22177941028470385,0.2477406795394268,-0.004960743024660097,0.2477406795394268
Poland,1950,0.24592783717279362,0.24188300657892856,0.25,0.2530966981118364,0.004072162827206377,0.2530966981118364
Poland,1951,0.24592783717279362,0.24188300657892856,0.25,0.2530966981118364,0.004072162827206377,0.2530966981118364
Poland,1952,0.24592783717279362,0.24188300657892856,0.25,0.2530966981118364,0.004072162827206377,0.2530966981118364
Poland,1953,0.24592783717279362,0.24188300657892856,0.25,0.2530966981118364,0.004072162827206377,0.2530966981118364
Poland,1954,0.24592783717279362,0.24188300657892856,0.25,0.2530966981118364,0.004072162827206377,0.2530966981118364
Poland,1955,0.246597192055212,0.24319438411042396,0.25,0.25378556486459075,0.0034028079447880055,0.25378556486459075
Poland,1956,0.22350403227106808,0.20605424489641586,0.24156797761841348,0.2162431566624712,0.0180639453473454,0.2162431566624712
Poland,1957,0.2583654407336793,0.24319438411042396,0.27386127875258304,0.2514342557206402,0.015495838018903751,0.2514342557206402
Poland,1958,0.2583654407336793,0.24319438411042396,0.27386127875258304,0.246597192055212,0.015495838018903751,0.246597192055212
Poland,1959,0.2583654407336793,0.24319438411042396,0.27386127875258304,0.246597192055212,0.015495838018903751,0.246597192055212
Poland,1960,0.2583654407336793,0.24319438411042396,0.27386127875258304,0.246597192055212,0.015495838018903751,0.246597192055212
Poland,1961,0.2583654407336793,0.24319438411042396,0.27386127875258304,0.246597192055212,0.015495838018903751,0.246597192055212
Poland,1962,0.2583654407336793,0.24319438411042396,0.27386127875258304,0.246597192055212,0.015495838018903751,0.246597192055212
Poland,1963,0.2583654407336793,0.24319438411042396,0.27386127875258304,0.246597192055212,0.015495838018903751,0.246597192055212
Poland,1964,0.2583654407336793,0.24319438411042396,0.27386127875258304,0.246597192055212,0.015495838018903751,0.246597192055212
Poland,1965,0.2583654407336793,0.24319438411042396,0.27386127875258304,0.246597192055212,0.015495838018903751,0.246597192055212
Poland,1966,0.2583654407336793,0.24319438411042396,0.27386127875258304,0.246597192055212,0.015495838018903751,0.246597192055212
Poland,1967,0.2514342557206402,0.24319438411042396,0.2598076211353316,0.246597192055212,0.008373365414691414,0.246597192055212
Poland,1968,0.23735753338691187,0.23226109190166244,0.24240908197195993,0.23294652740220334,0.005051548585048055,0.23294652740220334
Poland,1969,0.2583654407336793,0.24319438411042396,0.27386127875258304,0.246597192055212,0.015495838018903751,0.246597192055212
Poland,1970,0.23891511604964152,0.2159693814642624,0.2627052983798873,0.22327337012941115,0.023790182330245796,0.22327337012941115
Poland,1971,0.2583654407336793,0.24319438411042396,0.27386127875258304,0.246597192055212,0.015495838018903751,0.246597192055212
Poland,1972,0.2583654407336793,0.24319438411042396,0.27386127875258304,0.246597192055212,0.015495838018903751,0.246597192055212
Poland,1973,0.2583654407336793,0.24319438411042396,0.27386127875258304,0.246597192055212,0.015495838018903751,0.246597192055212
Poland,1974,0.2583654407336793,0.24319438411042396,0.27386127875258304,0.246597192055212,0.015495838018903751,0.246597192055212
Poland,1975,0.2583654407336793,0.24319438411042396,0.27386127875258304,0.246597192055212,0.015495838018903751,0.246597192055212
Poland,1976,0.2390195306710213,0.22191413041467042,0.2555216081806181,0.22777304665870735,0.016502077509596785,0.22777304665870735
Poland,1977,0.2583654407336793,0.24319438411042396,0.27386127875258304,0.246597192055212,0.015495838018903751,0.246597192055212
Poland,1978,0.25926290472430996,0.24319438411042396,0.27568097504180444,0.24855443494705476,0.016418070317494482,0.24855443494705476
Poland,1979,0.25502557160172973,0.23226109190166244,0.27599488090979307,0.2376741265597027,0.020969309308063344,0.2376741265597027
Poland,1980,0.22884862615131815,0.21485214048446424,0.24026749904286704,0.21509696465222272,0.011418872891548887,0.21509696465222272
Poland,1981,0.18480290838309832,0.17877217064475004,0.1876166303929372,0.18318651351257528,0.0028137220098388704,0.18318651351257528
Poland,1982,0.18520505993703928,0.184716840090005,0.18470609395310147,0.1940526384994841,-0.0004989659839378102,0.1940526384994841
Poland,1983,0.20759694112837465,0.20231989610006815,0.21217158628185545,0.20997876846204955,0.0045746451534808,0.20997876846204955
Poland,1984,0.22016342838633682,0.22191413041467042,0.21788125863209457,0.22777304665870735,-0.0022821697542422525,0.22777304665870735
Poland,1985,0.21989940977977407,0.22191413041467042,0.21683525518963134,0.22777304665870735,-0.003064154590142726,0.22777304665870735
Poland,1986,0.22356832791383777,0.22191413041467042,0.2236484891405331,0.22777304665870735,8.016122669532444e-05,0.22777304665870735
Poland,1987,0.2028628696486994,0.19311642671370333,0.21005795518438616,0.20248745881275396,0.007195085535686763,0.20248745881275396
Poland,1988,0.20410543691583471,0.1895882902542381,0.21551491470245365,0.1955390429211362,0.011409477786618938,0.1955390429211362
Poland,1989,0.21633654881368602,0.20254395672625614,0.22539089281680486,0.21112259182649648,0.00905434400311883,0.21112259182649648
Poland,1990,0.18289082140437596,0.16172564701891215,0.20108252558563025,0.18860348680285632,0.018191704181254292,0.18860348680285632
Poland,1991,0.181337950343079,0.1589361164068528,0.20108252558563025,0.18700211121458507,0.019744575242551243,0.18700211121458507
Poland,1992,0.19656107389895108,0.1663760843844854,0.22973967099940698,0.1925619327692708,0.0331785971004559,0.1925619327692708
Poland,1993,0.22538407385611606,0.1904288976349621,0.2639015821545789,0.21932074380604147,0.038517508298462816,0.21932074380604147
Poland,1994,0.25030234760684283,0.22345720973463656,0.2789487332700811,0.23904950257250204,0.02864638566323824,0.23904950257250204
Poland,1995,0.27454666421691076,0.2494436132179334,0.3014630989026683,0.2737577591065765,0.02691643468575755,0.2737577591065765
Poland,1996,0.28421591702152244,0.2622187715333165,0.30776614498674154,0.28055377554638244,0.023550227965219106,0.28055377554638244
Poland,1997,0.28652790265936207,0.26468627344980594,0.30983866769659335,0.28190528200673093,0.023310765037231285,0.28190528200673093
Poland,1998,0.2851542344940916,0.2622187715333165,0.30983866769659335,0.28055377554638244,0.024684433202501743,0.28055377554638244
Poland,1999,0.2851542344940916,0.2622187715333165,0.30983866769659335,0.28055377554638244,0.024684433202501743,0.28055377554638244
Poland,2000,0.2872077750251662,0.2659075191683887,0.30983866769659335,0.2825741858350553,0.02263089267142715,0.2825741858350553
Poland,2001,0.2872077750251662,0.2659075191683887,0.30983866769659335,0.2825741858350553,0.02263089267142715,0.2825741858350553
Poland,2002,0.2872077750251662,0.2659075191683887,0.30983866769659335,0.2825741858350553,0.02263089267142715,0.2825741858350553
Poland,2003,0.2952636882199373,0.2659075191683887,0.3275050614188018,0.2825741858350553,0.0322413731988645,0.2825741858350553
Poland,2004,0.3249185479704531,0.2960075053526372,0.35591116789754973,0.3196765621940914,0.03099261992709662,0.3196765621940914
Poland,2005,0.32353036945567837,0.29338613457137136,0.35591116789754973,0.3183107794830495,0.03238079844187136,0.3183107794830495
Poland,2006,0.3170284790093356,0.28154057334905963,0.35591116789754973,0.30146981897514236,0.03888268888821411,0.30146981897514236
Poland,2007,0.33244305857439976,0.310205175946004,0.35591116789754973,0.31612790434835253,0.023468109323149966,0.31612790434835253
Poland,2008,0.3105899079039724,0.2892242357973549,0.33207686170480977,0.3054083931461265,0.02148695380083737,0.3054083931461265
Poland,2009,0.32277769960416386,0.2920148723392742,0.35591116789754973,0.3175702526276199,0.03313346829338587,0.3175702526276199
Poland,2010,0.32131036987052725,0.2893415968763067,0.35591116789754973,0.3055415694589743,0.034600798027022484,0.3055415694589743
Poland,2011,0.32991509871376695,0.3054475298500706,0.35591116789754973,0.3158378607151131,0.025996069183782777,0.3158378607151131
Poland,2012,0.3361288167919019,0.31714181029179755,0.35591116789754973,0.32178644394921246,0.019782351105647855,0.32178644394921246
Poland,2013,0.3361288167919019,0.31714181029179755,0.35591116789754973,0.32178644394921246,0.019782351105647855,0.32178644394921246
Poland,2014,0.3246924703250091,0.31714181029179755,0.33207686170480977,0.3196327783145295,0.007384391379800681,0.3196327783145295
Poland,2015,0.3246924703250091,0.31714181029179755,0.33207686170480977,0.3117156482254257,0.007384391379800681,0.3117156482254257
Poland,2016,0.29998538481900255,0.3029260218036891,0.29495762407505255,0.27656596658041055,-0.005027760743950005,0.27656596658041055
Poland,2017,0.29998538481900255,0.3029260218036891,0.29495762407505255,0.27656596658041055,-0.005027760743950005,0.27656596658041055
Poland,2018,0.2934690234393431,0.2895739475777865,0.29495762407505255,0.2705583279594819,0.0014886006357094361,0.2705583279594819
Poland,2019,0.2934690234393431,0.2895739475777865,0.29495762407505255,0.2705583279594819,0.0014886006357094361,0.2705583279594819
Poland,2020,0.2436513677554961,0.24289361906175574,0.2435986526622881,0.239874152154816,-5.271509320797785e-05,0.239874152154816
Poland,2021,0.2708968991440743,0.2659075191683887,0.2752051943673353,0.25909737338501,0.004308295223261038,0.25909737338501
Poland,2022,0.26383146209467273,0.25188649014566883,0.2752051943673353,0.24418318076139078,0.011373732272662584,0.24418318076139078
Poland,2023,0.2977147072059173,0.2790115006555152,0.31612775405639737,0.2731129582708547,0.018413046850480064,0.2731129582708547
Poland,2024,0.3049010491866173,0.2790115006555152,0.33207686170480977,0.2897515320886846,0.027175812518192455,0.2897515320886846
Poland,2025,0.3049010491866173,0.2790115006555152,0.33207686170480977,0.2897515320886846,0.027175812518192455,0.2897515320886846
Russia,1900,0.2567547601157755,0.2037139845694488,0.31612775405639737,0.23140993283835765,0.05937299394062184,0.23140993283835765
Russia,1901,0.24008688163638317,0.19547477841947195,0.28460498941515416,0.20921877434702277,0.04451810777877099,0.20921877434702277
Russia,1902,0.23103175014744695,0.17942512160718002,0.28460498941515416,0.18930258429845184,0.05357323926770721,0.18930258429845184
Russia,1903,0.225055306446858,0.17942512160718002,0.2683281572999748,0.18930258429845184,0.04327285085311677,0.18930258429845184
Russia,1904,0.22130828150178297,0.17245065123048553,0.2683281572999748,0.16495529818686105,0.04701987579819181,0.16495529818686105
Russia,1905,0.1591730439275807,0.13234408192435368,0.18973665961010278,0.13009205268554766,0.030563615682522083,0.13009205268554766
Russia,1906,0.19432429559467201,0.16908574296480014,0.21850645721597686,0.1887135446414574,0.02418216162130485,0.1887135446414574
Russia,1907,0.1806171626574621,0.16908574296480014,0.18467166200173746,0.1960087419934712,0.004054499344275347,0.1960087419934712
Russia,1908,0.1806171626574621,0.16908574296480014,0.18467166200173746,0.1905204797876623,0.004054499344275347,0.1905204797876623
Russia,1909,0.1806171626574621,0.16908574296480014,0.18467166200173746,0.18539975008343804,0.004054499344275347,0.18539975008343804
Russia,1910,0.18943713255618147,0.17683308562536382,0.19659799705494244,0.20087645751815186,0.007160864498760966,0.20087645751815186
Russia,1911,0.18544875271121797,0.16908574296480014,0.19659799705494244,0.18539975008343804,0.011149244343724468,0.18539975008343804
Russia,1912,0.1890311019661559,0.17488226545359897,0.19659799705494244,0.17819900880948705,0.007566895088786524,0.17819900880948705
Russia,1913,0.1890311019661559,0.17488226545359897,0.19659799705494244,0.17819900880948705,0.007566895088786524,0.17819900880948705
Russia,1914,0.1930093282904426,0.18283144567643939,0.19659799705494244,0.18334613444037848,0.0035886687644998416,0.18334613444037848
Russia,1915,0.16215367451002172,0.1512808277914058,0.1711484970790699,0.155558179302093,0.008994822569048183,0.155558179302093
Russia,1916,0.1458613027912317,0.13169760984971227,0.15968719422671313,0.13915598099246665,0.013825891435481436,0.13915598099246665
Russia,1917,0.10580060913738674,0.09052300955080995,0.11601284708980951,0.05927735773241066,0.010212237952422765,0.05927735773241066
Russia,1918,0.08681194975508964,0.08236179417800182,0.08557424853953494,0.08962406392492038,-0.0012377012155547068,0.08962406392492038
Russia,1919,0.08371376291505694,0.08236179417800182,0.07984359711335656,0.08962406392492038,-0.0038701658017003815,0.08962406392492038
Russia,1920,0.09616186175113767,0.09460885748687507,0.09171620866115869,0.10295101479870515,-0.0044456530899789765,0.10295101479870515
Russia,1921,0.1330406477294824,0.12221587522427706,0.13045789938688737,0.12817555903300623,-0.0025827483425950315,0.12817555903300623
Russia,1922,0.1330406477294824,0.12221587522427706,0.13045789938688737,0.14577146090230922,-0.0025827483425950315,0.14577146090230922
Russia,1923,0.1470053983065009,0.13659674692995555,0.13982131454109564,0.1622863034543161,-0.007184083765405247,0.1622863034543161
Russia,1924,0.14295752035829032,0.13659674692995555,0.13045789938688737,0.1747526116380522,-0.012499620971402947,0.1747526116380522
Russia,1925,0.14295752035829032,0.13659674692995555,0.13045789938688737,0.19041953441435336,-0.012499620971402947,0.19041953441435336
Russia,1926,0.14295752035829032,0.13659674692995555,0.13045789938688737,0.18144451151306495,-0.012499620971402947,0.18144451151306495
Russia,1927,0.12922691629391356,0.12221587522427706,0.12172152413455535,0.1607449400889199,-0.007505392159358207,0.1607449400889199
Russia,1928,0.08258404565410464,0.11384108327617586,0.04940631543000044,0.15284716780631116,-0.0331777302241042,0.15284716780631116
Russia,1929,0.0744208622657125,0.10205121461813745,0.046097722286464436,0.13791139123234475,-0.028323139979248062,0.13791139123234475
Russia,1930,0.07226927818388897,0.09665082806313748,0.046097722286464436,0.13392423030671327,-0.02617155589742453,0.13392423030671327
Russia,1931,0.07226927818388897,0.09665082806313748,0.046097722286464436,0.13392423030671327,-0.02617155589742453,0.13392423030671327
Russia,1932,0.07226927818388897,0.09665082806313748,0.046097722286464436,0.13392423030671327,-0.02617155589742453,0.13392423030671327
Russia,1933,0.07226927818388897,0.09665082806313748,0.046097722286464436,0.13392423030671327,-0.02617155589742453,0.13392423030671327
Russia,1934,0.07226927818388897,0.09665082806313748,0.046097722286464436,0.12577287338816553,-0.02617155589742453,0.12577287338816553
Russia,1935,0.07226927818388897,0.09665082806313748,0.046097722286464436,0.1231878513763262,-0.02617155589742453,0.1231878513763262
Russia,1936,0.07226927818388897,0.09665082806313748,0.046097722286464436,0.1205087367884727,-0.02617155589742453,0.1205087367884727
Russia,1937,0.07226927818388897,0.09665082806313748,0.046097722286464436,0.11772443970746992,-0.02617155589742453,0.11772443970746992
Russia,1938,0.07226927818388897,0.09665082806313748,0.046097722286464436,0.12560262297900385,-0.02617155589742453,0.12560262297900385
Russia,1939,0.07226927818388897,0.09665082806313748,0.046097722286464436,0.12560262297900385,-0.02617155589742453,0.12560262297900385
Russia,1940,0.07226927818388897,0.09665082806313748,0.046097722286464436,0.12560262297900385,-0.02617155589742453,0.12560262297900385
Russia,1941,0.07226927818388897,0.09665082806313748,0.046097722286464436,0.11432532304203931,-0.02617155589742453,0.11432532304203931
Russia,1942,0.07226927818388897,0.09665082806313748,0.046097722286464436,0.11736349409914697,-0.02617155589742453,0.11736349409914697
Russia,1943,0.07226927818388897,0.09665082806313748,0.046097722286464436,0.12516047751742174,-0.02617155589742453,0.12516047751742174
Russia,1944,0.07226927818388897,0.09665082806313748,0.046097722286464436,0.13360410528084918,-0.02617155589742453,0.13360410528084918
Russia,1945,0.07445422214783119,0.10207467520241909,0.046097722286464436,0.15862750047928817,-0.028356499861366756,0.15862750047928817
Russia,1946,0.07226927818388897,0.09665082806313748,0.046097722286464436,0.14731119888027847,-0.02617155589742453,0.14731119888027847
Russia,1947,0.07226927818388897,0.09665082806313748,0.046097722286464436,0.14731119888027847,-0.02617155589742453,0.14731119888027847
Russia,1948,0.07226927818388897,0.09665082806313748,0.046097722286464436,0.1410960824132902,-0.02617155589742453,0.1410960824132902
Russia,1949,0.07226927818388897,0.09665082806313748,0.046097722286464436,0.14731119888027847,-0.02617155589742453,0.14731119888027847
Russia,1950,0.07226927818388897,0.09665082806313748,0.046097722286464436,0.1410960824132902,-0.02617155589742453,0.1410960824132902
Russia,1951,0.07226927818388897,0.09665082806313748,0.046097722286464436,0.1410960824132902,-0.02617155589742453,0.1410960824132902
Russia,1952,0.07226927818388897,0.09665082806313748,0.046097722286464436,0.13249419056802716,-0.02617155589742453,0.13249419056802716
Russia,1953,0.07604799374508116,0.09665082806313748,0.05295237775957185,0.1271630804075161,-0.023095615985509306,0.1271630804075161
Russia,1954,0.07604799374508116,0.09665082806313748,0.05295237775957185,0.1271630804075161,-0.023095615985509306,0.1271630804075161
Russia,1955,0.07604799374508116,0.09665082806313748,0.05295237775957185,0.1300706296235196,-0.023095615985509306,0.1300706296235196
Russia,1956,0.09207931429053819,0.09665082806313748,0.08203347088196232,0.11959293427287487,-0.010045843408575866,0.11959293427287487
Russia,1957,0.09570265603620881,0.09665082806313748,0.08860627556273155,0.1300706296235196,-0.007096380473477257,0.1300706296235196
Russia,1958,0.09859607002752453,0.10207467520241909,0.08860627556273155,0.14286505938201458,-0.009989794464792978,0.14286505938201458
Russia,1959,0.10207055707453871,0.10207467520241909,0.09472409299252055,0.14536189274586853,-0.007346464082018167,0.14536189274586853
Russia,1960,0.10207055707453871,0.10207467520241909,0.09472409299252055,0.13649993670544405,-0.007346464082018167,0.13649993670544405
Russia,1961,0.10533386665381,0.10207467520241909,0.1004700727451346,0.12832430849324597,-0.004863793908675404,0.12832430849324597
Russia,1962,0.10533386665381,0.10207467520241909,0.1004700727451346,0.12832430849324597,-0.004863793908675404,0.12832430849324597
Russia,1963,0.10533386665381,0.10207467520241909,0.1004700727451346,0.12541677170827792,-0.004863793908675404,0.12541677170827792
Russia,1964,0.10533386665381,0.10207467520241909,0.1004700727451346,0.11670390084817785,-0.004863793908675404,0.11670390084817785
Russia,1965,0.1066391086194673,0.1045099930430593,0.1004700727451346,0.12618299329161548,-0.006169035874332693,0.12618299329161548
Russia,1966,0.1066391086194673,0.1045099930430593,0.1004700727451346,0.12729723985282546,-0.006169035874332693,0.12729723985282546
Russia,1967,0.1066391086194673,0.1045099930430593,0.1004700727451346,0.12729723985282546,-0.006169035874332693,0.12729723985282546
Russia,1968,0.1066391086194673,0.1045099930430593,0.1004700727451346,0.12078276173910463,-0.006169035874332693,0.12078276173910463
Russia,1969,0.1066391086194673,0.1045099930430593,0.1004700727451346,0.12078276173910463,-0.006169035874332693,0.12078276173910463
Russia,1970,0.1066391086194673,0.1045099930430593,0.1004700727451346,0.11871914032290226,-0.006169035874332693,0.11871914032290226
Russia,1971,0.1066391086194673,0.1045099930430593,0.1004700727451346,0.11871914032290226,-0.006169035874332693,0.11871914032290226
Russia,1972,0.1066391086194673,0.1045099930430593,0.1004700727451346,0.11871914032290226,-0.006169035874332693,0.11871914032290226
Russia,1973,0.1066391086194673,0.1045099930430593,0.1004700727451346,0.11871914032290226,-0.006169035874332693,0.11871914032290226
Russia,1974,0.1066391086194673,0.1045099930430593,0.1004700727451346,0.11871914032290226,-0.006169035874332693,0.11871914032290226
Russia,1975,0.1066391086194673,0.1045099930430593,0.1004700727451346,0.11871914032290226,-0.006169035874332693,0.11871914032290226
Russia,1976,0.1066391086194673,0.1045099930430593,0.1004700727451346,0.11658995828377429,-0.006169035874332693,0.11658995828377429
Russia,1977,0.1066391086194673,0.1045099930430593,0.1004700727451346,0.11658995828377429,-0.006169035874332693,0.11658995828377429
Russia,1978,0.1066391086194673,0.1045099930430593,0.1004700727451346,0.11658995828377429,-0.006169035874332693,0.11658995828377429
Russia,1979,0.1066391086194673,0.1045099930430593,0.1004700727451346,0.11658995828377429,-0.006169035874332693,0.11658995828377429
Russia,1980,0.10354796631074813,0.09896650972993144,0.1004700727451346,0.11321037121212295,-0.0030778935656135264,0.11321037121212295
Russia,1981,0.10354796631074813,0.09896650972993144,0.1004700727451346,0.11321037121212295,-0.0030778935656135264,0.11321037121212295
Russia,1982,0.10354796631074813,0.09896650972993144,0.1004700727451346,0.11321037121212295,-0.0030778935656135264,0.11321037121212295
Russia,1983,0.10354796631074813,0.09896650972993144,0.1004700727451346,0.11321037121212295,-0.0030778935656135264,0.11321037121212295
Russia,1984,0.10354796631074813,0.09896650972993144,0.1004700727451346,0.11321037121212295,-0.0030778935656135264,0.11321037121212295
Russia,1985,0.1108617678719951,0.09896650972993144,0.11357019779768388,0.11985607968267041,0.002708429925688774,0.11985607968267041
Russia,1986,0.1108617678719951,0.09896650972993144,0.11357019779768388,0.11985607968267041,0.002708429925688774,0.11985607968267041
Russia,1987,0.11221867044034585,0.10121502720482005,0.11357019779768388,0.12619890249858728,0.0013515273573380254,0.12619890249858728
Russia,1988,0.11221867044034585,0.10121502720482005,0.11357019779768388,0.12291255240581339,0.0013515273573380254,0.12291255240581339
Russia,1989,0.11221867044034585,0.10121502720482005,0.11357019779768388,0.11164204268171675,0.0013515273573380254,0.11164204268171675
Russia,1990,0.11832284841449107,0.10447375808623043,0.12318417501403449,0.10334679595589864,0.004861326599543414,0.10334679595589864
Russia,1991,0.14637729733258373,0.12292906751046262,0.1630585306019707,0.05694964649833648,0.016681233269386975,0.05694964649833648
Russia,1992,0.15765048236994053,0.139057976930165,0.1722090017816165,0.09683256633289218,0.014558519411675963,0.09683256633289218
Russia,1993,0.15765048236994053,0.139057976930165,0.1722090017816165,0.0926897312233091,0.014558519411675963,0.0926897312233091
Russia,1994,0.15765048236994053,0.139057976930165,0.1722090017816165,0.0926897312233091,0.014558519411675963,0.0926897312233091
Russia,1995,0.15765048236994053,0.139057976930165,0.1722090017816165,0.0926897312233091,0.014558519411675963,0.0926897312233091
Russia,1996,0.15765048236994053,0.139057976930165,0.1722090017816165,0.0926897312233091,0.014558519411675963,0.0926897312233091
Russia,1997,0.15765048236994053,0.139057976930165,0.1722090017816165,0.0926897312233091,0.014558519411675963,0.0926897312233091
Russia,1998,0.15765048236994053,0.139057976930165,0.1722090017816165,0.08825339588165841,0.014558519411675963,0.08825339588165841
Russia,1999,0.15765048236994053,0.139057976930165,0.1722090017816165,0.0926897312233091,0.014558519411675963,0.0926897312233091
Russia,2000,0.15765048236994053,0.139057976930165,0.1722090017816165,0.11129810541770963,0.014558519411675963,0.11129810541770963
Russia,2001,0.1534038413837132,0.139057976930165,0.16366432289503338,0.11526036156107215,0.010260481511320169,0.11526036156107215
Russia,2002,0.1534038413837132,0.139057976930165,0.16366432289503338,0.11526036156107215,0.010260481511320169,0.11526036156107215
Russia,2003,0.1534038413837132,0.139057976930165,0.16366432289503338,0.11903510218544693,0.010260481511320169,0.11903510218544693
Russia,2004,0.1534038413837132,0.139057976930165,0.16366432289503338,0.12264667081871555,0.010260481511320169,0.12264667081871555
Russia,2005,0.1534038413837132,0.139057976930165,0.16366432289503338,0.1273872025241032,0.010260481511320169,0.1273872025241032
Russia,2006,0.1534038413837132,0.139057976930165,0.16366432289503338,0.1273872025241032,0.010260481511320169,0.1273872025241032
Russia,2007,0.1534038413837132,0.139057976930165,0.16366432289503338,0.13162425379422144,0.010260481511320169,0.13162425379422144
Russia,2008,0.1534038413837132,0.139057976930165,0.16366432289503338,0.13509214249035625,0.010260481511320169,0.13509214249035625
Russia,2009,0.1534038413837132,0.139057976930165,0.16366432289503338,0.13509214249035625,0.010260481511320169,0.13509214249035625
Russia,2010,0.1534038413837132,0.139057976930165,0.16366432289503338,0.13509214249035625,0.010260481511320169,0.13509214249035625
Russia,2011,0.1534038413837132,0.139057976930165,0.16366432289503338,0.13162425379422144,0.010260481511320169,0.13162425379422144
Russia,2012,0.14892292057438902,0.139057976930165,0.15464824888358325,0.13162425379422144,0.0057253283091942275,0.13162425379422144
Russia,2013,0.14892292057438902,0.139057976930165,0.15464824888358325,0.13549064823960275,0.0057253283091942275,0.13549064823960275
Russia,2014,0.14892292057438902,0.139057976930165,0.15464824888358325,0.14803973611228669,0.0057253283091942275,0.14803973611228669
Russia,2015,0.14892292057438902,0.139057976930165,0.15464824888358325,0.14803973611228669,0.0057253283091942275,0.14803973611228669
Russia,2016,0.14892292057438902,0.139057976930165,0.15464824888358325,0.14803973611228669,0.0057253283091942275,0.14803973611228669
Russia,2017,0.14892292057438902,0.139057976930165,0.15464824888358325,0.14803973611228669,0.0057253283091942275,0.14803973611228669
Russia,2018,0.14892292057438902,0.139057976930165,0.15464824888358325,0.14803973611228669,0.0057253283091942275,0.14803973611228669
Russia,2019,0.14892292057438902,0.139057976930165,0.15464824888358325,0.14803973611228669,0.0057253283091942275,0.14803973611228669
Russia,2020,0.14892292057438902,0.139057976930165,0.15464824888358325,0.15119505384444018,0.0057253283091942275,0.15119505384444018
Russia,2021,0.14892292057438902,0.139057976930165,0.15464824888358325,0.15119505384444018,0.0057253283091942275,0.15119505384444018
Russia,2022,0.14892292057438902,0.139057976930165,0.15464824888358325,0.1445407393757804,0.0057253283091942275,0.1445407393757804
Russia,2023,0.14892292057438902,0.139057976930165,0.15464824888358325,0.1415967238329001,0.0057253283091942275,0.1415967238329001
Russia,2024,0.14892292057438902,0.139057976930165,0.15464824888358325,0.1415967238329001,0.0057253283091942275,0.1415967238329001
Russia,2025,0.14892292057438902,0.139057976930165,0.15464824888358325,0.1415967238329001,0.0057253283091942275,0.1415967238329001
Saudi Arabia,1900,0.20929207442605965,0.17461714581728394,0.2368543856465402,0.1732224717025713,0.027562311220480556,0.1732224717025713
Saudi Arabia,1901,0.20929207442605965,0.17461714581728394,0.2368543856465402,0.1732224717025713,0.027562311220480556,0.1732224717025713
Saudi Arabia,1902,0.20929207442605965,0.17461714581728394,0.2368543856465402,0.17957932514284125,0.027562311220480556,0.17957932514284125
Saudi Arabia,1903,0.20929207442605965,0.17461714581728394,0.2368543856465402,0.17957932514284125,0.027562311220480556,0.17957932514284125
Saudi Arabia,1904,0.19134645452332455,0.1589883222084699,0.22099295599840407,0.16501678755502933,0.029646501475079523,0.16501678755502933
Saudi Arabia,1905,0.20587207107550054,0.18406736057822556,0.22099295599840407,0.1959517600884976,0.015120884922903532,0.1959517600884976
Saudi Arabia,1906,0.21672388237739604,0.19275811358065387,0.2368543856465402,0.20750601936265553,0.020130503269144173,0.20750601936265553
Saudi Arabia,1907,0.21672388237739604,0.19275811358065387,0.2368543856465402,0.20750601936265553,0.020130503269144173,0.20750601936265553
Saudi Arabia,1908,0.21672388237739604,0.19275811358065387,0.2368543856465402,0.20750601936265553,0.020130503269144173,0.20750601936265553
Saudi Arabia,1909,0.21672388237739604,0.19275811358065387,0.2368543856465402,0.20750601936265553,0.020130503269144173,0.20750601936265553
Saudi Arabia,1910,0.21672388237739604,0.19275811358065387,0.2368543856465402,0.20750601936265553,0.020130503269144173,0.20750601936265553
Saudi Arabia,1911,0.21672388237739604,0.19275811358065387,0.2368543856465402,0.20750601936265553,0.020130503269144173,0.20750601936265553
Saudi Arabia,1912,0.2355221960198233,0.20182333697172192,0.2683281572999748,0.21849285415965783,0.03280596128015148,0.21849285415965783
Saudi Arabia,1913,0.24862649998201172,0.21155803352983601,0.28774989139876317,0.22373399910998085,0.039123391416751446,0.22373399910998085
Saudi Arabia,1914,0.21644193960968414,0.18417196525921908,0.2505008300455918,0.19477175895368837,0.03405889043590768,0.19477175895368837
Saudi Arabia,1915,0.21644193960968414,0.18417196525921908,0.2505008300455918,0.19477175895368837,0.03405889043590768,0.19477175895368837
Saudi Arabia,1916,0.21644193960968414,0.18417196525921908,0.2505008300455918,0.19477175895368837,0.03405889043590768,0.19477175895368837
Saudi Arabia,1917,0.24862649998201172,0.21155803352983601,0.28774989139876317,0.22373399910998085,0.039123391416751446,0.22373399910998085
Saudi Arabia,1918,0.24862649998201172,0.21155803352983601,0.28774989139876317,0.22373399910998085,0.039123391416751446,0.22373399910998085
Saudi Arabia,1919,0.24862649998201172,0.21155803352983601,0.28774989139876317,0.22373399910998085,0.039123391416751446,0.22373399910998085
Saudi Arabia,1920,0.24862649998201172,0.21155803352983601,0.28774989139876317,0.22373399910998085,0.039123391416751446,0.22373399910998085
Saudi Arabia,1921,0.24862649998201172,0.21155803352983601,0.28774989139876317,0.22957195864807511,0.039123391416751446,0.22957195864807511
Saudi Arabia,1922,0.24862649998201172,0.21155803352983601,0.28774989139876317,0.22957195864807511,0.039123391416751446,0.22957195864807511
Saudi Arabia,1923,0.24862649998201172,0.21155803352983601,0.28774989139876317,0.22957195864807511,0.039123391416751446,0.22957195864807511
Saudi Arabia,1924,0.23780922371214872,0.21048952454942804,0.2663372585889676,0.2202186169092796,0.028528034876818903,0.2202186169092796
Saudi Arabia,1925,0.27317106408126707,0.241788970594036,0.30594117081556704,0.2589176118547354,0.032770106734299975,0.2589176118547354
Saudi Arabia,1926,0.27317106408126707,0.241788970594036,0.30594117081556704,0.26866851853836066,0.032770106734299975,0.26866851853836066
Saudi Arabia,1927,0.2632818397559152,0.241788970594036,0.2854532058403219,0.2589176118547354,0.02217136608440673,0.2589176118547354
Saudi Arabia,1928,0.2164030511860464,0.21048952454942804,0.22198909754619214,0.21264545976612734,0.00558604636014573,0.21264545976612734
Saudi Arabia,1929,0.22409362862046042,0.21048952454942804,0.23792202372238927,0.22540087284742716,0.013828395101928848,0.22540087284742716
Saudi Arabia,1930,0.25741598256163933,0.241788970594036,0.2733006372674741,0.2589176118547354,0.015884654705834778,0.2589176118547354
Saudi Arabia,1931,0.26688419400541463,0.241788970594036,0.2929163703175362,0.26866851853836066,0.02603217631212157,0.26866851853836066
Saudi Arabia,1932,0.27317106408126707,0.241788970594036,0.30594117081556704,0.2845165059524264,0.032770106734299975,0.2845165059524264
Saudi Arabia,1933,0.28153086550190976,0.24799224459792668,0.3174901573277509,0.28822501002769557,0.03595929182584112,0.28822501002769557
Saudi Arabia,1934,0.28153086550190976,0.24799224459792668,0.3174901573277509,0.28822501002769557,0.03595929182584112,0.28822501002769557
Saudi Arabia,1935,0.28153086550190976,0.24799224459792668,0.3174901573277509,0.28822501002769557,0.03595929182584112,0.28822501002769557
Saudi Arabia,1936,0.28153086550190976,0.24799224459792668,0.3174901573277509,0.28822501002769557,0.03595929182584112,0.28822501002769557
Saudi Arabia,1937,0.28153086550190976,0.24799224459792668,0.3174901573277509,0.28822501002769557,0.03595929182584112,0.28822501002769557
Saudi Arabia,1938,0.3157276575854023,0.288613512882929,0.34467375879228174,0.31076576251164983,0.02894610120687946,0.31076576251164983
Saudi Arabia,1939,0.3157276575854023,0.288613512882929,0.34467375879228174,0.31076576251164983,0.02894610120687946,0.31076576251164983
Saudi Arabia,1940,0.3157276575854023,0.288613512882929,0.34467375879228174,0.31076576251164983,0.02894610120687946,0.31076576251164983
Saudi Arabia,1941,0.3157276575854023,0.288613512882929,0.34467375879228174,0.31076576251164983,0.02894610120687946,0.31076576251164983
Saudi Arabia,1942,0.3157276575854023,0.288613512882929,0.34467375879228174,0.31076576251164983,0.02894610120687946,0.31076576251164983
Saudi Arabia,1943,0.3157276575854023,0.288613512882929,0.34467375879228174,0.31076576251164983,0.02894610120687946,0.31076576251164983
Saudi Arabia,1944,0.3157276575854023,0.288613512882929,0.34467375879228174,0.31076576251164983,0.02894610120687946,0.31076576251164983
Saudi Arabia,1945,0.33353334858527367,0.3085187275771071,0.36,0.3213034618652733,0.026466651414726317,0.3213034618652733
Saudi Arabia,1946,0.33353334858527367,0.3085187275771071,0.36,0.3213034618652733,0.026466651414726317,0.3213034618652733
Saudi Arabia,1947,0.33353334858527367,0.3085187275771071,0.36,0.3213034618652733,0.026466651414726317,0.3213034618652733
Saudi Arabia,1948,0.33353334858527367,0.3085187275771071,0.36,0.3213034618652733,0.026466651414726317,0.3213034618652733
Saudi Arabia,1949,0.33353334858527367,0.3085187275771071,0.36,0.3213034618652733,0.026466651414726317,0.3213034618652733
Saudi Arabia,1950,0.34534293215214934,0.31723793474289036,0.3746998799039039,0.33813888976379775,0.02935694775175457,0.33813888976379775
Saudi Arabia,1951,0.34534293215214934,0.31723793474289036,0.3746998799039039,0.33813888976379775,0.02935694775175457,0.33813888976379775
Saudi Arabia,1952,0.34534293215214934,0.31723793474289036,0.3746998799039039,0.33813888976379775,0.02935694775175457,0.33813888976379775
Saudi Arabia,1953,0.34534293215214934,0.31723793474289036,0.3746998799039039,0.3198973330458345,0.02935694775175457,0.3198973330458345
Saudi Arabia,1954,0.34534293215214934,0.31723793474289036,0.3746998799039039,0.3198973330458345,0.02935694775175457,0.3198973330458345
Saudi Arabia,1955,0.34534293215214934,0.31723793474289036,0.3746998799039039,0.3198973330458345,0.02935694775175457,0.3198973330458345
Saudi Arabia,1956,0.3006384841153888,0.27617166278932226,0.3261951915173336,0.2726353027865886,0.025556707401944823,0.2726353027865886
Saudi Arabia,1957,0.2962857312989082,0.268581152079654,0.3261951915173336,0.2686879901676862,0.029909460218425443,0.2686879901676862
Saudi Arabia,1958,0.2891471219240158,0.25613254927659634,0.3261951915173336,0.24824304474142614,0.0370480695933178,0.24824304474142614
Saudi Arabia,1959,0.2891471219240158,0.25613254927659634,0.3261951915173336,0.24824304474142614,0.0370480695933178,0.24824304474142614
Saudi Arabia,1960,0.2891471219240158,0.25613254927659634,0.3261951915173336,0.24824304474142614,0.0370480695933178,0.24824304474142614
Saudi Arabia,1961,0.2891471219240158,0.25613254927659634,0.3261951915173336,0.24824304474142614,0.0370480695933178,0.24824304474142614
Saudi Arabia,1962,0.25171718986640507,0.22297633505121325,0.2839694077199019,0.211078127801979,0.032252217853496856,0.211078127801979
Saudi Arabia,1963,0.25171718986640507,0.22297633505121325,0.2839694077199019,0.211078127801979,0.032252217853496856,0.211078127801979
Saudi Arabia,1964,0.2962857312989082,0.268581152079654,0.3261951915173336,0.2841769621334767,0.029909460218425443,0.2841769621334767
Saudi Arabia,1965,0.34534293215214934,0.31723793474289036,0.3746998799039039,0.3453429321521493,0.02935694775175457,0.3453429321521493
Saudi Arabia,1966,0.34534293215214934,0.31723793474289036,0.3746998799039039,0.3453429321521493,0.02935694775175457,0.3453429321521493
Saudi Arabia,1967,0.34534293215214934,0.31723793474289036,0.3746998799039039,0.3453429321521493,0.02935694775175457,0.3453429321521493
Saudi Arabia,1968,0.34534293215214934,0.31723793474289036,0.3746998799039039,0.3453429321521493,0.02935694775175457,0.3453429321521493
Saudi Arabia,1969,0.34534293215214934,0.31723793474289036,0.3746998799039039,0.3453429321521493,0.02935694775175457,0.3453429321521493
Saudi Arabia,1970,0.34534293215214934,0.31723793474289036,0.3746998799039039,0.3453429321521493,0.02935694775175457,0.3453429321521493
Saudi Arabia,1971,0.34534293215214934,0.31723793474289036,0.3746998799039039,0.3453429321521493,0.02935694775175457,0.3453429321521493
Saudi Arabia,1972,0.34534293215214934,0.31723793474289036,0.3746998799039039,0.3453429321521493,0.02935694775175457,0.3453429321521493
Saudi Arabia,1973,0.33376308165094287,0.32001306797180834,0.346474749538294,0.32350570141472096,0.012711667887351119,0.32350570141472096
Saudi Arabia,1974,0.33376308165094287,0.32001306797180834,0.346474749538294,0.32350570141472096,0.012711667887351119,0.32350570141472096
Saudi Arabia,1975,0.33376308165094287,0.32001306797180834,0.346474749538294,0.317032997268306,0.012711667887351119,0.317032997268306
Saudi Arabia,1976,0.38339310285117917,0.3675984847567706,0.397994974842648,0.371610467047252,0.01460187199146884,0.371610467047252
Saudi Arabia,1977,0.38339310285117917,0.3675984847567706,0.397994974842648,0.371610467047252,0.01460187199146884,0.371610467047252
Saudi Arabia,1978,0.38339310285117917,0.3675984847567706,0.397994974842648,0.371610467047252,0.01460187199146884,0.371610467047252
Saudi Arabia,1979,0.2675796420518508,0.27858755658497864,0.2514000216692485,0.2667520330552819,-0.01617962038260229,0.2667520330552819
Saudi Arabia,1980,0.33376308165094287,0.32001306797180834,0.346474749538294,0.32350570141472096,0.012711667887351119,0.32350570141472096
Saudi Arabia,1981,0.33376308165094287,0.32001306797180834,0.346474749538294,0.32350570141472096,0.012711667887351119,0.32350570141472096
Saudi Arabia,1982,0.32354198910377513,0.3122831034548207,0.3344546047051339,0.31941718337520697,0.010912615601358755,0.31941718337520697
Saudi Arabia,1983,0.304906731710847,0.2978796750558384,0.31205718036129143,0.3117989495902172,0.007150448650444452,0.3117989495902172
Saudi Arabia,1984,0.2954378260652945,0.2903983057968462,0.3004236027626091,0.30784191807882616,0.004985776697314592,0.30784191807882616
Saudi Arabia,1985,0.2705908534711758,0.27019864791963816,0.2690130040812399,0.2814616033042983,-0.0015778493899358814,0.2814616033042983
Saudi Arabia,1986,0.2705908534711758,0.27019864791963816,0.2690130040812399,0.2814616033042983,-0.0015778493899358814,0.2814616033042983
Saudi Arabia,1987,0.2954378260652945,0.2903983057968462,0.3004236027626091,0.3016826150097443,0.004985776697314592,0.3016826150097443
Saudi Arabia,1988,0.2954378260652945,0.2903983057968462,0.3004236027626091,0.3016826150097443,0.004985776697314592,0.3016826150097443
Saudi Arabia,1989,0.3131019764789124,0.3042647704195981,0.3219860449605095,0.3088700957423778,0.008884068481597063,0.3088700957423778
Saudi Arabia,1990,0.2725711019928471,0.26487786727994705,0.2803051328138627,0.2598837556316906,0.007734030821015592,0.2598837556316906
Saudi Arabia,1991,0.2725711019928471,0.26487786727994705,0.2803051328138627,0.2598837556316906,0.007734030821015592,0.2598837556316906
Saudi Arabia,1992,0.2635678217906828,0.26487786727994705,0.26153393661244045,0.26888703583385487,-0.002033885178242323,0.26888703583385487
Saudi Arabia,1993,0.25822746806743285,0.26487786727994705,0.25039968051097833,0.26888703583385487,-0.007827787556454524,0.26888703583385487
Saudi Arabia,1994,0.2353281380490897,0.25280640869168464,0.21798558291800169,0.24862011628754369,-0.01734255513108801,0.24862011628754369
Saudi Arabia,1995,0.2353281380490897,0.25280640869168464,0.21798558291800169,0.24862011628754369,-0.01734255513108801,0.24862011628754369
Saudi Arabia,1996,0.25822746806743285,0.26487786727994705,0.25039968051097833,0.26888703583385487,-0.007827787556454524,0.26888703583385487
Saudi Arabia,1997,0.2349285540316223,0.24603092006275554,0.2242193011994087,0.25911799421597487,-0.010709252832213606,0.25911799421597487
Saudi Arabia,1998,0.27934472965422313,0.2903983057968462,0.2683717325992328,0.3016826150097443,-0.01097299705499033,0.3016826150097443
Saudi Arabia,1999,0.27934472965422313,0.2903983057968462,0.2683717325992328,0.3016826150097443,-0.01097299705499033,0.3016826150097443
Saudi Arabia,2000,0.25018473811974473,0.26487786727994705,0.2336311629870189,0.2598837556316906,-0.016553575132725845,0.2598837556316906
Saudi Arabia,2001,0.25018473811974473,0.26487786727994705,0.2336311629870189,0.2598837556316906,-0.016553575132725845,0.2598837556316906
Saudi Arabia,2002,0.22480006778463557,0.2305895765652339,0.21798558291800169,0.22159290191470468,-0.006814484866633885,0.22159290191470468
Saudi Arabia,2003,0.22480006778463557,0.2305895765652339,0.21798558291800169,0.22159290191470468,-0.006814484866633885,0.22159290191470468
Saudi Arabia,2004,0.28465442704051686,0.28529710550794457,0.27876413635105474,0.3033917391105858,-0.005890290689462119,0.3033917391105858
Saudi Arabia,2005,0.28465442704051686,0.28529710550794457,0.27876413635105474,0.3033917391105858,-0.005890290689462119,0.3033917391105858
Saudi Arabia,2006,0.31120335347524436,0.3213514546475335,0.29877200364790923,0.3324885772868186,-0.012431349827335125,0.3324885772868186
Saudi Arabia,2007,0.31120335347524436,0.3213514546475335,0.29877200364790923,0.3324885772868186,-0.012431349827335125,0.3324885772868186
Saudi Arabia,2008,0.2928074350679599,0.3066301852041759,0.27876413635105474,0.3140050837908361,-0.014043298716905184,0.3140050837908361
Saudi Arabia,2009,0.31120335347524436,0.3213514546475335,0.29877200364790923,0.3324885772868186,-0.012431349827335125,0.3324885772868186
Saudi Arabia,2010,0.2709182546675168,0.2797526898594392,0.2600961360727991,0.2894481182465669,-0.010822118594717711,0.2894481182465669
Saudi Arabia,2011,0.2709182546675168,0.2797526898594392,0.2600961360727991,0.2894481182465669,-0.010822118594717711,0.2894481182465669
Saudi Arabia,2012,0.2709182546675168,0.2797526898594392,0.2600961360727991,0.2894481182465669,-0.010822118594717711,0.2894481182465669
Saudi Arabia,2013,0.2467687401624508,0.26028044957382784,0.2336311629870189,0.26993790215886254,-0.013137577175431903,0.26993790215886254
Saudi Arabia,2014,0.2467687401624508,0.26028044957382784,0.2336311629870189,0.28440722425036946,-0.013137577175431903,0.28440722425036946
Saudi Arabia,2015,0.28181468867568,0.2949429861269353,0.26636441203734407,0.3101342957888929,-0.015450276638335925,0.3101342957888929
Saudi Arabia,2016,0.26782328773000796,0.2949429861269353,0.23696099116225863,0.3154524206903014,-0.03086229656774933,0.3154524206903014
Saudi Arabia,2017,0.2514005240921553,0.2814486020792876,0.22109242246164915,0.2927191026195552,-0.03030810163050615,0.2927191026195552
Saudi Arabia,2018,0.2759161863082327,0.2949429861269353,0.2539685019840059,0.3101342957888929,-0.021947684324226835,0.3101342957888929
Saudi Arabia,2019,0.22602390716428108,0.23920241595475825,0.2132404675367974,0.2605213653737565,-0.012783439627483684,0.2605213653737565
Saudi Arabia,2020,0.2677739049245293,0.2814486020792876,0.2539685019840059,0.30285991382571953,-0.013805402940523404,0.30285991382571953
Saudi Arabia,2021,0.33105303164759065,0.3555932860629947,0.30173837317008534,0.3650724493650756,-0.029314658477505307,0.3650724493650756
Saudi Arabia,2022,0.3412632813227388,0.3555932860629947,0.32339518099257053,0.3650724493650756,-0.01786810033016828,0.3650724493650756
Saudi Arabia,2023,0.3412632813227388,0.3555932860629947,0.32339518099257053,0.3713326434492156,-0.01786810033016828,0.3713326434492156
Saudi Arabia,2024,0.3412632813227388,0.3555932860629947,0.32339518099257053,0.3713326434492156,-0.01786810033016828,0.3713326434492156
Singapore,1930,0.2113921859759954,0.1732263047112378,0.25170806995433154,0.2790466100854249,0.04031588397833613,0.2790466100854249
Singapore,1931,0.1706346892845263,0.12894084367519007,0.21964819805742883,0.22305627096315442,0.04901350877290253,0.22305627096315442
Singapore,1932,0.18358032582190467,0.14087071223088046,0.23541310977186794,0.22431015060351564,0.05183278394996327,0.22431015060351564
Singapore,1933,0.22461551080973965,0.1909185481087637,0.26116516898883724,0.2609209189247054,0.03654965817909758,0.2609209189247054
Singapore,1934,0.29639206998977924,0.26935062990881115,0.324037034920393,0.3369580520569773,0.027644964930613747,0.3369580520569773
Singapore,1935,0.32816701467296205,0.2920357435896264,0.36424532941708054,0.35915476228084114,0.03607831474411849,0.35915476228084114
Singapore,1936,0.28853692088929267,0.2639330237804842,0.3122525629825413,0.30845155396527607,0.023715642093248612,0.30845155396527607
Singapore,1937,0.2975471565239678,0.28582116634732563,0.3035713544520171,0.34268714380050724,0.006024197928049313,0.34268714380050724
Singapore,1938,0.3257643484755564,0.31402741685337715,0.333812031092206,0.3585772940107905,0.008047682616649565,0.3585772940107905
Singapore,1939,0.2981040356963289,0.2910789615999751,0.30469269715364344,0.34485847343379633,0.006588661457314571,0.34485847343379633
Singapore,1940,0.268827768205614,0.25339895398450923,0.2842883387246824,0.2943790969953611,0.015460570519068406,0.2943790969953611
Singapore,1941,0.2232890361103236,0.20954755658692995,0.23664319132398465,0.23372483379899145,0.01335415521366104,0.23372483379899145
Singapore,1942,0.06983654052445025,0.06706109061388374,0.07141428428542851,0.06377073016455385,0.001577743760978259,0.06377073016455385
Singapore,1943,0.16084581115424984,0.15862023581876622,0.15888979305036433,0.21007273385996494,-0.001956018103885515,0.21007273385996494
Singapore,1944,0.11438499736251213,0.11621696098845098,0.10897509438837868,0.16111054963343222,-0.005409902974133449,0.16111054963343222
Singapore,1945,0.06986701849663246,0.07247242725942356,0.06563245257674652,0.06721136135058607,-0.004234565919885941,0.06721136135058607
Singapore,1946,0.17245220543248507,0.15607164575239243,0.18946457081379978,0.1470752976503867,0.017012365381314704,0.1470752976503867
Singapore,1947,0.23551281963322646,0.2167806619930744,0.2555216081806181,0.22160428406812419,0.02000878854739163,0.22160428406812419
Singapore,1948,0.19446161229655676,0.16644335601426039,0.22244447993596855,0.22187304564680013,0.027982867639411796,0.22187304564680013
Singapore,1949,0.2882565492047869,0.252953268131072,0.324037034920393,0.3057633604026823,0.0357804857156061,0.3057633604026823
Singapore,1950,0.2788019001883142,0.28593763672725314,0.2339174385355341,0.274227966166249,-0.044884461652780094,0.274227966166249
Singapore,1951,0.3816235476726291,0.3670019071346761,0.3821904312284118,0.40249680984921316,0.0005668835557826601,0.40249680984921316
Singapore,1952,0.29730601447408117,0.27217686931258456,0.324037034920393,0.32230777104498465,0.026731020446311815,0.32230777104498465
Singapore,1953,0.32366849981357,0.31264912204760886,0.3346640106136302,0.3879642475917528,0.010995510800060226,0.3879642475917528
Singapore,1954,0.32005687945984157,0.32161592442283227,0.31748252183851233,0.32268210245165063,-0.0025743576213292374,0.32268210245165063
Singapore,1955,0.2435794186962903,0.2386821227543762,0.24657656011875906,0.21989969380946875,0.002997141422468763,0.21989969380946875
Singapore,1956,0.20814985464245617,0.2078933446371698,0.19621416870348585,0.2484257460683962,-0.01193568593897032,0.2484257460683962
Singapore,1957,0.21713567385215057,0.20488527319910046,0.2241775034010333,0.24776342327580161,0.0070418295488827165,0.24776342327580161
Singapore,1958,0.23980037938101864,0.2353513762869248,0.24026749904286704,0.2846054367453475,0.0004671196618483975,0.2846054367453475
Singapore,1959,0.2285146370912345,0.212239749244195,0.24557415099587404,0.2745372946194502,0.01705951390463953,0.2745372946194502
Singapore,1960,0.2828315900643196,0.2822440983509343,0.28209062327875395,0.34436017990288675,-0.0007409667855656776,0.34436017990288675
Singapore,1961,0.25691240584498326,0.2482675340858632,0.2631998581222584,0.2978820898288059,0.0062874522772751185,0.2978820898288059
Singapore,1962,0.30426672913602154,0.2822440983509343,0.3265615470378826,0.34436017990288675,0.022294817901861053,0.34436017990288675
Singapore,1963,0.1972332293782031,0.1997815962065996,0.19392726557756793,0.2701890618963824,-0.0033059638006351644,0.2701890618963824
Singapore,1964,0.1590224346085016,0.172556874293499,0.14507291675853098,0.24347343512480515,-0.013949517849970616,0.24347343512480515
Singapore,1965,0.1742175830901338,0.17599888886402834,0.17225025918541037,0.23561160731074057,-0.001967323904723428,0.23561160731074057
Singapore,1966,0.2606020240101317,0.26087463537939803,0.25992076683399534,0.3290406965167258,-0.0006812571761363739,0.3290406965167258
Singapore,1967,0.335353765747344,0.3113903514704535,0.35986108430893166,0.3928538960611662,0.024507318561587665,0.3928538960611662
Singapore,1968,0.3844719022986706,0.36544372082949633,0.4010209093047205,0.4354976866082218,0.016549007006049887,0.4354976866082218
Singapore,1969,0.39012811772846995,0.37675615168909515,0.4010209093047205,0.44190457543392797,0.01089279157625056,0.44190457543392797
Singapore,1970,0.4800046436363941,0.43663594386721805,0.5223303379776746,0.5020061280409143,0.04232569434128047,0.5020061280409143
Singapore,1971,0.43927997861397244,0.41705484488856154,0.45947934199881396,0.4735669421353257,0.020199363384841518,0.4735669421353257
Singapore,1972,0.4800046436363941,0.43663594386721805,0.5223303379776746,0.5020061280409143,0.04232569434128047,0.5020061280409143
Singapore,1973,0.3114233291906712,0.2939523672907483,0.32490095854249423,0.36541062691946385,0.013477629351823006,0.36541062691946385
Singapore,1974,0.26963941164045263,0.24237292820595646,0.2915539028546533,0.31976641874127903,0.021914491214200693,0.31976641874127903
Singapore,1975,0.38979019038441737,0.3530879510489755,0.4287093850145173,0.4134349302912254,0.03891919463009991,0.4134349302912254
Singapore,1976,0.4278823929223466,0.39703068452905194,0.45947934199881396,0.46127974475214656,0.03159694907646737,0.46127974475214656
Singapore,1977,0.46290353448010246,0.43663594386721805,0.4873514378137413,0.5020061280409143,0.024447903333638832,0.5020061280409143
Singapore,1978,0.4800046436363941,0.43663594386721805,0.5223303379776746,0.5020061280409143,0.04232569434128047,0.5020061280409143
Singapore,1979,0.4000092626408969,0.34841947841176446,0.45471496995311944,0.43712736779602057,0.05470570731222252,0.43712736779602057
Singapore,1980,0.45812426720609173,0.4292626911697941,0.4873514378137413,0.5022055261279015,0.029227170607649566,0.5022055261279015
Singapore,1981,0.4833372250903804,0.4292626911697941,0.53946045338838,0.5073886748281128,0.056123228297999594,0.5073886748281128
Singapore,1982,0.49099147106468566,0.46057951084632326,0.5218682139999765,0.5255283804715449,0.030876742935290857,0.5255283804715449
Singapore,1983,0.4556032105405953,0.43940681841639817,0.47145851534565186,0.4967938932097353,0.015855304805056536,0.4967938932097353
Singapore,1984,0.41829583772759177,0.3972986095511122,0.4398863489584554,0.4512761405706856,0.02159051123086364,0.4512761405706856
Singapore,1985,0.3109843181062073,0.27565129920102854,0.3451833778483436,0.3563725472439787,0.03419905974213627,0.3563725472439787
Singapore,1986,0.36371887294279454,0.3326628037290367,0.3965115783067123,0.4227449133327517,0.03279270536391776,0.4227449133327517
Singapore,1987,0.39079202881412606,0.40921910168899794,0.3693433240034749,0.46871980259649826,-0.021448704810651142,0.46871980259649826
Singapore,1988,0.5129944816664401,0.4889790357840546,0.5338667518463245,0.5491777498640286,0.020872270179884356,0.5491777498640286
Singapore,1989,0.5492431541122461,0.5243322168648276,0.5721842171593393,0.5890168993578897,0.022941063047093202,0.5890168993578897
Singapore,1990,0.5535763970734091,0.5329987027871536,0.5721842171593393,0.5737859875629102,0.018607820085930205,0.5737859875629102
Singapore,1991,0.5535763970734091,0.5329987027871536,0.5721842171593393,0.5653488524206249,0.018607820085930205,0.5653488524206249
Singapore,1992,0.5535763970734091,0.5329987027871536,0.5721842171593393,0.5936639364926065,0.018607820085930205,0.5936639364926065
Singapore,1993,0.5788166726759789,0.5710723323777492,0.5839830712142601,0.6140793127069911,0.005166398538281158,0.6140793127069911
Singapore,1994,0.5481481325417571,0.5456018150999848,0.5448754719418935,0.580317596644344,-0.0032726605998636416,0.580317596644344
Singapore,1995,0.5011242146026478,0.5091692368723748,0.49289928188411153,0.5796081075132005,-0.008224932718536249,0.5796081075132005
Singapore,1996,0.489853515937853,0.48635109964040435,0.49289928188411153,0.5665722410890782,0.0030457659462585496,0.5665722410890782
Singapore,1997,0.3603264002648177,0.3532004995110993,0.36142949957981646,0.4363940448702855,0.0011030993149987456,0.4363940448702855
Singapore,1998,0.29144377811980776,0.26616912939343257,0.3146426544510455,0.3660755353519663,0.02319887633123774,0.3660755353519663
Singapore,1999,0.4366980701765753,0.4139015821545789,0.4598912915026767,0.5055082977213315,0.02319322132610141,0.5055082977213315
Singapore,2000,0.563880631414996,0.5293570340307371,0.5968193974142794,0.5921221807110023,0.03293876599928336,0.5921221807110023
Singapore,2001,0.33618364252072347,0.3250516099107333,0.3446380853978466,0.4179222154465341,0.008454442877123158,0.4179222154465341
Singapore,2002,0.42992095655989004,0.4200990431855917,0.4385255060222994,0.4917206165686623,0.00860454946240935,0.4917206165686623
Singapore,2003,0.29729335079444313,0.3250516099107333,0.27022147507486965,0.4179222154465341,-0.02707187571957348,0.4179222154465341
Singapore,2004,0.48245198249177906,0.46062441671522886,0.5037335273920577,0.5333265056598655,0.021281544900278615,0.5333265056598655
Singapore,2005,0.5119252706218674,0.4942843540456443,0.5195614626050542,0.5536022684711965,0.007636191983186769,0.5536022684711965
Singapore,2006,0.5229137482442122,0.4942843540456443,0.5448754719418935,0.5536022684711965,0.021961723697681235,0.5536022684711965
Singapore,2007,0.5521771414999773,0.5174705208834968,0.5839830712142601,0.5858168493612728,0.031805929714282755,0.5858168493612728
Singapore,2008,0.35963608399946506,0.33324537516548774,0.3867831758421975,0.43892622073514304,0.02714709184273245,0.43892622073514304
Singapore,2009,0.4198561480733205,0.43836411904005473,0.3994645394176804,0.519789903433536,-0.020391608655640103,0.519789903433536
Singapore,2010,0.4104306707402306,0.44340492322836084,0.3742355017172486,0.5024200394590771,-0.03619516902298198,0.5024200394590771
Singapore,2011,0.28800365759374663,0.36811056790200053,0.22160599440208492,0.3867627908254551,-0.06639766319166171,0.3867627908254551
Singapore,2012,0.3050772702836945,0.358414684926836,0.2545584412271571,0.393255819325628,-0.05051882905653743,0.393255819325628
Singapore,2013,0.29772188177868636,0.36811056790200053,0.23668529474410863,0.3867627908254551,-0.06103658703457773,0.3867627908254551
Singapore,2014,0.39533019137148423,0.4765330244647188,0.3247994111236855,0.4962527349473585,-0.07053078024779874,0.4962527349473585
Singapore,2015,0.4810132120696226,0.5091830339505393,0.4389760813529593,0.5810019531358678,-0.04203713071666332,0.5810019531358678
Singapore,2016,0.3969717133438955,0.43302929574878396,0.3612522614137457,0.5094361550266006,-0.035719451930149804,0.5094361550266006
Singapore,2017,0.34864638798457065,0.44377785312729695,0.272213151776324,0.40480045165282297,-0.07643323620824666,0.40480045165282297
Singapore,2018,0.40199384458477666,0.43302929574878396,0.3697534777378543,0.41496667211369626,-0.032240366846922386,0.41496667211369626
Singapore,2019,0.4475359737634636,0.45286479855364076,0.44000000000000006,0.4625413260943027,-0.007535973763463544,0.4625413260943027
Singapore,2020,0.2802223457066886,0.3049658638812094,0.24242918526126483,0.36730151756124857,-0.037793160445423746,0.36730151756124857
Singapore,2021,0.30033301291029774,0.33274153675218865,0.2625787588763665,0.3885391127562789,-0.037754254033931234,0.3885391127562789
Singapore,2022,0.39023703026022605,0.39174761359258375,0.38304224785029467,0.47220887734686195,-0.007194782409931377,0.47220887734686195
Singapore,2023,0.37962402417641944,0.3702485384101795,0.38215087489534394,0.38438065957968653,0.0025268507189245004,0.38438065957968653
Singapore,2024,0.5095085204330524,0.46412099190793804,0.5568521877766397,0.5280759349066674,0.0473436673435873,0.5280759349066674
Singapore,2025,0.5095085204330524,0.46412099190793804,0.5568521877766397,0.5280759349066674,0.0473436673435873,0.5280759349066674
South Africa,1900,0.1308884058582618,0.12428577586107774,0.13772409454180612,0.12292047932893412,0.006835688683544311,0.12292047932893412
South Africa,1901,0.16453991070373464,0.14907678977025435,0.18140234643629471,0.15840237697186912,0.016862435732560077,0.15840237697186912
South Africa,1902,0.2900847888976299,0.2759750707114251,0.3031998342414961,0.2678979384581703,0.013115045343866205,0.2678979384581703
South Africa,1903,0.3160928299939626,0.2594252177714822,0.3687817782917155,0.2896121054464892,0.05268894829775289,0.2896121054464892
South Africa,1904,0.3327083104732888,0.2594252177714822,0.4123194835798585,0.2896121054464892,0.07961117310656968,0.2896121054464892
South Africa,1905,0.34888360980886074,0.26669928276702887,0.4389039919310404,0.2745109659098964,0.09002038212217967,0.2745109659098964
South Africa,1906,0.38071448710843914,0.30500022230270823,0.4554721977381984,0.3058088331963522,0.07475771062975928,0.3058088331963522
South Africa,1907,0.4583112287178594,0.37865288382107015,0.5352293256824268,0.42393856448613404,0.07691809696456736,0.42393856448613404
South Africa,1908,0.4815421396467636,0.42118953827236877,0.5352293256824268,0.4773970432966854,0.05368718603566314,0.4773970432966854
South Africa,1909,0.5368713573321895,0.4553730279209316,0.614817045957576,0.5583670758452366,0.07794568862538653,0.5583670758452366
South Africa,1910,0.5286949151168824,0.4388692820813629,0.614817045957576,0.5561125113834348,0.08612213084069364,0.5561125113834348
South Africa,1911,0.5286949151168824,0.4388692820813629,0.614817045957576,0.5561125113834348,0.08612213084069364,0.5561125113834348
South Africa,1912,0.5286949151168824,0.4388692820813629,0.614817045957576,0.5561125113834348,0.08612213084069364,0.5561125113834348
South Africa,1913,0.5286949151168824,0.4388692820813629,0.614817045957576,0.5561125113834348,0.08612213084069364,0.5561125113834348
South Africa,1914,0.2826138576116873,0.23277779116482536,0.33490748860210556,0.2439827494191684,0.05229363099041828,0.2439827494191684
South Africa,1915,0.33624762615493936,0.285429507198465,0.3847076812334269,0.3197927082634029,0.04846005507848755,0.3197927082634029
South Africa,1916,0.33624762615493936,0.285429507198465,0.3847076812334269,0.3197927082634029,0.04846005507848755,0.3197927082634029
South Africa,1917,0.3306024651797302,0.2744252544497179,0.3847076812334269,0.3144238039904158,0.054105216053696725,0.3144238039904158
South Africa,1918,0.41301130442317074,0.35729988397690554,0.4581852339436174,0.3926151613539,0.04517392952044663,0.3926151613539
South Africa,1919,0.33598460477632686,0.299329545007507,0.3687817782917155,0.32070362143974385,0.03279717351538863,0.32070362143974385
South Africa,1920,0.33598460477632686,0.299329545007507,0.3687817782917155,0.3104862727768119,0.03279717351538863,0.3104862727768119
South Africa,1921,0.29228312345234503,0.2605695440094082,0.3218625747617122,0.25046714951731885,0.029579451309367177,0.25046714951731885
South Africa,1922,0.19897478536866323,0.17905712514810226,0.2181742422927143,0.1861347583915404,0.01919945692405106,0.1861347583915404
South Africa,1923,0.29740063730172334,0.26076468446018963,0.3357622640304418,0.27170023582413677,0.038361626728718456,0.27170023582413677
South Africa,1924,0.41792713048735003,0.36512685857557053,0.47082621954373594,0.3786766393203182,0.052899089056385906,0.3786766393203182
South Africa,1925,0.47042906097514464,0.40158419933347894,0.5352293256824268,0.4269630882624241,0.06480026470728212,0.4269630882624241
South Africa,1926,0.47042906097514464,0.40158419933347894,0.5352293256824268,0.4269630882624241,0.06480026470728212,0.4269630882624241
South Africa,1927,0.47042906097514464,0.40158419933347894,0.5352293256824268,0.4269630882624241,0.06480026470728212,0.4269630882624241
South Africa,1928,0.47042906097514464,0.40158419933347894,0.5352293256824268,0.4269630882624241,0.06480026470728212,0.4269630882624241
South Africa,1929,0.47042906097514464,0.40158419933347894,0.5352293256824268,0.4269630882624241,0.06480026470728212,0.4269630882624241
South Africa,1930,0.23890240486240735,0.197622676098583,0.28356460436696335,0.23308357517595876,0.044662199504555994,0.23308357517595876
South Africa,1931,0.18024850499401457,0.14926451755776857,0.21378471548042555,0.17525792951877509,0.03353621048641098,0.17525792951877509
South Africa,1932,0.18024850499401457,0.14926451755776857,0.21378471548042555,0.17525792951877509,0.03353621048641098,0.17525792951877509
South Africa,1933,0.29968642179668437,0.26303246762333604,0.3357622640304418,0.2999750103185316,0.03607584223375743,0.2999750103185316
South Africa,1934,0.5153934902990361,0.4175040362145694,0.614817045957576,0.5058170469395766,0.09942355565853989,0.5058170469395766
South Africa,1935,0.5153934902990361,0.4175040362145694,0.614817045957576,0.5058170469395766,0.09942355565853989,0.5058170469395766
South Africa,1936,0.5153934902990361,0.4175040362145694,0.614817045957576,0.5058170469395766,0.09942355565853989,0.5058170469395766
South Africa,1937,0.5153934902990361,0.4175040362145694,0.614817045957576,0.5058170469395766,0.09942355565853989,0.5058170469395766
South Africa,1938,0.5153934902990361,0.4175040362145694,0.614817045957576,0.5058170469395766,0.09942355565853989,0.5058170469395766
South Africa,1939,0.36530552355431967,0.3230075232328503,0.3988734135035826,0.33233278698184127,0.03356788994926291,0.33233278698184127
South Africa,1940,0.36530552355431967,0.3230075232328503,0.3988734135035826,0.3495658373750061,0.03356788994926291,0.3495658373750061
South Africa,1941,0.42618894776784394,0.3701904589874836,0.4687196039677526,0.3976483488957556,0.042530656199908645,0.3976483488957556
South Africa,1942,0.4328876332259067,0.3842638243787783,0.4687196039677526,0.41668698464548193,0.03583197074184591,0.41668698464548193
South Africa,1943,0.4328876332259067,0.3842638243787783,0.4687196039677526,0.41668698464548193,0.03583197074184591,0.41668698464548193
South Africa,1944,0.4328876332259067,0.3842638243787783,0.4687196039677526,0.41668698464548193,0.03583197074184591,0.41668698464548193
South Africa,1945,0.42618894776784394,0.3701904589874836,0.4687196039677526,0.41023899484312115,0.042530656199908645,0.41023899484312115
South Africa,1946,0.29148922170676367,0.24500047793947835,0.333812031092206,0.26630134537653566,0.042322809385442306,0.26630134537653566
South Africa,1947,0.29148922170676367,0.24500047793947835,0.333812031092206,0.26630134537653566,0.042322809385442306,0.26630134537653566
South Africa,1948,0.3226896550834612,0.25018218011156806,0.3968626966596886,0.26088042802969785,0.0741730415762274,0.26088042802969785
South Africa,1949,0.3226896550834612,0.25018218011156806,0.3968626966596886,0.2805860689545352,0.0741730415762274,0.2805860689545352
South Africa,1950,0.33759233371975766,0.2710751082915713,0.3968626966596886,0.32076751489293165,0.05927036293993093,0.32076751489293165
South Africa,1951,0.33759233371975766,0.2710751082915713,0.3968626966596886,0.32076751489293165,0.05927036293993093,0.32076751489293165
South Africa,1952,0.33759233371975766,0.2710751082915713,0.3968626966596886,0.32076751489293165,0.05927036293993093,0.32076751489293165
South Africa,1953,0.33759233371975766,0.2710751082915713,0.3968626966596886,0.32076751489293165,0.05927036293993093,0.32076751489293165
South Africa,1954,0.33759233371975766,0.2710751082915713,0.3968626966596886,0.32076751489293165,0.05927036293993093,0.32076751489293165
South Africa,1955,0.3104915609278652,0.24484213952698772,0.3702859890937538,0.2835065856533334,0.05979442816588865,0.2835065856533334
South Africa,1956,0.2983770033807068,0.24484213952698772,0.3454890441283107,0.27773707057634606,0.047112040747603945,0.27773707057634606
South Africa,1957,0.2983770033807068,0.24484213952698772,0.3454890441283107,0.27773707057634606,0.047112040747603945,0.27773707057634606
South Africa,1958,0.2983770033807068,0.24484213952698772,0.3454890441283107,0.27773707057634606,0.047112040747603945,0.27773707057634606
South Africa,1959,0.2983770033807068,0.24484213952698772,0.3454890441283107,0.27773707057634606,0.047112040747603945,0.27773707057634606
South Africa,1960,0.16710943168627676,0.13353586522387065,0.19946819262954674,0.18041160295207548,0.032358760943269976,0.18041160295207548
South Africa,1961,0.26863116140780346,0.21945080514575913,0.2984405870138483,0.2989609761035311,0.029809425606044826,0.2989609761035311
South Africa,1962,0.3222307290514154,0.25626900487634036,0.3702859890937538,0.34750954827030767,0.0480552600423384,0.34750954827030767
South Africa,1963,0.3222307290514154,0.25626900487634036,0.3702859890937538,0.34750954827030767,0.0480552600423384,0.34750954827030767
South Africa,1964,0.37635482003760795,0.2852966421712002,0.45471496995311944,0.39868114046985187,0.07836014991551149,0.39868114046985187
South Africa,1965,0.38806962002371725,0.2852966421712002,0.4873514378137413,0.4119983777790781,0.09928181779002404,0.4119983777790781
South Africa,1966,0.43777491869931967,0.32064723553141267,0.5540149860052124,0.4529409695706003,0.1162400673058927,0.4529409695706003
South Africa,1967,0.43777491869931967,0.32064723553141267,0.5540149860052124,0.4529409695706003,0.1162400673058927,0.4529409695706003
South Africa,1968,0.43777491869931967,0.32064723553141267,0.5540149860052124,0.4529409695706003,0.1162400673058927,0.4529409695706003
South Africa,1969,0.43777491869931967,0.32064723553141267,0.5540149860052124,0.4529409695706003,0.1162400673058927,0.4529409695706003
South Africa,1970,0.43777491869931967,0.32064723553141267,0.5540149860052124,0.4529409695706003,0.1162400673058927,0.4529409695706003
South Africa,1971,0.3601654125890857,0.29093458284039436,0.4287093850145173,0.3601654125890857,0.06854397242543159,0.3601654125890857
South Africa,1972,0.3601654125890857,0.29093458284039436,0.4287093850145173,0.3601654125890857,0.06854397242543159,0.3601654125890857
South Africa,1973,0.2541467142328704,0.2219040144173968,0.2842883387246824,0.2873803798761853,0.030141624491812014,0.2873803798761853
South Africa,1974,0.24729705863031684,0.21094023039206267,0.2842883387246824,0.2609087034122411,0.03699128009436556,0.2609087034122411
South Africa,1975,0.24079712982152865,0.20053623057446104,0.2842883387246824,0.25427681717658335,0.04349120890315375,0.25427681717658335
South Africa,1976,0.17032630287174758,0.14358642562841417,0.1979261866159341,0.165905729898523,0.027599883744186537,0.165905729898523
South Africa,1977,0.24838719246739485,0.22153367742171223,0.2718316445951098,0.27127441465905405,0.023444452127714926,0.27127441465905405
South Africa,1978,0.24838719246739485,0.22153367742171223,0.2718316445951098,0.27127441465905405,0.023444452127714926,0.27127441465905405
South Africa,1979,0.24838719246739485,0.22153367742171223,0.2718316445951098,0.27127441465905405,0.023444452127714926,0.27127441465905405
South Africa,1980,0.24838719246739485,0.22153367742171223,0.2718316445951098,0.27127441465905405,0.023444452127714926,0.27127441465905405
South Africa,1981,0.24838719246739485,0.22153367742171223,0.2718316445951098,0.27127441465905405,0.023444452127714926,0.27127441465905405
South Africa,1982,0.24838719246739485,0.22153367742171223,0.2718316445951098,0.27127441465905405,0.023444452127714926,0.27127441465905405
South Africa,1983,0.24838719246739485,0.22153367742171223,0.2718316445951098,0.27127441465905405,0.023444452127714926,0.27127441465905405
South Africa,1984,0.18740490429872378,0.17083672900547023,0.20441728654449445,0.19248633782270483,0.017012382245770674,0.19248633782270483
South Africa,1985,0.14313571923815158,0.13717688666956754,0.14922029350692415,0.1605406414757334,0.006084574268772569,0.1605406414757334
South Africa,1986,0.14313571923815158,0.13717688666956754,0.14922029350692415,0.1605406414757334,0.006084574268772569,0.1605406414757334
South Africa,1987,0.14313571923815158,0.13717688666956754,0.14922029350692415,0.1605406414757334,0.006084574268772569,0.1605406414757334
South Africa,1988,0.18740490429872378,0.17083672900547023,0.20441728654449445,0.19890123462889686,0.017012382245770674,0.19890123462889686
South Africa,1989,0.2396472947540266,0.21909501769741124,0.2607737383553499,0.22359883233805244,0.02112644360132329,0.22359883233805244
South Africa,1990,0.23599787395185415,0.21060034772935765,0.25520814393026703,0.2234863247567845,0.01921026997841288,0.2234863247567845
South Africa,1991,0.19282890559104407,0.17455210382708927,0.20054783973975124,0.1762299921896995,0.007718934148707168,0.1762299921896995
South Africa,1992,0.20131939868336723,0.17455210382708927,0.21494185260204682,0.19092988759714016,0.013622453918679583,0.19092988759714016
South Africa,1993,0.2879916711646861,0.27238116117172656,0.29315717511454426,0.2958100623733963,0.005165503949858152,0.2958100623733963
South Africa,1994,0.5053480300304539,0.45172315747631026,0.5598197949220844,0.5365082908929469,0.054471764891630525,0.5365082908929469
South Africa,1995,0.4867615106000551,0.45172315747631026,0.5223303379776746,0.5365082908929469,0.03556882737761946,0.5365082908929469
South Africa,1996,0.4867615106000551,0.45172315747631026,0.5223303379776746,0.5365082908929469,0.03556882737761946,0.5365082908929469
South Africa,1997,0.4867615106000551,0.45172315747631026,0.5223303379776746,0.5365082908929469,0.03556882737761946,0.5365082908929469
South Africa,1998,0.4867615106000551,0.45172315747631026,0.5223303379776746,0.5365082908929469,0.03556882737761946,0.5365082908929469
South Africa,1999,0.3475498880007797,0.3192719304098029,0.3741657386773941,0.37028934705239996,0.026615850676614428,0.37028934705239996
South Africa,2000,0.3475498880007797,0.3192719304098029,0.3741657386773941,0.37028934705239996,0.026615850676614428,0.37028934705239996
South Africa,2001,0.3475498880007797,0.3192719304098029,0.3741657386773941,0.37028934705239996,0.026615850676614428,0.37028934705239996
South Africa,2002,0.3940171101184538,0.3839947007268865,0.4010209093047205,0.4066954715323318,0.0070037991862667015,0.4066954715323318
South Africa,2003,0.4310414742250073,0.4026036064512007,0.45947934199881396,0.41660869519880084,0.028437867773806635,0.41660869519880084
South Africa,2004,0.4310414742250073,0.4026036064512007,0.45947934199881396,0.41660869519880084,0.028437867773806635,0.41660869519880084
South Africa,2005,0.4310414742250073,0.4026036064512007,0.45947934199881396,0.3910247661972423,0.028437867773806635,0.3910247661972423
South Africa,2006,0.3663512472100545,0.3438408464465695,0.3898717737923586,0.33660167477922326,0.02352052658230408,0.33660167477922326
South Africa,2007,0.2833277261848852,0.262988733435961,0.30469269715364344,0.24635433636186876,0.021364970968758223,0.24635433636186876
South Africa,2008,0.206233053731215,0.1840789411557845,0.229128784747792,0.18332203140189188,0.022895731016576992,0.18332203140189188
South Africa,2009,0.2331568928181734,0.20488527319910046,0.2631998581222584,0.23670080353646442,0.030042965304084984,0.23670080353646442
South Africa,2010,0.2879172323188306,0.2715427499588657,0.30469269715364344,0.27827675445213357,0.016775464834812848,0.27827675445213357
South Africa,2011,0.2879172323188306,0.2715427499588657,0.30469269715364344,0.27827675445213357,0.016775464834812848,0.27827675445213357
South Africa,2012,0.20544034153369753,0.18352319809083542,0.22735748497655972,0.20193024440832122,0.02191714344286219,0.20193024440832122
South Africa,2013,0.20544034153369753,0.18352319809083542,0.22735748497655972,0.20193024440832122,0.02191714344286219,0.20193024440832122
South Africa,2014,0.15584103587038003,0.14674358289414832,0.16493848884661177,0.15367979156066644,0.00909745297623174,0.15367979156066644
South Africa,2015,0.11767316767982115,0.11486983549970349,0.12047649985993882,0.11382692305678406,0.0028033321801176625,0.11382692305678406
South Africa,2016,0.12895794489476917,0.11486983549970349,0.14304605428983486,0.09581546771292242,0.01408810939506569,0.09581546771292242
South Africa,2017,0.12895794489476917,0.11486983549970349,0.14304605428983486,0.09581546771292242,0.01408810939506569,0.09581546771292242
South Africa,2018,0.19077297464175316,0.16856411227687926,0.21435469250725864,0.17827346926576046,0.023581717865505475,0.17827346926576046
South Africa,2019,0.2490339124989055,0.21081279575073766,0.29003839304707074,0.2326170707373266,0.041004480548165245,0.2326170707373266
South Africa,2020,0.14653298877331808,0.10834023473979155,0.19234967881461426,0.15189084393662824,0.04581669004129618,0.15189084393662824
South Africa,2021,0.09629039021223344,0.07285015402222601,0.12452882313930368,0.08577107283236622,0.028238432927070234,0.08577107283236622
South Africa,2022,0.11817874589484473,0.10016881487713043,0.1376461299179166,0.10751932518841696,0.019467384023071882,0.10751932518841696
South Africa,2023,0.07877661350446453,0.0658248290463863,0.09281830456584392,0.07041241452319315,0.014041691061379383,0.07041241452319315
South Africa,2024,0.07877661350446453,0.0658248290463863,0.09281830456584392,0.07041241452319315,0.014041691061379383,0.07041241452319315
South Africa,2025,0.07877661350446453,0.0658248290463863,0.09281830456584392,0.07041241452319315,0.014041691061379383,0.07041241452319315
Sweden,1900,0.4256561359212477,0.35652836595938514,0.5046190475732628,0.42608009068517494,0.07896291165201513,0.42608009068517494
Sweden,1901,0.4256561359212477,0.35652836595938514,0.5046190475732628,0.42608009068517494,0.07896291165201513,0.42608009068517494
Sweden,1902,0.4117550709035178,0.3313666642245889,0.5046190475732628,0.39221930249275916,0.092863976669745,0.39221930249275916
Sweden,1903,0.44841478693246833,0.35652836595938514,0.5598197949220844,0.42608009068517494,0.11140500798961611,0.42608009068517494
Sweden,1904,0.4721764351444813,0.37186992282799264,0.5937785598478024,0.43582861925312977,0.12160212470332105,0.43582861925312977
Sweden,1905,0.4721764351444813,0.37186992282799264,0.5937785598478024,0.38459179131844895,0.12160212470332105,0.38459179131844895
Sweden,1906,0.500564076844444,0.41945995771694133,0.5937785598478024,0.46203099989959623,0.09321448300335833,0.46203099989959623
Sweden,1907,0.500564076844444,0.41945995771694133,0.5937785598478024,0.4704481248372136,0.09321448300335833,0.4704481248372136
Sweden,1908,0.48527288106769745,0.39174153171545917,0.5937785598478024,0.4341698908900247,0.10850567878010492,0.4341698908900247
Sweden,1909,0.22290477951877255,0.17420471763114262,0.2690130040812399,0.2679847172367141,0.046108224562467354,0.2679847172367141
Sweden,1910,0.4585734545817363,0.39039746208170567,0.5352293256824268,0.4533342233698147,0.07665587110069044,0.4533342233698147
Sweden,1911,0.4585734545817363,0.39039746208170567,0.5352293256824268,0.4533342233698147,0.07665587110069044,0.4533342233698147
Sweden,1912,0.500564076844444,0.41945995771694133,0.5937785598478024,0.4704481248372136,0.09321448300335833,0.4704481248372136
Sweden,1913,0.500564076844444,0.41945995771694133,0.5937785598478024,0.4704481248372136,0.09321448300335833,0.4704481248372136
Sweden,1914,0.3834662573479755,0.3462722176811055,0.41892720131306826,0.3613520168834508,0.03546094396509275,0.3613520168834508
Sweden,1915,0.3564647049659279,0.34682825894219915,0.35038984272855606,0.38016079171333456,-0.006074862237371859,0.38016079171333456
Sweden,1916,0.32954143405737224,0.32118128486124464,0.3130071283132181,0.35642800777596567,-0.016534305744154154,0.35642800777596567
Sweden,1917,0.2252070029993993,0.21071753419777473,0.22217159345625226,0.25316508960138157,-0.003035409543147044,0.25316508960138157
Sweden,1918,0.22865086419374725,0.21644729073640948,0.23418942223690592,0.27307896533481385,0.00553855804315867,0.27307896533481385
Sweden,1919,0.34143257440736113,0.3265045070535903,0.35038984272855606,0.3774154598567445,0.008957268321194922,0.3774154598567445
Sweden,1920,0.40924550152223943,0.39442301862153095,0.41892720131306826,0.44443057941467695,0.009681699790828835,0.44443057941467695
Sweden,1921,0.4996220122691158,0.46446599498922664,0.5352293256824268,0.52553191650046,0.03560731341331097,0.52553191650046
Sweden,1922,0.49371759807711985,0.4530730726635175,0.5352293256824268,0.46184388645488306,0.041511727605306914,0.46184388645488306
Sweden,1923,0.49371759807711985,0.4530730726635175,0.5352293256824268,0.46184388645488306,0.041511727605306914,0.46184388645488306
Sweden,1924,0.5019326080976234,0.4530730726635175,0.5540149860052124,0.46184388645488306,0.05208237790758896,0.46184388645488306
Sweden,1925,0.5019326080976234,0.4530730726635175,0.5540149860052124,0.46184388645488306,0.05208237790758896,0.46184388645488306
Sweden,1926,0.52502881456676,0.4530730726635175,0.606830197233345,0.45323636142689705,0.08180138266658499,0.45323636142689705
Sweden,1927,0.52502881456676,0.4530730726635175,0.606830197233345,0.45323636142689705,0.08180138266658499,0.45323636142689705
Sweden,1928,0.5430954590136836,0.4858547587523933,0.606830197233345,0.47773628903368454,0.06373473821966136,0.47773628903368454
Sweden,1929,0.556495655146423,0.5094619610679457,0.606830197233345,0.5049049399218875,0.05033454208692201,0.5049049399218875
Sweden,1930,0.5016542097348026,0.4435123971856483,0.5661925942794989,0.4567418835352332,0.06453838454469629,0.4567418835352332
Sweden,1931,0.3752720779796463,0.3114061709812066,0.4449719092257398,0.3664883434842758,0.06969983124609352,0.3664883434842758
Sweden,1932,0.2796403487577705,0.2568139531489726,0.2737746658541592,0.3349943681481106,-0.00586568290361128,0.3349943681481106
Sweden,1933,0.3962803406831843,0.37541897057044277,0.40249223594996214,0.4490783343234126,0.006211895266777845,0.4490783343234126
Sweden,1934,0.48627612358967304,0.4858547587523933,0.4812209870118332,0.5280839460876446,-0.005055136577839847,0.5280839460876446
Sweden,1935,0.5107067995345845,0.4858547587523933,0.5352293256824268,0.5280839460876446,0.024522526147842227,0.5280839460876446
Sweden,1936,0.5233078463054701,0.5094619610679457,0.5352293256824268,0.5504460745026346,0.011921479376956645,0.5504460745026346
Sweden,1937,0.5762265582172476,0.5461464119343838,0.606830197233345,0.5699624858910931,0.030603639016097417,0.5699624858910931
Sweden,1938,0.6003043785405736,0.5937785598478024,0.606830197233345,0.5937785598478024,0.006525818692771357,0.5937785598478024
Sweden,1939,0.4760108807795285,0.5169142597486657,0.4226109321823088,0.5308948658452796,-0.05339994859721975,0.5308948658452796
Sweden,1940,0.34957347391288507,0.39229573080113855,0.2797924103564068,0.41771232141640285,-0.06978106355647828,0.41771232141640285
Sweden,1941,0.3645899886105067,0.39229573080113855,0.31500316647634136,0.4110618270042042,-0.04958682213416532,0.4110618270042042
Sweden,1942,0.39841139905315087,0.4298275349237888,0.3530831171204313,0.46836100005930614,-0.045328281932719594,0.46836100005930614
Sweden,1943,0.48490611924690913,0.5169142597486657,0.43588989435406733,0.5504486654814628,-0.0490162248928418,0.5504486654814628
Sweden,1944,0.48627612358967304,0.4858547587523933,0.4812209870118332,0.5107067995345845,-0.005055136577839847,0.5107067995345845
Sweden,1945,0.5602749087734832,0.5848818648103927,0.5352293256824268,0.5893302123290974,-0.025045583091056423,0.5893302123290974
Sweden,1946,0.5664459828915751,0.5977181786240616,0.5352293256824268,0.5729942520949615,-0.031216657209148346,0.5729942520949615
Sweden,1947,0.6176719107119772,0.614892554129164,0.6201687180632601,0.6007826565346253,0.0024968073512828814,0.6007826565346253
Sweden,1948,0.6520395599212429,0.6849724857713037,0.6201687180632601,0.6794063220766535,-0.031870841857982724,0.6794063220766535
Sweden,1949,0.7207970796362487,0.6849724857713037,0.757858283255199,0.7098178882418399,0.03706120361895027,0.7098178882418399
Sweden,1950,0.7207970796362487,0.6849724857713037,0.757858283255199,0.7098178882418399,0.03706120361895027,0.7098178882418399
Sweden,1951,0.7207970796362487,0.6849724857713037,0.757858283255199,0.7098178882418399,0.03706120361895027,0.7098178882418399
Sweden,1952,0.7207970796362487,0.6849724857713037,0.757858283255199,0.7098178882418399,0.03706120361895027,0.7098178882418399
Sweden,1953,0.7207970796362487,0.6849724857713037,0.757858283255199,0.7098178882418399,0.03706120361895027,0.7098178882418399
Sweden,1954,0.7207970796362487,0.6849724857713037,0.757858283255199,0.7098178882418399,0.03706120361895027,0.7098178882418399
Sweden,1955,0.7207970796362487,0.6849724857713037,0.757858283255199,0.7098178882418399,0.03706120361895027,0.7098178882418399
Sweden,1956,0.7207970796362487,0.6849724857713037,0.757858283255199,0.6758418774391172,0.03706120361895027,0.6758418774391172
Sweden,1957,0.7207970796362487,0.6849724857713037,0.757858283255199,0.7098178882418399,0.03706120361895027,0.7098178882418399
Sweden,1958,0.7207970796362487,0.6849724857713037,0.757858283255199,0.7098178882418399,0.03706120361895027,0.7098178882418399
Sweden,1959,0.7207970796362487,0.6849724857713037,0.757858283255199,0.7207970796362487,0.03706120361895027,0.7207970796362487
Sweden,1960,0.7207970796362487,0.6849724857713037,0.757858283255199,0.7207970796362487,0.03706120361895027,0.7207970796362487
Sweden,1961,0.7337606755168342,0.7096630677784693,0.757858283255199,0.7337606755168341,0.02409760773836478,0.7337606755168341
Sweden,1962,0.7337606755168342,0.7096630677784693,0.757858283255199,0.7337606755168341,0.02409760773836478,0.7337606755168341
Sweden,1963,0.7337606755168342,0.7096630677784693,0.757858283255199,0.7337606755168341,0.02409760773836478,0.7337606755168341
Sweden,1964,0.7337606755168342,0.7096630677784693,0.757858283255199,0.7337606755168341,0.02409760773836478,0.7337606755168341
Sweden,1965,0.6695503401340425,0.6331597007381041,0.7071067811865476,0.659705054911467,0.03755644105250511,0.659705054911467
Sweden,1966,0.6020317594209286,0.5655503229331257,0.6396551920755261,0.595154148472659,0.037623432654597555,0.595154148472659
Sweden,1967,0.5293415997842682,0.5292751753897532,0.5200953006021524,0.5589727295576491,-0.009246299182115836,0.5589727295576491
Sweden,1968,0.5293415997842682,0.5292751753897532,0.5200953006021524,0.5589727295576491,-0.009246299182115836,0.5589727295576491
Sweden,1969,0.4295777242504464,0.4125569210261071,0.4389760813529593,0.475809566548764,0.009398357102512911,0.475809566548764
Sweden,1970,0.4430749900176339,0.44088663365094244,0.4389760813529593,0.46884442263329684,-0.004098908664674605,0.46884442263329684
Sweden,1971,0.4724375456257593,0.4715945696532877,0.47048291468227466,0.4990578848121056,-0.0019546309434846365,0.4990578848121056
Sweden,1972,0.33010020042785393,0.3835373684077707,0.27910571473905726,0.40138279348876066,-0.050994485688796665,0.40138279348876066
Sweden,1973,0.34650899261282636,0.3835373684077707,0.31072189613463164,0.42023154607912677,-0.035787096478194724,0.42023154607912677
Sweden,1974,0.3225123863810582,0.3110889792201514,0.3330234825060565,0.37848678958028037,0.010511096124998287,0.37848678958028037
Sweden,1975,0.30553602198842084,0.3110889792201514,0.29913809829954635,0.3554730415560133,-0.006397923688874485,0.3554730415560133
Sweden,1976,0.25528356645249123,0.25767503553498,0.2507065030468499,0.30958410352283333,-0.004577063405641346,0.30958410352283333
Sweden,1977,0.2954291309332769,0.28938586444169606,0.29913809829954635,0.3424401020077723,0.0037089673662694667,0.3424401020077723
Sweden,1978,0.23372229346689188,0.25767503553498,0.20946034954902257,0.31493881882820646,-0.024261943917869316,0.31493881882820646
Sweden,1979,0.28193621033572186,0.2954207814120228,0.2687005768508881,0.34595073600277365,-0.013235633484833753,0.34595073600277365
Sweden,1980,0.28193621033572186,0.2954207814120228,0.2687005768508881,0.34595073600277365,-0.013235633484833753,0.34595073600277365
Sweden,1981,0.36206969610952,0.36547756214237315,0.3569257309514109,0.42961642271869205,-0.0051439651581091095,0.42961642271869205
Sweden,1982,0.4133104447336449,0.4298234744212707,0.3962919651199363,0.48150987959949393,-0.017018479613708615,0.48150987959949393
Sweden,1983,0.4666947077911004,0.461053549010646,0.471580323515969,0.517270068773343,0.004885615724868619,0.517270068773343
Sweden,1984,0.5081724986698475,0.49378194449461404,0.5223736554879413,0.5354076425450293,0.014201156818093863,0.5354076425450293
Sweden,1985,0.40896910889969074,0.49378194449461404,0.31500316647634136,0.423989984844952,-0.09396594242334938,0.423989984844952
Sweden,1986,0.44690845616150127,0.49378194449461404,0.3943099423102184,0.47639150776694184,-0.05259851385128289,0.47639150776694184
Sweden,1987,0.4573508967516049,0.4712416193439945,0.4389760813529593,0.5229161407707544,-0.018374815398645605,0.5229161407707544
Sweden,1988,0.43738985496863464,0.4203563441841302,0.4547526800360829,0.47846923395875646,0.01736282506744824,0.47846923395875646
Sweden,1989,0.25419384300964093,0.22443896023355614,0.2802207358660497,0.27853194393458935,0.026026892856408745,0.27853194393458935
Sweden,1990,0.2105071379254322,0.17754125469847623,0.23897304649735235,0.23783725514638987,0.028465908571920162,0.23783725514638987
Sweden,1991,0.1803653925412889,0.15412836253845275,0.2009822044299,0.21629364862751935,0.020616811888611114,0.21629364862751935
Sweden,1992,0.2542915528793897,0.22685035846654822,0.2774887385102322,0.2947855256805591,0.0231971856308425,0.2947855256805591
Sweden,1993,0.36820205873110085,0.340990898654508,0.3962919651199363,0.41505409600653054,0.02808990638883546,0.41505409600653054
Sweden,1994,0.45334515087869026,0.4203563441841302,0.48739185447993155,0.5016362127453816,0.03404670360124129,0.5016362127453816
Sweden,1995,0.522389436059048,0.5048906452694898,0.5398882268486063,0.5499323982936395,0.017498790789558294,0.5499323982936395
Sweden,1996,0.5694827670054666,0.5406331222887654,0.5968193974142794,0.5888960760782664,0.027336630408812734,0.5888960760782664
Sweden,1997,0.6290459277683894,0.6177975834050019,0.6396551920755261,0.6290459277683894,0.010609264307136712,0.6290459277683894
Sweden,1998,0.6290459277683894,0.6177975834050019,0.6396551920755261,0.6290459277683894,0.010609264307136712,0.6290459277683894
Sweden,1999,0.5479596088893718,0.5374334605499468,0.5568521877766397,0.5865083735080474,0.00889257888726791,0.5865083735080474
Sweden,2000,0.4520326621021147,0.48062199551428075,0.424299253463447,0.5549922711597765,-0.02773340863866769,0.5549922711597765
Sweden,2001,0.4205272023170359,0.42986214992524174,0.4105345162761953,0.49955299441545825,-0.009992686040840582,0.49955299441545825
Sweden,2002,0.4455555700498155,0.48195935396935735,0.4095791663978565,0.5289674509051491,-0.03597640365195898,0.5289674509051491
Sweden,2003,0.5253874493932887,0.5282118459414963,0.5223736554879413,0.5535452163167155,-0.003013793905347395,0.5535452163167155
Sweden,2004,0.5928848224438433,0.6048899290602535,0.5774579158971567,0.5928848224438433,-0.015426906546686658,0.5928848224438433
Sweden,2005,0.6219066286581816,0.646354779845833,0.5968193974142794,0.6665430207712519,-0.02508723124390222,0.6665430207712519
Sweden,2006,0.6219066286581816,0.646354779845833,0.5968193974142794,0.6999263408043999,-0.02508723124390222,0.6999263408043999
Sweden,2007,0.47727091825267065,0.5134053932049446,0.4385255060222994,0.5822578573158718,-0.03874541223037126,0.5822578573158718
Sweden,2008,0.4066027231966316,0.4195699870838601,0.38215087489534394,0.5087484981124666,-0.02445184830128766,0.5087484981124666
Sweden,2009,0.5083441896567292,0.5626845176839322,0.4527692569068708,0.5534613821945463,-0.05557493274985842,0.5534613821945463
Sweden,2010,0.4855432982172616,0.5626845176839322,0.4066996521098384,0.5534613821945463,-0.07884364610742323,0.5534613821945463
Sweden,2011,0.4720638523283544,0.5626845176839322,0.3794641930650213,0.5534613821945463,-0.09259965926333308,0.5534613821945463
Sweden,2012,0.4720638523283544,0.5626845176839322,0.3794641930650213,0.5287464009876495,-0.09259965926333308,0.5287464009876495
Sweden,2013,0.46174249102059245,0.5378240342362086,0.3794641930650213,0.49488334840127357,-0.08227829795557112,0.49488334840127357
Sweden,2014,0.3753029329450675,0.4510259763882775,0.29390834676098776,0.33856746386873565,-0.08139458618407974,0.33856746386873565
Sweden,2015,0.4405833090756512,0.5041441098210678,0.36417742869329484,0.4256424169850874,-0.07640588038235635,0.4256424169850874
Sweden,2016,0.44775955020458785,0.5041441098210678,0.3794641930650213,0.4821719870884957,-0.06829535713956653,0.4821719870884957
Sweden,2017,0.4291346301628974,0.5041441098210678,0.3397895557438872,0.4330923360759517,-0.08934507441901018,0.4330923360759517
Sweden,2018,0.4405833090756512,0.5041441098210678,0.36417742869329484,0.4605450041181953,-0.07640588038235635,0.4605450041181953
Sweden,2019,0.334581527907742,0.36614497851495714,0.3003331483536241,0.3942658935632868,-0.03424837955411786,0.3942658935632868
Sweden,2020,0.4378920059933939,0.4498982544966033,0.424299253463447,0.42497045695574887,-0.013592752529946905,0.42497045695574887
Sweden,2021,0.35259375361836404,0.47096743068361474,0.25890614780997684,0.48849095439371143,-0.0936876058083872,0.48849095439371143
Sweden,2022,0.3918222913193122,0.4898453238277553,0.3098889841181066,0.5223652296239188,-0.08193330720120556,0.5223652296239188
Sweden,2023,0.4305380445292941,0.4798453238277552,0.38215087489534394,0.535847011740161,-0.04838716963395018,0.535847011740161
Sweden,2024,0.44253932065397744,0.4898453238277553,0.39415853164344394,0.5414011658959734,-0.0483807890105335,0.5414011658959734
Syria,1900,0.21250377349855568,0.15942257443052946,0.27999999999999997,0.1741431926343419,0.0674962265014443,0.1741431926343419
Syria,1901,0.21250377349855568,0.15942257443052946,0.27999999999999997,0.1741431926343419,0.0674962265014443,0.1741431926343419
Syria,1902,0.21250377349855568,0.15942257443052946,0.27999999999999997,0.1741431926343419,0.0674962265014443,0.1741431926343419
Syria,1903,0.21250377349855568,0.15942257443052946,0.27999999999999997,0.1741431926343419,0.0674962265014443,0.1741431926343419
Syria,1904,0.21250377349855568,0.15942257443052946,0.27999999999999997,0.1741431926343419,0.0674962265014443,0.1741431926343419
Syria,1905,0.21250377349855568,0.15942257443052946,0.27999999999999997,0.1741431926343419,0.0674962265014443,0.1741431926343419
Syria,1906,0.21250377349855568,0.15942257443052946,0.27999999999999997,0.1741431926343419,0.0674962265014443,0.1741431926343419
Syria,1907,0.21250377349855568,0.15942257443052946,0.27999999999999997,0.1741431926343419,0.0674962265014443,0.1741431926343419
Syria,1908,0.21250377349855568,0.15942257443052946,0.27999999999999997,0.1781452463618293,0.0674962265014443,0.1781452463618293
Syria,1909,0.21250377349855568,0.15942257443052946,0.27999999999999997,0.1781452463618293,0.0674962265014443,0.1781452463618293
Syria,1910,0.18628531157969727,0.15694914798180795,0.2188156323969721,0.15825944465760866,0.03253032081727483,0.15825944465760866
Syria,1911,0.18628531157969727,0.15694914798180795,0.2188156323969721,0.15825944465760866,0.03253032081727483,0.15825944465760866
Syria,1912,0.18628531157969727,0.15694914798180795,0.2188156323969721,0.15825944465760866,0.03253032081727483,0.15825944465760866
Syria,1913,0.18628531157969727,0.15694914798180795,0.2188156323969721,0.15825944465760866,0.03253032081727483,0.15825944465760866
Syria,1914,0.18628531157969727,0.15694914798180795,0.2188156323969721,0.15825944465760866,0.03253032081727483,0.15825944465760866
Syria,1915,0.13747200222127726,0.11027533564020849,0.167450121241891,0.11039249902921217,0.02997811902061373,0.11039249902921217
Syria,1916,0.17912548296223885,0.15182753215697983,0.20863251943262873,0.15157843554146053,0.02950703647038988,0.15157843554146053
Syria,1917,0.19825011867202305,0.17440403643198218,0.22360679774997896,0.1809338386468926,0.025356679077955913,0.1809338386468926
Syria,1918,0.19825011867202305,0.17440403643198218,0.22360679774997896,0.1809338386468926,0.025356679077955913,0.1809338386468926
Syria,1919,0.19825011867202305,0.17440403643198218,0.22360679774997896,0.1809338386468926,0.025356679077955913,0.1809338386468926
Syria,1920,0.19825011867202305,0.17440403643198218,0.22360679774997896,0.1809338386468926,0.025356679077955913,0.1809338386468926
Syria,1921,0.19825011867202305,0.17440403643198218,0.22360679774997896,0.1809338386468926,0.025356679077955913,0.1809338386468926
Syria,1922,0.19825011867202305,0.17440403643198218,0.22360679774997896,0.1809338386468926,0.025356679077955913,0.1809338386468926
Syria,1923,0.19825011867202305,0.17440403643198218,0.22360679774997896,0.1809338386468926,0.025356679077955913,0.1809338386468926
Syria,1924,0.19825011867202305,0.17440403643198218,0.22360679774997896,0.1809338386468926,0.025356679077955913,0.1809338386468926
Syria,1925,0.2196794636971946,0.20033762975426087,0.23965583187114756,0.20783840281698443,0.019976368173952957,0.20783840281698443
Syria,1926,0.2196794636971946,0.20033762975426087,0.23965583187114756,0.20783840281698443,0.019976368173952957,0.20783840281698443
Syria,1927,0.2196794636971946,0.20033762975426087,0.23965583187114756,0.20783840281698443,0.019976368173952957,0.20783840281698443
Syria,1928,0.19825011867202305,0.17440403643198218,0.22360679774997896,0.1809338386468926,0.025356679077955913,0.1809338386468926
Syria,1929,0.19825011867202305,0.17440403643198218,0.22360679774997896,0.1809338386468926,0.025356679077955913,0.1809338386468926
Syria,1930,0.19825011867202305,0.17440403643198218,0.22360679774997896,0.1809338386468926,0.025356679077955913,0.1809338386468926
Syria,1931,0.2196794636971946,0.20033762975426087,0.23965583187114756,0.20783840281698443,0.019976368173952957,0.20783840281698443
Syria,1932,0.2196794636971946,0.20033762975426087,0.23965583187114756,0.20783840281698443,0.019976368173952957,0.20783840281698443
Syria,1933,0.19198193910292452,0.17440403643198218,0.20863251943262873,0.17466565907779408,0.016650580329704207,0.17466565907779408
Syria,1934,0.17366871570751893,0.15182753215697983,0.1946610237380867,0.15751205515338237,0.020992308030567758,0.15751205515338237
Syria,1935,0.15103511055937,0.12362547796745886,0.17946859624554362,0.12623069306042134,0.028433485686173626,0.12623069306042134
Syria,1936,0.1451473869775474,0.12362547796745886,0.167450121241891,0.12623069306042134,0.022302734264343593,0.12623069306042134
Syria,1937,0.12830887935369326,0.11027533564020849,0.14178230218348167,0.10122937616162818,0.013473422829788417,0.10122937616162818
Syria,1938,0.1473388438224953,0.12667309664665338,0.167450121241891,0.12813654284600906,0.020111277419395696,0.12813654284600906
Syria,1939,0.1519372455012394,0.12667309664665338,0.17946859624554362,0.12813654284600906,0.02753135074430421,0.12813654284600906
Syria,1940,0.1519372455012394,0.12667309664665338,0.17946859624554362,0.12813654284600906,0.02753135074430421,0.12813654284600906
Syria,1941,0.1519372455012394,0.12667309664665338,0.17946859624554362,0.12813654284600906,0.02753135074430421,0.12813654284600906
Syria,1942,0.17453006397005433,0.14550917774039115,0.206155281280883,0.14719023598221773,0.03162521731082868,0.14719023598221773
Syria,1943,0.17453006397005433,0.14550917774039115,0.206155281280883,0.14719023598221773,0.03162521731082868,0.14719023598221773
Syria,1944,0.15791386280972994,0.12667309664665338,0.19234967881461426,0.12813654284600906,0.03443581600488432,0.12813654284600906
Syria,1945,0.1459394338655702,0.11510784523573274,0.17946859624554362,0.12197187669455829,0.033529162379973415,0.12197187669455829
Syria,1946,0.11239419875043584,0.09188952718411207,0.13300358892509007,0.09212754046910733,0.020609390174654227,0.09212754046910733
Syria,1947,0.11239419875043584,0.09188952718411207,0.13300358892509007,0.09212754046910733,0.020609390174654227,0.09212754046910733
Syria,1948,0.11239419875043584,0.09188952718411207,0.13300358892509007,0.09212754046910733,0.020609390174654227,0.09212754046910733
Syria,1949,0.13534254973195195,0.11510784523573274,0.15708213753146194,0.11632977559671985,0.02173958779950999,0.11632977559671985
Syria,1950,0.13534254973195195,0.11510784523573274,0.15708213753146194,0.12197187669455829,0.02173958779950999,0.12197187669455829
Syria,1951,0.11239419875043584,0.09188952718411207,0.13300358892509007,0.10046677957949057,0.020609390174654227,0.10046677957949057
Syria,1952,0.11239419875043584,0.09188952718411207,0.13300358892509007,0.10046677957949057,0.020609390174654227,0.10046677957949057
Syria,1953,0.11239419875043584,0.09188952718411207,0.13300358892509007,0.10046677957949057,0.020609390174654227,0.10046677957949057
Syria,1954,0.11239419875043584,0.09188952718411207,0.13300358892509007,0.10046677957949057,0.020609390174654227,0.10046677957949057
Syria,1955,0.10555495325849219,0.08779777537948101,0.12409673645990857,0.0900816645667918,0.018541783201416376,0.0900816645667918
Syria,1956,0.11239419875043584,0.09188952718411207,0.13300358892509007,0.10046677957949057,0.020609390174654227,0.10046677957949057
Syria,1957,0.11239419875043584,0.09188952718411207,0.13300358892509007,0.10046677957949057,0.020609390174654227,0.10046677957949057
Syria,1958,0.11239419875043584,0.09188952718411207,0.13300358892509007,0.10046677957949057,0.020609390174654227,0.10046677957949057
Syria,1959,0.11239419875043584,0.09188952718411207,0.13300358892509007,0.10930735235307636,0.020609390174654227,0.10930735235307636
Syria,1960,0.11239419875043584,0.09188952718411207,0.13300358892509007,0.10930735235307636,0.020609390174654227,0.10930735235307636
Syria,1961,0.11239419875043584,0.09188952718411207,0.13300358892509007,0.10930735235307636,0.020609390174654227,0.10930735235307636
Syria,1962,0.11239419875043584,0.09188952718411207,0.13300358892509007,0.10930735235307636,0.020609390174654227,0.10930735235307636
Syria,1963,0.11239419875043584,0.09188952718411207,0.13300358892509007,0.10930735235307636,0.020609390174654227,0.10930735235307636
Syria,1964,0.11239419875043584,0.09188952718411207,0.13300358892509007,0.10507211885410266,0.020609390174654227,0.10507211885410266
Syria,1965,0.11239419875043584,0.09188952718411207,0.13300358892509007,0.10507211885410266,0.020609390174654227,0.10507211885410266
Syria,1966,0.10795224838264557,0.09188952718411207,0.12409673645990857,0.09682357279226504,0.016144488077263,0.09682357279226504
Syria,1967,0.10555495325849219,0.08779777537948101,0.12409673645990857,0.0946734121199717,0.018541783201416376,0.0946734121199717
Syria,1968,0.10555495325849219,0.08779777537948101,0.12409673645990857,0.0946734121199717,0.018541783201416376,0.0946734121199717
Syria,1969,0.10555495325849219,0.08779777537948101,0.12409673645990857,0.08404916497336899,0.018541783201416376,0.08404916497336899
Syria,1970,0.1212508011698189,0.10085316015080903,0.14254971703199754,0.10875119276416785,0.021298915862178636,0.10875119276416785
Syria,1971,0.1392805958458435,0.11584985916148687,0.1637466254599484,0.12053660789143189,0.02446602961410488,0.12053660789143189
Syria,1972,0.1538490262594269,0.13307654264543814,0.17549928774784243,0.13846020320181046,0.021650261488415534,0.13846020320181046
Syria,1973,0.17672612338209925,0.15286480562550755,0.20159574313909787,0.15904900765047483,0.024869619756998612,0.15904900765047483
Syria,1974,0.17672612338209925,0.15286480562550755,0.20159574313909787,0.15904900765047483,0.024869619756998612,0.15904900765047483
Syria,1975,0.17672612338209925,0.15286480562550755,0.20159574313909787,0.15904900765047483,0.024869619756998612,0.15904900765047483
Syria,1976,0.17672612338209925,0.15286480562550755,0.20159574313909787,0.15904900765047483,0.024869619756998612,0.15904900765047483
Syria,1977,0.17672612338209925,0.15286480562550755,0.20159574313909787,0.15904900765047483,0.024869619756998612,0.15904900765047483
Syria,1978,0.17672612338209925,0.15286480562550755,0.20159574313909787,0.15904900765047483,0.024869619756998612,0.15904900765047483
Syria,1979,0.17672612338209925,0.15286480562550755,0.20159574313909787,0.15904900765047483,0.024869619756998612,0.15904900765047483
Syria,1980,0.17672612338209925,0.15286480562550755,0.20159574313909787,0.15904900765047483,0.024869619756998612,0.15904900765047483
Syria,1981,0.17672612338209925,0.15286480562550755,0.20159574313909787,0.15904900765047483,0.024869619756998612,0.15904900765047483
Syria,1982,0.17672612338209925,0.15286480562550755,0.20159574313909787,0.15904900765047483,0.024869619756998612,0.15904900765047483
Syria,1983,0.17672612338209925,0.15286480562550755,0.20159574313909787,0.15904900765047483,0.024869619756998612,0.15904900765047483
Syria,1984,0.17672612338209925,0.15286480562550755,0.20159574313909787,0.15904900765047483,0.024869619756998612,0.15904900765047483
Syria,1985,0.17672612338209925,0.15286480562550755,0.20159574313909787,0.15904900765047483,0.024869619756998612,0.15904900765047483
Syria,1986,0.17672612338209925,0.15286480562550755,0.20159574313909787,0.15904900765047483,0.024869619756998612,0.15904900765047483
Syria,1987,0.14533944306653646,0.11584985916148687,0.18043999298180835,0.130981163452858,0.035100549915271895,0.130981163452858
Syria,1988,0.14533944306653646,0.11584985916148687,0.18043999298180835,0.130981163452858,0.035100549915271895,0.130981163452858
Syria,1989,0.14533944306653646,0.11584985916148687,0.18043999298180835,0.130981163452858,0.035100549915271895,0.130981163452858
Syria,1990,0.1265253340307183,0.10085316015080903,0.15708213753146194,0.11402572562506726,0.030556803500743634,0.11402572562506726
Syria,1991,0.1265253340307183,0.10085316015080903,0.15708213753146194,0.11402572562506726,0.030556803500743634,0.11402572562506726
Syria,1992,0.1265253340307183,0.10085316015080903,0.15708213753146194,0.11402572562506726,0.030556803500743634,0.11402572562506726
Syria,1993,0.1265253340307183,0.10085316015080903,0.15708213753146194,0.11402572562506726,0.030556803500743634,0.11402572562506726
Syria,1994,0.1265253340307183,0.10085316015080903,0.15708213753146194,0.11402572562506726,0.030556803500743634,0.11402572562506726
Syria,1995,0.1265253340307183,0.10085316015080903,0.15708213753146194,0.11402572562506726,0.030556803500743634,0.11402572562506726
Syria,1996,0.1392805958458435,0.11584985916148687,0.1637466254599484,0.12492231623216506,0.02446602961410488,0.12492231623216506
Syria,1997,0.1392805958458435,0.11584985916148687,0.1637466254599484,0.12492231623216506,0.02446602961410488,0.12492231623216506
Syria,1998,0.10064554023191911,0.09205344981913456,0.10908712114635714,0.09229146310412982,0.00844158091443803,0.09229146310412982
Syria,1999,0.0588176828626882,0.05149958123688734,0.06650179446254503,0.05324979061844367,0.007684111599856831,0.05324979061844367
Syria,2000,0.08551915635824629,0.07643240281275378,0.09496585476231374,0.0784206438312731,0.00944669840406745,0.0784206438312731
Syria,2001,0.08551915635824629,0.07643240281275378,0.09496585476231374,0.0784206438312731,0.00944669840406745,0.0784206438312731
Syria,2002,0.0588176828626882,0.05149958123688734,0.06650179446254503,0.0588176828626882,0.007684111599856831,0.0588176828626882
Syria,2003,0.0588176828626882,0.05149958123688734,0.06650179446254503,0.0588176828626882,0.007684111599856831,0.0588176828626882
Syria,2004,0.0588176828626882,0.05149958123688734,0.06650179446254503,0.0588176828626882,0.007684111599856831,0.0588176828626882
Syria,2005,0.0588176828626882,0.05149958123688734,0.06650179446254503,0.0588176828626882,0.007684111599856831,0.0588176828626882
Syria,2006,0.0588176828626882,0.05149958123688734,0.06650179446254503,0.0588176828626882,0.007684111599856831,0.0588176828626882
Syria,2007,0.0588176828626882,0.05149958123688734,0.06650179446254503,0.0588176828626882,0.007684111599856831,0.0588176828626882
Syria,2008,0.0588176828626882,0.05149958123688734,0.06650179446254503,0.0588176828626882,0.007684111599856831,0.0588176828626882
Syria,2009,0.0588176828626882,0.05149958123688734,0.06650179446254503,0.0588176828626882,0.007684111599856831,0.0588176828626882
Syria,2010,0.0588176828626882,0.05149958123688734,0.06650179446254503,0.0588176828626882,0.007684111599856831,0.0588176828626882
Syria,2011,0.0588176828626882,0.05149958123688734,0.06650179446254503,0.0588176828626882,0.007684111599856831,0.0588176828626882
Thailand,1900,0.32145621954463005,0.2901511205587006,0.35368524263697676,0.3283555508943653,0.03222902309234671,0.3283555508943653
Thailand,1901,0.32145621954463005,0.2901511205587006,0.35368524263697676,0.3283555508943653,0.03222902309234671,0.3283555508943653
Thailand,1902,0.32145621954463005,0.2901511205587006,0.35368524263697676,0.3283555508943653,0.03222902309234671,0.3283555508943653
Thailand,1903,0.32145621954463005,0.2901511205587006,0.35368524263697676,0.3283555508943653,0.03222902309234671,0.3283555508943653
Thailand,1904,0.32145621954463005,0.2901511205587006,0.35368524263697676,0.3283555508943653,0.03222902309234671,0.3283555508943653
Thailand,1905,0.32145621954463005,0.2901511205587006,0.35368524263697676,0.3283555508943653,0.03222902309234671,0.3283555508943653
Thailand,1906,0.32145621954463005,0.2901511205587006,0.35368524263697676,0.3283555508943653,0.03222902309234671,0.3283555508943653
Thailand,1907,0.32145621954463005,0.2901511205587006,0.35368524263697676,0.3283555508943653,0.03222902309234671,0.3283555508943653
Thailand,1908,0.32145621954463005,0.2901511205587006,0.35368524263697676,0.3283555508943653,0.03222902309234671,0.3283555508943653
Thailand,1909,0.32145621954463005,0.2901511205587006,0.35368524263697676,0.3283555508943653,0.03222902309234671,0.3283555508943653
Thailand,1910,0.32145621954463005,0.2901511205587006,0.35368524263697676,0.3283555508943653,0.03222902309234671,0.3283555508943653
Thailand,1911,0.32145621954463005,0.2901511205587006,0.35368524263697676,0.3283555508943653,0.03222902309234671,0.3283555508943653
Thailand,1912,0.32145621954463005,0.2901511205587006,0.35368524263697676,0.3283555508943653,0.03222902309234671,0.3283555508943653
Thailand,1913,0.32145621954463005,0.2901511205587006,0.35368524263697676,0.3283555508943653,0.03222902309234671,0.3283555508943653
Thailand,1914,0.32145621954463005,0.2901511205587006,0.35368524263697676,0.3283555508943653,0.03222902309234671,0.3283555508943653
Thailand,1915,0.32145621954463005,0.2901511205587006,0.35368524263697676,0.3283555508943653,0.03222902309234671,0.3283555508943653
Thailand,1916,0.32145621954463005,0.2901511205587006,0.35368524263697676,0.3283555508943653,0.03222902309234671,0.3283555508943653
Thailand,1917,0.32145621954463005,0.2901511205587006,0.35368524263697676,0.3283555508943653,0.03222902309234671,0.3283555508943653
Thailand,1918,0.32145621954463005,0.2901511205587006,0.35368524263697676,0.3283555508943653,0.03222902309234671,0.3283555508943653
Thailand,1919,0.32145621954463005,0.2901511205587006,0.35368524263697676,0.3283555508943653,0.03222902309234671,0.3283555508943653
Thailand,1920,0.32145621954463005,0.2901511205587006,0.35368524263697676,0.3283555508943653,0.03222902309234671,0.3283555508943653
Thailand,1921,0.32145621954463005,0.2901511205587006,0.35368524263697676,0.3283555508943653,0.03222902309234671,0.3283555508943653
Thailand,1922,0.32145621954463005,0.2901511205587006,0.35368524263697676,0.3283555508943653,0.03222902309234671,0.3283555508943653
Thailand,1923,0.32145621954463005,0.2901511205587006,0.35368524263697676,0.3283555508943653,0.03222902309234671,0.3283555508943653
Thailand,1924,0.32145621954463005,0.2901511205587006,0.35368524263697676,0.3283555508943653,0.03222902309234671,0.3283555508943653
Thailand,1925,0.32145621954463005,0.2901511205587006,0.35368524263697676,0.3283555508943653,0.03222902309234671,0.3283555508943653
Thailand,1926,0.32145621954463005,0.2901511205587006,0.35368524263697676,0.3283555508943653,0.03222902309234671,0.3283555508943653
Thailand,1927,0.32145621954463005,0.2901511205587006,0.35368524263697676,0.3283555508943653,0.03222902309234671,0.3283555508943653
Thailand,1928,0.32145621954463005,0.2901511205587006,0.35368524263697676,0.3283555508943653,0.03222902309234671,0.3283555508943653
Thailand,1929,0.32145621954463005,0.2901511205587006,0.35368524263697676,0.3283555508943653,0.03222902309234671,0.3283555508943653
Thailand,1930,0.32145621954463005,0.2901511205587006,0.35368524263697676,0.32145621954463005,0.03222902309234671,0.32145621954463005
Thailand,1931,0.32145621954463005,0.2901511205587006,0.35368524263697676,0.32145621954463005,0.03222902309234671,0.32145621954463005
Thailand,1932,0.2582132872547686,0.25526140552070004,0.26116516898883724,0.2582132872547686,0.0029518817340686287,0.2582132872547686
Thailand,1933,0.2582132872547686,0.25526140552070004,0.26116516898883724,0.2582132872547686,0.0029518817340686287,0.2582132872547686
Thailand,1934,0.2582132872547686,0.25526140552070004,0.26116516898883724,0.2582132872547686,0.0029518817340686287,0.2582132872547686
Thailand,1935,0.2582132872547686,0.25526140552070004,0.26116516898883724,0.2582132872547686,0.0029518817340686287,0.2582132872547686
Thailand,1936,0.2582132872547686,0.25526140552070004,0.26116516898883724,0.2582132872547686,0.0029518817340686287,0.2582132872547686
Thailand,1937,0.2582132872547686,0.25526140552070004,0.26116516898883724,0.2582132872547686,0.0029518817340686287,0.2582132872547686
Thailand,1938,0.2582132872547686,0.25526140552070004,0.26116516898883724,0.2582132872547686,0.0029518817340686287,0.2582132872547686
Thailand,1939,0.2582132872547686,0.25526140552070004,0.26116516898883724,0.2582132872547686,0.0029518817340686287,0.2582132872547686
Thailand,1940,0.2582132872547686,0.25526140552070004,0.26116516898883724,0.2582132872547686,0.0029518817340686287,0.2582132872547686
Thailand,1941,0.18946457081379978,0.18946457081379978,0.18946457081379978,0.18946457081379978,0.0,0.18946457081379978
Thailand,1942,0.13195079107728944,0.13195079107728944,0.13195079107728944,0.13195079107728944,0.0,0.13195079107728944
Thailand,1943,0.13195079107728944,0.13195079107728944,0.13195079107728944,0.13195079107728944,0.0,0.13195079107728944
Thailand,1944,0.13195079107728944,0.13195079107728944,0.13195079107728944,0.13195079107728944,0.0,0.13195079107728944
Thailand,1945,0.18946457081379978,0.18946457081379978,0.18946457081379978,0.18946457081379978,0.0,0.18946457081379978
Thailand,1946,0.24375415772291473,0.24375415772291473,0.24375415772291473,0.24375415772291473,0.0,0.24375415772291473
Thailand,1947,0.24375415772291473,0.24375415772291473,0.24375415772291473,0.24375415772291473,0.0,0.24375415772291473
Thailand,1948,0.24375415772291473,0.24375415772291473,0.24375415772291473,0.24375415772291473,0.0,0.24375415772291473
Thailand,1949,0.24375415772291473,0.24375415772291473,0.24375415772291473,0.24375415772291473,0.0,0.24375415772291473
Thailand,1950,0.24375415772291473,0.24375415772291473,0.24375415772291473,0.24375415772291473,0.0,0.24375415772291473
Thailand,1951,0.3266145706114632,0.3232291412229264,0.33,0.3266145706114632,0.003385429388536809,0.3266145706114632
Thailand,1952,0.3266145706114632,0.3232291412229264,0.33,0.3266145706114632,0.003385429388536809,0.3266145706114632
Thailand,1953,0.3266145706114632,0.3232291412229264,0.33,0.3266145706114632,0.003385429388536809,0.3266145706114632
Thailand,1954,0.3266145706114632,0.3232291412229264,0.33,0.3266145706114632,0.003385429388536809,0.3266145706114632
Thailand,1955,0.3266145706114632,0.3232291412229264,0.33,0.3266145706114632,0.003385429388536809,0.3266145706114632
Thailand,1956,0.3266145706114632,0.3232291412229264,0.33,0.3266145706114632,0.003385429388536809,0.3266145706114632
Thailand,1957,0.3266145706114632,0.3232291412229264,0.33,0.3266145706114632,0.003385429388536809,0.3266145706114632
Thailand,1958,0.3266145706114632,0.3232291412229264,0.33,0.3266145706114632,0.003385429388536809,0.3266145706114632
Thailand,1959,0.3266145706114632,0.3232291412229264,0.33,0.3266145706114632,0.003385429388536809,0.3266145706114632
Thailand,1960,0.3266145706114632,0.3232291412229264,0.33,0.3266145706114632,0.003385429388536809,0.3266145706114632
Thailand,1961,0.3266145706114632,0.3232291412229264,0.33,0.3266145706114632,0.003385429388536809,0.3266145706114632
Thailand,1962,0.3266145706114632,0.3232291412229264,0.33,0.3266145706114632,0.003385429388536809,0.3266145706114632
Thailand,1963,0.3266145706114632,0.3232291412229264,0.33,0.3266145706114632,0.003385429388536809,0.3266145706114632
Thailand,1964,0.3266145706114632,0.3232291412229264,0.33,0.3266145706114632,0.003385429388536809,0.3266145706114632
Thailand,1965,0.3266145706114632,0.3232291412229264,0.33,0.3266145706114632,0.003385429388536809,0.3266145706114632
Thailand,1966,0.3266145706114632,0.3232291412229264,0.33,0.3266145706114632,0.003385429388536809,0.3266145706114632
Thailand,1967,0.3266145706114632,0.3232291412229264,0.33,0.3266145706114632,0.003385429388536809,0.3266145706114632
Thailand,1968,0.3266145706114632,0.3232291412229264,0.33,0.3266145706114632,0.003385429388536809,0.3266145706114632
Thailand,1969,0.3266145706114632,0.3232291412229264,0.33,0.3266145706114632,0.003385429388536809,0.3266145706114632
Thailand,1970,0.3266145706114632,0.3232291412229264,0.33,0.3266145706114632,0.003385429388536809,0.3266145706114632
Thailand,1971,0.3266145706114632,0.3232291412229264,0.33,0.3266145706114632,0.003385429388536809,0.3266145706114632
Thailand,1972,0.3266145706114632,0.3232291412229264,0.33,0.36562243373219877,0.003385429388536809,0.36562243373219877
Thailand,1973,0.3266145706114632,0.3232291412229264,0.33,0.36562243373219877,0.003385429388536809,0.36562243373219877
Thailand,1974,0.3266145706114632,0.3232291412229264,0.33,0.36562243373219877,0.003385429388536809,0.36562243373219877
Thailand,1975,0.3266145706114632,0.3232291412229264,0.33,0.36562243373219877,0.003385429388536809,0.36562243373219877
Thailand,1976,0.3266145706114632,0.3232291412229264,0.33,0.36562243373219877,0.003385429388536809,0.36562243373219877
Thailand,1977,0.3266145706114632,0.3232291412229264,0.33,0.36562243373219877,0.003385429388536809,0.36562243373219877
Thailand,1978,0.3266145706114632,0.3232291412229264,0.33,0.36562243373219877,0.003385429388536809,0.36562243373219877
Thailand,1979,0.3266145706114632,0.3232291412229264,0.33,0.3266145706114632,0.003385429388536809,0.3266145706114632
Thailand,1980,0.3266145706114632,0.3232291412229264,0.33,0.3266145706114632,0.003385429388536809,0.3266145706114632
Thailand,1981,0.3266145706114632,0.3232291412229264,0.33,0.3266145706114632,0.003385429388536809,0.3266145706114632
Thailand,1982,0.3266145706114632,0.3232291412229264,0.33,0.3266145706114632,0.003385429388536809,0.3266145706114632
Thailand,1983,0.3266145706114632,0.3232291412229264,0.33,0.3266145706114632,0.003385429388536809,0.3266145706114632
Thailand,1984,0.2582132872547686,0.25526140552070004,0.26116516898883724,0.2582132872547686,0.0029518817340686287,0.2582132872547686
Thailand,1985,0.2582132872547686,0.25526140552070004,0.26116516898883724,0.2582132872547686,0.0029518817340686287,0.2582132872547686
Thailand,1986,0.2582132872547686,0.25526140552070004,0.26116516898883724,0.2582132872547686,0.0029518817340686287,0.2582132872547686
Thailand,1987,0.2582132872547686,0.25526140552070004,0.26116516898883724,0.2582132872547686,0.0029518817340686287,0.2582132872547686
Thailand,1988,0.2966091783079296,0.29321835661585915,0.3,0.2966091783079296,0.0033908216920703893,0.2966091783079296
Thailand,1989,0.2966091783079296,0.29321835661585915,0.3,0.2966091783079296,0.0033908216920703893,0.2966091783079296
Thailand,1990,0.2966091783079296,0.29321835661585915,0.3,0.2966091783079296,0.0033908216920703893,0.2966091783079296
Thailand,1991,0.2966091783079296,0.29321835661585915,0.3,0.2966091783079296,0.0033908216920703893,0.2966091783079296
Thailand,1992,0.2966091783079296,0.29321835661585915,0.3,0.2966091783079296,0.0033908216920703893,0.2966091783079296
Thailand,1993,0.2966091783079296,0.29321835661585915,0.3,0.2966091783079296,0.0033908216920703893,0.2966091783079296
Thailand,1994,0.2966091783079296,0.29321835661585915,0.3,0.2966091783079296,0.0033908216920703893,0.2966091783079296
Thailand,1995,0.2966091783079296,0.29321835661585915,0.3,0.2966091783079296,0.0033908216920703893,0.2966091783079296
Thailand,1996,0.2966091783079296,0.29321835661585915,0.3,0.2966091783079296,0.0033908216920703893,0.2966091783079296
Thailand,1997,0.2966091783079296,0.29321835661585915,0.3,0.2966091783079296,0.0033908216920703893,0.2966091783079296
Thailand,1998,0.37518161997945065,0.37129278280987976,0.37907045714902154,0.37518161997945065,0.003888837169570891,0.37518161997945065
Thailand,1999,0.37518161997945065,0.37129278280987976,0.37907045714902154,0.37518161997945065,0.003888837169570891,0.37518161997945065
Thailand,2000,0.37518161997945065,0.37129278280987976,0.37907045714902154,0.37518161997945065,0.003888837169570891,0.37518161997945065
Thailand,2001,0.37518161997945065,0.37129278280987976,0.37907045714902154,0.37518161997945065,0.003888837169570891,0.37518161997945065
Thailand,2002,0.37518161997945065,0.37129278280987976,0.37907045714902154,0.37518161997945065,0.003888837169570891,0.37518161997945065
Thailand,2003,0.37518161997945065,0.37129278280987976,0.37907045714902154,0.37518161997945065,0.003888837169570891,0.37518161997945065
Thailand,2004,0.37518161997945065,0.37129278280987976,0.37907045714902154,0.37518161997945065,0.003888837169570891,0.37518161997945065
Thailand,2005,0.37518161997945065,0.37129278280987976,0.37907045714902154,0.37518161997945065,0.003888837169570891,0.37518161997945065
Thailand,2006,0.37518161997945065,0.37129278280987976,0.37907045714902154,0.37518161997945065,0.003888837169570891,0.37518161997945065
Thailand,2007,0.37518161997945065,0.37129278280987976,0.37907045714902154,0.37518161997945065,0.003888837169570891,0.37518161997945065
Thailand,2008,0.37518161997945065,0.37129278280987976,0.37907045714902154,0.37518161997945065,0.003888837169570891,0.37518161997945065
Thailand,2009,0.37518161997945065,0.37129278280987976,0.37907045714902154,0.37518161997945065,0.003888837169570891,0.37518161997945065
Thailand,2010,0.37518161997945065,0.37129278280987976,0.37907045714902154,0.37518161997945065,0.003888837169570891,0.37518161997945065
Thailand,2011,0.37518161997945065,0.37129278280987976,0.37907045714902154,0.37518161997945065,0.003888837169570891,0.37518161997945065
Thailand,2012,0.37518161997945065,0.37129278280987976,0.37907045714902154,0.37518161997945065,0.003888837169570891,0.37518161997945065
Thailand,2013,0.37518161997945065,0.37129278280987976,0.37907045714902154,0.37518161997945065,0.003888837169570891,0.37518161997945065
Thailand,2014,0.37518161997945065,0.37129278280987976,0.37907045714902154,0.37518161997945065,0.003888837169570891,0.37518161997945065
Thailand,2015,0.37518161997945065,0.37129278280987976,0.37907045714902154,0.37518161997945065,0.003888837169570891,0.37518161997945065
Thailand,2016,0.37518161997945065,0.37129278280987976,0.37907045714902154,0.37518161997945065,0.003888837169570891,0.37518161997945065
Thailand,2017,0.37518161997945065,0.37129278280987976,0.37907045714902154,0.37518161997945065,0.003888837169570891,0.37518161997945065
Thailand,2018,0.37518161997945065,0.37129278280987976,0.37907045714902154,0.37518161997945065,0.003888837169570891,0.37518161997945065
Thailand,2019,0.37518161997945065,0.37129278280987976,0.37907045714902154,0.37518161997945065,0.003888837169570891,0.37518161997945065
Thailand,2020,0.37518161997945065,0.37129278280987976,0.37907045714902154,0.37518161997945065,0.003888837169570891,0.37518161997945065
Thailand,2021,0.37518161997945065,0.37129278280987976,0.37907045714902154,0.37518161997945065,0.003888837169570891,0.37518161997945065
Thailand,2022,0.37518161997945065,0.37129278280987976,0.37907045714902154,0.37518161997945065,0.003888837169570891,0.37518161997945065
Thailand,2023,0.37518161997945065,0.37129278280987976,0.37907045714902154,0.37518161997945065,0.003888837169570891,0.37518161997945065
Türkiye,1900,0.135614150239905,0.09562794108172253,0.18094053674239113,0.135419998193839,0.04532638650248613,0.135419998193839
Türkiye,1901,0.135614150239905,0.09562794108172253,0.18094053674239113,0.13686187645687178,0.04532638650248613,0.13686187645687178
Türkiye,1902,0.14049187368837165,0.09909829871241477,0.18589872973325308,0.14951564596266087,0.04540685604488143,0.14951564596266087
Türkiye,1903,0.08723272303400942,0.07189056929584327,0.1010593450868459,0.11256253313298648,0.013826622052836482,0.11256253313298648
Türkiye,1904,0.08915263176709505,0.06380979420356094,0.11595402218851594,0.10388412148343477,0.026801390421420893,0.10388412148343477
Türkiye,1905,0.1894616228717141,0.15610397852494648,0.22159915460534563,0.2277498471573702,0.032137531733631514,0.2277498471573702
Türkiye,1906,0.18398232789420685,0.14696483714923023,0.21854833355987205,0.22970734175071225,0.0345660056656652,0.22970734175071225
Türkiye,1907,0.2518207719599405,0.19840300736087993,0.3101113127255305,0.293321276830371,0.05829054076558998,0.293321276830371
Türkiye,1908,0.17839797753421607,0.14588779212083938,0.20696412773614623,0.2340138450642658,0.02856615020193015,0.2340138450642658
Türkiye,1909,0.21878713307156997,0.1781374270301503,0.2652093512680124,0.25940984959825975,0.04642221819644246,0.25940984959825975
Türkiye,1910,0.22765382282570715,0.19061820337709,0.26873779042032775,0.26580278918098726,0.0410839675946206,0.26580278918098726
Türkiye,1911,0.19201175840172466,0.17962483484548708,0.20486802489862646,0.25362058553926636,0.012856266496901803,0.25362058553926636
Türkiye,1912,0.1844300162819539,0.1535876197719691,0.2195721124085724,0.18478703397286053,0.035142096126618505,0.18478703397286053
Türkiye,1913,0.22885554663818475,0.20139194738255237,0.2582634314028992,0.2771181119987673,0.029407884764714454,0.2771181119987673
Türkiye,1914,0.20729859181376362,0.19208745514334724,0.22249337756937754,0.22696778006208615,0.015194785755613921,0.22696778006208615
Türkiye,1915,0.15883206373758244,0.1448005421101992,0.17281827805507993,0.17825970000947947,0.013986214317497497,0.17825970000947947
Türkiye,1916,0.14850589683138762,0.13288966603563007,0.16394981398870395,0.1574835485778775,0.015443917157316328,0.1574835485778775
Türkiye,1917,0.22433552257117298,0.19850430881339662,0.2512268214959721,0.24391843775339872,0.026891298924799106,0.24391843775339872
Türkiye,1918,0.1992579144146521,0.1814294718330348,0.2164313536261272,0.2078882334744577,0.0171734392114751,0.2078882334744577
Türkiye,1919,0.19856922153474663,0.18909858506246038,0.20640475912664913,0.211822686479886,0.007835537591902503,0.211822686479886
Türkiye,1920,0.18133931141661844,0.17800232653049394,0.18035520508152791,0.1867586956899497,-0.0009841063350905233,0.1867586956899497
Türkiye,1921,0.2733999321296972,0.2505190445268854,0.29461839725312466,0.29818249302158156,0.021218465123427455,0.29818249302158156
Türkiye,1922,0.288801501218772,0.2779451691034592,0.29775829123636505,0.30749792485104865,0.00895679001759303,0.30749792485104865
Türkiye,1923,0.23745338111746903,0.2314025625723546,0.2399942281126676,0.22239452276073168,0.0025408469951985757,0.22239452276073168
Türkiye,1924,0.1672230981608569,0.16926987679225566,0.16149828134178973,0.18074194408002833,-0.005724816819067169,0.18074194408002833
UAE,1970,0.30395109804888315,0.24177386791163027,0.37837363586653205,0.2420343898081165,0.0744225378176489,0.2420343898081165
UAE,1971,0.30982871426253283,0.25031880564471587,0.37837363586653205,0.23809980616623652,0.06854492160399922,0.23809980616623652
UAE,1972,0.31652865472426267,0.25031880564471587,0.3942563022819634,0.2529936572164315,0.07772764755770073,0.2529936572164315
UAE,1973,0.3475218767242938,0.3073928619161593,0.38939463640323635,0.3093992676324619,0.04187275967894255,0.3093992676324619
UAE,1974,0.40731916247875216,0.33741781473432514,0.48438922830282843,0.3562787302939796,0.07707006582407627,0.3562787302939796
UAE,1975,0.47639593003356967,0.4224605741284721,0.5333815933130551,0.41862253216201734,0.056985663279485455,0.41862253216201734
UAE,1976,0.47639593003356967,0.4224605741284721,0.5333815933130551,0.43448272925574677,0.056985663279485455,0.43448272925574677
UAE,1977,0.49288529747167553,0.4565836384381414,0.5258010096333942,0.4523965273914252,0.032915712161718624,0.4523965273914252
UAE,1978,0.46305314197637476,0.43510947408078127,0.4905896889713194,0.45560391924801547,0.027536546994944622,0.45560391924801547
UAE,1979,0.4528241598486764,0.4164755959024171,0.4905896889713194,0.42283641366774544,0.03776552912264297,0.42283641366774544
UAE,1980,0.4634404337386733,0.43620285875081405,0.4905896889713194,0.4477415949224624,0.027149255232646108,0.4477415949224624
UAE,1981,0.4634404337386733,0.43620285875081405,0.4905896889713194,0.4477415949224624,0.027149255232646108,0.4477415949224624
UAE,1982,0.46136622649814213,0.44376003236861444,0.4793116637422951,0.43649787747682617,0.017945437244152984,0.43649787747682617
UAE,1983,0.4359559070768097,0.40921910168899794,0.4636809247747852,0.4302934574268909,0.027725017697975474,0.4302934574268909
UAE,1984,0.4359559070768097,0.40921910168899794,0.4636809247747852,0.4302934574268909,0.027725017697975474,0.4302934574268909
UAE,1985,0.42108756936132913,0.39722094583368,0.44257640780053775,0.41112024336455727,0.021488838439208624,0.41112024336455727
UAE,1986,0.5807194697328797,0.5368663537315853,0.6258975582978862,0.5527085340304575,0.04517808856500649,0.5527085340304575
UAE,1987,0.6070204400458233,0.5877664935129673,0.6258975582978862,0.5975308077313798,0.01887711825206284,0.5975308077313798
UAE,1988,0.6070204400458233,0.5877664935129673,0.6258975582978862,0.5975308077313798,0.01887711825206284,0.5975308077313798
UAE,1989,0.6616683347009884,0.6356659209906083,0.6855654600401044,0.671542919455765,0.023897125339116032,0.671542919455765
UAE,1990,0.6616683347009884,0.6356659209906083,0.6855654600401044,0.671542919455765,0.023897125339116032,0.671542919455765
UAE,1991,0.5811488316541239,0.5276005709694741,0.6396551920755261,0.6113159366661588,0.058506360421402226,0.6113159366661588
UAE,1992,0.5483173401719407,0.5035481424310353,0.5968193974142794,0.5763968096079529,0.04850205724233869,0.5763968096079529
UAE,1993,0.5956517555499966,0.5533793255865235,0.6396551920755261,0.6048650689039294,0.044003436525529516,0.6048650689039294
UAE,1994,0.5557627393949643,0.5533793255865235,0.5568521877766397,0.5846120668097399,0.0010894483816753509,0.5846120668097399
UAE,1995,0.5374416904539175,0.5533793255865235,0.5195614626050542,0.5657153476781971,-0.01788022784886334,0.5657153476781971
UAE,1996,0.5557627393949643,0.5533793255865235,0.5568521877766397,0.5657153476781971,0.0010894483816753509,0.5657153476781971
UAE,1997,0.5846120668097399,0.5533793255865235,0.6155722066724582,0.5760157414891539,0.030960139862718283,0.5760157414891539
UAE,1998,0.6048650689039294,0.5533793255865235,0.6597539553864471,0.5760157414891539,0.05488888648251766,0.5760157414891539
UAE,1999,0.5312220146832929,0.4708764175974623,0.5968193974142794,0.5130935726470496,0.06559738273098648,0.5130935726470496
UAE,2000,0.4793700586228204,0.4099217305823318,0.5568521877766397,0.4787332310251849,0.0774821291538193,0.4787332310251849
UAE,2001,0.4051208766588654,0.33244655065893575,0.4847679857416329,0.4167695648632477,0.07964710908276745,0.4167695648632477
UAE,2002,0.31628672984206957,0.24634305505628698,0.395885201765834,0.32848583356711586,0.07959847192376446,0.32848583356711586
UAE,2003,0.40135036958150166,0.3408017991626762,0.4699999999999999,0.39914119657913,0.06864963041849825,0.39914119657913
UAE,2004,0.5182462060202323,0.4497776587736375,0.5968193974142794,0.5083030548213102,0.07857319139404706,0.5083030548213102
UAE,2005,0.532896189992145,0.4938521214294472,0.5743491774985174,0.5150529581595416,0.041452987506372385,0.5150529581595416
UAE,2006,0.5546102936024856,0.5352950593637362,0.5743491774985174,0.5546102936024856,0.019738883896031845,0.5546102936024856
UAE,2007,0.6135188080049955,0.5696929462183754,0.6597539553864471,0.5724332887969971,0.046235147381451625,0.5724332887969971
UAE,2008,0.5586922790723502,0.5433346765817065,0.5743491774985174,0.5586922790723502,0.015656898426167243,0.5586922790723502
UAE,2009,0.4873550664420567,0.4425035150058148,0.5358867312681466,0.4873550664420567,0.04853166482608989,0.4873550664420567
UAE,2010,0.4873550664420567,0.4425035150058148,0.5358867312681466,0.4873550664420567,0.04853166482608989,0.4873550664420567
UAE,2011,0.5458714636622265,0.5187415414108719,0.5743491774985174,0.5458714636622265,0.02847771383629094,0.5458714636622265
UAE,2012,0.578741918753008,0.5433346765817065,0.6155722066724582,0.5586922790723502,0.0368302879194502,0.5586922790723502
UAE,2013,0.5129605102156839,0.4842682626979804,0.5358867312681466,0.5105067828101009,0.02292622105246267,0.5105067828101009
UAE,2014,0.45673221905043065,0.4426205163042904,0.45230452393778814,0.4729143346765751,-0.004427695112642516,0.4729143346765751
UAE,2015,0.5337177377101875,0.5247830591661725,0.5358867312681466,0.5311647188836219,0.0021689935579590758,0.5311647188836219
UAE,2016,0.6450267058151175,0.6302994562437877,0.6597539553864471,0.6234289513814643,0.014727249571329648,0.6234289513814643
UAE,2017,0.6450267058151175,0.6302994562437877,0.6597539553864471,0.6234289513814643,0.014727249571329648,0.6234289513814643
UAE,2018,0.6234289513814643,0.6302994562437877,0.6155722066724582,0.6234289513814643,-0.007856744709006103,0.6234289513814643
UAE,2019,0.6234289513814643,0.6302994562437877,0.6155722066724582,0.6234289513814643,-0.007856744709006103,0.6234289513814643
USA,1900,0.3818207672929806,0.3490046050531057,0.41517347161473667,0.3606329636866055,0.03335270432175608,0.3606329636866055
USA,1901,0.3818207672929806,0.3490046050531057,0.41517347161473667,0.3606329636866055,0.03335270432175608,0.3606329636866055
USA,1902,0.3818207672929806,0.3490046050531057,0.41517347161473667,0.3606329636866055,0.03335270432175608,0.3606329636866055
USA,1903,0.3818207672929806,0.3490046050531057,0.41517347161473667,0.3606329636866055,0.03335270432175608,0.3606329636866055
USA,1904,0.3818207672929806,0.3490046050531057,0.41517347161473667,0.3606329636866055,0.03335270432175608,0.3606329636866055
USA,1905,0.3818207672929806,0.3490046050531057,0.41517347161473667,0.3606329636866055,0.03335270432175608,0.3606329636866055
USA,1906,0.3818207672929806,0.3490046050531057,0.41517347161473667,0.3606329636866055,0.03335270432175608,0.3606329636866055
USA,1907,0.30573841401326346,0.2882594233513353,0.3183366261481048,0.30833611452094295,0.012598212134841358,0.30833611452094295
USA,1908,0.36809969210858556,0.34449466178011406,0.3913922958002221,0.3581758454473334,0.02329260369163655,0.3581758454473334
USA,1909,0.36809969210858556,0.34449466178011406,0.3913922958002221,0.3581758454473334,0.02329260369163655,0.3581758454473334
USA,1910,0.3884108169733364,0.3544274533048069,0.4233955266579205,0.3652784456427143,0.034984709684584114,0.3652784456427143
USA,1911,0.3884108169733364,0.3544274533048069,0.4233955266579205,0.3652784456427143,0.034984709684584114,0.3652784456427143
USA,1912,0.3884108169733364,0.3544274533048069,0.4233955266579205,0.3652784456427143,0.034984709684584114,0.3652784456427143
USA,1913,0.3884108169733364,0.3544274533048069,0.4233955266579205,0.3652784456427143,0.034984709684584114,0.3652784456427143
USA,1914,0.3884108169733364,0.3544274533048069,0.4233955266579205,0.3652784456427143,0.034984709684584114,0.3652784456427143
USA,1915,0.3884108169733364,0.3544274533048069,0.4233955266579205,0.3652784456427143,0.034984709684584114,0.3652784456427143
USA,1916,0.3884108169733364,0.3544274533048069,0.4233955266579205,0.3652784456427143,0.034984709684584114,0.3652784456427143
USA,1917,0.3664444778104948,0.34808958952402547,0.38363773584934086,0.35460276127416596,0.017193258038846082,0.35460276127416596
USA,1918,0.381685086211381,0.36894277441125056,0.39356966614307964,0.3789322730696334,0.011884579931698669,0.3789322730696334
USA,1919,0.31934648318866016,0.30768426401207,0.32937048747837994,0.3243996480048911,0.010024004289719779,0.3243996480048911
USA,1920,0.3827852325023678,0.350901611268154,0.41517347161473667,0.3590513951935355,0.03238823911236888,0.3590513951935355
USA,1921,0.3368787926088099,0.3139500675823605,0.3568195504549512,0.3404897900029475,0.0199407578461413,0.3404897900029475
USA,1922,0.38555418143847214,0.35594475236623774,0.41517347161473667,0.3686423655455578,0.029619290176264523,0.3686423655455578
USA,1923,0.38555418143847214,0.35594475236623774,0.41517347161473667,0.3686423655455578,0.029619290176264523,0.3686423655455578
USA,1924,0.38555418143847214,0.35594475236623774,0.41517347161473667,0.3686423655455578,0.029619290176264523,0.3686423655455578
USA,1925,0.4324274534015493,0.3842411729767843,0.48232241958631633,0.3944522698799819,0.04989496618476702,0.3944522698799819
USA,1926,0.4324274534015493,0.3842411729767843,0.48232241958631633,0.3944522698799819,0.04989496618476702,0.3944522698799819
USA,1927,0.4324274534015493,0.3842411729767843,0.48232241958631633,0.3944522698799819,0.04989496618476702,0.3944522698799819
USA,1928,0.4324274534015493,0.3842411729767843,0.48232241958631633,0.3944522698799819,0.04989496618476702,0.3944522698799819
USA,1929,0.24160661056554156,0.2263940838181351,0.2507481682555214,0.2545658139145775,0.009141557689979818,0.2545658139145775
USA,1930,0.18018047614427987,0.16117907023463532,0.19430111054950966,0.19336469536494563,0.014120634405229787,0.19336469536494563
USA,1931,0.14749015843633803,0.13193475387029077,0.15622913507722241,0.15746647890576013,0.008738976640884383,0.15746647890576013
USA,1932,0.12698383901356605,0.10932641267223998,0.139882316069324,0.1320903162603893,0.012898477055757945,0.1320903162603893
USA,1933,0.17397929561692385,0.14939554481584186,0.1976495666738035,0.1840544115576697,0.02367027105687966,0.1840544115576697
USA,1934,0.19635165748390818,0.1735899872047689,0.21854113802838734,0.2139003150434066,0.022189480544479168,0.2139003150434066
USA,1935,0.25288401992394377,0.2200521777551916,0.2864332382947202,0.25883405218917,0.03354921837077646,0.25883405218917
USA,1936,0.25288401992394377,0.2200521777551916,0.2864332382947202,0.25883405218917,0.03354921837077646,0.25883405218917
USA,1937,0.25288401992394377,0.2200521777551916,0.2864332382947202,0.25883405218917,0.03354921837077646,0.25883405218917
USA,1938,0.25288401992394377,0.2200521777551916,0.2864332382947202,0.25883405218917,0.03354921837077646,0.25883405218917
USA,1939,0.32221197994435646,0.2960789593561262,0.3491740697065224,0.3172274273912894,0.026962089762165964,0.3172274273912894
USA,1940,0.3766561312697679,0.33439321914993614,0.42325043337001367,0.3541244635955243,0.04659430210024579,0.3541244635955243
USA,1941,0.41806895780347103,0.3887749898832657,0.4490879968618875,0.411876793259858,0.031019039058416464,0.411876793259858
USA,1942,0.41806895780347103,0.3887749898832657,0.4490879968618875,0.411876793259858,0.031019039058416464,0.411876793259858
USA,1943,0.4486390273837533,0.4289367802875332,0.46815886033324267,0.4359537992729628,0.01951983294948939,0.4359537992729628
USA,1944,0.4486390273837533,0.4289367802875332,0.46815886033324267,0.4359537992729628,0.01951983294948939,0.4359537992729628
USA,1945,0.45316021156282854,0.41995228991260003,0.48803958253180607,0.4436444186025081,0.03487937096897753,0.4436444186025081
USA,1946,0.4347052181498085,0.3985863492596236,0.47323059940544965,0.4111127142778694,0.038525381255641145,0.4111127142778694
USA,1947,0.4347052181498085,0.3985863492596236,0.47323059940544965,0.4111127142778694,0.038525381255641145,0.4111127142778694
USA,1948,0.4347052181498085,0.3985863492596236,0.47323059940544965,0.4111127142778694,0.038525381255641145,0.4111127142778694
USA,1949,0.4347052181498085,0.3985863492596236,0.47323059940544965,0.4111127142778694,0.038525381255641145,0.4111127142778694
USA,1950,0.4617915632378619,0.4367146316655055,0.48803958253180607,0.42727231810422833,0.026248019293944158,0.42727231810422833
USA,1951,0.4617915632378619,0.4367146316655055,0.48803958253180607,0.42727231810422833,0.026248019293944158,0.42727231810422833
USA,1952,0.4617915632378619,0.4367146316655055,0.48803958253180607,0.42727231810422833,0.026248019293944158,0.42727231810422833
USA,1953,0.4617915632378619,0.4367146316655055,0.48803958253180607,0.42727231810422833,0.026248019293944158,0.42727231810422833
USA,1954,0.45116266964415636,0.4367146316655055,0.4658731141252551,0.433153572084795,0.014710444481098761,0.433153572084795
USA,1955,0.45116266964415636,0.4367146316655055,0.4658731141252551,0.433153572084795,0.014710444481098761,0.433153572084795
USA,1956,0.45116266964415636,0.4367146316655055,0.4658731141252551,0.433153572084795,0.014710444481098761,0.433153572084795
USA,1957,0.45116266964415636,0.4367146316655055,0.4658731141252551,0.433153572084795,0.014710444481098761,0.433153572084795
USA,1958,0.45116266964415636,0.4367146316655055,0.4658731141252551,0.433153572084795,0.014710444481098761,0.433153572084795
USA,1959,0.45116266964415636,0.4367146316655055,0.4658731141252551,0.433153572084795,0.014710444481098761,0.433153572084795
USA,1960,0.45116266964415636,0.4367146316655055,0.4658731141252551,0.433153572084795,0.014710444481098761,0.433153572084795
USA,1961,0.45116266964415636,0.4367146316655055,0.4658731141252551,0.433153572084795,0.014710444481098761,0.433153572084795
USA,1962,0.4536799610886108,0.43921286888770134,0.46837884447381184,0.42277804963828086,0.014698883385201034,0.42277804963828086
USA,1963,0.4177464146498499,0.41221752712648824,0.4215057001146734,0.40442715528026046,0.003759285464823514,0.40442715528026046
USA,1964,0.4177464146498499,0.41221752712648824,0.4215057001146734,0.40442715528026046,0.003759285464823514,0.40442715528026046
USA,1965,0.4177464146498499,0.41221752712648824,0.4215057001146734,0.40442715528026046,0.003759285464823514,0.40442715528026046
USA,1966,0.4177464146498499,0.41221752712648824,0.4215057001146734,0.40442715528026046,0.003759285464823514,0.40442715528026046
USA,1967,0.34163956382579297,0.3636306424919982,0.31777350424476863,0.34109751430976704,-0.023866059581024335,0.34109751430976704
USA,1968,0.2728629684466141,0.2903854276564981,0.24731441426522072,0.2644094554052933,-0.0255485541813934,0.2644094554052933
USA,1969,0.29306311879781133,0.30033622851299885,0.28255919189165746,0.288823254910757,-0.010503926906153871,0.288823254910757
USA,1970,0.29306311879781133,0.30033622851299885,0.28255919189165746,0.288823254910757,-0.010503926906153871,0.288823254910757
USA,1971,0.29306311879781133,0.30033622851299885,0.28255919189165746,0.288823254910757,-0.010503926906153871,0.288823254910757
USA,1972,0.29306311879781133,0.30033622851299885,0.28255919189165746,0.288823254910757,-0.010503926906153871,0.288823254910757
USA,1973,0.2416369025121097,0.25498743936285767,0.22875922355495784,0.23901285409416692,-0.012877678957151861,0.23901285409416692
USA,1974,0.2181370522509745,0.23534461571309703,0.20168175085325413,0.20969432058156023,-0.016455301397720362,0.20969432058156023
USA,1975,0.2710974387813993,0.2689689134178533,0.27317043684386955,0.2735406129026816,0.0020729980624702438,0.2735406129026816
USA,1976,0.2710974387813993,0.2689689134178533,0.27317043684386955,0.2735406129026816,0.0020729980624702438,0.2735406129026816
USA,1977,0.2710974387813993,0.2689689134178533,0.27317043684386955,0.2735406129026816,0.0020729980624702438,0.2735406129026816
USA,1978,0.2710974387813993,0.2689689134178533,0.27317043684386955,0.2735406129026816,0.0020729980624702438,0.2735406129026816
USA,1979,0.22680107571289568,0.2270727878480138,0.22470807883167043,0.2335310785641125,-0.0020929968812252453,0.2335310785641125
USA,1980,0.22680107571289568,0.2270727878480138,0.22470807883167043,0.2335310785641125,-0.0020929968812252453,0.2335310785641125
USA,1981,0.2464292649341847,0.232161876517587,0.25856968743675723,0.26751023363227056,0.012140422502572523,0.26751023363227056
USA,1982,0.2464292649341847,0.232161876517587,0.25856968743675723,0.26751023363227056,0.012140422502572523,0.26751023363227056
USA,1983,0.27584451388441295,0.261746516127563,0.28982753492378877,0.29954194710593823,0.01398302103937582,0.29954194710593823
USA,1984,0.3446910125564744,0.3403160919451144,0.34833565616117546,0.37356117785307946,0.00364464360470107,0.37356117785307946
USA,1985,0.3446910125564744,0.3403160919451144,0.34833565616117546,0.37356117785307946,0.00364464360470107,0.37356117785307946
USA,1986,0.3446910125564744,0.3403160919451144,0.34833565616117546,0.37356117785307946,0.00364464360470107,0.37356117785307946
USA,1987,0.3446910125564744,0.3403160919451144,0.34833565616117546,0.37356117785307946,0.00364464360470107,0.37356117785307946
USA,1988,0.3446910125564744,0.3403160919451144,0.34833565616117546,0.37356117785307946,0.00364464360470107,0.37356117785307946
USA,1989,0.40540071607388994,0.3658533597401317,0.4479137995266286,0.39968394958421,0.04251308345273863,0.39968394958421
USA,1990,0.40540071607388994,0.3658533597401317,0.4479137995266286,0.39968394958421,0.04251308345273863,0.39968394958421
USA,1991,0.40540071607388994,0.3658533597401317,0.4479137995266286,0.39968394958421,0.04251308345273863,0.39968394958421
USA,1992,0.4210659737558007,0.3781147611714805,0.46837884447381184,0.3950293972787091,0.04731287071801116,0.3950293972787091
USA,1993,0.4210659737558007,0.3781147611714805,0.46837884447381184,0.3950293972787091,0.04731287071801116,0.3950293972787091
USA,1994,0.4210659737558007,0.3781147611714805,0.46837884447381184,0.3950293972787091,0.04731287071801116,0.3950293972787091
USA,1995,0.4210659737558007,0.3781147611714805,0.46837884447381184,0.3950293972787091,0.04731287071801116,0.3950293972787091
USA,1996,0.4210659737558007,0.3781147611714805,0.46837884447381184,0.3950293972787091,0.04731287071801116,0.3950293972787091
USA,1997,0.4698277483977988,0.46738008247926127,0.4717354055672504,0.46785945985528393,0.0019076571694516264,0.46785945985528393
USA,1998,0.4698277483977988,0.46738008247926127,0.4717354055672504,0.46785945985528393,0.0019076571694516264,0.46785945985528393
USA,1999,0.4698277483977988,0.46738008247926127,0.4717354055672504,0.46785945985528393,0.0019076571694516264,0.46785945985528393
USA,2000,0.4698277483977988,0.46738008247926127,0.4717354055672504,0.46785945985528393,0.0019076571694516264,0.46785945985528393
USA,2001,0.33914560762639717,0.34355077026657943,0.3339760470452934,0.3492126682447947,-0.005169560581103794,0.3492126682447947
USA,2002,0.33914560762639717,0.34355077026657943,0.3339760470452934,0.3492126682447947,-0.005169560581103794,0.3492126682447947
USA,2003,0.3335653446422986,0.3543917277420899,0.3133986225076501,0.35445165035979703,-0.020166722134648485,0.35445165035979703
USA,2004,0.3335653446422986,0.3543917277420899,0.3133986225076501,0.35445165035979703,-0.020166722134648485,0.35445165035979703
USA,2005,0.3335653446422986,0.3543917277420899,0.3133986225076501,0.35445165035979703,-0.020166722134648485,0.35445165035979703
USA,2006,0.3335653446422986,0.3543917277420899,0.3133986225076501,0.35445165035979703,-0.020166722134648485,0.35445165035979703
USA,2007,0.3008106513738063,0.32016276143772054,0.28176978434993083,0.3370558831196399,-0.019040867023875474,0.3370558831196399
USA,2008,0.17871824662153776,0.16969940304134337,0.17414257541429012,0.20018022934789767,-0.004575671207247639,0.20018022934789767
USA,2009,0.21535717279680391,0.19151412399576687,0.23841009048305803,0.22409133299277076,0.023052917686254115,0.22409133299277076
USA,2010,0.2629388467760665,0.23791778262738295,0.28982753492378877,0.26249460237180017,0.026888688147722273,0.26249460237180017
USA,2011,0.2629388467760665,0.23791778262738295,0.28982753492378877,0.26249460237180017,0.026888688147722273,0.26249460237180017
USA,2012,0.3267220342849553,0.3105272845502389,0.34193314182969087,0.33107317907864503,0.015211107544735591,0.33107317907864503
USA,2013,0.3267220342849553,0.3105272845502389,0.34193314182969087,0.33107317907864503,0.015211107544735591,0.33107317907864503
USA,2014,0.3267220342849553,0.3105272845502389,0.34193314182969087,0.33107317907864503,0.015211107544735591,0.33107317907864503
USA,2015,0.3267220342849553,0.3105272845502389,0.34193314182969087,0.33107317907864503,0.015211107544735591,0.33107317907864503
USA,2016,0.30790712027502853,0.3105272845502389,0.30041276887620727,0.29959185178703973,-0.007494351398821264,0.29959185178703973
USA,2017,0.29207952960125005,0.3111037052197507,0.26887695977109605,0.296387090110044,-0.023202569830154007,0.296387090110044
USA,2018,0.29207952960125005,0.3111037052197507,0.26887695977109605,0.296387090110044,-0.023202569830154007,0.296387090110044
USA,2019,0.29207952960125005,0.3111037052197507,0.26887695977109605,0.296387090110044,-0.023202569830154007,0.296387090110044
USA,2020,0.15629337385500694,0.171241048002462,0.14235405161921869,0.18279623630488526,-0.013939322235788254,0.18279623630488526
USA,2021,0.20240538552140633,0.2135536132631467,0.19113037504909916,0.2157211056364955,-0.011275010472307168,0.2157211056364955
USA,2022,0.20240538552140633,0.2135536132631467,0.19113037504909916,0.2157211056364955,-0.011275010472307168,0.2157211056364955
USA,2023,0.20240538552140633,0.2135536132631467,0.19113037504909916,0.2157211056364955,-0.011275010472307168,0.2157211056364955
USA,2024,0.18706584648657099,0.20436349926370645,0.1700823330037544,0.2043853045684834,-0.016983513482816598,0.2043853045684834
USA,2025,0.1496191760610178,0.16945659792684167,0.13145025240834854,0.16581513667088513,-0.018168923652669255,0.16581513667088513
Ukraine,1931,0.11529026079765199,0.10507557603211587,0.11433746274144875,0.1792172282979975,-0.0009527980562032412,0.1792172282979975
Ukraine,1932,0.08360937270667029,0.06934240040485536,0.08897779197438745,0.13771941692616757,0.005368419267717153,0.13771941692616757
Ukraine,1933,0.06445032306163732,0.025552160818061807,0.08851528156010756,0.11495720525727789,0.024064958498470235,0.11495720525727789
Ukraine,1934,0.19523940035693288,0.15546250451148577,0.2281642471666151,0.27227433307846655,0.03292484680968222,0.27227433307846655
Ukraine,1935,0.24617910795601952,0.18624683059919442,0.30540842559719805,0.3153283437383256,0.05922931764117853,0.3153283437383256
Ukraine,1936,0.2377228517928681,0.18624683059919442,0.28495613697550015,0.2788311868020016,0.04723328518263206,0.2788311868020016
Ukraine,1937,0.1179096212768752,0.11976906038341993,0.1089750943883787,0.149097365426834,-0.008934526888496497,0.149097365426834
Ukraine,1938,0.15444490355603238,0.1448868201430558,0.15540270267920053,0.186502158793077,0.0009577991231681515,0.186502158793077
Ukraine,1939,0.15222841630590053,0.15039406930743301,0.1449137674618944,0.20911897041223695,-0.007314648844006122,0.20911897041223695
Ukraine,1940,0.18451234940425285,0.16649304619831448,0.19083610333826218,0.24777450791653569,0.00632375393400933,0.24777450791653569
Ukraine,1941,0.04014764840650722,0.024494897427831785,0.047696960070847276,0.05137828201504694,0.007549311664340058,0.05137828201504694
Ukraine,1942,0.07249324971410066,0.08396799745641677,0.061568697984367156,0.10839695270214394,-0.010924551729733507,0.10839695270214394
Ukraine,1943,0.05163245635543492,0.050911075104941694,0.049497474683058325,0.07124387678926365,-0.002134981672376593,0.07124387678926365
Ukraine,1944,0.07838983765135843,0.06756067728215283,0.08672482396295479,0.10498631640181129,0.008334986311596362,0.10498631640181129
Ukraine,1945,0.12912629609214557,0.11208061636927562,0.14282856857085702,0.171766781504592,0.013702272478711447,0.171766781504592
Ukraine,1946,0.09617280640852777,0.07632302912277637,0.10925322860798845,0.14725504945365364,0.013080422199460678,0.14725504945365364
Ukraine,1947,0.09884031660717169,0.08443055325037412,0.10193686672316615,0.15722626311955348,0.0030965501159944675,0.15722626311955348
Ukraine,1948,0.1969064448291231,0.18150875221378945,0.20453307125178313,0.2795022185788319,0.007626626422660043,0.2795022185788319
Ukraine,1949,0.2411982749198963,0.22581275682340918,0.241869795248393,0.34603129939338334,0.0006715203284967108,0.34603129939338334
Ukraine,1950,0.27070857673877374,0.2543210591127045,0.2749545416973504,0.37856104816686714,0.0042459649585766535,0.37856104816686714
Ukraine,1951,0.2556960498685668,0.2543210591127045,0.241869795248393,0.37856104816686714,-0.013826254620173811,0.37856104816686714
Ukraine,1952,0.22259634024567468,0.22139934126863178,0.21055988649780671,0.3127902239142562,-0.012036453747867965,0.3127902239142562
Ukraine,1953,0.2565258180392524,0.2410115738149539,0.2658734769390232,0.275746596297576,0.009347658899770794,0.275746596297576
Ukraine,1954,0.34235283766479346,0.26667385583389863,0.42255344222349545,0.3715722920260889,0.08020060455870198,0.3715722920260889
Ukraine,1955,0.322928085350691,0.26667385583389863,0.37837363586653205,0.3715722920260889,0.05544555051584105,0.3715722920260889
Ukraine,1956,0.28373836213545,0.26667385583389863,0.2892402273764103,0.2937008164759875,0.005501865240960302,0.2937008164759875
Ukraine,1957,0.3203357080021194,0.29924856231961355,0.3349626844888845,0.3385503289130127,0.014626976486765086,0.3385503289130127
Ukraine,1958,0.3386942067543252,0.3184032942335016,0.349857113690718,0.3572913675197884,0.011162906936392769,0.3572913675197884
Ukraine,1959,0.30953242973853684,0.2983513245663783,0.3125312355618637,0.3465572688926161,0.0029988058233268444,0.3465572688926161
Ukraine,1960,0.274122058183435,0.24897278062068648,0.28609210857966966,0.3205650689583959,0.011970050396234666,0.3205650689583959
Ukraine,1961,0.24055758084467313,0.2286713406090818,0.23845454194112814,0.2986121736142472,-0.0021030389035449903,0.2986121736142472
Ukraine,1962,0.2009725495443151,0.18574424072592552,0.203100960115899,0.2404135807005765,0.0021284105715839163,0.2404135807005765
Ukraine,1963,0.21169977765435402,0.1943999912455934,0.21767821926786265,0.2328955393862847,0.005978441613508634,0.2328955393862847
Ukraine,1964,0.2846715379144455,0.25115626774237987,0.3066259298167417,0.30547717187834356,0.0219543919022962,0.30547717187834356
Ukraine,1965,0.31053220650172664,0.31960992999749327,0.2923408244015526,0.4151973285204589,-0.018191382100174014,0.4151973285204589
Ukraine,1966,0.30149021332278575,0.31960992999749327,0.27345980126941327,0.4151973285204589,-0.028030412053372478,0.4151973285204589
Ukraine,1967,0.2596339025160683,0.29048007793797304,0.2262484765071626,0.3942836250901289,-0.03338542600890573,0.3942836250901289
Ukraine,1968,0.24756370154982762,0.27923885980556856,0.211097292866123,0.3615992298540698,-0.036466408683704626,0.3615992298540698
Ukraine,1969,0.22805597435571665,0.2566252905504867,0.1969607386682003,0.34632894788025026,-0.031095235687516348,0.34632894788025026
Ukraine,1970,0.21515284987981487,0.24401458013742924,0.18611040448558613,0.3155553803190958,-0.029042445394228733,0.3155553803190958
Ukraine,1971,0.195631886979141,0.21680113369678122,0.17364714745331172,0.281413307542601,-0.021984739525829272,0.281413307542601
Ukraine,1972,0.195631886979141,0.21680113369678122,0.17364714745331172,0.2664014664078532,-0.021984739525829272,0.2664014664078532
Ukraine,1973,0.195631886979141,0.21680113369678122,0.17364714745331172,0.2664014664078532,-0.021984739525829272,0.2664014664078532
Ukraine,1974,0.21364678447810406,0.21680113369678122,0.2070845409491473,0.27558809049551886,-0.006562243528956763,0.27558809049551886
Ukraine,1975,0.14177063100696813,0.13753203876310838,0.13846954382230245,0.1490232305679774,-0.0033010871846656797,0.1490232305679774
Ukraine,1976,0.18616772753191135,0.17059191694794662,0.19339079605813717,0.2041665793237555,0.007223068526225812,0.2041665793237555
Ukraine,1977,0.1987231279128848,0.17059191694794662,0.2162221613257516,0.1948151947401304,0.017499033412866793,0.1948151947401304
Ukraine,1978,0.19089093654369318,0.1659181030139301,0.1949358868961793,0.1645290444664751,0.004044950352486115,0.1645290444664751
Ukraine,1979,0.17893218852413115,0.14714282106287202,0.1734935157289747,0.14505899550882154,-0.005438672795156446,0.14505899550882154
Ukraine,1980,0.2006799885988243,0.1615298429179731,0.21662023867041807,0.17178762715990117,0.015940250071593776,0.17178762715990117
Ukraine,1981,0.13150660334054554,0.1306430647150835,0.10925322860798845,0.12402900169777263,-0.02225337473255709,0.12402900169777263
Ukraine,1982,0.10377524028825813,0.1025756752003218,0.08596071370299462,0.09193550749219609,-0.017814526585263515,0.09193550749219609
Ukraine,1983,0.1314077307458787,0.127674996807881,0.1230755044732808,0.14142871372555949,-0.008332226272597887,0.14142871372555949
Ukraine,1984,0.1590223236128235,0.1538046548624081,0.15700318468107582,0.17726934401129535,-0.0020191389317476827,0.17726934401129535
Ukraine,1985,0.2028101315299333,0.18425371325963094,0.21870565096841332,0.23537371821870146,0.015895519438480027,0.23537371821870146
Ukraine,1986,0.21157740485949653,0.2116519373234335,0.2070845409491473,0.2522673049652995,-0.004492863910349226,0.2522673049652995
Ukraine,1987,0.1658717967124749,0.16879954563308355,0.15779019649607243,0.20498670107992722,-0.008081600216402474,0.20498670107992722
Ukraine,1988,0.21239933298174427,0.228263675089045,0.19321670874280944,0.26224641290654577,-0.019182624238934826,0.26224641290654577
Ukraine,1989,0.27853602348098033,0.2665226199072081,0.28788263863211866,0.2454308568023721,0.009346615151138327,0.2454308568023721
Ukraine,1990,0.33593162365818535,0.30954374934058937,0.36298168179421936,0.26362463911305384,0.027050058136034005,0.26362463911305384
Ukraine,1991,0.30643059912220866,0.30954374934058937,0.299833287011299,0.2665249419018334,-0.006597312110909637,0.2665249419018334
Ukraine,1992,0.29200479386411654,0.2964553990270076,0.2774106519140485,0.25371925685803065,-0.01459414195006803,0.25371925685803065
Ukraine,1993,0.2999666300553441,0.2618204885908843,0.3237503479856868,0.19398618098485407,0.02378371793034273,0.19398618098485407
Ukraine,1994,0.32526761210991656,0.2822440983509343,0.37229020937972573,0.25389775739921655,0.047022597269809174,0.25389775739921655
Ukraine,1995,0.3402508487089617,0.3097617696340303,0.37229020937972573,0.26103515233654767,0.03203936067076402,0.26103515233654767
Ukraine,1996,0.3506046994974954,0.3149572219188548,0.3888444419044716,0.24582938555762976,0.038239742406976196,0.24582938555762976
Ukraine,1997,0.19499523636807473,0.1772559720318971,0.2017424100183202,0.17943090976272105,0.006747173650245464,0.17943090976272105
Ukraine,1998,0.19115326925994655,0.16231037243873322,0.2162221613257516,0.14816182811361944,0.025068892065805037,0.14816182811361944
Ukraine,1999,0.25531429527676824,0.2401845495006414,0.2686039995344353,0.29296210316746174,0.013289704257667068,0.29296210316746174
Ukraine,2000,0.28243027906901,0.2805091365042762,0.278440123504151,0.3356527638680637,-0.003990155564859044,0.3356527638680637
Ukraine,2001,0.2548973487054231,0.2591727949324191,0.24770368961914876,0.3111994618751572,-0.007193659086274312,0.3111994618751572
Ukraine,2002,0.23717254271594482,0.26697226357215453,0.20863251943262873,0.2604266979543095,-0.02854002328331609,0.2604266979543095
Ukraine,2003,0.23584369877689193,0.19587148540213195,0.22886818255901104,0.15821446698688013,-0.006975516217880895,0.15821446698688013
Ukraine,2004,0.2211599166416427,0.21591602739659121,0.20976176963403034,0.22304775289514642,-0.011398147007612353,0.22304775289514642
Ukraine,2005,0.2504617718875764,0.24070693354505454,0.2567283002380261,0.24259601697597014,0.006266528350449718,0.24259601697597014
Ukraine,2006,0.28590423367299295,0.260874635379398,0.3108554527845213,0.28592764947583915,0.024951219111528367,0.28592764947583915
Ukraine,2007,0.28590423367299295,0.260874635379398,0.3108554527845213,0.27689948595053016,0.024951219111528367,0.27689948595053016
Ukraine,2008,0.34642499009091626,0.30518530380986364,0.38939463640323635,0.33418247713946125,0.04296964631232009,0.33418247713946125
Ukraine,2009,0.23988801305796673,0.21679910864822086,0.2567283002380261,0.24842791377440018,0.016840287180059393,0.24842791377440018
Ukraine,2010,0.28555226997068134,0.2482675340858632,0.32321210929594657,0.2855769899929579,0.03765983932526523,0.2855769899929579
Ukraine,2011,0.2784592392135886,0.21327324527112523,0.29547465920277993,0.3367762487735848,0.017015419989191316,0.3367762487735848
Ukraine,2012,0.2915692568690736,0.22084362005464198,0.35406112624043024,0.3192821918419831,0.062491869371356645,0.3192821918419831
Ukraine,2013,0.26546845962894455,0.1922094047733827,0.34281821136715707,0.2714114207384697,0.07734975173821251,0.2714114207384697
Ukraine,2014,0.23650854013828812,0.17703806121706514,0.2984405870138483,0.24539779840172704,0.06193204687556017,0.24539779840172704
United Kingdom,1900,0.4235942949411384,0.3683452378076761,0.48121351792813233,0.4391081993998603,0.0576192229869939,0.4391081993998603
United Kingdom,1901,0.4391081993998603,0.3683452378076761,0.5157518783291051,0.4391081993998603,0.07664367892924479,0.4391081993998603
United Kingdom,1902,0.4391081993998603,0.3683452378076761,0.5157518783291051,0.4391081993998603,0.07664367892924479,0.4391081993998603
United Kingdom,1903,0.4391081993998603,0.3683452378076761,0.5157518783291051,0.4391081993998603,0.07664367892924479,0.4391081993998603
United Kingdom,1904,0.4391081993998603,0.3683452378076761,0.5157518783291051,0.4391081993998603,0.07664367892924479,0.4391081993998603
United Kingdom,1905,0.4391081993998603,0.3683452378076761,0.5157518783291051,0.4391081993998603,0.07664367892924479,0.4391081993998603
United Kingdom,1906,0.4376111353008049,0.36597355071028975,0.5157518783291051,0.4376111353008049,0.07814074302830015,0.4376111353008049
United Kingdom,1907,0.4376111353008049,0.36597355071028975,0.5157518783291051,0.4376111353008049,0.07814074302830015,0.4376111353008049
United Kingdom,1908,0.42081368410952474,0.33708707369548946,0.5157518783291051,0.42081368410952474,0.09493819421958033,0.42081368410952474
United Kingdom,1909,0.40339611663745584,0.31134156381988354,0.5157518783291051,0.3906340648320123,0.11235576169164924,0.3906340648320123
United Kingdom,1910,0.413990721092453,0.3270566141757563,0.5157518783291051,0.3812130473604433,0.10176115723665208,0.3812130473604433
United Kingdom,1911,0.40680645025119055,0.31427847602763487,0.5157518783291051,0.37459759044094193,0.10894542807791452,0.37459759044094193
United Kingdom,1912,0.40680645025119055,0.31427847602763487,0.5157518783291051,0.37459759044094193,0.10894542807791452,0.37459759044094193
United Kingdom,1913,0.4391081993998603,0.3683452378076761,0.5157518783291051,0.4252163413531145,0.07664367892924479,0.4252163413531145
United Kingdom,1914,0.32367470898527023,0.2966789033741919,0.35,0.34470535581676004,0.026325291014729746,0.34470535581676004
United Kingdom,1915,0.28177520023183605,0.2582739864504791,0.30469269715364344,0.30008344167747136,0.02291749692180739,0.30008344167747136
United Kingdom,1916,0.278407947748086,0.25100741745527744,0.30469269715364344,0.2877996008763646,0.026284749405557417,0.2877996008763646
United Kingdom,1917,0.24150300963977966,0.25305359070942507,0.22735748497655972,0.2822661534361515,-0.014145524663219944,0.2822661534361515
United Kingdom,1918,0.2949373787554032,0.2635839730825107,0.3265615470378826,0.3032192791895752,0.03162416828247938,0.3032192791895752
United Kingdom,1919,0.32916899131794974,0.2847539904703718,0.3751207118877026,0.3319165501853641,0.04595172056975283,0.3319165501853641
United Kingdom,1920,0.3173830874170267,0.2847539904703718,0.34729429490662334,0.3319165501853641,0.029911207489596636,0.3319165501853641
United Kingdom,1921,0.27183965762402384,0.229800920962508,0.30740852297878796,0.30027039717064835,0.03556886535476411,0.30027039717064835
United Kingdom,1922,0.3298172681370577,0.2639719398864366,0.39893638525909336,0.3316861172568834,0.06911911712203567,0.3316861172568834
United Kingdom,1923,0.3298172681370577,0.2639719398864366,0.39893638525909336,0.3449201112842301,0.06911911712203567,0.3449201112842301
United Kingdom,1924,0.3501263732068616,0.30094396812902113,0.39893638525909336,0.3773824755858936,0.04881001205223179,0.3773824755858936
United Kingdom,1925,0.37026200695937256,0.30094396812902113,0.4484386023988174,0.38506247965922663,0.07817659543944483,0.38506247965922663
United Kingdom,1926,0.2573931272372226,0.20290894479469435,0.31464265445104544,0.2834791731682989,0.05724952721382287,0.2834791731682989
United Kingdom,1927,0.36178348516892006,0.2871268019512152,0.4484386023988174,0.37624504615778004,0.08665511722989733,0.37624504615778004
United Kingdom,1928,0.37026200695937256,0.30094396812902113,0.4484386023988174,0.38506247965922663,0.07817659543944483,0.38506247965922663
United Kingdom,1929,0.3580466955971669,0.30094396812902113,0.41840801071675354,0.38506247965922663,0.060361315119586645,0.38506247965922663
United Kingdom,1930,0.2833907042795729,0.23279905054267366,0.3294722970861432,0.32238416281164445,0.04608159280657026,0.32238416281164445
United Kingdom,1931,0.22360090235947908,0.18065002230321234,0.2589061478099768,0.24633667674328844,0.03530524545049771,0.24633667674328844
United Kingdom,1932,0.2516739145479975,0.20277944342223134,0.2958039891549808,0.28475787975801364,0.044130074606983316,0.28475787975801364
United Kingdom,1933,0.2763201631870043,0.21288609436980918,0.3397895557438872,0.3126440177355511,0.06346939255688289,0.3126440177355511
United Kingdom,1934,0.3246340699101374,0.2639719398864366,0.3854091637701665,0.3627269032608784,0.060775093860029106,0.3627269032608784
United Kingdom,1935,0.3246340699101374,0.2639719398864366,0.3854091637701665,0.3627269032608784,0.060775093860029106,0.3627269032608784
United Kingdom,1936,0.3246340699101374,0.2639719398864366,0.3854091637701665,0.3449201112842301,0.060775093860029106,0.3449201112842301
United Kingdom,1937,0.37026200695937256,0.30094396812902113,0.4484386023988174,0.38506247965922663,0.07817659543944483,0.38506247965922663
United Kingdom,1938,0.36430011528669765,0.31353626662246653,0.41840801071675354,0.37293419039631526,0.0541078954300559,0.37293419039631526
United Kingdom,1939,0.33529033628492017,0.2966789033741919,0.3751207118877026,0.34470535581676004,0.03983037560278241,0.34470535581676004
United Kingdom,1940,0.2635701707297933,0.24361156298690112,0.28356460436696335,0.2795350600496704,0.019994433637170073,0.2795350600496704
United Kingdom,1941,0.2635701707297933,0.24361156298690112,0.28356460436696335,0.2795350600496704,0.019994433637170073,0.2795350600496704
United Kingdom,1942,0.2635701707297933,0.24361156298690112,0.28356460436696335,0.2795350600496704,0.019994433637170073,0.2795350600496704
United Kingdom,1943,0.2629949869551911,0.2425915832849336,0.28356460436696335,0.27892503642473654,0.020569617411772267,0.27892503642473654
United Kingdom,1944,0.28774301494364013,0.2533989539845092,0.3257301945717158,0.30517209416540236,0.037987179628075685,0.30517209416540236
United Kingdom,1945,0.3205200041343889,0.27314290024538307,0.3741657386773941,0.3275176351503634,0.0536457345430052,0.3275176351503634
United Kingdom,1946,0.3637615392037044,0.32781661751124946,0.4010209093047205,0.3724314111153541,0.0372593701010161,0.3724314111153541
United Kingdom,1947,0.33864130142602433,0.32781661751124946,0.34729429490662334,0.3724314111153541,0.008652993480599003,0.3724314111153541
United Kingdom,1948,0.3582972633778168,0.34355077026657943,0.37222080897117216,0.3813627619170206,0.013923545593355346,0.3813627619170206
United Kingdom,1949,0.38005788793251444,0.34355077026657943,0.41840801071675354,0.3813627619170206,0.038350122784239105,0.3813627619170206
United Kingdom,1950,0.4015026666214278,0.35913953218735545,0.4484386023988174,0.40231765117929297,0.04693593577738958,0.40231765117929297
United Kingdom,1951,0.4113677575936439,0.37656240927586443,0.4484386023988174,0.4122027666680881,0.037070844805173475,0.4122027666680881
United Kingdom,1952,0.42123284856586,0.3946362046631841,0.4484386023988174,0.4523825909538936,0.02720575383295737,0.4523825909538936
United Kingdom,1953,0.42123284856586,0.3946362046631841,0.4484386023988174,0.4523825909538936,0.02720575383295737,0.4523825909538936
United Kingdom,1954,0.42123284856586,0.3946362046631841,0.4484386023988174,0.4523825909538936,0.02720575383295737,0.4523825909538936
United Kingdom,1955,0.42123284856586,0.3946362046631841,0.4484386023988174,0.4523825909538936,0.02720575383295737,0.4523825909538936
United Kingdom,1956,0.40692103488317394,0.3946362046631841,0.41840801071675354,0.416565244784397,0.011486975833579605,0.416565244784397
United Kingdom,1957,0.42123284856586,0.3946362046631841,0.4484386023988174,0.4380707772712075,0.02720575383295737,0.4380707772712075
United Kingdom,1958,0.3833046287223563,0.3480198764794802,0.41840801071675354,0.39198942090295624,0.03510338199439722,0.39198942090295624
United Kingdom,1959,0.42123284856586,0.3946362046631841,0.4484386023988174,0.4380707772712075,0.02720575383295737,0.4380707772712075
United Kingdom,1960,0.42123284856586,0.3946362046631841,0.4484386023988174,0.4380707772712075,0.02720575383295737,0.4380707772712075
United Kingdom,1961,0.42123284856586,0.3946362046631841,0.4484386023988174,0.4380707772712075,0.02720575383295737,0.4380707772712075
United Kingdom,1962,0.42123284856586,0.3946362046631841,0.4484386023988174,0.4380707772712075,0.02720575383295737,0.4380707772712075
United Kingdom,1963,0.42123284856586,0.3946362046631841,0.4484386023988174,0.416565244784397,0.02720575383295737,0.416565244784397
United Kingdom,1964,0.42123284856586,0.3946362046631841,0.4484386023988174,0.4380707772712075,0.02720575383295737,0.4380707772712075
United Kingdom,1965,0.42123284856586,0.3946362046631841,0.4484386023988174,0.4380707772712075,0.02720575383295737,0.4380707772712075
United Kingdom,1966,0.35513832526348327,0.31274481973429963,0.39893638525909336,0.3714006588044156,0.043798059995610095,0.3714006588044156
United Kingdom,1967,0.3441158808727347,0.31274481973429963,0.37222080897117216,0.3714006588044156,0.028104928098437454,0.3714006588044156
United Kingdom,1968,0.3345882774355748,0.31274481973429963,0.35591116789754973,0.3714006588044156,0.02132289046197494,0.3714006588044156
United Kingdom,1969,0.3345882774355748,0.31274481973429963,0.35591116789754973,0.3714006588044156,0.02132289046197494,0.3714006588044156
United Kingdom,1970,0.3282007776810473,0.29986918553006947,0.35591116789754973,0.36431038763554185,0.027710390216502456,0.36431038763554185
United Kingdom,1971,0.30431683072804866,0.2764327553907319,0.33207686170480977,0.34930595222027366,0.027760030976761108,0.34930595222027366
United Kingdom,1972,0.263700474931203,0.22966500663663528,0.29393876913398137,0.2856761343554974,0.03023829420277835,0.2856761343554974
United Kingdom,1973,0.3007447308385079,0.27002840019771623,0.33207686170480977,0.32452666147760023,0.03133213086630188,0.32452666147760023
United Kingdom,1974,0.2304642067245527,0.1923868302411147,0.2639015821545789,0.2504598641044579,0.03343737543002617,0.2504598641044579
United Kingdom,1975,0.2150307082423666,0.1923868302411147,0.22973967099940698,0.2504598641044579,0.014708962757040367,0.2504598641044579
United Kingdom,1976,0.2150307082423666,0.1923868302411147,0.22973967099940698,0.2504598641044579,0.014708962757040367,0.2504598641044579
United Kingdom,1977,0.2150307082423666,0.1923868302411147,0.22973967099940698,0.2504598641044579,0.014708962757040367,0.2504598641044579
United Kingdom,1978,0.2150307082423666,0.1923868302411147,0.22973967099940698,0.2504598641044579,0.014708962757040367,0.2504598641044579
United Kingdom,1979,0.21129288301230809,0.18482512993451428,0.22973967099940698,0.2610675150807633,0.018446787987098895,0.2610675150807633
United Kingdom,1980,0.22429519380209598,0.19215629247957203,0.24622888266898324,0.27744426305774966,0.021933688866887263,0.27744426305774966
United Kingdom,1981,0.22429519380209598,0.19215629247957203,0.24622888266898324,0.26906238894281126,0.021933688866887263,0.26906238894281126
United Kingdom,1982,0.2696841910594639,0.2320031283278006,0.29933259094191533,0.3236115416016948,0.029648399882451437,0.3236115416016948
United Kingdom,1983,0.29022462048218695,0.2529747187042377,0.32081672744377643,0.3482440663184405,0.030592106961589483,0.3482440663184405
United Kingdom,1984,0.27385013206266945,0.22146332246698752,0.32081672744377643,0.328596117699805,0.04696659538110698,0.328596117699805
United Kingdom,1985,0.2949718128675703,0.2529747187042377,0.33207686170480977,0.3482440663184405,0.037105048837239474,0.3482440663184405
United Kingdom,1986,0.3173812806915996,0.26277777952954356,0.37328278205352255,0.35386039317543155,0.055901501361922956,0.35386039317543155
United Kingdom,1987,0.34478716107008894,0.2954143447655038,0.3903884779220171,0.3843050907421068,0.04560131685192814,0.3843050907421068
United Kingdom,1988,0.36953535896948275,0.32037310568188543,0.41840801071675354,0.39782323363900846,0.04887265174727079,0.39782323363900846
United Kingdom,1989,0.37615349488824923,0.33352765014108976,0.41840801071675354,0.40494798684045663,0.04225451582850431,0.40494798684045663
United Kingdom,1990,0.323022165910447,0.295266631235178,0.34729429490662334,0.3620599205756471,0.024272128996176312,0.3620599205756471
United Kingdom,1991,0.3097096801932408,0.2717627783180949,0.34729429490662334,0.3471385992853541,0.037584614713382536,0.3471385992853541
United Kingdom,1992,0.26528092820930194,0.22918777389582023,0.2958039891549808,0.2768021392109065,0.03052306094567886,0.2768021392109065
United Kingdom,1993,0.28485451445126114,0.22918777389582023,0.34729429490662334,0.30015361263319185,0.06243978045536219,0.30015361263319185
United Kingdom,1994,0.34764631449265604,0.28497003812930966,0.41840801071675354,0.3738773560796764,0.0707616962240975,0.3738773560796764
United Kingdom,1995,0.35403823682744595,0.295266631235178,0.41840801071675354,0.3807515696788785,0.06436977388930759,0.3807515696788785
United Kingdom,1996,0.35403823682744595,0.295266631235178,0.41840801071675354,0.3807515696788785,0.06436977388930759,0.3807515696788785
United Kingdom,1997,0.40392349363508745,0.3615419739719468,0.4484386023988174,0.4222424119258865,0.04451510876372994,0.4222424119258865
United Kingdom,1998,0.4120936016635974,0.3773940909162856,0.4484386023988174,0.43078305433469294,0.03634500073522001,0.43078305433469294
United Kingdom,1999,0.4120936016635974,0.3773940909162856,0.4484386023988174,0.43078305433469294,0.03634500073522001,0.43078305433469294
United Kingdom,2000,0.4120936016635974,0.3773940909162856,0.4484386023988174,0.43078305433469294,0.03634500073522001,0.43078305433469294
United Kingdom,2001,0.3768739456183443,0.3615419739719468,0.3903884779220171,0.4122912901379507,0.013514532303672777,0.4122912901379507
United Kingdom,2002,0.3980923031729495,0.3773940909162856,0.41840801071675354,0.43406238872943553,0.020315707543804018,0.43406238872943553
United Kingdom,2003,0.36345798663902484,0.3773940909162856,0.34828515082858025,0.39587250960845327,-0.015172835810444596,0.39587250960845327
United Kingdom,2004,0.36345798663902484,0.3773940909162856,0.34828515082858025,0.4075272681974622,-0.015172835810444596,0.4075272681974622
United Kingdom,2005,0.36345798663902484,0.3773940909162856,0.34828515082858025,0.4075272681974622,-0.015172835810444596,0.4075272681974622
United Kingdom,2006,0.3770533638586106,0.3773940909162856,0.37328278205352255,0.42856620751180113,-0.003770581805088047,0.42856620751180113
United Kingdom,2007,0.3980923031729495,0.3773940909162856,0.41840801071675354,0.42856620751180113,0.020315707543804018,0.42856620751180113
United Kingdom,2008,0.24341911574791583,0.23669115481767236,0.2454647151554323,0.29401463971910685,0.002045599407516474,0.29401463971910685
United Kingdom,2009,0.21690109334485633,0.19814692894571959,0.23098316635886262,0.2688705255305269,0.014082073014006297,0.2688705255305269
United Kingdom,2010,0.2781502546883919,0.25723082694068994,0.29933259094191533,0.3163676997615773,0.02118233625352345,0.3163676997615773
United Kingdom,2011,0.26754041082304186,0.2363592886559578,0.29933259094191533,0.3043000786038307,0.03179218011887347,0.3043000786038307
United Kingdom,2012,0.2955237404750814,0.25723082694068994,0.3355181646196066,0.3163676997615773,0.0399944241445252,0.3163676997615773
United Kingdom,2013,0.3130427876153259,0.27002840019771623,0.35959946503817775,0.32452666147760023,0.046556677422851855,0.32452666147760023
United Kingdom,2014,0.3351381019238388,0.2954806277612975,0.37837363586653205,0.3523557086504785,0.04323553394269325,0.3523557086504785
United Kingdom,2015,0.3412119340239901,0.3060077885552303,0.37837363586653205,0.35874158182212756,0.03716170184254197,0.35874158182212756
United Kingdom,2016,0.3035168932600033,0.3060077885552303,0.29933259094191533,0.31836213640773176,-0.0041843023180879735,0.31836213640773176
United Kingdom,2017,0.28735738329343513,0.2933350088323012,0.27928718279099873,0.30367983518604136,-0.008070200502436398,0.30367983518604136
United Kingdom,2018,0.28735738329343513,0.2933350088323012,0.27928718279099873,0.2886009941678471,-0.008070200502436398,0.2886009941678471
United Kingdom,2019,0.27131758396179,0.2933350088323012,0.24806872555870915,0.2698940436299575,-0.023248858403080858,0.2698940436299575
United Kingdom,2020,0.18283541768986222,0.1828516101753108,0.17860571099491754,0.23528218718758806,-0.004229706694944685,0.23528218718758806
United Kingdom,2021,0.23355298575140446,0.24647447563732794,0.21870565096841332,0.29191027897373295,-0.014847334782991134,0.29191027897373295
United Kingdom,2022,0.22914888935446132,0.2363592886559578,0.21870565096841332,0.272954268478057,-0.010443238386047993,0.272954268478057
United Kingdom,2023,0.22914888935446132,0.2363592886559578,0.21870565096841332,0.28062601672738574,-0.010443238386047993,0.28062601672738574
United Kingdom,2024,0.25961003596000864,0.27002840019771623,0.24806872555870915,0.314654218141243,-0.011541310401299493,0.314654218141243
United Kingdom,2025,0.29118394390405894,0.28197762281098404,0.29933259094191533,0.32111698311341025,0.008148647037856394,0.32111698311341025
Venezuela,1970,0.3699192349541265,0.36901584565641654,0.3674919673626575,0.3635279364321434,-0.0024272675914689956,0.3635279364321434
Venezuela,1971,0.3699192349541265,0.36901584565641654,0.3674919673626575,0.3635279364321434,-0.0024272675914689956,0.3635279364321434
Venezuela,1972,0.3699192349541265,0.36901584565641654,0.3674919673626575,0.3635279364321434,-0.0024272675914689956,0.3635279364321434
Venezuela,1973,0.47117072950677813,0.46059380493554264,0.4774934554525329,0.4264505791682507,0.006322725945754781,0.4264505791682507
Venezuela,1974,0.49671161930477,0.4767303525665294,0.5157518783291051,0.4549168702379571,0.019040259024335093,0.4549168702379571
Venezuela,1975,0.4858850364429399,0.4556951530974395,0.5157518783291051,0.425228555142618,0.029866841886165174,0.425228555142618
Venezuela,1976,0.4840504082703516,0.43472296049057996,0.535723809439155,0.3873408297186356,0.05167340116880337,0.3873408297186356
Venezuela,1977,0.4060649927651136,0.36696678738231997,0.44898808820043645,0.33344872585595525,0.042923095435322856,0.33344872585595525
Venezuela,1978,0.37680750128105284,0.3508383029177519,0.4020444242489622,0.28339311430920483,0.02523692296790936,0.28339311430920483
Venezuela,1979,0.3073458724999845,0.2699694663267574,0.34729429490662334,0.2562585939040744,0.03994842240663882,0.2562585939040744
Venezuela,1980,0.29058127954209795,0.2699694663267574,0.30983866769659335,0.23227743629643594,0.019257388154495403,0.23227743629643594
Venezuela,1981,0.29058127954209795,0.2699694663267574,0.30983866769659335,0.23227743629643594,0.019257388154495403,0.23227743629643594
Venezuela,1982,0.2377929075331118,0.21681398741112742,0.25588856104415686,0.18860666332796308,0.018095653511045057,0.18860666332796308
Venezuela,1983,0.17626554255172577,0.15849187994148758,0.1876166303929372,0.15123831901811982,0.011351087841211416,0.15123831901811982
Venezuela,1984,0.26161102513938567,0.252384591710788,0.2704186519396812,0.24851959641920937,0.00880762680029551,0.24851959641920937
Venezuela,1985,0.283455623525656,0.2769687354100491,0.28982753492378877,0.257420821695166,0.006371911398132757,0.257420821695166
Venezuela,1986,0.21512798416341902,0.2064848798110653,0.22244447993596855,0.18472187635593976,0.0073164957725495305,0.18472187635593976
Venezuela,1987,0.17675608342155488,0.1797555284316554,0.1723368793961409,0.16220219926626356,-0.004419204025413986,0.16220219926626356
Venezuela,1988,0.2123806138738591,0.21434079913488435,0.2075480385655061,0.19509335614667897,-0.004832575308352988,0.19509335614667897
Venezuela,1989,0.14390395711134932,0.1221983348276679,0.16517535590149993,0.1256217001964248,0.02127139879015061,0.1256217001964248
Venezuela,1990,0.25106633626013647,0.21577255662517228,0.28146065668215037,0.19953097646087736,0.0303943204220139,0.19953097646087736
Venezuela,1991,0.2547936021225549,0.22737478347801812,0.26472499002802513,0.19949840909777253,0.009931387905470213,0.19949840909777253
Venezuela,1992,0.16173215321637055,0.1553241545248366,0.16794593847662537,0.11984289901483673,0.006213785260254817,0.11984289901483673
Venezuela,1993,0.19701960046817857,0.16390821855928042,0.23504865208995354,0.1661585856636357,0.03802905162177497,0.1661585856636357
Venezuela,1994,0.1282242300380943,0.10890261901048137,0.14379004095653825,0.10964718220954311,0.015565810918443945,0.10964718220954311
Venezuela,1995,0.1535752296320729,0.14050067170548075,0.16672882231614383,0.131111921332314,0.01315359268407093,0.131111921332314
Venezuela,1996,0.20360002398404506,0.1707160968922752,0.23841009048305803,0.17069892422641794,0.03481006649901297,0.17069892422641794
Venezuela,1997,0.24828628277995826,0.22251223748580204,0.27386127875258304,0.19561364446803461,0.025574995972624776,0.19561364446803461
Venezuela,1998,0.16249282450240068,0.18020766753770182,0.14180873743229105,0.12187746543888194,-0.02068408707010963,0.12187746543888194
Venezuela,1999,0.1841447501399193,0.2022624380836836,0.16289546341267924,0.21326066242403138,-0.021249286727240052,0.21326066242403138
Venezuela,2000,0.21345044470145658,0.21255549297431178,0.20729342647698645,0.24639629895531687,-0.006157018224470123,0.24639629895531687
Venezuela,2001,0.1810513461703224,0.21370949383574733,0.15198684153570666,0.20758203665915897,-0.02906450463461574,0.20758203665915897
Venezuela,2002,0.13185890201119058,0.17228541154649965,0.10014120092086969,0.128634849488694,-0.03171770109032089,0.128634849488694
Venezuela,2003,0.13388866189350004,0.1602255390993349,0.11063187277892146,0.1741469766452773,-0.023256789114578583,0.1741469766452773
Venezuela,2004,0.2560910234974082,0.2537365383979213,0.24819347291981714,0.30507458219806854,-0.007897550577591061,0.30507458219806854
Venezuela,2005,0.31735857711814786,0.3014941060056157,0.319784088229698,0.3243580487390368,0.0024255111115501493,0.3243580487390368
Venezuela,2006,0.31735857711814786,0.3014941060056157,0.319784088229698,0.3243580487390368,0.0024255111115501493,0.3243580487390368
Venezuela,2007,0.22051571297208283,0.2324434661592141,0.20416220409036523,0.23556374700409435,-0.016353508881717604,0.23556374700409435
Venezuela,2008,0.22932440594577377,0.23282423451246811,0.21763764082403103,0.2553488462438495,-0.011686765121742743,0.2553488462438495
Venezuela,2009,0.17644523748695937,0.1703735017617216,0.17869552719837184,0.17396718068132866,0.002250289711412473,0.17396718068132866
Venezuela,2010,0.17644523748695937,0.1703735017617216,0.17869552719837184,0.17396718068132866,0.002250289711412473,0.17396718068132866
Venezuela,2011,0.2050675822101907,0.18700042859141988,0.21763764082403103,0.19647531875019453,0.012570058613840335,0.19647531875019453
Venezuela,2012,0.2564119185393408,0.2247817761100178,0.27999999999999997,0.2276354131970261,0.02358808146065916,0.2276354131970261
Venezuela,2013,0.15360450088519084,0.14831874792939995,0.1555634918610405,0.13747557427575405,0.001958990975849645,0.13747557427575405
Venezuela,2014,0.1149792689566445,0.1119614124672833,0.11695871926776705,0.1098433931596335,0.001979450311122552,0.1098433931596335
Venezuela,2015,0.09871127122375721,0.10152625363375761,0.09367351603649639,0.08784668759268362,-0.005037755187260823,0.08784668759268362
Venezuela,2016,0.06975909487415717,0.06946177417225918,0.06945885898132467,0.07187540364809683,-0.0003002358928324983,0.07187540364809683
Venezuela,2017,0.06356751149428637,0.057631264004251344,0.06945885898132467,0.07162740101432946,0.005891347487038304,0.07162740101432946
Venezuela,2018,0.05257599948760378,0.04987465972212143,0.05305007982786393,0.06165367458968244,0.00047408034026014817,0.06165367458968244
Venezuela,2019,0.08354638074233443,0.07122382187618645,0.09536403619322324,0.07368397311667008,0.011817655450888809,0.07368397311667008
Venezuela,2020,0.05928328986652779,0.05616492444767005,0.05845834077457363,0.0654960957546208,-0.000824949091954158,0.0654960957546208
Venezuela,2021,0.10180767523516032,0.09216531881324513,0.11215817241569599,0.0969622036380281,0.01035049718053567,0.0969622036380281
Venezuela,2022,0.15307410250333084,0.14413743807491175,0.1562364875555227,0.1305911441110808,0.0031623850521918517,0.1305911441110808
Venezuela,2023,0.10848497641800174,0.0964285897075109,0.12165261845120354,0.0863801214051847,0.013167642033201796,0.0863801214051847
Venezuela,2024,0.11078482878280933,0.08738174814957533,0.1339600969935128,0.0856779258479518,0.023175268210703467,0.0856779258479518
Venezuela,2025,0.06367995653503945,0.051055512754639897,0.07578582832551992,0.06488880475363208,0.012105871790480463,0.06488880475363208
