Society,Year,Rupture_Incoming,Is_Rupture_Year,Mean_S,Mean_K,SK_Ratio,Mean_NodeValue,Mean_BondStrength,Archive_V,Archive_S,Helm_V,Reactivity_Ratio,Cog_Gap
Afghanistan,1900,0,0,5.75,3.75,1.533,3.812,0.1698,6.0,5.0,4.5,1.173,4.233
Afghanistan,1901,0,0,5.75,3.75,1.533,3.812,0.1698,6.0,5.0,4.5,1.173,4.233
Afghanistan,1902,0,0,5.75,3.75,1.533,3.812,0.1698,6.0,5.0,4.5,1.173,4.233
Afghanistan,1903,0,0,5.75,3.75,1.533,3.812,0.1698,6.0,5.0,4.5,1.173,4.233
Afghanistan,1904,0,0,5.75,3.75,1.533,3.812,0.1698,6.0,5.0,4.5,1.173,4.233
Afghanistan,1905,0,0,5.75,3.75,1.533,3.812,0.1698,6.0,5.0,4.5,1.173,4.233
Afghanistan,1906,0,0,5.75,3.75,1.533,3.812,0.1698,6.0,5.0,4.5,1.173,4.233
Afghanistan,1907,0,0,5.75,3.75,1.533,3.812,0.1698,6.0,5.0,4.5,1.173,4.233
Afghanistan,1908,0,0,5.75,3.75,1.533,3.812,0.1698,6.0,5.0,4.5,1.173,4.233
Afghanistan,1909,0,0,5.75,3.75,1.533,3.812,0.1698,6.0,5.0,4.5,1.173,4.233
Afghanistan,1910,0,0,5.75,3.75,1.533,3.812,0.1698,6.0,5.0,4.5,1.173,4.233
Afghanistan,1911,0,0,5.75,3.75,1.533,3.812,0.1698,6.0,5.0,4.5,1.173,4.233
Afghanistan,1912,0,0,5.75,3.75,1.533,3.812,0.1698,6.0,5.0,4.5,1.173,4.233
Afghanistan,1913,0,0,5.75,3.75,1.533,3.812,0.1698,6.0,5.0,4.5,1.173,4.233
Afghanistan,1914,0,0,5.75,3.75,1.533,3.812,0.1698,6.0,5.0,4.5,1.173,4.233
Afghanistan,1915,0,0,5.75,3.75,1.533,3.812,0.1698,6.0,5.0,4.5,1.173,4.233
Afghanistan,1916,0,0,5.75,3.75,1.533,3.812,0.1698,6.0,5.0,4.5,1.173,4.233
Afghanistan,1917,0,0,5.75,3.75,1.533,3.812,0.1698,6.0,5.0,4.5,1.173,4.233
Afghanistan,1918,0,0,5.75,3.75,1.533,3.812,0.1698,6.0,5.0,4.5,1.173,4.233
Afghanistan,1919,0,0,6.75,3.5,1.929,2.188,0.1408,4.0,6.0,3.0,1.146,4.033
Afghanistan,1920,0,0,6.75,3.5,1.929,2.188,0.1408,4.0,6.0,3.0,1.146,4.033
Afghanistan,1921,0,0,5.75,3.875,1.484,4.0,0.1743,6.0,5.0,4.0,1.173,2.667
Afghanistan,1922,0,0,4.75,4.625,1.027,6.688,0.2299,9.5,4.0,7.0,1.212,3.767
Afghanistan,1923,0,0,4.75,4.625,1.027,6.688,0.2299,9.5,4.0,7.0,1.212,3.767
Afghanistan,1924,0,0,4.75,4.625,1.027,6.688,0.2299,9.5,4.0,7.0,1.212,3.767
Afghanistan,1925,0,0,4.75,4.625,1.027,6.688,0.2299,9.5,4.0,7.0,1.212,3.767
Afghanistan,1926,1,0,4.75,4.625,1.027,6.812,0.2352,9.5,4.0,7.0,1.212,3.7
Afghanistan,1927,1,0,4.75,4.625,1.027,6.812,0.2352,9.5,4.0,7.0,1.212,3.7
Afghanistan,1928,1,0,5.75,3.75,1.533,4.0,0.1783,6.5,5.0,4.0,1.173,4.267
Afghanistan,1929,0,1,6.75,2.75,2.455,1.0,0.1313,3.5,6.0,1.0,1.146,4.267
Afghanistan,1930,0,0,5.75,3.75,1.533,4.0,0.1783,6.5,5.0,4.0,1.173,4.267
Afghanistan,1931,0,0,5.75,3.75,1.533,4.0,0.1783,6.5,5.0,4.0,1.173,4.267
Afghanistan,1932,0,0,5.75,3.75,1.533,4.0,0.1783,6.5,5.0,4.0,1.173,4.267
Afghanistan,1933,0,0,5.75,3.75,1.533,4.0,0.1783,6.5,5.0,4.0,1.173,4.267
Afghanistan,1934,0,0,5.75,3.75,1.533,4.0,0.1783,6.5,5.0,4.0,1.173,4.267
Afghanistan,1935,0,0,5.75,3.75,1.533,4.0,0.1783,6.5,5.0,4.0,1.173,4.267
Afghanistan,1936,0,0,5.75,3.75,1.533,4.0,0.1783,6.5,5.0,4.0,1.173,4.267
Afghanistan,1937,0,0,5.75,3.75,1.533,4.0,0.1783,6.5,5.0,4.0,1.173,4.267
Afghanistan,1938,0,0,5.75,3.75,1.533,4.0,0.1783,6.5,5.0,4.0,1.173,4.267
Afghanistan,1939,0,0,5.75,3.75,1.533,4.0,0.1783,6.5,5.0,4.0,1.173,4.267
Afghanistan,1940,0,0,5.75,3.75,1.533,4.0,0.1783,6.5,5.0,4.0,1.173,4.267
Afghanistan,1941,0,0,5.75,3.75,1.533,4.0,0.1783,6.5,5.0,4.0,1.173,4.267
Afghanistan,1942,0,0,5.75,3.75,1.533,4.0,0.1783,6.5,5.0,4.0,1.173,4.267
Afghanistan,1943,0,0,5.75,3.75,1.533,4.0,0.1783,6.5,5.0,4.0,1.173,4.267
Afghanistan,1944,0,0,5.75,3.75,1.533,4.0,0.1783,6.5,5.0,4.0,1.173,4.267
Afghanistan,1945,0,0,5.75,4.75,1.211,5.938,0.2047,8.5,5.0,6.0,1.173,3.9
Afghanistan,1946,0,0,5.75,4.75,1.211,5.938,0.2047,8.5,5.0,6.0,1.173,3.9
Afghanistan,1947,0,0,5.75,4.75,1.211,5.938,0.2047,8.5,5.0,6.0,1.173,3.9
Afghanistan,1948,0,0,5.75,4.75,1.211,5.938,0.2047,8.5,5.0,6.0,1.173,3.9
Afghanistan,1949,0,0,5.75,4.75,1.211,5.938,0.2047,8.5,5.0,6.0,1.173,3.9
Afghanistan,1950,0,0,5.75,4.75,1.211,5.938,0.2047,8.5,5.0,6.0,1.173,3.9
Afghanistan,1951,0,0,5.75,4.75,1.211,5.938,0.2047,8.5,5.0,6.0,1.173,3.9
Afghanistan,1952,0,0,5.75,4.75,1.211,5.938,0.2047,8.5,5.0,6.0,1.173,3.9
Afghanistan,1953,0,0,5.75,4.75,1.211,5.938,0.2047,8.5,5.0,6.0,1.173,3.9
Afghanistan,1954,0,0,5.75,4.75,1.211,5.938,0.2047,8.5,5.0,6.0,1.173,3.9
Afghanistan,1955,0,0,5.75,4.75,1.211,5.938,0.2047,8.5,5.0,6.0,1.173,3.9
Afghanistan,1956,0,0,5.75,4.75,1.211,5.938,0.2047,8.5,5.0,6.0,1.173,3.9
Afghanistan,1957,0,0,5.75,4.75,1.211,5.938,0.2047,8.5,5.0,6.0,1.173,3.9
Afghanistan,1958,0,0,5.75,4.75,1.211,5.938,0.2047,8.5,5.0,6.0,1.173,3.9
Afghanistan,1959,0,0,5.75,4.75,1.211,5.938,0.2047,8.5,5.0,6.0,1.173,3.9
Afghanistan,1960,0,0,5.75,4.75,1.211,5.938,0.2047,8.5,5.0,6.0,1.173,3.9
Afghanistan,1961,0,0,5.75,4.75,1.211,5.938,0.2047,8.5,5.0,6.0,1.173,3.9
Afghanistan,1962,0,0,5.75,4.75,1.211,5.938,0.2047,8.5,5.0,6.0,1.173,3.9
Afghanistan,1963,0,0,5.75,4.75,1.211,5.938,0.2047,8.5,5.0,6.0,1.173,3.9
Afghanistan,1964,0,0,4.75,4.75,1.0,6.938,0.2352,9.5,4.0,7.0,1.212,3.9
Afghanistan,1965,0,0,4.75,4.75,1.0,6.938,0.2352,9.5,4.0,7.0,1.212,3.9
Afghanistan,1966,0,0,4.75,4.75,1.0,6.938,0.2352,9.5,4.0,7.0,1.212,3.9
Afghanistan,1967,0,0,4.75,4.75,1.0,6.938,0.2352,9.5,4.0,7.0,1.212,3.9
Afghanistan,1968,0,0,4.75,4.75,1.0,6.938,0.2352,9.5,4.0,7.0,1.212,3.9
Afghanistan,1969,0,0,4.75,5.625,0.844,8.812,0.2665,11.5,4.0,9.0,1.212,3.7
Afghanistan,1970,1,0,4.75,5.625,0.844,8.812,0.2665,11.5,4.0,9.0,1.212,3.7
Afghanistan,1971,1,0,4.75,5.625,0.844,8.812,0.2665,11.5,4.0,9.0,1.212,3.7
Afghanistan,1972,1,0,4.75,5.625,0.844,8.812,0.2665,11.5,4.0,9.0,1.212,3.7
Afghanistan,1973,0,1,4.75,5.625,0.844,8.812,0.2665,11.5,4.0,9.0,1.212,3.7
Afghanistan,1974,0,0,5.75,4.5,1.278,5.5,0.1989,8.5,5.0,6.0,1.173,4.533
Afghanistan,1975,1,0,5.75,4.5,1.278,5.5,0.1989,8.5,5.0,6.0,1.173,4.533
Afghanistan,1976,1,0,5.75,4.5,1.278,5.5,0.1989,8.5,5.0,6.0,1.173,4.533
Afghanistan,1977,1,0,6.75,3.625,1.862,2.625,0.1493,5.5,6.0,3.0,1.146,4.733
Afghanistan,1978,0,1,7.75,2.625,2.952,-0.25,0.1114,2.5,7.0,0.0,1.126,4.933
Afghanistan,1979,0,0,7.75,2.625,2.952,-0.25,0.1114,2.5,7.0,0.0,1.126,4.933
Afghanistan,1980,0,0,7.75,2.625,2.952,-0.25,0.1114,2.5,7.0,0.0,1.126,4.933
Afghanistan,1981,0,0,7.75,2.625,2.952,-0.25,0.1114,2.5,7.0,0.0,1.126,4.933
Afghanistan,1982,0,0,8.75,2.125,4.118,-2.375,0.0851,-0.5,8.0,-1.0,1.111,4.733
Afghanistan,1983,0,0,8.75,2.125,4.118,-2.375,0.0851,-0.5,8.0,-1.0,1.111,4.733
Afghanistan,1984,0,0,8.0,2.625,3.048,-0.75,0.103,1.5,7.0,0.0,1.216,5.733
Afghanistan,1985,0,0,8.0,2.625,3.048,-0.75,0.103,1.5,7.0,0.0,1.216,5.733
Afghanistan,1986,0,0,8.0,2.625,3.048,-0.75,0.103,1.5,7.0,0.0,1.216,5.733
Afghanistan,1987,0,0,8.0,2.625,3.048,-0.75,0.103,1.5,7.0,0.0,1.216,5.733
Afghanistan,1988,0,0,8.0,2.625,3.048,-0.75,0.103,1.5,7.0,0.0,1.216,5.733
Afghanistan,1989,1,0,8.0,2.625,3.048,-0.75,0.103,1.5,7.0,0.0,1.216,5.733
Afghanistan,1990,1,0,8.0,2.625,3.048,-0.75,0.103,1.5,7.0,0.0,1.216,5.733
Afghanistan,1991,1,0,8.0,2.625,3.048,-0.75,0.103,1.5,7.0,0.0,1.216,5.733
Afghanistan,1992,0,1,8.0,2.625,3.048,-0.75,0.103,1.5,7.0,0.0,1.216,5.733
Afghanistan,1993,0,0,8.0,2.625,3.048,-0.75,0.103,1.5,7.0,0.0,1.216,5.733
Afghanistan,1994,0,0,8.0,2.625,3.048,-0.75,0.103,1.5,7.0,0.0,1.216,5.733
Afghanistan,1995,0,0,8.0,2.625,3.048,-0.75,0.103,1.5,7.0,0.0,1.216,5.733
Afghanistan,1996,0,0,8.875,1.75,5.071,-3.375,0.0756,-1.5,8.0,-3.0,1.151,4.733
Afghanistan,1997,0,0,8.875,1.75,5.071,-3.375,0.0756,-1.5,8.0,-3.0,1.151,4.733
Afghanistan,1998,1,0,8.875,1.75,5.071,-3.375,0.0756,-1.5,8.0,-3.0,1.151,4.733
Afghanistan,1999,1,0,8.875,1.75,5.071,-3.375,0.0756,-1.5,8.0,-3.0,1.151,4.733
Afghanistan,2000,1,0,8.875,1.75,5.071,-3.375,0.0756,-1.5,8.0,-3.0,1.151,4.733
Afghanistan,2001,0,1,9.625,1.125,8.556,-5.375,0.0585,-4.5,9.0,-6.0,1.064,2.067
Afghanistan,2002,0,0,8.75,2.0,4.375,-2.75,0.0817,-1.5,8.0,-3.0,1.111,3.067
Afghanistan,2003,0,0,8.75,2.0,4.375,-2.75,0.0817,-1.5,8.0,-3.0,1.111,3.067
Afghanistan,2004,0,0,7.75,3.0,2.583,0.25,0.1147,1.5,7.0,0.0,1.126,3.067
Afghanistan,2005,0,0,7.75,3.0,2.583,0.25,0.1147,1.5,7.0,0.0,1.126,3.067
Afghanistan,2006,0,0,7.75,3.0,2.583,0.25,0.1147,1.5,7.0,0.0,1.126,3.067
Afghanistan,2007,0,0,7.75,3.0,2.583,0.25,0.1147,1.5,7.0,0.0,1.126,3.067
Afghanistan,2008,0,0,7.75,3.0,2.583,0.25,0.1147,1.5,7.0,0.0,1.126,3.067
Afghanistan,2009,0,0,7.75,3.0,2.583,0.25,0.1147,1.5,7.0,0.0,1.126,3.067
Afghanistan,2010,0,0,7.75,3.0,2.583,0.25,0.1147,1.5,7.0,0.0,1.126,3.067
Afghanistan,2011,0,0,7.75,3.0,2.583,0.25,0.1147,1.5,7.0,0.0,1.126,3.067
Afghanistan,2012,0,0,7.75,3.0,2.583,0.25,0.1147,1.5,7.0,0.0,1.126,3.067
Afghanistan,2013,0,0,7.75,3.0,2.583,0.25,0.1147,1.5,7.0,0.0,1.126,3.067
Afghanistan,2014,0,0,7.75,3.0,2.583,0.25,0.1147,1.5,7.0,0.0,1.126,3.067
Afghanistan,2015,0,0,7.75,3.0,2.583,0.25,0.1147,1.5,7.0,0.0,1.126,3.067
Afghanistan,2016,0,0,7.75,3.0,2.583,0.25,0.1147,1.5,7.0,0.0,1.126,3.067
Afghanistan,2017,0,0,7.75,3.0,2.583,0.25,0.1147,1.5,7.0,0.0,1.126,3.067
Afghanistan,2018,1,0,7.75,3.0,2.583,0.25,0.1147,1.5,7.0,0.0,1.126,3.067
Afghanistan,2019,1,0,7.75,3.0,2.583,0.25,0.1147,1.5,7.0,0.0,1.126,3.067
Afghanistan,2020,1,0,7.75,3.0,2.583,0.25,0.1147,1.5,7.0,0.0,1.126,3.067
Afghanistan,2021,0,1,8.75,2.0,4.375,-2.75,0.0817,-1.5,8.0,-3.0,1.111,3.067
Afghanistan,2022,0,0,8.75,2.0,4.375,-2.75,0.0817,-1.5,8.0,-3.0,1.111,3.067
Afghanistan,2023,0,0,8.75,2.0,4.375,-2.75,0.0817,-1.5,8.0,-3.0,1.111,3.067
Afghanistan,2024,0,0,8.75,2.0,4.375,-2.75,0.0817,-1.5,8.0,-3.0,1.111,3.067
Afghanistan,2025,0,0,8.75,2.0,4.375,-2.75,0.0817,-1.5,8.0,-3.0,1.111,3.067
Argentina,1950,0,0,4.1,5.55,0.739,9.725,0.31,8.5,4.0,12.2,1.013,1.213
Argentina,1951,0,0,4.125,5.575,0.74,9.725,0.309,8.5,4.0,12.2,1.029,1.213
Argentina,1952,1,0,5.375,5.25,1.024,7.412,0.2376,7.5,5.0,8.5,1.09,1.727
Argentina,1953,1,0,5.325,5.05,1.054,6.888,0.2269,7.5,5.0,7.1,1.023,1.047
Argentina,1954,1,0,5.175,5.025,1.03,6.912,0.2286,7.5,5.0,7.1,0.987,0.767
Argentina,1955,0,1,7.3,4.0,1.825,1.763,0.1228,1.2,7.6,0.1,0.895,-1.5
Argentina,1956,0,0,6.0,4.375,1.371,4.55,0.1788,4.0,6.0,3.0,0.914,-0.4
Argentina,1957,0,0,5.175,4.975,1.04,7.062,0.2361,7.2,5.0,5.8,0.947,-0.54
Argentina,1958,0,0,5.0,5.0,1.0,7.5,0.25,7.5,5.0,7.5,1.0,0.0
Argentina,1959,0,0,5.425,4.9,1.107,6.45,0.2192,7.5,5.0,6.5,1.012,0.827
Argentina,1960,0,0,5.0,5.0,1.0,7.5,0.25,7.5,5.0,7.5,1.0,0.0
Argentina,1961,0,0,5.0,5.0,1.0,7.5,0.25,7.5,5.0,7.5,1.0,0.0
Argentina,1962,0,0,7.05,3.975,1.774,2.675,0.1443,3.0,7.0,-0.9,0.93,0.173
Argentina,1963,1,0,5.25,5.0,1.05,6.925,0.2308,7.5,5.0,5.0,0.926,-0.76
Argentina,1964,1,0,5.0,5.0,1.0,7.5,0.25,7.5,5.0,7.5,1.0,0.0
Argentina,1965,1,0,5.0,5.0,1.0,7.5,0.25,7.5,5.0,7.5,1.0,0.0
Argentina,1966,0,1,5.5,4.85,1.134,6.262,0.2149,6.1,5.0,3.2,0.952,-0.113
Argentina,1967,0,0,5.125,5.125,1.0,7.575,0.248,7.5,5.0,6.1,0.962,0.12
Argentina,1968,0,0,5.425,5.05,1.074,7.012,0.2327,7.5,5.0,5.1,1.053,1.087
Argentina,1969,0,0,6.25,4.85,1.289,5.088,0.1817,4.8,6.0,3.2,1.022,0.247
Argentina,1970,0,0,6.525,4.3,1.517,4.1,0.1705,4.0,6.0,3.0,1.019,-0.107
Argentina,1971,0,0,6.75,4.25,1.588,3.725,0.1628,3.6,6.4,2.4,1.012,0.04
Argentina,1972,0,0,7.35,3.95,1.861,2.088,0.1315,3.0,7.0,-0.2,1.011,1.153
Argentina,1973,1,0,5.375,4.9,1.097,6.838,0.2321,7.5,5.0,6.5,0.893,-1.06
Argentina,1974,1,0,6.325,4.75,1.332,4.562,0.1705,4.8,6.0,3.2,0.92,-1.18
Argentina,1975,1,0,8.025,3.4,2.36,0.013,0.1016,-0.3,8.0,-1.7,0.93,-1.26
Argentina,1976,0,1,7.625,4.4,1.733,2.338,0.1267,-0.5,8.0,2.5,1.009,1.607
Argentina,1977,0,0,7.25,4.375,1.657,2.962,0.1399,-0.5,8.0,5.0,1.095,2.607
Argentina,1978,0,0,6.575,4.525,1.453,4.388,0.1697,0.7,7.0,6.5,1.073,1.473
Argentina,1979,0,0,6.15,4.9,1.255,5.312,0.1837,3.5,6.0,6.9,1.142,2.633
Argentina,1980,0,0,6.25,4.925,1.269,5.3,0.1849,4.0,6.0,7.3,1.207,3.147
Argentina,1981,0,0,7.125,4.525,1.575,3.15,0.1418,3.0,7.0,3.6,1.127,2.907
Argentina,1982,0,0,8.125,3.7,2.196,0.35,0.1021,-0.3,8.0,-1.6,1.042,2.16
Argentina,1983,0,0,5.925,4.575,1.295,5.363,0.1968,6.5,6.0,6.5,0.967,0.687
Argentina,1984,0,0,5.0,5.375,0.93,8.062,0.2555,10.0,5.0,10.0,1.0,0.9
Argentina,1985,0,0,5.2,5.35,0.972,7.613,0.2415,10.0,5.0,10.0,1.085,1.993
Argentina,1986,0,0,4.9,5.375,0.912,8.312,0.2641,10.0,5.0,10.0,1.033,1.3
Argentina,1987,0,0,5.7,4.95,1.152,6.0,0.2044,7.7,5.0,6.5,0.991,0.693
Argentina,1988,0,0,6.625,4.525,1.464,3.412,0.1463,5.3,6.0,3.4,1.01,1.193
Argentina,1989,0,0,8.25,3.275,2.519,-1.238,0.0796,0.7,7.0,-3.0,1.154,2.553
Argentina,1990,0,0,6.375,4.875,1.308,4.312,0.1601,5.0,6.0,4.0,1.075,1.3
Argentina,1991,0,0,5.0,5.5,0.909,7.625,0.2369,7.5,5.0,8.5,1.0,-0.067
Argentina,1992,0,0,5.0,5.5,0.909,7.688,0.2393,7.5,5.0,9.0,1.0,0.033
Argentina,1993,0,0,4.5,5.5,0.818,8.925,0.283,7.5,5.0,9.4,0.833,-1.72
Argentina,1994,0,0,4.5,5.5,0.818,8.875,0.2815,7.5,5.0,9.0,0.833,-1.8
Argentina,1995,0,0,4.625,5.5,0.841,9.0,0.2846,7.5,5.0,10.0,0.903,-1.067
Argentina,1996,0,0,4.5,5.5,0.818,9.125,0.2898,7.5,5.0,11.0,0.942,-0.867
Argentina,1997,0,0,4.25,5.525,0.769,9.4,0.2996,8.5,4.0,11.0,1.032,-0.427
Argentina,1998,1,0,4.875,5.425,0.899,8.3,0.2634,7.5,5.0,9.0,0.933,-0.693
Argentina,1999,1,0,5.525,5.025,1.1,6.312,0.2118,7.5,5.0,5.3,1.042,0.66
Argentina,2000,1,0,6.625,4.3,1.541,3.262,0.1482,4.0,6.0,2.0,1.01,0.953
Argentina,2001,0,1,8.45,3.375,2.504,-1.262,0.0784,-0.5,8.0,-3.0,1.108,2.513
Argentina,2002,0,0,7.575,3.75,2.02,0.488,0.0998,1.5,7.0,0.5,1.02,2.113
Argentina,2003,0,0,6.0,4.75,1.263,4.75,0.1733,5.0,6.0,6.5,1.0,1.467
Argentina,2004,0,0,5.125,5.0,1.025,7.0,0.2332,7.5,5.0,8.5,0.962,0.533
Argentina,2005,0,0,5.0,5.45,0.917,7.888,0.247,7.5,5.0,9.5,1.0,-0.447
Argentina,2006,0,0,5.0,5.525,0.905,7.962,0.247,7.5,5.0,9.5,1.0,-0.327
Argentina,2007,0,0,4.425,5.5,0.805,8.512,0.268,7.5,5.0,10.3,0.876,-0.94
Argentina,2008,0,0,5.375,5.05,1.064,6.462,0.2145,7.5,5.0,6.9,0.988,0.313
Argentina,2009,0,0,5.375,5.0,1.075,6.375,0.2132,7.5,5.0,6.5,0.988,0.333
Argentina,2010,0,0,5.0,5.25,0.952,7.562,0.2434,7.5,5.0,8.5,1.0,-0.433
Argentina,2011,0,0,5.0,5.25,0.952,7.562,0.2434,7.5,5.0,8.5,1.0,-0.433
Argentina,2012,0,0,5.625,5.0,1.125,5.938,0.2,6.0,5.0,6.5,0.937,-0.26
Argentina,2013,0,0,6.05,4.875,1.241,4.988,0.1778,5.0,6.0,4.9,0.969,0.247
Argentina,2014,0,0,6.425,4.525,1.42,3.838,0.1566,5.0,6.0,3.2,0.977,0.54
Argentina,2015,0,0,5.625,4.925,1.142,5.988,0.2045,7.2,5.0,6.3,1.012,0.46
Argentina,2016,0,0,5.125,4.875,1.051,6.65,0.2254,7.5,5.0,7.1,1.003,0.347
Argentina,2017,0,0,5.0,5.0,1.0,7.275,0.2422,7.5,5.0,7.5,1.0,-0.2
Argentina,2018,0,0,6.5,4.525,1.436,3.462,0.1471,5.0,6.0,3.2,1.042,1.273
Argentina,2019,0,0,6.55,4.05,1.617,2.938,0.146,4.0,6.0,3.0,1.029,1.393
Argentina,2020,0,0,6.55,4.5,1.456,3.388,0.1465,5.0,6.0,4.0,1.115,2.22
Argentina,2021,0,0,6.475,4.625,1.4,3.775,0.1527,5.0,6.0,4.0,1.048,0.973
Argentina,2022,0,0,7.5,3.75,2.0,1.312,0.1192,1.5,7.0,0.5,1.036,1.033
Argentina,2023,0,0,8.0,3.675,2.177,0.15,0.0983,1.5,7.0,-0.7,1.054,1.413
Argentina,2024,0,0,7.5,3.875,1.935,1.625,0.1234,1.5,7.0,2.0,1.036,1.533
Argentina,2025,0,0,7.3,4.075,1.791,2.1,0.1287,1.5,7.0,2.4,1.007,0.853
Australia,1900,0,0,3.975,5.1,0.779,8.712,0.29,11.4,3.0,11.0,1.123,1.033
Australia,1901,0,0,3.725,5.6,0.665,10.587,0.3448,12.4,3.0,12.0,1.093,1.1
Australia,1902,0,0,3.475,5.6,0.621,10.65,0.3497,12.4,3.0,11.0,0.907,-0.933
Australia,1903,0,0,3.475,5.6,0.621,10.65,0.3497,12.4,3.0,11.0,0.907,-0.933
Australia,1904,0,0,3.475,5.6,0.621,10.65,0.3497,12.4,3.0,11.0,0.907,-0.933
Australia,1905,0,0,3.475,5.6,0.621,10.65,0.3497,12.4,3.0,11.0,0.907,-0.933
Australia,1906,0,0,3.475,5.6,0.621,10.65,0.3497,12.4,3.0,11.0,0.907,-0.933
Australia,1907,0,0,3.475,5.6,0.621,10.65,0.3497,12.4,3.0,11.0,0.907,-0.933
Australia,1908,0,0,3.475,5.6,0.621,10.65,0.3497,12.4,3.0,11.0,0.907,-0.933
Australia,1909,0,0,3.475,5.6,0.621,10.65,0.3497,12.4,3.0,11.0,0.907,-0.933
Australia,1910,0,0,3.475,5.6,0.621,10.65,0.3497,12.4,3.0,11.0,0.907,-0.933
Australia,1911,0,0,3.475,5.6,0.621,10.65,0.3497,12.4,3.0,11.0,0.907,-0.933
Australia,1912,0,0,3.475,5.6,0.621,10.65,0.3497,12.4,3.0,11.0,0.907,-0.933
Australia,1913,0,0,3.475,5.6,0.621,10.65,0.3497,12.4,3.0,11.0,0.907,-0.933
Australia,1914,0,0,5.6,5.6,1.0,7.65,0.2343,7.9,5.0,5.5,0.908,-0.4
Australia,1915,0,0,5.6,5.6,1.0,7.65,0.2343,7.9,5.0,5.5,0.908,-0.4
Australia,1916,0,0,6.1,5.6,1.089,7.15,0.22,7.9,5.0,3.5,0.875,-0.667
Australia,1917,0,0,6.1,5.6,1.089,7.15,0.22,7.9,5.0,3.5,0.875,-0.667
Australia,1918,0,0,5.6,5.6,1.0,7.65,0.2343,7.9,5.0,5.5,0.908,-0.4
Australia,1919,0,0,4.6,4.85,0.948,7.525,0.2562,9.9,3.0,7.5,1.0,-0.6
Australia,1920,0,0,4.475,4.725,0.947,7.525,0.2602,9.9,3.0,5.5,1.045,-0.067
Australia,1921,0,0,4.225,4.975,0.849,8.025,0.2692,9.9,3.0,7.5,1.016,-0.333
Australia,1922,0,0,4.225,4.975,0.849,8.025,0.2692,9.9,3.0,7.5,1.016,-0.333
Australia,1923,0,0,4.225,4.975,0.849,8.025,0.2692,9.9,3.0,7.5,1.016,-0.333
Australia,1924,0,0,4.225,4.975,0.849,8.025,0.2692,9.9,3.0,7.5,1.016,-0.333
Australia,1925,0,0,4.225,4.975,0.849,8.025,0.2692,9.9,3.0,7.5,1.016,-0.333
Australia,1926,0,0,4.225,4.975,0.849,8.025,0.2692,9.9,3.0,7.5,1.016,-0.333
Australia,1927,0,0,4.225,4.975,0.849,8.025,0.2692,9.9,3.0,7.5,1.016,-0.333
Australia,1928,0,0,4.475,4.975,0.899,7.65,0.2568,9.9,3.0,6.5,1.045,0.133
Australia,1929,0,0,7.75,2.775,2.793,-0.025,0.1145,5.4,5.0,-2.3,1.269,2.84
Australia,1930,0,0,7.725,2.775,2.784,-0.0,0.1149,5.4,5.0,-2.3,1.345,3.84
Australia,1931,0,0,7.75,2.775,2.793,-0.375,0.1072,5.4,5.0,-3.1,1.269,2.813
Australia,1932,0,0,7.65,3.125,2.448,0.425,0.1158,5.4,5.0,-0.7,1.387,3.56
Australia,1933,0,0,7.175,3.375,2.126,1.15,0.1229,5.4,5.0,-0.7,1.198,1.627
Australia,1934,0,0,4.725,4.975,0.95,7.212,0.2396,8.9,4.0,7.0,1.197,1.033
Australia,1935,0,0,4.725,4.975,0.95,7.212,0.2396,8.9,4.0,7.0,1.197,1.033
Australia,1936,0,0,4.725,4.975,0.95,7.212,0.2396,8.9,4.0,7.0,1.197,1.033
Australia,1937,0,0,4.725,4.975,0.95,7.212,0.2396,8.9,4.0,7.0,1.197,1.033
Australia,1938,0,0,4.725,4.975,0.95,7.212,0.2396,8.9,4.0,7.0,1.197,1.033
Australia,1939,0,0,5.225,5.475,0.954,8.212,0.2558,7.9,5.0,7.5,0.914,-0.3
Australia,1940,0,0,5.225,5.475,0.954,8.212,0.2558,7.9,5.0,7.5,0.914,-0.3
Australia,1941,0,0,5.225,5.475,0.954,8.212,0.2558,7.9,5.0,7.5,0.914,-0.3
Australia,1942,0,0,6.1,6.225,0.98,7.837,0.2223,7.9,5.0,8.5,0.798,-1.433
Australia,1943,0,0,5.85,6.1,0.959,8.087,0.2323,7.9,5.0,8.5,0.849,-1.033
Australia,1944,0,0,4.1,6.6,0.621,11.837,0.349,11.4,4.0,14.5,0.937,0.433
Australia,1945,0,0,3.975,6.6,0.602,11.775,0.3485,11.4,4.0,13.0,0.983,0.333
Australia,1946,0,0,3.85,5.85,0.658,10.712,0.3392,12.4,3.0,10.0,0.9,-0.833
Australia,1947,0,0,3.975,5.85,0.679,10.587,0.3338,12.4,3.0,9.0,0.857,-1.033
Australia,1948,0,0,4.1,5.85,0.701,10.462,0.3286,12.4,3.0,9.0,0.818,-1.233
Australia,1949,0,0,4.1,5.85,0.701,10.462,0.328,12.4,3.0,9.0,0.937,-0.7
Australia,1950,0,0,3.175,6.375,0.498,12.312,0.3883,12.4,3.0,12.0,0.853,-0.62
Australia,1951,0,0,3.425,6.375,0.537,12.062,0.3761,12.4,3.0,11.0,0.762,-1.02
Australia,1952,0,0,3.3,6.375,0.518,12.188,0.3826,12.4,3.0,12.0,0.805,-0.82
Australia,1953,0,0,3.175,6.375,0.498,12.312,0.3883,12.4,3.0,12.0,0.853,-0.62
Australia,1954,0,0,3.05,6.375,0.478,12.438,0.3943,12.4,3.0,12.0,0.907,-0.42
Australia,1955,0,0,3.05,6.375,0.478,12.438,0.3943,12.4,3.0,12.0,0.907,-0.42
Australia,1956,0,0,3.05,6.375,0.478,12.438,0.3943,12.4,3.0,12.0,0.907,-0.42
Australia,1957,0,0,3.05,6.375,0.478,12.438,0.3943,12.4,3.0,12.0,0.907,-0.42
Australia,1958,0,0,3.05,6.375,0.478,12.438,0.3943,12.4,3.0,12.0,0.907,-0.42
Australia,1959,0,0,3.05,6.375,0.478,12.438,0.3943,12.4,3.0,12.0,0.907,-0.42
Australia,1960,0,0,3.3,6.25,0.528,12.062,0.381,12.4,3.0,12.0,1.118,0.58
Australia,1961,0,0,3.425,6.0,0.571,11.688,0.3746,12.4,3.0,12.0,1.224,1.58
Australia,1962,0,0,3.05,6.375,0.478,12.438,0.3943,12.4,3.0,12.0,0.907,-0.42
Australia,1963,0,0,3.05,6.375,0.478,12.438,0.3943,12.4,3.0,12.0,0.907,-0.42
Australia,1964,0,0,3.05,6.375,0.478,12.438,0.3943,12.4,3.0,12.0,0.907,-0.42
Australia,1965,0,0,3.05,6.375,0.478,12.438,0.3943,12.4,3.0,12.0,0.907,-0.42
Australia,1966,0,0,4.975,5.6,0.888,8.712,0.2716,11.9,3.0,5.5,0.79,-1.633
Australia,1967,0,0,4.725,5.6,0.844,8.962,0.28,11.9,3.0,6.5,0.853,-1.233
Australia,1968,0,0,4.725,5.6,0.844,8.962,0.28,11.9,3.0,6.5,0.853,-1.233
Australia,1969,0,0,4.975,5.6,0.888,8.712,0.2715,11.9,3.0,5.5,0.79,-1.633
Australia,1970,0,0,4.975,5.6,0.888,8.712,0.2715,11.9,3.0,6.5,0.79,-1.633
Australia,1971,0,0,4.85,5.6,0.866,8.837,0.2758,11.9,3.0,5.5,0.821,-1.433
Australia,1972,0,0,4.475,5.475,0.817,9.338,0.2993,12.4,3.0,11.5,1.175,2.833
Australia,1973,0,0,4.475,5.725,0.782,9.712,0.3033,12.4,3.0,12.5,1.175,3.433
Australia,1974,0,0,5.225,5.225,1.0,8.088,0.2628,12.4,3.0,7.0,1.236,2.967
Australia,1975,0,0,5.35,5.35,1.0,7.838,0.2532,12.4,3.0,4.0,1.077,2.033
Australia,1976,0,0,4.725,5.35,0.883,8.275,0.2644,8.9,4.0,9.5,1.197,1.667
Australia,1977,0,0,4.85,5.225,0.928,7.9,0.2564,8.9,4.0,6.5,1.145,1.067
Australia,1978,0,0,4.85,5.225,0.928,7.9,0.2564,8.9,4.0,6.5,1.145,1.067
Australia,1979,0,0,4.975,5.225,0.952,7.775,0.2521,8.9,4.0,6.5,1.217,1.4
Australia,1980,0,0,4.85,5.225,0.928,7.9,0.2564,8.9,4.0,6.5,1.145,1.067
Australia,1981,0,0,4.85,5.225,0.928,7.9,0.2564,8.9,4.0,6.5,1.145,1.067
Australia,1982,0,0,5.1,4.975,1.025,7.4,0.2483,8.9,4.0,6.5,1.29,2.4
Australia,1983,0,0,3.3,6.625,0.498,12.775,0.4003,12.4,3.0,16.2,0.984,-0.147
Australia,1984,0,0,3.425,6.5,0.527,12.588,0.3947,12.4,3.0,13.7,0.928,-0.98
Australia,1985,0,0,3.55,6.375,0.557,12.15,0.3793,12.4,3.0,13.7,1.023,0.187
Australia,1986,0,0,3.55,6.375,0.557,12.15,0.3793,12.4,3.0,13.7,1.023,0.187
Australia,1987,0,0,4.05,6.375,0.635,11.65,0.3538,12.4,3.0,13.7,1.088,0.453
Australia,1988,0,0,3.3,6.375,0.518,12.4,0.3937,12.4,3.0,13.7,0.984,0.053
Australia,1989,0,0,3.8,6.375,0.596,11.9,0.3664,12.4,3.0,13.7,1.212,0.853
Australia,1990,0,0,6.6,4.475,1.475,5.275,0.1999,7.9,5.0,7.0,1.476,5.667
Australia,1991,0,0,6.6,4.475,1.475,5.275,0.1999,7.9,5.0,7.0,1.368,4.6
Australia,1992,0,0,6.225,4.85,1.284,6.025,0.2092,7.9,5.0,7.0,1.298,3.667
Australia,1993,0,0,4.725,5.725,0.825,9.4,0.2912,11.4,4.0,10.5,1.197,1.333
Australia,1994,0,0,4.475,5.975,0.749,10.087,0.3079,11.4,4.0,10.5,1.045,-0.5
Australia,1995,0,0,4.725,5.725,0.825,9.4,0.2912,11.4,4.0,10.5,1.197,1.333
Australia,1996,0,0,4.1,5.975,0.686,10.9,0.3387,12.4,3.0,11.0,0.937,-1.067
Australia,1997,0,0,4.1,5.975,0.686,10.775,0.3348,12.4,3.0,10.0,0.937,-1.267
Australia,1998,0,0,4.35,5.85,0.744,10.4,0.3236,12.4,3.0,9.0,0.97,-0.8
Australia,1999,0,0,4.225,6.1,0.693,10.775,0.3299,12.4,3.0,11.0,0.894,-1.267
Australia,2000,0,0,3.725,6.225,0.598,11.775,0.3678,12.4,3.0,12.5,0.947,-0.733
Australia,2001,0,0,4.35,5.975,0.728,10.525,0.3246,12.4,3.0,9.0,0.855,-1.667
Australia,2002,0,0,4.475,5.725,0.782,9.712,0.3032,8.9,4.0,9.5,0.819,-2.327
Australia,2003,0,0,4.725,5.6,0.844,9.337,0.2941,8.9,4.0,9.5,0.756,-2.927
Australia,2004,0,0,4.475,5.725,0.782,9.712,0.3032,8.9,4.0,9.5,0.819,-2.327
Australia,2005,0,0,4.6,5.6,0.821,9.462,0.2985,8.9,4.0,9.5,0.889,-1.66
Australia,2006,0,0,4.725,5.6,0.844,9.337,0.2937,8.9,4.0,8.5,0.853,-1.86
Australia,2007,0,0,4.225,5.85,0.722,10.462,0.3277,8.9,4.0,12.0,0.894,-1.127
Australia,2008,0,0,5.45,5.25,1.038,7.638,0.2469,8.9,4.0,5.5,0.839,-1.7
Australia,2009,0,0,4.825,5.375,0.898,8.388,0.2698,8.9,4.0,5.5,0.808,-2.1
Australia,2010,0,0,5.075,5.375,0.944,7.888,0.2549,8.9,4.0,1.5,0.75,-2.9
Australia,2011,0,0,5.075,5.25,0.967,7.888,0.2573,8.9,4.0,3.5,0.75,-2.9
Australia,2012,0,0,4.95,5.375,0.921,8.262,0.265,8.9,4.0,4.5,0.778,-2.3
Australia,2013,0,0,4.95,5.375,0.921,8.262,0.265,8.9,4.0,4.5,0.778,-2.3
Australia,2014,0,0,5.375,4.85,1.108,7.038,0.2415,8.9,4.0,2.1,0.788,-2.713
Australia,2015,0,0,5.25,4.975,1.055,7.162,0.2421,8.9,4.0,1.1,0.816,-2.513
Australia,2016,0,0,5.25,4.975,1.055,7.288,0.2455,8.9,4.0,2.1,0.816,-2.313
Australia,2017,0,0,5.25,4.975,1.055,7.288,0.2445,7.9,5.0,3.1,0.816,-2.313
Australia,2018,0,0,5.35,4.975,1.075,7.062,0.2397,8.9,4.0,0.3,0.793,-2.673
Australia,2019,0,0,5.975,4.85,1.232,6.525,0.222,7.9,5.0,5.5,0.989,-0.867
Australia,2020,0,0,6.575,4.625,1.422,5.7,0.2051,7.9,5.0,4.9,1.377,2.613
Australia,2021,0,0,5.95,5.0,1.19,6.7,0.2232,7.9,5.0,4.9,1.088,-0.053
Australia,2022,0,0,5.6,5.1,1.098,7.338,0.2389,7.9,5.0,9.0,1.099,0.433
Australia,2023,0,0,5.35,5.475,0.977,8.275,0.2589,11.4,4.0,10.0,1.187,0.6
Australia,2024,0,0,5.35,5.6,0.955,8.4,0.2586,11.4,4.0,9.0,1.187,0.8
Australia,2025,0,0,4.85,5.725,0.847,9.15,0.2811,11.4,4.0,11.0,1.028,-0.133
Brazil,1900,0,0,4.75,7.125,0.667,12.562,0.3527,13.5,4.0,12.5,1.212,1.7
Brazil,1901,0,0,4.625,7.125,0.649,12.688,0.3575,13.5,4.0,12.5,1.136,1.367
Brazil,1902,0,0,4.375,7.625,0.574,13.625,0.3773,13.5,4.0,14.5,1.111,1.0
Brazil,1903,0,0,4.375,7.75,0.565,13.875,0.3815,13.5,4.0,14.5,1.111,0.333
Brazil,1904,0,0,5.375,7.625,0.705,12.625,0.3285,12.5,5.0,13.5,1.09,1.0
Brazil,1905,0,0,4.375,7.75,0.565,13.875,0.3815,13.5,4.0,14.5,1.111,0.333
Brazil,1906,0,0,4.375,7.75,0.565,13.875,0.3815,13.5,4.0,14.5,1.111,0.333
Brazil,1907,0,0,4.375,7.75,0.565,13.875,0.3815,13.5,4.0,14.5,1.111,0.333
Brazil,1908,0,0,4.25,7.75,0.548,14.0,0.3873,13.5,4.0,14.5,1.032,0.0
Brazil,1909,0,0,5.125,7.75,0.661,13.125,0.3428,12.5,5.0,13.5,1.067,0.2
Brazil,1910,0,0,5.5,7.375,0.746,12.125,0.3194,12.5,5.0,10.5,1.049,-0.333
Brazil,1911,0,0,5.125,7.75,0.661,13.125,0.3428,12.5,5.0,13.5,1.067,0.2
Brazil,1912,0,0,4.375,7.75,0.565,13.875,0.3815,13.5,4.0,14.5,1.111,0.333
Brazil,1913,0,0,4.375,7.75,0.565,13.875,0.3815,13.5,4.0,14.5,1.111,0.333
Brazil,1914,0,0,5.5,7.5,0.733,12.25,0.3193,12.5,5.0,13.5,1.154,0.933
Brazil,1915,0,0,5.875,7.125,0.825,11.375,0.2995,12.5,5.0,11.5,1.131,1.667
Brazil,1916,0,0,5.875,7.125,0.825,11.375,0.2995,12.5,5.0,11.5,1.131,1.667
Brazil,1917,0,0,6.875,6.875,1.0,9.875,0.2549,11.5,6.0,9.5,1.111,1.4
Brazil,1918,0,0,7.875,6.25,1.26,7.5,0.2067,8.5,7.0,7.5,1.096,1.333
Brazil,1919,0,0,6.875,6.875,1.0,9.875,0.2549,11.5,6.0,9.5,1.111,1.4
Brazil,1920,0,0,5.875,7.125,0.825,11.375,0.2995,12.5,5.0,11.5,1.131,1.667
Brazil,1921,0,0,5.125,7.25,0.707,12.625,0.3428,12.5,5.0,12.5,1.067,0.467
Brazil,1922,0,0,6.375,7.125,0.895,10.625,0.273,11.5,6.0,9.5,0.99,0.467
Brazil,1923,0,0,7.0,7.0,1.0,9.875,0.2508,11.5,6.0,9.5,1.078,0.867
Brazil,1924,0,0,7.25,6.625,1.094,9.125,0.2402,11.5,6.0,7.5,1.019,0.2
Brazil,1925,0,0,6.5,7.0,0.929,10.375,0.2688,11.5,6.0,9.5,0.96,0.067
Brazil,1926,0,0,7.5,6.75,1.111,9.0,0.2313,10.5,7.0,8.5,0.965,0.0
Brazil,1927,1,0,7.5,6.75,1.111,9.0,0.2313,10.5,7.0,8.5,0.965,0.0
Brazil,1928,1,0,7.5,6.75,1.111,9.0,0.2313,10.5,7.0,8.5,0.965,0.0
Brazil,1929,1,0,8.625,6.375,1.353,7.125,0.1904,9.5,8.0,6.5,1.008,1.267
Brazil,1930,0,1,9.625,5.5,1.75,4.25,0.1501,6.5,9.0,2.5,1.007,0.4
Brazil,1931,0,0,7.5,6.875,1.091,9.125,0.2309,10.5,7.0,8.5,1.036,1.267
Brazil,1932,0,0,8.875,5.875,1.511,5.75,0.1732,7.5,8.0,5.5,1.023,0.667
Brazil,1933,0,0,6.5,7.125,0.912,11.25,0.2913,12.0,6.0,11.0,1.042,1.2
Brazil,1934,1,0,5.5,7.875,0.698,13.375,0.3451,14.0,5.0,13.0,1.049,0.867
Brazil,1935,1,0,7.625,7.125,1.07,9.875,0.2445,11.0,7.0,9.0,1.009,0.6
Brazil,1936,1,0,5.5,7.875,0.698,13.375,0.3451,14.0,5.0,13.0,1.049,0.867
Brazil,1937,0,1,7.125,7.5,0.95,11.0,0.2663,11.0,7.0,12.0,1.048,1.333
Brazil,1938,0,0,4.5,8.125,0.554,15.25,0.4166,16.0,4.0,15.0,1.061,1.2
Brazil,1939,0,0,4.5,8.125,0.554,15.25,0.4166,16.0,4.0,15.0,1.061,1.2
Brazil,1940,0,0,4.125,8.5,0.485,16.125,0.442,16.0,4.0,17.0,1.083,0.467
Brazil,1941,0,0,4.125,8.5,0.485,16.125,0.442,16.0,4.0,17.0,1.083,0.467
Brazil,1942,0,0,5.125,8.625,0.594,15.312,0.3873,15.0,5.0,16.0,1.067,0.767
Brazil,1943,0,0,5.125,8.625,0.594,15.312,0.3873,15.0,5.0,16.0,1.067,0.767
Brazil,1944,0,0,6.125,8.5,0.721,14.188,0.3371,14.0,6.0,15.0,1.056,0.567
Brazil,1945,0,0,7.875,7.375,1.068,10.0,0.2379,11.0,7.0,9.0,1.026,-0.267
Brazil,1946,0,0,7.375,7.25,1.017,10.0,0.2441,10.5,7.0,8.5,0.991,-0.267
Brazil,1947,0,0,6.125,7.25,0.845,11.5,0.2965,11.5,6.0,11.5,1.056,0.533
Brazil,1948,0,0,5.125,7.5,0.683,13.0,0.3478,12.5,5.0,13.5,1.067,0.267
Brazil,1949,0,0,5.125,7.5,0.683,13.0,0.3478,12.5,5.0,13.5,1.067,0.267
Brazil,1950,0,0,5.125,7.625,0.672,13.25,0.3514,12.5,5.0,13.5,1.067,-0.4
Brazil,1951,0,0,4.125,8.25,0.5,15.875,0.442,16.0,4.0,16.0,1.083,0.6
Brazil,1952,0,0,4.125,8.25,0.5,15.875,0.442,16.0,4.0,16.0,1.083,0.6
Brazil,1953,0,0,4.125,8.5,0.485,16.125,0.442,16.0,4.0,17.0,1.083,0.467
Brazil,1954,0,0,7.75,7.375,1.051,10.125,0.2421,11.0,7.0,8.0,0.983,-0.6
Brazil,1955,0,0,5.375,8.0,0.672,13.875,0.3577,14.0,5.0,13.0,0.988,-0.467
Brazil,1956,0,0,4.125,8.5,0.485,16.125,0.442,16.0,4.0,17.0,1.083,0.467
Brazil,1957,0,0,4.125,8.5,0.485,16.125,0.442,16.0,4.0,17.0,1.083,0.467
Brazil,1958,0,0,4.125,8.5,0.485,16.125,0.442,16.0,4.0,17.0,1.083,0.467
Brazil,1959,0,0,5.125,8.5,0.603,15.125,0.3848,15.0,5.0,16.0,1.067,0.467
Brazil,1960,0,0,5.125,8.5,0.603,15.125,0.3848,15.0,5.0,16.0,1.067,0.467
Brazil,1961,1,0,7.625,7.375,1.034,10.25,0.2461,11.0,7.0,9.0,1.009,-0.4
Brazil,1962,1,0,7.625,7.375,1.034,10.25,0.2461,11.0,7.0,9.0,1.009,-0.4
Brazil,1963,1,0,8.625,6.625,1.302,7.875,0.2028,10.0,8.0,6.0,1.008,0.067
Brazil,1964,0,1,9.625,5.75,1.674,5.062,0.1613,7.0,9.0,2.5,1.007,0.367
Brazil,1965,0,0,6.625,7.625,0.869,11.875,0.2922,12.0,6.0,12.0,1.094,1.133
Brazil,1966,0,0,6.125,7.625,0.803,12.625,0.3188,12.0,6.0,13.0,1.056,0.733
Brazil,1967,0,0,6.125,7.625,0.803,12.625,0.3188,12.0,6.0,13.0,1.056,0.733
Brazil,1968,0,0,7.125,7.75,0.919,11.75,0.2776,11.0,7.0,12.0,1.048,0.933
Brazil,1969,0,0,5.125,8.5,0.603,14.75,0.3736,14.0,5.0,16.0,1.067,0.933
Brazil,1970,0,0,5.125,8.5,0.603,14.75,0.3736,14.0,5.0,16.0,1.067,0.933
Brazil,1971,0,0,5.125,8.625,0.594,15.0,0.3773,14.0,5.0,16.0,1.067,0.267
Brazil,1972,0,0,4.125,8.625,0.478,16.5,0.4503,16.0,4.0,17.0,1.083,0.533
Brazil,1973,0,0,4.125,8.625,0.478,16.5,0.4503,16.0,4.0,17.0,1.083,0.533
Brazil,1974,0,0,5.125,8.375,0.612,15.0,0.3848,15.0,5.0,15.0,1.067,0.267
Brazil,1975,0,0,5.125,8.375,0.612,15.0,0.3848,15.0,5.0,15.0,1.067,0.267
Brazil,1976,0,0,6.125,7.875,0.778,13.375,0.3317,14.0,6.0,14.0,1.056,1.4
Brazil,1977,0,0,6.125,7.875,0.778,13.375,0.3317,14.0,6.0,14.0,1.056,1.4
Brazil,1978,0,0,7.125,7.625,0.934,11.5,0.2748,11.0,7.0,12.0,1.048,0.533
Brazil,1979,0,0,7.125,7.625,0.934,11.5,0.2748,11.0,7.0,12.0,1.048,0.533
Brazil,1980,0,0,8.125,7.125,1.14,9.625,0.2319,10.0,8.0,10.0,1.042,1.267
Brazil,1981,0,0,8.375,7.0,1.196,9.0,0.2194,10.0,8.0,10.0,1.057,1.867
Brazil,1982,0,0,8.875,6.625,1.34,8.0,0.2028,10.0,8.0,8.0,1.085,1.867
Brazil,1983,0,0,9.375,6.375,1.471,6.625,0.1787,8.0,9.0,7.0,1.051,2.333
Brazil,1984,0,0,8.375,6.875,1.218,8.75,0.2171,10.0,8.0,9.0,1.057,1.467
Brazil,1985,0,0,7.375,7.0,1.054,10.375,0.2601,11.0,7.0,11.0,1.065,0.867
Brazil,1986,0,0,6.375,7.75,0.823,12.125,0.2988,13.0,6.0,13.0,1.075,1.0
Brazil,1987,0,0,8.375,6.875,1.218,8.75,0.2171,10.0,8.0,9.0,1.057,1.467
Brazil,1988,0,0,8.375,6.875,1.218,8.75,0.2171,10.0,8.0,9.0,1.057,1.467
Brazil,1989,0,0,9.375,6.625,1.415,7.0,0.1808,9.0,9.0,8.0,1.051,1.867
Brazil,1990,0,0,9.375,5.875,1.596,5.688,0.1711,7.0,9.0,5.5,1.051,1.367
Brazil,1991,0,0,9.375,5.875,1.596,5.688,0.1711,7.0,9.0,5.5,1.051,1.367
Brazil,1992,0,0,9.375,5.875,1.596,5.688,0.1711,7.0,9.0,5.5,1.051,1.367
Brazil,1993,0,0,9.375,5.875,1.596,5.688,0.1711,7.0,9.0,5.5,1.051,1.367
Brazil,1994,0,0,8.375,6.875,1.218,8.75,0.2171,10.0,8.0,9.0,1.057,1.467
Brazil,1995,0,0,6.125,7.875,0.778,12.625,0.3124,13.0,6.0,13.0,1.056,0.733
Brazil,1996,0,0,6.125,7.875,0.778,12.625,0.3124,13.0,6.0,13.0,1.056,0.733
Brazil,1997,0,0,5.125,8.125,0.631,14.125,0.3661,14.0,5.0,14.0,1.067,0.467
Brazil,1998,0,0,5.125,8.125,0.631,14.125,0.3661,14.0,5.0,14.0,1.067,0.467
Brazil,1999,0,0,6.375,7.875,0.81,12.25,0.2988,13.0,6.0,13.0,1.075,1.2
Brazil,2000,0,0,6.125,7.875,0.778,12.625,0.3124,13.0,6.0,13.0,1.056,0.733
Brazil,2001,0,0,6.125,7.875,0.778,12.625,0.3124,13.0,6.0,13.0,1.056,0.733
Brazil,2002,0,0,7.125,7.875,0.905,11.5,0.2692,12.0,7.0,12.0,1.048,1.067
Brazil,2003,0,0,5.125,8.25,0.621,14.875,0.3848,15.0,5.0,15.0,1.067,0.6
Brazil,2004,0,0,4.125,8.5,0.485,16.25,0.4461,16.0,4.0,17.0,1.083,0.133
Brazil,2005,0,0,4.125,8.5,0.485,16.25,0.4461,16.0,4.0,17.0,1.083,0.133
Brazil,2006,0,0,4.125,8.5,0.485,16.25,0.4461,16.0,4.0,17.0,1.083,0.133
Brazil,2007,0,0,5.125,8.5,0.603,15.125,0.3848,15.0,5.0,16.0,1.067,0.467
Brazil,2008,0,0,5.125,8.5,0.603,15.125,0.3848,15.0,5.0,16.0,1.067,0.467
Brazil,2009,0,0,5.125,8.5,0.603,15.125,0.3848,15.0,5.0,16.0,1.067,0.467
Brazil,2010,0,0,4.125,8.5,0.485,16.375,0.4503,16.0,4.0,17.0,1.083,0.333
Brazil,2011,0,0,4.125,8.5,0.485,16.375,0.4503,16.0,4.0,17.0,1.083,0.333
Brazil,2012,0,0,5.125,8.5,0.603,15.125,0.3848,15.0,5.0,16.0,1.067,0.467
Brazil,2013,1,0,6.875,7.875,0.873,12.375,0.2935,14.0,6.0,12.0,1.111,1.4
Brazil,2014,1,0,6.125,8.0,0.766,13.625,0.335,14.0,6.0,14.0,1.056,0.733
Brazil,2015,1,0,8.375,6.875,1.218,8.75,0.2171,10.0,8.0,9.0,1.057,1.467
Brazil,2016,0,1,9.25,6.5,1.423,6.75,0.1801,8.0,9.0,6.0,1.074,1.467
Brazil,2017,0,0,8.375,6.875,1.218,8.75,0.2171,10.0,8.0,9.0,1.057,1.467
Brazil,2018,0,0,8.375,6.875,1.218,8.75,0.2171,10.0,8.0,9.0,1.057,1.467
Brazil,2019,0,0,7.125,7.625,0.934,11.375,0.2721,11.0,7.0,12.0,1.048,0.867
Brazil,2020,0,0,8.875,7.125,1.246,8.625,0.2049,9.0,9.0,11.0,1.085,2.333
Brazil,2021,0,0,8.875,7.125,1.246,8.625,0.2049,9.0,9.0,11.0,1.085,2.333
Brazil,2022,0,0,7.125,7.625,0.934,11.375,0.2721,11.0,7.0,12.0,1.048,0.867
Brazil,2023,0,0,6.25,8.0,0.781,13.375,0.3263,14.0,6.0,14.0,1.022,0.333
Brazil,2024,0,0,7.125,7.875,0.905,11.875,0.2775,13.0,7.0,12.0,1.048,1.133
Brazil,2025,0,0,7.125,7.875,0.905,11.875,0.2775,13.0,7.0,12.0,1.048,1.133
Canada,1900,0,0,3.125,6.25,0.5,12.375,0.3953,13.0,3.0,14.0,1.111,0.867
Canada,1901,0,0,3.4,6.625,0.513,12.412,0.3788,13.1,3.0,13.1,0.969,-0.247
Canada,1902,0,0,5.875,5.75,1.022,8.362,0.2495,9.0,5.0,8.9,1.131,1.647
Canada,1903,0,0,6.975,5.85,1.192,6.225,0.1849,6.3,6.2,6.1,1.101,2.44
Canada,1904,0,0,4.775,5.375,0.888,8.6,0.272,9.5,4.0,9.5,1.101,1.333
Canada,1905,0,0,4.75,6.0,0.792,9.675,0.2887,11.0,4.0,9.5,1.212,1.24
Canada,1906,0,0,7.95,4.125,1.927,2.05,0.13,4.5,7.0,2.6,1.183,3.653
Canada,1907,0,0,5.75,5.5,1.045,7.938,0.2438,8.5,5.0,8.7,1.071,0.433
Canada,1908,0,0,3.875,6.625,0.585,12.525,0.3785,13.5,3.0,13.0,1.053,0.573
Canada,1909,0,0,3.525,6.875,0.513,13.1,0.397,14.5,3.0,13.0,0.916,-0.107
Canada,1910,0,0,3.525,6.75,0.522,12.725,0.3877,14.5,3.0,11.8,0.916,-0.173
Canada,1911,0,0,2.75,7.125,0.386,15.0,0.4835,17.0,2.0,14.5,1.154,0.533
Canada,1912,0,0,5.375,6.75,0.796,10.438,0.2888,10.0,5.0,7.8,0.857,-0.847
Canada,1913,0,0,5.8,5.875,0.987,8.362,0.2479,10.0,5.0,7.3,1.285,2.927
Canada,1914,0,0,6.2,5.85,1.06,7.712,0.2285,9.0,6.0,7.0,1.071,1.46
Canada,1915,0,0,5.5,5.875,0.936,9.25,0.2774,13.0,4.0,9.5,1.267,3.6
Canada,1916,0,0,4.375,6.75,0.648,11.938,0.3467,12.5,4.0,11.0,1.111,0.7
Canada,1917,0,0,5.65,6.0,0.942,9.225,0.2706,11.5,5.0,9.0,1.123,2.333
Canada,1918,0,0,6.45,5.875,1.098,7.588,0.2222,9.5,6.0,5.6,0.988,1.313
Canada,1919,0,0,3.625,7.125,0.509,13.625,0.4084,14.5,3.0,13.5,1.019,0.733
Canada,1920,0,0,4.625,7.125,0.649,12.25,0.3419,13.5,4.0,11.0,1.014,0.4
Canada,1921,0,0,6.525,5.875,1.111,7.638,0.2242,10.0,5.0,6.1,1.176,2.407
Canada,1922,0,0,4.625,6.875,0.673,11.562,0.326,13.5,4.0,11.0,1.136,1.967
Canada,1923,0,0,4.125,7.125,0.579,13.125,0.3806,14.0,4.0,13.5,0.952,0.2
Canada,1924,0,0,5.825,6.625,0.879,9.238,0.2523,11.5,5.0,7.8,1.068,1.02
Canada,1925,0,0,7.0,5.85,1.197,6.7,0.2,9.5,6.0,6.6,1.128,2.613
Chile,1900,0,0,3.8,5.75,0.661,10.3,0.3282,11.8,3.0,9.2,1.349,3.093
Chile,1901,0,0,3.7,5.825,0.635,10.4,0.3295,11.6,3.0,9.5,1.305,2.933
Chile,1902,0,0,3.575,5.725,0.624,10.45,0.3366,11.6,3.0,8.8,1.389,3.12
Chile,1903,0,0,3.775,5.8,0.651,10.325,0.3278,11.4,3.2,9.2,1.294,2.867
Chile,1904,0,0,3.55,5.775,0.615,10.6,0.3407,11.8,2.8,9.0,1.368,2.72
Chile,1905,0,0,3.975,5.85,0.679,10.162,0.3181,11.6,3.0,8.4,1.278,2.873
Chile,1906,0,0,3.775,5.775,0.654,10.35,0.3291,12.2,3.0,8.2,1.193,2.213
Chile,1907,0,0,5.3,5.625,0.942,8.238,0.2545,10.8,4.0,7.7,1.253,3.847
Chile,1908,0,0,3.925,5.775,0.68,10.238,0.3235,11.4,3.0,8.0,1.147,2.087
Chile,1909,0,0,3.75,5.75,0.652,10.212,0.3251,11.4,3.0,8.6,1.31,2.633
Chile,1910,0,0,3.7,5.8,0.638,10.488,0.3347,12.2,3.0,8.9,1.27,2.593
Chile,1911,0,0,3.7,5.7,0.649,10.35,0.3334,12.2,3.0,8.9,1.341,2.96
Chile,1912,0,0,3.75,5.725,0.655,10.4,0.3345,11.8,3.0,8.8,1.31,2.987
Chile,1913,0,0,3.7,5.775,0.641,10.5,0.3359,12.1,3.0,8.7,1.27,2.667
Chile,1914,0,0,4.075,5.5,0.741,9.525,0.3075,11.8,3.0,8.1,1.456,3.56
Chile,1915,0,0,4.175,5.525,0.756,9.375,0.3004,11.8,3.0,9.2,1.392,3.693
Chile,1916,0,0,4.1,5.475,0.749,9.525,0.3082,11.8,3.2,9.4,1.404,3.613
Chile,1917,0,0,4.425,5.45,0.812,9.2,0.2961,12.0,3.2,7.9,1.505,4.107
Chile,1918,0,0,4.6,5.4,0.852,8.612,0.277,11.8,3.0,7.1,1.431,4.18
Chile,1919,0,0,5.075,5.35,0.949,7.95,0.2548,9.9,4.0,7.2,1.381,4.027
Chile,1920,0,0,5.1,5.375,0.949,8.05,0.2575,10.0,4.0,7.4,1.342,4.027
Chile,1921,0,0,5.0,5.45,0.917,8.112,0.257,10.2,4.0,8.0,1.336,3.967
Chile,1922,0,0,5.275,5.375,0.981,7.45,0.2385,9.6,4.0,5.5,1.289,3.493
Chile,1923,0,0,5.4,5.35,1.009,7.3,0.2343,8.9,4.2,6.3,1.237,3.093
Chile,1924,0,0,6.125,5.25,1.167,6.288,0.2067,7.6,5.0,3.3,0.968,1.26
Chile,1925,0,0,4.95,5.25,0.943,8.025,0.2614,9.0,4.0,7.4,1.178,2.813
Chile,1926,0,0,4.5,5.375,0.837,8.55,0.2752,9.1,4.0,8.4,1.218,2.587
Chile,1927,0,0,4.925,5.5,0.895,8.375,0.2601,7.3,5.0,9.6,1.047,1.507
Chile,1928,0,0,4.225,5.625,0.751,9.325,0.2902,8.6,4.0,11.9,1.068,1.907
Chile,1929,0,0,4.075,6.125,0.665,10.162,0.3034,9.8,4.0,12.5,1.023,1.54
Chile,1930,0,0,5.75,5.15,1.117,6.962,0.2264,7.5,4.8,8.6,1.194,3.247
Chile,1931,0,0,7.425,4.125,1.8,2.6,0.1439,5.8,6.0,1.1,1.228,3.627
Chile,1932,0,0,7.2,4.15,1.735,3.012,0.1522,5.0,6.0,1.8,1.092,2.633
Chile,1933,0,0,4.85,4.9,0.99,7.462,0.2528,8.7,3.8,8.4,1.246,2.713
Chile,1934,0,0,4.725,4.9,0.964,7.712,0.2609,8.2,4.2,8.3,1.146,2.26
Chile,1935,0,0,3.95,5.2,0.76,9.05,0.2999,9.3,3.6,10.4,1.326,3.333
Chile,1936,0,0,4.05,5.375,0.753,8.988,0.2906,9.0,3.8,10.0,1.206,2.7
Chile,1937,0,0,3.675,5.6,0.656,9.925,0.319,11.1,3.0,10.2,1.285,2.387
Chile,1938,0,0,3.85,5.45,0.706,9.875,0.324,12.1,3.0,10.9,1.318,2.84
Chile,1939,0,0,4.0,5.65,0.708,9.925,0.3175,11.7,3.2,10.5,1.201,2.867
Chile,1940,0,0,3.75,5.675,0.661,10.425,0.3366,12.1,3.0,11.5,1.275,3.347
Chile,1941,0,0,3.75,5.825,0.644,10.45,0.3329,12.3,2.6,11.3,1.31,2.853
Chile,1942,0,0,3.775,5.825,0.648,10.488,0.3333,12.3,3.0,11.1,1.294,2.593
Chile,1943,0,0,3.75,5.825,0.644,10.488,0.3336,12.2,3.0,11.2,1.31,3.073
Chile,1944,0,0,3.775,5.85,0.645,10.562,0.3348,11.6,3.2,11.2,1.26,2.34
Chile,1945,0,0,3.725,5.95,0.626,10.75,0.3381,12.2,2.8,11.0,1.29,2.693
Chile,1946,0,0,3.75,5.775,0.649,10.587,0.3388,12.2,2.8,10.9,1.275,2.113
Chile,1947,0,0,4.0,5.875,0.681,10.125,0.3145,12.2,3.2,10.9,1.111,2.333
Chile,1948,0,0,4.5,5.75,0.783,9.175,0.2831,10.1,4.0,9.8,1.061,2.04
Chile,1949,0,0,4.35,5.775,0.753,9.538,0.2956,11.1,3.6,10.6,1.095,2.087
Chile,1950,0,0,3.85,5.8,0.664,10.3,0.3248,11.8,3.0,11.3,1.25,2.88
Chile,1951,0,0,3.85,5.8,0.664,10.262,0.3232,11.8,3.2,11.1,1.217,2.713
Chile,1952,0,0,3.925,5.675,0.692,9.788,0.3107,12.1,3.0,7.9,1.178,2.167
Chile,1953,0,0,4.75,5.325,0.892,8.362,0.2706,11.8,3.4,7.3,1.239,2.607
Chile,1954,0,0,4.7,5.325,0.883,8.35,0.2705,11.9,3.0,7.5,1.317,3.013
Chile,1955,0,0,4.75,5.2,0.913,8.288,0.2728,12.0,2.8,7.5,1.349,3.02
Chile,1956,0,0,4.725,5.175,0.913,8.212,0.2712,11.7,3.0,7.4,1.333,2.953
Chile,1957,0,0,4.675,5.25,0.89,8.312,0.2721,12.3,2.8,7.1,1.246,2.847
Chile,1958,0,0,4.175,5.45,0.766,9.225,0.2987,12.1,2.8,8.4,1.326,2.92
Chile,1959,0,0,3.725,5.85,0.637,10.838,0.346,11.8,3.0,10.8,1.255,1.927
Chile,1960,0,0,4.05,5.975,0.678,10.6,0.3285,11.5,3.4,10.2,1.117,1.707
Chile,1961,0,0,3.75,5.825,0.644,10.762,0.3438,11.8,3.2,10.8,1.275,2.287
Chile,1962,0,0,3.775,5.9,0.64,10.738,0.3398,12.4,2.8,10.8,1.294,2.033
Chile,1963,0,0,3.625,5.975,0.607,10.95,0.3467,12.7,2.8,11.0,1.28,2.213
Chile,1964,0,0,3.725,6.15,0.606,11.25,0.3516,12.9,3.0,11.7,1.29,2.267
Chile,1965,0,0,3.95,6.175,0.64,11.288,0.3508,13.7,3.0,12.8,1.165,2.433
Chile,1966,0,0,3.975,6.2,0.641,11.262,0.3474,13.5,3.2,12.8,1.183,2.5
Chile,1967,0,0,3.95,6.075,0.65,11.05,0.3456,13.5,3.0,11.4,1.259,2.693
Chile,1968,0,0,4.35,6.125,0.71,10.462,0.3188,13.3,3.2,10.3,1.095,1.86
Chile,1969,0,0,4.525,6.15,0.736,10.425,0.3141,13.2,3.0,10.5,1.127,1.8
Chile,1970,1,0,5.45,5.975,0.912,8.8,0.2641,12.3,4.2,8.8,0.966,1.12
Chile,1971,1,0,5.55,5.85,0.949,8.35,0.2546,12.5,4.0,8.9,1.034,1.52
Chile,1972,1,0,7.275,5.075,1.433,5.038,0.1815,9.0,5.8,4.7,1.043,2.193
Chile,1973,0,1,8.3,4.9,1.694,2.525,0.1279,2.8,8.0,1.9,0.994,2.173
Chile,1974,0,0,7.025,5.1,1.377,4.312,0.1549,3.0,7.4,6.7,1.01,2.1
Chile,1975,0,0,6.575,5.15,1.277,5.212,0.1754,4.7,6.2,8.5,1.073,2.473
Chile,1976,0,0,5.45,5.35,1.019,7.137,0.2214,5.8,5.2,10.8,1.065,2.087
Chile,1977,0,0,5.35,5.475,0.977,7.262,0.2219,5.8,5.2,10.9,1.035,1.967
Chile,1978,0,0,5.075,5.725,0.886,7.888,0.2358,5.9,5.0,12.3,1.107,2.167
Chile,1979,0,0,4.15,5.875,0.706,9.663,0.2912,8.5,4.0,12.2,1.046,1.487
Chile,1980,0,0,4.1,6.025,0.68,10.125,0.3057,8.9,4.0,13.1,1.04,1.16
Chile,1981,0,0,4.275,6.05,0.707,9.988,0.2974,8.8,4.0,12.7,1.1,1.42
Chile,1982,0,0,6.975,4.8,1.453,4.65,0.1729,7.6,5.0,7.8,1.276,5.467
Chile,1983,0,0,6.75,4.925,1.371,4.912,0.177,7.2,5.0,6.4,1.128,3.54
Chile,1984,0,0,5.75,5.2,1.106,6.975,0.2243,7.8,5.0,8.6,1.131,2.947
Chile,1985,0,0,5.25,5.525,0.95,7.938,0.2445,7.9,5.0,8.8,1.047,1.66
Chile,1986,0,0,5.425,5.5,0.986,7.688,0.2376,7.4,5.0,8.3,1.012,1.58
Chile,1987,0,0,4.825,5.825,0.828,8.9,0.2673,9.3,4.6,8.9,1.036,2.187
Chile,1988,0,0,4.6,6.125,0.751,9.95,0.2967,10.9,4.0,8.3,0.977,1.36
Chile,1989,0,0,3.575,6.325,0.565,11.612,0.3597,12.2,3.0,10.8,1.073,1.567
Chile,1990,0,0,3.475,6.375,0.545,12.188,0.3822,13.3,2.8,12.7,1.059,1.633
Chile,1991,0,0,3.125,6.625,0.472,12.962,0.406,14.7,2.8,14.2,1.111,2.127
Chile,1992,0,0,3.1,6.625,0.468,13.1,0.4119,14.9,3.2,14.3,1.126,2.453
Chile,1993,0,0,3.15,6.8,0.463,13.175,0.4067,14.8,3.0,14.7,1.061,1.88
Chile,1994,0,0,3.15,6.65,0.474,12.988,0.4053,14.4,3.0,14.3,1.061,1.9
Chile,1995,0,0,3.1,6.675,0.464,13.038,0.4073,14.5,3.0,14.2,1.126,1.713
Chile,1996,0,0,3.1,6.75,0.459,13.138,0.4083,14.3,3.0,14.5,1.126,1.927
Chile,1997,0,0,3.075,6.7,0.459,13.088,0.4093,14.3,2.8,14.5,1.142,1.633
Chile,1998,0,0,3.675,6.575,0.559,12.325,0.3757,14.8,2.8,13.4,1.285,2.707
Chile,1999,0,0,3.7,6.625,0.558,12.312,0.3734,14.5,3.0,13.5,1.27,2.74
Chile,2000,0,0,3.075,6.725,0.457,13.2,0.414,14.6,2.8,14.8,1.142,1.813
Chile,2001,0,0,3.075,6.75,0.456,13.2,0.4123,14.3,3.0,14.8,1.104,1.547
Chile,2002,0,0,2.95,6.85,0.431,13.412,0.4194,15.2,2.0,14.8,1.184,1.567
Chile,2003,0,0,3.0,6.9,0.435,13.538,0.4218,15.5,2.0,14.6,1.275,1.607
Chile,2004,0,0,2.975,7.0,0.425,13.625,0.4218,15.1,2.2,14.5,1.25,1.48
Chile,2005,0,0,3.05,6.9,0.442,13.412,0.4162,15.2,2.0,14.2,1.238,1.567
Chile,2006,0,0,3.4,7.0,0.486,13.125,0.3936,14.8,3.0,13.9,1.032,1.16
Chile,2007,0,0,3.075,7.0,0.439,13.438,0.4122,14.3,3.0,14.9,1.142,1.34
Chile,2008,0,0,3.7,6.775,0.546,12.488,0.3735,14.1,3.2,13.2,1.136,1.527
Chile,2009,0,0,3.9,6.75,0.578,12.25,0.3638,14.5,3.0,13.5,1.255,2.0
Chile,2010,0,0,4.4,6.625,0.664,11.6,0.3383,13.3,4.0,11.9,0.976,0.96
Chile,2011,0,0,4.275,6.75,0.633,11.725,0.3427,14.4,3.0,11.5,1.022,0.68
Chile,2012,0,0,3.625,6.775,0.535,12.588,0.3813,14.7,3.0,12.5,1.08,0.94
Chile,2013,0,0,3.325,6.725,0.494,12.775,0.3938,14.2,3.0,12.8,1.07,0.92
Chile,2014,0,0,3.575,6.75,0.53,12.712,0.3874,14.2,3.2,14.2,1.105,1.3
Chile,2015,0,0,3.95,6.7,0.59,11.988,0.3565,14.3,3.2,11.5,1.165,1.26
Chile,2016,1,0,4.0,6.475,0.618,11.575,0.3507,14.7,2.8,10.5,1.14,1.027
Chile,2017,1,0,3.75,6.675,0.562,12.075,0.3644,14.7,3.0,11.2,1.207,1.453
Chile,2018,1,0,3.325,6.7,0.496,12.75,0.395,14.1,3.0,12.5,1.175,1.2
Chile,2019,0,1,6.55,6.225,1.052,7.712,0.2207,11.5,5.2,5.1,1.029,0.873
Chile,2020,0,0,5.95,6.175,0.964,8.65,0.2505,11.8,4.8,8.1,1.187,2.48
Chile,2021,0,0,4.875,6.15,0.793,9.888,0.2964,12.7,4.0,8.4,1.159,1.9
Chile,2022,0,0,5.2,5.95,0.874,9.25,0.2791,12.5,4.0,7.8,1.063,1.467
Chile,2023,0,0,5.0,5.925,0.844,9.463,0.2872,12.2,4.2,7.1,1.066,0.953
Chile,2024,0,0,4.325,6.275,0.689,10.588,0.319,12.4,3.8,9.3,0.955,0.087
Chile,2025,0,0,4.2,6.475,0.649,10.962,0.3269,14.2,2.6,9.4,1.026,0.313
China,1900,0,0,7.25,3.125,2.32,0.875,0.1226,5.5,6.0,-3.0,1.019,0.867
China,1901,0,0,7.25,3.125,2.32,0.875,0.1226,5.5,6.0,-3.0,1.019,0.867
China,1902,0,0,7.25,3.125,2.32,0.875,0.1226,5.5,6.0,-3.0,1.019,0.867
China,1903,0,0,6.875,3.5,1.964,2.0,0.1378,5.5,6.0,0.5,0.952,1.6
China,1904,0,0,6.875,3.5,1.964,2.0,0.1378,5.5,6.0,0.5,0.952,1.6
China,1905,0,0,6.875,3.5,1.964,2.0,0.1378,5.5,6.0,0.5,0.952,1.6
China,1906,0,0,6.875,3.5,1.964,2.0,0.1378,5.5,6.0,0.5,0.952,1.6
China,1907,0,0,6.875,3.5,1.964,2.0,0.1378,5.5,6.0,0.5,0.952,1.6
China,1908,0,0,7.75,3.0,2.583,0.0,0.1087,3.5,7.0,-3.0,0.983,0.533
China,1909,1,0,7.75,3.0,2.583,0.0,0.1087,3.5,7.0,-3.0,0.983,0.533
China,1910,1,0,7.75,3.0,2.583,0.0,0.1087,3.5,7.0,-3.0,0.983,0.533
China,1911,1,0,8.25,2.375,3.474,-1.938,0.0847,2.0,7.0,-6.5,1.016,1.167
China,1912,0,1,7.0,3.25,2.154,1.5,0.1342,4.5,6.0,0.5,1.0,1.6
China,1913,0,0,7.0,3.25,2.154,1.5,0.1342,4.5,6.0,0.5,1.0,1.6
China,1914,0,0,6.875,3.375,2.037,1.875,0.1395,4.5,6.0,0.0,1.029,2.2
China,1915,0,0,6.875,3.375,2.037,1.875,0.1395,4.5,6.0,0.0,1.029,2.2
China,1916,0,0,7.375,3.25,2.269,0.75,0.1187,4.5,6.0,-5.5,1.065,2.8
China,1917,0,0,7.375,3.25,2.269,0.812,0.1203,5.0,6.0,-5.5,1.065,2.9
China,1918,0,0,7.625,3.375,2.259,0.875,0.1214,8.0,5.0,-5.5,1.081,3.533
China,1919,0,0,7.625,3.375,2.259,0.938,0.1229,8.5,5.0,-5.5,1.081,3.633
China,1920,0,0,7.625,3.375,2.259,0.938,0.1229,8.5,5.0,-5.5,1.081,3.633
China,1921,0,0,7.625,3.375,2.259,0.75,0.1181,8.0,5.0,-5.5,1.081,3.333
China,1922,0,0,7.625,3.375,2.259,0.75,0.1181,8.0,5.0,-5.5,1.081,3.333
China,1923,0,0,7.625,3.375,2.259,0.75,0.1181,8.0,5.0,-5.5,1.081,3.333
China,1924,1,0,7.0,3.5,2.0,2.188,0.1455,8.0,5.0,-2.0,1.078,3.233
China,1925,1,0,7.0,3.5,2.0,2.188,0.1455,8.0,5.0,-2.0,1.078,3.233
China,1926,1,0,6.375,4.0,1.594,4.0,0.1775,8.0,5.0,1.0,1.075,2.4
China,1927,0,1,6.0,4.25,1.412,4.812,0.1912,8.0,5.0,3.5,1.092,3.167
China,1928,0,0,6.0,4.25,1.412,4.812,0.1912,8.0,5.0,3.5,1.092,3.167
China,1929,0,0,5.5,4.75,1.158,6.812,0.2367,8.0,5.0,7.0,0.952,0.767
China,1930,0,0,5.5,4.75,1.158,6.812,0.2367,8.0,5.0,7.0,0.952,0.767
China,1931,0,0,5.5,4.75,1.158,6.812,0.2367,8.0,5.0,7.0,0.952,0.767
China,1932,0,0,5.125,5.125,1.0,7.938,0.2598,8.0,5.0,10.0,1.067,2.567
China,1933,0,0,5.125,5.125,1.0,7.938,0.2598,8.0,5.0,10.0,1.067,2.567
China,1934,0,0,5.125,5.125,1.0,7.938,0.2598,8.0,5.0,10.0,1.067,2.567
China,1935,0,0,5.25,5.0,1.05,7.562,0.2518,8.0,5.0,7.0,1.026,1.967
China,1936,0,0,5.25,5.0,1.05,7.562,0.2518,8.0,5.0,7.0,1.026,1.967
China,1937,0,0,7.875,3.875,2.032,1.812,0.1314,3.5,7.0,2.5,1.096,3.167
China,1938,0,0,8.125,3.875,2.097,1.5,0.1249,2.0,8.0,2.5,1.042,2.667
China,1939,0,0,8.125,3.625,2.241,1.0,0.1182,2.0,8.0,2.5,1.042,2.933
China,1940,0,0,8.125,3.75,2.167,1.0,0.1154,2.0,8.0,2.5,1.042,2.933
China,1941,0,0,8.625,3.625,2.379,0.375,0.108,2.0,8.0,0.5,1.071,3.0
China,1942,0,0,8.625,3.625,2.379,0.375,0.108,2.0,8.0,0.5,1.071,3.0
China,1943,0,0,8.625,3.375,2.556,-0.25,0.1009,2.0,8.0,-1.0,1.071,2.533
China,1944,0,0,8.625,3.375,2.556,-0.25,0.1009,2.0,8.0,-1.0,1.071,2.533
China,1945,0,0,7.625,3.5,2.179,1.312,0.1265,3.0,7.0,0.5,1.081,2.9
China,1946,1,0,7.875,3.0,2.625,0.0,0.1098,2.0,8.0,-2.0,1.026,1.867
China,1947,1,0,8.25,2.875,2.87,-0.75,0.0994,0.0,8.0,-3.0,1.016,1.2
China,1948,1,0,9.0,2.5,3.6,-2.25,0.0832,0.0,8.0,-4.0,1.061,1.467
China,1949,0,1,6.25,5.0,1.25,6.188,0.2078,6.5,6.0,9.0,1.022,1.633
China,1950,0,0,5.875,5.625,1.044,7.812,0.2365,6.5,6.0,10.0,0.944,0.5
China,1951,0,0,5.875,5.625,1.044,7.812,0.2365,6.5,6.0,10.0,0.944,0.5
China,1952,0,0,5.0,6.125,0.816,10.0,0.2931,10.0,5.0,12.0,1.0,0.8
China,1953,0,0,5.0,6.125,0.816,10.0,0.2931,10.0,5.0,12.0,1.0,0.8
China,1954,0,0,5.0,6.125,0.816,10.0,0.2931,10.0,5.0,12.0,1.0,0.8
China,1955,0,0,4.375,6.625,0.66,11.875,0.3479,13.5,4.0,13.5,1.111,1.933
China,1956,0,0,4.375,6.625,0.66,11.875,0.3479,13.5,4.0,13.5,1.111,1.933
China,1957,0,0,5.375,6.125,0.878,9.562,0.278,5.5,7.0,12.5,0.893,-0.967
China,1958,0,0,6.375,6.375,1.0,8.812,0.2423,9.0,6.0,11.5,1.167,1.567
China,1959,0,0,7.75,5.25,1.476,4.625,0.1627,5.5,7.0,7.0,1.204,3.933
China,1960,0,0,8.75,4.25,2.059,1.625,0.1217,4.5,8.0,4.0,1.25,7.4
China,1961,0,0,7.5,4.875,1.538,4.25,0.1619,5.5,7.0,7.0,1.111,4.4
China,1962,0,0,6.0,5.625,1.067,7.75,0.2353,9.0,6.0,8.0,1.0,2.0
China,1963,1,0,5.625,5.75,0.978,8.5,0.2548,10.0,5.0,9.0,1.111,2.133
China,1964,1,0,5.125,6.5,0.788,10.812,0.308,12.5,5.0,11.5,0.962,1.567
China,1965,1,0,4.75,6.625,0.717,11.562,0.3324,13.5,4.0,12.5,1.087,1.7
China,1966,0,1,7.375,4.625,1.595,4.188,0.1669,-1.5,9.0,8.5,0.921,-0.767
China,1967,0,0,8.625,3.5,2.464,0.125,0.1059,-5.0,10.0,1.5,0.947,-1.133
China,1968,0,0,8.375,3.75,2.233,0.875,0.1149,-5.0,10.0,4.5,0.992,0.067
China,1969,0,0,8.25,3.75,2.2,1.0,0.1167,-5.0,10.0,4.5,0.952,-0.267
China,1970,0,0,7.75,4.25,1.824,2.75,0.1419,-1.5,9.0,4.5,0.917,-2.0
China,1971,0,0,7.625,4.25,1.794,2.875,0.1444,-1.5,9.0,4.5,0.875,-2.333
China,1972,0,0,7.0,4.625,1.514,4.438,0.1717,2.0,8.0,5.0,0.789,-1.433
China,1973,0,0,6.75,4.75,1.421,5.125,0.1869,2.0,8.0,6.0,0.833,-2.2
China,1974,0,0,6.75,4.75,1.421,5.125,0.1869,2.0,8.0,6.0,0.833,-2.2
China,1975,0,0,6.5,4.75,1.368,5.5,0.1969,3.5,7.0,6.0,0.882,-1.6
China,1976,0,0,7.0,4.5,1.556,4.25,0.1711,2.0,8.0,2.5,0.856,-1.733
China,1977,0,0,5.125,5.625,0.911,8.562,0.2636,9.0,5.0,8.0,0.962,0.633
China,1978,0,0,5.0,6.0,0.833,9.875,0.2956,10.0,5.0,10.5,1.0,0.6
China,1979,0,0,4.0,6.125,0.653,11.25,0.3486,11.0,4.0,11.5,1.0,0.667
China,1980,0,0,4.0,6.375,0.627,11.75,0.3568,11.0,4.0,13.5,1.0,1.467
China,1981,0,0,4.0,6.375,0.627,11.75,0.3568,11.0,4.0,13.5,1.0,1.467
China,1982,0,0,4.0,6.375,0.627,11.812,0.3598,11.0,4.0,13.5,1.0,1.567
China,1983,0,0,4.0,6.75,0.593,12.688,0.3784,13.5,4.0,13.5,1.0,0.567
China,1984,0,0,4.0,6.75,0.593,12.688,0.3784,13.5,4.0,13.5,1.0,0.567
China,1985,0,0,4.0,6.75,0.593,12.688,0.3784,13.5,4.0,13.5,1.0,0.567
China,1986,1,0,4.5,6.75,0.667,12.188,0.3532,13.5,4.0,12.5,0.942,0.3
China,1987,1,0,4.5,6.75,0.667,12.188,0.3532,13.5,4.0,12.5,0.942,0.3
China,1988,1,0,5.375,6.125,0.878,9.812,0.2871,9.0,6.0,9.0,0.988,0.5
China,1989,0,1,6.5,5.375,1.209,6.812,0.2162,2.5,8.0,8.0,0.96,-0.033
China,1990,0,0,6.0,5.5,1.091,7.562,0.2355,2.5,8.0,9.0,0.914,-0.967
China,1991,0,0,5.625,5.75,0.978,8.438,0.2537,5.5,7.0,9.0,0.92,-0.1
China,1992,0,0,4.0,6.75,0.593,12.688,0.3782,13.5,4.0,13.5,1.0,0.3
China,1993,0,0,4.0,6.75,0.593,12.688,0.3782,13.5,4.0,13.5,1.0,0.3
China,1994,0,0,4.0,6.75,0.593,12.75,0.381,13.5,4.0,13.5,1.0,0.4
China,1995,0,0,4.0,6.75,0.593,12.75,0.381,13.5,4.0,13.5,1.0,0.4
China,1996,0,0,4.125,6.625,0.623,12.25,0.3649,13.5,4.0,13.5,1.083,1.467
China,1997,0,0,4.75,6.625,0.717,11.625,0.3356,13.5,4.0,12.5,1.212,2.067
China,1998,0,0,4.125,6.625,0.623,12.375,0.371,13.5,4.0,13.5,1.083,1.4
China,1999,0,0,4.0,7.0,0.571,13.375,0.3962,13.5,4.0,13.5,1.0,0.067
China,2000,0,0,4.0,7.5,0.533,14.625,0.4242,13.5,4.0,16.0,1.0,-0.6
China,2001,0,0,4.0,7.5,0.533,14.625,0.4242,13.5,4.0,16.0,1.0,-0.6
China,2002,0,0,4.0,7.5,0.533,14.625,0.4242,13.5,4.0,16.0,1.0,-0.6
China,2003,0,0,3.25,7.75,0.419,15.938,0.4841,17.0,3.0,16.0,0.882,-0.1
China,2004,0,0,3.25,7.75,0.419,15.938,0.4841,17.0,3.0,16.0,0.882,-0.1
China,2005,0,0,3.5,7.75,0.452,15.688,0.468,17.0,3.0,16.0,1.078,0.567
China,2006,0,0,3.875,7.75,0.5,15.312,0.4435,16.0,4.0,16.0,1.053,0.5
China,2007,0,0,4.25,7.625,0.557,14.625,0.4151,16.0,4.0,15.0,1.032,1.267
China,2008,0,0,4.5,7.625,0.59,14.375,0.402,16.0,4.0,15.0,1.19,1.933
China,2009,0,0,4.0,7.75,0.516,15.188,0.436,16.0,4.0,16.0,1.14,0.833
China,2010,0,0,3.875,7.75,0.5,15.375,0.4466,16.0,4.0,16.0,1.053,0.6
China,2011,0,0,3.875,7.75,0.5,15.312,0.4435,16.0,4.0,16.0,1.053,0.5
China,2012,0,0,3.875,7.75,0.5,15.312,0.4435,16.0,4.0,16.0,1.053,0.5
China,2013,0,0,3.875,7.75,0.5,15.312,0.4435,16.0,4.0,16.0,1.053,0.5
China,2014,0,0,4.0,7.375,0.542,14.312,0.4188,13.5,4.0,16.0,1.0,0.233
China,2015,0,0,4.0,7.375,0.542,14.312,0.4188,13.5,4.0,16.0,1.0,0.233
China,2016,0,0,4.0,7.5,0.533,14.625,0.425,13.5,4.0,16.0,1.0,-0.6
China,2017,0,0,4.0,7.5,0.533,14.625,0.425,13.5,4.0,16.0,1.0,-0.6
China,2018,0,0,5.0,7.375,0.678,13.312,0.3638,12.5,5.0,15.0,1.111,0.767
China,2019,0,0,5.5,7.0,0.786,12.125,0.3302,12.5,5.0,14.0,1.154,2.333
China,2020,0,0,5.625,6.75,0.833,11.562,0.3197,12.5,5.0,13.0,1.218,3.3
China,2021,0,0,5.875,6.75,0.87,11.125,0.3034,12.5,5.0,13.0,1.131,2.867
China,2022,0,0,6.0,6.75,0.889,10.938,0.2965,12.5,5.0,13.0,1.19,3.1
China,2023,0,0,5.25,6.75,0.778,11.75,0.3316,12.5,5.0,13.0,1.133,2.267
China,2024,0,0,5.375,6.75,0.796,11.625,0.3258,12.5,5.0,12.0,1.09,2.067
China,2025,0,0,5.375,6.75,0.796,11.625,0.3258,12.5,5.0,12.0,1.09,2.067
Colombia,1900,0,0,7.875,2.75,2.864,-0.25,0.1093,1.0,7.0,-0.6,0.958,2.267
Colombia,1901,0,0,7.875,2.75,2.864,-0.25,0.1093,1.0,7.0,-0.6,0.958,2.267
Colombia,1902,0,0,7.875,2.75,2.864,-0.275,0.1089,1.0,7.0,-0.6,0.958,2.227
Colombia,1903,0,0,6.85,2.825,2.425,0.875,0.1265,2.0,6.0,0.4,0.973,2.253
Colombia,1904,0,0,5.45,3.375,1.615,3.35,0.1682,3.0,5.0,4.4,0.966,1.627
Colombia,1905,0,0,4.8,3.7,1.297,4.762,0.1975,5.2,4.4,6.1,1.068,2.82
Colombia,1906,0,0,4.675,3.875,1.206,5.262,0.208,6.4,4.0,6.5,1.067,2.98
Colombia,1907,0,0,4.65,3.9,1.192,5.312,0.2088,6.4,4.0,6.7,1.077,3.06
Colombia,1908,0,0,4.6,4.05,1.136,5.538,0.2112,6.4,4.0,7.5,1.096,3.313
Colombia,1909,0,0,4.6,4.05,1.136,5.588,0.2127,6.4,4.0,7.7,1.096,3.287
Colombia,1910,0,0,4.05,4.325,0.936,6.638,0.2378,6.5,4.0,8.5,1.033,2.247
Colombia,1911,0,0,4.05,4.325,0.936,6.638,0.2378,6.5,4.0,8.5,1.033,2.247
Colombia,1912,0,0,4.075,4.325,0.942,6.612,0.2372,6.5,4.0,8.5,1.05,2.313
Colombia,1913,0,0,4.075,4.35,0.937,6.638,0.2372,6.5,4.0,8.5,1.05,2.247
Colombia,1914,0,0,4.075,4.35,0.937,6.638,0.2372,6.5,4.0,8.5,1.05,2.247
Colombia,1915,0,0,4.075,4.35,0.937,6.638,0.2372,6.5,4.0,8.5,1.05,2.247
Colombia,1916,0,0,4.075,4.35,0.937,6.638,0.2372,6.5,4.0,8.5,1.05,2.247
Colombia,1917,0,0,4.075,4.35,0.937,6.638,0.2372,6.5,4.0,8.5,1.05,2.247
Colombia,1918,0,0,4.125,4.35,0.948,6.588,0.2359,6.5,4.0,8.5,1.083,2.38
Colombia,1919,0,0,4.125,4.35,0.948,6.588,0.2359,6.5,4.0,8.5,1.083,2.38
Colombia,1920,0,0,4.125,4.375,0.943,6.612,0.2359,6.5,4.0,8.5,1.083,2.313
Colombia,1921,0,0,4.125,4.375,0.943,6.612,0.2359,6.5,4.0,8.5,1.083,2.313
Colombia,1922,0,0,4.125,4.375,0.943,6.612,0.2359,6.5,4.0,8.5,1.083,2.313
Colombia,1923,0,0,4.125,4.375,0.943,6.637,0.237,6.5,4.0,8.5,1.083,2.353
Colombia,1924,0,0,4.125,4.375,0.943,6.65,0.2375,6.5,4.0,8.5,1.083,2.373
Colombia,1925,0,0,4.125,4.375,0.943,6.662,0.238,6.5,4.0,8.5,1.083,2.393
Colombia,1926,0,0,4.125,4.375,0.943,6.662,0.238,6.5,4.0,8.5,1.083,2.393
Colombia,1927,0,0,4.125,4.375,0.943,6.662,0.238,6.5,4.0,8.5,1.083,2.393
Colombia,1928,0,0,4.95,4.375,1.131,5.812,0.2115,5.7,4.8,7.5,1.038,2.207
Colombia,1929,0,0,5.125,4.375,1.171,5.662,0.2072,5.5,5.0,7.5,1.067,2.393
Colombia,1930,0,0,4.625,4.375,1.057,6.112,0.2198,6.5,4.0,7.5,1.014,2.047
Colombia,1931,0,0,4.75,4.375,1.086,5.988,0.2162,6.5,4.0,7.5,1.087,2.38
Colombia,1932,0,0,5.525,4.375,1.263,5.2,0.1938,5.5,5.0,6.5,0.964,1.76
Colombia,1933,0,0,4.8,4.375,1.097,5.925,0.2141,5.9,4.6,7.5,1.022,2.067
Colombia,1934,0,0,4.7,4.375,1.074,6.025,0.2171,6.3,4.2,7.5,1.034,2.12
Colombia,1935,0,0,4.625,4.375,1.057,6.1,0.2193,6.5,4.0,7.5,1.038,2.133
Colombia,1936,0,0,4.075,4.375,0.931,6.988,0.2483,6.5,4.0,9.5,1.05,2.167
Colombia,1937,0,0,4.075,4.375,0.931,6.988,0.2483,6.5,4.0,9.5,1.05,2.167
Colombia,1938,0,0,4.075,4.375,0.931,6.988,0.2483,6.5,4.0,9.5,1.05,2.167
Colombia,1939,0,0,4.075,4.375,0.931,6.988,0.2483,6.5,4.0,9.5,1.05,2.167
Colombia,1940,0,0,4.075,4.375,0.931,6.988,0.2483,6.5,4.0,9.5,1.05,2.167
Colombia,1941,0,0,4.075,4.375,0.931,6.988,0.2483,6.5,4.0,9.5,1.05,2.167
Colombia,1942,0,0,4.1,4.375,0.937,6.962,0.2476,6.5,4.0,9.5,1.067,2.233
Colombia,1943,0,0,4.1,4.375,0.937,6.962,0.2476,6.5,4.0,9.5,1.067,2.233
Colombia,1944,0,0,4.1,4.375,0.937,6.962,0.2476,6.5,4.0,9.5,1.067,2.233
Colombia,1945,0,0,4.1,4.375,0.937,6.962,0.2476,6.5,4.0,9.5,1.067,2.233
Colombia,1946,0,0,5.05,4.375,1.154,5.675,0.2071,5.7,4.8,7.5,1.07,2.307
Colombia,1947,0,0,5.675,4.375,1.297,5.038,0.1896,5.1,5.4,6.5,1.017,2.033
Colombia,1948,0,0,7.5,4.25,1.765,2.388,0.1331,2.9,7.0,2.3,0.937,1.207
Colombia,1949,0,0,6.375,4.25,1.5,3.938,0.1654,4.5,6.0,4.5,0.99,2.3
Colombia,1950,1,0,6.375,4.25,1.5,3.938,0.1654,4.5,6.0,4.5,0.99,2.3
Colombia,1951,1,0,6.375,4.25,1.5,3.938,0.1654,4.5,6.0,4.5,0.99,2.3
Colombia,1952,1,0,6.375,4.25,1.5,3.938,0.1654,4.5,6.0,4.5,0.99,2.3
Colombia,1953,0,1,5.325,4.5,1.183,5.325,0.1923,5.0,5.0,6.0,1.003,1.853
Colombia,1954,0,0,5.075,4.5,1.128,5.612,0.2001,5.0,5.0,7.0,1.04,2.1
Colombia,1955,0,0,5.1,4.5,1.133,5.588,0.1996,5.0,5.0,7.0,1.053,2.167
Colombia,1956,0,0,5.475,4.5,1.217,5.188,0.1888,5.0,5.0,6.0,0.978,1.74
Colombia,1957,0,0,5.375,4.5,1.194,5.288,0.1914,5.0,5.0,6.0,0.988,1.793
Colombia,1958,0,0,4.875,4.375,1.114,5.862,0.2123,5.5,5.0,7.5,1.042,2.18
Colombia,1959,0,0,4.875,4.375,1.114,5.862,0.2123,5.5,5.0,7.5,1.042,2.18
Colombia,1960,0,0,4.975,4.375,1.137,5.762,0.209,5.5,5.0,7.5,1.008,2.02
Colombia,1961,0,0,5.025,4.375,1.149,5.712,0.2077,5.5,5.0,7.5,0.992,1.94
Colombia,1962,0,0,5.075,4.375,1.16,5.662,0.2064,5.5,5.0,7.5,0.977,1.86
Colombia,1963,0,0,5.175,4.375,1.183,5.562,0.2041,5.5,5.0,7.5,1.029,2.127
Colombia,1964,0,0,5.225,4.375,1.194,5.512,0.2029,5.5,5.0,7.5,1.034,2.153
Colombia,1965,0,0,5.225,4.375,1.194,5.512,0.2029,5.5,5.0,7.5,1.034,2.153
Colombia,1966,0,0,5.25,4.375,1.2,5.488,0.2021,5.5,5.0,7.5,1.026,2.113
Colombia,1967,0,0,5.25,4.425,1.186,5.588,0.2035,6.3,5.0,7.5,1.026,2.273
Colombia,1968,0,0,5.25,4.575,1.148,5.788,0.2049,7.1,5.0,8.3,1.026,2.593
Colombia,1969,0,0,5.25,4.575,1.148,5.788,0.2049,7.1,5.0,8.3,1.026,2.593
Colombia,1970,0,0,5.3,4.6,1.152,5.788,0.204,7.5,5.0,7.9,1.01,2.593
Colombia,1971,0,0,5.35,4.6,1.163,5.738,0.2026,7.5,5.0,7.9,1.015,2.62
Colombia,1972,0,0,5.4,4.6,1.174,5.688,0.2012,7.5,5.0,7.9,1.02,2.647
Colombia,1973,0,0,5.525,4.6,1.201,5.562,0.1976,7.5,5.0,7.7,1.022,2.66
Colombia,1974,0,0,5.625,4.6,1.223,5.462,0.1949,7.5,5.0,7.5,1.051,2.82
Colombia,1975,0,0,5.675,4.625,1.227,5.438,0.1935,7.3,5.2,7.7,1.055,2.887
Colombia,1976,0,0,5.675,4.625,1.227,5.438,0.1935,7.3,5.2,7.7,1.055,2.887
Colombia,1977,0,0,5.725,4.625,1.238,5.388,0.1922,7.3,5.2,7.7,1.04,2.807
Colombia,1978,0,0,5.95,4.625,1.286,5.163,0.1866,6.9,5.6,7.5,1.032,2.767
Colombia,1979,0,0,6.125,4.625,1.324,4.988,0.1819,6.7,5.8,7.3,1.02,2.7
Colombia,1980,0,0,6.475,4.625,1.4,4.638,0.1731,6.7,5.8,6.7,1.014,2.673
Colombia,1981,0,0,6.475,4.625,1.4,4.625,0.1728,6.7,5.8,6.7,1.014,2.653
Colombia,1982,0,0,6.475,4.625,1.4,4.625,0.1728,6.7,5.8,6.7,1.014,2.653
Colombia,1983,0,0,6.45,4.625,1.395,4.65,0.1733,6.5,6.0,6.7,0.988,2.48
Colombia,1984,0,0,6.75,4.625,1.459,4.338,0.166,6.1,6.4,6.5,0.965,2.3
Colombia,1985,0,0,7.075,4.625,1.53,3.75,0.1527,4.5,7.0,4.9,0.939,1.68
Colombia,1986,0,0,7.025,4.625,1.519,3.862,0.1554,4.5,7.0,5.3,0.964,1.967
Colombia,1987,0,0,7.025,4.625,1.519,3.838,0.1548,4.5,7.0,5.3,0.964,1.927
Colombia,1988,0,0,7.475,4.625,1.616,3.188,0.1414,4.5,7.0,4.5,0.984,2.06
Colombia,1989,0,0,7.775,4.625,1.681,2.762,0.1332,4.5,7.0,3.7,0.951,1.7
Colombia,1990,0,0,7.825,4.625,1.692,2.712,0.1323,4.3,7.2,3.7,0.955,1.727
Colombia,1991,0,0,6.625,4.775,1.387,4.775,0.1735,7.0,6.0,7.0,1.01,3.107
Colombia,1992,0,0,6.625,4.975,1.332,5.138,0.1781,7.0,6.0,7.0,1.01,2.62
Colombia,1993,0,0,6.675,4.95,1.348,5.062,0.1767,6.6,6.4,7.0,0.998,2.5
Colombia,1994,0,0,6.925,4.9,1.413,4.612,0.1676,6.6,6.4,5.0,0.942,1.78
Colombia,1995,0,0,7.125,4.9,1.454,4.312,0.1605,6.2,6.8,5.0,0.901,1.3
Colombia,1996,1,0,7.225,4.875,1.482,4.188,0.1588,6.0,7.0,5.0,0.923,1.42
Colombia,1997,1,0,7.45,4.875,1.528,3.912,0.1526,6.0,7.0,5.0,0.947,1.727
Colombia,1998,1,0,7.9,4.875,1.621,3.075,0.1356,5.4,7.0,4.0,0.954,1.773
Colombia,1999,0,1,7.975,4.7,1.697,2.725,0.1324,5.2,7.0,3.6,0.952,1.96
Colombia,2000,0,0,7.875,4.75,1.658,3.038,0.1378,5.4,7.0,4.0,0.958,2.247
Colombia,2001,0,0,7.875,4.75,1.658,3.038,0.1378,5.4,7.0,4.0,0.958,2.247
Colombia,2002,0,0,7.725,4.75,1.626,3.538,0.1475,6.0,7.0,5.4,0.988,2.833
Colombia,2003,0,0,6.7,4.975,1.347,5.212,0.18,6.8,6.2,6.8,0.992,2.74
Colombia,2004,0,0,6.275,5.2,1.207,5.862,0.1905,7.0,6.0,7.0,0.964,2.5
Colombia,2005,0,0,6.025,5.475,1.1,6.488,0.2008,7.6,6.0,7.4,0.993,2.433
Colombia,2006,0,0,5.675,5.5,1.032,6.888,0.2118,8.6,5.2,7.8,0.979,2.327
Colombia,2007,0,0,5.35,5.55,0.964,7.438,0.2267,8.8,5.0,8.4,0.937,1.713
Colombia,2008,0,0,5.325,5.575,0.955,7.538,0.2291,8.8,5.0,8.8,0.925,1.767
Colombia,2009,0,0,5.4,5.5,0.982,7.262,0.2237,8.8,5.0,8.0,0.923,1.54
Colombia,2010,0,0,5.3,5.625,0.942,7.55,0.2281,9.0,5.0,8.0,0.931,1.627
Colombia,2011,0,0,5.15,5.625,0.916,7.875,0.2379,9.0,5.0,9.2,0.954,1.72
Colombia,2012,0,0,5.025,5.725,0.878,8.137,0.2433,9.0,5.0,10.0,0.992,1.66
Colombia,2013,0,0,5.0,5.725,0.873,8.162,0.2441,9.0,5.0,10.0,1.0,1.7
Colombia,2014,0,0,5.0,5.75,0.87,8.188,0.2441,9.0,5.0,10.0,1.0,1.633
Colombia,2015,0,0,5.0,5.75,0.87,8.188,0.2441,9.0,5.0,10.0,1.0,1.633
Colombia,2016,0,0,5.0,5.75,0.87,8.525,0.2544,9.8,5.0,10.5,1.0,2.173
Colombia,2017,0,0,5.0,5.75,0.87,8.062,0.2407,9.0,5.0,9.0,1.0,1.433
Colombia,2018,0,0,5.025,5.75,0.874,7.938,0.2371,9.0,5.0,9.0,0.992,1.66
Colombia,2019,0,0,5.325,5.75,0.926,7.613,0.2272,9.0,5.0,8.2,0.983,1.673
Colombia,2020,0,0,6.65,5.0,1.33,5.275,0.1816,7.2,6.0,6.8,1.053,3.213
Colombia,2021,0,0,7.0,4.975,1.407,4.7,0.1692,7.0,6.4,4.6,1.047,2.827
Colombia,2022,0,0,5.7,5.275,1.081,6.75,0.2154,9.0,5.0,8.0,1.048,2.373
Colombia,2023,0,0,5.625,5.25,1.071,6.812,0.2181,9.0,5.0,8.0,1.012,2.1
Colombia,2024,0,0,5.625,5.25,1.071,6.812,0.2181,9.0,5.0,8.0,1.012,2.1
Colombia,2025,0,0,5.625,5.25,1.071,6.812,0.2181,9.0,5.0,8.0,1.012,2.1
Denmark,1912,0,0,3.625,5.0,0.725,9.25,0.3161,9.5,4.0,9.5,1.176,0.133
Denmark,1913,0,0,3.75,4.875,0.769,9.0,0.3115,9.5,4.0,9.5,1.111,-0.267
Denmark,1914,0,0,0.25,5.5,0.045,13.75,0.5387,17.0,0.0,15.0,0.0,-2.0
Egypt,1900,0,0,4.375,6.625,0.66,11.562,0.3389,17.0,3.0,8.0,1.111,1.7
Egypt,1901,0,0,4.375,6.625,0.66,11.562,0.3389,17.0,3.0,8.0,1.111,1.7
Egypt,1902,0,0,4.375,7.125,0.614,12.312,0.3465,17.0,3.0,8.0,1.111,0.767
Egypt,1903,0,0,4.375,7.125,0.614,12.312,0.3465,17.0,3.0,8.0,1.111,0.767
Egypt,1904,0,0,4.25,7.375,0.576,13.062,0.367,18.0,3.0,12.5,1.167,1.967
Egypt,1905,0,0,4.125,7.5,0.55,13.375,0.375,18.0,3.0,12.5,1.083,1.667
Egypt,1906,0,0,5.5,7.125,0.772,11.688,0.3153,18.0,3.0,8.5,1.049,1.633
Egypt,1907,0,0,6.375,6.125,1.041,9.0,0.2567,16.0,4.0,5.0,1.167,2.667
Egypt,1908,0,0,5.5,6.125,0.898,9.875,0.2884,16.0,4.0,7.0,1.049,1.4
Egypt,1909,0,0,5.625,6.375,0.882,10.125,0.2873,16.0,4.0,6.0,0.92,0.2
Egypt,1910,0,0,6.625,6.375,1.039,9.125,0.2519,16.0,4.0,2.0,0.931,-0.867
Egypt,1911,0,0,4.875,7.25,0.672,12.438,0.3431,18.0,3.0,11.5,1.042,1.767
Egypt,1912,0,0,4.25,7.5,0.567,13.875,0.3921,19.5,3.0,14.5,1.032,1.4
Egypt,1913,0,0,4.25,7.625,0.557,14.0,0.3921,19.5,3.0,14.5,1.032,1.067
Egypt,1914,0,0,6.375,6.75,0.944,10.75,0.2914,19.5,3.0,15.0,1.369,6.0
Egypt,1915,0,0,7.125,6.125,1.163,8.625,0.2441,17.5,4.0,12.0,1.212,5.267
Egypt,1916,0,0,6.75,6.625,1.019,9.188,0.2481,17.5,4.0,12.5,1.237,5.633
Egypt,1917,0,0,7.625,6.0,1.271,7.312,0.2126,17.5,4.0,10.5,1.238,6.9
Egypt,1918,0,0,8.625,5.875,1.468,5.688,0.1756,16.5,5.0,8.5,1.208,7.5
Egypt,1919,0,0,8.875,5.25,1.69,5.875,0.1853,10.0,7.0,0.0,1.085,0.867
Egypt,1920,0,0,7.625,5.875,1.298,7.75,0.221,13.0,6.0,3.0,1.009,1.733
Egypt,1921,0,0,7.125,6.25,1.14,8.625,0.2372,15.0,5.0,4.0,1.048,1.0
Egypt,1922,0,0,5.25,6.75,0.778,11.438,0.3199,16.0,4.0,8.5,1.026,1.233
Egypt,1923,0,0,5.0,5.375,0.93,9.25,0.296,12.5,4.0,5.0,1.0,0.667
Egypt,1924,0,0,6.625,5.125,1.293,7.0,0.229,11.5,5.0,2.0,0.857,-0.8
Egypt,1925,0,0,4.875,5.125,0.951,8.875,0.2916,12.5,4.0,5.0,1.042,1.133
Egypt,1926,0,0,4.75,5.5,0.864,9.75,0.308,12.5,4.0,7.0,0.972,0.933
Egypt,1927,0,0,4.875,5.5,0.886,9.625,0.3032,12.5,4.0,6.0,0.833,0.2
Egypt,1928,0,0,6.25,5.125,1.22,7.0,0.2299,10.5,5.0,0.0,0.938,0.267
Egypt,1929,0,0,7.125,5.125,1.39,6.125,0.2044,11.5,5.0,1.0,1.048,1.533
Egypt,1930,0,0,6.875,5.25,1.31,6.875,0.2222,12.5,4.0,9.0,1.29,5.4
Egypt,1931,0,0,6.375,5.25,1.214,7.375,0.2365,12.5,4.0,10.0,1.264,5.133
Egypt,1932,0,0,5.875,5.375,1.093,8.375,0.2621,12.5,4.0,10.0,1.131,4.067
Egypt,1933,0,0,5.75,5.5,1.045,8.625,0.2656,11.5,5.0,6.0,0.977,1.8
Egypt,1934,0,0,4.625,5.875,0.787,10.5,0.3214,12.5,4.0,10.0,1.014,1.6
Egypt,1935,0,0,6.0,6.375,0.941,10.312,0.2886,13.0,5.0,7.0,0.914,0.5
Egypt,1936,0,0,4.125,6.25,0.66,12.25,0.3786,14.0,4.0,12.0,1.083,1.467
Egypt,1937,0,0,5.25,5.75,0.913,10.0,0.307,14.0,4.0,5.0,1.026,0.533
Egypt,1938,0,0,5.375,5.75,0.935,9.375,0.2877,14.0,4.0,5.0,0.988,0.6
Egypt,1939,0,0,6.75,5.75,1.174,7.75,0.231,14.0,5.0,4.0,0.98,1.2
Egypt,1940,0,0,7.875,6.0,1.312,6.438,0.1899,14.0,6.0,2.0,1.026,0.7
Egypt,1941,0,0,8.75,5.75,1.522,5.375,0.1691,13.0,7.0,0.0,0.985,-0.733
Egypt,1942,0,0,7.875,6.5,1.212,7.562,0.2034,14.0,6.0,3.0,1.026,0.1
Egypt,1943,0,0,6.625,6.875,0.964,10.062,0.2625,15.0,5.0,7.0,1.094,0.9
Egypt,1944,0,0,5.625,6.125,0.918,10.125,0.2952,16.0,4.0,5.0,1.111,1.267
Egypt,1945,0,0,7.0,5.625,1.244,7.375,0.2244,14.0,5.0,1.0,1.078,1.133
Egypt,1946,0,0,8.0,5.5,1.455,5.875,0.1869,13.0,6.0,1.0,1.068,1.933
Egypt,1947,0,0,7.0,5.5,1.273,7.625,0.2325,14.0,5.0,3.0,1.078,2.067
Egypt,1948,0,0,9.125,4.875,1.872,3.625,0.152,11.0,7.0,0.0,1.037,1.0
Egypt,1949,1,0,8.125,5.125,1.585,5.438,0.1865,12.0,6.0,2.0,1.042,1.767
Egypt,1950,1,0,6.5,6.25,1.04,9.312,0.2602,14.0,5.0,6.0,0.96,0.5
Egypt,1951,1,0,8.75,4.875,1.795,3.312,0.1447,10.5,7.0,-2.5,1.047,0.767
Egypt,1952,0,1,8.75,5.25,1.667,4.562,0.1616,7.5,8.0,4.0,1.111,3.033
Egypt,1953,0,0,5.75,6.125,0.939,9.75,0.2799,12.5,5.0,10.5,0.977,1.2
Egypt,1954,0,0,5.625,6.125,0.918,10.188,0.2962,12.5,5.0,13.5,0.833,-0.5
Egypt,1955,0,0,5.0,7.0,0.714,12.625,0.3549,15.0,4.0,16.0,1.0,0.733
Egypt,1956,0,0,6.5,7.0,0.929,11.125,0.2899,15.0,5.0,15.0,1.042,2.067
Egypt,1957,0,0,5.125,7.125,0.719,12.875,0.3565,16.0,4.0,15.0,1.067,1.667
Egypt,1958,0,0,5.75,7.25,0.793,12.438,0.3297,15.5,5.0,11.0,0.889,-0.367
Egypt,1959,0,0,5.0,7.5,0.667,13.812,0.3765,16.5,4.0,15.0,1.0,0.767
Egypt,1960,0,0,5.0,8.0,0.625,14.688,0.3896,18.5,4.0,15.0,0.897,-0.5
Egypt,1961,0,0,5.125,7.375,0.695,13.562,0.3749,17.5,4.0,15.0,0.962,0.1
Egypt,1962,0,0,4.75,7.75,0.613,14.688,0.4048,18.5,4.0,17.0,0.972,0.833
Egypt,1963,0,0,5.375,7.5,0.717,13.375,0.3566,16.5,5.0,15.0,0.893,-0.733
Egypt,1964,1,0,5.5,7.5,0.733,13.25,0.351,17.5,5.0,15.0,0.862,-0.933
Egypt,1965,1,0,6.625,7.0,0.946,10.875,0.2824,14.5,6.0,12.0,0.931,-0.467
Egypt,1966,1,0,7.25,6.75,1.074,10.0,0.2585,14.5,6.0,11.0,1.019,0.8
Egypt,1967,0,1,9.75,4.375,2.229,2.188,0.134,8.0,9.0,1.0,1.042,0.033
Egypt,1968,0,0,8.0,5.875,1.362,7.312,0.2098,10.0,8.0,8.0,1.0,1.3
Egypt,1969,0,0,7.0,6.75,1.037,10.375,0.2689,12.5,7.0,11.0,1.0,1.133
Egypt,1970,0,0,6.5,7.375,0.881,11.812,0.297,14.5,6.0,8.5,0.96,0.767
Egypt,1971,0,0,5.875,6.75,0.87,11.312,0.3097,14.0,5.0,13.5,1.235,3.433
Egypt,1972,0,0,6.25,6.875,0.909,10.938,0.2919,15.0,5.0,11.5,1.207,3.367
Egypt,1973,0,0,4.75,7.75,0.613,14.625,0.4,17.0,4.0,17.0,1.212,3.133
Egypt,1974,0,0,5.875,7.125,0.825,12.625,0.3358,15.0,5.0,13.0,1.034,1.8
Egypt,1975,0,0,5.875,7.0,0.839,12.312,0.3308,15.0,5.0,13.0,1.034,1.3
Egypt,1976,0,0,6.875,6.875,1.0,10.75,0.2783,14.0,6.0,11.0,1.029,1.467
Egypt,1977,0,0,8.625,5.75,1.5,6.375,0.1904,10.0,8.0,4.0,1.071,2.467
Egypt,1978,0,0,7.25,6.25,1.16,9.25,0.2522,12.0,7.0,9.0,1.019,1.2
Egypt,1979,0,0,6.875,6.25,1.1,9.5,0.2652,13.0,6.0,7.0,0.952,0.0
Egypt,1980,0,0,6.875,6.25,1.1,9.5,0.2652,13.0,6.0,7.0,0.952,0.0
Egypt,1981,0,0,7.375,6.0,1.229,7.375,0.2152,12.0,6.0,1.0,0.855,-0.467
Egypt,1982,0,0,6.25,6.125,1.02,9.562,0.2732,13.0,5.0,8.5,1.022,2.5
Egypt,1983,0,0,6.0,6.125,0.98,9.938,0.2855,13.0,5.0,10.5,1.092,3.1
Egypt,1984,0,0,5.75,6.25,0.92,10.438,0.3,15.0,4.0,12.5,1.173,3.9
Egypt,1985,0,0,6.25,6.125,1.02,9.688,0.2769,13.0,5.0,10.5,1.207,3.767
Egypt,1986,0,0,7.0,6.0,1.167,8.312,0.2396,13.0,5.0,8.5,1.0,1.567
Egypt,1987,0,0,6.5,6.125,1.061,9.312,0.2639,13.0,5.0,9.5,1.129,3.167
Egypt,1988,0,0,6.375,5.875,1.085,9.188,0.2687,13.0,5.0,10.5,1.167,4.033
Egypt,1989,0,0,6.375,5.875,1.085,9.188,0.2687,13.0,5.0,10.5,1.167,4.033
Egypt,1990,0,0,6.375,6.25,1.02,9.625,0.271,13.0,5.0,10.5,1.075,3.133
Egypt,1991,0,0,5.375,7.0,0.768,11.938,0.3286,16.0,4.0,15.5,1.2,4.167
Egypt,1992,0,0,6.875,6.25,1.1,9.125,0.2536,13.0,5.0,9.5,1.029,2.867
Egypt,1993,0,0,7.125,6.25,1.14,8.75,0.2437,13.0,5.0,9.5,1.048,2.8
Egypt,1994,0,0,7.375,6.25,1.18,8.625,0.2372,13.0,5.0,9.5,1.065,4.2
Egypt,1995,0,0,7.5,6.125,1.224,8.25,0.2308,13.0,5.0,6.5,1.036,3.6
Egypt,1996,0,0,6.5,6.375,1.02,10.125,0.2786,14.0,5.0,11.5,1.042,3.933
Egypt,1997,0,0,8.375,5.875,1.426,6.875,0.1997,13.0,6.0,7.5,1.057,4.6
Egypt,1998,0,0,6.375,6.5,0.981,10.25,0.2802,14.0,5.0,12.5,1.167,5.733
Egypt,1999,0,0,5.875,6.75,0.87,11.375,0.3113,14.0,5.0,14.5,1.235,5.933
Egypt,2000,0,0,6.5,6.5,1.0,10.312,0.281,13.0,5.0,12.5,1.129,5.3
Egypt,2001,0,0,5.375,6.625,0.811,11.438,0.3227,15.0,4.0,12.5,1.2,4.167
Egypt,2002,0,0,5.625,6.625,0.849,11.188,0.3116,15.0,4.0,11.5,1.218,4.3
Egypt,2003,0,0,7.125,6.0,1.188,8.562,0.2433,14.0,5.0,7.5,1.212,5.433
Egypt,2004,0,0,5.875,7.0,0.839,11.5,0.3085,16.0,4.0,13.0,1.235,5.067
Egypt,2005,0,0,6.875,6.625,1.038,9.75,0.2615,15.0,5.0,7.0,1.111,3.867
Egypt,2006,0,0,6.5,6.875,0.945,10.875,0.2899,16.5,4.0,11.0,1.222,5.4
Egypt,2007,0,0,7.375,6.75,1.093,9.5,0.2466,15.5,5.0,9.0,1.143,4.8
Egypt,2008,1,0,8.375,5.875,1.426,6.562,0.1942,12.5,6.0,5.0,1.197,5.967
Egypt,2009,1,0,8.0,6.125,1.306,7.562,0.2126,12.0,6.0,5.5,1.14,4.633
Egypt,2010,1,0,8.75,5.25,1.667,4.812,0.1694,9.0,7.0,2.5,1.111,4.5
Egypt,2011,1,1,9.875,3.25,3.038,1.188,0.1343,1.0,10.0,-3.5,1.02,2.433
Egypt,2012,1,0,8.75,4.0,2.188,2.875,0.1557,5.0,8.0,0.0,0.985,2.467
Egypt,2013,0,1,9.75,4.0,2.438,2.125,0.1386,6.0,9.0,-2.0,1.042,3.4
Egypt,2014,0,0,6.75,6.125,1.102,9.625,0.2707,13.0,6.0,12.5,1.333,7.933
Egypt,2015,0,0,6.375,7.0,0.911,11.375,0.2987,15.0,5.0,14.0,1.369,8.6
Egypt,2016,0,0,7.75,6.625,1.17,9.438,0.2438,13.0,6.0,13.0,1.373,9.233
Egypt,2017,0,0,6.625,6.75,0.981,10.938,0.2908,14.0,5.0,14.0,1.379,8.433
Egypt,2018,0,0,5.875,7.5,0.783,13.188,0.3427,15.0,5.0,16.0,1.346,6.967
Egypt,2019,0,0,5.25,7.625,0.689,14.062,0.377,16.0,4.0,17.0,1.377,6.233
Egypt,2020,0,0,7.0,7.0,1.0,10.938,0.2791,14.0,6.0,12.0,1.25,6.3
Egypt,2021,0,0,6.625,7.5,0.883,12.375,0.3082,14.0,6.0,15.0,1.278,7.0
Egypt,2022,0,0,8.0,6.625,1.208,9.312,0.2374,12.0,7.0,11.0,1.216,7.7
Egypt,2023,0,0,9.5,5.125,1.854,4.938,0.1677,8.0,9.0,6.0,1.087,7.1
Egypt,2024,0,0,7.625,7.0,1.089,10.062,0.25,13.0,7.0,13.0,1.238,7.3
Egypt,2025,0,0,6.875,7.125,0.965,11.188,0.2828,14.0,6.0,13.0,1.198,6.967
Estonia,1900,0,0,2.125,4.875,0.436,10.688,0.3764,10.0,3.0,10.5,0.513,-0.767
Estonia,1901,0,0,2.125,4.875,0.436,10.688,0.3764,10.0,3.0,10.5,0.513,-0.767
Estonia,1902,0,0,2.125,4.875,0.436,10.688,0.3764,10.0,3.0,10.5,0.513,-0.767
Estonia,1903,0,0,1.625,5.125,0.317,11.906,0.4287,12.25,2.0,11.75,0.5,-1.083
Estonia,1904,0,0,1.625,5.125,0.317,11.906,0.4287,12.25,2.0,11.75,0.5,-1.083
Estonia,1905,0,0,1.375,4.625,0.297,10.906,0.4092,11.0,2.0,11.5,0.952,-0.15
Estonia,1906,0,0,1.25,5.125,0.244,12.281,0.4519,13.25,1.0,12.75,0.714,-0.483
Estonia,1907,0,0,1.625,5.125,0.317,11.906,0.4287,12.25,2.0,11.75,0.5,-1.083
Estonia,1908,0,0,1.625,5.125,0.317,11.906,0.4287,12.25,2.0,11.75,0.5,-1.083
Estonia,1909,0,0,1.625,5.125,0.317,11.906,0.4287,12.25,2.0,11.75,0.5,-1.083
Estonia,1910,0,0,2.0,5.625,0.356,12.781,0.4459,12.5,3.0,12.0,0.385,-1.683
Estonia,1911,0,0,2.0,5.625,0.356,12.781,0.4459,12.5,3.0,12.0,0.385,-1.683
Estonia,1912,0,0,2.0,5.625,0.356,12.781,0.4459,12.5,3.0,12.0,0.385,-1.683
Estonia,1913,0,0,1.5,5.938,0.253,14.062,0.5035,14.75,2.0,13.25,0.333,-2.167
Estonia,1914,0,0,2.75,3.75,0.733,7.25,0.2782,9.5,1.0,8.0,1.667,3.067
Estonia,1915,0,0,5.25,2.25,2.333,1.188,0.128,3.0,4.0,3.5,1.25,3.767
Estonia,1916,0,0,5.25,2.25,2.333,1.188,0.128,3.0,4.0,3.5,1.25,3.767
Estonia,1917,0,0,5.5,4.125,1.333,4.562,0.1887,0.5,7.0,2.0,0.778,-3.9
Estonia,1918,0,0,7.125,3.125,2.28,0.25,0.1062,-3.0,8.0,-5.0,0.901,-3.6
Estonia,1919,0,0,3.5,5.5,0.636,9.875,0.3245,5.0,5.0,9.5,0.926,-1.533
Estonia,1920,0,0,2.5,6.5,0.385,13.375,0.444,8.5,4.0,13.0,0.897,-1.533
Estonia,1921,0,0,1.625,6.5,0.25,14.812,0.5285,11.0,3.0,15.0,0.741,-0.833
Estonia,1922,0,0,1.625,6.5,0.25,14.812,0.5285,11.0,3.0,15.0,0.741,-0.833
Estonia,1923,0,0,1.625,6.5,0.25,14.812,0.5285,11.0,3.0,15.0,0.741,-0.833
Estonia,1924,0,0,1.625,6.5,0.25,14.812,0.5285,11.0,3.0,15.0,0.741,-0.833
Estonia,1925,0,0,1.625,6.5,0.25,14.812,0.5285,11.0,3.0,15.0,0.741,-0.833
Estonia,1926,0,0,1.625,6.5,0.25,14.812,0.5285,11.0,3.0,15.0,0.741,-0.833
Estonia,1927,0,0,1.625,6.5,0.25,14.812,0.5285,11.0,3.0,15.0,0.741,-0.833
Estonia,1928,0,0,1.625,6.5,0.25,14.812,0.5285,11.0,3.0,15.0,0.741,-0.833
Estonia,1929,0,0,1.625,6.5,0.25,14.812,0.5285,11.0,3.0,15.0,0.741,-0.833
Estonia,1930,0,0,2.625,6.5,0.404,13.812,0.4601,10.0,4.0,14.0,0.833,-0.833
Estonia,1931,0,0,2.625,6.5,0.404,13.812,0.4601,10.0,4.0,14.0,0.833,-0.833
Estonia,1932,0,0,3.625,6.5,0.558,12.812,0.4005,9.0,5.0,13.0,0.877,-0.833
Estonia,1933,0,0,4.625,6.5,0.712,10.938,0.3208,7.0,6.0,11.0,0.903,-0.633
Estonia,1934,0,0,5.625,6.5,0.865,8.938,0.2517,5.0,7.0,9.0,0.92,-0.633
Estonia,1935,0,0,6.625,6.5,1.019,6.938,0.195,3.0,8.0,7.0,0.931,-0.633
Estonia,1936,0,0,7.625,6.5,1.173,4.938,0.1488,1.0,9.0,5.0,0.94,-0.633
Estonia,1937,1,0,8.625,6.5,1.327,2.938,0.1113,-1.0,10.0,3.0,0.947,-0.633
Estonia,1938,1,0,9.5,6.5,1.462,1.312,0.0864,-1.0,10.0,1.0,0.972,-0.567
Estonia,1939,1,0,8.625,5.5,1.568,2.188,0.1159,-1.0,10.0,2.0,0.947,-0.767
Estonia,1940,0,1,7.625,5.5,1.386,4.188,0.1541,1.0,9.0,4.0,0.94,-0.767
Estonia,1941,0,0,7.625,5.5,1.386,4.188,0.1541,1.0,9.0,4.0,0.94,-0.767
Estonia,1942,0,0,8.625,4.5,1.917,1.188,0.1159,-2.0,10.0,1.0,0.947,-0.767
Estonia,1943,0,0,7.625,5.5,1.386,4.188,0.1541,1.0,9.0,4.0,0.94,-0.767
Estonia,1944,0,0,5.625,5.5,1.023,8.188,0.2585,5.0,7.0,8.0,0.92,-0.767
Estonia,1945,0,0,4.625,5.5,0.841,10.062,0.3248,7.0,6.0,10.0,0.903,-0.967
Estonia,1946,0,0,3.625,5.5,0.659,12.062,0.4094,9.0,5.0,12.0,0.877,-0.967
Estonia,1947,0,0,3.625,5.5,0.659,12.062,0.4094,9.0,5.0,12.0,0.877,-0.967
Estonia,1948,0,0,3.625,5.5,0.659,12.062,0.4094,9.0,5.0,12.0,0.877,-0.967
Estonia,1949,0,0,3.625,5.5,0.659,12.062,0.4094,9.0,5.0,12.0,0.877,-0.967
Estonia,1950,0,0,3.625,5.5,0.659,12.062,0.4094,9.0,5.0,12.0,0.877,-0.967
Estonia,1951,0,0,3.625,5.5,0.659,12.062,0.4094,9.0,5.0,12.0,0.877,-0.967
Estonia,1952,0,0,3.625,5.5,0.659,12.062,0.4094,9.0,5.0,12.0,0.877,-0.967
Estonia,1953,0,0,3.625,5.5,0.659,12.062,0.4094,9.0,5.0,12.0,0.877,-0.967
Estonia,1954,0,0,3.625,5.5,0.659,12.062,0.4094,9.0,5.0,12.0,0.877,-0.967
Estonia,1955,0,0,3.625,5.5,0.659,12.062,0.4094,9.0,5.0,12.0,0.877,-0.967
Estonia,1956,0,0,3.625,5.5,0.659,12.062,0.4094,9.0,5.0,12.0,0.877,-0.967
Estonia,1957,0,0,3.625,5.5,0.659,12.062,0.4094,9.0,5.0,12.0,0.877,-0.967
Estonia,1958,0,0,3.625,5.5,0.659,12.062,0.4094,9.0,5.0,12.0,0.877,-0.967
Estonia,1959,0,0,3.625,5.5,0.659,12.062,0.4094,9.0,5.0,12.0,0.877,-0.967
Estonia,1960,0,0,3.625,5.5,0.659,12.062,0.4094,9.0,5.0,12.0,0.877,-0.967
Estonia,1961,0,0,3.625,5.5,0.659,12.062,0.4094,9.0,5.0,12.0,0.877,-0.967
Estonia,1962,0,0,3.625,5.5,0.659,12.062,0.4094,9.0,5.0,12.0,0.877,-0.967
Estonia,1963,0,0,3.625,5.5,0.659,12.062,0.4094,9.0,5.0,12.0,0.877,-0.967
Estonia,1964,0,0,3.625,5.5,0.659,12.062,0.4094,9.0,5.0,12.0,0.877,-0.967
Estonia,1965,0,0,3.625,5.5,0.659,12.062,0.4094,9.0,5.0,12.0,0.877,-0.967
Estonia,1966,0,0,3.625,5.5,0.659,12.062,0.4094,9.0,5.0,12.0,0.877,-0.967
Estonia,1967,0,0,3.625,5.5,0.659,12.062,0.4094,9.0,5.0,12.0,0.877,-0.967
Estonia,1968,0,0,3.625,5.5,0.659,12.062,0.4094,9.0,5.0,12.0,0.877,-0.967
Estonia,1969,0,0,3.625,5.5,0.659,12.062,0.4094,9.0,5.0,12.0,0.877,-0.967
Estonia,1970,0,0,3.625,5.5,0.659,12.062,0.4094,9.0,5.0,12.0,0.877,-0.967
Estonia,1971,0,0,3.625,5.5,0.659,12.062,0.4094,9.0,5.0,12.0,0.877,-0.967
Estonia,1972,0,0,3.625,5.5,0.659,12.062,0.4094,9.0,5.0,12.0,0.877,-0.967
Estonia,1973,0,0,3.625,5.5,0.659,12.062,0.4094,9.0,5.0,12.0,0.877,-0.967
Estonia,1974,0,0,3.625,5.5,0.659,12.062,0.4094,9.0,5.0,12.0,0.877,-0.967
Estonia,1975,0,0,3.625,5.5,0.659,12.062,0.4094,9.0,5.0,12.0,0.877,-0.967
Estonia,1976,0,0,3.625,5.5,0.659,12.062,0.4094,9.0,5.0,12.0,0.877,-0.967
Estonia,1977,0,0,3.625,5.5,0.659,12.062,0.4094,9.0,5.0,12.0,0.877,-0.967
Estonia,1978,0,0,3.625,5.5,0.659,12.062,0.4094,9.0,5.0,12.0,0.877,-0.967
Estonia,1979,0,0,3.625,5.5,0.659,12.062,0.4094,9.0,5.0,12.0,0.877,-0.967
Estonia,1980,0,0,3.625,5.5,0.659,12.062,0.4094,9.0,5.0,12.0,0.877,-0.967
Estonia,1981,0,0,3.625,5.5,0.659,12.062,0.4094,9.0,5.0,12.0,0.877,-0.967
Estonia,1982,0,0,3.625,5.5,0.659,12.062,0.4094,9.0,5.0,12.0,0.877,-0.967
Estonia,1983,0,0,3.625,5.5,0.659,11.062,0.373,8.0,5.0,11.0,0.877,-0.967
Estonia,1984,0,0,3.625,5.5,0.659,10.062,0.3367,7.0,5.0,10.0,0.877,-0.967
Estonia,1985,0,0,3.625,5.5,0.659,9.062,0.3003,6.0,5.0,9.0,0.877,-0.967
Estonia,1986,0,0,3.625,5.5,0.659,8.062,0.2639,5.0,5.0,8.0,0.877,-0.967
Estonia,1987,0,0,3.625,5.5,0.659,7.062,0.2275,4.0,5.0,7.0,0.877,-0.967
Estonia,1988,1,0,1.625,6.5,0.25,14.562,0.5242,11.5,3.0,14.5,0.741,-0.967
Estonia,1989,1,0,1.125,7.5,0.15,17.062,0.612,14.5,2.0,17.5,0.833,-0.7
Estonia,1990,1,0,1.125,7.5,0.15,18.062,0.6634,15.5,2.0,18.5,0.833,-0.7
Estonia,1991,0,1,1.125,7.5,0.15,18.375,0.6848,16.0,2.0,19.0,0.833,-0.467
Estonia,1992,0,0,1.125,7.5,0.15,18.375,0.6848,16.0,2.0,19.0,0.833,-0.467
Estonia,1993,0,0,1.125,7.5,0.15,18.375,0.6848,16.0,2.0,19.0,0.833,-0.467
Estonia,1994,0,0,1.125,7.5,0.15,18.375,0.6848,16.0,2.0,19.0,0.833,-0.467
Estonia,1995,0,0,1.125,7.5,0.15,18.375,0.6848,16.0,2.0,19.0,0.833,-0.467
Estonia,1996,0,0,1.125,7.5,0.15,18.375,0.6848,16.0,2.0,19.0,0.833,-0.467
Estonia,1997,0,0,1.125,7.5,0.15,18.375,0.6848,16.0,2.0,19.0,0.833,-0.467
Estonia,1998,0,0,1.125,7.5,0.15,18.375,0.6848,16.0,2.0,19.0,0.833,-0.467
Estonia,1999,0,0,1.125,7.5,0.15,18.375,0.6848,16.0,2.0,19.0,0.833,-0.467
Estonia,2000,0,0,1.125,7.5,0.15,18.375,0.6848,16.0,2.0,19.0,0.833,-0.467
Estonia,2001,0,0,1.125,7.5,0.15,18.375,0.6848,16.0,2.0,19.0,0.833,-0.467
Estonia,2002,0,0,1.125,7.5,0.15,18.375,0.6848,16.0,2.0,19.0,0.833,-0.467
Estonia,2003,0,0,1.125,7.5,0.15,18.375,0.6848,16.0,2.0,19.0,0.833,-0.467
Estonia,2004,0,0,1.125,7.5,0.15,18.375,0.6848,16.0,2.0,19.0,0.833,-0.467
Estonia,2005,0,0,2.125,7.5,0.283,17.375,0.5961,15.0,3.0,18.0,0.909,-0.467
Estonia,2006,0,0,2.375,6.5,0.365,15.125,0.5329,13.0,3.0,15.0,0.769,-0.867
Estonia,2007,0,0,1.375,6.5,0.212,16.125,0.6122,14.0,2.0,16.0,0.625,-0.867
Estonia,2008,0,0,1.125,7.5,0.15,18.375,0.6848,16.0,2.0,19.0,0.833,-0.467
Estonia,2009,0,0,1.125,7.5,0.15,18.375,0.6848,16.0,2.0,19.0,0.833,-0.467
Estonia,2010,0,0,1.125,7.5,0.15,18.375,0.6848,16.0,2.0,19.0,0.833,-0.467
Estonia,2011,0,0,1.125,7.5,0.15,18.375,0.6848,16.0,2.0,19.0,0.833,-0.467
Estonia,2012,0,0,1.125,7.5,0.15,18.375,0.6848,16.0,2.0,19.0,0.833,-0.467
Estonia,2013,0,0,1.125,7.5,0.15,18.375,0.6848,16.0,2.0,19.0,0.833,-0.467
Estonia,2014,0,0,1.125,7.5,0.15,18.375,0.6848,16.0,2.0,19.0,0.833,-0.467
Estonia,2015,0,0,1.125,7.5,0.15,18.375,0.6848,16.0,2.0,19.0,0.833,-0.467
Estonia,2016,0,0,1.125,7.5,0.15,18.375,0.6848,16.0,2.0,19.0,0.833,-0.467
Estonia,2017,0,0,2.375,7.5,0.317,16.625,0.5544,15.0,3.0,16.0,0.769,-1.133
Estonia,2018,0,0,1.375,7.5,0.183,17.625,0.6369,16.0,2.0,17.0,0.625,-1.133
Estonia,2019,0,0,2.375,6.875,0.345,16.0,0.5544,14.0,3.0,15.0,0.769,-1.6
Estonia,2020,0,0,1.375,6.875,0.2,17.0,0.6369,15.0,2.0,16.0,0.625,-1.6
Estonia,2021,0,0,1.125,7.5,0.15,18.375,0.6848,16.0,2.0,19.0,0.833,-0.467
Estonia,2022,0,0,1.125,7.5,0.15,18.375,0.6848,16.0,2.0,19.0,0.833,-0.467
Finland,1900,0,0,5.125,6.5,0.788,11.188,0.323,12.5,5.0,6.0,0.774,-2.633
Finland,1901,0,0,5.5,6.375,0.863,10.438,0.3033,12.5,5.0,4.0,0.699,-3.833
Finland,1902,0,0,5.625,6.25,0.9,9.875,0.2904,11.5,5.0,1.5,0.677,-4.733
Finland,1903,0,0,5.875,6.375,0.922,9.625,0.2753,11.5,5.0,4.0,0.707,-4.067
Finland,1904,0,0,5.5,6.375,0.863,10.438,0.3033,12.5,5.0,4.0,0.699,-3.833
Finland,1905,0,0,4.125,7.375,0.559,14.0,0.4055,16.0,4.0,9.0,0.725,-2.133
Finland,1906,0,0,5.125,6.5,0.788,10.938,0.3157,12.5,5.0,6.0,0.774,-2.5
Finland,1907,0,0,5.125,6.5,0.788,10.938,0.3157,12.5,5.0,6.0,0.774,-2.5
Finland,1908,0,0,5.25,6.375,0.824,10.688,0.3098,12.5,5.0,6.0,0.833,-1.833
Finland,1909,0,0,4.875,6.75,0.722,11.688,0.3327,12.5,5.0,8.0,0.833,-1.833
Finland,1910,0,0,5.75,6.25,0.92,9.875,0.2828,12.5,5.0,6.0,0.977,-0.2
Finland,1911,0,0,5.75,6.375,0.902,10.0,0.2828,12.5,5.0,6.0,0.977,-0.533
Finland,1912,0,0,5.875,6.25,0.94,9.75,0.2782,12.5,5.0,6.0,1.034,0.133
Finland,1913,0,0,5.0,7.0,0.714,12.312,0.3435,16.0,4.0,9.0,1.0,-0.033
Finland,1914,0,0,9.5,4.375,2.171,0.938,0.1111,3.0,9.0,-1.5,1.028,0.7
Finland,1915,1,0,7.25,5.75,1.261,7.312,0.2161,8.5,7.0,5.0,1.019,0.5
Finland,1916,1,0,4.75,6.875,0.691,12.125,0.3446,12.5,5.0,9.0,0.867,-0.6
Finland,1917,1,0,4.75,6.75,0.704,12.0,0.3446,12.5,5.0,9.0,0.867,-0.8
Finland,1918,0,1,4.625,7.0,0.661,12.688,0.3615,12.5,5.0,9.0,0.8,-2.1
Finland,1919,0,0,4.25,7.625,0.557,14.25,0.3994,16.0,4.0,12.0,0.909,-0.667
Finland,1920,0,0,4.25,7.625,0.557,14.438,0.4065,16.0,4.0,12.0,0.909,-0.367
Finland,1921,0,0,4.125,7.75,0.532,14.75,0.4169,16.0,4.0,12.5,0.833,-0.933
Finland,1922,0,0,4.125,7.75,0.532,14.75,0.4169,16.0,4.0,12.5,0.833,-0.933
Finland,1923,0,0,4.125,7.75,0.532,14.75,0.4169,16.0,4.0,12.5,0.833,-0.933
Finland,1924,0,0,4.125,7.75,0.532,14.75,0.4169,16.0,4.0,12.5,0.833,-0.933
Finland,1925,0,0,4.5,7.625,0.59,14.125,0.3925,16.0,4.0,10.5,0.942,-0.333
Finland,1926,0,0,5.5,7.5,0.733,12.438,0.3251,15.0,5.0,8.0,0.952,-0.367
Finland,1927,0,0,6.125,7.5,0.817,11.562,0.2915,13.0,6.0,8.0,1.056,0.367
Finland,1928,0,0,4.125,7.75,0.532,14.75,0.4169,16.0,4.0,12.5,0.833,-0.933
Finland,1929,0,0,4.125,7.75,0.532,14.75,0.4169,16.0,4.0,12.5,0.833,-0.933
Finland,1930,0,0,4.0,7.875,0.508,15.188,0.431,16.0,4.0,12.5,0.873,-0.233
Finland,1931,0,0,4.0,7.875,0.508,15.188,0.431,16.0,4.0,12.5,0.873,-0.233
Finland,1932,0,0,4.0,7.875,0.508,15.188,0.431,16.0,4.0,12.5,0.873,-0.233
Finland,1933,0,0,4.0,7.875,0.508,15.188,0.431,16.0,4.0,12.5,0.873,-0.233
Finland,1934,0,0,4.0,7.875,0.508,15.188,0.431,16.0,4.0,12.5,0.873,-0.233
Finland,1935,0,0,5.375,7.75,0.694,13.438,0.3491,15.0,5.0,11.5,0.988,0.7
Finland,1936,0,0,8.25,6.875,1.2,8.812,0.2179,10.0,8.0,6.5,1.016,1.3
Finland,1937,0,0,6.375,7.75,0.823,12.438,0.3039,14.0,6.0,10.5,0.99,0.7
Finland,1938,0,0,6.75,7.75,0.871,12.062,0.2886,14.0,6.0,10.5,1.061,1.167
Finland,1939,0,0,6.75,7.75,0.871,12.062,0.2886,14.0,6.0,10.5,1.061,1.167
Finland,1940,0,0,8.75,6.875,1.273,8.312,0.203,10.0,8.0,6.5,1.047,1.567
Finland,1941,0,0,9.75,6.125,1.592,5.312,0.1558,8.0,9.0,3.0,1.042,1.567
Finland,1942,0,0,7.75,7.125,1.088,9.562,0.2332,12.0,7.0,7.5,1.053,1.433
Finland,1943,0,0,6.75,7.625,0.885,11.562,0.2795,14.0,6.0,9.5,1.061,0.9
Finland,1944,0,0,5.75,7.875,0.73,13.125,0.3303,15.0,5.0,11.5,1.071,0.467
Finland,1945,0,0,5.125,7.875,0.651,14.0,0.3672,15.0,5.0,11.5,0.962,-0.267
Finland,1946,0,0,4.25,8.125,0.523,15.25,0.4189,16.0,4.0,12.5,0.909,-0.933
Finland,1947,0,0,4.25,8.375,0.507,15.625,0.4229,16.0,4.0,13.5,0.909,-0.867
Finland,1948,0,0,3.25,8.625,0.377,17.875,0.5292,19.5,3.0,16.0,0.882,-0.467
Finland,1949,0,0,4.0,8.375,0.478,15.938,0.4404,16.0,4.0,16.0,1.0,0.167
Finland,1950,0,0,4.0,8.375,0.478,15.938,0.4404,16.0,4.0,16.0,1.0,0.167
Finland,1951,0,0,3.25,8.625,0.377,17.875,0.5292,19.5,3.0,16.0,0.882,-0.467
Finland,1952,0,0,3.25,8.625,0.377,17.875,0.5292,19.5,3.0,16.0,0.882,-0.467
Finland,1953,0,0,3.75,8.625,0.435,17.25,0.4895,19.5,3.0,16.0,1.111,0.667
Finland,1954,0,0,5.625,7.75,0.726,13.25,0.3396,15.0,5.0,11.5,1.111,1.2
Finland,1955,0,0,4.25,8.625,0.493,16.75,0.4565,18.5,4.0,15.0,0.909,-0.133
Finland,1956,0,0,3.25,8.625,0.377,17.875,0.5292,19.5,3.0,16.0,0.882,-0.467
Finland,1957,0,0,4.5,8.625,0.522,16.375,0.438,18.5,4.0,13.0,0.942,-0.2
Finland,1958,0,0,3.5,8.625,0.406,17.625,0.5128,19.5,3.0,15.0,0.789,-0.867
Finland,1959,0,0,3.25,8.625,0.377,18.0,0.534,19.5,3.0,16.0,0.882,-0.267
Finland,1960,0,0,3.25,8.625,0.377,18.0,0.534,19.5,3.0,16.0,0.882,-0.267
Finland,1961,0,0,3.25,8.625,0.377,18.0,0.534,19.5,3.0,16.0,0.882,-0.267
Finland,1962,0,0,3.25,8.625,0.377,18.0,0.534,19.5,3.0,16.0,0.882,-0.267
Finland,1963,0,0,3.25,8.625,0.377,18.0,0.534,19.5,3.0,16.0,0.882,-0.267
Finland,1964,0,0,3.25,8.625,0.377,18.0,0.534,19.5,3.0,16.0,0.882,-0.267
Finland,1965,0,0,3.25,8.625,0.377,18.0,0.534,19.5,3.0,16.0,0.882,-0.267
Finland,1966,0,0,3.25,8.625,0.377,18.0,0.534,19.5,3.0,16.0,0.882,-0.267
Finland,1967,0,0,3.25,8.625,0.377,18.0,0.534,19.5,3.0,16.0,0.882,-0.267
Finland,1968,0,0,3.25,8.625,0.377,18.0,0.534,19.5,3.0,16.0,0.882,-0.267
Finland,1969,0,0,4.75,8.625,0.551,16.25,0.4262,18.5,4.0,15.0,1.087,0.667
Finland,1970,0,0,4.75,8.625,0.551,16.25,0.4262,18.5,4.0,15.0,1.087,0.667
Finland,1971,0,0,3.875,8.625,0.449,17.375,0.4903,19.5,3.0,15.0,1.053,0.333
Finland,1972,0,0,3.875,8.625,0.449,17.375,0.4903,19.5,3.0,15.0,1.053,0.333
Finland,1973,0,0,4.0,8.625,0.464,17.125,0.478,19.5,3.0,15.0,1.14,1.0
Finland,1974,0,0,4.0,8.625,0.464,17.125,0.478,19.5,3.0,15.0,1.14,1.0
Finland,1975,0,0,4.75,8.625,0.551,16.25,0.4262,18.5,4.0,15.0,1.087,0.667
Finland,1976,0,0,4.75,8.625,0.551,16.25,0.4262,18.5,4.0,15.0,1.087,0.667
Finland,1977,0,0,4.75,8.625,0.551,16.25,0.4262,18.5,4.0,15.0,1.087,0.667
Finland,1978,0,0,4.75,8.625,0.551,16.25,0.4262,18.5,4.0,15.0,1.087,0.667
Finland,1979,0,0,3.75,8.625,0.435,17.5,0.4983,19.5,3.0,16.0,1.111,0.533
Finland,1980,0,0,3.25,8.625,0.377,18.0,0.534,19.5,3.0,16.0,0.882,-0.267
Finland,1981,0,0,3.25,8.625,0.377,18.0,0.534,19.5,3.0,16.0,0.882,-0.267
Finland,1982,0,0,3.25,8.625,0.377,18.0,0.534,19.5,3.0,16.0,0.882,-0.267
Finland,1983,0,0,3.25,8.625,0.377,18.0,0.534,19.5,3.0,16.0,0.882,-0.267
Finland,1984,0,0,3.25,8.625,0.377,18.0,0.534,19.5,3.0,16.0,0.882,-0.267
Finland,1985,0,0,3.25,8.625,0.377,18.0,0.534,19.5,3.0,16.0,0.882,-0.267
Finland,1986,0,0,5.375,8.0,0.672,14.625,0.3814,18.5,4.0,12.0,1.2,2.333
Finland,1987,0,0,9.25,6.5,1.423,7.438,0.1907,12.5,8.0,6.5,1.136,4.433
Finland,1988,0,0,9.75,5.75,1.696,5.0,0.1574,9.0,9.0,3.5,1.042,2.933
Finland,1989,0,0,9.75,5.625,1.733,4.875,0.1574,9.0,9.0,3.5,1.042,3.267
Finland,1990,0,0,7.875,7.0,1.125,9.5,0.2352,13.5,7.0,7.5,1.096,2.933
Finland,1991,0,0,5.875,7.75,0.758,13.0,0.3318,15.5,5.0,12.0,1.131,1.867
Finland,1992,0,0,4.375,8.625,0.507,16.25,0.4366,18.5,4.0,14.0,0.985,0.667
Finland,1993,0,0,3.375,8.625,0.391,17.875,0.5253,19.5,3.0,16.0,0.98,0.067
Finland,1994,0,0,3.25,8.625,0.377,18.0,0.534,19.5,3.0,16.0,0.882,-0.267
Finland,1995,0,0,3.25,8.625,0.377,18.0,0.534,19.5,3.0,16.0,0.882,-0.267
Finland,1996,0,0,3.25,8.625,0.377,18.0,0.534,19.5,3.0,16.0,0.882,-0.267
Finland,1997,0,0,3.25,8.625,0.377,18.0,0.534,19.5,3.0,16.0,0.882,-0.267
Finland,1998,0,0,3.25,8.625,0.377,18.0,0.534,19.5,3.0,16.0,0.882,-0.267
Finland,1999,0,0,3.25,8.625,0.377,18.0,0.534,19.5,3.0,16.0,0.882,-0.267
Finland,2000,0,0,3.25,8.625,0.377,18.0,0.534,19.5,3.0,16.0,0.882,-0.267
Finland,2001,0,0,3.25,8.625,0.377,18.0,0.534,19.5,3.0,16.0,0.882,-0.267
Finland,2002,0,0,3.25,8.625,0.377,18.0,0.534,19.5,3.0,16.0,0.882,-0.267
Finland,2003,0,0,3.25,8.625,0.377,18.0,0.534,19.5,3.0,16.0,0.882,-0.267
Finland,2004,0,0,6.375,8.0,0.797,13.625,0.3321,17.5,5.0,11.0,1.167,2.333
Finland,2005,0,0,9.125,6.625,1.377,7.812,0.196,12.5,8.0,6.5,1.098,3.433
Finland,2006,0,0,7.75,7.0,1.107,9.75,0.2416,13.5,7.0,7.5,1.053,2.267
Finland,2007,0,0,8.25,6.625,1.245,8.562,0.219,13.5,7.0,7.5,1.154,4.1
Finland,2008,0,0,8.25,6.5,1.269,7.938,0.2087,13.0,7.0,7.5,1.154,4.7
Finland,2009,0,0,8.25,6.125,1.347,7.25,0.2023,12.0,7.0,7.5,1.154,4.933
Finland,2010,0,0,7.75,6.625,1.17,8.688,0.2254,12.0,7.0,7.5,1.053,2.7
Finland,2011,0,0,6.5,7.375,0.881,11.875,0.2997,14.0,6.0,12.0,1.129,2.2
Finland,2012,0,0,5.625,7.75,0.726,13.375,0.3455,15.0,5.0,12.0,1.111,1.4
Finland,2013,0,0,5.0,8.0,0.625,14.625,0.3873,15.0,5.0,14.0,1.0,0.2
Finland,2014,0,0,3.625,8.375,0.433,17.0,0.4923,16.0,4.0,16.0,0.877,-1.333
Finland,2015,0,0,3.625,8.375,0.433,17.0,0.4923,16.0,4.0,16.0,0.877,-1.333
Finland,2016,0,0,7.625,7.375,1.034,10.75,0.2549,13.0,7.0,10.0,1.081,2.267
Finland,2017,0,0,5.0,8.0,0.625,14.875,0.3949,15.0,5.0,15.0,1.0,0.067
Finland,2018,0,0,5.125,8.0,0.641,14.688,0.3873,15.0,5.0,15.0,1.067,0.833
Finland,2019,0,0,5.875,7.625,0.77,13.062,0.3364,15.0,5.0,15.0,1.346,4.367
Finland,2020,0,0,6.0,7.625,0.787,12.812,0.3282,15.0,5.0,15.0,1.41,5.033
Finland,2021,0,0,6.125,7.625,0.803,12.562,0.3191,15.0,5.0,15.0,1.358,4.633
France,1900,0,0,3.625,6.625,0.547,11.938,0.3591,14.0,3.0,10.5,1.176,1.5
France,1901,0,0,3.75,6.625,0.566,11.688,0.3483,14.0,3.0,10.5,1.111,1.1
France,1902,0,0,3.75,6.625,0.566,11.688,0.3483,14.0,3.0,10.5,1.111,1.1
France,1903,0,0,3.75,6.625,0.566,11.688,0.3483,14.0,3.0,10.5,1.111,1.1
France,1904,0,0,3.75,6.625,0.566,11.625,0.3455,14.0,3.0,10.5,1.111,1.0
France,1905,0,0,4.375,6.5,0.673,10.5,0.3057,12.0,4.0,8.5,0.87,-0.8
France,1906,0,0,3.625,6.625,0.547,12.062,0.3639,14.0,3.0,10.5,1.176,1.7
France,1907,0,0,3.625,6.625,0.547,12.062,0.3639,14.0,3.0,10.5,1.176,1.7
France,1908,0,0,3.625,6.625,0.547,12.062,0.3639,14.0,3.0,10.5,1.176,1.7
France,1909,0,0,3.625,6.625,0.547,12.062,0.3639,14.0,3.0,10.5,1.176,1.7
France,1910,0,0,3.625,6.625,0.547,12.062,0.3639,14.0,3.0,10.5,1.176,1.7
France,1911,0,0,3.875,6.625,0.585,11.812,0.3524,14.0,3.0,9.5,1.053,1.3
France,1912,0,0,4.0,6.625,0.604,11.688,0.3461,14.0,3.0,9.5,1.0,1.1
France,1913,0,0,4.0,6.75,0.593,11.938,0.3503,14.0,3.0,9.5,1.0,1.5
France,1914,0,0,6.375,6.5,0.981,8.5,0.229,10.5,5.0,8.5,1.075,2.4
France,1915,0,0,6.5,6.375,1.02,7.938,0.2175,10.5,5.0,7.5,1.129,2.567
France,1916,0,0,7.125,6.25,1.14,6.688,0.1878,10.5,5.0,6.5,1.048,1.9
France,1917,0,0,7.5,5.875,1.277,4.812,0.1529,9.5,5.0,3.0,1.036,0.767
France,1918,0,0,6.625,6.375,1.039,7.688,0.21,10.5,5.0,9.5,1.094,2.167
France,1919,0,0,5.125,6.375,0.804,9.562,0.2724,13.0,4.0,8.0,1.181,3.033
France,1920,0,0,5.125,6.25,0.82,9.375,0.27,13.0,4.0,7.5,1.181,3.267
France,1921,0,0,4.625,6.25,0.74,9.875,0.2882,13.0,4.0,8.5,1.136,3.0
France,1922,0,0,4.5,6.25,0.72,10.0,0.2935,13.0,4.0,8.5,1.19,3.2
France,1923,0,0,4.625,6.25,0.74,10.062,0.2953,13.0,4.0,10.0,1.27,4.9
France,1924,0,0,4.5,6.25,0.72,9.875,0.2894,13.0,4.0,8.5,1.19,3.0
France,1925,0,0,4.375,6.25,0.7,10.125,0.2986,13.0,4.0,8.5,1.111,2.333
France,1926,0,0,3.5,6.5,0.538,12.0,0.3681,14.0,3.0,11.0,1.078,0.8
France,1927,0,0,3.5,6.5,0.538,12.0,0.3681,14.0,3.0,10.5,1.078,0.8
France,1928,0,0,3.5,6.5,0.538,12.25,0.3773,14.0,3.0,10.5,1.078,1.2
France,1929,0,0,4.125,6.5,0.635,11.375,0.3385,14.0,3.0,9.5,1.228,1.933
France,1930,0,0,4.875,6.0,0.812,9.25,0.2768,14.0,3.0,6.5,1.288,3.067
France,1931,0,0,5.0,5.75,0.87,8.625,0.264,14.0,3.0,6.0,1.364,4.2
France,1932,0,0,5.625,5.75,0.978,7.438,0.2243,13.0,4.0,4.0,1.333,4.7
France,1933,0,0,5.75,5.75,1.0,7.312,0.22,13.0,4.0,4.0,1.282,4.5
France,1934,0,0,5.875,5.5,1.068,6.5,0.2035,11.5,4.0,0.5,1.235,3.2
France,1935,0,0,5.375,5.625,0.956,7.312,0.2225,11.5,4.0,4.0,1.09,2.9
France,1936,0,0,6.5,6.125,1.061,7.625,0.2164,11.5,4.0,7.5,1.322,2.6
France,1937,1,0,6.0,5.875,1.021,7.062,0.2075,11.5,4.0,5.0,1.092,1.167
France,1938,1,0,6.125,6.0,1.021,7.188,0.2084,11.5,4.0,6.5,1.056,2.167
France,1939,1,0,7.125,5.75,1.239,5.75,0.1766,9.5,5.0,5.0,1.127,2.533
France,1940,0,1,8.75,4.125,2.121,0.438,0.1002,3.0,8.0,-2.5,0.985,-0.367
France,1941,0,0,8.5,4.375,1.943,1.25,0.11,3.0,8.0,0.5,1.032,0.933
France,1942,0,0,8.75,4.125,2.121,0.25,0.0964,3.0,8.0,-0.5,0.985,-0.667
France,1943,0,0,8.5,4.5,1.889,1.312,0.1092,3.0,8.0,-0.5,1.032,1.033
France,1944,0,0,8.125,5.25,1.548,3.875,0.1452,6.5,7.0,3.0,0.976,0.333
France,1945,0,0,6.0,6.25,0.96,8.312,0.2327,11.0,5.0,7.5,1.0,1.567
France,1946,0,0,5.125,6.125,0.837,8.875,0.2572,13.0,4.0,4.0,0.962,0.867
France,1947,0,0,5.5,6.125,0.898,8.188,0.2354,13.0,4.0,4.0,0.952,0.3
France,1948,0,0,5.125,6.25,0.82,9.0,0.2566,13.0,4.0,5.0,0.962,-0.8
France,1949,0,0,5.125,6.375,0.804,9.125,0.2566,13.0,4.0,5.0,0.962,-0.6
France,1950,0,0,5.0,6.625,0.755,9.5,0.2612,13.0,4.0,5.0,1.0,-0.533
France,1951,0,0,4.75,6.625,0.717,10.125,0.2854,13.0,4.0,5.0,0.972,-0.6
France,1952,0,0,4.75,6.625,0.717,10.25,0.2894,13.0,4.0,5.0,0.972,-0.4
France,1953,0,0,4.75,6.5,0.731,10.125,0.2904,13.0,4.0,5.0,0.867,-1.133
France,1954,0,0,5.5,6.125,0.898,8.188,0.2397,12.5,4.0,0.5,0.699,-4.233
France,1955,1,0,5.25,6.25,0.84,8.75,0.253,12.5,4.0,0.5,0.747,-3.333
France,1956,1,0,5.375,6.25,0.86,8.688,0.2506,12.5,4.0,0.5,0.722,-3.433
France,1957,1,0,5.375,6.25,0.86,8.688,0.2506,12.5,4.0,0.5,0.722,-3.433
France,1958,0,1,5.75,6.375,0.902,8.5,0.2418,10.5,5.0,2.0,0.657,-3.733
France,1959,0,0,4.25,7.0,0.607,12.125,0.3461,14.0,3.0,12.0,0.909,-0.6
France,1960,0,0,4.25,7.0,0.607,12.312,0.3531,14.0,3.0,12.0,0.909,-0.3
France,1961,0,0,4.625,6.875,0.673,11.375,0.3235,14.0,3.0,10.0,0.8,-1.8
France,1962,0,0,3.875,6.875,0.564,12.375,0.3642,14.0,3.0,12.0,0.794,-1.267
France,1963,0,0,3.5,7.0,0.5,13.25,0.3976,14.0,3.0,13.0,0.926,0.133
France,1964,0,0,3.375,7.0,0.482,13.375,0.404,14.0,3.0,13.0,0.98,0.333
France,1965,0,0,3.375,7.0,0.482,13.375,0.404,14.0,3.0,13.0,0.98,0.333
France,1966,0,0,3.375,7.0,0.482,13.625,0.4145,14.0,3.0,13.5,0.98,0.733
France,1967,0,0,3.5,7.0,0.5,13.5,0.4079,14.0,3.0,13.5,1.078,1.067
France,1968,0,0,8.125,6.125,1.327,5.25,0.1566,8.5,6.0,2.0,1.111,-0.133
France,1969,0,0,4.625,6.625,0.698,11.0,0.3154,14.0,3.0,8.5,0.903,-1.867
France,1970,0,0,3.625,7.0,0.518,12.938,0.383,14.0,3.0,13.0,1.019,0.167
France,1971,0,0,3.0,6.375,0.471,12.812,0.4153,15.5,2.0,11.0,1.19,2.1
France,1972,0,0,3.0,6.375,0.471,12.812,0.4153,15.5,2.0,11.0,1.19,2.1
France,1973,0,0,3.75,6.125,0.612,11.312,0.3589,15.5,2.0,9.0,1.458,3.967
France,1974,0,0,3.75,6.125,0.612,11.312,0.3589,15.5,2.0,9.0,1.458,3.967
France,1975,0,0,4.0,6.125,0.653,10.875,0.3413,15.5,2.0,9.0,1.667,5.133
France,1976,0,0,4.0,6.125,0.653,10.875,0.3413,15.5,2.0,9.0,1.667,5.133
France,1977,0,0,3.125,6.375,0.49,12.562,0.4036,15.5,2.0,11.0,1.31,2.767
France,1978,0,0,3.0,6.375,0.471,12.812,0.4153,15.5,2.0,11.0,1.19,2.1
France,1979,0,0,3.0,6.375,0.471,12.812,0.4153,15.5,2.0,11.0,1.19,2.1
France,1980,0,0,3.0,6.375,0.471,12.812,0.4153,15.5,2.0,11.0,1.19,2.1
France,1981,0,0,3.0,6.375,0.471,12.812,0.4153,15.5,2.0,11.0,1.19,2.1
France,1982,0,0,3.0,6.375,0.471,12.812,0.4153,15.5,2.0,11.0,1.19,2.1
France,1983,0,0,3.0,6.375,0.471,12.812,0.4153,15.5,2.0,11.0,1.19,2.1
France,1984,0,0,3.0,6.375,0.471,12.812,0.4153,15.5,2.0,11.0,1.19,2.1
France,1985,0,0,3.0,6.375,0.471,12.812,0.4153,15.5,2.0,11.0,1.19,2.1
France,1986,0,0,3.0,6.375,0.471,12.812,0.4153,15.5,2.0,11.0,1.19,2.1
France,1987,0,0,3.0,6.375,0.471,12.812,0.4153,15.5,2.0,11.0,1.19,2.1
France,1988,0,0,3.0,6.375,0.471,12.812,0.4153,15.5,2.0,11.0,1.19,2.1
France,1989,0,0,3.0,6.375,0.471,12.812,0.4153,15.5,2.0,11.0,1.19,2.1
France,1990,0,0,3.0,6.375,0.471,12.812,0.4153,15.5,2.0,11.0,1.19,2.1
France,1991,0,0,3.0,6.375,0.471,12.812,0.4153,15.5,2.0,11.0,1.19,2.1
France,1992,0,0,3.0,6.375,0.471,12.812,0.4153,15.5,2.0,11.0,1.19,2.1
France,1993,0,0,3.0,6.375,0.471,12.812,0.4153,15.5,2.0,11.0,1.19,2.1
France,1994,0,0,3.0,6.375,0.471,12.812,0.4153,15.5,2.0,11.0,1.19,2.1
France,1995,0,0,3.0,6.375,0.471,12.812,0.4153,15.5,2.0,11.0,1.19,2.1
France,1996,0,0,3.0,6.375,0.471,12.812,0.4153,15.5,2.0,11.0,1.19,2.1
France,1997,0,0,3.0,6.375,0.471,12.812,0.4153,15.5,2.0,11.0,1.19,2.1
France,1998,0,0,3.0,6.375,0.471,12.812,0.4153,15.5,2.0,11.0,1.19,2.1
France,1999,0,0,3.0,6.375,0.471,12.812,0.4153,15.5,2.0,11.0,1.19,2.1
France,2000,0,0,3.0,6.375,0.471,12.812,0.4153,15.5,2.0,11.0,1.19,2.1
France,2001,0,0,3.0,6.375,0.471,12.812,0.4153,15.5,2.0,11.0,1.19,2.1
France,2002,0,0,3.0,6.375,0.471,12.812,0.4153,15.5,2.0,11.0,1.19,2.1
France,2003,0,0,3.0,6.375,0.471,12.812,0.4153,15.5,2.0,11.0,1.19,2.1
France,2004,0,0,3.0,6.375,0.471,12.812,0.4153,15.5,2.0,11.0,1.19,2.1
France,2005,0,0,3.0,6.375,0.471,12.812,0.4153,15.5,2.0,11.0,1.19,2.1
France,2006,0,0,3.0,6.375,0.471,12.812,0.4153,15.5,2.0,11.0,1.19,2.1
France,2007,0,0,3.0,6.375,0.471,12.812,0.4153,15.5,2.0,11.0,1.19,2.1
France,2008,0,0,3.625,6.125,0.592,11.688,0.3738,15.5,2.0,11.0,1.556,4.567
France,2009,0,0,3.625,6.125,0.592,11.688,0.3738,15.5,2.0,11.0,1.556,4.567
France,2010,0,0,3.625,6.125,0.592,11.562,0.3692,15.5,2.0,11.0,1.556,4.367
France,2011,0,0,3.875,6.125,0.633,11.312,0.3583,15.5,2.0,11.0,1.562,4.5
France,2012,0,0,3.875,6.125,0.633,11.312,0.3583,15.5,2.0,11.0,1.562,4.5
France,2013,0,0,3.875,6.125,0.633,11.312,0.3583,15.5,2.0,11.0,1.562,4.5
France,2014,0,0,4.5,6.125,0.735,10.562,0.324,15.5,2.0,10.0,1.491,4.367
France,2015,0,0,4.5,6.125,0.735,10.562,0.324,15.5,2.0,10.0,1.491,4.367
France,2016,0,0,4.5,6.125,0.735,10.562,0.324,15.5,2.0,10.0,1.491,4.367
France,2017,0,0,4.5,6.125,0.735,10.562,0.324,15.5,2.0,10.0,1.491,4.367
France,2018,0,0,4.5,6.125,0.735,10.562,0.324,15.5,2.0,10.0,1.491,4.367
France,2019,0,0,4.5,6.125,0.735,10.562,0.324,15.5,2.0,10.0,1.491,4.367
France,2020,0,0,5.125,5.75,0.891,8.875,0.2764,15.5,2.0,9.0,1.587,7.267
France,2021,0,0,5.125,5.75,0.891,8.875,0.2764,15.5,2.0,9.0,1.587,7.267
France,2022,0,0,5.25,5.625,0.933,8.5,0.2677,15.5,2.0,9.0,1.515,6.667
France,2023,0,0,5.25,5.625,0.933,8.5,0.2677,15.5,2.0,9.0,1.515,6.667
France,2024,0,0,5.25,5.625,0.933,8.5,0.2677,15.5,2.0,9.0,1.515,6.667
France,2025,0,0,5.25,5.625,0.933,8.5,0.2677,15.5,2.0,9.0,1.515,6.667
Germany,1900,0,0,2.75,7.125,0.386,15.312,0.4981,17.0,2.0,14.5,1.154,1.567
Germany,1901,0,0,2.75,7.125,0.386,15.312,0.4981,17.0,2.0,14.5,1.154,1.567
Germany,1902,0,0,2.75,7.125,0.386,15.312,0.4981,17.0,2.0,14.5,1.154,1.567
Germany,1903,0,0,2.75,7.125,0.386,15.312,0.4981,17.0,2.0,14.5,1.154,1.567
Germany,1904,0,0,2.875,7.125,0.404,15.188,0.49,17.0,2.0,13.5,1.071,1.367
Germany,1905,0,0,2.875,7.125,0.404,15.188,0.49,17.0,2.0,13.5,1.071,1.367
Germany,1906,0,0,2.875,7.125,0.404,15.188,0.49,17.0,2.0,13.5,1.071,1.367
Germany,1907,0,0,3.25,7.5,0.433,15.25,0.4701,17.0,2.0,13.5,1.222,2.0
Germany,1908,0,0,3.25,7.5,0.433,15.25,0.4701,17.0,2.0,13.5,1.222,2.0
Germany,1909,0,0,3.25,7.5,0.433,15.25,0.4701,17.0,2.0,13.5,1.222,2.0
Germany,1910,0,0,3.375,7.5,0.45,15.125,0.4627,17.0,2.0,12.5,1.146,1.8
Germany,1911,0,0,3.375,7.5,0.45,15.125,0.4627,17.0,2.0,12.5,1.146,1.8
Germany,1912,0,0,3.375,7.5,0.45,15.125,0.4627,17.0,2.0,12.5,1.146,1.8
Germany,1913,0,0,3.375,7.5,0.45,15.125,0.4627,17.0,2.0,12.5,1.146,1.8
Germany,1914,0,0,5.625,6.875,0.818,11.188,0.3038,11.5,5.0,10.5,1.111,3.233
Germany,1915,1,0,7.375,5.75,1.283,6.812,0.2024,8.0,6.0,6.0,1.143,3.967
Germany,1916,1,0,7.375,5.75,1.283,6.812,0.2024,8.0,6.0,6.0,1.143,3.967
Germany,1917,1,0,8.375,4.875,1.718,3.938,0.1554,5.0,7.0,1.5,1.125,3.1
Germany,1918,0,1,9.125,3.875,2.355,0.562,0.1094,2.5,8.0,-2.0,1.098,2.5
Germany,1919,0,0,8.625,3.5,2.464,0.562,0.1164,5.0,7.0,-0.5,1.138,3.567
Germany,1920,0,0,8.625,3.5,2.464,0.562,0.1164,5.0,7.0,-0.5,1.138,3.567
Germany,1921,0,0,9.125,3.375,2.704,-0.375,0.1016,4.0,8.0,-2.0,1.098,3.133
Germany,1922,0,0,9.125,3.25,2.808,-0.75,0.0958,3.5,8.0,-2.0,1.098,3.067
Germany,1923,0,0,9.125,3.25,2.808,-0.75,0.0958,3.5,8.0,-2.0,1.098,3.067
Germany,1924,0,0,6.375,4.875,1.308,5.875,0.2062,9.5,5.0,3.5,1.075,1.133
Germany,1925,0,0,6.375,4.875,1.308,5.875,0.2062,9.5,5.0,3.5,1.075,1.133
Germany,1926,0,0,5.75,4.875,1.179,6.875,0.2341,9.5,5.0,3.5,0.977,0.067
Germany,1927,0,0,5.375,5.875,0.915,9.312,0.2824,13.0,4.0,7.0,1.09,1.033
Germany,1928,0,0,4.75,5.875,0.809,10.312,0.3183,13.0,4.0,7.0,0.972,-0.033
Germany,1929,0,0,4.75,5.875,0.809,10.312,0.3183,13.0,4.0,7.0,0.972,-0.033
Germany,1930,1,0,7.375,4.375,1.686,4.375,0.1798,8.5,6.0,2.5,1.313,4.067
Germany,1931,1,0,7.75,4.125,1.879,3.062,0.1553,8.0,6.0,2.0,1.373,4.9
Germany,1932,1,0,8.375,3.875,2.161,1.562,0.1289,6.0,7.0,-1.0,1.272,4.633
Germany,1933,0,1,6.875,4.625,1.486,5.25,0.1925,2.0,8.0,7.0,1.029,0.933
Germany,1934,0,0,6.125,5.375,1.14,7.25,0.2283,2.0,8.0,9.0,0.968,-0.4
Germany,1935,0,0,5.75,5.75,1.0,8.688,0.2593,3.0,7.0,10.0,0.889,-1.033
Germany,1936,0,0,5.0,6.5,0.769,10.688,0.3054,3.0,7.0,12.0,0.802,-2.367
Germany,1937,0,0,5.0,6.625,0.755,10.875,0.3078,3.0,7.0,13.0,0.802,-2.067
Germany,1938,0,0,5.0,6.75,0.741,11.188,0.3135,3.0,7.0,13.5,0.802,-1.567
Germany,1939,0,0,5.875,6.75,0.87,10.312,0.2754,3.0,7.0,12.5,0.944,-0.833
Germany,1940,0,0,6.5,6.625,0.981,9.312,0.2457,2.0,8.0,12.5,0.96,0.233
Germany,1941,0,0,7.0,6.5,1.077,8.625,0.227,2.0,8.0,11.5,1.0,1.0
Germany,1942,1,0,7.75,5.875,1.319,6.5,0.1867,2.0,8.0,8.0,0.983,-0.267
Germany,1943,1,0,8.625,5.25,1.643,4.188,0.1489,-1.0,9.0,6.0,1.008,0.567
Germany,1944,1,0,9.5,4.25,2.235,0.812,0.1053,-1.5,9.0,2.5,1.028,0.767
Germany,1945,0,1,10.0,1.75,5.714,-5.5,0.0446,-4.5,10.0,-6.0,1.0,0.533
Germany,1946,0,0,9.75,1.875,5.2,-4.562,0.056,-3.0,9.0,-5.0,1.042,0.7
Germany,1947,0,0,8.75,2.375,3.684,-2.438,0.0759,0.0,8.0,-3.5,1.047,0.1
Germany,1948,0,0,7.75,3.0,2.583,0.188,0.1112,2.5,7.0,0.0,1.053,-0.233
Germany,1949,0,0,5.875,4.375,1.343,5.75,0.214,6.0,6.0,5.5,1.034,-0.4
Germany,1950,0,0,5.875,4.625,1.27,6.312,0.2224,6.0,6.0,5.5,1.034,-1.9
Germany,1951,0,0,5.25,5.25,1.0,8.5,0.2729,9.0,5.0,8.0,1.026,-0.267
Germany,1952,0,0,4.375,5.625,0.778,10.0,0.3189,11.5,4.0,10.0,0.985,-0.267
Germany,1953,0,0,4.375,5.875,0.745,10.562,0.3296,11.5,4.0,10.0,0.985,-1.767
Germany,1954,0,0,4.125,6.125,0.673,11.25,0.3478,11.5,4.0,11.0,0.952,-2.8
Germany,1955,0,0,3.5,6.625,0.528,13.0,0.4042,13.5,3.0,13.0,0.926,-1.067
Germany,1956,0,0,3.5,6.625,0.528,13.0,0.4042,13.5,3.0,13.0,0.926,-1.067
Germany,1957,0,0,3.5,6.625,0.528,13.0,0.4042,13.5,3.0,13.0,0.926,-1.067
Germany,1958,0,0,2.875,7.125,0.404,14.75,0.4708,15.0,2.0,13.0,0.889,-0.933
Germany,1959,0,0,2.625,7.5,0.35,15.812,0.507,16.0,2.0,14.5,0.833,-2.167
Germany,1960,0,0,2.625,7.5,0.35,15.812,0.507,16.0,2.0,14.5,0.833,-2.167
Germany,1961,0,0,2.625,7.5,0.35,15.812,0.507,16.0,2.0,14.5,0.833,-2.167
Germany,1962,0,0,2.625,7.5,0.35,15.812,0.507,16.0,2.0,14.5,0.833,-2.167
Germany,1963,0,0,2.625,7.5,0.35,15.812,0.507,16.0,2.0,14.5,0.833,-2.167
Germany,1964,0,0,2.625,7.5,0.35,15.812,0.507,16.0,2.0,14.5,0.833,-2.167
Germany,1965,0,0,2.625,7.5,0.35,15.812,0.507,16.0,2.0,14.5,0.833,-2.167
Germany,1966,0,0,2.625,7.5,0.35,15.812,0.507,16.0,2.0,14.5,0.833,-2.167
Germany,1967,0,0,2.625,7.5,0.35,15.812,0.507,16.0,2.0,14.5,0.833,-2.167
Germany,1968,0,0,3.125,7.25,0.431,14.812,0.4617,15.0,3.0,14.5,0.938,-1.1
Germany,1969,0,0,3.125,7.25,0.431,14.812,0.4617,15.0,3.0,14.5,0.938,-1.1
Germany,1970,0,0,3.625,7.25,0.5,14.312,0.431,15.0,3.0,14.5,1.176,-0.3
Germany,1971,0,0,3.75,7.0,0.536,13.562,0.4082,15.0,3.0,13.5,1.111,0.367
Germany,1972,0,0,3.875,6.75,0.574,13.0,0.395,15.0,3.0,13.5,1.204,1.867
Germany,1973,0,0,4.375,6.75,0.648,12.5,0.3701,15.0,3.0,13.5,1.404,2.667
Germany,1974,0,0,4.75,6.375,0.745,11.5,0.3429,15.0,3.0,11.5,1.212,1.6
Germany,1975,0,0,4.75,6.375,0.745,11.5,0.3429,15.0,3.0,11.5,1.212,1.6
Germany,1976,0,0,4.625,6.375,0.725,11.625,0.3484,15.0,3.0,11.5,1.136,1.267
Germany,1977,0,0,4.0,6.75,0.593,13.188,0.3999,15.0,3.0,13.5,1.296,0.833
Germany,1978,0,0,3.875,6.75,0.574,13.312,0.4067,15.0,3.0,13.5,1.204,0.5
Germany,1979,0,0,3.875,6.75,0.574,13.312,0.4067,15.0,3.0,13.5,1.204,0.5
Germany,1980,0,0,3.875,6.75,0.574,13.312,0.4067,15.0,3.0,13.5,1.204,0.5
Germany,1981,0,0,3.875,6.875,0.564,13.312,0.4024,15.0,3.0,13.5,1.204,0.5
Germany,1982,0,0,4.0,6.875,0.582,13.25,0.399,15.0,3.0,13.5,1.14,0.4
Germany,1983,0,0,4.0,6.875,0.582,13.25,0.399,15.0,3.0,13.5,1.14,0.4
Germany,1984,0,0,3.25,7.125,0.456,14.312,0.4447,15.0,3.0,14.5,1.042,-0.3
Germany,1985,0,0,3.25,7.125,0.456,14.312,0.4447,15.0,3.0,14.5,1.042,-0.3
Germany,1986,0,0,3.25,7.125,0.456,14.312,0.4447,15.0,3.0,14.5,1.042,-0.3
Germany,1987,0,0,3.5,7.0,0.5,14.0,0.4326,15.0,3.0,14.0,0.926,-0.267
Germany,1988,0,0,3.5,7.0,0.5,14.0,0.4326,15.0,3.0,14.0,0.926,-0.267
Germany,1989,0,0,3.5,7.0,0.5,14.0,0.4326,15.0,3.0,14.0,0.926,-0.267
Germany,1990,0,0,4.625,6.75,0.685,12.125,0.3531,14.0,4.0,13.0,1.136,1.533
Germany,1991,0,0,4.625,6.75,0.685,12.125,0.3531,14.0,4.0,13.0,1.136,1.533
Germany,1992,0,0,5.0,6.25,0.8,10.75,0.3197,14.0,4.0,10.0,1.111,2.267
Germany,1993,0,0,5.375,6.125,0.878,10.188,0.302,14.0,4.0,9.5,1.2,2.967
Germany,1994,0,0,5.375,6.125,0.878,10.188,0.302,14.0,4.0,9.5,1.2,2.967
Germany,1995,0,0,4.875,6.125,0.796,10.688,0.3223,14.0,4.0,10.5,1.159,2.7
Germany,1996,0,0,4.375,6.625,0.66,12.438,0.3726,15.0,3.0,12.5,1.25,2.033
Germany,1997,0,0,3.875,6.625,0.585,12.938,0.3981,15.0,3.0,13.5,1.204,1.767
Germany,1998,0,0,3.875,6.625,0.585,12.938,0.3981,15.0,3.0,13.5,1.204,1.767
Germany,1999,0,0,3.875,6.625,0.585,12.938,0.3981,15.0,3.0,13.5,1.204,1.767
Germany,2000,0,0,4.0,6.75,0.593,12.812,0.388,15.0,3.0,13.5,1.296,2.633
Germany,2001,0,0,4.0,6.75,0.593,12.812,0.388,15.0,3.0,13.5,1.296,2.633
Germany,2002,0,0,4.125,6.75,0.611,12.625,0.3801,15.0,3.0,13.5,1.389,3.133
Germany,2003,0,0,4.125,6.75,0.611,12.625,0.3801,15.0,3.0,13.5,1.389,3.133
Germany,2004,0,0,4.0,6.75,0.593,12.938,0.3917,15.0,3.0,13.5,1.296,2.3
Germany,2005,0,0,3.75,6.75,0.556,13.25,0.4096,15.0,3.0,13.5,1.111,1.467
Germany,2006,0,0,3.75,6.75,0.556,13.25,0.4096,15.0,3.0,13.5,1.111,1.467
Germany,2007,0,0,4.25,6.5,0.654,12.125,0.3679,15.0,3.0,13.5,1.316,2.6
Germany,2008,0,0,4.875,6.5,0.75,11.312,0.3328,15.0,3.0,12.5,1.429,3.7
Germany,2009,0,0,4.625,6.75,0.685,11.812,0.344,15.0,3.0,12.5,1.27,2.367
Germany,2010,0,0,4.25,7.0,0.607,12.438,0.3602,15.0,3.0,12.5,1.167,1.767
Germany,2011,0,0,3.875,7.0,0.554,13.125,0.3895,15.0,3.0,12.5,1.053,0.467
Germany,2012,0,0,3.75,7.0,0.536,13.625,0.412,15.0,3.0,12.5,0.965,-0.067
Germany,2013,0,0,3.75,7.0,0.536,13.625,0.412,15.0,3.0,12.5,0.965,-0.067
Germany,2014,0,0,4.0,7.0,0.571,13.375,0.3973,14.0,4.0,12.5,0.873,-0.467
Germany,2015,0,0,4.25,6.875,0.618,13.0,0.385,14.0,4.0,12.5,0.909,-0.533
Germany,2016,0,0,4.25,6.875,0.618,13.0,0.385,14.0,4.0,12.5,0.909,-0.533
Germany,2017,0,0,4.125,6.875,0.6,13.125,0.3916,14.0,4.0,13.5,0.952,-0.333
Germany,2018,0,0,4.125,6.875,0.6,13.125,0.3916,14.0,4.0,13.5,0.952,-0.333
Germany,2019,0,0,4.375,6.5,0.673,12.0,0.3597,14.0,4.0,10.5,0.985,-0.267
Germany,2020,0,0,6.25,5.625,1.111,8.312,0.2512,12.0,5.0,9.5,1.207,2.633
Germany,2021,0,0,6.5,5.625,1.156,7.875,0.2374,10.0,6.0,9.0,1.222,2.467
Germany,2022,0,0,6.875,5.375,1.279,6.75,0.2133,9.5,6.0,6.0,1.111,1.2
Germany,2023,0,0,6.875,5.25,1.31,6.5,0.2103,9.5,6.0,6.0,1.111,1.867
Germany,2024,0,0,7.125,5.375,1.326,6.25,0.2008,9.5,6.0,4.0,1.127,2.0
Germany,2025,0,0,6.875,5.375,1.279,6.688,0.2123,9.5,6.0,6.0,1.111,2.167
Hong Kong,1900,0,0,5.25,6.625,0.792,9.875,0.2727,11.5,4.0,9.5,1.25,1.667
Hong Kong,1901,0,0,4.5,6.625,0.679,10.625,0.3018,11.5,4.0,10.5,1.19,1.267
Hong Kong,1902,0,0,3.5,7.375,0.475,13.125,0.3742,14.5,3.0,13.5,1.25,0.467
Hong Kong,1903,0,0,3.125,7.375,0.424,13.5,0.3929,14.5,3.0,14.5,1.111,0.0
Hong Kong,1904,0,0,3.875,7.375,0.525,12.75,0.3546,14.5,3.0,13.5,1.204,0.4
Hong Kong,1905,0,0,3.875,7.375,0.525,12.75,0.3546,14.5,3.0,13.5,1.204,0.4
Hong Kong,1906,0,0,3.875,7.375,0.525,12.75,0.3546,14.5,3.0,13.5,1.204,0.4
Hong Kong,1907,0,0,3.875,7.375,0.525,12.75,0.3546,14.5,3.0,13.5,1.204,0.4
Hong Kong,1908,0,0,3.125,7.375,0.424,13.5,0.3929,14.5,3.0,14.5,1.111,0.0
Hong Kong,1909,0,0,3.125,7.375,0.424,13.5,0.3929,14.5,3.0,14.5,1.111,0.0
Hong Kong,1910,0,0,4.125,7.5,0.55,13.25,0.3692,14.0,4.0,14.0,1.083,0.4
Hong Kong,1911,0,0,5.125,6.5,0.788,10.25,0.2918,11.0,5.0,11.0,1.067,0.4
Hong Kong,1912,0,0,5.125,6.5,0.788,10.25,0.2918,11.0,5.0,11.0,1.067,0.4
Hong Kong,1913,0,0,4.125,6.5,0.635,11.25,0.3351,12.0,4.0,12.0,1.083,0.4
Hong Kong,1914,0,0,4.125,6.5,0.635,11.25,0.3351,12.0,4.0,12.0,1.083,0.4
Hong Kong,1915,0,0,5.125,6.5,0.788,10.25,0.2918,11.0,5.0,11.0,1.067,0.4
Hong Kong,1916,0,0,5.125,6.5,0.788,10.25,0.2918,11.0,5.0,11.0,1.067,0.4
Hong Kong,1917,0,0,5.125,6.5,0.788,10.25,0.2918,11.0,5.0,11.0,1.067,0.4
Hong Kong,1918,0,0,6.125,6.5,0.942,9.25,0.254,10.0,6.0,10.0,1.056,0.4
Hong Kong,1919,0,0,6.125,6.5,0.942,9.25,0.254,10.0,6.0,10.0,1.056,0.4
Hong Kong,1920,0,0,5.125,6.875,0.745,11.5,0.3226,13.5,5.0,11.5,1.067,0.533
Hong Kong,1921,0,0,5.125,6.875,0.745,11.5,0.3226,13.5,5.0,11.5,1.067,0.533
Hong Kong,1922,0,0,6.125,6.875,0.891,10.5,0.2808,12.5,6.0,10.5,1.056,0.533
Hong Kong,1923,0,0,6.125,6.875,0.891,10.5,0.2808,12.5,6.0,10.5,1.056,0.533
Hong Kong,1924,0,0,6.125,6.875,0.891,10.5,0.2808,12.5,6.0,10.5,1.056,0.533
Hong Kong,1925,0,0,5.125,6.875,0.745,11.5,0.3226,13.5,5.0,11.5,1.067,0.533
Hong Kong,1926,0,0,5.125,6.875,0.745,11.5,0.3226,13.5,5.0,11.5,1.067,0.533
Hong Kong,1927,0,0,6.125,6.875,0.891,10.5,0.2808,12.5,6.0,10.5,1.056,0.533
Hong Kong,1928,0,0,6.125,6.875,0.891,10.5,0.2808,12.5,6.0,10.5,1.056,0.533
Hong Kong,1929,0,0,6.125,6.875,0.891,10.5,0.2808,12.5,6.0,10.5,1.056,0.533
Hong Kong,1930,0,0,6.125,6.875,0.891,10.5,0.2808,12.5,6.0,10.5,1.056,0.533
Hong Kong,1931,0,0,7.125,6.875,1.036,9.5,0.2445,11.5,7.0,9.5,1.048,0.533
Hong Kong,1932,0,0,7.125,6.875,1.036,9.5,0.2445,11.5,7.0,9.5,1.048,0.533
Hong Kong,1933,0,0,7.125,6.875,1.036,9.5,0.2445,11.5,7.0,9.5,1.048,0.533
Hong Kong,1934,0,0,7.125,6.875,1.036,9.5,0.2445,11.5,7.0,9.5,1.048,0.533
Hong Kong,1935,0,0,6.125,6.875,0.891,10.5,0.2808,12.5,6.0,10.5,1.056,0.533
Hong Kong,1936,0,0,6.125,6.875,0.891,10.5,0.2808,12.5,6.0,10.5,1.056,0.533
Hong Kong,1937,0,0,6.125,6.875,0.891,10.5,0.2808,12.5,6.0,10.5,1.056,0.533
Hong Kong,1938,0,0,6.125,6.875,0.891,10.5,0.2808,12.5,6.0,10.5,1.056,0.533
Hong Kong,1939,0,0,6.125,6.875,0.891,10.5,0.2808,12.5,6.0,10.5,1.056,0.533
Hong Kong,1940,0,0,7.125,5.875,1.213,7.0,0.2071,9.0,7.0,7.0,1.048,0.533
Hong Kong,1941,0,0,8.125,4.875,1.667,3.5,0.1477,5.5,8.0,3.5,1.042,0.533
Hong Kong,1942,0,0,9.125,2.875,3.174,-2.5,0.0714,-0.5,9.0,-2.5,1.037,0.533
Hong Kong,1943,0,0,9.125,2.875,3.174,-2.5,0.0714,-0.5,9.0,-2.5,1.037,0.533
Hong Kong,1944,0,0,9.125,2.875,3.174,-2.5,0.0714,-0.5,9.0,-2.5,1.037,0.533
Hong Kong,1945,0,0,8.125,3.875,2.097,1.0,0.1149,3.0,8.0,1.0,1.042,0.533
Hong Kong,1946,0,0,7.125,4.875,1.462,4.5,0.1696,6.5,7.0,4.5,1.048,0.533
Hong Kong,1947,0,0,6.125,5.875,1.043,8.0,0.2379,10.0,6.0,8.0,1.056,0.533
Hong Kong,1948,0,0,5.125,5.875,0.872,9.0,0.2733,11.0,5.0,9.0,1.067,0.533
Hong Kong,1949,0,0,5.125,5.875,0.872,9.0,0.2733,11.0,5.0,9.0,1.067,0.533
Hong Kong,1950,0,0,4.125,6.875,0.6,12.5,0.3706,14.5,4.0,12.5,1.083,0.533
Hong Kong,1951,0,0,4.125,6.875,0.6,12.5,0.3706,14.5,4.0,12.5,1.083,0.533
Hong Kong,1952,0,0,4.125,6.875,0.6,12.5,0.3706,14.5,4.0,12.5,1.083,0.533
Hong Kong,1953,0,0,4.125,6.875,0.6,12.5,0.3706,14.5,4.0,12.5,1.083,0.533
Hong Kong,1954,0,0,4.125,6.875,0.6,12.5,0.3706,14.5,4.0,12.5,1.083,0.533
Hong Kong,1955,0,0,4.125,6.875,0.6,12.5,0.3706,14.5,4.0,12.5,1.083,0.533
Hong Kong,1956,0,0,4.125,6.875,0.6,12.5,0.3706,14.5,4.0,12.5,1.083,0.533
Hong Kong,1957,0,0,4.125,6.875,0.6,12.5,0.3706,14.5,4.0,12.5,1.083,0.533
Hong Kong,1958,0,0,4.125,6.875,0.6,12.5,0.3706,14.5,4.0,12.5,1.083,0.533
Hong Kong,1959,0,0,4.125,6.875,0.6,12.5,0.3706,14.5,4.0,12.5,1.083,0.533
Hong Kong,1960,0,0,4.125,6.875,0.6,12.5,0.3706,14.5,4.0,12.5,1.083,0.533
Hong Kong,1961,0,0,4.125,6.875,0.6,12.5,0.3706,14.5,4.0,12.5,1.083,0.533
Hong Kong,1962,0,0,4.125,6.875,0.6,12.5,0.3706,14.5,4.0,12.5,1.083,0.533
Hong Kong,1963,0,0,4.125,6.875,0.6,12.5,0.3706,14.5,4.0,12.5,1.083,0.533
Hong Kong,1964,1,0,4.125,6.875,0.6,12.5,0.3706,14.5,4.0,12.5,1.083,0.533
Hong Kong,1965,1,0,4.125,6.875,0.6,12.5,0.3706,14.5,4.0,12.5,1.083,0.533
Hong Kong,1966,1,0,6.125,5.875,1.043,8.0,0.2379,10.0,6.0,8.0,1.056,0.533
Hong Kong,1967,0,1,7.125,4.875,1.462,4.5,0.1696,6.5,7.0,4.5,1.048,0.533
Hong Kong,1968,0,0,6.125,5.875,1.043,8.0,0.2379,10.0,6.0,8.0,1.056,0.533
Hong Kong,1969,0,0,5.125,6.875,0.745,11.5,0.3226,13.5,5.0,11.5,1.067,0.533
Hong Kong,1970,0,0,5.125,6.875,0.745,11.5,0.3226,13.5,5.0,11.5,1.067,0.533
Hong Kong,1971,0,0,5.125,6.875,0.745,11.5,0.3226,13.5,5.0,11.5,1.067,0.533
Hong Kong,1972,0,0,4.125,6.875,0.6,12.5,0.3706,14.5,4.0,12.5,1.083,0.533
Hong Kong,1973,0,0,4.125,6.875,0.6,12.5,0.3706,14.5,4.0,12.5,1.083,0.533
Hong Kong,1974,0,0,4.125,6.875,0.6,12.5,0.3706,14.5,4.0,12.5,1.083,0.533
Hong Kong,1975,0,0,4.125,6.875,0.6,12.5,0.3706,14.5,4.0,12.5,1.083,0.533
Hong Kong,1976,0,0,4.125,6.875,0.6,12.5,0.3706,14.5,4.0,12.5,1.083,0.533
Hong Kong,1977,0,0,4.125,6.875,0.6,12.5,0.3706,14.5,4.0,12.5,1.083,0.533
Hong Kong,1978,0,0,4.125,6.875,0.6,12.5,0.3706,14.5,4.0,12.5,1.083,0.533
Hong Kong,1979,0,0,4.125,6.875,0.6,12.5,0.3706,14.5,4.0,12.5,1.083,0.533
Hong Kong,1980,0,0,4.125,6.875,0.6,12.5,0.3706,14.5,4.0,12.5,1.083,0.533
Hong Kong,1981,0,0,4.125,6.875,0.6,12.5,0.3706,14.5,4.0,12.5,1.083,0.533
Hong Kong,1982,0,0,4.125,6.875,0.6,12.5,0.3706,14.5,4.0,12.5,1.083,0.533
Hong Kong,1983,0,0,4.125,6.875,0.6,12.5,0.3706,14.5,4.0,12.5,1.083,0.533
Hong Kong,1984,0,0,4.125,6.875,0.6,12.5,0.3706,14.5,4.0,12.5,1.083,0.533
Hong Kong,1985,0,0,4.125,6.875,0.6,12.5,0.3706,14.5,4.0,12.5,1.083,0.533
Hong Kong,1986,0,0,4.125,6.875,0.6,12.5,0.3706,14.5,4.0,12.5,1.083,0.533
Hong Kong,1987,0,0,4.125,6.875,0.6,12.5,0.3706,14.5,4.0,12.5,1.083,0.533
Hong Kong,1988,0,0,4.125,6.875,0.6,12.5,0.3706,14.5,4.0,12.5,1.083,0.533
Hong Kong,1989,0,0,4.125,6.875,0.6,12.5,0.3706,14.5,4.0,12.5,1.083,0.533
Hong Kong,1990,0,0,4.125,6.875,0.6,12.5,0.3706,14.5,4.0,12.5,1.083,0.533
Hong Kong,1991,0,0,4.125,6.875,0.6,12.5,0.3706,14.5,4.0,12.5,1.083,0.533
Hong Kong,1992,0,0,4.125,6.875,0.6,12.5,0.3706,14.5,4.0,12.5,1.083,0.533
Hong Kong,1993,0,0,4.125,6.875,0.6,12.5,0.3706,14.5,4.0,12.5,1.083,0.533
Hong Kong,1994,1,0,4.125,6.875,0.6,12.5,0.3706,14.5,4.0,12.5,1.083,0.533
Hong Kong,1995,1,0,4.125,6.875,0.6,12.5,0.3706,14.5,4.0,12.5,1.083,0.533
Hong Kong,1996,1,0,4.125,6.875,0.6,12.5,0.3706,14.5,4.0,12.5,1.083,0.533
Hong Kong,1997,0,1,5.125,6.875,0.745,11.5,0.3226,13.5,5.0,11.5,1.067,0.533
Hong Kong,1998,0,0,6.125,6.875,0.891,10.5,0.2808,12.5,6.0,10.5,1.056,0.533
Hong Kong,1999,0,0,6.125,6.875,0.891,10.5,0.2808,12.5,6.0,10.5,1.056,0.533
Hong Kong,2000,0,0,5.125,6.875,0.745,11.5,0.3226,13.5,5.0,11.5,1.067,0.533
Hong Kong,2001,0,0,5.125,6.875,0.745,11.5,0.3226,13.5,5.0,11.5,1.067,0.533
Hong Kong,2002,0,0,5.125,6.875,0.745,11.5,0.3226,13.5,5.0,11.5,1.067,0.533
Hong Kong,2003,0,0,6.125,6.875,0.891,10.5,0.2808,12.5,6.0,10.5,1.056,0.533
Hong Kong,2004,0,0,6.125,6.875,0.891,10.5,0.2808,12.5,6.0,10.5,1.056,0.533
Hong Kong,2005,0,0,5.125,6.875,0.745,11.5,0.3226,13.5,5.0,11.5,1.067,0.533
Hong Kong,2006,0,0,5.125,6.875,0.745,11.5,0.3226,13.5,5.0,11.5,1.067,0.533
Hong Kong,2007,0,0,5.125,6.875,0.745,11.5,0.3226,13.5,5.0,11.5,1.067,0.533
Hong Kong,2008,0,0,6.125,6.875,0.891,10.5,0.2808,12.5,6.0,10.5,1.056,0.533
Hong Kong,2009,0,0,6.125,6.875,0.891,10.5,0.2808,12.5,6.0,10.5,1.056,0.533
Hong Kong,2010,0,0,5.125,6.875,0.745,11.5,0.3226,13.5,5.0,11.5,1.067,0.533
Hong Kong,2011,0,0,5.125,6.875,0.745,11.5,0.3226,13.5,5.0,11.5,1.067,0.533
Hong Kong,2012,0,0,5.125,6.875,0.745,11.5,0.3226,13.5,5.0,11.5,1.067,0.533
Hong Kong,2013,0,0,5.125,6.875,0.745,11.5,0.3226,13.5,5.0,11.5,1.067,0.533
Hong Kong,2014,0,0,5.125,6.875,0.745,11.5,0.3226,13.5,5.0,11.5,1.067,0.533
Hong Kong,2015,0,0,5.125,6.875,0.745,11.5,0.3226,13.5,5.0,11.5,1.067,0.533
India,1950,0,0,1.125,4.0,0.281,10.875,0.4378,8.5,1.0,13.5,0.833,0.6
India,1951,0,0,1.125,4.0,0.281,10.875,0.4378,8.5,1.0,13.5,0.833,0.6
India,1952,0,0,1.0,4.0,0.25,11.0,0.4455,8.5,1.0,13.5,1.0,0.8
India,1953,0,0,1.0,4.0,0.25,11.0,0.4455,8.5,1.0,13.5,1.0,0.8
India,1954,0,0,1.0,4.0,0.25,11.0,0.4455,8.5,1.0,13.5,1.0,0.8
India,1955,0,0,1.0,4.0,0.25,11.0,0.4455,8.5,1.0,13.5,1.0,0.8
India,1956,0,0,1.0,4.0,0.25,11.0,0.4455,8.5,1.0,13.5,1.0,0.8
India,1957,0,0,1.0,4.0,0.25,11.0,0.4455,8.5,1.0,13.5,1.0,0.8
India,1958,0,0,1.0,4.0,0.25,11.0,0.4455,8.5,1.0,13.5,1.0,0.8
India,1959,0,0,1.125,4.0,0.281,10.875,0.4378,8.5,1.0,13.5,0.833,0.6
India,1960,0,0,1.125,4.0,0.281,10.875,0.4378,8.5,1.0,13.5,0.833,0.6
India,1961,0,0,1.125,4.0,0.281,10.875,0.4378,8.5,1.0,13.5,0.833,0.6
India,1962,0,0,1.0,4.0,0.25,11.0,0.4455,8.5,1.0,13.5,1.0,0.8
India,1963,0,0,1.0,4.0,0.25,11.0,0.4455,8.5,1.0,13.5,1.0,0.8
India,1964,0,0,1.0,4.125,0.242,11.125,0.4455,8.5,1.0,13.5,1.0,1.0
India,1965,0,0,1.0,4.125,0.242,11.125,0.4455,8.5,1.0,13.5,1.0,1.0
India,1966,0,0,1.0,4.125,0.242,11.125,0.4455,8.5,1.0,13.5,1.0,1.0
India,1967,0,0,1.0,4.125,0.242,11.125,0.4455,8.5,1.0,13.5,1.0,1.0
India,1968,0,0,1.0,4.125,0.242,11.125,0.4455,8.5,1.0,13.5,1.0,1.0
India,1969,0,0,1.0,4.25,0.235,11.25,0.4455,8.5,1.0,13.5,1.0,1.2
India,1970,0,0,1.0,4.25,0.235,11.25,0.4455,8.5,1.0,13.5,1.0,1.2
India,1971,0,0,1.0,4.25,0.235,11.25,0.4455,8.5,1.0,13.5,1.0,1.2
India,1972,1,0,1.0,4.25,0.235,11.25,0.4455,8.5,1.0,13.5,1.0,1.2
India,1973,1,0,1.0,4.25,0.235,11.25,0.4455,8.5,1.0,13.5,1.0,1.2
India,1974,1,0,1.0,4.25,0.235,11.25,0.4455,8.5,1.0,13.5,1.0,1.2
India,1975,0,1,1.0,4.25,0.235,11.25,0.4455,8.5,1.0,13.5,1.0,1.2
India,1976,0,0,1.0,4.25,0.235,11.25,0.4455,8.5,1.0,13.5,1.0,1.2
India,1977,0,0,1.0,4.25,0.235,11.25,0.4455,8.5,1.0,13.5,1.0,1.2
India,1978,0,0,1.625,4.75,0.342,10.938,0.3992,10.5,2.0,11.0,0.5,-0.9
India,1979,0,0,1.625,4.75,0.342,10.938,0.3992,10.5,2.0,11.0,0.5,-0.9
India,1980,0,0,1.625,4.75,0.342,10.938,0.3992,10.5,2.0,11.0,0.5,-0.9
India,1981,0,0,1.625,4.75,0.342,10.938,0.3992,10.5,2.0,11.0,0.5,-0.9
India,1982,0,0,1.625,4.75,0.342,10.938,0.3992,10.5,2.0,11.0,0.5,-0.9
India,1983,0,0,2.125,5.25,0.405,11.688,0.4098,11.25,2.5,11.75,0.6,-0.9
India,1984,0,0,2.625,5.75,0.457,12.438,0.4172,12.0,3.0,12.5,0.667,-0.9
India,1985,0,0,2.625,5.75,0.457,12.438,0.4172,12.0,3.0,12.5,0.667,-0.9
India,1986,0,0,2.625,5.75,0.457,12.438,0.4172,12.0,3.0,12.5,0.667,-0.9
India,1987,0,0,2.625,5.75,0.457,12.438,0.4172,12.0,3.0,12.5,0.667,-0.9
India,1988,0,0,2.625,5.75,0.457,12.438,0.4172,12.0,3.0,12.5,0.667,-0.9
India,1989,0,0,2.625,5.75,0.457,12.438,0.4172,12.0,3.0,12.5,0.667,-0.9
India,1990,0,0,2.625,5.75,0.457,12.438,0.4172,12.0,3.0,12.5,0.667,-0.9
India,1991,0,0,2.625,5.75,0.457,12.438,0.4172,12.0,3.0,12.5,0.667,-0.9
India,1992,0,0,2.625,5.75,0.457,12.438,0.4172,12.0,3.0,12.5,0.667,-0.9
India,1993,0,0,2.625,5.75,0.457,12.438,0.4172,12.0,3.0,12.5,0.667,-0.9
India,1994,0,0,2.625,5.75,0.457,12.438,0.4172,12.0,3.0,12.5,0.667,-0.9
India,1995,0,0,2.625,5.75,0.457,12.438,0.4172,12.0,3.0,12.5,0.667,-0.9
India,1996,0,0,2.625,5.75,0.457,12.438,0.4172,12.0,3.0,12.5,0.667,-0.9
India,1997,0,0,2.625,5.75,0.457,12.438,0.4172,12.0,3.0,12.5,0.667,-0.9
India,1998,0,0,2.625,5.75,0.457,12.438,0.4172,12.0,3.0,12.5,0.667,-0.9
India,1999,0,0,3.125,6.25,0.5,13.188,0.4218,12.75,3.5,13.25,0.714,-0.9
India,2000,0,0,3.625,6.75,0.537,13.938,0.4239,13.5,4.0,14.0,0.75,-0.9
India,2001,0,0,3.625,6.75,0.537,13.938,0.4239,13.5,4.0,14.0,0.75,-0.9
India,2002,0,0,3.625,6.75,0.537,13.938,0.4239,13.5,4.0,14.0,0.75,-0.9
India,2003,0,0,3.625,6.75,0.537,13.938,0.4239,13.5,4.0,14.0,0.75,-0.9
India,2004,0,0,3.625,6.75,0.537,13.938,0.4239,13.5,4.0,14.0,0.75,-0.9
India,2005,0,0,3.625,6.75,0.537,13.938,0.4239,13.5,4.0,14.0,0.75,-0.9
India,2006,0,0,3.625,6.75,0.537,13.938,0.4239,13.5,4.0,14.0,0.75,-0.9
India,2007,0,0,3.625,6.75,0.537,13.938,0.4239,13.5,4.0,14.0,0.75,-0.9
India,2008,0,0,3.625,6.75,0.537,13.938,0.4239,13.5,4.0,14.0,0.75,-0.9
India,2009,0,0,4.125,7.25,0.569,14.625,0.4217,14.25,4.5,14.75,0.778,-1.0
India,2010,0,0,4.625,7.75,0.597,15.312,0.4178,15.0,5.0,15.5,0.8,-1.1
India,2011,0,0,4.625,7.75,0.597,15.312,0.4178,15.0,5.0,15.5,0.8,-1.1
India,2012,0,0,4.625,7.75,0.597,15.312,0.4178,15.0,5.0,15.5,0.8,-1.1
India,2013,0,0,4.625,7.75,0.597,15.312,0.4178,15.0,5.0,15.5,0.8,-1.1
India,2014,0,0,4.625,7.75,0.597,15.312,0.4178,15.0,5.0,15.5,0.8,-1.1
India,2015,0,0,4.625,7.75,0.597,15.312,0.4178,15.0,5.0,15.5,0.8,-1.1
India,2016,0,0,4.625,7.75,0.597,15.312,0.4178,15.0,5.0,15.5,0.8,-1.1
India,2017,0,0,4.625,7.75,0.597,15.312,0.4178,15.0,5.0,15.5,0.8,-1.1
India,2018,0,0,4.625,7.75,0.597,15.312,0.4178,15.0,5.0,15.5,0.8,-1.1
India,2019,0,0,4.625,7.75,0.597,15.312,0.4178,15.0,5.0,15.5,0.8,-1.1
India,2020,0,0,4.625,7.75,0.597,15.312,0.4178,15.0,5.0,15.5,0.8,-1.1
India,2021,0,0,4.625,7.75,0.597,15.312,0.4178,15.0,5.0,15.5,0.8,-1.1
India,2022,0,0,4.625,7.75,0.597,15.312,0.4178,15.0,5.0,15.5,0.8,-1.1
Indonesia,1941,1,0,6.75,5.0,1.35,4.188,0.1536,-0.5,8.0,6.0,1.061,2.167
Indonesia,1942,0,1,8.5,2.875,2.957,-1.688,0.0791,-4.0,9.0,-1.5,1.032,1.3
Indonesia,1943,0,0,9.375,1.875,5.0,-5.0,0.0437,-7.5,10.0,-5.0,0.993,0.8
Indonesia,1944,0,0,9.375,1.875,5.0,-5.0,0.0437,-7.5,10.0,-5.0,0.993,0.8
Indonesia,1945,0,0,8.5,3.0,2.833,-1.438,0.0811,-4.0,9.0,0.5,1.032,1.7
Indonesia,1946,0,0,7.5,4.0,1.875,2.062,0.129,-0.5,8.0,4.0,1.036,1.7
Indonesia,1947,0,0,6.5,5.0,1.3,5.562,0.1893,3.0,7.0,7.5,1.042,1.7
Indonesia,1948,0,0,6.5,5.0,1.3,5.562,0.1893,3.0,7.0,7.5,1.042,1.7
Indonesia,1949,0,0,6.5,5.0,1.3,5.562,0.1893,3.0,7.0,7.5,1.042,1.7
Indonesia,1950,0,0,5.5,6.25,0.88,9.375,0.2657,9.0,6.0,10.0,0.952,1.667
Indonesia,1951,0,0,5.5,6.25,0.88,9.375,0.2657,9.0,6.0,10.0,0.952,1.667
Indonesia,1952,0,0,5.5,6.25,0.88,9.375,0.2657,9.0,6.0,10.0,0.952,1.667
Indonesia,1953,0,0,5.5,6.25,0.88,9.375,0.2657,9.0,6.0,10.0,0.952,1.667
Indonesia,1954,0,0,5.5,6.25,0.88,9.375,0.2657,9.0,6.0,10.0,0.952,1.667
Indonesia,1955,0,0,5.5,6.25,0.88,9.375,0.2657,9.0,6.0,10.0,0.952,1.667
Indonesia,1956,0,0,5.5,6.25,0.88,9.375,0.2657,9.0,6.0,10.0,0.952,1.667
Indonesia,1957,0,0,5.5,6.25,0.88,9.375,0.2657,9.0,6.0,10.0,0.952,1.667
Indonesia,1958,0,0,5.5,6.25,0.88,9.375,0.2657,9.0,6.0,10.0,0.952,1.667
Indonesia,1959,0,0,5.5,6.25,0.88,9.375,0.2657,9.0,6.0,10.0,0.952,1.667
Indonesia,1960,0,0,5.5,6.25,0.88,9.375,0.2657,9.0,6.0,10.0,0.952,1.667
Indonesia,1961,0,0,5.5,6.25,0.88,9.375,0.2657,9.0,6.0,10.0,0.952,1.667
Indonesia,1962,1,0,5.5,6.25,0.88,9.375,0.2657,9.0,6.0,10.0,0.952,1.667
Indonesia,1963,1,0,5.5,6.25,0.88,9.375,0.2657,9.0,6.0,10.0,0.952,1.667
Indonesia,1964,1,0,5.5,6.25,0.88,9.375,0.2657,9.0,6.0,10.0,0.952,1.667
Indonesia,1965,0,1,6.875,4.875,1.41,4.938,0.1765,3.0,7.0,5.5,1.029,1.233
Indonesia,1966,0,0,6.875,4.875,1.41,4.938,0.1765,3.0,7.0,5.5,1.029,1.233
Indonesia,1967,0,0,6.875,4.875,1.41,4.938,0.1765,3.0,7.0,5.5,1.029,1.233
Indonesia,1968,0,0,6.875,4.875,1.41,4.938,0.1765,3.0,7.0,5.5,1.029,1.233
Indonesia,1969,0,0,6.875,4.875,1.41,4.938,0.1765,3.0,7.0,5.5,1.029,1.233
Indonesia,1970,0,0,6.875,4.875,1.41,4.938,0.1765,3.0,7.0,5.5,1.029,1.233
Indonesia,1971,0,0,6.875,4.875,1.41,4.938,0.1765,3.0,7.0,5.5,1.029,1.233
Indonesia,1972,0,0,6.875,4.875,1.41,4.938,0.1765,3.0,7.0,5.5,1.029,1.233
Indonesia,1973,0,0,6.875,4.875,1.41,4.938,0.1765,3.0,7.0,5.5,1.029,1.233
Indonesia,1974,0,0,6.875,4.875,1.41,4.938,0.1765,3.0,7.0,5.5,1.029,1.233
Indonesia,1975,0,0,6.875,4.875,1.41,4.938,0.1765,3.0,7.0,5.5,1.029,1.233
Indonesia,1976,0,0,6.875,4.875,1.41,4.938,0.1765,3.0,7.0,5.5,1.029,1.233
Indonesia,1977,0,0,6.875,4.875,1.41,4.938,0.1765,3.0,7.0,5.5,1.029,1.233
Indonesia,1978,0,0,6.875,4.875,1.41,4.938,0.1765,3.0,7.0,5.5,1.029,1.233
Indonesia,1979,0,0,6.875,4.875,1.41,4.938,0.1765,3.0,7.0,5.5,1.029,1.233
Indonesia,1980,0,0,5.875,5.25,1.119,7.188,0.2303,6.5,6.0,9.0,1.034,2.433
Indonesia,1981,0,0,5.875,5.25,1.119,7.188,0.2303,6.5,6.0,9.0,1.034,2.433
Indonesia,1982,0,0,5.875,5.25,1.119,7.188,0.2303,6.5,6.0,9.0,1.034,2.433
Indonesia,1983,0,0,5.875,5.25,1.119,7.188,0.2303,6.5,6.0,9.0,1.034,2.433
Indonesia,1984,0,0,5.875,5.25,1.119,7.188,0.2303,6.5,6.0,9.0,1.034,2.433
Indonesia,1985,0,0,5.875,5.25,1.119,7.188,0.2303,6.5,6.0,9.0,1.034,2.433
Indonesia,1986,0,0,5.875,5.25,1.119,7.188,0.2303,6.5,6.0,9.0,1.034,2.433
Indonesia,1987,0,0,5.875,5.25,1.119,7.188,0.2303,6.5,6.0,9.0,1.034,2.433
Indonesia,1988,0,0,5.875,5.25,1.119,7.188,0.2303,6.5,6.0,9.0,1.034,2.433
Indonesia,1989,0,0,5.875,5.25,1.119,7.188,0.2303,6.5,6.0,9.0,1.034,2.433
Indonesia,1990,0,0,5.875,5.25,1.119,7.188,0.2303,6.5,6.0,9.0,1.034,2.433
Indonesia,1991,0,0,5.875,5.25,1.119,7.188,0.2303,6.5,6.0,9.0,1.034,2.433
Indonesia,1992,0,0,5.875,5.25,1.119,7.188,0.2303,6.5,6.0,9.0,1.034,2.433
Indonesia,1993,0,0,5.875,5.25,1.119,7.188,0.2303,6.5,6.0,9.0,1.034,2.433
Indonesia,1994,1,0,5.875,5.25,1.119,7.188,0.2303,6.5,6.0,9.0,1.034,2.433
Indonesia,1995,1,0,5.875,5.25,1.119,7.188,0.2303,6.5,6.0,9.0,1.034,2.433
Indonesia,1996,1,0,5.875,5.25,1.119,7.188,0.2303,6.5,6.0,9.0,1.034,2.433
Indonesia,1997,0,1,7.0,5.25,1.333,6.0,0.1949,5.5,7.0,8.0,1.078,2.933
Indonesia,1998,0,0,8.0,4.25,1.882,2.562,0.1383,2.0,8.0,4.5,1.068,2.767
Indonesia,1999,0,0,7.0,5.25,1.333,6.0,0.1949,5.5,7.0,8.0,1.078,2.933
Indonesia,2000,0,0,7.0,5.25,1.333,6.0,0.1949,5.5,7.0,8.0,1.078,2.933
Indonesia,2001,0,0,7.0,5.25,1.333,6.0,0.1949,5.5,7.0,8.0,1.078,2.933
Indonesia,2002,0,0,7.0,5.25,1.333,6.0,0.1949,5.5,7.0,8.0,1.078,2.933
Indonesia,2003,0,0,7.0,5.25,1.333,6.0,0.1949,5.5,7.0,8.0,1.078,2.933
Indonesia,2004,0,0,7.0,5.25,1.333,6.0,0.1949,5.5,7.0,8.0,1.078,2.933
Indonesia,2005,0,0,7.0,5.25,1.333,6.0,0.1949,5.5,7.0,8.0,1.078,2.933
Indonesia,2006,0,0,7.0,5.25,1.333,6.0,0.1949,5.5,7.0,8.0,1.078,2.933
Indonesia,2007,0,0,7.0,5.25,1.333,6.0,0.1949,5.5,7.0,8.0,1.078,2.933
Indonesia,2008,0,0,7.0,5.25,1.333,6.0,0.1949,5.5,7.0,8.0,1.078,2.933
Indonesia,2009,0,0,7.0,5.25,1.333,6.0,0.1949,5.5,7.0,8.0,1.078,2.933
Indonesia,2010,0,0,7.0,5.25,1.333,6.0,0.1949,5.5,7.0,8.0,1.078,2.933
Indonesia,2011,0,0,7.0,5.25,1.333,6.0,0.1949,5.5,7.0,8.0,1.078,2.933
Indonesia,2012,0,0,7.0,5.25,1.333,6.0,0.1949,5.5,7.0,8.0,1.078,2.933
Indonesia,2013,0,0,7.0,5.25,1.333,6.0,0.1949,5.5,7.0,8.0,1.078,2.933
Indonesia,2014,0,0,7.0,5.25,1.333,6.0,0.1949,5.5,7.0,8.0,1.078,2.933
Indonesia,2015,0,0,7.0,5.25,1.333,6.0,0.1949,5.5,7.0,8.0,1.078,2.933
Indonesia,2016,0,0,7.0,5.25,1.333,6.0,0.1949,5.5,7.0,8.0,1.078,2.933
Indonesia,2017,0,0,7.0,5.25,1.333,6.0,0.1949,5.5,7.0,8.0,1.078,2.933
Indonesia,2018,0,0,7.0,5.25,1.333,6.0,0.1949,5.5,7.0,8.0,1.078,2.933
Indonesia,2019,0,0,7.0,5.25,1.333,6.0,0.1949,5.5,7.0,8.0,1.078,2.933
Indonesia,2020,0,0,7.0,5.25,1.333,6.0,0.1949,5.5,7.0,8.0,1.078,2.933
Indonesia,2021,0,0,7.0,5.25,1.333,6.0,0.1949,5.5,7.0,8.0,1.078,2.933
Indonesia,2022,0,0,7.0,5.25,1.333,6.0,0.1949,5.5,7.0,8.0,1.078,2.933
Indonesia,2023,0,0,7.0,5.25,1.333,6.0,0.1949,5.5,7.0,8.0,1.078,2.933
Indonesia,2024,0,0,7.0,5.25,1.333,6.0,0.1949,5.5,7.0,8.0,1.078,2.933
Indonesia,2025,0,0,7.0,5.25,1.333,6.0,0.1949,5.5,7.0,8.0,1.078,2.933
Iran,1900,0,0,5.15,3.825,1.346,4.875,0.2011,5.9,5.2,1.3,0.915,0.227
Iran,1901,0,0,5.075,3.6,1.41,4.55,0.1976,4.0,5.4,1.7,0.896,-1.467
Iran,1902,0,0,5.25,3.625,1.448,4.25,0.1865,4.8,5.0,1.2,1.005,-0.667
Iran,1903,1,0,4.925,3.875,1.271,4.75,0.1937,5.7,4.8,1.7,0.919,-1.093
Iran,1904,1,0,5.075,3.7,1.372,4.588,0.1956,5.6,5.2,1.9,0.956,0.033
Iran,1905,1,0,6.525,3.65,1.788,3.012,0.159,4.7,6.0,0.7,0.907,0.5
Iran,1906,0,1,6.95,3.625,1.917,2.313,0.144,5.3,5.6,-1.3,0.907,0.767
Iran,1907,0,0,7.025,2.85,2.465,1.1,0.1338,-0.6,7.0,-3.1,0.798,-1.333
Iran,1908,0,0,7.575,2.65,2.858,0.288,0.1223,0.8,7.8,-3.7,1.005,-0.02
Iran,1909,0,0,7.15,2.925,2.444,1.35,0.1381,1.2,7.0,-0.5,0.938,0.133
Iran,1910,0,0,6.875,3.125,2.2,1.738,0.142,2.5,6.6,0.1,0.967,0.593
Iran,1911,0,0,6.85,3.075,2.228,1.662,0.1405,-1.4,7.2,2.3,1.036,1.273
Iran,1912,0,0,7.875,3.0,2.625,0.05,0.1096,2.5,7.0,-2.9,1.04,0.88
Iran,1913,0,0,8.3,2.775,2.991,-0.837,0.1007,-1.2,7.8,-3.4,1.046,0.847
Iran,1914,0,0,7.775,2.925,2.658,-0.2,0.1049,1.1,7.0,-2.1,0.964,1.333
Iran,1915,0,0,8.0,3.1,2.581,-0.175,0.1036,1.8,6.2,-2.0,1.097,0.84
Iran,1916,0,0,8.075,2.8,2.884,-0.475,0.1046,0.7,7.8,-2.2,1.039,1.213
Iran,1917,0,0,8.075,2.9,2.784,-0.5,0.1019,1.3,8.2,-3.8,0.972,0.587
Iran,1918,0,0,7.475,3.05,2.451,0.337,0.1143,1.3,6.0,-2.0,1.042,0.327
Iran,1919,0,0,7.975,2.775,2.874,-0.738,0.0987,1.0,6.8,-2.9,1.161,0.9
Iran,1920,0,0,8.1,2.65,3.057,-0.812,0.1015,0.7,6.6,-2.4,1.061,-0.18
Iran,1921,0,0,7.125,3.35,2.127,1.588,0.1336,2.2,7.6,-2.8,0.972,1.633
Iran,1922,0,0,6.05,3.975,1.522,3.875,0.1707,4.2,5.4,2.5,1.004,1.613
Iran,1923,0,0,6.475,3.875,1.671,3.287,0.1601,3.2,6.4,2.3,1.1,1.847
Iran,1924,0,0,6.45,4.25,1.518,3.713,0.1615,2.9,6.4,5.3,1.09,1.78
Iran,1925,0,0,5.15,4.625,1.114,6.012,0.213,6.4,4.6,5.7,0.995,0.98
Iran,1926,0,0,3.775,5.275,0.716,9.525,0.314,11.1,3.2,11.3,0.982,1.48
Iran,1927,0,0,3.8,5.15,0.738,9.362,0.3152,11.7,2.6,9.8,0.918,0.633
Iran,1928,0,0,4.075,5.375,0.758,9.45,0.3087,11.3,3.2,11.4,1.077,1.627
Iran,1929,0,0,4.075,5.275,0.773,9.412,0.311,11.5,2.8,10.9,1.077,1.407
Iran,1930,0,0,3.6,5.275,0.682,9.738,0.3247,10.9,3.2,11.0,0.971,0.86
Iran,1931,0,0,3.975,5.625,0.707,9.538,0.3036,12.3,2.8,12.1,1.065,1.5
Iran,1932,0,0,3.8,5.45,0.697,9.775,0.3194,12.5,2.2,12.7,1.148,2.04
Iran,1933,0,0,3.85,5.75,0.67,10.075,0.3187,12.5,2.8,12.7,1.093,2.093
Iran,1934,0,0,3.775,5.825,0.648,10.2,0.3219,11.6,3.4,12.2,1.039,1.28
Iran,1935,0,0,3.85,5.65,0.681,9.95,0.3174,12.0,3.0,12.0,1.154,1.573
Iran,1936,0,0,3.95,5.525,0.715,9.712,0.3126,12.7,3.2,9.5,1.135,2.26
Iran,1937,0,0,3.875,5.575,0.695,9.812,0.3152,12.4,3.0,12.3,1.053,1.993
Iran,1938,0,0,4.075,5.55,0.734,9.375,0.3,11.9,3.0,11.8,1.163,2.2
Iran,1939,0,0,4.1,5.5,0.745,9.263,0.296,11.3,3.8,10.9,1.122,2.447
Iran,1940,0,0,3.975,5.525,0.719,9.55,0.3063,10.5,3.4,11.3,1.094,0.773
Iran,1941,0,0,6.975,3.125,2.232,1.35,0.1345,4.4,6.2,-2.2,0.946,0.4
Iran,1942,0,0,6.075,3.875,1.568,3.687,0.168,5.7,5.2,2.4,1.146,1.313
Iran,1943,0,0,5.975,3.95,1.513,3.3,0.156,4.9,4.8,0.7,1.062,0.16
Iran,1944,0,0,6.225,3.875,1.606,3.412,0.1611,5.9,5.2,-0.3,1.046,0.553
Iran,1945,0,0,6.075,3.9,1.558,3.638,0.1681,4.6,5.6,3.1,1.015,-0.047
Iran,1946,0,0,6.15,3.625,1.697,2.95,0.1568,4.0,6.4,-0.8,0.912,0.08
Iran,1947,0,0,6.375,3.675,1.735,2.862,0.153,6.0,5.2,-0.4,0.957,-0.06
Iran,1948,0,0,4.975,4.1,1.213,5.35,0.2064,4.9,5.2,4.1,0.945,-0.507
Iran,1949,0,0,5.025,4.1,1.226,5.5,0.2123,5.8,4.8,5.3,0.992,-0.16
Iran,1950,1,0,5.175,3.875,1.335,5.3,0.215,5.3,5.0,3.9,0.967,0.213
Iran,1951,1,0,6.05,4.275,1.415,4.438,0.1804,6.2,5.2,4.8,1.134,2.62
Iran,1952,1,0,6.65,3.875,1.716,3.1,0.1561,4.3,6.4,4.2,0.988,0.427
Iran,1953,0,1,7.45,2.975,2.504,1.075,0.1323,1.4,6.8,2.2,1.018,1.347
Iran,1954,0,0,4.275,4.925,0.868,8.113,0.2741,7.3,4.4,8.0,0.901,-0.087
Iran,1955,0,0,4.25,5.05,0.842,8.113,0.2707,8.8,3.6,8.6,0.909,0.18
Iran,1956,0,0,4.125,4.875,0.846,8.225,0.2805,9.5,3.8,7.7,0.928,0.253
Iran,1957,0,0,4.125,4.85,0.851,8.0,0.2734,7.6,4.2,7.0,1.003,0.533
Iran,1958,0,0,4.225,5.275,0.801,8.312,0.2709,8.5,4.0,7.1,0.917,0.073
Iran,1959,0,0,4.275,5.275,0.81,8.375,0.2715,8.7,3.6,7.6,1.074,1.453
Iran,1960,0,0,4.075,5.025,0.811,8.425,0.2826,8.7,3.6,7.5,0.971,0.52
Iran,1961,0,0,4.525,5.2,0.87,7.912,0.2579,7.2,4.4,6.6,0.912,-0.887
Iran,1962,0,0,4.35,5.05,0.861,8.325,0.2768,8.5,4.2,7.0,0.97,0.307
Iran,1963,0,0,5.275,5.275,1.0,7.75,0.2488,7.5,4.6,8.1,0.919,-0.133
Iran,1964,0,0,3.925,5.7,0.689,9.612,0.3026,9.2,3.6,10.6,0.899,-0.513
Iran,1965,0,0,3.95,5.55,0.712,9.5,0.3037,8.8,4.2,11.0,0.915,-0.213
Iran,1966,0,0,3.9,5.575,0.7,9.4,0.2991,7.7,4.6,11.6,0.908,-0.213
Iran,1967,0,0,3.925,5.5,0.714,9.85,0.3179,8.5,4.0,11.5,0.874,0.24
Iran,1968,0,0,3.65,6.25,0.584,11.125,0.3423,11.5,3.4,12.0,0.978,-0.173
Iran,1969,0,0,3.5,6.25,0.56,11.438,0.3567,12.2,3.2,11.8,1.078,0.54
Iran,1970,0,0,3.725,6.25,0.596,11.038,0.338,13.3,2.8,12.4,1.155,1.66
Iran,1971,0,0,3.4,6.375,0.533,11.263,0.3453,11.4,3.2,12.1,1.032,0.633
Iran,1972,0,0,3.55,6.1,0.582,11.1,0.3488,12.4,2.6,11.1,1.118,0.96
Iran,1973,0,0,3.65,6.45,0.566,11.825,0.3658,12.9,2.2,12.7,1.007,-0.227
Iran,1974,0,0,3.625,6.525,0.556,11.8,0.362,12.4,3.2,11.8,0.877,-0.48
Iran,1975,0,0,3.775,6.65,0.568,11.725,0.3538,12.7,3.4,12.0,0.901,0.52
Iran,1976,1,0,4.95,5.975,0.828,8.8,0.2628,9.9,3.6,8.8,1.083,1.173
Iran,1977,1,0,5.325,5.0,1.065,6.8,0.2285,7.1,5.0,5.0,0.906,-0.533
Iran,1978,1,0,7.05,4.2,1.679,2.612,0.1386,2.9,6.8,0.2,0.974,0.073
Iran,1979,0,1,8.25,3.55,2.324,0.062,0.1037,1.1,8.0,-1.0,0.952,0.953
Iran,1980,0,0,8.4,3.825,2.196,1.575,0.1295,4.1,7.6,4.4,1.092,3.16
Iran,1981,0,0,7.55,3.725,2.027,2.262,0.1433,3.2,8.0,2.3,0.982,3.727
Iran,1982,0,0,8.075,3.725,2.168,1.763,0.1343,1.2,8.6,2.9,1.025,3.407
Iran,1983,0,0,7.525,4.275,1.76,3.85,0.1642,6.0,7.0,3.6,1.09,3.173
Iran,1984,0,0,7.5,4.4,1.705,3.287,0.1502,4.4,6.6,4.0,1.096,3.18
Iran,1985,0,0,7.3,4.125,1.77,3.525,0.1608,4.3,6.8,5.8,1.114,4.04
Iran,1986,0,0,7.65,4.05,1.889,3.3,0.158,4.4,8.4,3.8,1.018,3.627
Iran,1987,0,0,7.3,4.175,1.749,3.837,0.1685,2.7,7.8,5.4,1.022,3.42
Iran,1988,0,0,6.8,4.475,1.52,4.613,0.1778,5.3,6.8,5.9,1.115,3.86
Iran,1989,0,0,5.8,4.85,1.196,6.112,0.2097,7.2,5.2,8.0,1.115,3.593
Iran,1990,0,0,4.725,4.95,0.955,7.913,0.265,8.5,4.4,8.4,1.072,1.673
Iran,1991,0,0,4.825,5.125,0.941,7.925,0.2591,8.5,4.8,7.9,0.992,1.053
Iran,1992,0,0,5.05,4.925,1.025,7.45,0.2501,7.1,5.0,7.4,1.027,0.88
Iran,1993,0,0,4.95,5.075,0.975,7.725,0.2548,7.0,5.6,7.3,0.911,0.147
Iran,1994,0,0,5.125,5.175,0.99,7.725,0.2502,7.7,5.2,8.0,0.982,0.467
Iran,1995,0,0,5.0,4.8,1.042,7.275,0.2482,7.2,5.0,7.3,0.859,-0.253
Iran,1996,0,0,5.0,4.95,1.01,7.788,0.2603,8.2,5.0,6.9,1.0,0.353
Iran,1997,0,0,5.1,5.15,0.99,7.962,0.2601,8.4,4.8,8.2,1.01,0.847
Iran,1998,0,0,5.1,5.45,0.936,8.262,0.2603,8.9,4.6,7.9,0.969,0.473
Iran,1999,0,0,4.875,5.075,0.961,7.913,0.262,9.1,4.4,8.5,1.042,1.3
Iran,2000,0,0,4.9,4.85,1.01,7.687,0.262,7.6,4.4,8.7,1.149,2.007
Iran,2001,0,0,5.075,4.75,1.068,7.088,0.2434,7.0,4.8,5.0,0.936,-0.5
Iran,2002,0,0,5.25,5.0,1.05,7.4,0.2465,7.5,5.4,5.0,1.047,0.213
Iran,2003,0,0,5.1,5.0,1.02,7.2,0.2399,7.9,4.8,5.6,1.01,0.213
Iran,2004,0,0,4.875,5.025,0.97,7.613,0.2523,7.4,4.0,6.6,0.976,-0.033
Iran,2005,0,0,5.35,5.15,1.039,6.862,0.2238,6.3,5.2,7.1,1.035,1.22
Iran,2006,0,0,5.375,4.9,1.097,6.812,0.2314,6.7,5.0,7.4,1.133,0.927
Iran,2007,0,0,5.375,4.725,1.138,6.638,0.2288,7.4,5.2,6.9,1.028,0.913
Iran,2008,0,0,5.15,4.8,1.073,6.75,0.2318,7.8,4.4,5.9,1.037,0.827
Iran,2009,0,0,6.55,4.525,1.448,4.712,0.1813,3.1,6.4,5.9,1.029,-0.033
Iran,2010,0,0,6.25,3.95,1.582,4.413,0.1881,6.7,5.0,4.7,1.168,3.38
Iran,2011,0,0,5.875,4.05,1.451,4.675,0.1917,6.2,5.0,5.5,1.131,3.053
Iran,2012,0,0,6.1,4.375,1.394,4.875,0.1895,8.2,4.8,5.6,1.1,2.733
Iran,2013,0,0,5.55,5.15,1.078,6.912,0.2258,6.2,5.6,5.0,0.976,0.553
Iran,2014,0,0,5.5,4.85,1.134,6.538,0.2231,6.9,5.2,7.0,1.049,1.127
Iran,2015,0,0,5.3,4.875,1.087,6.85,0.2317,6.9,4.8,6.2,1.072,0.72
Iran,2016,0,0,4.975,5.1,0.975,7.588,0.2506,7.4,5.2,8.0,0.966,0.407
Iran,2017,0,0,5.025,5.175,0.971,7.637,0.2477,6.3,5.6,7.8,1.035,0.06
Iran,2018,0,0,6.8,3.875,1.755,3.338,0.164,5.6,5.6,3.3,1.184,3.58
Iran,2019,0,0,6.75,4.0,1.688,3.425,0.1624,3.6,6.2,3.9,1.146,2.227
Iran,2020,0,0,7.225,4.025,1.795,2.712,0.1425,3.1,7.0,2.3,1.039,0.873
Iran,2021,0,0,7.05,4.3,1.64,3.062,0.1443,2.7,6.6,3.7,1.034,2.393
Iran,2022,0,0,7.925,4.2,1.887,2.225,0.1313,1.5,8.4,2.2,1.029,2.12
Iran,2023,0,0,6.55,4.45,1.472,3.85,0.1592,5.6,5.8,3.1,1.132,2.267
Iran,2024,0,0,6.6,4.25,1.553,3.887,0.1666,4.1,5.6,3.4,1.154,0.353
Iran,2025,0,0,6.5,4.525,1.436,4.037,0.1621,3.3,6.2,5.4,1.025,0.86
Iraq,1900,0,0,4.75,3.875,1.226,4.75,0.1903,7.5,4.0,4.5,1.212,2.267
Iraq,1901,0,0,4.75,3.875,1.226,4.75,0.1903,7.5,4.0,4.5,1.212,2.267
Iraq,1902,0,0,4.75,3.875,1.226,4.75,0.1903,7.5,4.0,4.5,1.212,2.267
Iraq,1903,0,0,4.75,3.875,1.226,4.75,0.1903,7.5,4.0,4.5,1.212,2.267
Iraq,1904,0,0,4.75,3.875,1.226,4.75,0.1903,7.5,4.0,4.5,1.212,2.267
Iraq,1905,0,0,4.75,3.875,1.226,4.75,0.1903,7.5,4.0,4.5,1.212,2.267
Iraq,1906,0,0,4.75,3.875,1.226,4.75,0.1903,7.5,4.0,4.5,1.212,2.267
Iraq,1907,0,0,4.75,3.875,1.226,4.75,0.1903,7.5,4.0,4.5,1.212,2.267
Iraq,1908,0,0,4.75,3.875,1.226,4.75,0.1903,7.5,4.0,4.5,1.212,2.267
Iraq,1909,0,0,4.75,3.875,1.226,4.75,0.1903,7.5,4.0,4.5,1.212,2.267
Iraq,1910,0,0,4.75,3.875,1.226,4.75,0.1903,7.5,4.0,4.5,1.212,2.267
Iraq,1911,0,0,4.75,3.875,1.226,4.75,0.1903,7.5,4.0,4.5,1.212,2.267
Iraq,1912,0,0,4.75,3.875,1.226,4.75,0.1903,7.5,4.0,4.5,1.212,2.267
Iraq,1913,0,0,4.875,3.875,1.258,4.625,0.1872,7.5,4.0,4.5,1.288,2.6
Iraq,1914,0,0,5.75,3.25,1.769,2.75,0.1552,6.5,5.0,1.5,1.173,3.333
Iraq,1915,0,0,6.75,2.25,3.0,-0.125,0.1134,3.5,6.0,-1.5,1.146,3.533
Iraq,1916,0,0,6.75,2.25,3.0,-0.125,0.1134,3.5,6.0,-1.5,1.146,3.533
Iraq,1917,0,0,6.75,2.25,3.0,-0.125,0.1134,3.5,6.0,-1.5,1.146,3.533
Iraq,1918,0,0,6.75,2.25,3.0,-0.125,0.1134,3.5,6.0,-1.5,1.146,3.533
Iraq,1919,0,0,5.75,3.25,1.769,2.75,0.1552,6.5,5.0,1.5,1.173,3.333
Iraq,1920,0,0,5.75,3.875,1.484,3.938,0.1719,6.5,5.0,3.5,1.173,2.567
Iraq,1921,0,0,5.75,3.875,1.484,3.938,0.1719,6.5,5.0,3.5,1.173,2.567
Iraq,1922,0,0,5.75,3.875,1.484,3.938,0.1719,6.5,5.0,3.5,1.173,2.567
Iraq,1923,0,0,5.75,3.875,1.484,3.938,0.1719,6.5,5.0,3.5,1.173,2.567
Iraq,1924,0,0,5.75,3.875,1.484,3.938,0.1719,6.5,5.0,3.5,1.173,2.567
Iraq,1925,0,0,5.75,3.875,1.484,3.938,0.1719,6.5,5.0,3.5,1.173,2.567
Iraq,1926,0,0,5.75,3.875,1.484,3.938,0.1719,6.5,5.0,3.5,1.173,2.567
Iraq,1927,0,0,5.75,3.875,1.484,3.938,0.1719,6.5,5.0,3.5,1.173,2.567
Iraq,1928,0,0,5.75,3.875,1.484,3.938,0.1719,6.5,5.0,3.5,1.173,2.567
Iraq,1929,0,0,5.75,3.875,1.484,3.938,0.1719,6.5,5.0,3.5,1.173,2.567
Iraq,1930,0,0,5.75,3.875,1.484,3.938,0.1719,6.5,5.0,3.5,1.173,2.567
Iraq,1931,0,0,5.75,3.875,1.484,3.938,0.1719,6.5,5.0,3.5,1.173,2.567
Iraq,1932,0,0,5.75,3.875,1.484,3.938,0.1719,6.5,5.0,3.5,1.173,2.567
Iraq,1933,0,0,5.75,3.875,1.484,3.938,0.1719,6.5,5.0,3.5,1.173,2.567
Iraq,1934,0,0,5.75,3.875,1.484,3.938,0.1719,6.5,5.0,3.5,1.173,2.567
Iraq,1935,0,0,5.75,3.875,1.484,3.938,0.1719,6.5,5.0,3.5,1.173,2.567
Iraq,1936,0,0,5.75,3.875,1.484,3.938,0.1719,6.5,5.0,3.5,1.173,2.567
Iraq,1937,0,0,5.75,3.875,1.484,3.938,0.1719,6.5,5.0,3.5,1.173,2.567
Iraq,1938,1,0,5.75,3.875,1.484,3.938,0.1719,6.5,5.0,3.5,1.173,2.567
Iraq,1939,1,0,6.75,3.375,2.0,1.938,0.1377,4.5,6.0,0.5,1.146,3.633
Iraq,1940,1,0,6.75,3.375,2.0,1.938,0.1377,4.5,6.0,0.5,1.146,3.633
Iraq,1941,0,1,6.75,3.375,2.0,1.938,0.1377,4.5,6.0,0.5,1.146,3.633
Iraq,1942,0,0,6.75,3.375,2.0,1.938,0.1377,4.5,6.0,0.5,1.146,3.633
Iraq,1943,0,0,5.75,4.0,1.438,4.188,0.1752,6.5,5.0,3.5,1.173,2.967
Iraq,1944,0,0,5.75,4.0,1.438,4.188,0.1752,6.5,5.0,3.5,1.173,2.967
Iraq,1945,0,0,5.75,4.0,1.438,4.188,0.1752,6.5,5.0,3.5,1.173,2.967
Iraq,1946,0,0,5.75,4.0,1.438,4.188,0.1752,6.5,5.0,3.5,1.173,2.967
Iraq,1947,0,0,5.75,4.0,1.438,4.188,0.1752,6.5,5.0,3.5,1.173,2.967
Iraq,1948,0,0,5.75,4.0,1.438,4.188,0.1752,6.5,5.0,3.5,1.173,2.967
Iraq,1949,0,0,5.75,4.0,1.438,4.188,0.1752,6.5,5.0,3.5,1.173,2.967
Iraq,1950,0,0,5.75,4.0,1.438,4.188,0.1752,6.5,5.0,3.5,1.173,2.967
Iraq,1951,0,0,5.75,4.0,1.438,4.188,0.1752,6.5,5.0,3.5,1.173,2.967
Iraq,1952,0,0,5.75,4.0,1.438,4.188,0.1752,6.5,5.0,3.5,1.173,2.967
Iraq,1953,0,0,5.75,4.0,1.438,4.188,0.1752,6.5,5.0,3.5,1.173,2.967
Iraq,1954,0,0,5.75,4.0,1.438,4.188,0.1752,6.5,5.0,3.5,1.173,2.967
Iraq,1955,1,0,5.75,4.0,1.438,4.188,0.1752,6.5,5.0,3.5,1.173,2.967
Iraq,1956,1,0,7.75,2.5,3.1,-0.938,0.0991,1.5,7.0,-2.5,1.126,3.3
Iraq,1957,1,0,6.75,3.0,2.25,1.312,0.132,3.5,6.0,0.5,1.146,2.633
Iraq,1958,0,1,6.75,3.0,2.25,1.312,0.132,3.5,6.0,0.5,1.146,2.633
Iraq,1959,0,0,6.75,3.0,2.25,1.312,0.132,3.5,6.0,0.5,1.146,2.633
Iraq,1960,0,0,6.75,3.0,2.25,1.312,0.132,3.5,6.0,0.5,1.146,2.633
Iraq,1961,0,0,7.75,2.75,2.818,-0.562,0.1015,1.5,7.0,-1.5,1.126,3.9
Iraq,1962,0,0,6.75,3.0,2.25,1.312,0.132,3.5,6.0,0.5,1.146,2.633
Iraq,1963,0,0,6.75,3.0,2.25,1.312,0.132,3.5,6.0,0.5,1.146,2.633
Iraq,1964,0,0,6.75,3.0,2.25,1.312,0.132,3.5,6.0,0.5,1.146,2.633
Iraq,1965,1,0,6.75,3.0,2.25,1.312,0.132,3.5,6.0,0.5,1.146,2.633
Iraq,1966,1,0,6.75,3.0,2.25,1.312,0.132,3.5,6.0,0.5,1.146,2.633
Iraq,1967,1,0,5.75,4.0,1.438,4.062,0.1721,6.5,5.0,3.5,1.173,2.767
Iraq,1968,0,1,5.75,4.0,1.438,4.062,0.1721,6.5,5.0,3.5,1.173,2.767
Iraq,1969,0,0,5.75,4.0,1.438,4.062,0.1721,6.5,5.0,3.5,1.173,2.767
Iraq,1970,0,0,5.75,4.0,1.438,4.062,0.1721,6.5,5.0,3.5,1.173,2.767
Iraq,1971,0,0,4.75,4.875,0.974,6.938,0.229,9.5,4.0,6.5,1.212,2.567
Iraq,1972,0,0,4.75,4.875,0.974,7.312,0.2449,9.5,4.0,7.0,1.212,2.367
Iraq,1973,0,0,4.75,4.875,0.974,7.312,0.2449,9.5,4.0,7.0,1.212,2.367
Iraq,1974,0,0,4.75,4.875,0.974,7.312,0.2449,9.5,4.0,7.0,1.212,2.367
Iraq,1975,0,0,4.75,5.75,0.826,8.688,0.2599,10.5,4.0,9.0,1.212,2.433
Iraq,1976,0,0,4.75,5.75,0.826,8.688,0.2599,10.5,4.0,9.0,1.212,2.433
Iraq,1977,1,0,4.75,5.75,0.826,8.688,0.2599,10.5,4.0,9.0,1.212,2.433
Iraq,1978,1,0,5.75,5.75,1.0,7.688,0.2263,9.5,5.0,8.0,1.173,2.433
Iraq,1979,1,0,6.75,4.875,1.385,5.188,0.1827,6.5,6.0,5.0,1.146,2.167
Iraq,1980,0,1,6.75,4.875,1.385,5.188,0.1827,6.5,6.0,5.0,1.146,2.167
Iraq,1981,0,0,6.75,4.875,1.385,5.188,0.1827,6.5,6.0,5.0,1.146,2.167
Iraq,1982,0,0,6.75,4.875,1.385,5.188,0.1827,6.5,6.0,5.0,1.146,2.167
Iraq,1983,0,0,6.75,4.875,1.385,5.188,0.1827,6.5,6.0,5.0,1.146,2.167
Iraq,1984,0,0,6.75,4.875,1.385,5.188,0.1827,6.5,6.0,5.0,1.146,2.167
Iraq,1985,0,0,6.75,4.875,1.385,5.188,0.1827,6.5,6.0,5.0,1.146,2.167
Iraq,1986,0,0,6.75,4.875,1.385,5.188,0.1827,6.5,6.0,5.0,1.146,2.167
Iraq,1987,1,0,5.75,4.875,1.179,6.188,0.2099,7.5,5.0,6.0,1.173,2.167
Iraq,1988,1,0,5.75,4.875,1.179,6.188,0.2099,7.5,5.0,6.0,1.173,2.167
Iraq,1989,1,0,6.75,4.0,1.688,3.312,0.1591,4.5,6.0,3.0,1.146,2.367
Iraq,1990,0,1,6.75,4.0,1.688,3.312,0.1591,4.5,6.0,3.0,1.146,2.367
Iraq,1991,0,0,6.75,4.0,1.688,3.312,0.1591,4.5,6.0,3.0,1.146,2.367
Iraq,1992,0,0,6.75,4.0,1.688,3.312,0.1591,4.5,6.0,3.0,1.146,2.367
Iraq,1993,0,0,6.75,4.0,1.688,3.312,0.1591,4.5,6.0,3.0,1.146,2.367
Iraq,1994,0,0,6.75,4.0,1.688,3.312,0.1591,4.5,6.0,3.0,1.146,2.367
Iraq,1995,0,0,6.75,4.0,1.688,3.312,0.1591,4.5,6.0,3.0,1.146,2.367
Iraq,1996,0,0,6.75,4.0,1.688,3.312,0.1591,4.5,6.0,3.0,1.146,2.367
Iraq,1997,0,0,6.75,4.0,1.688,3.312,0.1591,4.5,6.0,3.0,1.146,2.367
Iraq,1998,0,0,6.75,4.0,1.688,3.312,0.1591,4.5,6.0,3.0,1.146,2.367
Iraq,1999,0,0,6.75,4.0,1.688,3.312,0.1591,4.5,6.0,3.0,1.146,2.367
Iraq,2000,1,0,7.75,3.0,2.583,0.438,0.1203,1.5,7.0,0.0,1.126,2.567
Iraq,2001,1,0,8.75,2.0,4.375,-2.562,0.0867,-1.5,8.0,-3.0,1.111,2.567
Iraq,2002,1,0,7.75,3.0,2.583,0.438,0.1203,1.5,7.0,0.0,1.126,2.567
Iraq,2003,1,1,7.75,3.0,2.583,0.438,0.1203,1.5,7.0,0.0,1.126,2.567
Iraq,2004,1,0,7.75,3.0,2.583,0.438,0.1203,1.5,7.0,0.0,1.126,2.567
Iraq,2005,1,0,7.75,3.0,2.583,0.438,0.1203,1.5,7.0,0.0,1.126,2.567
Iraq,2006,0,1,7.75,3.0,2.583,0.438,0.1203,1.5,7.0,0.0,1.126,2.567
Iraq,2007,0,0,6.75,3.0,2.25,1.438,0.1382,2.5,6.0,1.0,1.146,2.567
Iraq,2008,0,0,6.75,4.0,1.688,3.312,0.1591,4.5,6.0,3.0,1.146,2.367
Iraq,2009,0,0,6.75,4.0,1.688,3.312,0.1591,4.5,6.0,3.0,1.146,2.367
Iraq,2010,0,0,6.75,4.0,1.688,3.312,0.1591,4.5,6.0,3.0,1.146,2.367
Iraq,2011,1,0,6.75,4.0,1.688,3.312,0.1591,4.5,6.0,3.0,1.146,2.367
Iraq,2012,1,0,6.75,4.0,1.688,3.312,0.1591,4.5,6.0,3.0,1.146,2.367
Iraq,2013,1,0,6.75,4.0,1.688,3.312,0.1591,4.5,6.0,3.0,1.146,2.367
Iraq,2014,0,1,6.75,4.0,1.688,3.312,0.1591,4.5,6.0,3.0,1.146,2.367
Iraq,2015,0,0,6.75,4.0,1.688,3.312,0.1591,4.5,6.0,3.0,1.146,2.367
Iraq,2016,0,0,6.75,4.0,1.688,3.312,0.1591,4.5,6.0,3.0,1.146,2.367
Iraq,2017,0,0,6.75,4.0,1.688,3.312,0.1591,4.5,6.0,3.0,1.146,2.367
Iraq,2018,0,0,6.75,4.0,1.688,3.312,0.1591,4.5,6.0,3.0,1.146,2.367
Iraq,2019,0,0,6.75,4.0,1.688,3.312,0.1591,4.5,6.0,3.0,1.146,2.367
Iraq,2020,0,0,5.75,4.875,1.179,6.188,0.2099,7.5,5.0,6.0,1.173,2.167
Iraq,2021,0,0,5.75,4.875,1.179,6.188,0.2099,7.5,5.0,6.0,1.173,2.167
Iraq,2022,0,0,5.75,4.875,1.179,6.188,0.2099,7.5,5.0,6.0,1.173,2.167
Iraq,2023,0,0,5.75,4.875,1.179,6.188,0.2099,7.5,5.0,6.0,1.173,2.167
Israel,1946,1,0,6.75,4.875,1.385,5.75,0.1996,9.5,5.0,6.0,1.146,4.133
Israel,1947,1,0,6.625,5.75,1.152,8.0,0.2358,10.5,6.0,9.5,1.094,3.2
Israel,1948,0,1,5.625,6.625,0.849,11.188,0.3111,14.0,5.0,13.0,1.111,2.7
Israel,1949,0,0,4.75,7.375,0.644,13.562,0.3772,16.0,4.0,15.0,1.087,1.967
Israel,1950,0,0,4.5,7.375,0.61,13.812,0.3904,16.0,4.0,16.0,1.19,2.367
Israel,1951,0,0,4.5,7.375,0.61,13.812,0.3904,16.0,4.0,16.0,1.19,2.367
Israel,1952,0,0,4.5,7.375,0.61,13.812,0.3904,16.0,4.0,16.0,1.19,2.367
Israel,1953,0,0,4.5,7.375,0.61,13.812,0.3904,16.0,4.0,16.0,1.19,2.367
Israel,1954,0,0,4.5,7.375,0.61,13.812,0.3904,16.0,4.0,16.0,1.19,2.367
Israel,1955,0,0,4.5,7.375,0.61,13.812,0.3904,16.0,4.0,16.0,1.19,2.367
Israel,1956,0,0,4.5,7.375,0.61,13.812,0.3904,16.0,4.0,16.0,1.19,2.367
Israel,1957,0,0,4.5,7.375,0.61,13.812,0.3904,16.0,4.0,16.0,1.19,2.367
Israel,1958,0,0,4.5,7.375,0.61,13.812,0.3904,16.0,4.0,16.0,1.19,2.367
Israel,1959,0,0,4.5,7.375,0.61,13.812,0.3904,16.0,4.0,16.0,1.19,2.367
Israel,1960,0,0,4.5,7.375,0.61,13.812,0.3904,16.0,4.0,16.0,1.19,2.367
Israel,1961,0,0,4.5,7.375,0.61,13.812,0.3904,16.0,4.0,16.0,1.19,2.367
Israel,1962,0,0,4.5,7.375,0.61,13.812,0.3904,16.0,4.0,16.0,1.19,2.367
Israel,1963,0,0,4.5,7.375,0.61,13.812,0.3904,16.0,4.0,16.0,1.19,2.367
Israel,1964,1,0,4.5,7.375,0.61,13.812,0.3904,16.0,4.0,16.0,1.19,2.367
Israel,1965,1,0,4.625,7.875,0.587,14.688,0.3995,16.0,4.0,16.0,1.136,0.567
Israel,1966,1,0,4.625,7.875,0.587,14.688,0.3995,16.0,4.0,16.0,1.136,0.567
Israel,1967,0,1,5.625,7.875,0.714,13.688,0.3478,15.0,5.0,15.0,1.111,0.567
Israel,1968,0,0,5.625,7.875,0.714,13.688,0.3478,15.0,5.0,15.0,1.111,0.567
Israel,1969,0,0,5.625,7.875,0.714,13.688,0.3478,15.0,5.0,15.0,1.111,0.567
Israel,1970,1,0,6.625,7.875,0.841,12.688,0.3028,14.0,6.0,14.0,1.094,0.567
Israel,1971,1,0,6.625,7.875,0.841,12.688,0.3028,14.0,6.0,14.0,1.094,0.567
Israel,1972,1,0,6.625,7.875,0.841,12.688,0.3028,14.0,6.0,14.0,1.094,0.567
Israel,1973,0,1,8.0,7.0,1.143,9.375,0.2276,9.5,8.0,9.5,1.0,0.067
Israel,1974,0,0,8.0,7.0,1.143,9.375,0.2276,9.5,8.0,9.5,1.0,0.067
Israel,1975,0,0,8.0,7.0,1.143,9.375,0.2276,9.5,8.0,9.5,1.0,0.067
Israel,1976,0,0,8.0,7.0,1.143,9.375,0.2276,9.5,8.0,9.5,1.0,0.067
Israel,1977,0,0,8.0,7.0,1.143,9.375,0.2276,9.5,8.0,9.5,1.0,0.067
Israel,1978,0,0,8.0,7.0,1.143,9.375,0.2276,9.5,8.0,9.5,1.0,0.067
Israel,1979,0,0,8.0,7.0,1.143,9.375,0.2276,9.5,8.0,9.5,1.0,0.067
Israel,1980,0,0,7.0,7.0,1.0,10.375,0.2614,10.5,7.0,10.5,1.0,0.067
Israel,1981,0,0,7.0,7.0,1.0,10.375,0.2614,10.5,7.0,10.5,1.0,0.067
Israel,1982,0,0,7.0,7.0,1.0,10.375,0.2614,10.5,7.0,10.5,1.0,0.067
Israel,1983,0,0,7.0,7.0,1.0,10.375,0.2614,10.5,7.0,10.5,1.0,0.067
Israel,1984,0,0,7.0,7.0,1.0,10.375,0.2614,10.5,7.0,10.5,1.0,0.067
Israel,1985,0,0,7.0,7.0,1.0,10.375,0.2614,10.5,7.0,10.5,1.0,0.067
Israel,1986,0,0,7.0,7.0,1.0,10.375,0.2614,10.5,7.0,10.5,1.0,0.067
Israel,1987,0,0,7.0,7.0,1.0,10.375,0.2614,10.5,7.0,10.5,1.0,0.067
Israel,1988,0,0,7.0,7.0,1.0,10.375,0.2614,10.5,7.0,10.5,1.0,0.067
Israel,1989,0,0,7.0,7.0,1.0,10.375,0.2614,10.5,7.0,10.5,1.0,0.067
Israel,1990,0,0,7.0,7.0,1.0,10.375,0.2614,10.5,7.0,10.5,1.0,0.067
Israel,1991,0,0,7.0,7.0,1.0,10.375,0.2614,10.5,7.0,10.5,1.0,0.067
Israel,1992,0,0,7.0,7.0,1.0,10.375,0.2614,10.5,7.0,10.5,1.0,0.067
Israel,1993,0,0,7.0,7.0,1.0,10.375,0.2614,10.5,7.0,10.5,1.0,0.067
Israel,1994,0,0,7.0,7.0,1.0,10.375,0.2614,10.5,7.0,10.5,1.0,0.067
Israel,1995,0,0,7.0,7.0,1.0,10.375,0.2614,10.5,7.0,10.5,1.0,0.067
Israel,1996,0,0,7.0,7.0,1.0,10.375,0.2614,10.5,7.0,10.5,1.0,0.067
Israel,1997,0,0,7.0,7.0,1.0,10.375,0.2614,10.5,7.0,10.5,1.0,0.067
Israel,1998,0,0,7.0,7.0,1.0,10.375,0.2614,10.5,7.0,10.5,1.0,0.067
Israel,1999,0,0,7.0,7.0,1.0,10.375,0.2614,10.5,7.0,10.5,1.0,0.067
Israel,2000,0,0,7.0,7.0,1.0,10.375,0.2614,10.5,7.0,10.5,1.0,0.067
Israel,2001,0,0,7.0,7.0,1.0,10.375,0.2614,10.5,7.0,10.5,1.0,0.067
Israel,2002,0,0,7.0,7.0,1.0,10.375,0.2614,10.5,7.0,10.5,1.0,0.067
Israel,2003,0,0,7.0,7.0,1.0,10.375,0.2614,10.5,7.0,10.5,1.0,0.067
Israel,2004,0,0,7.0,7.0,1.0,10.375,0.2614,10.5,7.0,10.5,1.0,0.067
Israel,2005,0,0,7.0,7.0,1.0,10.375,0.2614,10.5,7.0,10.5,1.0,0.067
Israel,2006,0,0,7.0,7.0,1.0,10.375,0.2614,10.5,7.0,10.5,1.0,0.067
Israel,2007,0,0,7.0,7.0,1.0,10.375,0.2614,10.5,7.0,10.5,1.0,0.067
Israel,2008,0,0,7.0,7.0,1.0,10.375,0.2614,10.5,7.0,10.5,1.0,0.067
Israel,2009,0,0,7.0,7.0,1.0,10.375,0.2614,10.5,7.0,10.5,1.0,0.067
Israel,2010,0,0,7.0,7.0,1.0,10.375,0.2614,10.5,7.0,10.5,1.0,0.067
Israel,2011,0,0,7.0,7.0,1.0,10.375,0.2614,10.5,7.0,10.5,1.0,0.067
Israel,2012,0,0,7.0,7.0,1.0,10.375,0.2614,10.5,7.0,10.5,1.0,0.067
Israel,2013,0,0,7.0,7.0,1.0,10.375,0.2614,10.5,7.0,10.5,1.0,0.067
Israel,2014,0,0,7.0,7.0,1.0,10.375,0.2614,10.5,7.0,10.5,1.0,0.067
Israel,2015,0,0,7.0,7.0,1.0,10.375,0.2614,10.5,7.0,10.5,1.0,0.067
Israel,2016,0,0,7.0,7.0,1.0,10.375,0.2614,10.5,7.0,10.5,1.0,0.067
Israel,2017,0,0,7.0,7.0,1.0,10.375,0.2614,10.5,7.0,10.5,1.0,0.067
Israel,2018,0,0,7.0,7.0,1.0,10.375,0.2614,10.5,7.0,10.5,1.0,0.067
Israel,2019,0,0,7.0,7.0,1.0,10.375,0.2614,10.5,7.0,10.5,1.0,0.067
Israel,2020,1,0,7.0,7.0,1.0,10.375,0.2614,10.5,7.0,10.5,1.0,0.067
Israel,2021,1,0,7.0,7.0,1.0,10.375,0.2614,10.5,7.0,10.5,1.0,0.067
Israel,2022,1,0,7.0,7.0,1.0,10.375,0.2614,10.5,7.0,10.5,1.0,0.067
Israel,2023,0,1,7.0,7.0,1.0,10.375,0.2614,10.5,7.0,10.5,1.0,0.067
Israel,2024,0,0,7.0,7.0,1.0,10.375,0.2614,10.5,7.0,10.5,1.0,0.067
Israel,2025,0,0,7.0,7.0,1.0,10.375,0.2614,10.5,7.0,10.5,1.0,0.067
Italy,1900,0,0,4.625,4.875,0.949,7.438,0.252,10.0,4.0,5.5,1.27,2.567
Italy,1901,0,0,3.625,4.875,0.744,8.625,0.2979,11.0,3.0,6.5,1.354,2.067
Italy,1902,0,0,3.625,4.875,0.744,8.625,0.2979,11.0,3.0,6.5,1.354,2.067
Italy,1903,0,0,2.875,5.625,0.511,10.812,0.3593,13.0,2.0,9.5,1.282,1.3
Italy,1904,0,0,2.875,5.625,0.511,10.812,0.3593,13.0,2.0,9.5,1.282,1.3
Italy,1905,0,0,2.875,5.625,0.511,10.812,0.3593,13.0,2.0,9.5,1.282,1.3
Italy,1906,0,0,2.875,5.625,0.511,10.812,0.3593,13.0,2.0,9.5,1.282,1.3
Italy,1907,0,0,3.875,5.625,0.689,9.812,0.3128,12.0,3.0,8.5,1.204,1.3
Italy,1908,0,0,3.875,5.625,0.689,9.812,0.3128,12.0,3.0,8.5,1.204,1.3
Italy,1909,0,0,3.875,5.625,0.689,9.812,0.3128,12.0,3.0,8.5,1.204,1.3
Italy,1910,0,0,3.875,5.625,0.689,9.812,0.3128,12.0,3.0,8.5,1.204,1.3
Italy,1911,0,0,3.875,5.625,0.689,9.812,0.3128,12.0,3.0,8.5,1.204,1.3
Italy,1912,0,0,4.875,5.625,0.867,8.812,0.2723,11.0,4.0,7.5,1.159,1.3
Italy,1913,0,0,5.875,5.625,1.044,7.812,0.2371,10.0,5.0,6.5,1.131,1.3
Italy,1914,0,0,6.875,4.625,1.486,4.375,0.1694,7.0,6.0,3.0,1.111,1.4
Italy,1915,0,0,6.875,4.625,1.486,4.375,0.1694,7.0,6.0,3.0,1.111,1.4
Italy,1916,0,0,7.875,3.625,2.172,1.188,0.1214,4.0,7.0,-0.5,1.096,1.367
Italy,1917,0,0,7.875,3.625,2.172,1.188,0.1214,4.0,7.0,-0.5,1.096,1.367
Italy,1918,0,0,6.875,4.5,1.528,3.75,0.1596,6.5,6.0,2.0,1.111,0.933
Italy,1919,1,0,5.875,5.5,1.068,6.875,0.2147,9.5,5.0,5.0,1.131,0.867
Italy,1920,1,0,5.875,5.5,1.068,6.875,0.2147,9.5,5.0,5.0,1.131,0.867
Italy,1921,1,0,4.875,6.5,0.75,10.375,0.2978,13.0,4.0,8.5,1.159,0.867
Italy,1922,0,1,4.875,6.5,0.75,10.375,0.2978,13.0,4.0,8.5,1.159,0.867
Italy,1923,0,0,3.875,6.5,0.596,11.375,0.342,14.0,3.0,9.5,1.204,0.867
Italy,1924,0,0,3.875,6.5,0.596,11.375,0.342,14.0,3.0,9.5,1.204,0.867
Italy,1925,0,0,3.875,6.5,0.596,11.375,0.342,14.0,3.0,9.5,1.204,0.867
Italy,1926,0,0,3.875,6.5,0.596,11.375,0.342,14.0,3.0,9.5,1.204,0.867
Italy,1927,0,0,3.875,6.5,0.596,11.375,0.342,14.0,3.0,9.5,1.204,0.867
Italy,1928,0,0,3.875,6.5,0.596,11.375,0.342,14.0,3.0,9.5,1.204,0.867
Italy,1929,0,0,4.875,6.5,0.75,10.375,0.2978,13.0,4.0,8.5,1.159,0.867
Italy,1930,0,0,4.875,6.5,0.75,10.375,0.2978,13.0,4.0,8.5,1.159,0.867
Italy,1931,0,0,4.875,6.5,0.75,10.375,0.2978,13.0,4.0,8.5,1.159,0.867
Italy,1932,0,0,4.875,6.5,0.75,10.375,0.2978,13.0,4.0,8.5,1.159,0.867
Italy,1933,0,0,4.875,6.5,0.75,10.375,0.2978,13.0,4.0,8.5,1.159,0.867
Italy,1934,0,0,4.875,6.5,0.75,10.375,0.2978,13.0,4.0,8.5,1.159,0.867
Italy,1935,0,0,4.875,6.5,0.75,10.375,0.2978,13.0,4.0,8.5,1.159,0.867
Italy,1936,0,0,4.875,6.5,0.75,10.375,0.2978,13.0,4.0,8.5,1.159,0.867
Italy,1937,0,0,4.875,6.5,0.75,10.375,0.2978,13.0,4.0,8.5,1.159,0.867
Italy,1938,0,0,4.875,6.5,0.75,10.375,0.2978,13.0,4.0,8.5,1.159,0.867
Italy,1939,0,0,6.875,5.5,1.25,5.875,0.1869,8.5,6.0,4.0,1.111,0.867
Italy,1940,1,0,7.875,4.5,1.75,2.438,0.1307,5.0,7.0,0.5,1.096,0.967
Italy,1941,1,0,8.875,3.5,2.536,-1.062,0.0842,1.5,8.0,-3.0,1.085,0.967
Italy,1942,1,0,9.75,2.5,3.9,-4.438,0.0479,-2.0,9.0,-6.5,1.042,0.633
Italy,1943,0,1,8.875,2.5,3.55,-3.562,0.0543,-1.0,8.0,-5.5,1.085,0.967
Italy,1944,0,0,7.875,3.5,2.25,-0.062,0.0968,2.5,7.0,-2.0,1.096,0.967
Italy,1945,0,0,6.875,4.5,1.528,3.438,0.1501,6.0,6.0,1.5,1.111,0.967
Italy,1946,0,0,5.875,5.5,1.068,6.875,0.2147,9.5,5.0,5.0,1.131,0.867
Italy,1947,0,0,4.875,5.5,0.886,7.875,0.2466,10.5,4.0,6.0,1.159,0.867
Italy,1948,0,0,4.875,5.5,0.886,7.875,0.2466,10.5,4.0,6.0,1.159,0.867
Italy,1949,0,0,3.875,6.5,0.596,11.375,0.342,14.0,3.0,9.5,1.204,0.867
Italy,1950,0,0,3.875,6.5,0.596,11.375,0.342,14.0,3.0,9.5,1.204,0.867
Italy,1951,0,0,3.875,6.5,0.596,11.375,0.342,14.0,3.0,9.5,1.204,0.867
Italy,1952,0,0,3.875,6.5,0.596,11.375,0.342,14.0,3.0,9.5,1.204,0.867
Italy,1953,0,0,3.875,6.5,0.596,11.375,0.342,14.0,3.0,9.5,1.204,0.867
Italy,1954,0,0,3.875,6.5,0.596,11.375,0.342,14.0,3.0,9.5,1.204,0.867
Italy,1955,0,0,3.875,6.5,0.596,11.375,0.342,14.0,3.0,9.5,1.204,0.867
Italy,1956,0,0,3.875,6.5,0.596,11.375,0.342,14.0,3.0,9.5,1.204,0.867
Italy,1957,0,0,3.875,6.5,0.596,11.375,0.342,14.0,3.0,9.5,1.204,0.867
Italy,1958,0,0,3.875,6.5,0.596,11.375,0.342,14.0,3.0,9.5,1.204,0.867
Italy,1959,0,0,4.875,6.5,0.75,10.375,0.2978,13.0,4.0,8.5,1.159,0.867
Italy,1960,0,0,4.875,6.5,0.75,10.375,0.2978,13.0,4.0,8.5,1.159,0.867
Italy,1961,0,0,4.875,6.5,0.75,10.375,0.2978,13.0,4.0,8.5,1.159,0.867
Italy,1962,0,0,4.875,6.5,0.75,10.375,0.2978,13.0,4.0,8.5,1.159,0.867
Italy,1963,0,0,4.875,6.5,0.75,10.375,0.2978,13.0,4.0,8.5,1.159,0.867
Italy,1964,0,0,4.875,6.5,0.75,10.375,0.2978,13.0,4.0,8.5,1.159,0.867
Italy,1965,0,0,4.875,6.5,0.75,10.375,0.2978,13.0,4.0,8.5,1.159,0.867
Italy,1966,0,0,4.875,6.5,0.75,10.375,0.2978,13.0,4.0,8.5,1.159,0.867
Italy,1967,0,0,4.875,6.5,0.75,10.375,0.2978,13.0,4.0,8.5,1.159,0.867
Italy,1968,0,0,4.875,6.5,0.75,10.375,0.2978,13.0,4.0,8.5,1.159,0.867
Italy,1969,0,0,4.875,6.5,0.75,10.375,0.2978,13.0,4.0,8.5,1.159,0.867
Italy,1970,0,0,4.875,6.5,0.75,10.375,0.2978,13.0,4.0,8.5,1.159,0.867
Italy,1971,0,0,4.875,6.5,0.75,10.375,0.2978,13.0,4.0,8.5,1.159,0.867
Italy,1972,0,0,4.875,6.5,0.75,10.375,0.2978,13.0,4.0,8.5,1.159,0.867
Italy,1973,0,0,4.875,6.5,0.75,10.375,0.2978,13.0,4.0,8.5,1.159,0.867
Italy,1974,0,0,4.875,6.5,0.75,10.375,0.2978,13.0,4.0,8.5,1.159,0.867
Italy,1975,0,0,4.875,6.5,0.75,10.375,0.2978,13.0,4.0,8.5,1.159,0.867
Italy,1976,0,0,4.875,6.5,0.75,10.375,0.2978,13.0,4.0,8.5,1.159,0.867
Italy,1977,0,0,4.875,6.5,0.75,10.375,0.2978,13.0,4.0,8.5,1.159,0.867
Italy,1978,0,0,4.875,6.5,0.75,10.375,0.2978,13.0,4.0,8.5,1.159,0.867
Italy,1979,0,0,4.875,6.5,0.75,10.375,0.2978,13.0,4.0,8.5,1.159,0.867
Italy,1980,0,0,4.875,6.5,0.75,10.375,0.2978,13.0,4.0,8.5,1.159,0.867
Italy,1981,0,0,4.875,6.5,0.75,10.375,0.2978,13.0,4.0,8.5,1.159,0.867
Italy,1982,0,0,4.875,6.5,0.75,10.375,0.2978,13.0,4.0,8.5,1.159,0.867
Italy,1983,0,0,4.875,6.5,0.75,10.375,0.2978,13.0,4.0,8.5,1.159,0.867
Italy,1984,0,0,4.875,6.5,0.75,10.375,0.2978,13.0,4.0,8.5,1.159,0.867
Italy,1985,0,0,4.875,6.5,0.75,10.375,0.2978,13.0,4.0,8.5,1.159,0.867
Italy,1986,0,0,4.875,6.5,0.75,10.375,0.2978,13.0,4.0,8.5,1.159,0.867
Italy,1987,0,0,4.875,6.5,0.75,10.375,0.2978,13.0,4.0,8.5,1.159,0.867
Italy,1988,0,0,4.875,6.5,0.75,10.375,0.2978,13.0,4.0,8.5,1.159,0.867
Italy,1989,1,0,4.875,6.5,0.75,10.375,0.2978,13.0,4.0,8.5,1.159,0.867
Italy,1990,1,0,4.875,6.5,0.75,10.375,0.2978,13.0,4.0,8.5,1.159,0.867
Italy,1991,1,0,4.875,6.5,0.75,10.375,0.2978,13.0,4.0,8.5,1.159,0.867
Italy,1992,0,1,4.875,6.5,0.75,10.375,0.2978,13.0,4.0,8.5,1.159,0.867
Italy,1993,0,0,4.875,6.5,0.75,10.375,0.2978,13.0,4.0,8.5,1.159,0.867
Italy,1994,0,0,4.875,6.5,0.75,10.375,0.2978,13.0,4.0,8.5,1.159,0.867
Italy,1995,0,0,4.875,6.5,0.75,10.375,0.2978,13.0,4.0,8.5,1.159,0.867
Italy,1996,0,0,4.875,6.5,0.75,10.375,0.2978,13.0,4.0,8.5,1.159,0.867
Italy,1997,0,0,4.875,6.5,0.75,10.375,0.2978,13.0,4.0,8.5,1.159,0.867
Italy,1998,0,0,4.875,6.5,0.75,10.375,0.2978,13.0,4.0,8.5,1.159,0.867
Italy,1999,0,0,4.875,6.5,0.75,10.375,0.2978,13.0,4.0,8.5,1.159,0.867
Italy,2000,0,0,4.875,6.5,0.75,10.375,0.2978,13.0,4.0,8.5,1.159,0.867
Italy,2001,0,0,4.875,6.5,0.75,10.375,0.2978,13.0,4.0,8.5,1.159,0.867
Italy,2002,0,0,5.875,5.5,1.068,6.875,0.2147,9.5,5.0,5.0,1.131,0.867
Italy,2003,0,0,5.875,5.5,1.068,6.875,0.2147,9.5,5.0,5.0,1.131,0.867
Italy,2004,0,0,5.875,5.5,1.068,6.875,0.2147,9.5,5.0,5.0,1.131,0.867
Italy,2005,0,0,5.875,5.5,1.068,6.875,0.2147,9.5,5.0,5.0,1.131,0.867
Italy,2006,0,0,5.875,5.5,1.068,6.875,0.2147,9.5,5.0,5.0,1.131,0.867
Italy,2007,0,0,5.875,5.5,1.068,6.875,0.2147,9.5,5.0,5.0,1.131,0.867
Italy,2008,0,0,5.875,5.5,1.068,6.875,0.2147,9.5,5.0,5.0,1.131,0.867
Italy,2009,0,0,5.875,5.5,1.068,6.875,0.2147,9.5,5.0,5.0,1.131,0.867
Italy,2010,0,0,6.875,5.5,1.25,5.875,0.1869,8.5,6.0,4.0,1.111,0.867
Italy,2011,0,0,6.875,5.5,1.25,5.875,0.1869,8.5,6.0,4.0,1.111,0.867
Italy,2012,0,0,6.875,5.5,1.25,5.875,0.1869,8.5,6.0,4.0,1.111,0.867
Italy,2013,0,0,6.875,5.5,1.25,5.875,0.1869,8.5,6.0,4.0,1.111,0.867
Italy,2014,0,0,6.875,5.5,1.25,5.875,0.1869,8.5,6.0,4.0,1.111,0.867
Italy,2015,0,0,6.875,5.5,1.25,5.875,0.1869,8.5,6.0,4.0,1.111,0.867
Italy,2016,0,0,6.875,5.5,1.25,5.875,0.1869,8.5,6.0,4.0,1.111,0.867
Italy,2017,0,0,6.875,5.5,1.25,5.875,0.1869,8.5,6.0,4.0,1.111,0.867
Italy,2018,0,0,6.875,5.5,1.25,5.875,0.1869,8.5,6.0,4.0,1.111,0.867
Italy,2019,0,0,6.875,5.5,1.25,5.875,0.1869,8.5,6.0,4.0,1.111,0.867
Italy,2020,0,0,6.875,5.5,1.25,5.875,0.1869,8.5,6.0,4.0,1.111,0.867
Italy,2021,0,0,6.875,5.5,1.25,5.875,0.1869,8.5,6.0,4.0,1.111,0.867
Italy,2022,0,0,6.875,5.5,1.25,5.875,0.1869,8.5,6.0,4.0,1.111,0.867
Italy,2023,0,0,6.875,5.5,1.25,5.875,0.1869,8.5,6.0,4.0,1.111,0.867
Japan,1900,0,0,2.5,8.5,0.294,18.875,0.6112,21.0,2.0,20.5,1.111,1.133
Japan,1901,0,0,2.5,8.5,0.294,18.875,0.6112,21.0,2.0,20.5,1.111,1.133
Japan,1902,0,0,2.5,8.5,0.294,18.875,0.6112,21.0,2.0,20.5,1.111,1.133
Japan,1903,0,0,2.5,8.5,0.294,18.875,0.6112,21.0,2.0,20.5,1.111,1.133
Japan,1904,0,0,3.5,8.5,0.412,18.0,0.5383,20.0,3.0,20.0,1.078,1.333
Japan,1905,0,0,3.5,8.5,0.412,18.0,0.5383,20.0,3.0,20.0,1.078,1.333
Japan,1906,0,0,2.5,8.5,0.294,19.0,0.6183,21.0,2.0,21.0,1.111,1.333
Japan,1907,0,0,2.5,8.5,0.294,19.0,0.6183,21.0,2.0,21.0,1.111,1.333
Japan,1908,0,0,2.5,8.5,0.294,19.0,0.6183,21.0,2.0,21.0,1.111,1.333
Japan,1909,0,0,2.375,8.625,0.275,19.625,0.6479,21.0,2.0,21.0,1.212,1.533
Japan,1910,0,0,2.375,8.625,0.275,19.625,0.6479,21.0,2.0,21.0,1.212,1.533
Japan,1911,0,0,2.375,8.625,0.275,19.625,0.6479,21.0,2.0,21.0,1.212,1.533
Japan,1912,0,0,2.375,8.625,0.275,19.625,0.6479,21.0,2.0,21.0,1.212,1.533
Japan,1913,0,0,2.5,8.5,0.294,19.375,0.6366,21.0,2.0,19.0,1.111,1.133
Japan,1914,0,0,2.625,8.5,0.309,19.125,0.6213,21.0,2.0,17.0,1.026,0.733
Japan,1915,0,0,2.625,8.5,0.309,19.125,0.6213,21.0,2.0,17.0,1.026,0.733
Japan,1916,0,0,2.625,8.5,0.309,19.125,0.6213,21.0,2.0,17.0,1.026,0.733
Japan,1917,0,0,2.75,8.375,0.328,18.812,0.6087,21.0,2.0,14.5,0.952,0.233
Japan,1918,0,0,3.0,8.375,0.358,18.312,0.582,21.0,2.0,12.5,1.0,0.5
Japan,1919,0,0,3.0,8.375,0.358,18.312,0.582,21.0,2.0,12.5,1.0,0.5
Japan,1920,0,0,3.25,8.125,0.4,17.562,0.5577,21.0,2.0,9.5,1.042,0.9
Japan,1921,0,0,3.25,8.125,0.4,17.562,0.5577,21.0,2.0,9.5,1.042,0.9
Japan,1922,0,0,3.25,8.125,0.4,17.562,0.5577,21.0,2.0,9.5,1.042,0.9
Japan,1923,0,0,4.25,7.75,0.548,15.812,0.473,20.0,3.0,6.5,1.032,0.767
Japan,1924,0,0,4.25,7.75,0.548,15.812,0.473,20.0,3.0,6.5,1.032,0.767
Japan,1925,0,0,4.25,7.75,0.548,15.812,0.473,20.0,3.0,6.5,1.032,0.767
Japan,1926,0,0,4.25,7.75,0.548,15.812,0.473,20.0,3.0,6.5,1.032,0.767
Japan,1927,0,0,4.25,7.75,0.548,15.812,0.473,20.0,3.0,6.5,1.032,0.767
Japan,1928,0,0,4.25,7.75,0.548,15.812,0.473,20.0,3.0,6.5,1.032,0.767
Japan,1929,1,0,4.25,7.75,0.548,15.812,0.473,20.0,3.0,6.5,1.032,0.767
Japan,1930,1,0,5.0,7.125,0.702,13.688,0.4048,19.0,3.0,4.5,1.111,2.167
Japan,1931,1,0,5.375,6.875,0.782,12.812,0.3767,19.0,3.0,7.5,1.319,5.033
Japan,1932,0,1,5.625,6.5,0.865,11.688,0.3482,19.0,3.0,10.5,1.458,8.033
Japan,1933,0,0,5.875,6.25,0.94,10.938,0.3312,19.0,3.0,13.5,1.597,10.033
Japan,1934,0,0,5.75,6.375,0.902,11.188,0.3374,19.0,3.0,15.5,1.667,10.433
Japan,1935,0,0,5.75,6.375,0.902,11.188,0.3374,19.0,3.0,15.5,1.667,10.433
Japan,1936,0,0,5.75,6.375,0.902,11.188,0.3374,19.0,3.0,15.5,1.667,10.433
Japan,1937,0,0,4.625,7.125,0.649,14.125,0.435,21.0,2.0,20.0,2.188,10.867
Japan,1938,0,0,4.625,7.125,0.649,14.125,0.435,21.0,2.0,20.0,2.188,10.867
Japan,1939,0,0,4.625,7.125,0.649,14.125,0.435,21.0,2.0,20.0,2.188,10.867
Japan,1940,0,0,4.625,7.125,0.649,14.125,0.435,21.0,2.0,20.0,2.188,10.867
Japan,1941,0,0,5.625,7.0,0.804,13.0,0.3787,20.0,3.0,19.0,1.905,10.667
Japan,1942,1,0,6.5,6.5,1.0,11.188,0.3229,19.0,4.0,18.0,1.667,11.767
Japan,1943,1,0,7.375,5.625,1.311,8.5,0.2632,16.0,5.0,14.5,1.505,10.667
Japan,1944,1,0,8.125,4.625,1.757,5.75,0.2148,13.0,6.0,11.5,1.429,10.533
Japan,1945,0,1,10.0,1.625,6.154,-2.125,0.1165,-1.0,10.0,-1.5,1.0,2.2
Japan,1946,0,0,8.625,2.375,3.632,0.188,0.1415,2.5,8.0,2.0,1.071,2.167
Japan,1947,0,0,7.625,3.375,2.259,3.188,0.1835,5.5,7.0,5.0,1.081,2.167
Japan,1948,0,0,6.625,4.375,1.514,6.188,0.2348,8.5,6.0,8.0,1.094,2.167
Japan,1949,0,0,5.625,5.375,1.047,9.25,0.2996,11.5,5.0,11.5,1.111,2.267
Japan,1950,0,0,4.625,6.375,0.725,12.438,0.3837,14.5,4.0,14.5,1.136,2.033
Japan,1951,0,0,3.625,7.375,0.492,15.438,0.4771,17.5,3.0,17.5,1.176,2.033
Japan,1952,0,0,2.625,8.375,0.313,18.438,0.5898,20.5,2.0,20.5,1.25,2.033
Japan,1953,0,0,2.0,9.0,0.222,20.5,0.6817,21.0,2.0,21.0,1.0,0.533
Japan,1954,0,0,2.0,9.0,0.222,20.5,0.6817,21.0,2.0,21.0,1.0,0.533
Japan,1955,0,0,2.0,9.0,0.222,20.5,0.6817,21.0,2.0,21.0,1.0,0.533
Japan,1956,0,0,2.0,9.0,0.222,20.5,0.6817,21.0,2.0,21.0,1.0,0.533
Japan,1957,0,0,2.0,9.0,0.222,20.5,0.6817,21.0,2.0,21.0,1.0,0.533
Japan,1958,0,0,2.0,9.0,0.222,20.5,0.6817,21.0,2.0,21.0,1.0,0.533
Japan,1959,0,0,2.0,9.0,0.222,20.5,0.6817,21.0,2.0,21.0,1.0,0.533
Japan,1960,0,0,2.0,9.0,0.222,20.5,0.6817,21.0,2.0,21.0,1.0,0.533
Japan,1961,0,0,2.0,9.0,0.222,20.5,0.6817,21.0,2.0,21.0,1.0,0.533
Japan,1962,0,0,2.0,9.0,0.222,20.5,0.6817,21.0,2.0,21.0,1.0,0.533
Japan,1963,0,0,2.0,9.0,0.222,20.5,0.6817,21.0,2.0,21.0,1.0,0.533
Japan,1964,0,0,2.0,9.0,0.222,20.5,0.6817,21.0,2.0,21.0,1.0,0.533
Japan,1965,0,0,2.0,9.0,0.222,20.5,0.6817,21.0,2.0,21.0,1.0,0.533
Japan,1966,0,0,2.0,9.0,0.222,20.5,0.6817,21.0,2.0,21.0,1.0,0.533
Japan,1967,0,0,2.0,9.0,0.222,20.5,0.6817,21.0,2.0,21.0,1.0,0.533
Japan,1968,0,0,2.0,9.0,0.222,20.5,0.6817,21.0,2.0,21.0,1.0,0.533
Japan,1969,0,0,2.0,9.0,0.222,20.5,0.6817,21.0,2.0,21.0,1.0,0.533
Japan,1970,0,0,2.0,9.0,0.222,20.5,0.6817,21.0,2.0,21.0,1.0,0.533
Japan,1971,0,0,2.0,9.0,0.222,20.5,0.6817,21.0,2.0,21.0,1.0,0.533
Japan,1972,0,0,2.0,9.0,0.222,20.5,0.6817,21.0,2.0,21.0,1.0,0.533
Japan,1973,0,0,3.25,8.5,0.382,18.25,0.5542,20.0,3.0,20.0,1.222,2.8
Japan,1974,0,0,3.25,8.5,0.382,18.25,0.5542,20.0,3.0,20.0,1.222,2.8
Japan,1975,0,0,3.25,8.5,0.382,18.25,0.5542,20.0,3.0,20.0,1.222,2.8
Japan,1976,0,0,2.0,9.0,0.222,20.5,0.6817,21.0,2.0,21.0,1.0,0.533
Japan,1977,0,0,2.0,9.0,0.222,20.5,0.6817,21.0,2.0,21.0,1.0,0.533
Japan,1978,0,0,2.0,9.0,0.222,20.5,0.6817,21.0,2.0,21.0,1.0,0.533
Japan,1979,0,0,2.0,9.0,0.222,20.5,0.6817,21.0,2.0,21.0,1.0,0.533
Japan,1980,0,0,2.0,9.0,0.222,20.5,0.6817,21.0,2.0,21.0,1.0,0.533
Japan,1981,0,0,2.0,9.0,0.222,20.5,0.6817,21.0,2.0,21.0,1.0,0.533
Japan,1982,0,0,2.0,9.0,0.222,20.5,0.6817,21.0,2.0,21.0,1.0,0.533
Japan,1983,0,0,2.0,9.0,0.222,20.5,0.6817,21.0,2.0,21.0,1.0,0.533
Japan,1984,0,0,2.0,9.0,0.222,20.5,0.6817,21.0,2.0,21.0,1.0,0.533
Japan,1985,0,0,2.0,9.0,0.222,20.5,0.6817,21.0,2.0,21.0,1.0,0.533
Japan,1986,0,0,2.0,9.0,0.222,20.5,0.6817,21.0,2.0,21.0,1.0,0.533
Japan,1987,0,0,2.0,9.0,0.222,20.5,0.6817,21.0,2.0,21.0,1.0,0.533
Japan,1988,0,0,2.0,9.0,0.222,20.5,0.6817,21.0,2.0,21.0,1.0,0.533
Japan,1989,0,0,2.0,9.0,0.222,20.5,0.6817,21.0,2.0,21.0,1.0,0.533
Japan,1990,0,0,3.25,8.5,0.382,18.188,0.5511,20.0,3.0,19.5,1.222,2.7
Japan,1991,0,0,4.125,7.625,0.541,15.562,0.459,17.0,4.0,16.5,1.228,3.3
Japan,1992,0,0,5.0,6.75,0.741,12.938,0.3813,14.0,5.0,13.5,1.232,3.9
Japan,1993,0,0,5.875,5.875,1.0,10.312,0.3158,11.0,6.0,10.5,1.235,4.5
Japan,1994,0,0,6.75,5.0,1.35,7.688,0.2605,8.0,7.0,7.5,1.237,5.1
Japan,1995,0,0,6.75,5.0,1.35,7.688,0.2605,8.0,7.0,7.5,1.237,5.1
Japan,1996,0,0,6.75,5.0,1.35,7.688,0.2605,8.0,7.0,7.5,1.237,5.1
Japan,1997,0,0,6.75,5.0,1.35,7.688,0.2605,8.0,7.0,7.5,1.237,5.1
Japan,1998,0,0,7.75,4.125,1.879,4.438,0.1945,4.5,8.0,4.0,1.204,5.5
Japan,1999,0,0,7.75,4.125,1.879,4.438,0.1945,4.5,8.0,4.0,1.204,5.5
Japan,2000,0,0,7.75,4.125,1.879,4.438,0.1945,4.5,8.0,4.0,1.204,5.5
Japan,2001,0,0,7.75,4.125,1.879,4.438,0.1945,4.5,8.0,4.0,1.204,5.5
Japan,2002,0,0,7.75,4.125,1.879,4.438,0.1945,4.5,8.0,4.0,1.204,5.5
Japan,2003,0,0,7.75,4.125,1.879,4.438,0.1945,4.5,8.0,4.0,1.204,5.5
Japan,2004,0,0,7.75,4.125,1.879,4.438,0.1945,4.5,8.0,4.0,1.204,5.5
Japan,2005,0,0,7.75,4.125,1.879,4.438,0.1945,4.5,8.0,4.0,1.204,5.5
Japan,2006,0,0,7.75,4.125,1.879,4.438,0.1945,4.5,8.0,4.0,1.204,5.5
Japan,2007,0,0,7.75,4.125,1.879,4.438,0.1945,4.5,8.0,4.0,1.204,5.5
Japan,2008,0,0,7.75,4.125,1.879,4.438,0.1945,4.5,8.0,4.0,1.204,5.5
Japan,2009,0,0,7.75,4.125,1.879,4.438,0.1945,4.5,8.0,4.0,1.204,5.5
Japan,2010,0,0,7.75,4.125,1.879,4.438,0.1945,4.5,8.0,4.0,1.204,5.5
Japan,2011,0,0,8.75,3.125,2.8,1.562,0.1545,1.5,9.0,1.0,1.179,5.433
Japan,2012,0,0,8.75,3.125,2.8,1.562,0.1545,1.5,9.0,1.0,1.179,5.433
Japan,2013,0,0,8.75,3.125,2.8,1.562,0.1545,1.5,9.0,1.0,1.179,5.433
Japan,2014,0,0,8.75,3.125,2.8,1.562,0.1545,1.5,9.0,1.0,1.179,5.433
Japan,2015,0,0,8.75,3.125,2.8,1.562,0.1545,1.5,9.0,1.0,1.179,5.433
Japan,2016,0,0,8.75,3.125,2.8,1.562,0.1545,1.5,9.0,1.0,1.179,5.433
Japan,2017,0,0,8.75,3.125,2.8,1.562,0.1545,1.5,9.0,1.0,1.179,5.433
Japan,2018,0,0,8.75,3.125,2.8,1.562,0.1545,1.5,9.0,1.0,1.179,5.433
Japan,2019,0,0,8.75,3.125,2.8,1.562,0.1545,1.5,9.0,1.0,1.179,5.433
Japan,2020,0,0,8.875,3.125,2.84,1.438,0.1506,1.5,9.0,1.0,1.151,5.233
Japan,2021,0,0,8.875,3.125,2.84,1.438,0.1506,1.5,9.0,1.0,1.151,5.233
Japan,2022,0,0,8.875,3.125,2.84,1.438,0.1506,1.5,9.0,1.0,1.151,5.233
Japan,2023,0,0,8.875,3.125,2.84,1.438,0.1506,1.5,9.0,1.0,1.151,5.233
Japan,2024,0,0,8.875,3.125,2.84,1.438,0.1506,1.5,9.0,1.0,1.151,5.233
Japan,2025,0,0,8.875,3.125,2.84,1.438,0.1506,1.5,9.0,1.0,1.151,5.233
Lebanon,1943,0,0,5.5,4.875,1.128,6.625,0.2233,4.5,6.0,5.5,1.049,1.533
Lebanon,1944,0,0,5.0,5.375,0.93,8.0,0.2527,7.5,5.0,7.5,1.111,1.867
Lebanon,1945,0,0,4.5,6.125,0.735,10.5,0.315,10.0,5.0,10.0,1.061,1.067
Lebanon,1946,0,0,4.5,6.125,0.735,10.5,0.315,10.0,5.0,10.0,1.061,1.067
Lebanon,1947,0,0,4.5,6.125,0.735,10.5,0.315,10.0,5.0,10.0,1.061,1.067
Lebanon,1948,0,0,5.5,6.125,0.898,9.5,0.2743,9.0,6.0,9.0,1.049,1.067
Lebanon,1949,0,0,5.5,6.125,0.898,9.5,0.2743,9.0,6.0,9.0,1.049,1.067
Lebanon,1950,0,0,5.5,6.125,0.898,9.5,0.2743,9.0,6.0,9.0,1.049,1.067
Lebanon,1951,0,0,5.5,6.125,0.898,9.5,0.2743,9.0,6.0,9.0,1.049,1.067
Lebanon,1952,0,0,5.5,6.125,0.898,9.5,0.2743,9.0,6.0,9.0,1.049,1.067
Lebanon,1953,0,0,5.5,6.125,0.898,9.5,0.2743,9.0,6.0,9.0,1.049,1.067
Lebanon,1954,0,0,5.5,6.125,0.898,9.5,0.2743,9.0,6.0,9.0,1.049,1.067
Lebanon,1955,1,0,5.5,6.125,0.898,9.5,0.2743,9.0,6.0,9.0,1.049,1.067
Lebanon,1956,1,0,5.5,6.125,0.898,9.5,0.2743,9.0,6.0,9.0,1.049,1.067
Lebanon,1957,1,0,5.5,6.125,0.898,9.5,0.2743,9.0,6.0,9.0,1.049,1.067
Lebanon,1958,0,1,6.5,6.125,1.061,8.5,0.2388,8.0,7.0,8.0,1.042,1.067
Lebanon,1959,0,0,6.5,6.125,1.061,8.5,0.2388,8.0,7.0,8.0,1.042,1.067
Lebanon,1960,0,0,6.5,6.125,1.061,8.5,0.2388,8.0,7.0,8.0,1.042,1.067
Lebanon,1961,0,0,6.5,6.125,1.061,8.5,0.2388,8.0,7.0,8.0,1.042,1.067
Lebanon,1962,0,0,6.5,6.125,1.061,8.5,0.2388,8.0,7.0,8.0,1.042,1.067
Lebanon,1963,0,0,6.5,6.125,1.061,8.5,0.2388,8.0,7.0,8.0,1.042,1.067
Lebanon,1964,0,0,6.5,6.125,1.061,8.5,0.2388,8.0,7.0,8.0,1.042,1.067
Lebanon,1965,0,0,6.5,6.125,1.061,8.5,0.2388,8.0,7.0,8.0,1.042,1.067
Lebanon,1966,0,0,6.5,6.125,1.061,8.5,0.2388,8.0,7.0,8.0,1.042,1.067
Lebanon,1967,0,0,7.25,6.0,1.208,7.375,0.2098,8.0,7.0,7.0,1.019,1.4
Lebanon,1968,0,0,7.25,6.0,1.208,7.375,0.2098,8.0,7.0,7.0,1.019,1.4
Lebanon,1969,0,0,7.25,6.0,1.208,7.375,0.2098,8.0,7.0,7.0,1.019,1.4
Lebanon,1970,0,0,7.25,6.0,1.208,7.375,0.2098,8.0,7.0,7.0,1.019,1.4
Lebanon,1971,0,0,7.25,6.0,1.208,7.375,0.2098,8.0,7.0,7.0,1.019,1.4
Lebanon,1972,1,0,7.25,6.0,1.208,7.375,0.2098,8.0,7.0,7.0,1.019,1.4
Lebanon,1973,1,0,7.25,6.0,1.208,7.375,0.2098,8.0,7.0,7.0,1.019,1.4
Lebanon,1974,1,0,7.25,6.0,1.208,7.375,0.2098,8.0,7.0,7.0,1.019,1.4
Lebanon,1975,0,1,9.0,2.875,3.13,-1.625,0.0864,-3.5,9.0,-1.0,1.061,1.667
Lebanon,1976,0,0,9.0,2.875,3.13,-1.625,0.0864,-3.5,9.0,-1.0,1.061,1.667
Lebanon,1977,0,0,9.0,2.875,3.13,-1.625,0.0864,-3.5,9.0,-1.0,1.061,1.667
Lebanon,1978,0,0,9.0,2.875,3.13,-1.625,0.0864,-3.5,9.0,-1.0,1.061,1.667
Lebanon,1979,0,0,9.0,2.875,3.13,-1.625,0.0864,-3.5,9.0,-1.0,1.061,1.667
Lebanon,1980,0,0,9.0,2.875,3.13,-1.625,0.0864,-3.5,9.0,-1.0,1.061,1.667
Lebanon,1981,0,0,9.0,2.875,3.13,-1.625,0.0864,-3.5,9.0,-1.0,1.061,1.667
Lebanon,1982,0,0,9.0,2.875,3.13,-1.625,0.0864,-3.5,9.0,-1.0,1.061,1.667
Lebanon,1983,0,0,9.0,2.875,3.13,-1.625,0.0864,-3.5,9.0,-1.0,1.061,1.667
Lebanon,1984,0,0,9.0,2.875,3.13,-1.625,0.0864,-3.5,9.0,-1.0,1.061,1.667
Lebanon,1985,0,0,9.0,2.875,3.13,-1.625,0.0864,-3.5,9.0,-1.0,1.061,1.667
Lebanon,1986,0,0,9.0,2.875,3.13,-1.625,0.0864,-3.5,9.0,-1.0,1.061,1.667
Lebanon,1987,0,0,9.0,2.875,3.13,-1.625,0.0864,-3.5,9.0,-1.0,1.061,1.667
Lebanon,1988,0,0,9.0,2.875,3.13,-1.625,0.0864,-3.5,9.0,-1.0,1.061,1.667
Lebanon,1989,0,0,9.0,2.875,3.13,-1.625,0.0864,-3.5,9.0,-1.0,1.061,1.667
Lebanon,1990,0,0,8.0,3.875,2.065,1.875,0.1326,0.0,8.0,2.5,1.068,1.667
Lebanon,1991,0,0,6.875,5.0,1.375,5.438,0.189,3.5,7.0,6.0,1.111,1.767
Lebanon,1992,0,0,5.125,6.75,0.759,10.438,0.2893,11.0,5.0,11.0,1.067,0.967
Lebanon,1993,0,0,5.125,6.75,0.759,10.438,0.2893,11.0,5.0,11.0,1.067,0.967
Lebanon,1994,0,0,5.125,6.75,0.759,10.438,0.2893,11.0,5.0,11.0,1.067,0.967
Lebanon,1995,0,0,5.125,6.75,0.759,10.438,0.2893,11.0,5.0,11.0,1.067,0.967
Lebanon,1996,0,0,5.125,6.75,0.759,10.438,0.2893,11.0,5.0,11.0,1.067,0.967
Lebanon,1997,0,0,5.125,6.75,0.759,10.438,0.2893,11.0,5.0,11.0,1.067,0.967
Lebanon,1998,0,0,5.125,6.75,0.759,10.438,0.2893,11.0,5.0,11.0,1.067,0.967
Lebanon,1999,0,0,5.125,6.75,0.759,10.438,0.2893,11.0,5.0,11.0,1.067,0.967
Lebanon,2000,0,0,5.125,6.75,0.759,10.438,0.2893,11.0,5.0,11.0,1.067,0.967
Lebanon,2001,0,0,5.125,6.75,0.759,10.438,0.2893,11.0,5.0,11.0,1.067,0.967
Lebanon,2002,0,0,5.125,6.75,0.759,10.438,0.2893,11.0,5.0,11.0,1.067,0.967
Lebanon,2003,1,0,5.125,6.75,0.759,10.438,0.2893,11.0,5.0,11.0,1.067,0.967
Lebanon,2004,1,0,5.125,6.75,0.759,10.438,0.2893,11.0,5.0,11.0,1.067,0.967
Lebanon,2005,1,0,5.125,6.75,0.759,10.438,0.2893,11.0,5.0,11.0,1.067,0.967
Lebanon,2006,0,1,5.125,6.75,0.759,10.438,0.2893,11.0,5.0,11.0,1.067,0.967
Lebanon,2007,0,0,5.125,6.75,0.759,10.438,0.2893,11.0,5.0,11.0,1.067,0.967
Lebanon,2008,0,0,5.125,6.75,0.759,10.438,0.2893,11.0,5.0,11.0,1.067,0.967
Lebanon,2009,0,0,5.125,6.75,0.759,10.438,0.2893,11.0,5.0,11.0,1.067,0.967
Lebanon,2010,0,0,5.125,6.75,0.759,10.438,0.2893,11.0,5.0,11.0,1.067,0.967
Lebanon,2011,0,0,5.125,6.75,0.759,10.438,0.2893,11.0,5.0,11.0,1.067,0.967
Lebanon,2012,0,0,5.125,6.75,0.759,10.438,0.2893,11.0,5.0,11.0,1.067,0.967
Lebanon,2013,0,0,5.125,6.75,0.759,10.438,0.2893,11.0,5.0,11.0,1.067,0.967
Lebanon,2014,0,0,5.125,6.75,0.759,10.438,0.2893,11.0,5.0,11.0,1.067,0.967
Lebanon,2015,0,0,5.125,6.75,0.759,10.438,0.2893,11.0,5.0,11.0,1.067,0.967
Lebanon,2016,1,0,5.125,6.75,0.759,10.438,0.2893,11.0,5.0,11.0,1.067,0.967
Lebanon,2017,1,0,5.125,6.75,0.759,10.438,0.2893,11.0,5.0,11.0,1.067,0.967
Lebanon,2018,1,0,5.125,6.75,0.759,10.438,0.2893,11.0,5.0,11.0,1.067,0.967
Lebanon,2019,1,1,5.125,6.75,0.759,10.438,0.2893,11.0,5.0,11.0,1.067,0.967
Lebanon,2020,0,1,6.125,5.75,1.065,6.875,0.2065,7.5,6.0,7.5,1.056,1.133
Lebanon,2021,0,0,6.125,5.75,1.065,6.875,0.2065,7.5,6.0,7.5,1.056,1.133
Lebanon,2022,0,0,6.125,5.75,1.065,6.875,0.2065,7.5,6.0,7.5,1.056,1.133
Lebanon,2023,0,0,6.125,5.75,1.065,6.875,0.2065,7.5,6.0,7.5,1.056,1.133
Lebanon,2024,0,0,6.125,5.75,1.065,6.875,0.2065,7.5,6.0,7.5,1.056,1.133
Lebanon,2025,0,0,6.125,5.75,1.065,6.875,0.2065,7.5,6.0,7.5,1.056,1.133
New Zealand,1900,0,0,2.125,5.75,0.37,11.375,0.3779,10.0,2.0,11.5,0.909,-0.733
New Zealand,1901,0,0,2.125,5.75,0.37,11.375,0.3779,10.0,2.0,11.5,0.909,-0.733
New Zealand,1902,0,0,2.125,5.75,0.37,11.375,0.3779,10.0,2.0,11.5,0.909,-0.733
New Zealand,1903,0,0,2.125,5.75,0.37,11.375,0.3779,10.0,2.0,11.5,0.909,-0.733
New Zealand,1904,0,0,2.125,5.75,0.37,11.375,0.3779,10.0,2.0,11.5,0.909,-0.733
New Zealand,1905,0,0,2.0,5.875,0.34,11.625,0.3847,10.0,2.0,12.5,1.0,-0.333
New Zealand,1906,0,0,2.0,6.0,0.333,11.75,0.3847,10.0,2.0,12.5,1.0,-0.667
New Zealand,1907,0,0,2.0,6.0,0.333,11.75,0.3847,10.0,2.0,12.5,1.0,-0.667
New Zealand,1908,0,0,2.0,6.0,0.333,11.75,0.3847,10.0,2.0,12.5,1.0,-0.667
New Zealand,1909,0,0,2.0,6.0,0.333,11.75,0.3847,10.0,2.0,12.5,1.0,-0.667
New Zealand,1910,0,0,2.0,6.0,0.333,11.75,0.3847,10.0,2.0,12.5,1.0,-0.667
New Zealand,1911,0,0,2.0,6.0,0.333,11.75,0.3847,10.0,2.0,12.5,1.0,-0.667
New Zealand,1912,0,0,2.0,6.0,0.333,11.75,0.3847,10.0,2.0,12.5,1.0,-0.667
New Zealand,1913,0,0,2.375,6.0,0.396,11.375,0.3649,10.0,2.0,11.5,1.212,-0.2
New Zealand,1914,0,0,2.375,6.0,0.396,11.375,0.3649,10.0,2.0,11.5,1.212,-0.2
New Zealand,1915,0,0,2.375,5.625,0.422,10.812,0.3566,10.0,2.0,11.5,1.212,-0.3
New Zealand,1916,0,0,2.875,5.125,0.561,9.25,0.3084,10.0,2.0,9.5,1.071,-0.133
New Zealand,1917,0,0,2.875,5.125,0.561,9.25,0.3084,10.0,2.0,9.5,1.071,-0.133
New Zealand,1918,0,0,3.25,5.125,0.634,8.875,0.2929,10.0,2.0,8.5,1.222,0.333
New Zealand,1919,0,0,3.25,5.125,0.634,8.875,0.2929,10.0,2.0,8.5,1.222,0.333
New Zealand,1920,0,0,3.25,5.125,0.634,8.875,0.2929,10.0,2.0,8.5,1.222,0.333
New Zealand,1921,0,0,3.25,5.125,0.634,8.875,0.2929,10.0,2.0,8.5,1.222,0.333
New Zealand,1922,0,0,3.75,5.0,0.75,8.25,0.2734,10.0,2.0,8.5,1.458,1.467
New Zealand,1923,0,0,4.125,4.625,0.892,7.0,0.2425,9.0,3.0,7.5,1.228,2.133
New Zealand,1924,0,0,4.375,4.625,0.946,6.75,0.2344,9.0,3.0,7.5,1.25,2.267
New Zealand,1925,0,0,4.625,4.125,1.121,5.438,0.2078,7.0,3.0,5.0,1.27,1.233
New Zealand,1926,0,0,4.75,4.0,1.188,5.0,0.1968,7.0,3.0,5.0,1.349,1.867
New Zealand,1927,0,0,5.0,4.0,1.25,4.75,0.1903,7.0,3.0,5.0,1.364,2.0
New Zealand,1928,0,0,5.375,3.625,1.483,3.5,0.166,6.0,4.0,4.0,1.2,2.667
New Zealand,1929,0,0,5.875,3.5,1.679,2.875,0.1558,6.0,4.0,4.0,1.346,3.8
New Zealand,1930,0,0,5.875,3.5,1.679,2.875,0.1558,6.0,4.0,4.0,1.346,3.8
New Zealand,1931,0,0,5.875,3.5,1.679,2.875,0.1558,6.0,4.0,4.0,1.346,3.8
New Zealand,1932,0,0,5.5,4.25,1.294,4.688,0.1851,6.0,4.0,5.0,1.267,1.9
New Zealand,1933,0,0,5.625,4.5,1.25,5.188,0.1926,7.0,4.0,6.5,1.218,2.433
New Zealand,1934,0,0,5.5,5.0,1.1,6.062,0.2025,7.0,4.0,6.5,1.154,0.633
New Zealand,1935,0,0,5.375,5.25,1.024,6.438,0.2061,7.0,4.0,7.5,1.2,1.233
New Zealand,1936,0,0,4.75,5.25,0.905,7.938,0.2569,9.5,3.0,8.5,1.212,1.5
New Zealand,1937,0,0,4.625,5.75,0.804,8.812,0.2689,9.5,3.0,8.5,1.136,-0.3
New Zealand,1938,0,0,4.75,6.0,0.792,9.312,0.2771,10.5,3.0,10.0,1.087,0.233
New Zealand,1939,0,0,4.375,6.75,0.648,11.125,0.3157,10.5,3.0,11.0,0.985,-1.667
New Zealand,1940,0,0,4.375,6.75,0.648,11.125,0.3157,10.5,3.0,11.0,0.985,-1.667
New Zealand,1941,0,0,4.375,6.75,0.648,11.125,0.3157,10.5,3.0,11.0,0.985,-1.667
New Zealand,1942,0,0,4.125,6.75,0.611,11.375,0.3266,10.5,3.0,11.0,0.952,-1.8
New Zealand,1943,0,0,3.5,6.75,0.519,12.0,0.3565,10.5,3.0,12.0,0.926,-1.867
New Zealand,1944,0,0,3.5,6.75,0.519,12.0,0.3565,10.5,3.0,12.0,0.926,-1.867
New Zealand,1945,0,0,3.25,6.625,0.491,12.562,0.389,12.5,2.0,12.0,1.042,-1.233
New Zealand,1946,0,0,3.125,6.875,0.455,12.938,0.3935,13.5,2.0,13.0,0.938,-0.9
New Zealand,1947,0,0,3.125,6.875,0.455,12.938,0.3935,13.5,2.0,13.0,0.938,-0.9
New Zealand,1948,0,0,2.5,6.875,0.364,13.562,0.4304,13.5,2.0,14.0,0.897,-0.967
New Zealand,1949,0,0,2.25,6.875,0.327,13.812,0.4442,13.5,2.0,14.0,0.833,-1.1
New Zealand,1950,0,0,2.25,6.875,0.327,13.812,0.4442,13.5,2.0,14.0,0.833,-1.1
New Zealand,1951,0,0,2.25,6.875,0.327,13.812,0.4442,13.5,2.0,14.0,0.833,-1.1
New Zealand,1952,0,0,2.25,6.875,0.327,13.812,0.4442,13.5,2.0,14.0,0.833,-1.1
New Zealand,1953,0,0,2.25,6.875,0.327,13.812,0.4442,13.5,2.0,14.0,0.833,-1.1
New Zealand,1954,0,0,2.25,6.875,0.327,13.812,0.4442,13.5,2.0,14.0,0.833,-1.1
New Zealand,1955,0,0,2.0,6.875,0.291,14.062,0.4592,13.5,2.0,15.0,1.0,-0.7
New Zealand,1956,0,0,2.0,6.875,0.291,14.062,0.4592,13.5,2.0,15.0,1.0,-0.7
New Zealand,1957,0,0,2.0,6.875,0.291,14.062,0.4592,13.5,2.0,15.0,1.0,-0.7
New Zealand,1958,0,0,2.0,6.875,0.291,14.062,0.4592,13.5,2.0,15.0,1.0,-0.7
New Zealand,1959,0,0,2.0,6.875,0.291,14.062,0.4592,13.5,2.0,15.0,1.0,-0.7
New Zealand,1960,0,0,2.0,6.875,0.291,14.062,0.4592,13.5,2.0,15.0,1.0,-0.7
New Zealand,1961,0,0,2.0,6.875,0.291,14.062,0.4592,13.5,2.0,15.0,1.0,-0.7
New Zealand,1962,0,0,2.0,6.875,0.291,14.062,0.4592,13.5,2.0,15.0,1.0,-0.7
New Zealand,1963,0,0,2.375,6.875,0.345,13.688,0.4355,13.5,2.0,14.0,0.972,-0.767
New Zealand,1964,0,0,2.375,6.875,0.345,13.688,0.4355,13.5,2.0,14.0,0.972,-0.767
New Zealand,1965,0,0,2.375,6.0,0.396,12.312,0.4151,12.5,2.0,12.0,0.972,-0.3
New Zealand,1966,0,0,2.875,5.875,0.489,11.5,0.3775,12.5,2.0,12.0,1.071,0.0
New Zealand,1967,0,0,2.875,5.875,0.489,11.5,0.3775,12.5,2.0,12.0,1.071,0.0
New Zealand,1968,0,0,3.25,5.875,0.553,11.125,0.3587,12.5,2.0,11.0,1.042,-0.067
New Zealand,1969,0,0,3.25,5.875,0.553,11.125,0.3587,12.5,2.0,11.0,1.042,-0.067
New Zealand,1970,0,0,3.25,5.875,0.553,11.125,0.3587,12.5,2.0,11.0,1.042,-0.067
New Zealand,1971,0,0,3.25,5.875,0.553,11.125,0.3587,12.5,2.0,11.0,1.042,-0.067
New Zealand,1972,0,0,3.625,5.75,0.63,10.5,0.337,12.5,2.0,11.0,1.176,1.067
New Zealand,1973,0,0,4.0,5.375,0.744,9.312,0.3036,11.5,3.0,10.0,1.14,2.1
New Zealand,1974,0,0,4.0,5.375,0.744,9.312,0.3036,11.5,3.0,10.0,1.14,2.1
New Zealand,1975,0,0,4.5,5.25,0.857,8.125,0.2612,11.0,3.0,10.0,1.061,2.333
New Zealand,1976,0,0,4.625,4.875,0.949,7.125,0.2404,9.0,3.0,7.5,1.136,1.267
New Zealand,1977,0,0,4.625,4.875,0.949,7.125,0.2404,9.0,3.0,7.5,1.136,1.267
New Zealand,1978,0,0,5.0,4.5,1.111,5.938,0.214,8.0,4.0,6.5,1.111,2.3
New Zealand,1979,0,0,5.375,4.375,1.229,5.312,0.2005,8.0,4.0,6.5,1.2,3.433
New Zealand,1980,0,0,5.375,4.375,1.229,5.312,0.2005,8.0,4.0,6.5,1.2,3.433
New Zealand,1981,0,0,5.375,4.375,1.229,5.312,0.2005,8.0,4.0,6.5,1.2,3.433
New Zealand,1982,0,0,5.375,4.375,1.229,5.312,0.2005,8.0,4.0,6.5,1.2,3.433
New Zealand,1983,0,0,5.5,4.5,1.222,5.375,0.1991,8.0,4.0,6.5,1.154,2.733
New Zealand,1984,0,0,5.5,4.5,1.222,5.375,0.1991,8.0,4.0,6.5,1.154,2.733
New Zealand,1985,0,0,5.625,4.5,1.25,5.062,0.1912,7.0,4.0,6.0,1.111,1.7
New Zealand,1986,0,0,6.125,4.5,1.361,4.125,0.1661,6.0,5.0,5.0,1.056,2.067
New Zealand,1987,0,0,6.125,4.5,1.361,4.125,0.1661,6.0,5.0,5.0,1.056,2.067
New Zealand,1988,0,0,6.25,4.625,1.351,4.188,0.1651,6.0,5.0,5.0,1.022,1.367
New Zealand,1989,0,0,6.25,4.625,1.351,4.188,0.1651,6.0,5.0,5.0,1.022,1.367
New Zealand,1990,0,0,6.25,4.625,1.351,4.188,0.1651,6.0,5.0,5.0,1.022,1.367
New Zealand,1991,0,0,6.25,4.625,1.351,4.188,0.1651,6.0,5.0,5.0,1.022,1.367
New Zealand,1992,0,0,5.5,4.625,1.189,5.062,0.1865,6.0,5.0,6.0,0.952,0.633
New Zealand,1993,0,0,5.25,4.75,1.105,6.25,0.2174,8.0,4.0,7.0,1.026,0.667
New Zealand,1994,0,0,5.0,4.75,1.053,6.5,0.2243,8.0,4.0,7.0,1.0,0.533
New Zealand,1995,0,0,4.625,5.25,0.881,7.5,0.2417,9.0,4.0,8.0,0.903,0.267
New Zealand,1996,0,0,4.5,5.5,0.818,8.375,0.2657,9.5,4.0,9.0,0.942,0.333
New Zealand,1997,0,0,4.25,5.5,0.773,8.625,0.2743,9.5,4.0,9.0,0.909,0.2
New Zealand,1998,0,0,4.0,5.625,0.711,9.812,0.3128,11.5,3.0,10.0,1.0,0.233
New Zealand,1999,0,0,3.25,5.625,0.578,10.688,0.3518,11.5,3.0,11.0,0.882,-0.5
New Zealand,2000,0,0,3.25,5.625,0.578,10.688,0.3518,11.5,3.0,11.0,0.882,-0.5
New Zealand,2001,0,0,3.5,5.625,0.622,10.438,0.3396,11.5,3.0,11.0,1.078,0.167
New Zealand,2002,0,0,3.875,5.5,0.705,9.812,0.3189,11.5,3.0,10.0,1.053,0.767
New Zealand,2003,0,0,4.125,5.375,0.767,9.25,0.3018,11.5,3.0,10.0,1.083,1.733
New Zealand,2004,0,0,4.75,5.0,0.95,7.688,0.2562,10.5,4.0,9.0,1.087,2.967
New Zealand,2005,0,0,4.875,4.625,1.054,6.688,0.2366,8.5,4.0,6.5,1.159,1.9
New Zealand,2006,0,0,5.125,4.5,1.139,6.125,0.2236,8.5,4.0,6.5,1.181,2.867
New Zealand,2007,0,0,5.5,4.375,1.257,5.5,0.2094,8.5,4.0,5.5,1.154,3.467
New Zealand,2008,0,0,5.75,4.375,1.314,5.25,0.2033,8.5,4.0,5.5,1.282,4.133
New Zealand,2009,0,0,5.375,4.375,1.229,5.625,0.2125,8.5,4.0,5.5,1.2,3.667
New Zealand,2010,0,0,5.0,4.75,1.053,6.812,0.2376,9.5,3.0,6.5,1.232,2.633
New Zealand,2011,0,0,4.625,4.75,0.974,7.188,0.249,9.5,3.0,6.5,1.136,2.167
New Zealand,2012,0,0,4.125,5.375,0.767,9.25,0.3015,11.5,3.0,10.0,1.228,2.267
New Zealand,2013,0,0,3.75,5.375,0.698,9.625,0.3166,11.5,3.0,10.0,1.111,1.8
New Zealand,2014,0,0,3.375,5.75,0.587,10.812,0.3506,12.5,2.0,11.0,1.146,0.767
New Zealand,2015,0,0,3.0,5.75,0.522,11.188,0.3691,12.5,2.0,11.0,1.0,0.3
New Zealand,2016,0,0,3.625,5.75,0.63,10.562,0.3386,11.5,3.0,11.0,1.176,0.9
New Zealand,2017,1,0,4.125,5.5,0.75,9.5,0.3051,11.5,3.0,10.0,1.228,2.667
New Zealand,2018,1,0,4.625,5.0,0.925,7.812,0.2602,8.5,4.0,10.0,1.136,2.1
New Zealand,2019,1,0,5.125,4.75,1.079,6.75,0.2331,8.5,4.0,9.0,1.181,3.867
New Zealand,2020,0,1,5.75,4.75,1.211,6.125,0.2146,7.5,5.0,9.0,1.282,4.467
New Zealand,2021,0,0,5.75,4.75,1.211,6.125,0.2146,7.5,5.0,9.0,1.282,4.467
New Zealand,2022,0,0,5.75,4.75,1.211,6.125,0.2146,7.5,5.0,9.0,1.282,4.467
New Zealand,2023,0,0,5.375,4.625,1.162,6.188,0.2204,8.5,4.0,9.0,1.319,4.033
New Zealand,2024,0,0,5.25,4.625,1.135,6.25,0.2234,8.5,4.0,6.5,1.25,2.533
New Zealand,2025,0,0,5.25,4.625,1.135,6.25,0.2234,8.5,4.0,6.5,1.25,2.533
Nigeria,1950,0,0,2.5,5.875,0.426,11.5,0.3827,14.5,2.0,12.5,1.667,3.733
Nigeria,1951,0,0,2.5,5.875,0.426,11.5,0.3827,14.5,2.0,12.5,1.667,3.733
Nigeria,1952,0,0,2.5,5.875,0.426,11.5,0.3827,14.5,2.0,12.5,1.667,3.733
Nigeria,1953,0,0,2.5,5.875,0.426,11.5,0.3827,14.5,2.0,12.5,1.667,3.733
Nigeria,1954,0,0,2.5,5.875,0.426,11.5,0.3827,14.5,2.0,12.5,1.667,3.733
Nigeria,1955,0,0,2.5,5.875,0.426,11.5,0.3827,14.5,2.0,12.5,1.667,3.733
Nigeria,1956,0,0,2.5,5.875,0.426,11.5,0.3827,14.5,2.0,12.5,1.667,3.733
Nigeria,1957,0,0,2.5,5.875,0.426,11.5,0.3827,14.5,2.0,12.5,1.667,3.733
Nigeria,1958,0,0,2.125,5.875,0.362,14.25,0.5094,15.5,2.0,15.5,0.694,2.0
Nigeria,1959,0,0,1.125,6.375,0.176,14.812,0.5341,16.0,1.0,16.0,0.476,1.3
Nigeria,1960,0,0,0.625,6.375,0.098,14.75,0.5355,17.0,0.0,17.0,0.417,3.067
Nigeria,1961,0,0,1.125,5.75,0.196,12.875,0.4586,13.5,1.0,14.5,1.333,3.267
Nigeria,1962,0,0,1.875,5.625,0.333,11.812,0.4073,12.5,2.0,12.5,1.458,3.167
Nigeria,1963,1,0,2.875,5.375,0.535,9.25,0.2941,9.0,3.0,10.0,1.282,3.067
Nigeria,1964,1,0,3.875,4.625,0.838,7.312,0.2495,8.0,4.0,8.0,1.204,3.167
Nigeria,1965,1,0,5.875,4.0,1.469,3.375,0.1514,3.5,6.0,3.5,1.131,2.2
Nigeria,1966,1,1,7.875,3.0,2.625,-0.75,0.0902,-0.5,8.0,-0.5,1.096,2.267
Nigeria,1967,0,1,8.875,2.125,4.176,-2.875,0.073,-3.0,9.0,-3.0,1.085,1.533
Nigeria,1968,0,0,8.875,2.125,4.176,-2.875,0.073,-3.0,9.0,-3.0,1.085,1.533
Nigeria,1969,0,0,8.875,2.125,4.176,-2.875,0.073,-3.0,9.0,-3.0,1.085,1.533
Nigeria,1970,0,0,8.875,2.125,4.176,-2.875,0.073,-3.0,9.0,-3.0,1.085,1.533
Nigeria,1971,0,0,8.875,2.125,4.176,-2.875,0.073,-3.0,9.0,-3.0,1.085,1.533
Nigeria,1972,0,0,8.875,2.125,4.176,-2.875,0.073,-3.0,9.0,-3.0,1.085,1.533
Nigeria,1973,0,0,8.875,2.125,4.176,-2.875,0.073,-3.0,9.0,-3.0,1.085,1.533
Nigeria,1974,0,0,8.875,2.125,4.176,-2.875,0.073,-3.0,9.0,-3.0,1.085,1.533
Nigeria,1975,0,0,8.875,2.125,4.176,-2.875,0.073,-3.0,9.0,-3.0,1.085,1.533
Nigeria,1976,0,0,8.875,2.125,4.176,-2.875,0.073,-3.0,9.0,-3.0,1.085,1.533
Nigeria,1977,0,0,8.875,2.125,4.176,-2.875,0.073,-3.0,9.0,-3.0,1.085,1.533
Nigeria,1978,0,0,8.875,2.125,4.176,-2.875,0.073,-3.0,9.0,-3.0,1.085,1.533
Nigeria,1979,0,0,8.875,2.125,4.176,-2.875,0.073,-3.0,9.0,-3.0,1.085,1.533
Nigeria,1980,1,0,8.875,2.125,4.176,-2.875,0.073,-3.0,9.0,-3.0,1.085,1.533
Nigeria,1981,1,0,8.875,2.125,4.176,-2.875,0.073,-3.0,9.0,-3.0,1.085,1.533
Nigeria,1982,1,0,8.875,2.125,4.176,-2.875,0.073,-3.0,9.0,-3.0,1.085,1.533
Nigeria,1983,0,1,8.875,2.125,4.176,-2.875,0.073,-3.0,9.0,-3.0,1.085,1.533
Nigeria,1984,0,0,8.875,2.125,4.176,-2.875,0.073,-3.0,9.0,-3.0,1.085,1.533
Nigeria,1985,0,0,8.875,2.125,4.176,-2.875,0.073,-3.0,9.0,-3.0,1.085,1.533
Nigeria,1986,0,0,8.875,2.125,4.176,-2.875,0.073,-3.0,9.0,-3.0,1.085,1.533
Nigeria,1987,0,0,8.875,2.125,4.176,-2.875,0.073,-3.0,9.0,-3.0,1.085,1.533
Nigeria,1988,0,0,8.875,2.125,4.176,-2.875,0.073,-3.0,9.0,-3.0,1.085,1.533
Nigeria,1989,0,0,8.875,2.125,4.176,-2.875,0.073,-3.0,9.0,-3.0,1.085,1.533
Nigeria,1990,0,0,8.875,2.125,4.176,-2.875,0.073,-3.0,9.0,-3.0,1.085,1.533
Nigeria,1991,0,0,8.875,2.125,4.176,-2.875,0.073,-3.0,9.0,-3.0,1.085,1.533
Nigeria,1992,0,0,8.875,2.125,4.176,-2.875,0.073,-3.0,9.0,-3.0,1.085,1.533
Nigeria,1993,0,0,8.875,2.125,4.176,-2.875,0.073,-3.0,9.0,-3.0,1.085,1.533
Nigeria,1994,0,0,8.875,2.125,4.176,-2.875,0.073,-3.0,9.0,-3.0,1.085,1.533
Nigeria,1995,0,0,8.875,2.125,4.176,-2.875,0.073,-3.0,9.0,-3.0,1.085,1.533
Nigeria,1996,0,0,8.875,2.125,4.176,-2.875,0.073,-3.0,9.0,-3.0,1.085,1.533
Nigeria,1997,0,0,8.875,2.125,4.176,-2.875,0.073,-3.0,9.0,-3.0,1.085,1.533
Nigeria,1998,0,0,8.875,2.125,4.176,-2.875,0.073,-3.0,9.0,-3.0,1.085,1.533
Nigeria,1999,0,0,8.875,2.125,4.176,-2.875,0.073,-3.0,9.0,-3.0,1.085,1.533
Nigeria,2000,0,0,8.875,2.125,4.176,-2.875,0.073,-3.0,9.0,-3.0,1.085,1.533
Nigeria,2001,0,0,8.875,2.125,4.176,-2.875,0.073,-3.0,9.0,-3.0,1.085,1.533
Nigeria,2002,0,0,8.875,2.125,4.176,-2.875,0.073,-3.0,9.0,-3.0,1.085,1.533
Nigeria,2003,0,0,8.875,2.125,4.176,-2.875,0.073,-3.0,9.0,-3.0,1.085,1.533
Nigeria,2004,0,0,8.875,2.125,4.176,-2.875,0.073,-3.0,9.0,-3.0,1.085,1.533
Nigeria,2005,0,0,8.875,2.125,4.176,-2.875,0.073,-3.0,9.0,-3.0,1.085,1.533
Nigeria,2006,0,0,8.875,2.125,4.176,-2.875,0.073,-3.0,9.0,-3.0,1.085,1.533
Nigeria,2007,0,0,8.875,2.125,4.176,-2.875,0.073,-3.0,9.0,-3.0,1.085,1.533
Nigeria,2008,0,0,8.875,2.125,4.176,-2.875,0.073,-3.0,9.0,-3.0,1.085,1.533
Nigeria,2009,0,0,8.875,2.125,4.176,-2.875,0.073,-3.0,9.0,-3.0,1.085,1.533
Nigeria,2010,0,0,8.875,2.125,4.176,-2.875,0.073,-3.0,9.0,-3.0,1.085,1.533
Nigeria,2011,0,0,8.875,2.125,4.176,-2.875,0.073,-3.0,9.0,-3.0,1.085,1.533
Nigeria,2012,0,0,8.875,2.125,4.176,-2.875,0.073,-3.0,9.0,-3.0,1.085,1.533
Nigeria,2013,0,0,8.875,2.125,4.176,-2.875,0.073,-3.0,9.0,-3.0,1.085,1.533
Nigeria,2014,0,0,8.875,2.125,4.176,-2.875,0.073,-3.0,9.0,-3.0,1.085,1.533
Nigeria,2015,0,0,8.875,2.125,4.176,-2.875,0.073,-3.0,9.0,-3.0,1.085,1.533
Nigeria,2016,0,0,8.875,2.125,4.176,-2.875,0.073,-3.0,9.0,-3.0,1.085,1.533
Nigeria,2017,0,0,8.875,2.125,4.176,-2.875,0.073,-3.0,9.0,-3.0,1.085,1.533
Nigeria,2018,0,0,8.875,2.125,4.176,-2.875,0.073,-3.0,9.0,-3.0,1.085,1.533
Nigeria,2019,0,0,8.875,2.125,4.176,-2.875,0.073,-3.0,9.0,-3.0,1.085,1.533
Nigeria,2020,0,0,8.875,2.125,4.176,-2.875,0.073,-3.0,9.0,-3.0,1.085,1.533
Nigeria,2021,0,0,8.875,2.125,4.176,-2.875,0.073,-3.0,9.0,-3.0,1.085,1.533
Nigeria,2022,0,0,8.875,2.125,4.176,-2.875,0.073,-3.0,9.0,-3.0,1.085,1.533
Nigeria,2023,0,0,8.875,2.125,4.176,-2.875,0.073,-3.0,9.0,-3.0,1.085,1.533
Nigeria,2024,0,0,8.875,2.125,4.176,-2.875,0.073,-3.0,9.0,-3.0,1.085,1.533
Norway,1900,0,0,4.1,5.375,0.763,9.312,0.3014,11.9,3.0,8.2,1.094,0.873
Norway,1901,0,0,3.975,5.375,0.74,9.438,0.3066,11.9,3.0,9.2,1.152,1.073
Norway,1902,0,0,3.975,5.375,0.74,9.438,0.3066,11.9,3.0,9.2,1.152,1.073
Norway,1903,0,0,3.975,5.375,0.74,9.438,0.3066,11.9,3.0,9.2,1.152,1.073
Norway,1904,0,0,3.975,5.375,0.74,9.438,0.3066,11.9,3.0,9.2,1.152,1.073
Norway,1905,0,0,2.725,6.0,0.454,12.962,0.4372,14.4,2.0,15.5,1.128,1.7
Norway,1906,0,0,2.975,6.125,0.486,12.4,0.4044,14.4,2.0,14.5,1.167,0.8
Norway,1907,0,0,2.85,6.125,0.465,12.712,0.42,14.4,2.0,14.5,1.048,-0.033
Norway,1908,0,0,2.975,6.125,0.486,12.4,0.4044,14.4,2.0,14.5,1.167,0.8
Norway,1909,0,0,2.975,6.125,0.486,12.65,0.4141,14.4,2.0,14.5,1.167,0.133
Norway,1910,0,0,2.975,6.125,0.486,12.4,0.4044,14.4,2.0,14.5,1.167,0.8
Norway,1911,0,0,2.975,6.125,0.486,12.4,0.4044,14.4,2.0,14.5,1.167,0.8
Norway,1912,0,0,2.975,6.125,0.486,12.4,0.4044,14.4,2.0,14.5,1.167,0.8
Norway,1913,0,0,2.975,6.25,0.476,12.587,0.4075,14.4,2.0,14.5,1.167,1.1
Norway,1914,0,0,5.6,5.0,1.12,7.212,0.2413,9.9,4.0,6.5,1.205,2.1
Norway,1915,0,0,5.6,4.875,1.149,7.088,0.2413,9.9,4.0,6.5,1.205,2.433
Norway,1916,0,0,5.6,4.875,1.149,7.088,0.2414,9.9,4.0,6.5,1.32,2.967
Norway,1917,0,0,5.725,4.875,1.174,6.962,0.2379,9.9,4.0,6.5,1.387,3.3
Norway,1918,0,0,5.475,5.0,1.095,7.338,0.2451,9.9,4.0,6.5,1.253,2.3
Norway,1919,0,0,4.725,4.75,0.995,7.462,0.2559,10.9,3.0,7.5,1.197,1.167
Norway,1920,0,0,4.725,4.75,0.995,7.462,0.2558,10.9,3.0,5.5,1.197,1.167
Norway,1921,0,0,4.85,4.75,1.021,6.962,0.2405,10.9,3.0,7.5,1.273,1.967
Norway,1922,0,0,4.725,4.75,0.995,7.212,0.2483,10.9,3.0,7.5,1.197,1.3
Norway,1923,0,0,4.475,5.0,0.895,7.962,0.2644,10.9,3.0,7.5,1.175,0.9
Norway,1924,0,0,4.475,5.0,0.895,7.962,0.2644,10.9,3.0,7.5,1.175,0.9
Norway,1925,0,0,4.35,5.125,0.849,8.212,0.2691,10.9,3.0,7.5,1.095,0.233
Norway,1926,0,0,4.35,5.125,0.849,8.212,0.269,10.9,3.0,7.5,1.233,1.3
Norway,1927,0,0,4.475,5.0,0.895,7.962,0.2644,10.9,3.0,7.5,1.175,0.9
Norway,1928,0,0,4.475,5.0,0.895,7.962,0.2644,10.9,3.0,7.5,1.175,0.9
Norway,1929,0,0,6.475,3.375,1.919,2.375,0.1504,8.4,4.0,4.4,1.439,5.08
Norway,1930,0,0,6.475,3.375,1.919,2.375,0.1506,8.4,4.0,4.4,1.555,6.147
Norway,1931,0,0,6.6,3.25,2.031,1.875,0.1414,8.4,4.0,2.4,1.389,4.813
Norway,1932,0,0,6.35,3.625,1.752,2.75,0.1525,8.4,4.0,4.4,1.493,5.147
Norway,1933,0,0,5.975,3.875,1.542,3.375,0.1596,8.4,4.0,4.4,1.306,3.48
Norway,1934,0,0,4.1,5.375,0.763,9.15,0.2958,11.9,3.0,10.5,0.937,-0.4
Norway,1935,0,0,3.85,5.375,0.716,9.712,0.3184,11.9,3.0,13.0,0.9,-0.567
Norway,1936,0,0,3.85,5.625,0.684,9.775,0.311,11.9,3.0,10.5,0.778,-2.067
Norway,1937,1,0,4.1,5.375,0.763,9.15,0.2958,11.9,3.0,10.5,0.937,-0.4
Norway,1938,1,0,4.225,5.375,0.786,9.025,0.2917,11.9,3.0,10.5,0.894,-0.6
Norway,1939,1,0,4.475,5.375,0.833,8.775,0.2829,11.9,3.0,9.5,0.819,-1.0
Norway,1940,0,1,7.975,3.475,2.295,0.1,0.1013,3.4,7.0,-0.9,0.992,1.387
Norway,1941,0,0,6.9,3.6,1.917,2.213,0.1415,7.9,5.0,-0.6,1.008,1.033
Norway,1942,0,0,6.775,3.6,1.882,2.525,0.1491,7.9,5.0,-0.6,1.038,1.533
Norway,1943,0,0,7.025,3.6,1.951,2.088,0.139,7.9,5.0,-0.6,1.056,1.367
Norway,1944,0,0,6.775,3.6,1.882,2.463,0.1468,7.9,5.0,-0.6,1.038,1.433
Norway,1945,0,0,2.725,6.375,0.427,13.15,0.4287,14.4,2.0,16.5,0.929,0.4
Norway,1946,0,0,3.1,6.0,0.517,11.962,0.39,14.4,2.0,13.0,0.917,0.1
Norway,1947,0,0,3.1,6.0,0.517,11.962,0.39,14.4,2.0,13.0,0.917,0.1
Norway,1948,0,0,2.85,6.25,0.456,12.462,0.4041,14.4,2.0,13.0,0.708,-1.233
Norway,1949,0,0,2.975,6.0,0.496,12.212,0.4013,14.4,2.0,13.0,0.978,0.5
Norway,1950,0,0,3.05,6.4,0.477,12.812,0.4097,14.4,2.0,14.0,0.907,-0.353
Norway,1951,0,0,3.05,6.4,0.477,12.812,0.4097,14.4,2.0,14.0,0.907,-0.353
Norway,1952,0,0,2.925,6.4,0.457,12.938,0.4158,14.4,2.0,14.0,0.968,-0.153
Norway,1953,0,0,2.925,6.4,0.457,12.938,0.4158,14.4,2.0,14.0,0.968,-0.153
Norway,1954,0,0,2.925,6.4,0.457,12.938,0.4158,14.4,2.0,14.0,0.968,-0.153
Norway,1955,0,0,2.925,6.65,0.44,13.188,0.4158,14.4,2.0,15.0,0.968,-0.287
Norway,1956,0,0,2.925,6.4,0.457,12.938,0.4158,14.4,2.0,14.0,0.968,-0.153
Norway,1957,0,0,2.925,6.4,0.457,12.938,0.4158,14.4,2.0,14.0,0.968,-0.153
Norway,1958,0,0,2.925,6.4,0.457,12.938,0.4158,14.4,2.0,14.0,0.968,-0.153
Norway,1959,0,0,2.925,6.4,0.457,12.938,0.4158,14.4,2.0,14.0,0.968,-0.153
Norway,1960,0,0,2.925,6.4,0.457,12.938,0.4158,14.4,2.0,14.0,0.968,-0.153
Norway,1961,0,0,2.925,6.4,0.457,12.938,0.4158,14.4,2.0,14.0,0.968,-0.153
Norway,1962,0,0,2.925,6.4,0.457,12.938,0.4158,14.4,2.0,14.0,0.968,-0.153
Norway,1963,0,0,2.925,6.4,0.457,12.938,0.4158,14.4,2.0,14.0,0.968,-0.153
Norway,1964,0,0,2.925,6.4,0.457,12.938,0.4158,14.4,2.0,14.0,0.968,-0.153
Norway,1965,0,0,3.1,6.25,0.496,12.087,0.3857,14.4,2.0,10.0,0.917,-0.767
Norway,1966,0,0,3.1,6.25,0.496,12.212,0.3904,14.4,2.0,11.0,0.917,-0.567
Norway,1967,0,0,3.1,6.25,0.496,12.212,0.3904,14.4,2.0,11.0,0.917,-0.567
Norway,1968,0,0,3.1,6.25,0.496,12.212,0.3904,14.4,2.0,11.0,0.917,-0.567
Norway,1969,0,0,3.1,6.5,0.477,12.525,0.3937,14.4,2.0,11.0,0.917,-0.6
Norway,1970,0,0,3.1,6.375,0.486,12.4,0.3937,14.4,2.0,11.0,0.917,-0.267
Norway,1971,0,0,3.1,6.25,0.496,12.212,0.3904,14.4,2.0,11.0,0.917,-0.567
Norway,1972,0,0,4.6,5.375,0.856,8.962,0.2921,13.4,3.0,2.5,0.692,-2.3
Norway,1973,0,0,4.35,5.5,0.791,9.462,0.3045,13.4,3.0,4.5,0.75,-1.5
Norway,1974,0,0,2.775,7.15,0.388,14.825,0.4725,15.4,2.0,13.7,0.833,-1.56
Norway,1975,0,0,2.9,7.025,0.413,14.325,0.4522,15.4,2.0,13.7,0.946,-0.493
Norway,1976,0,0,3.025,6.9,0.438,13.95,0.4391,15.4,2.0,13.7,0.886,-1.093
Norway,1977,0,0,3.025,6.9,0.438,13.95,0.4391,15.4,2.0,13.7,0.886,-1.093
Norway,1978,0,0,3.025,6.9,0.438,13.95,0.4391,15.4,2.0,13.7,0.886,-1.093
Norway,1979,0,0,3.025,6.9,0.438,13.95,0.4391,15.4,2.0,13.7,0.886,-1.093
Norway,1980,0,0,3.025,6.9,0.438,13.95,0.4391,15.4,2.0,13.7,0.886,-1.093
Norway,1981,0,0,3.025,6.9,0.438,13.825,0.4344,15.4,2.0,12.7,0.886,-1.293
Norway,1982,0,0,3.025,6.9,0.438,13.95,0.4391,15.4,2.0,13.7,0.886,-1.093
Norway,1983,0,0,3.025,6.9,0.438,13.95,0.4391,15.4,2.0,13.7,0.886,-1.093
Norway,1984,0,0,3.025,6.9,0.438,13.95,0.4391,15.4,2.0,13.7,0.886,-1.093
Norway,1985,0,0,3.025,6.9,0.438,13.95,0.4391,15.4,2.0,13.7,0.886,-1.093
Norway,1986,0,0,5.675,5.25,1.081,7.812,0.2541,12.4,3.0,10.0,1.46,3.487
Norway,1987,0,0,5.05,5.625,0.898,8.812,0.2746,12.4,3.0,10.0,1.366,2.42
Norway,1988,0,0,5.3,5.375,0.986,8.062,0.2594,12.4,3.0,10.0,1.379,2.82
Norway,1989,0,0,5.55,5.25,1.057,7.562,0.2483,12.4,3.0,10.0,1.391,3.62
Norway,1990,0,0,5.425,5.25,1.033,7.688,0.2518,12.4,3.0,10.0,1.451,3.82
Norway,1991,0,0,5.3,5.625,0.942,8.562,0.2661,12.4,3.0,10.0,1.379,2.553
Norway,1992,0,0,5.05,5.625,0.898,8.812,0.2746,12.4,3.0,10.0,1.366,2.42
Norway,1993,0,0,2.85,6.875,0.415,13.837,0.4395,15.4,2.0,13.5,0.708,-1.967
Norway,1994,0,0,3.35,6.5,0.515,12.962,0.4098,15.4,2.0,12.5,0.815,-1.233
Norway,1995,0,0,3.1,6.625,0.468,13.337,0.424,15.4,2.0,13.5,0.917,-0.633
Norway,1996,0,0,3.1,6.875,0.451,13.65,0.427,16.4,2.0,13.5,0.917,-0.133
Norway,1997,0,0,3.1,6.625,0.468,13.337,0.424,15.4,2.0,13.5,0.917,-0.633
Norway,1998,0,0,3.225,6.5,0.496,13.087,0.4165,15.4,2.0,13.5,0.863,-1.033
Norway,1999,0,0,3.1,6.625,0.468,13.337,0.424,15.4,2.0,13.5,0.917,-0.633
Norway,2000,0,0,3.1,6.625,0.468,13.337,0.424,15.4,2.0,13.5,0.917,-0.633
Norway,2001,0,0,3.725,6.75,0.552,12.9,0.3941,14.9,3.0,13.5,0.817,-1.867
Norway,2002,0,0,3.6,6.75,0.533,13.025,0.3994,14.9,3.0,13.5,0.86,-1.667
Norway,2003,0,0,3.6,6.75,0.533,13.025,0.3994,14.9,3.0,13.5,0.86,-1.667
Norway,2004,0,0,3.6,6.75,0.533,13.025,0.3994,14.9,3.0,13.5,0.86,-1.667
Norway,2005,0,0,3.6,6.75,0.533,13.025,0.3994,14.9,3.0,13.5,0.86,-1.667
Norway,2006,0,0,3.6,6.75,0.533,13.025,0.3994,14.9,3.0,13.5,0.86,-1.667
Norway,2007,0,0,3.6,6.75,0.533,13.025,0.3994,14.9,3.0,13.5,0.86,-1.667
Norway,2008,0,0,3.6,6.75,0.533,13.025,0.3994,14.9,3.0,13.5,0.86,-1.667
Norway,2009,0,0,3.6,6.75,0.533,13.025,0.3994,14.9,3.0,13.5,0.86,-1.667
Norway,2010,0,0,3.6,6.75,0.533,13.025,0.3994,14.9,3.0,13.5,0.86,-1.667
Norway,2011,0,0,4.225,6.625,0.638,12.025,0.3624,14.9,3.0,11.5,0.681,-3.267
Norway,2012,0,0,3.6,6.75,0.533,13.025,0.4001,14.9,3.0,14.5,0.86,-1.667
Norway,2013,0,0,3.6,6.75,0.533,13.025,0.3994,14.9,3.0,13.5,0.86,-1.667
Norway,2014,0,0,4.85,6.0,0.808,10.4,0.3157,14.9,3.0,13.5,1.273,1.867
Norway,2015,0,0,4.85,6.0,0.808,10.15,0.3091,14.9,3.0,13.5,1.413,3.6
Norway,2016,0,0,4.35,6.5,0.669,11.4,0.3373,14.9,3.0,13.5,1.095,0.267
Norway,2017,0,0,3.975,6.5,0.612,12.15,0.3697,14.9,3.0,13.5,0.983,0.133
Norway,2018,0,0,3.975,6.5,0.612,12.15,0.3697,14.9,3.0,13.5,0.983,0.133
Norway,2019,0,0,3.975,6.5,0.612,12.15,0.3697,14.9,3.0,13.5,0.983,0.133
Norway,2020,0,0,4.725,6.125,0.771,11.025,0.3339,14.9,3.0,12.5,1.333,2.6
Norway,2021,0,0,4.225,6.5,0.65,11.9,0.3577,14.9,3.0,13.5,1.15,0.8
Norway,2022,0,0,4.1,6.625,0.619,12.212,0.3679,14.9,3.0,12.5,0.818,-1.1
Norway,2023,0,0,4.225,6.5,0.65,11.9,0.3582,14.9,3.0,13.5,1.016,0.267
Norway,2024,0,0,3.975,6.625,0.6,12.275,0.3697,14.9,3.0,13.5,0.983,0.333
Norway,2025,0,0,3.975,6.5,0.612,12.15,0.3697,14.9,3.0,13.5,0.983,0.133
Pakistan,1947,0,1,8.375,3.5,2.393,0.062,0.1038,-3.5,9.0,-1.0,1.197,4.367
Pakistan,1948,0,0,7.5,4.25,1.765,2.875,0.1457,0.0,8.0,2.5,1.19,3.267
Pakistan,1949,0,0,6.5,5.25,1.238,6.375,0.2084,3.5,7.0,6.0,1.222,3.267
Pakistan,1950,0,0,5.375,6.25,0.86,10.125,0.2949,10.0,5.0,9.5,1.319,3.667
Pakistan,1951,0,0,4.875,6.875,0.709,12.062,0.3404,12.0,5.0,12.5,1.159,1.7
Pakistan,1952,0,0,4.875,6.875,0.709,12.062,0.3404,12.0,5.0,12.5,1.159,1.7
Pakistan,1953,0,0,4.875,6.875,0.709,12.062,0.3404,12.0,5.0,12.5,1.159,1.7
Pakistan,1954,0,0,4.875,6.875,0.709,12.062,0.3404,12.0,5.0,12.5,1.159,1.7
Pakistan,1955,1,0,4.875,6.875,0.709,12.062,0.3404,12.0,5.0,12.5,1.159,1.7
Pakistan,1956,1,0,4.875,6.875,0.709,12.062,0.3404,12.0,5.0,12.5,1.159,1.7
Pakistan,1957,1,0,4.875,6.875,0.709,12.062,0.3404,12.0,5.0,12.5,1.159,1.7
Pakistan,1958,0,1,4.5,7.5,0.6,13.438,0.3677,15.0,4.0,15.0,1.19,2.567
Pakistan,1959,0,0,4.5,7.5,0.6,13.438,0.3677,15.0,4.0,15.0,1.19,2.567
Pakistan,1960,0,0,4.5,7.5,0.6,13.438,0.3677,15.0,4.0,15.0,1.19,2.567
Pakistan,1961,0,0,4.5,7.5,0.6,13.438,0.3677,15.0,4.0,15.0,1.19,2.567
Pakistan,1962,0,0,4.5,7.5,0.6,13.438,0.3677,15.0,4.0,15.0,1.19,2.567
Pakistan,1963,0,0,4.5,7.5,0.6,13.438,0.3677,15.0,4.0,15.0,1.19,2.567
Pakistan,1964,0,0,4.5,7.5,0.6,13.438,0.3677,15.0,4.0,15.0,1.19,2.567
Pakistan,1965,0,0,5.375,7.5,0.717,12.562,0.3256,14.0,5.0,14.0,1.2,2.767
Pakistan,1966,0,0,5.375,7.5,0.717,12.562,0.3256,14.0,5.0,14.0,1.2,2.767
Pakistan,1967,0,0,5.375,7.5,0.717,12.562,0.3256,14.0,5.0,14.0,1.2,2.767
Pakistan,1968,1,0,6.0,7.0,0.857,10.938,0.2851,11.0,6.0,11.0,1.0,0.167
Pakistan,1969,1,0,6.0,7.0,0.857,10.938,0.2851,11.0,6.0,11.0,1.0,0.167
Pakistan,1970,1,0,6.0,7.0,0.857,10.938,0.2851,11.0,6.0,11.0,1.0,0.167
Pakistan,1971,0,1,7.0,7.0,1.0,9.938,0.2482,10.0,7.0,10.0,1.0,0.167
Pakistan,1972,0,0,8.0,6.0,1.333,6.438,0.1831,6.5,8.0,6.5,1.0,0.167
Pakistan,1973,0,0,8.0,6.0,1.333,6.438,0.1831,6.5,8.0,6.5,1.0,0.167
Pakistan,1974,1,0,8.0,6.0,1.333,6.438,0.1831,6.5,8.0,6.5,1.0,0.167
Pakistan,1975,1,0,8.0,6.0,1.333,6.438,0.1831,6.5,8.0,6.5,1.0,0.167
Pakistan,1976,1,0,7.0,7.0,1.0,9.438,0.233,9.5,7.0,9.5,1.0,0.167
Pakistan,1977,0,1,7.0,7.0,1.0,9.438,0.233,9.5,7.0,9.5,1.0,0.167
Pakistan,1978,0,0,7.0,7.0,1.0,9.438,0.233,9.5,7.0,9.5,1.0,0.167
Pakistan,1979,0,0,7.0,7.0,1.0,9.438,0.233,9.5,7.0,9.5,1.0,0.167
Pakistan,1980,0,0,7.0,7.0,1.0,9.438,0.233,9.5,7.0,9.5,1.0,0.167
Pakistan,1981,0,0,7.0,7.0,1.0,9.438,0.233,9.5,7.0,9.5,1.0,0.167
Pakistan,1982,0,0,7.0,7.0,1.0,9.438,0.233,9.5,7.0,9.5,1.0,0.167
Pakistan,1983,0,0,7.0,7.0,1.0,9.438,0.233,9.5,7.0,9.5,1.0,0.167
Pakistan,1984,0,0,7.0,7.0,1.0,9.438,0.233,9.5,7.0,9.5,1.0,0.167
Pakistan,1985,0,0,7.0,7.0,1.0,9.438,0.233,9.5,7.0,9.5,1.0,0.167
Pakistan,1986,0,0,7.0,7.0,1.0,9.438,0.233,9.5,7.0,9.5,1.0,0.167
Pakistan,1987,0,0,7.0,7.0,1.0,9.438,0.233,9.5,7.0,9.5,1.0,0.167
Pakistan,1988,0,0,7.0,7.0,1.0,9.438,0.233,9.5,7.0,9.5,1.0,0.167
Pakistan,1989,0,0,6.0,7.0,0.857,10.438,0.2677,10.5,6.0,10.5,1.0,0.167
Pakistan,1990,0,0,6.0,7.0,0.857,10.438,0.2677,10.5,6.0,10.5,1.0,0.167
Pakistan,1991,0,0,6.0,7.0,0.857,10.438,0.2677,10.5,6.0,10.5,1.0,0.167
Pakistan,1992,0,0,6.0,7.0,0.857,10.438,0.2677,10.5,6.0,10.5,1.0,0.167
Pakistan,1993,0,0,6.0,7.0,0.857,10.438,0.2677,10.5,6.0,10.5,1.0,0.167
Pakistan,1994,0,0,6.0,7.0,0.857,10.438,0.2677,10.5,6.0,10.5,1.0,0.167
Pakistan,1995,0,0,6.0,7.0,0.857,10.438,0.2677,10.5,6.0,10.5,1.0,0.167
Pakistan,1996,1,0,6.0,7.0,0.857,10.438,0.2677,10.5,6.0,10.5,1.0,0.167
Pakistan,1997,1,0,6.0,7.0,0.857,10.438,0.2677,10.5,6.0,10.5,1.0,0.167
Pakistan,1998,1,0,6.0,7.0,0.857,10.438,0.2677,10.5,6.0,10.5,1.0,0.167
Pakistan,1999,0,1,6.0,7.0,0.857,10.438,0.2677,10.5,6.0,10.5,1.0,0.167
Pakistan,2000,0,0,6.0,7.0,0.857,10.438,0.2677,10.5,6.0,10.5,1.0,0.167
Pakistan,2001,0,0,6.0,7.0,0.857,10.438,0.2677,10.5,6.0,10.5,1.0,0.167
Pakistan,2002,0,0,6.0,7.0,0.857,10.438,0.2677,10.5,6.0,10.5,1.0,0.167
Pakistan,2003,0,0,6.0,7.0,0.857,10.438,0.2677,10.5,6.0,10.5,1.0,0.167
Pakistan,2004,0,0,6.0,7.0,0.857,10.438,0.2677,10.5,6.0,10.5,1.0,0.167
Pakistan,2005,0,0,6.0,7.0,0.857,10.438,0.2677,10.5,6.0,10.5,1.0,0.167
Pakistan,2006,0,0,6.0,7.0,0.857,10.438,0.2677,10.5,6.0,10.5,1.0,0.167
Pakistan,2007,0,0,6.0,7.0,0.857,10.438,0.2677,10.5,6.0,10.5,1.0,0.167
Pakistan,2008,0,0,6.0,7.0,0.857,10.438,0.2677,10.5,6.0,10.5,1.0,0.167
Pakistan,2009,0,0,6.0,7.0,0.857,10.438,0.2677,10.5,6.0,10.5,1.0,0.167
Pakistan,2010,0,0,6.0,7.0,0.857,10.438,0.2677,10.5,6.0,10.5,1.0,0.167
Pakistan,2011,0,0,6.0,7.0,0.857,10.438,0.2677,10.5,6.0,10.5,1.0,0.167
Pakistan,2012,0,0,6.0,7.0,0.857,10.438,0.2677,10.5,6.0,10.5,1.0,0.167
Pakistan,2013,0,0,6.0,7.0,0.857,10.438,0.2677,10.5,6.0,10.5,1.0,0.167
Pakistan,2014,0,0,6.0,7.0,0.857,10.438,0.2677,10.5,6.0,10.5,1.0,0.167
Pakistan,2015,0,0,6.0,7.0,0.857,10.438,0.2677,10.5,6.0,10.5,1.0,0.167
Pakistan,2016,0,0,6.0,7.0,0.857,10.438,0.2677,10.5,6.0,10.5,1.0,0.167
Pakistan,2017,0,0,6.0,7.0,0.857,10.438,0.2677,10.5,6.0,10.5,1.0,0.167
Pakistan,2018,0,0,6.0,7.0,0.857,10.438,0.2677,10.5,6.0,10.5,1.0,0.167
Pakistan,2019,0,0,6.0,7.0,0.857,10.438,0.2677,10.5,6.0,10.5,1.0,0.167
Pakistan,2020,0,0,6.0,7.0,0.857,10.438,0.2677,10.5,6.0,10.5,1.0,0.167
Pakistan,2021,0,0,6.0,7.0,0.857,10.438,0.2677,10.5,6.0,10.5,1.0,0.167
Pakistan,2022,0,0,6.0,7.0,0.857,10.438,0.2677,10.5,6.0,10.5,1.0,0.167
Pakistan,2023,0,0,6.0,7.0,0.857,10.438,0.2677,10.5,6.0,10.5,1.0,0.167
Pakistan,2024,0,0,6.0,7.0,0.857,10.438,0.2677,10.5,6.0,10.5,1.0,0.167
Palestine,1945,1,0,7.5,4.375,1.714,3.438,0.1543,6.0,7.0,2.5,0.965,1.5
Palestine,1946,1,0,7.5,4.875,1.538,4.0,0.156,6.0,7.0,5.0,1.036,1.867
Palestine,1947,1,0,6.5,5.875,1.106,7.5,0.2204,9.5,6.0,8.5,1.042,1.867
Palestine,1948,0,1,5.75,6.75,0.852,10.312,0.2798,12.5,5.0,11.5,1.071,1.3
Palestine,1949,0,0,5.625,6.625,0.849,10.5,0.29,12.5,5.0,11.5,1.111,2.667
Palestine,1950,0,0,5.625,6.625,0.849,10.5,0.29,12.5,5.0,11.5,1.111,2.667
Palestine,1951,0,0,5.625,6.625,0.849,10.5,0.29,12.5,5.0,11.5,1.111,2.667
Palestine,1952,0,0,5.625,6.625,0.849,10.5,0.29,12.5,5.0,11.5,1.111,2.667
Palestine,1953,0,0,5.625,6.625,0.849,10.5,0.29,12.5,5.0,11.5,1.111,2.667
Palestine,1954,0,0,5.625,6.625,0.849,10.5,0.29,12.5,5.0,11.5,1.111,2.667
Palestine,1955,0,0,5.625,6.625,0.849,10.5,0.29,12.5,5.0,11.5,1.111,2.667
Palestine,1956,0,0,5.625,6.625,0.849,10.5,0.29,12.5,5.0,11.5,1.111,2.667
Palestine,1957,0,0,5.625,6.625,0.849,10.5,0.29,12.5,5.0,11.5,1.111,2.667
Palestine,1958,0,0,5.625,6.625,0.849,10.5,0.29,12.5,5.0,11.5,1.111,2.667
Palestine,1959,0,0,5.625,6.625,0.849,10.5,0.29,12.5,5.0,11.5,1.111,2.667
Palestine,1960,0,0,5.625,6.625,0.849,10.5,0.29,12.5,5.0,11.5,1.111,2.667
Palestine,1961,0,0,5.625,6.625,0.849,10.5,0.29,12.5,5.0,11.5,1.111,2.667
Palestine,1962,0,0,5.625,6.625,0.849,10.5,0.29,12.5,5.0,11.5,1.111,2.667
Palestine,1963,0,0,5.625,6.625,0.849,10.5,0.29,12.5,5.0,11.5,1.111,2.667
Palestine,1964,1,0,5.625,6.625,0.849,10.5,0.29,12.5,5.0,11.5,1.111,2.667
Palestine,1965,1,0,5.625,6.625,0.849,10.5,0.29,12.5,5.0,11.5,1.111,2.667
Palestine,1966,1,0,5.625,6.625,0.849,10.5,0.29,12.5,5.0,11.5,1.111,2.667
Palestine,1967,0,1,5.625,6.625,0.849,10.5,0.29,12.5,5.0,11.5,1.111,2.667
Palestine,1968,0,0,5.625,6.625,0.849,10.5,0.29,12.5,5.0,11.5,1.111,2.667
Palestine,1969,0,0,5.625,6.625,0.849,10.5,0.29,12.5,5.0,11.5,1.111,2.667
Palestine,1970,0,0,5.625,6.625,0.849,10.5,0.29,12.5,5.0,11.5,1.111,2.667
Palestine,1971,0,0,5.625,6.625,0.849,10.5,0.29,12.5,5.0,11.5,1.111,2.667
Palestine,1972,0,0,5.625,6.625,0.849,10.5,0.29,12.5,5.0,11.5,1.111,2.667
Palestine,1973,0,0,6.625,5.625,1.178,7.0,0.2124,9.0,6.0,8.0,1.094,2.667
Palestine,1974,0,0,6.625,5.625,1.178,7.0,0.2124,9.0,6.0,8.0,1.094,2.667
Palestine,1975,0,0,6.625,5.625,1.178,7.0,0.2124,9.0,6.0,8.0,1.094,2.667
Palestine,1976,0,0,7.0,6.0,1.167,7.875,0.2235,8.0,7.0,8.0,1.0,0.067
Palestine,1977,0,0,7.0,6.0,1.167,7.875,0.2235,8.0,7.0,8.0,1.0,0.067
Palestine,1978,0,0,7.0,6.0,1.167,7.875,0.2235,8.0,7.0,8.0,1.0,0.067
Palestine,1979,0,0,7.0,6.0,1.167,7.875,0.2235,8.0,7.0,8.0,1.0,0.067
Palestine,1980,0,0,7.0,6.0,1.167,7.875,0.2235,8.0,7.0,8.0,1.0,0.067
Palestine,1981,0,0,7.0,6.0,1.167,7.875,0.2235,8.0,7.0,8.0,1.0,0.067
Palestine,1982,0,0,7.0,6.0,1.167,7.875,0.2235,8.0,7.0,8.0,1.0,0.067
Palestine,1983,0,0,7.0,6.0,1.167,7.875,0.2235,8.0,7.0,8.0,1.0,0.067
Palestine,1984,0,0,7.0,6.0,1.167,7.875,0.2235,8.0,7.0,8.0,1.0,0.067
Palestine,1985,0,0,7.0,6.0,1.167,7.875,0.2235,8.0,7.0,8.0,1.0,0.067
Palestine,1986,0,0,7.0,6.0,1.167,7.875,0.2235,8.0,7.0,8.0,1.0,0.067
Palestine,1987,0,0,7.0,6.0,1.167,7.875,0.2235,8.0,7.0,8.0,1.0,0.067
Palestine,1988,0,0,7.0,6.0,1.167,7.875,0.2235,8.0,7.0,8.0,1.0,0.067
Palestine,1989,0,0,7.0,6.0,1.167,7.875,0.2235,8.0,7.0,8.0,1.0,0.067
Palestine,1990,0,0,7.0,6.0,1.167,7.875,0.2235,8.0,7.0,8.0,1.0,0.067
Palestine,1991,0,0,7.0,6.0,1.167,7.875,0.2235,8.0,7.0,8.0,1.0,0.067
Palestine,1992,0,0,7.0,6.0,1.167,7.875,0.2235,8.0,7.0,8.0,1.0,0.067
Palestine,1993,0,0,7.0,6.0,1.167,7.875,0.2235,8.0,7.0,8.0,1.0,0.067
Palestine,1994,0,0,7.0,6.0,1.167,7.875,0.2235,8.0,7.0,8.0,1.0,0.067
Palestine,1995,0,0,7.0,6.0,1.167,7.875,0.2235,8.0,7.0,8.0,1.0,0.067
Palestine,1996,0,0,7.0,6.0,1.167,7.875,0.2235,8.0,7.0,8.0,1.0,0.067
Palestine,1997,0,0,7.0,6.0,1.167,7.875,0.2235,8.0,7.0,8.0,1.0,0.067
Palestine,1998,0,0,7.0,6.0,1.167,7.875,0.2235,8.0,7.0,8.0,1.0,0.067
Palestine,1999,0,0,7.0,6.0,1.167,7.875,0.2235,8.0,7.0,8.0,1.0,0.067
Palestine,2000,0,0,7.0,6.0,1.167,7.875,0.2235,8.0,7.0,8.0,1.0,0.067
Palestine,2001,0,0,7.0,6.0,1.167,7.875,0.2235,8.0,7.0,8.0,1.0,0.067
Palestine,2002,0,0,7.0,6.0,1.167,7.875,0.2235,8.0,7.0,8.0,1.0,0.067
Palestine,2003,0,0,7.0,6.0,1.167,7.875,0.2235,8.0,7.0,8.0,1.0,0.067
Palestine,2004,1,0,7.0,6.0,1.167,7.875,0.2235,8.0,7.0,8.0,1.0,0.067
Palestine,2005,1,0,7.0,6.0,1.167,7.875,0.2235,8.0,7.0,8.0,1.0,0.067
Palestine,2006,1,0,7.0,6.0,1.167,7.875,0.2235,8.0,7.0,8.0,1.0,0.067
Palestine,2007,0,1,7.0,6.0,1.167,7.875,0.2235,8.0,7.0,8.0,1.0,0.067
Palestine,2008,0,0,7.0,6.0,1.167,7.875,0.2235,8.0,7.0,8.0,1.0,0.067
Palestine,2009,0,0,7.0,6.0,1.167,7.875,0.2235,8.0,7.0,8.0,1.0,0.067
Palestine,2010,0,0,7.0,6.0,1.167,7.875,0.2235,8.0,7.0,8.0,1.0,0.067
Palestine,2011,0,0,7.0,6.0,1.167,7.875,0.2235,8.0,7.0,8.0,1.0,0.067
Palestine,2012,0,0,7.0,6.0,1.167,7.875,0.2235,8.0,7.0,8.0,1.0,0.067
Palestine,2013,0,0,7.0,6.0,1.167,7.875,0.2235,8.0,7.0,8.0,1.0,0.067
Palestine,2014,0,0,7.0,6.0,1.167,7.875,0.2235,8.0,7.0,8.0,1.0,0.067
Palestine,2015,0,0,7.0,6.0,1.167,7.875,0.2235,8.0,7.0,8.0,1.0,0.067
Palestine,2016,0,0,7.0,6.0,1.167,7.875,0.2235,8.0,7.0,8.0,1.0,0.067
Palestine,2017,0,0,7.0,6.0,1.167,7.875,0.2235,8.0,7.0,8.0,1.0,0.067
Palestine,2018,0,0,7.0,6.0,1.167,7.875,0.2235,8.0,7.0,8.0,1.0,0.067
Palestine,2019,0,0,7.0,6.0,1.167,7.875,0.2235,8.0,7.0,8.0,1.0,0.067
Palestine,2020,0,0,7.0,6.0,1.167,7.875,0.2235,8.0,7.0,8.0,1.0,0.067
Palestine,2021,0,0,7.0,6.0,1.167,7.875,0.2235,8.0,7.0,8.0,1.0,0.067
Palestine,2022,0,0,7.0,6.0,1.167,7.875,0.2235,8.0,7.0,8.0,1.0,0.067
Palestine,2023,0,0,7.0,6.0,1.167,7.875,0.2235,8.0,7.0,8.0,1.0,0.067
Palestine,2024,0,0,7.0,6.0,1.167,7.875,0.2235,8.0,7.0,8.0,1.0,0.067
Palestine,2025,0,0,7.0,6.0,1.167,7.875,0.2235,8.0,7.0,8.0,1.0,0.067
Philippines,1900,0,0,8.875,4.875,1.821,2.062,0.1203,2.5,8.0,5.0,1.085,4.9
Philippines,1901,0,0,7.75,5.5,1.409,5.062,0.1682,6.0,7.0,7.5,1.053,4.9
Philippines,1902,0,0,7.125,5.625,1.267,6.25,0.1961,8.5,6.0,9.5,1.127,6.0
Philippines,1903,0,0,6.25,6.0,1.042,8.0,0.2358,12.0,5.0,10.5,1.111,4.8
Philippines,1904,0,0,5.375,6.5,0.827,10.0,0.2856,13.0,4.0,11.5,1.2,4.533
Philippines,1905,0,0,4.625,6.625,0.698,11.125,0.3241,14.0,4.0,13.5,1.27,4.2
Philippines,1906,0,0,4.25,6.75,0.63,12.0,0.3531,14.0,4.0,15.0,1.167,3.2
Philippines,1907,0,0,4.125,6.875,0.6,12.812,0.3779,14.0,4.0,16.0,1.083,2.9
Philippines,1908,0,0,4.125,7.125,0.579,13.188,0.3842,14.0,4.0,16.0,1.083,2.967
Philippines,1909,0,0,3.875,7.125,0.544,13.688,0.4073,14.0,4.0,16.0,1.053,2.7
Philippines,1910,0,0,3.875,7.25,0.534,13.938,0.4117,14.0,4.0,16.0,1.053,2.033
Philippines,1911,0,0,3.75,7.375,0.508,14.188,0.4177,14.0,4.0,16.0,0.965,1.367
Philippines,1912,0,0,3.75,7.375,0.508,14.188,0.4177,14.0,4.0,16.0,0.965,1.367
Philippines,1913,0,0,4.25,7.125,0.596,13.188,0.3808,11.0,5.0,13.0,0.909,0.3
Philippines,1914,0,0,4.625,6.75,0.685,12.25,0.3551,8.5,6.0,14.0,0.903,0.4
Philippines,1915,0,0,4.375,7.0,0.625,13.0,0.3759,8.5,6.0,14.0,0.87,0.0
Philippines,1916,0,0,3.5,7.5,0.467,14.938,0.4469,13.0,4.0,18.0,1.078,2.033
Philippines,1917,0,0,3.375,8.0,0.422,15.938,0.4684,14.0,4.0,18.0,0.98,0.967
Philippines,1918,0,0,5.375,7.5,0.717,12.688,0.3391,13.0,5.0,15.0,1.319,4.3
Philippines,1919,0,0,5.25,6.75,0.778,11.438,0.323,14.0,4.0,12.0,1.25,3.9
Philippines,1920,0,0,6.625,5.75,1.152,8.188,0.2486,10.0,6.0,6.0,1.094,2.967
Philippines,1921,0,0,6.125,5.875,1.043,8.812,0.2655,11.0,6.0,6.0,1.056,2.9
Philippines,1922,0,0,5.625,6.375,0.882,10.188,0.293,13.0,5.0,9.0,1.111,3.5
Philippines,1923,0,0,5.5,6.625,0.83,10.438,0.2951,13.0,5.0,6.0,1.049,2.3
Philippines,1924,0,0,5.0,7.0,0.714,11.562,0.326,14.0,4.0,10.0,1.232,4.1
Philippines,1925,0,0,4.125,7.0,0.589,12.938,0.3822,14.0,4.0,12.0,1.083,2.567
Philippines,1926,0,0,4.0,7.125,0.561,13.312,0.3931,14.0,4.0,13.0,1.14,2.1
Philippines,1927,0,0,4.0,7.375,0.542,13.688,0.3973,14.0,4.0,14.0,1.14,2.167
Philippines,1928,0,0,4.0,7.5,0.533,13.812,0.3973,14.0,4.0,15.0,1.14,2.367
Philippines,1929,0,0,4.5,7.25,0.621,12.812,0.3615,14.0,4.0,15.0,1.19,2.9
Philippines,1930,0,0,5.25,6.625,0.792,11.062,0.3178,14.0,4.0,15.0,1.377,5.433
Philippines,1931,0,0,5.875,6.5,0.904,9.938,0.2833,14.0,4.0,14.0,1.346,6.3
Philippines,1932,0,0,5.875,6.375,0.922,9.812,0.2833,14.0,4.0,14.0,1.346,6.1
Philippines,1933,0,0,5.625,6.625,0.849,10.562,0.2985,14.0,4.0,14.0,1.333,5.7
Philippines,1934,0,0,5.125,6.875,0.745,11.75,0.3332,16.0,4.0,16.5,1.439,6.533
Philippines,1935,0,0,5.25,7.0,0.75,12.125,0.34,16.0,4.0,17.5,1.377,7.667
Philippines,1936,0,0,4.75,6.5,0.731,12.125,0.3625,15.0,4.0,17.5,1.349,5.533
Philippines,1937,0,0,4.25,7.0,0.607,13.625,0.4048,15.0,4.0,17.5,1.167,3.133
Philippines,1938,0,0,4.75,7.0,0.679,12.625,0.3624,15.0,4.0,15.5,1.212,3.667
Philippines,1939,0,0,4.875,6.875,0.709,12.5,0.3581,15.0,4.0,15.5,1.159,3.467
Philippines,1940,0,0,5.875,6.875,0.855,11.125,0.3009,13.0,5.0,14.5,1.034,2.867
Philippines,1941,0,0,8.375,6.125,1.367,7.375,0.2033,8.0,8.0,9.5,1.057,2.733
Philippines,1942,0,0,9.25,3.0,3.083,-0.938,0.1027,-0.5,9.0,-4.0,1.014,0.633
Philippines,1943,0,0,8.75,3.75,2.333,1.125,0.1243,2.5,8.0,0.5,1.047,1.8
Philippines,1944,0,0,9.625,2.875,3.348,-1.375,0.0974,-0.5,9.0,-2.5,1.064,3.933
Philippines,1945,0,0,8.375,3.375,2.481,2.188,0.1528,-0.5,9.0,4.0,1.057,3.233
Philippines,1946,0,0,7.25,4.5,1.611,5.5,0.2034,5.0,7.0,7.5,1.095,3.2
Philippines,1947,0,0,7.0,5.125,1.366,6.75,0.2213,8.5,6.0,7.5,1.078,2.533
Philippines,1948,0,0,7.0,5.25,1.333,6.75,0.2186,8.5,6.0,5.5,1.0,1.467
Philippines,1949,0,0,7.625,5.25,1.452,5.562,0.1869,7.5,7.0,3.0,1.009,1.7
Philippines,1950,0,0,7.5,5.625,1.333,6.5,0.2006,8.5,7.0,6.5,1.036,2.4
Philippines,1951,0,0,6.875,6.0,1.146,8.0,0.2298,9.5,6.0,8.5,1.111,2.667
Philippines,1952,0,0,5.875,6.375,0.922,10.062,0.2838,11.5,5.0,11.5,1.131,3.567
Philippines,1953,0,0,5.375,7.0,0.768,11.688,0.3188,12.5,5.0,15.0,1.09,3.5
Philippines,1954,0,0,4.375,7.25,0.603,13.938,0.4005,15.0,4.0,17.0,1.111,3.367
Philippines,1955,0,0,4.125,7.5,0.55,14.438,0.4142,15.0,4.0,17.0,1.083,3.1
Philippines,1956,0,0,4.125,7.625,0.541,14.812,0.4228,15.0,4.0,17.0,1.083,2.633
Philippines,1957,0,0,4.875,7.375,0.661,13.438,0.3699,14.0,5.0,12.0,1.042,1.5
Philippines,1958,0,0,5.125,7.25,0.707,12.688,0.3472,13.0,5.0,11.0,1.181,3.5
Philippines,1959,0,0,5.375,7.0,0.768,12.062,0.333,13.0,5.0,10.0,1.2,4.633
Philippines,1960,0,0,5.75,6.875,0.836,11.188,0.3058,13.0,5.0,10.0,1.173,4.3
Philippines,1961,0,0,6.0,6.875,0.873,10.812,0.2926,13.0,5.0,9.0,1.296,4.767
Philippines,1962,0,0,5.75,7.125,0.807,11.688,0.3136,13.0,5.0,13.0,1.282,4.567
Philippines,1963,0,0,5.875,6.875,0.855,11.062,0.3013,13.0,5.0,9.0,1.235,4.1
Philippines,1964,0,0,6.0,6.875,0.873,10.812,0.2931,13.0,5.0,9.0,1.296,4.767
Philippines,1965,0,0,6.0,6.75,0.889,10.688,0.2931,13.0,5.0,9.0,1.296,5.1
Philippines,1966,0,0,5.25,7.25,0.724,12.312,0.3341,13.0,5.0,14.0,1.25,4.5
Philippines,1967,0,0,5.125,7.375,0.695,13.062,0.3538,13.0,5.0,15.0,1.181,4.1
Philippines,1968,0,0,5.5,7.5,0.733,12.688,0.3335,13.0,5.0,15.0,1.267,4.033
Philippines,1969,1,0,6.25,7.625,0.82,11.438,0.2866,13.0,5.0,13.0,1.31,4.7
Philippines,1970,1,0,7.625,6.875,1.109,8.188,0.2119,12.0,6.0,8.0,1.157,4.3
Philippines,1971,1,0,8.25,6.625,1.245,6.812,0.1842,9.0,7.0,6.0,1.016,2.633
Philippines,1972,0,1,8.875,5.75,1.543,4.5,0.1534,4.5,9.0,4.0,0.963,1.6
Philippines,1973,0,0,5.5,7.0,0.786,11.625,0.3197,11.5,5.0,20.0,1.389,5.533
Philippines,1974,0,0,6.625,7.0,0.946,10.25,0.2691,12.5,5.0,19.0,1.605,8.133
Philippines,1975,0,0,6.0,7.125,0.842,11.25,0.2964,12.5,5.0,19.0,1.41,7.067
Philippines,1976,0,0,5.875,7.125,0.825,11.25,0.2956,12.5,5.0,16.0,1.235,4.933
Philippines,1977,0,0,5.875,7.125,0.825,11.25,0.2956,12.5,5.0,16.0,1.235,4.933
Philippines,1978,0,0,6.0,7.25,0.828,11.25,0.2906,12.5,5.0,16.0,1.296,4.933
Philippines,1979,0,0,6.375,7.25,0.879,10.625,0.2693,12.5,5.0,14.0,1.264,5.0
Philippines,1980,0,0,6.625,7.125,0.93,10.0,0.2542,12.5,5.0,14.0,1.278,5.067
Philippines,1981,0,0,7.0,6.375,1.098,8.375,0.2299,9.5,6.0,13.0,1.25,5.667
Philippines,1982,0,0,7.25,6.375,1.137,8.0,0.2199,9.5,6.0,11.0,1.263,5.6
Philippines,1983,1,0,8.0,5.5,1.455,5.438,0.1798,6.5,7.0,8.0,1.216,6.833
Philippines,1984,1,0,8.75,4.875,1.795,3.688,0.1554,5.5,8.0,5.0,1.179,7.767
Philippines,1985,1,0,8.625,4.5,1.917,3.188,0.1546,3.5,8.0,4.0,1.208,8.033
Philippines,1986,0,1,8.25,5.5,1.5,5.062,0.1747,0.5,9.0,0.0,0.952,0.633
Philippines,1987,0,0,7.375,6.25,1.18,7.562,0.2148,6.5,7.0,5.0,0.991,1.967
Philippines,1988,0,0,6.375,6.75,0.944,9.812,0.2641,9.5,6.0,9.0,0.99,2.367
Philippines,1989,0,0,7.625,6.625,1.151,7.938,0.2128,8.5,7.0,6.0,0.94,0.967
Philippines,1990,0,0,7.375,6.25,1.18,7.562,0.2142,9.5,6.0,7.0,1.143,4.1
Philippines,1991,0,0,8.5,4.875,1.744,4.375,0.1706,5.5,8.0,6.0,1.167,4.067
Philippines,1992,0,0,7.5,5.375,1.395,6.25,0.2025,6.5,7.0,9.0,1.19,4.933
Philippines,1993,0,0,6.25,6.125,1.02,9.25,0.2659,9.5,6.0,12.0,1.207,4.4
Philippines,1994,0,0,5.5,6.875,0.8,11.375,0.3127,10.5,5.0,15.0,1.267,4.067
Philippines,1995,0,0,6.0,6.875,0.873,10.5,0.2825,10.5,5.0,13.0,1.19,3.733
Philippines,1996,0,0,5.125,7.25,0.707,12.75,0.3482,12.5,5.0,15.0,1.181,3.6
Philippines,1997,0,0,6.25,7.0,0.893,10.5,0.2768,12.5,5.0,13.0,1.207,4.267
Philippines,1998,0,0,6.5,6.375,1.02,9.062,0.2537,9.5,6.0,10.5,1.222,4.1
Philippines,1999,0,0,6.75,6.375,1.059,8.438,0.2357,9.5,6.0,8.5,1.146,3.633
Philippines,2000,0,0,7.875,5.75,1.37,5.812,0.1839,6.5,7.0,3.5,1.096,4.233
Philippines,2001,0,0,8.125,5.5,1.477,5.562,0.182,5.5,8.0,3.5,1.111,4.367
Philippines,2002,0,0,6.75,6.125,1.102,8.25,0.2362,9.5,6.0,11.0,1.146,4.4
Philippines,2003,0,0,7.0,6.125,1.143,7.875,0.2252,9.5,6.0,10.0,1.078,3.8
Philippines,2004,0,0,6.875,6.125,1.122,8.125,0.2323,9.5,6.0,11.0,1.198,4.733
Philippines,2005,0,0,7.75,6.0,1.292,6.5,0.1925,8.5,7.0,5.0,0.983,2.133
Philippines,2006,0,0,7.25,6.25,1.16,7.375,0.2094,9.5,6.0,6.0,1.019,1.933
Philippines,2007,0,0,7.25,6.375,1.137,7.5,0.2094,9.5,6.0,6.0,1.019,2.133
Philippines,2008,0,0,7.75,6.125,1.265,6.625,0.1937,9.5,6.0,6.0,1.204,3.933
Philippines,2009,0,0,7.75,6.0,1.292,6.5,0.1937,9.5,6.0,3.0,1.126,3.2
Philippines,2010,0,0,6.125,6.75,0.907,10.375,0.2804,9.5,6.0,14.0,1.25,5.133
Philippines,2011,0,0,5.625,7.125,0.789,11.688,0.313,13.0,5.0,14.0,1.218,4.567
Philippines,2012,0,0,5.5,7.375,0.746,12.062,0.3187,13.0,5.0,15.0,1.154,4.1
Philippines,2013,0,0,6.25,7.625,0.82,11.562,0.2883,12.0,6.0,13.0,1.111,3.3
Philippines,2014,0,0,5.625,7.75,0.726,12.438,0.3164,15.0,5.0,13.0,1.111,3.633
Philippines,2015,0,0,6.625,7.625,0.869,10.688,0.2623,13.0,6.0,8.0,0.857,0.833
Philippines,2016,0,0,6.25,7.75,0.806,11.812,0.2906,13.0,6.0,14.0,0.938,2.1
Poland,1900,0,0,5.95,3.975,1.497,4.65,0.1957,8.5,5.0,-0.5,0.892,-1.52
Poland,1901,0,0,5.95,3.975,1.497,4.65,0.1957,8.5,5.0,-0.5,0.892,-1.52
Poland,1902,0,0,5.95,3.975,1.497,4.65,0.1957,8.5,5.0,-0.5,0.892,-1.52
Poland,1903,0,0,5.95,3.975,1.497,4.65,0.1957,8.5,5.0,-0.5,0.892,-1.52
Poland,1904,0,0,5.95,3.975,1.497,4.65,0.1957,8.5,5.0,-0.5,0.892,-1.52
Poland,1905,0,0,7.125,3.95,1.804,3.838,0.176,7.5,6.0,0.4,0.972,-0.527
Poland,1906,0,0,6.225,3.95,1.576,4.725,0.1985,7.5,6.0,1.4,0.943,-0.707
Poland,1907,0,0,6.225,3.95,1.576,4.725,0.1985,7.5,6.0,1.4,0.943,-0.707
Poland,1908,0,0,6.225,3.95,1.576,4.725,0.1985,7.5,6.0,1.4,0.943,-0.707
Poland,1909,0,0,6.225,3.95,1.576,4.725,0.1985,7.5,6.0,1.4,0.943,-0.707
Poland,1910,0,0,6.225,3.95,1.576,4.725,0.1985,7.5,6.0,1.4,0.943,-0.707
Poland,1911,0,0,6.225,3.95,1.576,4.725,0.1985,7.5,6.0,1.4,0.943,-0.707
Poland,1912,0,0,6.225,4.0,1.556,4.912,0.2029,7.5,6.0,1.0,0.943,-0.407
Poland,1913,0,0,6.225,4.125,1.509,5.088,0.2047,7.5,6.0,2.0,0.943,-0.127
Poland,1914,0,0,7.675,3.825,2.007,2.975,0.1597,6.3,7.0,0.6,1.026,1.453
Poland,1915,0,0,8.5,3.5,2.429,1.25,0.1306,3.0,8.0,0.0,1.032,1.733
Poland,1916,0,0,8.5,3.5,2.429,1.388,0.1331,3.0,8.0,1.1,1.032,1.953
Poland,1917,0,0,7.5,3.65,2.055,3.462,0.1737,5.0,7.0,4.5,1.036,2.607
Poland,1918,0,0,7.425,3.775,1.967,4.312,0.1908,5.7,6.8,6.0,1.038,3.22
Poland,1919,0,0,6.55,4.5,1.456,5.662,0.2079,7.0,6.0,7.5,1.029,2.82
Poland,1920,0,0,7.55,4.75,1.589,5.325,0.1895,6.0,7.0,8.5,1.025,3.453
Poland,1921,0,0,5.725,5.075,1.128,7.6,0.249,8.0,5.0,8.5,1.079,2.827
Poland,1922,0,0,5.325,4.85,1.098,7.775,0.2632,8.0,5.0,8.7,1.003,2.04
Poland,1923,0,0,5.5,4.75,1.158,7.062,0.2449,8.0,5.0,7.0,1.049,1.433
Poland,1924,0,0,5.125,4.875,1.051,7.562,0.2573,8.0,5.0,7.0,0.962,1.167
Poland,1925,0,0,5.0,5.0,1.0,7.812,0.2617,8.0,5.0,8.0,1.0,1.567
Poland,1926,0,0,5.125,5.0,1.025,7.688,0.2573,8.0,5.0,7.0,0.962,1.367
Poland,1927,0,0,5.0,5.05,0.99,7.988,0.2653,8.0,5.0,9.0,1.0,1.633
Poland,1928,0,0,5.0,5.175,0.966,8.113,0.2653,8.2,5.0,9.0,1.0,1.407
Poland,1929,0,0,5.375,5.0,1.075,7.562,0.2527,8.0,5.0,9.0,1.09,2.233
Poland,1930,0,0,5.575,5.0,1.115,7.362,0.2457,8.0,5.0,8.4,1.128,2.447
Poland,1931,0,0,6.0,4.75,1.263,6.312,0.2229,8.0,5.0,7.0,1.19,2.9
Poland,1932,0,0,6.0,4.75,1.263,6.312,0.2229,8.0,5.0,7.0,1.19,2.9
Poland,1933,0,0,5.625,4.85,1.16,6.862,0.2358,8.0,5.0,7.0,1.111,1.967
Poland,1934,0,0,5.325,4.95,1.076,7.412,0.2501,8.0,5.0,8.0,1.085,1.887
Poland,1935,0,0,5.1,5.0,1.02,7.638,0.2561,8.0,5.0,8.0,0.969,1.287
Poland,1936,1,0,5.225,5.0,1.045,7.562,0.2531,8.0,5.0,8.0,0.972,1.38
Poland,1937,1,0,5.625,5.0,1.125,7.062,0.237,8.0,5.0,7.0,1.012,1.433
Poland,1938,1,0,6.475,5.025,1.289,6.238,0.2104,7.0,6.0,6.0,0.982,1.287
Poland,1939,0,1,9.85,4.0,2.462,1.025,0.1192,1.2,9.8,2.5,1.025,2.973
Poland,1940,0,0,10.0,2.875,3.478,-1.188,0.1006,-1.0,10.0,0.5,1.0,2.633
Poland,1941,0,0,10.0,2.875,3.478,-1.188,0.1006,-1.0,10.0,0.5,1.0,2.633
Poland,1942,0,0,10.0,2.875,3.478,-1.062,0.1023,-1.0,10.0,0.5,1.0,2.833
Poland,1943,0,0,10.0,3.0,3.333,-0.75,0.1049,-1.0,10.0,2.5,1.0,3.333
Poland,1944,0,0,10.0,3.125,3.2,-0.512,0.1066,-1.0,10.0,3.0,1.0,3.713
Poland,1945,0,0,9.8,2.375,4.126,-1.612,0.101,-2.5,10.0,0.5,0.978,2.22
Poland,1946,0,0,7.35,3.375,2.178,2.488,0.1564,2.5,7.0,4.0,1.056,2.22
Poland,1947,0,0,6.625,4.25,1.559,4.65,0.1889,4.5,6.0,6.0,1.01,1.2
Poland,1948,0,0,5.975,4.25,1.406,5.65,0.2156,5.1,6.0,8.0,1.007,1.307
Poland,1949,0,0,5.125,4.375,1.171,6.7,0.243,6.5,5.0,8.5,0.962,0.8
Poland,1950,0,0,5.0,4.875,1.026,7.55,0.2542,7.5,5.0,8.5,1.0,0.667
Poland,1951,0,0,5.0,4.875,1.026,7.55,0.2542,7.5,5.0,8.5,1.0,0.667
Poland,1952,0,0,5.0,4.875,1.026,7.55,0.2542,7.5,5.0,8.5,1.0,0.667
Poland,1953,0,0,5.0,4.95,1.01,7.625,0.2542,7.5,5.0,8.5,1.0,0.573
Poland,1954,0,0,5.0,4.925,1.015,7.6,0.2542,7.5,5.0,8.5,1.0,0.533
Poland,1955,0,0,5.0,5.0,1.0,7.688,0.2547,7.5,5.0,8.5,1.0,0.3
Poland,1956,0,0,6.075,5.0,1.215,6.637,0.2215,7.5,5.0,6.0,1.033,0.54
Poland,1957,0,0,5.0,5.0,1.0,7.688,0.2558,7.5,5.0,8.0,1.0,0.3
Poland,1958,0,0,5.0,5.0,1.0,7.625,0.2534,7.5,5.0,7.5,1.0,0.2
Poland,1959,0,0,5.0,5.0,1.0,7.625,0.2534,7.5,5.0,7.5,1.0,0.2
Poland,1960,0,0,5.0,5.0,1.0,7.625,0.2534,7.5,5.0,7.5,1.0,0.2
Poland,1961,0,0,5.0,5.0,1.0,7.625,0.2534,7.5,5.0,7.5,1.0,0.2
Poland,1962,0,0,5.0,5.0,1.0,7.625,0.2534,7.5,5.0,7.5,1.0,0.2
Poland,1963,0,0,5.0,5.0,1.0,7.625,0.2534,7.5,5.0,7.5,1.0,0.2
Poland,1964,0,0,5.0,5.0,1.0,7.625,0.2534,7.5,5.0,7.5,1.0,0.2
Poland,1965,0,0,5.0,5.0,1.0,7.625,0.2534,7.5,5.0,7.5,1.0,0.2
Poland,1966,0,0,5.0,5.0,1.0,7.625,0.2534,7.5,5.0,7.5,1.0,0.2
Poland,1967,0,0,5.0,5.0,1.0,7.5,0.2499,7.5,5.0,7.5,1.0,0.0
Poland,1968,0,0,5.425,5.0,1.085,7.075,0.2357,7.5,5.0,6.5,0.973,-0.147
Poland,1969,0,0,5.0,5.0,1.0,7.625,0.2534,7.5,5.0,7.5,1.0,0.2
Poland,1970,0,0,5.55,5.05,1.099,7.125,0.2354,7.5,5.0,6.3,1.095,0.573
Poland,1971,0,0,5.0,5.15,0.971,7.775,0.2534,7.5,5.0,7.5,1.0,-0.2
Poland,1972,0,0,5.0,5.15,0.971,7.775,0.2534,7.5,5.0,7.5,1.0,-0.2
Poland,1973,0,0,5.0,5.25,0.952,7.875,0.2534,7.5,5.0,7.5,1.0,-0.467
Poland,1974,0,0,5.0,5.25,0.952,7.875,0.2534,7.5,5.0,7.5,1.0,-0.467
Poland,1975,0,0,5.0,5.25,0.952,7.875,0.2534,7.5,5.0,7.5,1.0,-0.467
Poland,1976,0,0,5.5,5.025,1.095,7.15,0.2369,7.5,5.0,6.5,1.049,0.4
Poland,1977,0,0,5.0,5.125,0.976,7.75,0.2534,7.5,5.0,7.5,1.0,-0.133
Poland,1978,1,0,5.0,5.25,0.952,7.912,0.2548,7.7,5.0,7.5,1.0,0.127
Poland,1979,1,0,5.375,5.25,1.024,7.75,0.2486,8.0,5.0,6.5,1.09,0.933
Poland,1980,1,0,6.25,5.25,1.19,6.938,0.2221,8.0,5.0,4.5,1.111,0.433
Poland,1981,0,1,7.25,5.0,1.45,5.312,0.1851,7.0,6.0,3.5,1.095,1.033
Poland,1982,0,0,6.625,5.0,1.325,5.75,0.1965,6.5,6.0,5.5,1.01,0.933
Poland,1983,0,0,6.0,5.0,1.2,6.375,0.2138,6.5,6.0,6.5,1.0,0.867
Poland,1984,0,0,5.625,5.125,1.098,7.05,0.2308,7.5,5.0,6.5,1.012,0.667
Poland,1985,0,0,5.625,5.125,1.098,7.05,0.2306,7.5,5.0,6.5,1.012,0.88
Poland,1986,1,0,5.625,5.0,1.125,6.875,0.229,7.5,5.0,6.5,1.012,0.6
Poland,1987,1,0,6.275,4.875,1.287,5.962,0.2057,6.5,6.0,6.1,1.104,1.273
Poland,1988,1,0,6.5,4.875,1.333,5.825,0.2031,7.0,6.0,4.6,1.042,0.787
Poland,1989,0,1,6.5,4.875,1.333,6.312,0.2155,7.0,6.0,6.0,1.042,1.033
Poland,1990,0,0,7.0,4.375,1.6,4.925,0.1932,7.0,6.0,5.0,1.162,2.067
Poland,1991,0,0,7.0,4.375,1.6,4.875,0.1921,7.0,6.0,5.0,1.162,2.2
Poland,1992,0,0,6.725,4.625,1.454,5.525,0.202,7.0,6.0,6.2,1.153,1.64
Poland,1993,0,0,5.875,4.975,1.181,6.85,0.2309,8.0,5.0,7.0,1.131,1.733
Poland,1994,0,0,5.45,5.225,1.043,7.675,0.2484,8.0,5.0,7.2,1.045,0.6
Poland,1995,0,0,5.125,5.525,0.928,8.8,0.2746,9.8,5.0,9.0,1.067,0.373
Poland,1996,0,0,5.0,5.725,0.873,9.175,0.2811,10.0,5.0,10.0,1.0,0.227
Poland,1997,0,0,5.0,5.75,0.87,9.238,0.2825,10.0,5.0,10.0,1.0,0.167
Poland,1998,0,0,4.975,5.75,0.865,9.238,0.2825,10.0,5.0,10.0,1.008,0.273
Poland,1999,0,0,4.975,5.75,0.865,9.238,0.2825,10.0,5.0,10.0,1.008,0.273
Poland,2000,0,0,4.975,5.85,0.85,9.375,0.2839,10.0,5.0,10.0,1.008,-0.093
Poland,2001,0,0,4.975,5.85,0.85,9.375,0.2839,10.0,5.0,10.0,1.008,-0.093
Poland,2002,0,0,4.975,5.85,0.85,9.375,0.2839,10.0,5.0,10.0,1.008,-0.093
Poland,2003,0,0,4.875,5.95,0.819,9.575,0.2881,10.0,5.0,10.0,0.954,-0.2
Poland,2004,0,0,4.15,6.1,0.68,10.525,0.3215,11.0,4.0,11.0,1.046,0.04
Poland,2005,0,0,4.175,6.075,0.687,10.475,0.3205,11.0,4.0,11.0,1.062,0.173
Poland,2006,0,0,4.35,6.125,0.71,10.275,0.3103,11.0,4.0,10.0,0.97,-0.467
Poland,2007,0,0,4.125,6.25,0.66,10.675,0.3213,11.0,4.0,10.0,0.952,-0.787
Poland,2008,0,0,4.4,6.25,0.704,10.35,0.3078,11.0,4.0,10.0,1.0,-0.667
Poland,2009,0,0,4.125,6.25,0.66,10.625,0.3199,11.0,4.0,11.0,1.083,-0.333
Poland,2010,0,0,4.275,6.25,0.684,10.475,0.3134,11.0,4.0,10.0,1.022,-0.573
Poland,2011,0,0,4.1,6.25,0.656,10.65,0.3206,11.0,4.0,10.2,0.962,-0.827
Poland,2012,0,0,4.1,6.25,0.656,10.775,0.3251,11.0,4.0,10.2,0.962,-0.627
Poland,2013,0,0,4.1,6.25,0.656,10.775,0.3251,11.0,4.0,10.2,0.962,-0.627
Poland,2014,0,0,4.25,6.25,0.68,10.625,0.3182,11.0,4.0,10.0,0.909,-0.867
Poland,2015,0,0,4.375,6.25,0.7,10.375,0.3092,11.0,4.0,9.0,0.87,-1.267
Poland,2016,0,0,4.875,6.25,0.78,9.625,0.2815,9.0,5.0,8.0,0.741,-2.467
Poland,2017,0,0,4.875,6.25,0.78,9.625,0.2815,9.0,5.0,8.0,0.741,-2.467
Poland,2018,0,0,5.0,6.25,0.8,9.5,0.2768,9.0,5.0,8.0,0.802,-2.133
Poland,2019,0,0,5.0,6.25,0.8,9.5,0.2768,9.0,5.0,8.0,0.802,-2.133
Poland,2020,0,0,5.75,5.875,0.979,8.125,0.2424,9.0,5.0,7.0,0.977,-0.067
Poland,2021,0,0,5.25,6.25,0.84,9.125,0.2629,9.0,5.0,8.0,0.926,-1.667
Poland,2022,0,0,5.65,6.3,0.897,8.9,0.2528,9.0,5.0,7.0,0.844,-1.92
Poland,2023,0,0,4.875,6.375,0.765,9.875,0.2853,10.0,5.0,8.0,0.833,-1.533
Poland,2024,0,0,4.75,6.375,0.745,10.288,0.299,10.0,5.0,10.0,0.867,-0.873
Poland,2025,0,0,4.75,6.375,0.745,10.288,0.299,10.0,5.0,10.0,0.867,-0.873
Russia,1900,0,0,4.75,5.625,0.844,8.25,0.2557,11.5,3.0,4.5,1.087,0.133
Russia,1901,0,0,5.125,5.625,0.911,7.625,0.2357,11.0,3.0,2.5,1.067,-0.333
Russia,1902,1,0,5.5,5.625,0.978,7.125,0.2224,11.0,3.0,0.5,1.049,-0.6
Russia,1903,1,0,5.5,5.625,0.978,7.0,0.2191,11.0,3.0,0.5,1.049,-0.8
Russia,1904,1,0,6.375,5.0,1.275,5.0,0.1818,10.0,3.0,-3.5,0.909,-3.467
Russia,1905,0,1,8.25,4.625,1.784,2.75,0.1343,9.0,3.0,-6.5,1.228,-3.333
Russia,1906,0,0,6.25,5.0,1.25,5.438,0.1885,10.5,3.0,1.5,1.111,-2.233
Russia,1907,0,0,6.125,5.125,1.195,5.5,0.1853,10.0,3.0,4.5,1.149,-2.133
Russia,1908,0,0,6.25,5.25,1.19,5.5,0.1824,10.0,3.0,3.5,1.111,-2.133
Russia,1909,0,0,6.375,5.375,1.186,5.5,0.1797,10.0,3.0,2.5,1.075,-2.133
Russia,1910,0,0,6.125,5.375,1.14,5.938,0.1911,10.0,3.0,4.5,1.056,-1.433
Russia,1911,0,0,6.375,5.375,1.186,5.562,0.1822,10.0,3.0,2.5,1.075,-1.5
Russia,1912,0,0,6.625,5.75,1.152,5.812,0.179,10.0,3.0,0.5,1.094,-2.7
Russia,1913,0,0,6.625,5.75,1.152,5.812,0.179,10.0,3.0,0.5,1.094,-2.7
Russia,1914,1,0,7.0,5.875,1.191,5.688,0.1747,10.0,3.0,0.5,0.926,-3.433
Russia,1915,1,0,7.75,5.25,1.476,3.812,0.1452,10.0,3.0,-3.5,1.126,-3.767
Russia,1916,1,0,8.25,5.125,1.61,2.938,0.1291,10.0,3.0,-5.5,1.228,-3.567
Russia,1917,0,1,9.75,3.875,2.516,-1.188,0.071,-1.0,10.0,-7.5,1.042,-7.5
Russia,1918,0,0,9.875,4.25,2.324,0.75,0.0964,-7.5,10.0,9.0,1.02,-2.267
Russia,1919,0,0,10.0,4.5,2.222,0.875,0.0948,-7.5,10.0,10.0,1.0,-2.067
Russia,1920,0,0,9.0,4.5,2.0,1.875,0.1089,-6.5,9.0,11.0,1.0,-2.067
Russia,1921,0,0,8.625,5.25,1.643,3.812,0.1368,-6.5,10.0,11.5,0.78,-5.9
Russia,1922,0,0,8.5,5.375,1.581,4.312,0.1459,-5.5,10.0,14.5,0.797,-5.1
Russia,1923,0,0,7.75,5.25,1.476,4.938,0.1655,-5.5,10.0,15.5,0.736,-5.7
Russia,1924,0,0,7.75,5.375,1.442,5.125,0.1699,-4.5,10.0,17.0,0.736,-5.4
Russia,1925,0,0,7.625,5.25,1.452,5.312,0.1777,-4.5,10.0,19.5,0.754,-5.1
Russia,1926,0,0,7.75,5.25,1.476,5.188,0.1732,-4.5,10.0,18.5,0.736,-5.3
Russia,1927,0,0,8.25,5.25,1.571,4.625,0.1581,-4.5,10.0,17.0,0.833,-4.6
Russia,1928,0,0,9.0,4.75,1.895,3.0,0.1269,-4.0,10.0,16.5,0.942,-3.467
Russia,1929,0,0,9.625,4.75,2.026,2.375,0.1142,-4.0,10.0,15.5,1.007,-2.867
Russia,1930,0,0,9.75,4.625,2.108,2.125,0.1118,-4.0,10.0,15.5,1.042,-2.2
Russia,1931,0,0,9.75,4.625,2.108,2.125,0.1118,-4.0,10.0,15.5,1.042,-2.2
Russia,1932,0,0,9.75,4.5,2.167,2.0,0.1118,-4.0,10.0,15.5,1.042,-1.867
Russia,1933,0,0,9.75,4.5,2.167,2.0,0.1118,-4.0,10.0,15.5,1.042,-1.867
Russia,1934,0,0,10.0,4.5,2.222,1.625,0.1055,-4.0,10.0,13.5,1.0,-2.467
Russia,1935,0,0,10.0,4.5,2.222,1.5,0.1043,-4.0,10.0,12.5,1.0,-2.667
Russia,1936,0,0,10.0,4.25,2.353,0.875,0.1001,-4.0,10.0,11.5,1.0,-3.667
Russia,1937,0,0,10.0,4.0,2.5,0.25,0.0957,-4.0,10.0,10.5,1.0,-4.667
Russia,1938,0,0,9.875,4.125,2.394,0.75,0.101,-4.0,10.0,12.5,1.02,-3.867
Russia,1939,0,0,9.875,4.25,2.324,0.875,0.101,-4.0,10.0,12.5,1.02,-3.667
Russia,1940,0,0,9.875,4.375,2.257,1.125,0.1025,-4.0,10.0,12.5,1.02,-3.267
Russia,1941,0,0,10.0,3.75,2.667,-0.312,0.0925,-3.5,10.0,5.5,1.0,-6.1
Russia,1942,0,0,10.0,4.0,2.5,0.062,0.0939,-3.5,10.0,7.5,1.0,-5.5
Russia,1943,0,0,9.875,4.375,2.257,1.0,0.1019,-3.5,10.0,10.5,1.02,-4.0
Russia,1944,0,0,9.75,4.75,2.053,1.875,0.1089,-3.5,10.0,13.5,1.042,-2.6
Russia,1945,0,0,8.875,4.875,1.821,3.25,0.1347,-3.0,10.0,17.0,1.151,-0.933
Russia,1946,0,0,9.125,4.875,1.872,3.0,0.1286,-3.0,10.0,16.0,1.163,-0.8
Russia,1947,0,0,9.125,4.875,1.872,3.0,0.1286,-3.0,10.0,16.0,1.163,-0.8
Russia,1948,0,0,9.25,4.875,1.897,2.875,0.1254,-3.0,10.0,15.0,1.136,-1.0
Russia,1949,0,0,9.125,4.875,1.872,3.062,0.1299,-3.0,10.0,16.0,1.163,-0.7
Russia,1950,0,0,9.375,4.875,1.923,2.812,0.1234,-3.0,10.0,15.0,1.111,-1.1
Russia,1951,0,0,9.375,4.875,1.923,2.812,0.1234,-3.0,10.0,15.0,1.111,-1.1
Russia,1952,0,0,9.5,4.875,1.949,2.562,0.119,-3.0,10.0,13.0,1.087,-1.5
Russia,1953,0,0,9.125,5.0,1.825,2.875,0.1215,-3.5,10.0,12.0,1.163,-1.0
Russia,1954,0,0,9.125,5.0,1.825,2.875,0.1215,-3.5,10.0,12.0,1.163,-1.0
Russia,1955,0,0,9.125,5.0,1.825,3.125,0.1248,-3.5,10.0,13.0,1.163,-0.6
Russia,1956,0,0,9.375,5.0,1.875,2.938,0.1252,-4.0,10.0,11.0,1.111,-0.9
Russia,1957,0,0,9.25,5.0,1.85,3.312,0.133,-3.5,10.0,13.0,1.136,-0.3
Russia,1958,0,0,9.0,5.0,1.8,3.688,0.1404,-3.5,10.0,15.0,1.124,-0.233
Russia,1959,0,0,9.0,5.0,1.8,3.812,0.1439,-3.0,10.0,15.0,1.124,-0.033
Russia,1960,0,0,9.125,5.0,1.825,3.625,0.1402,-3.0,10.0,13.0,1.098,-0.333
Russia,1961,0,0,9.25,5.0,1.85,3.438,0.1376,-3.0,10.0,11.0,1.074,-0.633
Russia,1962,0,0,9.25,5.0,1.85,3.438,0.1376,-3.0,10.0,11.0,1.074,-0.633
Russia,1963,0,0,9.25,4.875,1.897,3.188,0.136,-3.0,10.0,9.0,1.074,-1.033
Russia,1964,0,0,9.25,4.75,1.947,2.75,0.1312,-3.5,10.0,6.0,1.074,-1.733
Russia,1965,0,0,9.125,4.875,1.872,3.188,0.1367,-3.5,10.0,9.0,1.098,-1.3
Russia,1966,0,0,9.125,4.875,1.872,3.25,0.1373,-3.5,10.0,9.5,1.098,-1.2
Russia,1967,0,0,9.25,4.875,1.897,3.125,0.1339,-3.5,10.0,9.5,1.074,-1.4
Russia,1968,0,0,9.375,4.875,1.923,3.0,0.1304,-4.0,10.0,9.0,1.051,-1.6
Russia,1969,0,0,9.375,4.875,1.923,3.0,0.1304,-4.0,10.0,9.0,1.051,-1.6
Russia,1970,0,0,9.375,4.875,1.923,2.938,0.1293,-4.0,10.0,8.5,1.051,-1.7
Russia,1971,0,0,9.375,4.875,1.923,2.938,0.1293,-4.0,10.0,8.5,1.051,-1.7
Russia,1972,0,0,9.375,4.875,1.923,2.938,0.1293,-4.0,10.0,8.5,1.051,-1.7
Russia,1973,0,0,9.375,4.875,1.923,2.938,0.1293,-4.0,10.0,8.5,1.051,-1.7
Russia,1974,0,0,9.375,4.875,1.923,2.938,0.1293,-4.0,10.0,8.5,1.051,-1.7
Russia,1975,0,0,9.375,4.875,1.923,2.938,0.1293,-4.0,10.0,8.5,1.051,-1.7
Russia,1976,0,0,9.375,4.875,1.923,2.875,0.1282,-4.0,10.0,8.0,1.051,-1.8
Russia,1977,0,0,9.375,4.875,1.923,2.875,0.1282,-4.0,10.0,8.0,1.051,-1.8
Russia,1978,0,0,9.375,4.875,1.923,2.875,0.1282,-4.0,10.0,8.0,1.051,-1.8
Russia,1979,0,0,9.375,4.875,1.923,2.875,0.1282,-4.0,10.0,8.0,1.051,-1.8
Russia,1980,0,0,9.5,4.875,1.949,2.75,0.1256,-4.0,10.0,8.0,1.087,-1.467
Russia,1981,0,0,9.5,4.875,1.949,2.75,0.1256,-4.0,10.0,8.0,1.087,-1.467
Russia,1982,0,0,9.5,4.875,1.949,2.75,0.1256,-4.0,10.0,8.0,1.087,-1.467
Russia,1983,0,0,9.5,4.875,1.949,2.75,0.1256,-4.0,10.0,8.0,1.087,-1.467
Russia,1984,0,0,9.5,4.875,1.949,2.75,0.1256,-4.0,10.0,8.0,1.087,-1.467
Russia,1985,0,0,9.5,5.0,1.9,3.25,0.1334,-3.5,10.0,9.0,1.087,-0.667
Russia,1986,0,0,9.5,4.875,1.949,3.125,0.1334,-3.5,10.0,8.0,1.087,-0.867
Russia,1987,0,0,9.375,5.0,1.875,3.438,0.1371,-3.5,10.0,9.0,1.111,-1.167
Russia,1988,1,0,9.375,5.0,1.875,3.312,0.1353,-3.5,10.0,8.0,1.111,-1.367
Russia,1989,1,0,9.625,5.0,1.925,2.812,0.1261,-3.5,10.0,5.0,1.064,-2.167
Russia,1990,1,0,9.625,5.0,1.925,2.75,0.1243,-4.0,10.0,1.0,1.064,-4.4
Russia,1991,1,1,9.625,4.75,2.026,2.188,0.1085,-7.5,10.0,-7.5,1.064,-9.033
Russia,1992,1,0,9.625,5.25,1.833,3.688,0.1331,-7.5,10.0,1.0,1.064,-7.167
Russia,1993,0,1,9.625,5.25,1.833,3.562,0.1311,-7.5,10.0,0.0,1.064,-7.367
Russia,1994,0,0,9.625,5.125,1.878,3.312,0.1294,-7.5,10.0,0.0,1.064,-7.767
Russia,1995,1,0,9.625,5.125,1.878,3.312,0.1294,-7.5,10.0,0.0,1.064,-7.767
Russia,1996,1,0,9.625,5.125,1.878,3.312,0.1294,-7.5,10.0,0.0,1.064,-7.767
Russia,1997,1,0,9.625,5.125,1.878,3.312,0.1294,-7.5,10.0,0.0,1.064,-7.767
Russia,1998,0,1,9.625,4.875,1.974,2.938,0.1272,-7.5,10.0,-3.0,1.064,-8.367
Russia,1999,0,0,9.625,5.0,1.925,3.188,0.1294,-7.5,10.0,-1.0,1.064,-7.967
Russia,2000,0,0,9.5,5.125,1.854,3.75,0.1386,-7.0,10.0,4.0,1.087,-7.067
Russia,2001,0,0,9.5,5.25,1.81,3.875,0.1385,-7.0,10.0,6.0,1.087,-6.867
Russia,2002,0,0,9.5,5.25,1.81,3.875,0.1385,-7.0,10.0,6.0,1.087,-6.867
Russia,2003,0,0,9.5,5.25,1.81,4.0,0.1403,-7.0,10.0,8.0,1.087,-6.667
Russia,2004,0,0,9.5,5.375,1.767,4.25,0.1421,-7.0,10.0,10.0,1.087,-6.267
Russia,2005,0,0,9.5,5.375,1.767,4.312,0.1446,-6.5,10.0,10.0,1.087,-6.167
Russia,2006,0,0,9.5,5.375,1.767,4.312,0.1446,-6.5,10.0,10.0,1.087,-6.167
Russia,2007,0,0,9.5,5.375,1.767,4.375,0.1469,-6.0,10.0,10.0,1.087,-6.067
Russia,2008,0,0,9.5,5.5,1.727,4.625,0.1486,-6.0,10.0,11.0,1.087,-5.667
Russia,2009,0,0,9.5,5.5,1.727,4.625,0.1486,-6.0,10.0,11.0,1.087,-5.667
Russia,2010,0,0,9.5,5.5,1.727,4.625,0.1486,-6.0,10.0,11.0,1.087,-5.667
Russia,2011,0,0,9.5,5.5,1.727,4.5,0.1469,-6.0,10.0,10.0,1.087,-5.867
Russia,2012,0,0,9.5,5.375,1.767,4.25,0.1447,-6.0,10.0,10.0,1.087,-6.267
Russia,2013,0,0,9.5,5.375,1.767,4.312,0.1467,-5.5,10.0,10.0,1.087,-6.167
Russia,2014,0,0,9.5,5.625,1.689,5.062,0.1549,-5.0,10.0,13.5,1.087,-4.967
Russia,2015,0,0,9.5,5.75,1.652,5.188,0.1549,-5.0,10.0,13.5,1.087,-4.767
Russia,2016,0,0,9.5,5.875,1.617,5.312,0.1549,-5.0,10.0,13.5,1.087,-4.567
Russia,2017,0,0,9.5,5.875,1.617,5.312,0.1549,-5.0,10.0,13.5,1.087,-4.567
Russia,2018,0,0,9.5,5.875,1.617,5.312,0.1549,-5.0,10.0,13.5,1.087,-4.567
Russia,2019,1,0,9.5,5.875,1.617,5.312,0.1549,-5.0,10.0,13.5,1.087,-4.567
Russia,2020,1,0,9.5,5.875,1.617,5.438,0.1565,-5.0,10.0,14.5,1.087,-4.367
Russia,2021,1,0,9.5,5.875,1.617,5.438,0.1565,-5.0,10.0,14.5,1.087,-4.367
Russia,2022,0,1,9.625,5.875,1.638,5.312,0.1532,-5.0,10.0,13.5,1.064,-4.567
Russia,2023,0,0,9.625,5.875,1.638,5.062,0.1499,-5.0,10.0,12.5,1.064,-4.967
Russia,2024,0,0,9.625,6.0,1.604,5.188,0.1499,-5.0,10.0,12.5,1.064,-4.767
Russia,2025,0,0,9.625,6.0,1.604,5.188,0.1499,-5.0,10.0,12.5,1.064,-4.767
Saudi Arabia,1900,0,0,5.5,3.875,1.419,4.5,0.1907,4.5,5.0,1.0,0.952,0.533
Saudi Arabia,1901,0,0,5.5,3.875,1.419,4.5,0.1907,4.5,5.0,1.0,0.952,0.533
Saudi Arabia,1902,0,0,5.5,4.0,1.375,4.875,0.1975,4.5,5.0,3.0,0.952,1.133
Saudi Arabia,1903,0,0,5.5,4.25,1.294,5.125,0.1975,4.5,5.0,4.0,0.952,1.533
Saudi Arabia,1904,0,0,6.25,4.25,1.471,4.625,0.183,3.5,6.0,4.0,0.938,1.8
Saudi Arabia,1905,0,0,5.75,4.625,1.243,5.75,0.2025,4.5,5.0,7.0,0.889,2.533
Saudi Arabia,1906,0,0,5.25,4.625,1.135,6.25,0.2165,4.5,5.0,8.0,0.926,2.8
Saudi Arabia,1907,0,0,5.25,4.625,1.135,6.25,0.2165,4.5,5.0,8.0,0.926,2.8
Saudi Arabia,1908,0,0,5.25,4.625,1.135,6.25,0.2165,4.5,5.0,8.0,0.926,2.8
Saudi Arabia,1909,0,0,5.25,4.625,1.135,6.25,0.2165,4.5,5.0,8.0,0.926,2.8
Saudi Arabia,1910,0,0,5.25,4.625,1.135,6.25,0.2165,4.5,5.0,8.0,0.926,2.8
Saudi Arabia,1911,0,0,5.25,4.625,1.135,6.25,0.2165,4.5,5.0,8.0,0.926,2.8
Saudi Arabia,1912,0,0,5.25,5.0,1.05,7.25,0.2337,4.5,5.0,10.0,0.926,2.8
Saudi Arabia,1913,0,0,5.25,5.25,1.0,7.75,0.2416,4.5,5.0,10.0,0.926,2.533
Saudi Arabia,1914,0,0,6.25,5.25,1.19,6.75,0.2104,3.5,6.0,9.0,0.938,2.533
Saudi Arabia,1915,0,0,6.25,5.25,1.19,6.75,0.2104,3.5,6.0,9.0,0.938,2.533
Saudi Arabia,1916,0,0,6.25,5.25,1.19,6.75,0.2104,3.5,6.0,9.0,0.938,2.533
Saudi Arabia,1917,0,0,5.25,5.25,1.0,7.75,0.2416,4.5,5.0,10.0,0.926,2.533
Saudi Arabia,1918,0,0,5.25,5.25,1.0,7.75,0.2416,4.5,5.0,10.0,0.926,2.533
Saudi Arabia,1919,0,0,5.25,5.25,1.0,7.75,0.2416,4.5,5.0,10.0,0.926,2.533
Saudi Arabia,1920,0,0,5.25,5.25,1.0,7.75,0.2416,4.5,5.0,10.0,0.926,2.533
Saudi Arabia,1921,0,0,5.25,5.5,0.955,8.25,0.2479,4.5,5.0,12.0,0.926,3.333
Saudi Arabia,1922,0,0,5.25,5.5,0.955,8.25,0.2479,4.5,5.0,12.0,0.926,3.333
Saudi Arabia,1923,0,0,5.25,5.5,0.955,8.25,0.2479,4.5,5.0,12.0,0.926,3.333
Saudi Arabia,1924,0,0,6.25,6.125,1.02,8.5,0.2332,5.5,6.0,11.0,0.938,2.133
Saudi Arabia,1925,0,0,5.25,6.375,0.824,10.0,0.2741,6.5,5.0,14.0,0.926,2.933
Saudi Arabia,1926,0,0,5.0,6.375,0.784,10.25,0.2845,6.5,5.0,15.0,1.0,3.333
Saudi Arabia,1927,0,0,5.375,6.375,0.843,9.875,0.269,6.5,5.0,14.0,0.893,2.733
Saudi Arabia,1928,0,0,6.75,6.125,1.102,7.875,0.2145,5.5,6.0,10.0,0.833,1.133
Saudi Arabia,1929,0,0,6.375,6.375,1.0,8.75,0.2315,5.5,6.0,13.0,0.909,2.533
Saudi Arabia,1930,0,0,5.375,6.375,0.843,9.75,0.2659,6.5,5.0,14.0,0.893,2.533
Saudi Arabia,1931,0,0,5.0,6.375,0.784,10.125,0.2811,6.5,5.0,15.0,1.0,3.133
Saudi Arabia,1932,0,0,5.0,6.625,0.755,10.75,0.2931,9.0,5.0,15.5,1.0,4.133
Saudi Arabia,1933,0,0,5.0,6.875,0.727,11.125,0.2984,9.0,5.0,15.5,1.0,3.933
Saudi Arabia,1934,0,0,5.0,6.875,0.727,11.125,0.2984,9.0,5.0,15.5,1.0,3.933
Saudi Arabia,1935,0,0,5.0,6.875,0.727,11.125,0.2984,9.0,5.0,15.5,1.0,3.933
Saudi Arabia,1936,0,0,5.0,6.875,0.727,11.125,0.2984,9.0,5.0,15.5,1.0,3.933
Saudi Arabia,1937,0,0,5.0,6.875,0.727,11.125,0.2984,9.0,5.0,15.5,1.0,3.933
Saudi Arabia,1938,0,0,5.0,7.875,0.635,12.75,0.3212,10.0,5.0,15.5,1.0,2.0
Saudi Arabia,1939,0,0,5.0,7.875,0.635,12.75,0.3212,10.0,5.0,15.5,1.0,2.0
Saudi Arabia,1940,0,0,5.0,7.875,0.635,12.75,0.3212,10.0,5.0,15.5,1.0,2.0
Saudi Arabia,1941,0,0,5.0,7.875,0.635,12.75,0.3212,10.0,5.0,15.5,1.0,2.0
Saudi Arabia,1942,0,0,5.0,7.875,0.635,12.75,0.3212,10.0,5.0,15.5,1.0,2.0
Saudi Arabia,1943,0,0,5.0,7.875,0.635,12.75,0.3212,10.0,5.0,15.5,1.0,2.0
Saudi Arabia,1944,0,0,5.0,7.875,0.635,12.75,0.3212,10.0,5.0,15.5,1.0,2.0
Saudi Arabia,1945,0,0,5.0,7.875,0.635,13.125,0.3327,10.0,5.0,15.5,1.0,1.533
Saudi Arabia,1946,0,0,5.0,7.875,0.635,13.125,0.3327,10.0,5.0,15.5,1.0,1.533
Saudi Arabia,1947,0,0,5.0,7.875,0.635,13.125,0.3327,10.0,5.0,15.5,1.0,1.533
Saudi Arabia,1948,0,0,5.0,7.875,0.635,13.125,0.3327,10.0,5.0,15.5,1.0,1.533
Saudi Arabia,1949,0,0,5.0,7.875,0.635,13.125,0.3327,10.0,5.0,15.5,1.0,1.533
Saudi Arabia,1950,0,0,5.0,8.125,0.615,13.812,0.346,12.0,5.0,16.0,1.0,1.567
Saudi Arabia,1951,0,0,5.0,8.125,0.615,13.812,0.346,12.0,5.0,16.0,1.0,1.567
Saudi Arabia,1952,0,0,5.0,8.125,0.615,13.812,0.346,12.0,5.0,16.0,1.0,1.567
Saudi Arabia,1953,0,0,5.125,8.0,0.641,13.438,0.3366,12.0,5.0,13.0,0.962,0.967
Saudi Arabia,1954,0,0,5.125,8.0,0.641,13.438,0.3366,12.0,5.0,13.0,0.962,0.967
Saudi Arabia,1955,0,0,5.125,8.0,0.641,13.438,0.3366,12.0,5.0,13.0,0.962,0.967
Saudi Arabia,1956,0,0,6.0,8.0,0.75,12.438,0.2953,11.0,6.0,11.0,1.0,0.967
Saudi Arabia,1957,0,0,6.0,8.0,0.75,12.312,0.2922,11.0,6.0,11.0,1.0,0.767
Saudi Arabia,1958,0,0,6.25,7.875,0.794,11.812,0.2797,11.0,6.0,8.0,0.938,-0.033
Saudi Arabia,1959,0,0,6.25,7.875,0.794,11.812,0.2797,11.0,6.0,8.0,0.938,-0.033
Saudi Arabia,1960,0,0,6.25,7.875,0.794,11.812,0.2797,11.0,6.0,8.0,0.938,-0.033
Saudi Arabia,1961,0,0,6.25,7.875,0.794,11.812,0.2797,11.0,6.0,8.0,0.938,-0.033
Saudi Arabia,1962,0,0,7.375,7.875,0.937,10.438,0.2337,10.0,7.0,6.0,0.921,-0.633
Saudi Arabia,1963,0,0,7.375,7.875,0.937,10.438,0.2337,10.0,7.0,6.0,0.921,-0.633
Saudi Arabia,1964,0,0,6.0,8.0,0.75,12.312,0.2918,11.0,6.0,13.0,1.0,0.767
Saudi Arabia,1965,0,0,5.0,8.25,0.606,14.062,0.3498,14.0,5.0,16.0,1.0,1.967
Saudi Arabia,1966,0,0,5.0,8.25,0.606,14.062,0.3498,14.0,5.0,16.0,1.0,1.967
Saudi Arabia,1967,0,0,5.0,8.25,0.606,14.062,0.3498,14.0,5.0,16.0,1.0,1.967
Saudi Arabia,1968,0,0,5.0,8.25,0.606,14.062,0.3498,14.0,5.0,16.0,1.0,1.967
Saudi Arabia,1969,0,0,5.0,8.25,0.606,14.062,0.3498,14.0,5.0,16.0,1.0,1.967
Saudi Arabia,1970,0,0,5.0,8.25,0.606,14.062,0.3498,14.0,5.0,16.0,1.0,1.967
Saudi Arabia,1971,0,0,5.0,8.25,0.606,14.062,0.3498,14.0,5.0,16.0,1.0,1.967
Saudi Arabia,1972,0,0,5.0,8.25,0.606,14.062,0.3498,14.0,5.0,16.0,1.0,1.967
Saudi Arabia,1973,0,0,6.0,8.75,0.686,14.312,0.3265,13.0,6.0,15.0,1.0,-0.033
Saudi Arabia,1974,0,0,6.0,8.75,0.686,14.312,0.3265,13.0,6.0,15.0,1.0,-0.033
Saudi Arabia,1975,0,0,6.0,8.75,0.686,14.188,0.3232,13.0,6.0,14.0,1.0,-0.233
Saudi Arabia,1976,1,0,5.0,8.75,0.571,15.312,0.3751,14.0,5.0,16.0,1.0,-0.033
Saudi Arabia,1977,1,0,5.0,8.75,0.571,15.312,0.3751,14.0,5.0,16.0,1.0,-0.033
Saudi Arabia,1978,1,0,5.0,8.75,0.571,15.312,0.3751,14.0,5.0,16.0,1.0,-0.033
Saudi Arabia,1979,0,1,7.5,8.75,0.857,12.438,0.2581,12.0,7.0,12.0,0.897,-1.433
Saudi Arabia,1980,0,0,6.0,8.75,0.686,14.312,0.3265,13.0,6.0,15.0,1.0,-0.033
Saudi Arabia,1981,0,0,6.0,8.75,0.686,14.312,0.3265,13.0,6.0,15.0,1.0,-0.033
Saudi Arabia,1982,0,0,6.0,8.75,0.686,14.062,0.3205,13.0,6.0,15.0,1.0,0.1
Saudi Arabia,1983,0,0,6.25,8.5,0.735,13.562,0.3093,13.0,6.0,15.0,1.022,0.367
Saudi Arabia,1984,0,0,6.25,8.5,0.735,13.312,0.3035,13.0,6.0,15.0,1.022,0.5
Saudi Arabia,1985,0,0,6.625,8.125,0.815,12.188,0.2801,13.0,6.0,12.0,1.01,0.3
Saudi Arabia,1986,0,0,6.625,8.125,0.815,12.188,0.2801,13.0,6.0,12.0,1.01,0.3
Saudi Arabia,1987,0,0,6.25,8.125,0.769,12.812,0.3004,13.0,6.0,13.0,1.022,0.233
Saudi Arabia,1988,0,0,6.25,8.125,0.769,12.812,0.3004,13.0,6.0,13.0,1.022,0.233
Saudi Arabia,1989,0,0,6.0,8.125,0.738,13.062,0.311,13.0,6.0,13.0,1.0,0.1
Saudi Arabia,1990,0,0,7.375,8.125,0.908,11.562,0.2551,12.0,7.0,11.0,0.921,-0.7
Saudi Arabia,1991,0,0,7.375,8.125,0.908,11.562,0.2551,12.0,7.0,11.0,0.921,-0.7
Saudi Arabia,1992,0,0,7.25,8.125,0.892,11.688,0.2591,12.0,7.0,12.0,0.946,-0.5
Saudi Arabia,1993,0,0,7.25,8.125,0.892,11.562,0.2564,12.0,7.0,12.0,0.946,-0.7
Saudi Arabia,1994,0,0,7.75,8.125,0.954,10.938,0.2367,12.0,7.0,10.0,0.917,-1.167
Saudi Arabia,1995,0,0,7.75,8.125,0.954,10.938,0.2367,12.0,7.0,10.0,0.917,-1.167
Saudi Arabia,1996,0,0,7.125,8.125,0.877,11.688,0.2606,12.0,7.0,12.0,0.972,-0.5
Saudi Arabia,1997,0,0,7.375,8.125,0.908,11.188,0.2465,12.0,7.0,12.0,0.991,-0.233
Saudi Arabia,1998,0,0,6.375,8.125,0.785,12.438,0.289,13.0,6.0,13.0,0.99,-0.367
Saudi Arabia,1999,0,0,6.375,8.125,0.785,12.438,0.289,13.0,6.0,13.0,0.99,-0.367
Saudi Arabia,2000,0,0,7.5,8.125,0.923,11.312,0.248,12.0,7.0,11.0,0.897,-1.1
Saudi Arabia,2001,0,0,7.5,8.125,0.923,11.312,0.248,12.0,7.0,11.0,0.897,-1.1
Saudi Arabia,2002,0,0,8.375,8.125,1.031,10.312,0.2171,11.0,8.0,9.0,0.93,-1.1
Saudi Arabia,2003,0,0,8.375,8.125,1.031,10.312,0.2171,11.0,8.0,9.0,0.93,-1.1
Saudi Arabia,2004,0,0,6.75,8.5,0.794,12.938,0.288,15.5,6.0,12.5,0.98,-0.1
Saudi Arabia,2005,0,0,6.75,8.5,0.794,12.938,0.288,15.5,6.0,12.5,0.98,-0.1
Saudi Arabia,2006,0,0,6.125,9.0,0.681,14.312,0.3196,15.5,6.0,14.5,0.968,-0.567
Saudi Arabia,2007,0,0,6.125,9.0,0.681,14.312,0.3196,15.5,6.0,14.5,0.968,-0.567
Saudi Arabia,2008,0,0,6.5,8.625,0.754,13.562,0.3031,15.5,6.0,12.5,0.96,-0.7
Saudi Arabia,2009,0,0,6.125,8.625,0.71,13.938,0.3196,15.5,6.0,13.5,0.968,-0.633
Saudi Arabia,2010,0,0,7.125,8.625,0.826,12.938,0.2782,14.5,7.0,12.5,0.972,-0.633
Saudi Arabia,2011,0,0,7.125,8.625,0.826,12.938,0.2782,14.5,7.0,12.5,0.972,-0.633
Saudi Arabia,2012,0,0,7.125,8.625,0.826,12.938,0.2782,14.5,7.0,12.5,0.972,-0.633
Saudi Arabia,2013,0,0,7.625,8.625,0.884,12.188,0.2545,14.5,7.0,11.5,0.94,-0.767
Saudi Arabia,2014,0,0,7.375,8.75,0.843,12.688,0.2661,14.5,7.0,14.5,0.991,0.033
Saudi Arabia,2015,0,0,7.125,8.75,0.814,13.562,0.292,15.0,7.0,15.0,0.972,-0.433
Saudi Arabia,2016,0,0,7.25,8.75,0.829,13.438,0.2875,15.0,7.0,16.0,0.946,-0.633
Saudi Arabia,2017,0,0,7.75,8.75,0.886,12.812,0.2654,15.0,7.0,14.0,0.917,-1.1
Saudi Arabia,2018,0,0,7.125,8.75,0.814,13.438,0.289,15.0,7.0,15.0,0.972,-0.633
Saudi Arabia,2019,0,0,8.25,8.75,0.943,12.062,0.2421,14.0,8.0,14.0,1.016,-0.167
Saudi Arabia,2020,0,0,7.25,8.75,0.829,13.312,0.2831,15.0,7.0,15.0,1.019,-0.3
Saudi Arabia,2021,0,0,6.125,9.0,0.681,15.062,0.3412,16.0,6.0,16.0,0.968,-1.233
Saudi Arabia,2022,0,0,6.0,9.0,0.667,15.188,0.3463,16.0,6.0,16.0,1.0,-1.033
Saudi Arabia,2023,0,0,6.0,9.0,0.667,15.312,0.3494,16.0,6.0,17.0,1.0,-0.833
Saudi Arabia,2024,0,0,6.0,9.0,0.667,15.312,0.3494,16.0,6.0,17.0,1.0,-0.833
Singapore,1930,0,0,5.75,6.5,0.885,9.938,0.2777,16.5,3.0,13.5,1.667,4.167
Singapore,1931,0,0,6.5,4.125,1.576,5.5,0.2171,13.0,3.0,11.0,1.543,5.6
Singapore,1932,0,0,6.25,4.375,1.429,6.0,0.2214,12.0,4.0,11.0,1.42,5.333
Singapore,1933,0,0,5.625,5.0,1.125,7.875,0.2589,12.0,4.0,11.0,1.333,4.067
Singapore,1934,0,0,4.625,6.125,0.755,10.75,0.3247,14.5,3.0,13.0,1.27,2.533
Singapore,1935,0,0,4.375,6.375,0.686,11.75,0.3529,14.5,3.0,14.0,1.25,3.067
Singapore,1936,0,0,5.375,6.625,0.811,11.062,0.3102,14.5,4.0,11.0,1.2,2.5
Singapore,1937,0,0,5.25,6.875,0.764,12.062,0.3356,14.5,4.0,13.5,1.133,1.433
Singapore,1938,0,0,5.0,7.375,0.678,13.062,0.3543,15.5,4.0,14.5,1.111,1.967
Singapore,1939,0,0,5.375,7.125,0.754,12.25,0.3305,15.5,4.0,14.5,1.09,2.533
Singapore,1940,0,0,6.25,6.875,0.909,10.875,0.2864,14.5,5.0,11.5,1.111,2.467
Singapore,1941,0,0,7.5,6.625,1.132,8.688,0.2252,13.5,6.0,8.0,1.036,1.633
Singapore,1942,0,0,9.875,2.375,4.158,-3.75,0.0643,-4.5,10.0,-4.5,0.967,-0.4
Singapore,1943,0,0,7.125,4.75,1.5,5.938,0.2002,7.5,6.0,12.0,1.212,7.367
Singapore,1944,0,0,8.125,3.75,2.167,2.812,0.1503,5.0,7.0,9.0,1.184,7.433
Singapore,1945,0,0,9.625,1.75,5.5,-4.125,0.0654,-5.0,10.0,-3.5,1.007,1.133
Singapore,1946,0,0,7.625,3.75,2.033,3.0,0.1591,1.5,8.0,2.0,1.081,0.267
Singapore,1947,0,0,6.125,5.0,1.225,6.875,0.2264,7.0,6.0,6.5,1.149,0.067
Singapore,1948,0,0,6.875,5.5,1.25,7.0,0.2141,11.5,5.0,8.5,1.111,3.733
Singapore,1949,0,0,5.125,6.375,0.804,10.5,0.2999,13.5,4.0,12.0,1.067,2.4
Singapore,1950,0,0,6.125,6.75,0.907,9.0,0.2454,12.5,5.0,7.5,0.667,-3.467
Singapore,1951,0,0,4.0,7.75,0.516,13.688,0.3791,16.5,3.0,14.0,1.0,0.033
Singapore,1952,0,0,5.25,7.0,0.75,11.688,0.3182,15.5,4.0,12.0,1.133,1.633
Singapore,1953,0,0,4.5,7.0,0.643,12.75,0.3653,17.0,3.0,14.5,1.19,2.267
Singapore,1954,0,0,5.75,7.25,0.793,11.688,0.3059,15.5,4.0,9.0,0.889,-0.5
Singapore,1955,0,0,7.75,6.75,1.148,8.562,0.218,11.5,6.0,2.0,0.983,-2.3
Singapore,1956,0,0,7.25,6.5,1.115,8.5,0.2269,14.5,5.0,8.0,1.019,1.067
Singapore,1957,0,0,6.875,6.5,1.058,8.688,0.2336,14.5,5.0,8.0,1.029,0.567
Singapore,1958,0,0,6.0,6.5,0.923,9.562,0.2633,15.5,4.0,9.0,1.092,0.9
Singapore,1959,0,0,6.625,6.625,1.0,9.688,0.2571,14.5,5.0,12.5,1.094,1.633
Singapore,1960,0,0,5.375,6.75,0.796,11.438,0.3174,16.0,4.0,13.5,1.2,2.833
Singapore,1961,0,0,6.0,6.75,0.889,10.562,0.2852,16.0,4.0,10.5,1.092,2.5
Singapore,1962,1,0,5.25,6.75,0.778,11.75,0.3289,16.0,4.0,13.5,1.25,3.333
Singapore,1963,1,0,7.125,6.375,1.118,8.688,0.236,15.0,5.0,12.5,1.127,2.7
Singapore,1964,1,0,8.0,5.75,1.391,6.562,0.197,15.0,5.0,11.5,1.068,1.967
Singapore,1965,0,1,8.125,5.75,1.413,6.75,0.1981,14.0,6.0,12.0,1.042,2.267
Singapore,1966,0,0,6.0,6.375,0.941,10.188,0.285,15.0,5.0,16.0,1.092,2.433
Singapore,1967,0,0,5.0,6.875,0.727,12.625,0.3583,17.0,4.0,17.0,1.111,2.067
Singapore,1968,0,0,4.5,7.75,0.581,14.625,0.4057,18.5,4.0,18.5,1.061,2.333
Singapore,1969,0,0,4.375,7.875,0.556,15.188,0.424,18.5,4.0,18.5,1.111,2.7
Singapore,1970,0,0,3.75,8.25,0.455,16.938,0.4915,18.5,4.0,20.5,1.111,2.033
Singapore,1971,0,0,4.375,7.875,0.556,15.688,0.4417,18.5,4.0,19.5,1.111,2.433
Singapore,1972,0,0,3.875,8.125,0.477,16.625,0.4808,18.5,4.0,20.5,1.053,1.533
Singapore,1973,0,0,6.0,7.875,0.762,13.812,0.3476,18.5,4.0,16.5,1.19,2.633
Singapore,1974,0,0,6.625,7.375,0.898,12.312,0.3112,17.5,5.0,16.5,1.278,4.5
Singapore,1975,0,0,4.75,7.875,0.603,15.125,0.4134,18.5,4.0,17.5,1.212,3.133
Singapore,1976,0,0,4.25,8.125,0.523,16.125,0.4505,18.5,4.0,19.5,1.167,3.133
Singapore,1977,0,0,3.875,8.25,0.47,16.812,0.4826,18.5,4.0,20.5,1.204,2.367
Singapore,1978,0,0,3.75,8.25,0.455,17.062,0.496,18.5,4.0,20.5,1.111,2.233
Singapore,1979,0,0,4.875,8.25,0.591,16.188,0.4365,18.5,4.0,20.0,1.288,2.967
Singapore,1980,0,0,4.125,8.75,0.471,17.562,0.4864,18.5,4.0,22.0,1.228,2.5
Singapore,1981,0,0,4.0,8.875,0.451,18.0,0.5026,21.0,3.0,20.0,1.14,1.6
Singapore,1982,0,0,4.0,8.875,0.451,18.25,0.5103,21.0,3.0,20.0,1.14,1.467
Singapore,1983,0,0,4.375,8.875,0.493,17.75,0.4805,21.0,3.0,19.0,1.111,1.733
Singapore,1984,0,0,4.875,8.75,0.557,17.0,0.4471,21.0,3.0,16.0,1.042,0.8
Singapore,1985,0,0,6.25,8.25,0.758,14.688,0.3615,20.0,4.0,16.0,1.207,3.767
Singapore,1986,0,0,5.375,8.25,0.652,15.938,0.4153,20.0,4.0,19.0,1.319,4.167
Singapore,1987,0,0,5.25,8.875,0.592,16.812,0.4249,20.0,4.0,20.0,0.926,1.3
Singapore,1988,0,0,3.875,9.125,0.425,18.938,0.5322,21.0,3.0,21.0,0.917,0.7
Singapore,1989,0,0,3.5,9.5,0.368,19.812,0.5654,22.0,3.0,22.0,1.078,1.567
Singapore,1990,0,0,3.625,9.5,0.382,19.75,0.5585,22.0,3.0,21.0,1.019,1.2
Singapore,1991,0,0,3.625,9.5,0.382,19.625,0.5542,22.0,3.0,20.0,1.019,1.0
Singapore,1992,0,0,3.5,9.5,0.368,19.875,0.5687,22.0,3.0,22.0,1.078,1.4
Singapore,1993,0,0,3.375,9.5,0.355,20.188,0.5862,22.0,3.0,22.0,0.98,0.567
Singapore,1994,0,0,3.75,9.5,0.395,19.812,0.5572,22.0,3.0,21.0,0.965,0.5
Singapore,1995,0,0,3.875,9.5,0.408,19.438,0.5386,22.0,3.0,22.0,1.204,1.5
Singapore,1996,0,0,4.0,9.5,0.421,19.312,0.5297,22.0,3.0,22.0,1.14,1.3
Singapore,1997,0,0,5.75,9.125,0.63,16.812,0.4084,21.0,4.0,20.0,1.173,2.633
Singapore,1998,0,0,6.875,8.625,0.797,14.938,0.3451,21.0,4.0,19.0,1.29,4.967
Singapore,1999,0,0,4.75,9.125,0.521,18.062,0.4745,22.0,3.0,21.0,1.212,2.5
Singapore,2000,0,0,3.625,9.5,0.382,20.062,0.5736,22.0,3.0,22.0,1.176,1.433
Singapore,2001,0,0,6.25,9.125,0.685,16.25,0.3804,21.0,4.0,20.0,1.207,3.867
Singapore,2002,0,0,5.0,9.25,0.541,18.125,0.4651,21.0,4.0,21.0,1.232,3.133
Singapore,2003,0,0,6.375,8.625,0.739,15.5,0.3725,21.0,4.0,20.0,1.264,5.867
Singapore,2004,0,0,4.25,9.25,0.459,18.875,0.5158,22.0,3.0,21.0,1.167,2.733
Singapore,2005,0,0,4.125,9.625,0.429,19.625,0.5352,22.0,3.0,21.0,1.083,1.8
Singapore,2006,0,0,4.0,9.625,0.416,19.688,0.541,22.0,3.0,21.0,1.14,1.9
Singapore,2007,0,0,3.625,9.625,0.377,20.062,0.5691,22.0,3.0,22.0,1.176,1.967
Singapore,2008,0,0,6.125,9.125,0.671,16.438,0.3902,22.0,3.0,20.0,1.149,2.033
Singapore,2009,0,0,4.875,9.25,0.527,18.062,0.4674,22.0,3.0,21.0,1.042,0.9
Singapore,2010,0,0,4.875,9.5,0.513,18.062,0.4634,22.0,3.0,19.0,1.429,4.1
Singapore,2011,0,0,6.375,9.125,0.699,15.062,0.352,21.0,4.0,12.5,1.369,4.367
Singapore,2012,0,0,6.0,8.875,0.676,15.062,0.3647,21.0,4.0,13.5,1.41,5.433
Singapore,2013,0,0,6.875,8.75,0.786,13.75,0.3166,21.0,4.0,12.5,1.111,1.733
Singapore,2014,0,0,5.25,9.25,0.568,17.062,0.4304,22.0,3.0,17.0,1.25,3.033
Singapore,2015,0,0,4.125,9.5,0.434,19.25,0.5307,22.0,3.0,22.0,1.771,5.467
Singapore,2016,0,0,5.0,9.25,0.541,17.688,0.4547,22.0,3.0,20.0,1.364,3.5
Singapore,2017,0,0,6.0,9.125,0.658,15.75,0.3783,21.0,4.0,10.5,1.092,2.533
Singapore,2018,0,0,5.5,9.375,0.587,17.312,0.4244,17.0,7.0,18.0,1.154,2.9
Singapore,2019,0,0,4.875,9.625,0.506,18.312,0.4653,18.0,6.0,20.0,1.159,2.367
Singapore,2020,0,0,7.25,8.5,0.853,14.438,0.3335,21.0,4.0,16.0,1.556,10.033
Singapore,2021,0,0,6.625,8.75,0.757,15.188,0.3582,21.0,4.0,16.0,1.488,8.033
Singapore,2022,0,0,5.375,9.25,0.581,17.5,0.4399,22.0,3.0,19.0,1.449,5.067
Singapore,2023,0,0,6.0,9.375,0.64,16.562,0.3926,21.0,4.0,12.0,1.092,1.167
Singapore,2024,0,0,4.25,9.75,0.436,19.688,0.5293,22.0,3.0,20.0,1.316,2.433
Singapore,2025,0,0,4.25,9.75,0.436,19.688,0.5293,22.0,3.0,20.0,1.316,2.433
South Africa,1900,0,0,9.0,5.5,1.636,3.875,0.1383,8.0,8.0,-3.5,1.0,1.667
South Africa,1901,0,0,8.0,6.0,1.333,5.875,0.1715,10.0,7.0,0.0,1.0,0.333
South Africa,1902,0,0,6.0,7.25,0.828,10.875,0.2781,13.5,6.0,6.5,0.833,-1.267
South Africa,1903,0,0,5.625,7.75,0.726,12.25,0.3119,13.0,6.0,13.5,0.92,-0.133
South Africa,1904,0,0,5.5,7.75,0.71,12.5,0.3209,13.0,6.0,13.5,0.952,0.267
South Africa,1905,0,0,5.625,7.5,0.75,12.125,0.3155,13.0,6.0,10.0,0.92,-1.4
South Africa,1906,0,0,5.25,7.625,0.689,12.875,0.3408,14.0,5.0,10.0,0.926,-0.733
South Africa,1907,0,0,4.0,7.875,0.508,15.188,0.4362,16.5,4.0,15.5,1.0,-0.5
South Africa,1908,0,0,3.5,8.0,0.438,15.875,0.4688,17.5,3.0,17.5,1.078,0.067
South Africa,1909,0,0,2.75,8.5,0.324,17.562,0.5409,20.5,2.0,20.0,1.389,2.233
South Africa,1910,0,0,2.875,8.5,0.338,17.625,0.5438,20.5,2.0,20.5,1.528,2.867
South Africa,1911,0,0,2.875,8.5,0.338,17.625,0.5438,20.5,2.0,20.5,1.528,2.867
South Africa,1912,0,0,2.875,8.5,0.338,17.625,0.5438,20.5,2.0,20.5,1.528,2.867
South Africa,1913,0,0,2.875,8.5,0.338,17.625,0.5438,20.5,2.0,20.5,1.528,2.867
South Africa,1914,0,0,7.125,7.75,0.919,10.812,0.2567,12.0,7.0,10.0,0.769,-1.1
South Africa,1915,0,0,5.5,8.25,0.667,13.5,0.3368,15.0,5.0,13.5,0.952,0.533
South Africa,1916,0,0,5.5,8.25,0.667,13.5,0.3368,15.0,5.0,13.5,0.952,0.533
South Africa,1917,0,0,5.625,8.25,0.682,13.375,0.3327,15.0,5.0,13.5,1.012,0.867
South Africa,1918,0,0,4.5,8.0,0.562,14.75,0.405,16.0,4.0,14.5,1.061,0.4
South Africa,1919,0,0,5.5,7.125,0.772,11.938,0.3232,13.0,5.0,11.5,1.049,-0.367
South Africa,1920,0,0,5.625,7.125,0.789,11.812,0.3179,13.0,5.0,10.5,1.012,-0.567
South Africa,1921,0,0,6.25,6.625,0.943,9.938,0.2713,9.5,6.0,7.0,1.111,0.7
South Africa,1922,0,0,8.375,6.75,1.241,7.5,0.1925,8.5,7.0,5.5,0.992,0.8
South Africa,1923,0,0,6.0,7.0,0.857,10.812,0.2855,12.0,6.0,9.5,1.0,1.033
South Africa,1924,0,0,4.375,7.5,0.583,13.812,0.3897,15.0,4.0,12.5,0.985,0.5
South Africa,1925,0,0,4.0,7.875,0.508,15.125,0.4337,15.0,4.0,16.0,0.873,-1.133
South Africa,1926,0,0,4.0,7.875,0.508,15.125,0.4337,15.0,4.0,16.0,0.873,-1.133
South Africa,1927,0,0,4.0,7.875,0.508,15.125,0.4337,15.0,4.0,16.0,0.873,-1.133
South Africa,1928,0,0,4.0,7.875,0.508,15.125,0.4337,15.0,4.0,16.0,0.873,-1.133
South Africa,1929,0,0,4.0,7.875,0.508,15.125,0.4337,15.0,4.0,16.0,0.873,-1.133
South Africa,1930,0,0,7.25,6.75,1.074,9.562,0.2462,11.0,7.0,10.5,1.176,2.767
South Africa,1931,0,0,8.0,6.0,1.333,6.75,0.1928,7.5,8.0,7.0,1.14,2.8
South Africa,1932,0,0,8.0,6.0,1.333,6.75,0.1928,7.5,8.0,7.0,1.14,2.8
South Africa,1933,0,0,5.625,7.125,0.789,11.438,0.3057,13.0,5.0,11.5,1.012,0.433
South Africa,1934,0,0,3.25,8.5,0.382,17.312,0.5182,19.5,3.0,19.5,1.222,2.367
South Africa,1935,0,0,3.25,8.5,0.382,17.312,0.5182,19.5,3.0,19.5,1.222,2.367
South Africa,1936,0,0,3.25,8.5,0.382,17.312,0.5182,19.5,3.0,19.5,1.222,2.367
South Africa,1937,0,0,3.25,8.5,0.382,17.312,0.5182,19.5,3.0,19.5,1.222,2.367
South Africa,1938,0,0,3.25,8.5,0.382,17.312,0.5182,19.5,3.0,19.5,1.222,2.367
South Africa,1939,0,0,5.375,8.25,0.652,14.188,0.3618,16.5,5.0,12.0,0.988,1.633
South Africa,1940,0,0,5.25,8.5,0.618,14.688,0.371,16.5,5.0,14.0,1.026,1.367
South Africa,1941,0,0,4.625,8.5,0.544,15.625,0.4189,18.5,4.0,14.0,1.014,1.267
South Africa,1942,0,0,4.25,8.5,0.5,16.0,0.4385,18.5,4.0,15.0,1.032,1.333
South Africa,1943,0,0,4.25,8.5,0.5,16.0,0.4385,18.5,4.0,15.0,1.032,1.333
South Africa,1944,0,0,4.25,8.5,0.5,16.0,0.4385,18.5,4.0,15.0,1.032,1.333
South Africa,1945,0,0,4.375,8.375,0.522,15.562,0.4257,18.5,4.0,15.0,1.111,1.167
South Africa,1946,0,0,6.125,7.0,0.875,10.812,0.2857,12.0,6.0,9.5,1.056,0.233
South Africa,1947,0,0,6.125,7.0,0.875,10.812,0.2857,12.0,6.0,9.5,1.056,0.233
South Africa,1948,0,0,6.25,7.125,0.877,11.062,0.2893,14.0,6.0,7.5,1.207,4.367
South Africa,1949,0,0,6.125,7.25,0.845,11.688,0.3036,14.0,6.0,10.5,1.25,5.367
South Africa,1950,0,0,5.625,7.375,0.763,12.562,0.3331,15.0,5.0,13.5,1.458,6.767
South Africa,1951,0,0,5.625,7.375,0.763,12.562,0.3331,15.0,5.0,13.5,1.458,6.767
South Africa,1952,0,0,5.625,7.375,0.763,12.562,0.3331,15.0,5.0,13.5,1.458,6.767
South Africa,1953,0,0,5.625,7.375,0.763,12.562,0.3331,15.0,5.0,13.5,1.458,6.767
South Africa,1954,0,0,5.625,7.375,0.763,12.562,0.3331,15.0,5.0,13.5,1.458,6.767
South Africa,1955,0,0,6.375,7.375,0.864,11.812,0.2995,14.0,6.0,12.5,1.369,6.633
South Africa,1956,0,0,6.75,7.625,0.885,11.875,0.2885,14.0,6.0,13.0,1.237,6.733
South Africa,1957,1,0,6.75,7.625,0.885,11.875,0.2885,14.0,6.0,13.0,1.237,6.733
South Africa,1958,1,0,6.75,7.625,0.885,11.875,0.2885,14.0,6.0,13.0,1.237,6.733
South Africa,1959,1,0,6.75,7.625,0.885,11.875,0.2885,14.0,6.0,13.0,1.237,6.733
South Africa,1960,0,1,9.125,7.0,1.304,7.812,0.1819,12.0,8.0,12.0,1.037,9.567
South Africa,1961,0,0,6.875,7.75,0.887,12.0,0.2878,17.5,5.0,15.0,1.389,10.133
South Africa,1962,0,0,6.0,8.125,0.738,13.625,0.3388,18.5,4.0,16.0,1.533,9.0
South Africa,1963,0,0,6.0,8.125,0.738,13.625,0.3388,18.5,4.0,16.0,1.533,9.0
South Africa,1964,0,0,5.125,8.125,0.631,14.75,0.3942,19.5,3.0,17.5,1.75,8.933
South Africa,1965,0,0,4.75,8.125,0.585,15.125,0.4154,19.5,3.0,18.5,1.852,9.0
South Africa,1966,0,0,4.25,8.375,0.507,16.312,0.4628,19.5,3.0,19.5,1.875,7.167
South Africa,1967,0,0,4.25,8.375,0.507,16.312,0.4628,19.5,3.0,19.5,1.875,7.167
South Africa,1968,0,0,4.25,8.375,0.507,16.312,0.4628,19.5,3.0,19.5,1.875,7.167
South Africa,1969,0,0,4.25,8.375,0.507,16.312,0.4628,19.5,3.0,19.5,1.875,7.167
South Africa,1970,0,0,4.25,8.375,0.507,16.312,0.4628,19.5,3.0,19.5,1.875,7.167
South Africa,1971,0,0,5.125,7.625,0.672,13.562,0.3664,16.0,4.0,15.0,1.439,4.633
South Africa,1972,0,0,5.125,7.625,0.672,13.562,0.3664,16.0,4.0,15.0,1.439,4.633
South Africa,1973,1,0,6.5,7.25,0.897,11.125,0.2809,14.5,5.0,14.0,1.322,5.533
South Africa,1974,1,0,7.0,7.25,0.966,10.625,0.2608,13.5,6.0,13.0,1.162,4.733
South Africa,1975,1,0,7.125,7.25,0.983,10.562,0.2579,14.0,6.0,12.5,1.127,4.633
South Africa,1976,0,1,8.75,6.375,1.373,6.812,0.1791,8.5,9.0,7.5,0.985,4.233
South Africa,1977,0,0,6.75,7.125,0.947,10.812,0.2726,14.0,6.0,13.0,1.061,3.967
South Africa,1978,0,0,6.75,7.125,0.947,10.812,0.2726,14.0,6.0,13.0,1.061,3.967
South Africa,1979,0,0,6.75,7.125,0.947,10.812,0.2726,14.0,6.0,13.0,1.061,3.967
South Africa,1980,0,0,6.75,7.125,0.947,10.812,0.2726,14.0,6.0,13.0,1.061,3.967
South Africa,1981,0,0,6.75,7.125,0.947,10.812,0.2726,14.0,6.0,13.0,1.061,3.967
South Africa,1982,0,0,6.75,7.125,0.947,10.812,0.2726,14.0,6.0,13.0,1.061,3.967
South Africa,1983,0,0,6.75,7.125,0.947,10.812,0.2726,14.0,6.0,13.0,1.061,3.967
South Africa,1984,0,0,8.375,6.625,1.264,8.0,0.2032,9.5,8.0,8.5,1.057,3.467
South Africa,1985,0,0,9.25,6.125,1.51,5.875,0.1645,8.5,9.0,7.5,1.014,3.8
South Africa,1986,0,0,9.25,6.125,1.51,5.875,0.1645,8.5,9.0,7.5,1.014,3.8
South Africa,1987,0,0,9.25,6.125,1.51,5.875,0.1645,8.5,9.0,7.5,1.014,3.8
South Africa,1988,0,0,8.375,6.75,1.241,8.312,0.2067,9.5,8.0,11.0,1.057,3.967
South Africa,1989,0,0,7.5,7.0,1.071,9.625,0.2398,10.0,8.0,8.5,1.036,1.533
South Africa,1990,0,0,7.625,6.75,1.13,9.0,0.2303,13.5,7.0,5.5,1.009,1.6
South Africa,1991,0,0,8.5,5.875,1.447,6.188,0.1819,10.0,8.0,2.0,0.969,0.833
South Africa,1992,0,0,8.25,6.125,1.347,6.875,0.1934,13.5,7.0,2.0,1.016,1.933
South Africa,1993,0,0,6.5,7.5,0.867,11.375,0.2835,17.5,5.0,8.5,0.96,0.867
South Africa,1994,0,0,3.375,8.5,0.397,17.562,0.5208,20.5,2.0,19.5,1.333,1.967
South Africa,1995,0,0,3.5,8.5,0.412,17.438,0.5111,20.5,2.0,19.5,1.25,1.767
South Africa,1996,0,0,3.5,8.5,0.412,17.438,0.5111,20.5,2.0,19.5,1.25,1.767
South Africa,1997,0,0,3.5,8.5,0.412,17.438,0.5111,20.5,2.0,19.5,1.25,1.767
South Africa,1998,0,0,3.5,8.5,0.412,17.438,0.5111,20.5,2.0,19.5,1.25,1.767
South Africa,1999,0,0,5.125,7.75,0.661,13.812,0.3675,16.0,4.0,15.0,1.304,3.167
South Africa,2000,0,0,5.125,7.75,0.661,13.812,0.3675,16.0,4.0,15.0,1.304,3.167
South Africa,2001,0,0,5.125,7.75,0.661,13.812,0.3675,16.0,4.0,15.0,1.304,3.167
South Africa,2002,0,0,4.75,8.125,0.585,14.938,0.3996,16.0,4.0,15.0,1.212,2.033
South Africa,2003,0,0,4.5,8.375,0.537,15.625,0.4206,16.0,4.0,15.0,1.061,0.2
South Africa,2004,0,0,4.5,8.375,0.537,15.625,0.4206,16.0,4.0,15.0,1.061,0.2
South Africa,2005,0,0,4.625,8.375,0.552,15.312,0.4075,16.0,4.0,12.5,1.014,-0.3
South Africa,2006,0,0,5.375,7.875,0.683,13.75,0.3557,15.0,5.0,10.5,0.988,-0.133
South Africa,2007,0,0,6.375,7.0,0.911,10.688,0.2779,10.5,7.0,7.0,0.99,0.033
South Africa,2008,0,0,7.625,6.125,1.245,7.375,0.2065,7.5,8.0,4.0,1.009,0.867
South Africa,2009,0,0,6.75,6.625,1.019,9.25,0.2458,11.5,6.0,9.5,1.146,3.333
South Africa,2010,0,0,6.25,7.0,0.893,10.938,0.285,11.5,6.0,10.5,1.022,0.433
South Africa,2011,0,0,6.25,7.0,0.893,10.938,0.285,11.5,6.0,10.5,1.022,0.433
South Africa,2012,0,0,7.5,5.875,1.277,7.0,0.2037,8.5,7.0,7.0,1.036,1.6
South Africa,2013,0,0,7.5,5.875,1.277,7.0,0.2037,8.5,7.0,7.0,1.036,1.6
South Africa,2014,0,0,8.25,5.125,1.61,4.375,0.1593,5.0,8.0,3.5,1.016,1.133
South Africa,2015,0,0,9.125,4.375,2.086,1.688,0.121,1.5,9.0,0.0,0.978,0.567
South Africa,2016,0,0,9.0,4.25,2.118,1.312,0.1164,-2.0,10.0,-1.5,1.0,-0.033
South Africa,2017,0,0,9.0,4.25,2.118,1.312,0.1164,-2.0,10.0,-1.5,1.0,-0.033
South Africa,2018,1,0,7.375,5.5,1.341,6.062,0.1901,7.0,8.0,6.0,0.991,2.233
South Africa,2019,1,0,6.625,6.125,1.082,8.562,0.2411,10.5,7.0,8.5,1.01,2.5
South Africa,2020,1,0,8.5,5.625,1.511,5.188,0.1657,7.5,8.0,7.5,1.167,5.367
South Africa,2021,0,1,9.75,4.125,2.364,0.188,0.0989,0.0,10.0,0.0,1.042,2.433
South Africa,2022,0,0,8.875,4.25,2.088,1.5,0.1192,1.0,9.0,1.0,1.085,2.133
South Africa,2023,0,0,9.75,3.25,3.0,-1.875,0.0792,-2.5,10.0,-2.5,1.042,1.8
South Africa,2024,0,0,9.75,3.25,3.0,-1.875,0.0792,-2.5,10.0,-2.5,1.042,1.8
South Africa,2025,0,0,9.75,3.25,3.0,-1.875,0.0792,-2.5,10.0,-2.5,1.042,1.8
Sweden,1900,0,0,4.0,7.25,0.552,14.688,0.4415,18.5,3.0,14.0,1.14,1.1
Sweden,1901,0,0,4.0,7.375,0.542,15.0,0.4493,18.5,3.0,14.0,1.14,1.6
Sweden,1902,0,0,4.25,7.375,0.576,14.5,0.4277,18.5,3.0,12.0,1.167,1.867
Sweden,1903,0,0,3.875,7.375,0.525,15.25,0.462,18.5,3.0,14.0,1.204,2.0
Sweden,1904,0,0,3.875,7.375,0.525,15.625,0.4765,18.5,3.0,14.0,1.204,1.0
Sweden,1905,0,0,4.5,7.5,0.6,14.75,0.4278,18.5,3.0,9.0,0.942,-0.4
Sweden,1906,0,0,3.75,7.625,0.492,16.312,0.4961,18.5,3.0,14.0,1.275,0.767
Sweden,1907,0,0,3.75,8.0,0.469,16.812,0.5007,18.5,3.0,16.0,1.275,0.5
Sweden,1908,0,0,4.0,8.0,0.5,16.312,0.4776,18.5,3.0,14.0,1.296,0.767
Sweden,1909,0,0,6.75,6.875,0.982,10.312,0.2831,18.5,3.0,10.0,1.667,8.233
Sweden,1910,0,0,4.0,7.75,0.516,16.062,0.4751,18.5,3.0,16.0,1.471,2.5
Sweden,1911,0,0,4.0,7.75,0.516,16.062,0.4751,18.5,3.0,16.0,1.471,2.5
Sweden,1912,0,0,3.75,7.75,0.484,16.562,0.5007,18.5,3.0,16.0,1.275,1.167
Sweden,1913,0,0,3.75,7.75,0.484,16.562,0.5007,18.5,3.0,16.0,1.275,1.167
Sweden,1914,0,0,5.375,7.75,0.694,14.312,0.3823,17.5,4.0,10.0,1.09,1.833
Sweden,1915,0,0,5.5,7.625,0.721,14.062,0.3774,17.5,4.0,12.0,1.389,5.167
Sweden,1916,0,0,6.0,7.5,0.8,13.375,0.354,17.5,4.0,11.0,1.533,7.267
Sweden,1917,0,0,7.625,6.5,1.173,9.5,0.2566,16.5,5.0,6.0,1.324,8.0
Sweden,1918,0,0,7.5,6.75,1.111,10.312,0.2669,15.5,6.0,11.5,1.275,7.167
Sweden,1919,0,0,5.625,7.125,0.789,13.625,0.3756,16.5,5.0,15.5,1.333,4.733
Sweden,1920,0,0,4.625,7.625,0.607,15.375,0.4385,17.5,4.0,16.5,1.417,2.733
Sweden,1921,0,0,3.625,8.125,0.446,17.25,0.5165,19.5,3.0,19.5,1.354,1.467
Sweden,1922,0,0,3.875,7.625,0.508,16.0,0.4819,19.5,3.0,12.5,1.204,0.533
Sweden,1923,0,0,3.875,7.625,0.508,16.0,0.4819,19.5,3.0,12.5,1.204,0.533
Sweden,1924,0,0,3.875,7.625,0.508,16.125,0.4861,19.5,3.0,12.5,1.204,0.2
Sweden,1925,0,0,3.875,7.625,0.508,16.0,0.4811,19.5,3.0,12.5,1.204,0.0
Sweden,1926,0,0,3.75,7.875,0.476,16.312,0.4883,19.5,3.0,11.5,1.111,-1.367
Sweden,1927,0,0,3.75,7.875,0.476,16.312,0.4883,19.5,3.0,11.5,1.111,-1.367
Sweden,1928,0,0,3.625,8.0,0.453,16.812,0.5053,19.5,3.0,12.5,1.019,-2.167
Sweden,1929,0,0,3.375,8.0,0.422,17.062,0.5224,19.5,3.0,13.5,0.98,-2.3
Sweden,1930,0,0,4.0,8.125,0.492,16.562,0.4799,19.5,3.0,12.5,1.14,-1.5
Sweden,1931,0,0,5.25,7.75,0.677,14.188,0.3861,19.5,3.0,10.5,1.377,2.167
Sweden,1932,0,0,6.125,7.0,0.875,12.0,0.3344,19.0,4.0,12.5,1.474,6.133
Sweden,1933,0,0,4.5,7.5,0.6,15.0,0.4372,19.5,3.0,16.5,1.491,3.733
Sweden,1934,0,0,3.625,7.875,0.46,16.75,0.5074,19.5,3.0,17.5,1.354,1.733
Sweden,1935,0,0,3.5,8.0,0.438,17.125,0.5201,19.5,3.0,17.5,1.25,0.733
Sweden,1936,0,0,3.375,8.375,0.403,17.75,0.5341,19.5,3.0,19.5,1.146,0.667
Sweden,1937,0,0,3.125,8.625,0.362,18.562,0.5655,19.5,3.0,19.5,1.111,0.1
Sweden,1938,0,0,3.0,8.875,0.338,19.25,0.5885,19.5,3.0,19.5,1.0,-0.667
Sweden,1939,0,0,4.25,8.625,0.493,17.812,0.5028,20.0,4.0,18.5,1.316,2.9
Sweden,1940,0,0,5.875,8.5,0.691,15.562,0.3925,20.0,5.0,16.5,1.346,6.233
Sweden,1941,0,0,5.75,8.5,0.676,15.688,0.397,20.0,5.0,15.5,1.282,5.367
Sweden,1942,0,0,5.0,8.625,0.58,16.812,0.4468,21.0,4.0,17.5,1.364,5.033
Sweden,1943,0,0,4.0,9.0,0.444,18.688,0.5306,22.0,3.0,18.5,1.471,4.833
Sweden,1944,0,0,3.875,8.5,0.456,17.375,0.4993,19.5,3.0,16.5,1.204,1.667
Sweden,1945,0,0,3.125,8.875,0.352,18.875,0.5675,19.5,3.0,19.5,1.111,0.333
Sweden,1946,0,0,3.25,8.875,0.366,18.812,0.5611,20.0,3.0,16.5,1.042,-0.833
Sweden,1947,0,0,3.0,9.0,0.333,19.75,0.6065,20.0,3.0,17.5,1.0,-0.933
Sweden,1948,0,0,2.625,9.25,0.284,20.688,0.654,23.0,2.0,19.5,0.833,-0.767
Sweden,1949,0,0,2.25,9.5,0.237,21.625,0.7033,23.0,2.0,21.0,0.833,-0.867
Sweden,1950,0,0,2.25,9.5,0.237,21.625,0.7033,23.0,2.0,21.0,0.833,-0.867
Sweden,1951,0,0,2.25,9.625,0.234,21.812,0.7069,23.0,2.0,21.0,0.833,-0.567
Sweden,1952,0,0,2.25,9.625,0.234,21.812,0.7069,23.0,2.0,21.0,0.833,-0.567
Sweden,1953,0,0,2.25,9.625,0.234,21.812,0.7069,23.0,2.0,21.0,0.833,-0.567
Sweden,1954,0,0,2.25,9.625,0.234,21.812,0.7069,23.0,2.0,21.0,0.833,-0.567
Sweden,1955,0,0,2.25,9.5,0.237,21.688,0.7069,23.0,2.0,21.0,0.833,-0.767
Sweden,1956,0,0,2.375,9.5,0.25,21.438,0.6897,23.0,2.0,19.0,0.769,-1.167
Sweden,1957,0,0,2.25,9.625,0.234,21.812,0.7069,23.0,2.0,22.0,0.833,-0.567
Sweden,1958,0,0,2.25,9.75,0.231,21.938,0.7069,23.0,2.0,22.0,0.833,-0.367
Sweden,1959,0,0,2.25,9.875,0.228,22.188,0.7125,23.0,2.0,23.0,0.833,-0.5
Sweden,1960,0,0,2.25,9.875,0.228,22.188,0.7125,23.0,2.0,23.0,0.833,-0.5
Sweden,1961,0,0,2.25,9.875,0.228,22.375,0.722,23.0,2.0,23.0,0.833,-1.0
Sweden,1962,0,0,2.25,9.875,0.228,22.375,0.722,23.0,2.0,23.0,0.833,-1.0
Sweden,1963,0,0,2.25,9.875,0.228,22.375,0.722,23.0,2.0,23.0,0.833,-1.0
Sweden,1964,0,0,2.25,9.875,0.228,22.375,0.722,23.0,2.0,23.0,0.833,-1.0
Sweden,1965,0,0,2.75,9.625,0.286,21.375,0.6632,23.0,2.0,20.0,1.154,0.067
Sweden,1966,0,0,3.25,9.625,0.338,20.5,0.6054,23.0,2.0,18.0,1.042,-0.8
Sweden,1967,0,0,3.75,9.625,0.39,19.625,0.5542,23.0,2.0,17.0,0.965,-1.133
Sweden,1968,0,0,3.75,9.625,0.39,19.625,0.5542,23.0,2.0,17.0,0.965,-1.133
Sweden,1969,0,0,4.625,9.0,0.514,17.625,0.4767,22.0,3.0,16.0,1.136,1.533
Sweden,1970,0,0,4.625,8.875,0.521,17.5,0.476,22.0,3.0,14.0,1.014,0.267
Sweden,1971,0,0,4.25,8.875,0.479,18.0,0.5029,22.0,3.0,15.0,1.032,0.0
Sweden,1972,0,0,5.875,8.125,0.723,15.0,0.3902,21.0,4.0,11.0,1.235,2.133
Sweden,1973,0,0,5.625,8.125,0.692,15.5,0.4086,20.0,4.0,14.0,1.218,1.867
Sweden,1974,0,0,5.875,7.75,0.758,14.5,0.3852,20.0,4.0,14.0,1.235,2.933
Sweden,1975,0,0,6.125,7.75,0.79,13.875,0.363,20.0,4.0,10.0,1.149,1.933
Sweden,1976,0,0,6.875,7.25,0.948,12.125,0.3191,20.0,4.0,7.0,1.29,3.4
Sweden,1977,0,0,6.25,7.5,0.833,13.375,0.3543,20.0,4.0,10.0,1.42,4.867
Sweden,1978,0,0,7.125,7.375,0.966,12.0,0.3099,20.0,4.0,9.0,1.302,4.267
Sweden,1979,0,0,6.25,7.625,0.82,13.25,0.3477,20.0,4.0,10.0,1.31,4.133
Sweden,1980,0,0,6.5,7.5,0.867,12.75,0.3303,20.0,4.0,10.0,1.222,3.333
Sweden,1981,0,0,5.625,8.125,0.692,15.25,0.3983,20.0,4.0,16.0,1.218,2.533
Sweden,1982,0,0,5.0,8.125,0.615,16.125,0.4411,20.0,4.0,17.0,1.111,2.333
Sweden,1983,0,0,4.375,8.25,0.53,17.125,0.4894,21.0,3.0,17.0,1.111,1.267
Sweden,1984,0,0,4.125,8.5,0.485,17.875,0.5148,21.0,3.0,17.0,1.083,0.867
Sweden,1985,0,0,5.625,8.25,0.682,15.25,0.4039,20.0,4.0,8.0,0.677,-3.333
Sweden,1986,0,0,4.875,8.25,0.591,16.5,0.4547,20.0,4.0,13.0,0.833,-1.333
Sweden,1987,0,0,4.5,8.5,0.529,17.375,0.4858,21.0,3.0,17.0,0.942,0.067
Sweden,1988,0,0,4.75,8.75,0.543,17.375,0.469,22.0,3.0,17.0,1.087,0.6
Sweden,1989,0,0,7.625,7.75,0.984,12.375,0.2981,20.0,5.0,9.0,1.324,3.8
Sweden,1990,0,0,8.0,6.625,1.208,9.75,0.2609,19.0,6.0,9.0,1.381,6.533
Sweden,1991,0,0,8.375,6.125,1.367,8.375,0.2366,18.0,7.0,11.0,1.351,9.133
Sweden,1992,0,0,7.125,6.875,1.036,11.625,0.3074,19.0,6.0,14.0,1.398,7.4
Sweden,1993,0,0,5.375,7.875,0.683,15.25,0.4131,21.0,4.0,16.0,1.319,4.133
Sweden,1994,0,0,4.5,8.5,0.529,17.5,0.4898,22.0,3.0,19.0,1.333,2.933
Sweden,1995,0,0,4.0,8.75,0.457,18.5,0.5319,22.0,3.0,19.0,1.14,0.8
Sweden,1996,0,0,3.625,9.0,0.403,19.375,0.57,22.0,3.0,20.0,1.176,-0.467
Sweden,1997,0,0,3.25,9.125,0.356,20.0,0.604,22.0,3.0,20.0,1.042,-1.6
Sweden,1998,0,0,3.25,9.125,0.356,20.0,0.604,22.0,3.0,20.0,1.042,-1.6
Sweden,1999,0,0,3.875,9.125,0.425,19.375,0.5537,22.0,3.0,20.0,1.204,-1.0
Sweden,2000,0,0,4.5,8.75,0.514,18.0,0.4973,22.0,3.0,20.0,1.19,-1.067
Sweden,2001,0,0,4.75,8.125,0.585,16.5,0.4609,22.0,3.0,17.0,1.212,0.267
Sweden,2002,0,0,4.5,8.375,0.537,17.125,0.4809,22.0,3.0,17.0,1.061,-0.867
Sweden,2003,0,0,3.875,8.375,0.463,17.875,0.5272,22.0,3.0,17.0,1.053,-0.733
Sweden,2004,0,0,3.5,8.75,0.4,19.0,0.57,22.0,3.0,17.0,0.926,-2.133
Sweden,2005,0,0,3.125,9.0,0.347,19.875,0.61,23.0,2.0,20.0,0.938,-2.333
Sweden,2006,0,0,3.0,9.125,0.329,20.25,0.6262,23.0,2.0,23.0,1.0,-1.733
Sweden,2007,0,0,4.375,8.5,0.515,18.125,0.5142,22.0,3.0,22.0,1.574,1.8
Sweden,2008,0,0,5.0,8.25,0.606,16.625,0.4551,22.0,3.0,21.0,1.667,4.2
Sweden,2009,0,0,4.25,8.75,0.486,18.0,0.5047,22.0,3.0,17.0,0.909,-3.733
Sweden,2010,0,0,4.375,8.625,0.507,17.625,0.4936,22.0,3.0,17.0,0.87,-4.333
Sweden,2011,0,0,4.5,8.625,0.522,17.5,0.4871,22.0,3.0,17.0,0.833,-4.533
Sweden,2012,0,0,4.625,8.5,0.544,17.125,0.4755,22.0,3.0,14.0,0.8,-5.133
Sweden,2013,0,0,5.0,8.5,0.588,16.75,0.454,22.0,3.0,11.0,0.802,-5.2
Sweden,2014,0,0,6.5,7.75,0.839,13.75,0.3519,14.0,8.0,7.0,0.741,-6.267
Sweden,2015,0,0,5.375,8.5,0.632,16.375,0.4302,18.0,6.0,11.0,0.805,-4.2
Sweden,2016,0,0,5.0,8.625,0.58,17.25,0.4645,21.0,4.0,13.0,0.897,-2.8
Sweden,2017,0,0,5.375,8.625,0.623,16.375,0.4315,21.0,4.0,7.0,0.805,-4.2
Sweden,2018,0,0,5.125,8.75,0.586,17.0,0.4504,21.0,4.0,11.0,0.864,-3.2
Sweden,2019,0,0,6.375,8.375,0.761,15.5,0.3798,18.0,7.0,18.0,1.369,3.467
Sweden,2020,0,0,5.375,8.625,0.623,16.875,0.4376,20.0,5.0,12.0,0.988,-1.267
Sweden,2021,0,0,5.75,8.5,0.676,16.125,0.413,21.0,4.0,16.0,0.977,-0.867
Sweden,2022,0,0,5.25,9.125,0.575,17.875,0.458,21.0,4.0,19.0,1.026,0.333
Sweden,2023,0,0,4.75,9.125,0.521,18.5,0.4939,22.0,3.0,19.0,1.087,0.8
Sweden,2024,0,0,4.75,9.5,0.5,19.125,0.5015,22.0,3.0,19.0,1.087,-0.333
Syria,1900,0,0,5.875,4.875,1.205,5.75,0.1973,7.5,5.0,2.5,1.131,0.667
Syria,1901,0,0,5.875,4.875,1.205,5.75,0.1973,7.5,5.0,2.5,1.131,0.667
Syria,1902,0,0,5.875,4.875,1.205,5.75,0.1973,7.5,5.0,2.5,1.131,0.667
Syria,1903,0,0,5.875,4.875,1.205,5.75,0.1973,7.5,5.0,2.5,1.131,0.667
Syria,1904,0,0,5.875,4.875,1.205,5.75,0.1973,7.5,5.0,2.5,1.131,0.667
Syria,1905,0,0,5.875,4.875,1.205,5.75,0.1973,7.5,5.0,2.5,1.131,0.667
Syria,1906,0,0,5.875,4.875,1.205,5.75,0.1973,7.5,5.0,2.5,1.131,0.667
Syria,1907,0,0,5.875,4.875,1.205,5.75,0.1973,7.5,5.0,2.5,1.131,0.667
Syria,1908,0,0,5.875,4.875,1.205,5.875,0.2018,7.5,5.0,3.0,1.131,0.867
Syria,1909,0,0,5.875,4.875,1.205,5.875,0.2018,7.5,5.0,3.0,1.131,0.867
Syria,1910,0,0,6.25,3.875,1.613,3.562,0.1683,4.5,6.0,1.0,1.022,0.633
Syria,1911,0,0,6.25,3.875,1.613,3.562,0.1683,4.5,6.0,1.0,1.022,0.633
Syria,1912,0,0,6.25,3.875,1.613,3.562,0.1683,4.5,6.0,1.0,1.022,0.633
Syria,1913,0,0,6.25,3.875,1.613,3.562,0.1683,4.5,6.0,1.0,1.022,0.633
Syria,1914,0,0,6.25,3.875,1.613,3.562,0.1683,4.5,6.0,1.0,1.022,0.633
Syria,1915,0,0,7.25,3.25,2.231,0.875,0.1213,1.0,7.0,-1.0,1.019,1.667
Syria,1916,0,0,6.125,4.0,1.531,3.75,0.1681,4.0,6.0,2.0,1.056,1.467
Syria,1917,0,0,5.25,4.0,1.312,4.75,0.1928,5.0,5.0,4.0,1.026,1.467
Syria,1918,0,0,5.25,4.0,1.312,4.75,0.1928,5.0,5.0,4.0,1.026,1.467
Syria,1919,0,0,5.25,4.0,1.312,4.75,0.1928,5.0,5.0,4.0,1.026,1.467
Syria,1920,0,0,5.25,4.0,1.312,4.75,0.1928,5.0,5.0,4.0,1.026,1.467
Syria,1921,0,0,5.25,4.0,1.312,4.75,0.1928,5.0,5.0,4.0,1.026,1.467
Syria,1922,0,0,5.25,4.0,1.312,4.75,0.1928,5.0,5.0,4.0,1.026,1.467
Syria,1923,0,0,5.25,4.0,1.312,4.75,0.1928,5.0,5.0,4.0,1.026,1.467
Syria,1924,0,0,5.25,4.0,1.312,4.75,0.1928,5.0,5.0,4.0,1.026,1.467
Syria,1925,0,0,4.375,4.0,1.094,5.625,0.2174,6.0,4.0,5.0,0.985,1.267
Syria,1926,0,0,4.375,4.0,1.094,5.625,0.2174,6.0,4.0,5.0,0.985,1.267
Syria,1927,0,0,4.375,4.0,1.094,5.625,0.2174,6.0,4.0,5.0,0.985,1.267
Syria,1928,0,0,5.25,4.0,1.312,4.75,0.1928,5.0,5.0,4.0,1.026,1.467
Syria,1929,0,0,5.25,4.0,1.312,4.75,0.1928,5.0,5.0,4.0,1.026,1.467
Syria,1930,0,0,5.25,4.0,1.312,4.75,0.1928,5.0,5.0,4.0,1.026,1.467
Syria,1931,0,0,4.375,4.0,1.094,5.625,0.2174,6.0,4.0,5.0,0.985,1.267
Syria,1932,0,0,4.375,4.0,1.094,5.625,0.2174,6.0,4.0,5.0,0.985,1.267
Syria,1933,0,0,5.5,4.0,1.375,4.5,0.1863,4.0,6.0,4.0,1.049,1.6
Syria,1934,0,0,6.25,3.625,1.724,3.375,0.1683,2.0,7.0,4.0,1.111,1.933
Syria,1935,0,0,6.75,3.25,2.077,1.75,0.1394,1.0,7.0,1.0,1.061,1.467
Syria,1936,0,0,7.0,3.25,2.154,1.5,0.1342,1.0,7.0,1.0,1.0,1.067
Syria,1937,0,0,7.5,2.875,2.609,0.0,0.1119,-2.0,8.0,-1.0,1.036,1.867
Syria,1938,0,0,6.625,3.125,2.12,1.625,0.1379,1.0,7.0,1.0,1.01,1.8
Syria,1939,0,0,6.5,3.125,2.08,1.75,0.1403,1.0,7.0,1.0,0.96,1.467
Syria,1940,0,0,6.5,3.125,2.08,1.75,0.1403,1.0,7.0,1.0,0.96,1.467
Syria,1941,0,0,6.5,3.125,2.08,1.75,0.1403,1.0,7.0,1.0,0.96,1.467
Syria,1942,0,0,5.5,3.125,1.76,2.75,0.1611,2.0,6.0,2.0,0.952,1.467
Syria,1943,0,0,5.5,3.125,1.76,2.75,0.1611,2.0,6.0,2.0,0.952,1.467
Syria,1944,0,0,6.25,3.125,2.0,2.0,0.1458,1.0,7.0,1.0,1.022,1.867
Syria,1945,0,0,6.75,3.125,2.16,1.5,0.1361,1.0,7.0,1.0,1.061,2.133
Syria,1946,0,0,7.625,2.25,3.389,-1.125,0.1023,-2.0,8.0,-2.0,1.009,1.133
Syria,1947,0,0,7.625,2.25,3.389,-1.125,0.1023,-2.0,8.0,-2.0,1.009,1.133
Syria,1948,0,0,7.625,2.25,3.389,-1.125,0.1023,-2.0,8.0,-2.0,1.009,1.133
Syria,1949,0,0,6.875,3.0,2.292,1.0,0.1276,1.0,7.0,0.0,1.029,1.333
Syria,1950,0,0,6.875,3.0,2.292,1.125,0.1306,1.0,7.0,1.0,1.029,1.533
Syria,1951,0,0,7.375,2.5,2.95,-0.375,0.1113,-2.0,8.0,1.0,1.065,2.333
Syria,1952,0,0,7.375,2.5,2.95,-0.375,0.1113,-2.0,8.0,1.0,1.065,2.333
Syria,1953,0,0,7.375,2.5,2.95,-0.375,0.1113,-2.0,8.0,1.0,1.065,2.333
Syria,1954,0,0,7.375,2.5,2.95,-0.375,0.1113,-2.0,8.0,1.0,1.065,2.333
Syria,1955,0,0,7.875,2.25,3.5,-1.375,0.0985,-2.0,8.0,-2.0,1.026,1.267
Syria,1956,0,0,7.375,2.5,2.95,-0.375,0.1113,-2.0,8.0,1.0,1.065,2.333
Syria,1957,0,0,7.375,2.5,2.95,-0.375,0.1113,-2.0,8.0,1.0,1.065,2.333
Syria,1958,0,0,7.375,2.5,2.95,-0.375,0.1113,-2.0,8.0,1.0,1.065,2.333
Syria,1959,0,0,7.125,2.75,2.591,0.375,0.1211,-2.0,8.0,4.0,1.127,3.533
Syria,1960,1,0,7.125,2.75,2.591,0.375,0.1211,-2.0,8.0,4.0,1.127,3.533
Syria,1961,1,0,7.25,2.75,2.636,0.25,0.1187,-2.0,8.0,4.0,1.095,3.333
Syria,1962,1,0,7.125,2.75,2.591,0.375,0.1211,-2.0,8.0,4.0,1.127,3.533
Syria,1963,0,1,7.25,2.75,2.636,0.25,0.1187,-2.0,8.0,4.0,1.095,3.333
Syria,1964,0,0,7.375,2.75,2.682,0.125,0.1164,-2.0,8.0,3.0,1.065,3.133
Syria,1965,0,0,7.375,2.75,2.682,0.125,0.1164,-2.0,8.0,3.0,1.065,3.133
Syria,1966,0,0,7.75,2.5,3.1,-0.75,0.1051,-2.0,8.0,0.0,0.983,1.733
Syria,1967,1,0,7.875,2.5,3.15,-0.875,0.1034,-2.0,8.0,0.0,1.026,2.067
Syria,1968,1,0,7.875,2.5,3.15,-0.875,0.1034,-2.0,8.0,0.0,1.026,2.067
Syria,1969,1,0,8.25,2.25,3.667,-1.75,0.0937,-3.0,9.0,-3.0,0.952,0.667
Syria,1970,0,1,6.875,2.5,2.75,0.125,0.1188,-1.0,7.0,1.0,1.029,2.067
Syria,1971,0,0,6.0,2.5,2.4,1.0,0.1341,0.0,6.0,1.0,1.0,1.867
Syria,1972,0,0,5.125,2.5,2.05,1.875,0.1509,1.0,5.0,2.0,0.962,1.667
Syria,1973,0,0,4.125,2.5,1.65,2.875,0.1733,2.0,4.0,3.0,0.952,1.667
Syria,1974,0,0,4.125,2.5,1.65,2.875,0.1733,2.0,4.0,3.0,0.952,1.667
Syria,1975,0,0,4.25,2.5,1.7,2.75,0.1702,2.0,4.0,3.0,0.909,1.467
Syria,1976,0,0,4.25,2.5,1.7,2.75,0.1702,2.0,4.0,3.0,0.909,1.467
Syria,1977,0,0,4.25,2.5,1.7,2.75,0.1702,2.0,4.0,3.0,0.909,1.467
Syria,1978,0,0,4.25,2.5,1.7,2.75,0.1702,2.0,4.0,3.0,0.909,1.467
Syria,1979,0,0,4.25,2.5,1.7,2.75,0.1702,2.0,4.0,3.0,0.909,1.467
Syria,1980,0,0,4.25,2.5,1.7,2.75,0.1702,2.0,4.0,3.0,0.909,1.467
Syria,1981,0,0,4.25,2.5,1.7,2.75,0.1702,2.0,4.0,3.0,0.909,1.467
Syria,1982,0,0,4.25,2.5,1.7,2.75,0.1702,2.0,4.0,3.0,0.909,1.467
Syria,1983,0,0,4.125,2.5,1.65,2.875,0.1733,2.0,4.0,3.0,0.952,1.667
Syria,1984,0,0,4.25,2.5,1.7,2.75,0.1702,2.0,4.0,3.0,0.909,1.467
Syria,1985,0,0,4.25,2.5,1.7,2.75,0.1702,2.0,4.0,3.0,0.909,1.467
Syria,1986,0,0,4.25,2.5,1.7,2.75,0.1702,2.0,4.0,3.0,0.909,1.467
Syria,1987,0,0,5.875,2.75,2.136,1.625,0.1431,2.0,6.0,2.0,1.034,1.8
Syria,1988,0,0,5.875,2.75,2.136,1.625,0.1431,2.0,6.0,2.0,1.034,1.8
Syria,1989,0,0,5.875,2.75,2.136,1.625,0.1431,2.0,6.0,2.0,1.034,1.8
Syria,1990,0,0,6.875,2.75,2.5,0.625,0.1246,1.0,7.0,1.0,1.029,1.8
Syria,1991,0,0,6.875,2.75,2.5,0.625,0.1246,1.0,7.0,1.0,1.029,1.8
Syria,1992,0,0,6.875,2.75,2.5,0.625,0.1246,1.0,7.0,1.0,1.029,1.8
Syria,1993,0,0,6.875,2.75,2.5,0.625,0.1246,1.0,7.0,1.0,1.029,1.8
Syria,1994,0,0,6.875,2.75,2.5,0.625,0.1246,1.0,7.0,1.0,1.029,1.8
Syria,1995,0,0,6.875,2.75,2.5,0.625,0.1246,1.0,7.0,1.0,1.029,1.8
Syria,1996,0,0,5.75,2.5,2.3,1.25,0.139,0.0,6.0,2.0,1.071,2.267
Syria,1997,0,0,5.75,2.5,2.3,1.25,0.139,0.0,6.0,2.0,1.071,2.267
Syria,1998,0,0,7.75,2.125,3.647,-1.562,0.0965,-2.0,8.0,-2.0,1.053,0.967
Syria,1999,0,0,9.875,1.125,8.778,-5.688,0.0565,-6.0,10.0,-6.0,1.02,0.767
Syria,2000,0,0,8.875,2.125,4.176,-2.688,0.0825,-3.0,9.0,-3.0,1.023,0.767
Syria,2001,0,0,8.875,2.125,4.176,-2.688,0.0825,-3.0,9.0,-3.0,1.023,0.767
Syria,2002,0,0,9.625,1.375,7.0,-4.938,0.0625,-6.0,10.0,-3.0,1.064,1.967
Syria,2003,0,0,9.625,1.375,7.0,-4.938,0.0625,-6.0,10.0,-3.0,1.064,1.967
Syria,2004,0,0,9.625,1.375,7.0,-4.938,0.0625,-6.0,10.0,-3.0,1.064,1.967
Syria,2005,0,0,9.625,1.375,7.0,-4.938,0.0625,-6.0,10.0,-3.0,1.064,1.967
Syria,2006,0,0,9.625,1.375,7.0,-4.938,0.0625,-6.0,10.0,-3.0,1.064,1.967
Syria,2007,0,0,9.625,1.375,7.0,-4.938,0.0625,-6.0,10.0,-3.0,1.064,1.967
Syria,2008,1,0,9.625,1.375,7.0,-4.938,0.0625,-6.0,10.0,-3.0,1.064,1.967
Syria,2009,1,0,9.625,1.375,7.0,-4.938,0.0625,-6.0,10.0,-3.0,1.064,1.967
Syria,2010,1,0,9.625,1.375,7.0,-4.938,0.0625,-6.0,10.0,-3.0,1.064,1.967
Syria,2011,0,1,9.625,1.375,7.0,-4.938,0.0625,-6.0,10.0,-3.0,1.064,1.967
Thailand,1900,0,0,4.75,6.875,0.691,11.812,0.3304,13.0,4.0,14.0,1.212,3.167
Thailand,1901,0,0,4.75,6.875,0.691,11.812,0.3304,13.0,4.0,14.0,1.212,3.167
Thailand,1902,0,0,4.75,6.875,0.691,11.812,0.3304,13.0,4.0,14.0,1.212,3.167
Thailand,1903,0,0,4.75,6.875,0.691,11.812,0.3304,13.0,4.0,14.0,1.212,3.167
Thailand,1904,0,0,4.75,6.875,0.691,11.812,0.3304,13.0,4.0,14.0,1.212,3.167
Thailand,1905,0,0,4.75,6.875,0.691,11.812,0.3304,13.0,4.0,14.0,1.212,3.167
Thailand,1906,0,0,4.75,6.875,0.691,11.812,0.3304,13.0,4.0,14.0,1.212,3.167
Thailand,1907,0,0,4.75,6.875,0.691,11.812,0.3304,13.0,4.0,14.0,1.212,3.167
Thailand,1908,0,0,4.75,6.875,0.691,11.812,0.3304,13.0,4.0,14.0,1.212,3.167
Thailand,1909,0,0,4.75,6.875,0.691,11.812,0.3304,13.0,4.0,14.0,1.212,3.167
Thailand,1910,0,0,4.75,6.875,0.691,11.812,0.3304,13.0,4.0,14.0,1.212,3.167
Thailand,1911,0,0,4.75,6.875,0.691,11.812,0.3304,13.0,4.0,14.0,1.212,3.167
Thailand,1912,0,0,4.75,6.875,0.691,11.812,0.3304,13.0,4.0,14.0,1.212,3.167
Thailand,1913,0,0,4.75,6.875,0.691,11.812,0.3304,13.0,4.0,14.0,1.212,3.167
Thailand,1914,0,0,4.75,6.875,0.691,11.812,0.3304,13.0,4.0,14.0,1.212,3.167
Thailand,1915,0,0,4.75,6.875,0.691,11.812,0.3304,13.0,4.0,14.0,1.212,3.167
Thailand,1916,0,0,4.75,6.875,0.691,11.812,0.3304,13.0,4.0,14.0,1.212,3.167
Thailand,1917,0,0,4.75,6.875,0.691,11.812,0.3304,13.0,4.0,14.0,1.212,3.167
Thailand,1918,0,0,4.75,6.875,0.691,11.812,0.3304,13.0,4.0,14.0,1.212,3.167
Thailand,1919,0,0,4.75,6.875,0.691,11.812,0.3304,13.0,4.0,14.0,1.212,3.167
Thailand,1920,0,0,4.75,6.875,0.691,11.812,0.3304,13.0,4.0,14.0,1.212,3.167
Thailand,1921,0,0,4.75,6.875,0.691,11.812,0.3304,13.0,4.0,14.0,1.212,3.167
Thailand,1922,0,0,4.75,6.875,0.691,11.812,0.3304,13.0,4.0,14.0,1.212,3.167
Thailand,1923,0,0,4.75,6.875,0.691,11.812,0.3304,13.0,4.0,14.0,1.212,3.167
Thailand,1924,0,0,4.75,6.875,0.691,11.812,0.3304,13.0,4.0,14.0,1.212,3.167
Thailand,1925,0,0,4.75,6.875,0.691,11.812,0.3304,13.0,4.0,14.0,1.212,3.167
Thailand,1926,0,0,4.75,6.875,0.691,11.812,0.3304,13.0,4.0,14.0,1.212,3.167
Thailand,1927,0,0,4.75,6.875,0.691,11.812,0.3304,13.0,4.0,14.0,1.212,3.167
Thailand,1928,0,0,4.75,6.875,0.691,11.812,0.3304,13.0,4.0,14.0,1.212,3.167
Thailand,1929,1,0,4.75,6.875,0.691,11.812,0.3304,13.0,4.0,14.0,1.212,3.167
Thailand,1930,1,0,4.75,6.75,0.704,11.562,0.3268,13.0,4.0,12.0,1.212,2.767
Thailand,1931,1,0,4.75,6.75,0.704,11.562,0.3268,13.0,4.0,12.0,1.212,2.767
Thailand,1932,0,1,5.875,6.125,0.959,9.312,0.267,9.0,6.0,9.0,1.034,0.767
Thailand,1933,0,0,6.0,6.0,1.0,8.938,0.259,9.0,6.0,9.0,1.0,0.167
Thailand,1934,0,0,6.0,6.0,1.0,8.938,0.259,9.0,6.0,9.0,1.0,0.167
Thailand,1935,0,0,6.0,6.0,1.0,8.938,0.259,9.0,6.0,9.0,1.0,0.167
Thailand,1936,0,0,6.0,6.0,1.0,8.938,0.259,9.0,6.0,9.0,1.0,0.167
Thailand,1937,0,0,6.0,6.0,1.0,8.938,0.259,9.0,6.0,9.0,1.0,0.167
Thailand,1938,0,0,6.0,6.0,1.0,8.938,0.259,9.0,6.0,9.0,1.0,0.167
Thailand,1939,0,0,6.0,6.0,1.0,8.938,0.259,9.0,6.0,9.0,1.0,0.167
Thailand,1940,0,0,6.0,6.0,1.0,8.938,0.259,9.0,6.0,9.0,1.0,0.167
Thailand,1941,0,0,7.0,5.0,1.4,5.5,0.1895,5.5,7.0,5.5,1.0,0.0
Thailand,1942,0,0,8.0,4.0,2.0,2.0,0.132,2.0,8.0,2.0,1.0,0.0
Thailand,1943,0,0,8.0,4.0,2.0,2.0,0.132,2.0,8.0,2.0,1.0,0.0
Thailand,1944,0,0,8.0,4.0,2.0,2.0,0.132,2.0,8.0,2.0,1.0,0.0
Thailand,1945,0,0,7.0,5.0,1.4,5.5,0.1895,5.5,7.0,5.5,1.0,0.0
Thailand,1946,0,0,6.0,6.0,1.0,8.5,0.2438,8.5,6.0,8.5,1.0,0.0
Thailand,1947,0,0,6.0,6.0,1.0,8.5,0.2438,8.5,6.0,8.5,1.0,0.0
Thailand,1948,0,0,6.0,6.0,1.0,8.5,0.2438,8.5,6.0,8.5,1.0,0.0
Thailand,1949,0,0,6.0,6.0,1.0,8.5,0.2438,8.5,6.0,8.5,1.0,0.0
Thailand,1950,0,0,6.0,6.0,1.0,8.5,0.2438,8.5,6.0,8.5,1.0,0.0
Thailand,1951,0,0,5.0,7.0,0.714,11.938,0.3275,12.0,5.0,12.0,1.0,0.167
Thailand,1952,0,0,5.0,7.0,0.714,11.938,0.3275,12.0,5.0,12.0,1.0,0.167
Thailand,1953,0,0,5.0,7.0,0.714,11.938,0.3275,12.0,5.0,12.0,1.0,0.167
Thailand,1954,0,0,5.0,7.0,0.714,11.938,0.3275,12.0,5.0,12.0,1.0,0.167
Thailand,1955,0,0,5.0,7.0,0.714,11.938,0.3275,12.0,5.0,12.0,1.0,0.167
Thailand,1956,0,0,5.0,7.0,0.714,11.938,0.3275,12.0,5.0,12.0,1.0,0.167
Thailand,1957,0,0,5.0,7.0,0.714,11.938,0.3275,12.0,5.0,12.0,1.0,0.167
Thailand,1958,0,0,5.0,7.0,0.714,11.938,0.3275,12.0,5.0,12.0,1.0,0.167
Thailand,1959,0,0,5.0,7.0,0.714,11.938,0.3275,12.0,5.0,12.0,1.0,0.167
Thailand,1960,0,0,5.0,7.0,0.714,11.938,0.3275,12.0,5.0,12.0,1.0,0.167
Thailand,1961,0,0,5.0,7.0,0.714,11.938,0.3275,12.0,5.0,12.0,1.0,0.167
Thailand,1962,0,0,5.0,7.0,0.714,11.938,0.3275,12.0,5.0,12.0,1.0,0.167
Thailand,1963,0,0,5.0,7.0,0.714,11.938,0.3275,12.0,5.0,12.0,1.0,0.167
Thailand,1964,0,0,5.0,7.0,0.714,11.938,0.3275,12.0,5.0,12.0,1.0,0.167
Thailand,1965,0,0,5.0,7.0,0.714,11.938,0.3275,12.0,5.0,12.0,1.0,0.167
Thailand,1966,0,0,5.0,7.0,0.714,11.938,0.3275,12.0,5.0,12.0,1.0,0.167
Thailand,1967,0,0,5.0,7.0,0.714,11.938,0.3275,12.0,5.0,12.0,1.0,0.167
Thailand,1968,0,0,5.0,7.0,0.714,11.938,0.3275,12.0,5.0,12.0,1.0,0.167
Thailand,1969,0,0,5.0,7.0,0.714,11.938,0.3275,12.0,5.0,12.0,1.0,0.167
Thailand,1970,1,0,5.0,7.0,0.714,11.938,0.3275,12.0,5.0,12.0,1.0,0.167
Thailand,1971,1,0,5.0,7.0,0.714,11.938,0.3275,12.0,5.0,12.0,1.0,0.167
Thailand,1972,1,0,4.625,7.375,0.627,13.062,0.3574,15.0,4.0,15.0,1.136,1.967
Thailand,1973,0,1,4.625,7.375,0.627,13.062,0.3574,15.0,4.0,15.0,1.136,1.967
Thailand,1974,0,0,4.625,7.375,0.627,13.062,0.3574,15.0,4.0,15.0,1.136,1.967
Thailand,1975,0,0,4.625,7.375,0.627,13.062,0.3574,15.0,4.0,15.0,1.136,1.967
Thailand,1976,0,0,4.625,7.375,0.627,13.062,0.3574,15.0,4.0,15.0,1.136,1.967
Thailand,1977,0,0,4.625,7.375,0.627,13.062,0.3574,15.0,4.0,15.0,1.136,1.967
Thailand,1978,0,0,4.625,7.375,0.627,13.062,0.3574,15.0,4.0,15.0,1.136,1.967
Thailand,1979,0,0,5.0,7.0,0.714,11.938,0.3275,12.0,5.0,12.0,1.0,0.167
Thailand,1980,0,0,5.0,7.0,0.714,11.938,0.3275,12.0,5.0,12.0,1.0,0.167
Thailand,1981,0,0,5.0,7.0,0.714,11.938,0.3275,12.0,5.0,12.0,1.0,0.167
Thailand,1982,0,0,5.0,7.0,0.714,11.938,0.3275,12.0,5.0,12.0,1.0,0.167
Thailand,1983,0,0,5.0,7.0,0.714,11.938,0.3275,12.0,5.0,12.0,1.0,0.167
Thailand,1984,0,0,6.0,6.0,1.0,8.938,0.259,9.0,6.0,9.0,1.0,0.167
Thailand,1985,0,0,6.0,6.0,1.0,8.938,0.259,9.0,6.0,9.0,1.0,0.167
Thailand,1986,0,0,6.0,6.0,1.0,8.938,0.259,9.0,6.0,9.0,1.0,0.167
Thailand,1987,0,0,6.0,6.0,1.0,8.938,0.259,9.0,6.0,9.0,1.0,0.167
Thailand,1988,0,0,5.0,6.0,0.833,9.938,0.2975,10.0,5.0,10.0,1.0,0.167
Thailand,1989,0,0,5.0,6.0,0.833,9.938,0.2975,10.0,5.0,10.0,1.0,0.167
Thailand,1990,0,0,5.0,6.0,0.833,9.938,0.2975,10.0,5.0,10.0,1.0,0.167
Thailand,1991,0,0,5.0,6.0,0.833,9.938,0.2975,10.0,5.0,10.0,1.0,0.167
Thailand,1992,0,0,5.0,6.0,0.833,9.938,0.2975,10.0,5.0,10.0,1.0,0.167
Thailand,1993,0,0,5.0,6.0,0.833,9.938,0.2975,10.0,5.0,10.0,1.0,0.167
Thailand,1994,0,0,5.0,6.0,0.833,9.938,0.2975,10.0,5.0,10.0,1.0,0.167
Thailand,1995,0,0,5.0,6.0,0.833,9.938,0.2975,10.0,5.0,10.0,1.0,0.167
Thailand,1996,0,0,5.0,6.0,0.833,9.938,0.2975,10.0,5.0,10.0,1.0,0.167
Thailand,1997,0,0,5.0,6.0,0.833,9.938,0.2975,10.0,5.0,10.0,1.0,0.167
Thailand,1998,0,0,4.0,7.0,0.571,12.938,0.3762,13.0,4.0,13.0,1.0,0.167
Thailand,1999,0,0,4.0,7.0,0.571,12.938,0.3762,13.0,4.0,13.0,1.0,0.167
Thailand,2000,0,0,4.0,7.0,0.571,12.938,0.3762,13.0,4.0,13.0,1.0,0.167
Thailand,2001,0,0,4.0,7.0,0.571,12.938,0.3762,13.0,4.0,13.0,1.0,0.167
Thailand,2002,0,0,4.0,7.0,0.571,12.938,0.3762,13.0,4.0,13.0,1.0,0.167
Thailand,2003,1,0,4.0,7.0,0.571,12.938,0.3762,13.0,4.0,13.0,1.0,0.167
Thailand,2004,1,0,4.0,7.0,0.571,12.938,0.3762,13.0,4.0,13.0,1.0,0.167
Thailand,2005,1,0,4.0,7.0,0.571,12.938,0.3762,13.0,4.0,13.0,1.0,0.167
Thailand,2006,0,1,4.0,7.0,0.571,12.938,0.3762,13.0,4.0,13.0,1.0,0.167
Thailand,2007,0,0,4.0,7.0,0.571,12.938,0.3762,13.0,4.0,13.0,1.0,0.167
Thailand,2008,0,0,4.0,7.0,0.571,12.938,0.3762,13.0,4.0,13.0,1.0,0.167
Thailand,2009,0,0,4.0,7.0,0.571,12.938,0.3762,13.0,4.0,13.0,1.0,0.167
Thailand,2010,0,0,4.0,7.0,0.571,12.938,0.3762,13.0,4.0,13.0,1.0,0.167
Thailand,2011,1,0,4.0,7.0,0.571,12.938,0.3762,13.0,4.0,13.0,1.0,0.167
Thailand,2012,1,0,4.0,7.0,0.571,12.938,0.3762,13.0,4.0,13.0,1.0,0.167
Thailand,2013,1,0,4.0,7.0,0.571,12.938,0.3762,13.0,4.0,13.0,1.0,0.167
Thailand,2014,0,1,4.0,7.0,0.571,12.938,0.3762,13.0,4.0,13.0,1.0,0.167
Thailand,2015,0,0,4.0,7.0,0.571,12.938,0.3762,13.0,4.0,13.0,1.0,0.167
Thailand,2016,0,0,4.0,7.0,0.571,12.938,0.3762,13.0,4.0,13.0,1.0,0.167
Thailand,2017,0,0,4.0,7.0,0.571,12.938,0.3762,13.0,4.0,13.0,1.0,0.167
Thailand,2018,0,0,4.0,7.0,0.571,12.938,0.3762,13.0,4.0,13.0,1.0,0.167
Thailand,2019,0,0,4.0,7.0,0.571,12.938,0.3762,13.0,4.0,13.0,1.0,0.167
Thailand,2020,0,0,4.0,7.0,0.571,12.938,0.3762,13.0,4.0,13.0,1.0,0.167
Thailand,2021,0,0,4.0,7.0,0.571,12.938,0.3762,13.0,4.0,13.0,1.0,0.167
Thailand,2022,0,0,4.0,7.0,0.571,12.938,0.3762,13.0,4.0,13.0,1.0,0.167
Thailand,2023,0,0,4.0,7.0,0.571,12.938,0.3762,13.0,4.0,13.0,1.0,0.167
Türkiye,1900,0,0,6.525,4.225,1.544,3.312,0.1516,6.7,5.0,4.1,1.214,5.407
Türkiye,1901,0,0,6.5,4.175,1.557,3.275,0.1519,6.7,5.0,4.2,1.222,5.347
Türkiye,1902,0,0,6.525,4.45,1.466,3.912,0.1612,6.9,5.0,7.3,1.214,5.94
Türkiye,1903,0,0,8.575,4.225,2.03,1.225,0.1124,5.3,6.2,5.3,1.095,6.547
Türkiye,1904,0,0,8.65,3.575,2.42,0.525,0.1095,3.3,7.0,4.8,1.066,6.227
Türkiye,1905,0,0,5.8,4.975,1.166,6.738,0.2216,11.0,4.0,11.6,1.156,6.993
Türkiye,1906,0,0,5.675,5.1,1.113,6.988,0.2278,11.8,4.0,12.8,1.336,8.033
Türkiye,1907,0,0,4.5,5.925,0.759,9.838,0.297,14.0,3.0,14.8,1.333,7.367
Türkiye,1908,0,0,5.5,5.775,0.952,7.763,0.2307,13.8,3.0,11.3,1.389,7.833
Türkiye,1909,0,0,4.75,5.8,0.819,8.825,0.2641,14.0,3.0,11.5,1.212,6.173
Türkiye,1910,0,0,4.75,5.925,0.802,9.05,0.2692,13.8,3.0,11.1,1.212,5.627
Türkiye,1911,0,0,5.25,5.8,0.905,8.188,0.2446,13.8,3.0,10.6,1.133,4.727
Türkiye,1912,0,0,6.0,5.325,1.127,6.375,0.2035,10.0,5.0,4.6,1.0,3.48
Türkiye,1913,0,0,4.65,5.9,0.788,9.112,0.2735,13.8,3.0,11.6,1.258,4.5
Türkiye,1914,0,0,5.75,5.75,1.0,7.488,0.224,12.0,4.0,6.6,0.977,2.433
Türkiye,1915,0,0,6.75,5.125,1.317,5.113,0.1767,9.8,5.0,3.6,0.98,2.793
Türkiye,1916,0,0,6.9,5.575,1.238,5.25,0.1678,7.5,6.0,5.6,1.023,3.707
Türkiye,1917,0,0,5.65,6.0,0.942,8.212,0.2383,11.3,4.0,10.3,1.005,2.9
Türkiye,1918,0,0,6.525,5.75,1.135,6.725,0.2027,10.1,5.0,6.6,0.954,2.013
Türkiye,1919,0,0,6.5,5.75,1.13,6.788,0.2039,10.1,5.0,6.6,0.96,2.22
Türkiye,1920,0,0,6.875,5.3,1.297,5.675,0.1877,8.3,6.0,3.8,0.952,1.667
Türkiye,1921,0,0,4.75,6.6,0.72,10.125,0.285,11.7,4.0,13.5,0.972,2.227
Türkiye,1922,0,0,4.75,6.675,0.712,10.487,0.2933,10.7,5.0,14.1,0.867,1.26
Türkiye,1923,0,0,6.275,6.625,0.947,8.262,0.2217,7.1,7.0,10.1,0.78,0.473
Türkiye,1924,0,0,7.075,6.375,1.11,6.65,0.1854,5.3,7.0,9.1,0.998,3.227
UAE,1970,0,0,4.875,5.375,0.907,8.562,0.2713,5.5,5.0,8.0,1.042,0.1
UAE,1971,0,0,5.125,5.375,0.953,8.312,0.2623,5.5,5.0,7.0,0.962,-0.3
UAE,1972,0,0,4.875,6.125,0.796,9.75,0.2844,6.5,5.0,10.0,1.042,0.4
UAE,1973,0,0,4.625,6.625,0.698,11.562,0.3326,8.0,5.0,12.5,1.136,1.7
UAE,1974,0,0,4.0,7.375,0.542,13.438,0.3823,10.0,4.0,15.5,1.296,2.3
UAE,1975,0,0,3.625,7.875,0.46,15.312,0.4443,12.5,4.0,16.0,1.019,1.033
UAE,1976,0,0,3.5,7.875,0.444,15.562,0.4569,12.5,4.0,17.0,1.078,1.433
UAE,1977,0,0,3.875,8.625,0.449,16.75,0.4647,14.5,4.0,18.0,0.917,-0.4
UAE,1978,0,0,4.25,8.625,0.493,16.562,0.4476,16.0,4.0,18.0,0.909,-0.167
UAE,1979,0,0,4.375,8.625,0.507,16.312,0.4358,17.0,4.0,16.0,0.87,-1.1
UAE,1980,0,0,4.125,8.625,0.478,16.562,0.4509,17.0,4.0,17.0,0.952,-0.7
UAE,1981,0,0,4.25,8.625,0.493,16.438,0.4438,17.0,4.0,17.0,0.909,-0.9
UAE,1982,0,0,4.5,8.75,0.514,16.5,0.4361,17.0,4.0,16.0,0.942,-0.8
UAE,1983,0,0,5.125,9.25,0.554,17.312,0.431,18.5,4.0,16.5,1.067,0.767
UAE,1984,0,0,5.25,9.25,0.568,17.188,0.4241,18.5,4.0,16.5,1.026,0.567
UAE,1985,0,0,5.75,9.5,0.605,17.062,0.402,19.5,4.0,15.5,1.071,1.433
UAE,1986,0,0,3.5,9.625,0.364,19.938,0.567,21.0,3.0,19.5,1.078,1.233
UAE,1987,0,0,3.0,9.625,0.312,20.438,0.6063,21.0,3.0,20.5,1.0,0.967
UAE,1988,0,0,3.0,9.625,0.312,20.438,0.6063,21.0,3.0,20.5,1.0,0.967
UAE,1989,0,0,2.625,10.0,0.262,21.688,0.6645,22.0,3.0,23.0,1.026,0.833
UAE,1990,0,0,2.625,10.0,0.262,21.688,0.6645,22.0,3.0,23.0,1.026,0.833
UAE,1991,0,0,3.25,10.0,0.325,21.062,0.6099,22.0,3.0,23.0,1.222,1.433
UAE,1992,0,0,3.625,10.0,0.362,20.688,0.5785,22.0,3.0,22.0,1.176,1.367
UAE,1993,0,0,3.25,10.0,0.325,21.062,0.6093,22.0,3.0,22.0,1.222,1.433
UAE,1994,0,0,3.75,10.0,0.375,20.562,0.5682,22.0,3.0,21.0,1.111,1.167
UAE,1995,0,0,4.25,10.0,0.425,20.062,0.5318,22.0,3.0,20.0,0.909,0.367
UAE,1996,0,0,4.0,10.0,0.4,20.312,0.5494,22.0,3.0,20.0,1.0,0.767
UAE,1997,0,0,3.75,10.0,0.375,20.562,0.5691,22.0,3.0,20.0,0.965,0.633
UAE,1998,0,0,3.5,10.0,0.35,20.812,0.5888,22.0,3.0,20.0,1.078,1.033
UAE,1999,0,0,4.25,10.0,0.425,20.062,0.5317,21.0,4.0,20.0,1.316,1.433
UAE,2000,0,0,4.75,10.0,0.475,19.562,0.4976,21.0,4.0,20.0,1.5,2.233
UAE,2001,0,0,5.625,10.0,0.562,18.562,0.4401,21.0,4.0,19.0,1.594,3.3
UAE,2002,0,0,6.75,9.625,0.701,16.312,0.3616,20.0,5.0,18.0,1.437,5.567
UAE,2003,0,0,5.625,9.75,0.577,17.938,0.4265,20.0,5.0,19.0,1.218,3.367
UAE,2004,0,0,4.25,10.0,0.425,19.938,0.5268,21.0,4.0,21.0,1.167,1.233
UAE,2005,0,0,4.375,10.0,0.438,19.938,0.5211,21.0,4.0,20.0,0.985,0.7
UAE,2006,0,0,4.125,10.0,0.412,20.375,0.5461,21.0,4.0,21.0,0.952,0.6
UAE,2007,0,0,3.75,10.0,0.375,20.812,0.5796,21.0,4.0,21.0,0.965,0.5
UAE,2008,0,0,4.25,10.0,0.425,20.438,0.5443,21.0,4.0,21.0,0.909,0.433
UAE,2009,0,0,5.125,10.0,0.512,19.438,0.4795,21.0,4.0,20.0,0.962,0.433
UAE,2010,0,0,5.125,10.0,0.512,19.438,0.4795,21.0,4.0,20.0,0.962,0.433
UAE,2011,0,0,4.375,10.0,0.438,20.312,0.5349,21.0,4.0,21.0,0.87,0.233
UAE,2012,0,0,4.0,10.0,0.4,20.688,0.5632,21.0,4.0,21.0,1.0,0.833
UAE,2013,0,0,4.75,10.0,0.475,20.062,0.5135,21.0,4.0,20.0,1.212,1.433
UAE,2014,0,0,5.375,10.0,0.538,19.312,0.4709,21.0,4.0,19.0,1.319,2.367
UAE,2015,0,0,4.5,10.0,0.45,20.5,0.5381,21.0,4.0,20.0,1.333,1.333
UAE,2016,0,0,3.375,10.0,0.338,21.625,0.6269,22.0,3.0,21.0,0.98,-0.067
UAE,2017,0,0,3.375,10.0,0.338,21.625,0.6269,22.0,3.0,21.0,0.98,-0.067
UAE,2018,0,0,3.625,10.0,0.362,21.375,0.6062,22.0,3.0,21.0,1.019,0.067
UAE,2019,0,0,3.625,10.0,0.362,21.375,0.6062,22.0,3.0,21.0,1.019,0.067
USA,1900,0,0,2.975,5.85,0.509,11.4,0.3709,10.5,2.8,11.5,1.208,0.533
USA,1901,0,0,2.975,5.85,0.509,11.4,0.3709,10.5,2.8,11.5,1.208,0.533
USA,1902,0,0,2.975,5.85,0.509,11.4,0.3709,10.5,2.8,11.5,1.208,0.533
USA,1903,0,0,2.975,5.85,0.509,11.4,0.3709,10.5,2.8,11.5,1.208,0.533
USA,1904,0,0,2.975,5.85,0.509,11.4,0.3709,10.5,2.8,11.5,1.208,0.533
USA,1905,0,0,2.975,5.85,0.509,11.4,0.3709,10.5,2.8,11.5,1.208,0.533
USA,1906,0,0,2.975,5.85,0.509,11.4,0.3709,10.5,2.8,11.5,1.208,0.533
USA,1907,0,0,3.75,5.45,0.688,9.562,0.3097,10.1,2.8,9.5,1.345,1.967
USA,1908,0,0,3.025,5.825,0.519,11.212,0.3634,10.5,2.8,11.5,1.256,0.873
USA,1909,0,0,3.025,5.825,0.519,11.212,0.3634,10.5,2.8,11.5,1.256,0.873
USA,1910,0,0,3.025,6.1,0.496,11.725,0.3734,10.5,2.8,12.1,1.174,0.147
USA,1911,0,0,3.025,6.1,0.496,11.725,0.3734,10.5,2.8,12.1,1.174,0.147
USA,1912,0,0,3.025,6.1,0.496,11.725,0.3734,10.5,2.8,12.1,1.174,0.147
USA,1913,0,0,3.025,6.1,0.496,11.725,0.3734,10.5,2.8,12.1,1.174,0.147
USA,1914,0,0,3.025,6.1,0.496,11.725,0.3734,10.5,2.8,12.1,1.174,0.147
USA,1915,0,0,3.025,6.1,0.496,11.725,0.3734,10.5,2.8,12.1,1.174,0.147
USA,1916,0,0,3.025,6.1,0.496,11.725,0.3734,10.5,2.8,12.1,1.174,0.147
USA,1917,0,0,3.925,6.7,0.586,12.112,0.3567,10.9,3.6,13.0,1.147,0.873
USA,1918,0,0,3.85,7.15,0.538,13.112,0.3784,11.9,3.0,14.1,1.185,0.607
USA,1919,0,0,4.075,5.925,0.688,10.475,0.3233,10.3,3.2,10.5,1.163,1.773
USA,1920,0,0,3.125,5.9,0.53,11.312,0.3643,10.3,3.0,11.5,1.111,0.127
USA,1921,0,0,3.5,5.55,0.631,10.35,0.3368,10.3,3.0,11.5,1.444,2.693
USA,1922,0,0,2.95,5.925,0.498,11.588,0.3759,10.7,2.6,11.7,1.225,0.247
USA,1923,0,0,2.95,5.925,0.498,11.588,0.3759,10.7,2.6,11.7,1.225,0.247
USA,1924,0,0,2.95,5.925,0.498,11.588,0.3759,10.7,2.6,11.7,1.225,0.247
USA,1925,0,0,2.975,6.65,0.447,13.1,0.4082,11.5,3.0,14.0,1.167,0.213
USA,1926,1,0,2.975,6.65,0.447,13.1,0.4082,11.5,3.0,14.0,1.167,0.213
USA,1927,1,0,2.975,6.65,0.447,13.1,0.4082,11.5,3.0,14.0,1.167,0.213
USA,1928,1,0,2.975,6.65,0.447,13.1,0.4082,11.5,3.0,14.0,1.167,0.213
USA,1929,0,1,5.05,5.275,0.957,8.062,0.2574,9.2,4.0,8.3,1.366,3.3
USA,1930,0,0,5.875,4.45,1.32,5.4,0.2018,7.7,4.2,5.2,1.417,4.16
USA,1931,0,0,6.525,4.325,1.509,4.0,0.1696,6.4,4.6,3.2,1.44,4.32
USA,1932,0,0,7.075,4.025,1.758,2.713,0.1479,5.8,5.0,1.2,1.416,4.66
USA,1933,0,0,6.25,4.725,1.323,5.488,0.196,6.6,5.0,7.8,1.42,4.087
USA,1934,0,0,5.55,5.125,1.083,6.8,0.2215,8.0,4.0,9.6,1.366,3.68
USA,1935,0,0,4.825,5.55,0.869,8.612,0.2673,8.7,3.8,11.0,1.312,1.94
USA,1936,0,0,4.825,5.55,0.869,8.612,0.2673,8.7,3.8,11.0,1.312,1.94
USA,1937,0,0,4.825,5.55,0.869,8.612,0.2673,8.7,3.8,11.0,1.312,1.94
USA,1938,0,0,4.825,5.55,0.869,8.612,0.2673,8.7,3.8,11.0,1.312,1.94
USA,1939,0,0,3.95,5.95,0.664,10.438,0.3209,9.3,3.2,12.6,1.076,1.233
USA,1940,0,0,3.6,6.65,0.541,12.175,0.3641,11.5,3.0,13.0,0.942,-0.147
USA,1941,0,0,3.85,7.625,0.505,14.538,0.4142,14.0,3.0,15.5,0.952,-0.473
USA,1942,0,0,3.85,7.625,0.505,14.538,0.4142,14.0,3.0,15.5,0.952,-0.473
USA,1943,0,0,3.45,7.85,0.439,15.262,0.4417,14.0,3.0,15.7,0.918,-1.127
USA,1944,0,0,3.45,7.85,0.439,15.262,0.4417,14.0,3.0,15.7,0.918,-1.127
USA,1945,0,0,3.15,7.5,0.42,14.912,0.4484,14.0,3.0,16.5,1.096,0.127
USA,1946,0,0,3.275,7.125,0.46,13.862,0.4186,14.0,3.0,13.6,1.097,0.153
USA,1947,0,0,3.275,7.125,0.46,13.862,0.4186,14.0,3.0,13.6,1.097,0.153
USA,1948,0,0,3.275,7.125,0.46,13.862,0.4186,14.0,3.0,13.6,1.097,0.153
USA,1949,0,0,3.275,7.125,0.46,13.862,0.4186,14.0,3.0,13.6,1.097,0.153
USA,1950,0,0,3.275,7.35,0.446,14.413,0.4315,14.0,3.0,13.4,0.872,-0.993
USA,1951,0,0,3.275,7.35,0.446,14.413,0.4315,14.0,3.0,13.4,0.872,-0.993
USA,1952,0,0,3.275,7.35,0.446,14.413,0.4315,14.0,3.0,13.4,0.872,-0.993
USA,1953,0,0,3.275,7.35,0.446,14.413,0.4315,14.0,3.0,13.4,0.872,-0.993
USA,1954,0,0,3.125,7.25,0.431,14.312,0.4342,14.0,3.0,13.8,0.938,-1.153
USA,1955,0,0,3.125,7.25,0.431,14.312,0.4342,14.0,3.0,13.8,0.938,-1.153
USA,1956,0,0,3.125,7.25,0.431,14.312,0.4342,14.0,3.0,13.8,0.938,-1.153
USA,1957,0,0,3.125,7.25,0.431,14.312,0.4342,14.0,3.0,13.8,0.938,-1.153
USA,1958,0,0,3.125,7.25,0.431,14.312,0.4342,14.0,3.0,13.8,0.938,-1.153
USA,1959,0,0,3.125,7.25,0.431,14.312,0.4342,14.0,3.0,13.8,0.938,-1.153
USA,1960,0,0,3.125,7.25,0.431,14.312,0.4342,14.0,3.0,13.8,0.938,-1.153
USA,1961,0,0,3.125,7.25,0.431,14.312,0.4342,14.0,3.0,13.8,0.938,-1.153
USA,1962,0,0,3.375,7.35,0.459,14.262,0.4241,14.0,3.0,13.0,0.833,-1.447
USA,1963,0,0,3.725,7.3,0.51,13.738,0.3997,14.0,3.0,12.6,0.842,-1.54
USA,1964,0,0,3.725,7.3,0.51,13.738,0.3997,14.0,3.0,12.6,0.842,-1.54
USA,1965,0,0,3.725,7.3,0.51,13.738,0.3997,14.0,3.0,12.6,0.842,-1.54
USA,1966,0,0,3.725,7.3,0.51,13.738,0.3997,14.0,3.0,12.6,0.842,-1.54
USA,1967,0,0,4.675,7.1,0.658,11.962,0.331,13.6,3.4,8.3,0.827,-1.5
USA,1968,0,0,5.55,6.3,0.881,9.362,0.2666,10.6,4.0,4.6,0.8,-2.727
USA,1969,0,0,5.0,6.425,0.778,10.238,0.2908,10.6,4.0,7.9,0.84,-1.593
USA,1970,0,0,5.0,6.425,0.778,10.238,0.2908,10.6,4.0,7.9,0.84,-1.593
USA,1971,0,0,5.0,6.425,0.778,10.238,0.2908,10.6,4.0,7.9,0.84,-1.593
USA,1972,0,0,5.0,6.425,0.778,10.238,0.2908,10.6,4.0,7.9,0.84,-1.593
USA,1973,0,0,5.65,5.825,0.97,8.3,0.2465,10.5,4.0,3.6,0.949,0.053
USA,1974,0,0,6.175,5.475,1.128,7.012,0.2197,9.3,4.8,1.0,0.955,-0.14
USA,1975,0,0,4.95,5.875,0.843,9.275,0.2776,9.7,4.4,8.7,1.061,0.28
USA,1976,0,0,4.95,5.875,0.843,9.275,0.2776,9.7,4.4,8.7,1.061,0.28
USA,1977,0,0,4.95,5.875,0.843,9.275,0.2776,9.7,4.4,8.7,1.061,0.28
USA,1978,0,0,4.95,5.875,0.843,9.275,0.2776,9.7,4.4,8.7,1.061,0.28
USA,1979,0,0,5.7,5.375,1.06,7.55,0.2381,9.1,4.6,5.9,1.148,1.36
USA,1980,0,0,5.7,5.375,1.06,7.55,0.2381,9.1,4.6,5.9,1.148,1.36
USA,1981,0,0,5.2,5.7,0.912,8.775,0.2679,10.3,4.2,10.2,1.322,3.907
USA,1982,0,0,5.2,5.7,0.912,8.775,0.2679,10.3,4.2,10.2,1.322,3.907
USA,1983,0,0,4.725,5.95,0.794,9.825,0.2955,10.3,4.2,12.4,1.171,2.173
USA,1984,0,0,4.075,6.625,0.615,12.038,0.3567,14.0,3.0,13.1,1.163,0.647
USA,1985,0,0,4.075,6.625,0.615,12.038,0.3567,14.0,3.0,13.1,1.163,0.647
USA,1986,0,0,4.075,6.625,0.615,12.038,0.3567,14.0,3.0,13.1,1.163,0.647
USA,1987,0,0,4.075,6.625,0.615,12.038,0.3567,14.0,3.0,13.1,1.163,0.647
USA,1988,0,0,4.075,6.625,0.615,12.038,0.3567,14.0,3.0,13.1,1.163,0.647
USA,1989,0,0,3.5,7.0,0.5,13.5,0.4067,14.0,3.0,14.0,1.145,1.067
USA,1990,0,0,3.5,7.0,0.5,13.5,0.4067,14.0,3.0,14.0,1.145,1.067
USA,1991,0,0,3.5,7.0,0.5,13.5,0.4067,14.0,3.0,14.0,1.145,1.067
USA,1992,0,0,3.5,7.125,0.491,13.688,0.4082,14.0,3.0,13.2,1.047,-0.34
USA,1993,0,0,3.5,7.125,0.491,13.688,0.4082,14.0,3.0,13.2,1.047,-0.34
USA,1994,0,0,3.5,7.125,0.491,13.688,0.4082,14.0,3.0,13.2,1.047,-0.34
USA,1995,0,0,3.5,7.125,0.491,13.688,0.4082,14.0,3.0,13.2,1.047,-0.34
USA,1996,0,0,3.5,7.125,0.491,13.688,0.4082,14.0,3.0,13.2,1.047,-0.34
USA,1997,0,0,3.05,7.525,0.405,15.175,0.4612,14.0,3.0,16.5,1.044,-0.467
USA,1998,1,0,3.05,7.525,0.405,15.175,0.4612,14.0,3.0,16.5,1.044,-0.467
USA,1999,1,0,3.05,7.525,0.405,15.175,0.4612,14.0,3.0,16.5,1.044,-0.467
USA,2000,1,0,3.05,7.525,0.405,15.175,0.4612,14.0,3.0,16.5,1.044,-0.467
USA,2001,0,1,4.625,7.075,0.654,12.412,0.346,13.0,4.0,12.0,1.014,1.46
USA,2002,0,0,4.625,7.075,0.654,12.412,0.346,13.0,4.0,12.0,1.014,1.46
USA,2003,0,0,4.6,7.05,0.652,12.338,0.3446,13.0,4.0,12.0,0.977,0.7
USA,2004,0,0,4.6,7.05,0.652,12.338,0.3446,13.0,4.0,12.0,0.977,0.7
USA,2005,1,0,4.6,7.05,0.652,12.338,0.3446,13.0,4.0,12.0,0.977,0.7
USA,2006,1,0,4.6,7.05,0.652,12.338,0.3446,13.0,4.0,12.0,0.977,0.7
USA,2007,1,0,4.9,6.625,0.74,11.2,0.3174,13.0,4.0,12.0,1.033,0.693
USA,2008,0,1,6.6,5.475,1.205,6.488,0.205,9.5,5.0,6.3,1.228,3.82
USA,2009,0,0,6.05,5.75,1.052,7.875,0.2345,9.5,5.0,8.5,1.194,2.68
USA,2010,0,0,5.125,6.0,0.854,9.388,0.2761,9.7,4.8,10.0,1.067,1.687
USA,2011,0,0,5.125,6.0,0.854,9.388,0.2761,9.7,4.8,10.0,1.067,1.687
USA,2012,0,0,4.475,6.625,0.675,11.575,0.3345,13.0,4.0,11.9,0.95,-0.413
USA,2013,0,0,4.475,6.625,0.675,11.575,0.3345,13.0,4.0,11.9,0.95,-0.413
USA,2014,0,0,4.475,6.625,0.675,11.575,0.3345,13.0,4.0,11.9,0.95,-0.413
USA,2015,0,0,4.475,6.625,0.675,11.575,0.3345,13.0,4.0,11.9,0.95,-0.413
USA,2016,0,0,4.8,6.475,0.741,10.725,0.3087,13.0,4.0,7.1,0.853,-1.773
USA,2017,0,0,5.025,6.375,0.788,10.375,0.2991,13.0,4.0,6.3,0.833,-2.333
USA,2018,1,0,5.025,6.375,0.788,10.375,0.2991,13.0,4.0,6.3,0.833,-2.333
USA,2019,1,0,5.025,6.375,0.788,10.375,0.2991,13.0,4.0,6.3,0.833,-2.333
USA,2020,1,0,7.075,5.3,1.335,5.55,0.1838,9.5,5.0,1.8,1.141,2.0
USA,2021,0,1,6.275,5.625,1.116,7.262,0.2197,9.5,5.0,4.5,1.032,-0.06
USA,2022,0,0,6.275,5.625,1.116,7.262,0.2197,9.5,5.0,4.5,1.032,-0.06
USA,2023,0,0,6.275,5.625,1.116,7.262,0.2197,9.5,5.0,4.5,1.032,-0.06
USA,2024,0,0,6.6,5.675,1.163,6.825,0.207,9.5,5.0,3.4,1.0,-0.547
USA,2025,0,0,7.325,4.95,1.48,4.725,0.172,6.5,6.0,1.0,1.046,0.307
Ukraine,1931,1,0,7.5,5.0,1.5,5.0,0.1732,12.0,5.0,10.0,1.036,3.733
Ukraine,1932,0,1,8.125,4.25,1.912,3.0,0.1435,10.0,6.0,8.0,1.111,6.133
Ukraine,1933,0,0,7.25,3.75,1.933,2.938,0.1365,8.5,5.0,12.0,1.176,7.1
Ukraine,1934,0,0,4.875,5.75,0.848,9.062,0.2724,15.0,3.0,15.0,0.933,1.967
Ukraine,1935,0,0,4.375,6.625,0.66,11.25,0.3196,16.5,3.0,16.5,0.985,0.4
Ukraine,1936,0,0,4.875,6.625,0.736,10.625,0.2921,15.5,4.0,13.5,0.933,-0.067
Ukraine,1937,0,0,8.375,5.0,1.675,3.375,0.1381,8.0,8.0,6.0,0.815,-2.6
Ukraine,1938,0,0,7.0,5.375,1.302,5.75,0.1812,9.0,7.0,10.0,0.856,-2.0
Ukraine,1939,0,0,6.625,5.75,1.152,6.75,0.1971,10.0,6.0,12.0,1.01,-0.4
Ukraine,1940,0,0,6.0,6.625,0.906,9.125,0.2393,13.0,5.0,15.0,1.092,-0.6
Ukraine,1941,0,0,10.0,2.125,4.706,-4.312,0.0528,-2.5,10.0,-2.5,1.0,0.833
Ukraine,1942,0,0,8.25,4.25,1.941,1.188,0.1086,4.5,7.0,3.0,1.083,3.5
Ukraine,1943,0,0,10.0,3.25,3.077,-1.812,0.0755,-2.0,10.0,2.5,1.0,5.1
Ukraine,1944,0,0,8.875,4.25,2.088,1.688,0.114,3.5,9.0,7.0,1.023,5.633
Ukraine,1945,0,0,6.875,5.125,1.341,5.688,0.1844,8.0,7.0,12.0,1.198,5.9
Ukraine,1946,0,0,7.75,4.625,1.676,3.75,0.1521,12.0,5.0,8.0,1.204,6.533
Ukraine,1947,0,0,7.625,4.625,1.649,4.0,0.1591,12.0,5.0,8.0,1.157,5.333
Ukraine,1948,0,0,5.125,6.0,0.854,9.375,0.2709,15.0,4.0,15.0,1.067,2.467
Ukraine,1949,0,0,4.375,6.625,0.66,11.375,0.3224,16.5,3.0,18.0,0.985,0.6
Ukraine,1950,0,0,4.125,7.125,0.579,12.625,0.3505,18.5,3.0,18.5,0.952,0.2
Ukraine,1951,0,0,4.25,7.0,0.607,12.25,0.3416,18.5,3.0,18.5,0.909,-0.4
Ukraine,1952,0,0,5.375,7.0,0.768,11.0,0.2881,17.5,4.0,15.5,0.893,-0.8
Ukraine,1953,0,0,5.5,7.125,0.772,10.75,0.2757,14.5,5.0,10.5,0.862,-2.267
Ukraine,1954,0,0,3.75,7.5,0.5,13.625,0.3819,16.5,3.0,17.5,1.111,0.2
Ukraine,1955,0,0,3.875,7.5,0.517,13.375,0.3707,16.5,3.0,17.5,1.053,-0.2
Ukraine,1956,0,0,5.0,7.125,0.702,11.188,0.2968,13.5,5.0,11.5,0.714,-3.7
Ukraine,1957,0,0,4.5,7.5,0.6,12.75,0.3448,14.5,4.0,13.5,0.833,-2.267
Ukraine,1958,0,0,4.5,7.5,0.6,13.25,0.3608,15.5,4.0,13.5,0.833,-3.067
Ukraine,1959,0,0,4.75,7.375,0.644,12.688,0.3428,15.5,4.0,13.5,0.972,-1.567
Ukraine,1960,0,0,5.125,7.25,0.707,11.938,0.3172,15.5,4.0,13.5,1.067,-1.167
Ukraine,1961,0,0,5.75,7.125,0.807,10.938,0.2846,15.5,4.0,12.5,1.071,-0.633
Ukraine,1962,0,0,6.5,6.5,1.0,8.875,0.2403,13.5,5.0,9.5,1.129,1.133
Ukraine,1963,0,0,6.375,6.375,1.0,8.75,0.2406,13.5,5.0,6.5,0.99,-0.133
Ukraine,1964,0,0,5.0,7.0,0.714,11.562,0.3144,15.5,4.0,11.5,0.897,-1.233
Ukraine,1965,0,0,3.75,7.75,0.484,14.188,0.3912,18.5,3.0,18.0,1.111,-1.3
Ukraine,1966,0,0,3.75,7.5,0.5,13.812,0.3861,18.5,3.0,18.0,1.111,-1.367
Ukraine,1967,0,0,4.125,7.5,0.55,13.125,0.3577,18.5,3.0,18.0,1.228,-0.067
Ukraine,1968,0,0,4.75,7.0,0.679,11.875,0.3245,17.5,4.0,17.0,0.972,-1.0
Ukraine,1969,0,0,5.0,7.0,0.714,11.5,0.3099,17.5,4.0,17.0,1.111,0.0
Ukraine,1970,0,0,5.25,6.625,0.792,10.562,0.289,17.0,4.0,14.0,1.133,0.1
Ukraine,1971,0,0,5.75,6.25,0.92,9.438,0.2646,14.0,5.0,14.0,1.173,0.967
Ukraine,1972,0,0,6.0,6.125,0.98,8.938,0.251,14.0,5.0,11.0,1.092,0.167
Ukraine,1973,0,0,6.0,6.25,0.96,9.062,0.251,14.0,5.0,11.0,1.092,0.367
Ukraine,1974,0,0,5.875,6.5,0.904,9.688,0.2629,14.0,5.0,12.5,1.131,0.833
Ukraine,1975,0,0,8.875,5.875,1.511,5.125,0.1545,7.0,9.0,3.0,0.851,-4.333
Ukraine,1976,0,0,7.375,6.125,1.204,7.562,0.208,10.5,7.0,7.5,0.991,-0.433
Ukraine,1977,0,0,7.25,5.75,1.261,7.062,0.2072,9.5,7.0,5.5,1.019,0.367
Ukraine,1978,0,0,8.0,5.375,1.488,5.625,0.1811,6.0,8.0,2.0,1.0,-0.6
Ukraine,1979,0,0,8.375,4.625,1.811,3.875,0.1606,5.0,8.0,-1.0,1.057,1.133
Ukraine,1980,0,0,7.875,5.0,1.575,5.125,0.1814,6.0,8.0,5.0,1.026,0.733
Ukraine,1981,0,0,8.75,4.0,2.188,1.688,0.1278,2.5,9.0,0.5,1.111,3.767
Ukraine,1982,0,0,9.5,3.375,2.815,-0.75,0.0962,-0.5,10.0,-3.0,1.087,4.4
Ukraine,1983,0,0,8.125,4.125,1.97,2.312,0.138,3.5,8.0,4.5,1.184,6.367
Ukraine,1984,0,0,7.375,4.875,1.513,4.688,0.1737,6.5,7.0,7.5,1.225,6.7
Ukraine,1985,0,0,6.375,5.625,1.133,7.5,0.2288,9.0,6.0,12.0,1.264,6.133
Ukraine,1986,0,0,6.0,5.75,1.043,7.875,0.2371,9.0,6.0,12.0,1.19,5.133
Ukraine,1987,0,0,7.0,5.5,1.273,6.125,0.1954,8.0,7.0,10.0,1.344,7.133
Ukraine,1988,1,0,6.0,6.125,0.98,8.625,0.2477,9.0,6.0,13.0,1.296,6.333
Ukraine,1989,1,0,5.75,6.75,0.852,9.625,0.2604,11.0,5.0,6.0,0.977,2.867
Ukraine,1990,1,0,5.375,7.125,0.754,10.812,0.2882,11.0,5.0,6.0,0.805,0.767
Ukraine,1991,0,1,5.25,6.75,0.778,10.188,0.2802,11.0,5.0,5.5,0.833,-0.233
Ukraine,1992,0,0,5.625,6.75,0.833,9.812,0.2679,11.0,5.0,4.5,0.833,-1.367
Ukraine,1993,0,0,7.0,6.375,1.098,8.5,0.2339,6.0,8.0,0.5,0.856,-2.933
Ukraine,1994,0,0,5.875,6.125,0.959,9.625,0.2783,9.5,6.0,5.0,0.86,-1.933
Ukraine,1995,0,0,5.5,6.625,0.83,10.375,0.2901,10.5,5.0,3.0,0.862,-1.533
Ukraine,1996,0,0,6.0,6.625,0.906,10.25,0.2825,9.5,6.0,1.0,0.833,-2.267
Ukraine,1997,0,0,7.5,5.125,1.463,5.5,0.1896,9.5,6.0,-1.0,1.036,0.8
Ukraine,1998,0,0,7.75,4.625,1.676,4.375,0.174,6.0,7.0,-3.5,1.053,1.667
Ukraine,1999,0,0,5.5,6.375,0.863,10.062,0.2855,11.0,5.0,14.0,1.267,4.9
Ukraine,2000,0,0,5.125,7.0,0.732,11.812,0.3266,13.0,4.0,15.0,1.181,3.433
Ukraine,2001,0,0,5.5,7.375,0.746,11.562,0.3028,14.0,4.0,14.0,1.154,3.567
Ukraine,2002,0,0,6.875,6.75,1.019,9.375,0.2435,12.0,5.0,7.5,1.029,3.0
Ukraine,2003,0,0,8.125,5.125,1.585,5.188,0.1828,6.0,8.0,-2.5,1.042,-0.233
Ukraine,2004,0,0,7.125,5.875,1.213,8.0,0.2312,8.0,7.0,8.0,1.127,2.667
Ukraine,2005,0,0,6.375,6.375,1.0,9.375,0.2589,10.0,6.0,8.0,1.075,2.2
Ukraine,2006,0,0,5.625,6.875,0.818,11.062,0.3005,12.5,5.0,10.5,1.111,2.5
Ukraine,2007,0,0,5.75,7.125,0.807,11.25,0.2978,12.5,5.0,9.5,1.071,2.267
Ukraine,2008,0,0,5.0,7.125,0.702,12.75,0.3526,12.5,5.0,12.5,1.0,0.933
Ukraine,2009,0,0,6.625,6.5,1.019,9.75,0.2654,11.5,6.0,9.5,1.278,4.133
Ukraine,2010,0,0,5.75,7.25,0.793,11.625,0.3044,12.5,5.0,11.5,1.071,1.8
Ukraine,2011,1,0,5.625,7.25,0.776,12.75,0.3557,15.0,5.0,20.0,1.594,7.067
Ukraine,2012,1,0,5.625,7.25,0.776,12.875,0.347,15.0,5.0,18.0,1.333,4.6
Ukraine,2013,1,0,6.25,6.75,0.926,11.188,0.3033,13.0,6.0,15.0,1.31,4.3
Ukraine,2014,0,1,6.75,6.625,1.019,10.312,0.2759,13.0,6.0,13.0,1.333,5.033
United Kingdom,1900,0,0,3.175,7.475,0.425,14.575,0.4388,16.9,2.0,15.5,1.273,2.68
United Kingdom,1901,0,0,3.05,7.475,0.408,14.7,0.4471,16.9,2.0,15.5,1.157,2.347
United Kingdom,1902,0,0,2.925,7.475,0.391,14.825,0.4549,16.9,2.0,15.5,1.244,2.547
United Kingdom,1903,0,0,2.8,7.475,0.375,14.95,0.4633,16.9,2.0,15.5,1.344,2.747
United Kingdom,1904,0,0,2.8,7.475,0.375,14.95,0.4633,16.9,2.0,15.5,1.344,2.747
United Kingdom,1905,0,0,2.8,7.475,0.375,14.95,0.4633,16.9,2.0,15.5,1.344,2.747
United Kingdom,1906,0,0,2.8,7.475,0.375,14.925,0.4622,16.9,2.0,15.5,1.344,2.707
United Kingdom,1907,0,0,2.8,7.475,0.375,14.925,0.4622,16.9,2.0,15.5,1.344,2.707
United Kingdom,1908,0,0,3.05,7.475,0.408,14.7,0.4501,16.9,2.0,15.5,1.613,3.413
United Kingdom,1909,0,0,3.375,7.35,0.459,14.25,0.4304,16.9,2.0,14.5,1.333,2.693
United Kingdom,1910,0,0,3.375,7.1,0.475,13.875,0.4264,16.9,2.0,11.5,1.146,2.093
United Kingdom,1911,0,0,3.5,7.1,0.493,13.75,0.4212,16.9,2.0,11.5,1.25,2.427
United Kingdom,1912,0,0,3.5,7.1,0.493,13.75,0.4212,16.9,2.0,11.5,1.25,2.427
United Kingdom,1913,0,0,2.925,7.475,0.391,14.825,0.4555,16.9,2.0,14.5,1.244,2.547
United Kingdom,1914,0,0,4.875,7.4,0.659,12.725,0.3446,15.5,3.0,12.5,1.159,3.027
United Kingdom,1915,0,0,6.0,7.525,0.797,11.725,0.2948,14.5,4.0,11.5,1.092,2.493
United Kingdom,1916,0,0,6.25,7.525,0.831,11.512,0.2875,14.5,4.0,10.5,1.111,2.527
United Kingdom,1917,0,0,6.5,6.9,0.942,10.162,0.2651,13.5,4.0,9.5,1.129,3.193
United Kingdom,1918,0,0,5.875,7.525,0.781,11.912,0.3024,14.5,4.0,11.5,1.034,1.993
United Kingdom,1919,0,0,4.825,6.875,0.702,11.938,0.3389,15.5,3.0,10.5,1.312,3.367
United Kingdom,1920,0,0,4.7,6.75,0.696,11.75,0.3386,15.5,3.0,10.5,1.375,3.867
United Kingdom,1921,0,0,4.975,6.375,0.78,10.6,0.312,15.5,3.0,10.5,1.684,7.36
United Kingdom,1922,0,0,4.1,6.75,0.607,11.975,0.3542,15.5,3.0,11.5,1.587,5.293
United Kingdom,1923,0,0,3.975,6.75,0.589,12.1,0.3616,16.5,2.0,11.5,1.688,5.493
United Kingdom,1924,0,0,3.6,6.75,0.533,12.6,0.3831,16.5,2.0,12.5,1.577,4.693
United Kingdom,1925,0,0,3.475,6.75,0.515,12.975,0.3989,16.5,2.0,13.5,1.464,4.227
United Kingdom,1926,0,0,5.375,6.0,0.896,9.762,0.2939,15.5,3.0,9.5,1.591,7.087
United Kingdom,1927,0,0,3.625,6.625,0.547,12.7,0.3913,16.5,2.0,13.5,1.556,4.853
United Kingdom,1928,0,0,3.5,6.75,0.519,12.95,0.3974,16.5,2.0,13.5,1.444,4.187
United Kingdom,1929,0,0,3.625,6.75,0.537,12.825,0.3905,16.5,2.0,13.5,1.556,4.52
United Kingdom,1930,0,0,4.375,6.375,0.686,10.95,0.33,16.5,2.0,11.5,1.765,7.387
United Kingdom,1931,0,0,5.475,5.75,0.952,8.588,0.2654,14.5,3.0,7.5,1.535,7.607
United Kingdom,1932,0,0,4.875,6.0,0.812,9.762,0.2975,14.5,3.0,11.5,1.754,7.887
United Kingdom,1933,0,0,4.25,6.25,0.68,10.638,0.3255,15.5,2.0,12.5,1.875,7.687
United Kingdom,1934,0,0,3.875,6.375,0.608,11.888,0.3676,16.5,2.0,13.5,1.778,7.02
United Kingdom,1935,0,0,4.0,6.625,0.604,12.012,0.3609,16.5,2.0,13.5,1.667,6.153
United Kingdom,1936,0,0,4.125,6.625,0.623,11.638,0.3465,16.5,2.0,11.5,1.569,5.553
United Kingdom,1937,1,0,3.625,6.75,0.537,12.888,0.3934,16.5,2.0,13.5,1.354,4.087
United Kingdom,1938,1,0,3.875,6.75,0.574,12.388,0.3701,16.5,2.0,11.5,1.053,2.753
United Kingdom,1939,1,0,4.875,7.15,0.682,12.35,0.3414,15.5,3.0,12.5,1.042,2.427
United Kingdom,1940,0,1,7.0,7.525,0.93,11.4,0.2741,13.5,5.0,12.0,1.078,2.507
United Kingdom,1941,0,0,7.0,7.65,0.915,11.525,0.2741,13.5,5.0,12.0,1.078,2.173
United Kingdom,1942,0,0,7.0,7.65,0.915,11.488,0.2731,13.5,5.0,12.0,1.078,2.113
United Kingdom,1943,0,0,7.0,7.65,0.915,11.475,0.2727,13.5,5.0,12.0,1.078,2.093
United Kingdom,1944,0,0,6.25,7.775,0.804,12.35,0.3027,14.5,4.0,13.0,1.111,1.893
United Kingdom,1945,0,0,5.5,7.275,0.756,12.538,0.3336,14.5,4.0,14.0,1.154,2.993
United Kingdom,1946,0,0,4.375,7.05,0.621,13.05,0.3754,15.5,3.0,13.5,1.25,2.747
United Kingdom,1947,0,0,4.375,6.925,0.632,12.55,0.3621,15.5,3.0,12.5,1.25,2.747
United Kingdom,1948,0,0,4.125,6.875,0.6,12.75,0.3744,15.5,3.0,12.5,1.083,2.0
United Kingdom,1949,0,0,4.0,6.875,0.582,13.0,0.3858,15.5,3.0,12.5,1.14,1.867
United Kingdom,1950,0,0,3.625,6.875,0.527,13.375,0.4055,15.5,3.0,13.5,1.019,1.4
United Kingdom,1951,0,0,3.5,6.875,0.509,13.5,0.4126,15.5,3.0,13.5,1.078,1.6
United Kingdom,1952,0,0,3.0,6.875,0.436,14.0,0.4427,16.5,2.0,14.5,1.19,1.867
United Kingdom,1953,1,0,3.0,6.875,0.436,14.0,0.4427,16.5,2.0,14.5,1.19,1.867
United Kingdom,1954,1,0,3.0,6.875,0.436,14.0,0.4427,16.5,2.0,14.5,1.19,1.867
United Kingdom,1955,1,0,3.0,6.875,0.436,14.0,0.4427,16.5,2.0,14.5,1.19,1.867
United Kingdom,1956,0,1,3.5,6.875,0.509,13.375,0.4093,16.5,2.0,11.5,0.926,0.867
United Kingdom,1957,0,0,3.25,6.875,0.473,13.75,0.4278,16.5,2.0,13.5,1.042,1.467
United Kingdom,1958,0,0,3.625,6.875,0.527,13.125,0.3986,16.5,2.0,11.5,1.354,2.6
United Kingdom,1959,0,0,3.125,6.875,0.455,13.875,0.4351,16.5,2.0,13.5,1.111,1.667
United Kingdom,1960,0,0,3.125,6.875,0.455,13.875,0.4351,16.5,2.0,13.5,1.111,1.667
United Kingdom,1961,0,0,3.125,6.875,0.455,13.875,0.4351,16.5,2.0,13.5,1.111,1.667
United Kingdom,1962,0,0,3.125,6.875,0.455,13.875,0.4351,16.5,2.0,13.5,1.111,1.667
United Kingdom,1963,0,0,3.25,6.875,0.473,13.625,0.4238,16.5,2.0,11.5,1.042,1.267
United Kingdom,1964,0,0,3.125,6.875,0.455,13.875,0.4351,16.5,2.0,13.5,1.111,1.667
United Kingdom,1965,0,0,3.125,6.875,0.455,13.875,0.4351,16.5,2.0,13.5,1.111,1.667
United Kingdom,1966,0,0,3.75,6.875,0.545,12.688,0.3794,16.5,2.0,11.5,1.275,2.7
United Kingdom,1967,0,0,3.875,6.5,0.596,12.188,0.3733,16.5,2.0,11.5,1.373,3.5
United Kingdom,1968,0,0,3.875,6.625,0.585,12.188,0.3683,16.5,2.0,11.5,1.204,2.433
United Kingdom,1969,0,0,4.0,6.625,0.604,11.938,0.3573,16.5,2.0,11.5,1.14,2.033
United Kingdom,1970,0,0,4.25,6.625,0.642,11.688,0.3466,16.5,2.0,11.5,1.167,2.167
United Kingdom,1971,0,0,4.5,6.5,0.692,11.188,0.3309,16.5,2.0,11.5,1.333,3.5
United Kingdom,1972,0,0,5.125,6.25,0.82,9.688,0.2839,14.5,3.0,8.5,1.439,4.833
United Kingdom,1973,1,0,4.625,6.25,0.74,10.625,0.3174,14.5,3.0,10.5,1.27,3.4
United Kingdom,1974,1,0,5.75,6.125,0.939,8.688,0.2547,14.5,3.0,7.0,1.528,6.167
United Kingdom,1975,1,0,6.0,5.875,1.021,8.188,0.246,14.5,3.0,7.0,1.533,6.967
United Kingdom,1976,0,1,6.0,5.875,1.021,8.188,0.246,14.5,3.0,7.0,1.533,6.967
United Kingdom,1977,0,0,6.0,5.875,1.021,8.188,0.246,14.5,3.0,7.0,1.533,6.967
United Kingdom,1978,0,0,6.0,5.75,1.043,8.062,0.246,14.5,3.0,7.0,1.533,6.767
United Kingdom,1979,0,0,6.0,6.0,1.0,8.475,0.2516,14.5,3.0,10.3,1.667,7.96
United Kingdom,1980,0,0,5.625,6.0,0.938,8.85,0.2648,14.5,3.0,11.3,1.742,8.56
United Kingdom,1981,0,0,5.75,5.875,0.979,8.6,0.26,14.5,3.0,9.3,1.667,8.16
United Kingdom,1982,0,0,4.875,6.625,0.736,10.738,0.3093,15.5,2.0,12.5,1.754,7.313
United Kingdom,1983,0,0,4.375,6.5,0.673,11.212,0.3341,15.5,2.0,13.5,1.765,6.473
United Kingdom,1984,0,0,4.625,6.25,0.74,10.588,0.3212,15.5,2.0,13.5,1.961,8.14
United Kingdom,1985,0,0,4.375,6.75,0.648,11.525,0.3369,15.5,2.0,13.5,1.765,6.173
United Kingdom,1986,0,0,4.0,6.75,0.593,12.062,0.3589,15.5,2.0,13.5,1.667,5.433
United Kingdom,1987,0,0,3.875,7.125,0.544,13.062,0.3825,16.5,2.0,14.5,1.562,4.9
United Kingdom,1988,0,0,3.625,7.25,0.5,13.562,0.399,16.5,2.0,14.5,1.354,3.567
United Kingdom,1989,0,0,3.5,7.25,0.483,13.688,0.404,16.5,2.0,14.5,1.25,3.233
United Kingdom,1990,0,0,4.125,6.875,0.6,12.312,0.3598,16.5,2.0,11.5,1.389,4.233
United Kingdom,1991,0,0,4.375,6.5,0.673,11.562,0.3432,16.5,2.0,11.5,1.404,5.167
United Kingdom,1992,0,0,5.125,6.375,0.804,10.0,0.2891,14.5,3.0,7.5,1.304,5.067
United Kingdom,1993,0,0,4.75,6.5,0.731,10.812,0.3138,14.5,3.0,11.5,1.349,5.033
United Kingdom,1994,0,0,3.75,6.75,0.556,12.688,0.383,16.5,2.0,13.5,1.458,4.3
United Kingdom,1995,0,0,3.75,6.75,0.556,12.812,0.3877,16.5,2.0,13.5,1.458,3.967
United Kingdom,1996,0,0,3.75,6.75,0.556,12.812,0.3877,16.5,2.0,13.5,1.458,3.967
United Kingdom,1997,0,0,3.25,7.125,0.456,13.862,0.4214,16.5,2.0,14.7,1.222,2.18
United Kingdom,1998,0,0,3.125,7.25,0.431,14.112,0.4275,16.5,2.0,14.7,1.111,2.047
United Kingdom,1999,0,0,3.125,7.25,0.431,14.112,0.4275,16.5,2.0,14.7,1.111,2.047
United Kingdom,2000,0,0,3.125,7.25,0.431,14.112,0.4275,16.5,2.0,14.7,1.111,2.047
United Kingdom,2001,0,0,3.75,7.0,0.536,13.275,0.3948,16.5,2.0,13.0,1.111,2.307
United Kingdom,2002,0,0,3.375,7.25,0.466,13.9,0.4148,16.5,2.0,15.0,0.98,1.707
United Kingdom,2003,0,0,4.0,6.875,0.582,12.588,0.3711,16.5,2.0,10.5,0.873,0.673
United Kingdom,2004,0,0,3.875,6.875,0.564,12.712,0.377,16.5,2.0,11.5,0.917,0.873
United Kingdom,2005,1,0,3.875,6.875,0.564,12.712,0.377,16.5,2.0,11.5,0.917,0.873
United Kingdom,2006,1,0,3.5,6.875,0.509,13.212,0.4009,16.5,2.0,13.5,0.926,1.14
United Kingdom,2007,1,0,3.25,7.0,0.464,13.712,0.4189,16.5,2.0,13.5,1.042,1.407
United Kingdom,2008,0,1,5.325,6.3,0.845,9.812,0.2844,14.5,3.0,10.5,1.173,3.807
United Kingdom,2009,0,0,5.375,6.0,0.896,9.025,0.2698,14.5,3.0,9.5,1.319,5.373
United Kingdom,2010,0,0,4.625,6.375,0.725,10.775,0.3175,14.5,3.0,11.5,1.27,3.907
United Kingdom,2011,0,0,4.875,6.375,0.765,10.4,0.3031,14.5,3.0,11.5,1.288,4.373
United Kingdom,2012,0,0,4.5,6.5,0.692,11.15,0.3271,14.5,3.0,11.5,1.333,4.507
United Kingdom,2013,0,0,4.25,6.625,0.642,11.525,0.3383,14.5,3.0,11.5,1.316,4.04
United Kingdom,2014,0,0,3.875,6.75,0.574,12.15,0.3603,15.5,2.0,11.5,1.204,2.907
United Kingdom,2015,0,0,4.0,6.75,0.593,12.15,0.3583,15.5,2.0,11.5,1.14,2.373
United Kingdom,2016,0,0,4.625,6.5,0.712,10.9,0.3173,14.5,3.0,7.5,1.014,1.44
United Kingdom,2017,0,0,5.125,6.375,0.804,10.15,0.2938,14.5,3.0,5.5,0.962,0.773
United Kingdom,2018,0,0,5.25,6.375,0.824,9.875,0.286,14.5,3.0,3.3,0.926,0.333
United Kingdom,2019,0,0,5.5,6.325,0.87,9.35,0.2694,12.5,4.0,3.1,0.862,-0.507
United Kingdom,2020,0,0,6.875,5.875,1.17,7.212,0.2131,13.5,4.0,7.5,1.198,5.407
United Kingdom,2021,0,0,5.75,6.375,0.902,9.275,0.2625,14.5,3.0,9.5,1.173,3.64
United Kingdom,2022,0,0,5.75,6.125,0.939,8.775,0.2562,14.5,3.0,5.5,1.173,3.373
United Kingdom,2023,0,0,5.625,6.25,0.9,9.025,0.2603,14.5,3.0,7.5,1.218,3.773
United Kingdom,2024,0,0,5.125,6.25,0.82,9.9,0.2888,14.5,3.0,9.5,1.181,3.04
United Kingdom,2025,0,0,4.625,6.375,0.725,10.65,0.3122,14.5,3.0,9.5,1.136,2.64
Venezuela,1970,0,0,3.5,5.875,0.596,11.5,0.3712,8.5,4.0,13.0,1.078,-0.267
Venezuela,1971,0,0,3.5,5.875,0.596,11.5,0.3712,8.5,4.0,13.0,1.078,-0.267
Venezuela,1972,0,0,3.5,5.875,0.596,11.5,0.3712,8.5,4.0,13.0,1.078,-0.267
Venezuela,1973,0,0,2.75,6.875,0.4,14.312,0.4585,10.5,4.0,15.0,0.952,-1.1
Venezuela,1974,0,0,2.625,7.75,0.339,15.625,0.4834,9.5,5.0,19.5,0.833,-0.867
Venezuela,1975,0,0,2.75,7.875,0.349,15.375,0.4653,8.5,5.0,18.5,0.778,-1.8
Venezuela,1976,0,0,3.125,8.0,0.391,15.375,0.4527,7.5,6.0,17.5,0.784,-2.333
Venezuela,1977,0,0,4.0,7.5,0.533,13.5,0.3819,6.5,6.0,14.5,1.0,-1.6
Venezuela,1978,0,0,4.5,7.25,0.621,12.312,0.3434,4.5,7.0,11.0,0.942,-1.9
Venezuela,1979,0,0,4.875,6.375,0.765,10.438,0.304,4.5,6.0,10.0,1.042,-0.1
Venezuela,1980,0,0,5.375,6.25,0.86,9.562,0.2768,3.5,7.0,8.0,0.988,-0.967
Venezuela,1981,0,0,5.375,6.25,0.86,9.562,0.2768,3.5,7.0,8.0,0.988,-0.967
Venezuela,1982,0,0,6.375,5.625,1.133,7.438,0.2299,2.5,8.0,5.0,0.99,-0.633
Venezuela,1983,0,0,7.75,4.875,1.59,4.875,0.1793,2.5,9.0,3.5,1.053,2.2
Venezuela,1984,0,0,5.625,5.625,1.0,8.938,0.2701,3.0,7.0,13.0,1.111,1.233
Venezuela,1985,0,0,5.25,5.875,0.894,9.438,0.2823,1.0,8.0,14.0,1.026,0.433
Venezuela,1986,0,0,6.75,4.875,1.385,6.188,0.2109,-1.0,9.0,8.0,0.98,0.567
Venezuela,1987,0,0,7.5,4.5,1.667,4.75,0.1829,-1.0,9.0,6.5,1.036,0.933
Venezuela,1988,0,0,6.625,4.75,1.395,6.5,0.2216,0.0,8.0,8.5,1.094,2.133
Venezuela,1989,1,0,9.0,4.75,1.895,2.938,0.1377,-1.0,9.0,6.5,1.0,2.033
Venezuela,1990,1,0,6.25,5.875,1.064,7.438,0.2216,2.5,7.0,8.5,1.022,0.433
Venezuela,1991,1,0,6.25,6.125,1.02,7.312,0.2144,2.5,7.0,7.5,0.938,-0.833
Venezuela,1992,0,1,8.75,4.875,1.795,2.5,0.1287,-2.0,9.0,1.0,0.926,-2.4
Venezuela,1993,0,0,6.875,4.625,1.486,4.5,0.1766,0.0,8.0,6.0,1.111,0.267
Venezuela,1994,0,0,8.375,3.625,2.31,1.562,0.1359,-3.0,9.0,2.5,1.197,2.233
Venezuela,1995,0,0,7.0,3.625,1.931,2.875,0.1602,-2.5,8.0,3.0,1.162,1.4
Venezuela,1996,0,0,6.5,4.875,1.333,5.812,0.2032,1.0,7.0,6.5,1.222,1.833
Venezuela,1997,0,0,5.625,5.375,1.047,7.312,0.2324,1.0,7.0,6.5,1.111,-0.033
Venezuela,1998,0,0,7.625,4.25,1.794,2.875,0.1469,-2.5,8.0,-3.0,0.875,-4.733
Venezuela,1999,1,0,6.375,5.125,1.244,6.125,0.2056,0.0,8.0,13.0,0.909,-0.867
Venezuela,2000,1,0,5.375,5.375,1.0,7.562,0.2414,4.0,6.0,14.0,0.893,-0.967
Venezuela,2001,1,0,6.75,5.375,1.256,6.062,0.1945,2.0,7.0,11.0,0.905,0.1
Venezuela,2002,0,1,8.875,4.0,2.219,1.312,0.1188,-3.5,9.0,1.5,0.906,-2.167
Venezuela,2003,0,0,7.75,4.0,1.938,3.5,0.1633,0.5,8.0,10.0,1.053,2.133
Venezuela,2004,0,0,4.5,6.0,0.75,9.938,0.3008,7.0,5.0,17.0,0.833,-1.7
Venezuela,2005,0,0,3.75,7.0,0.536,12.0,0.3458,4.5,6.0,19.0,0.714,-3.2
Venezuela,2006,0,0,3.75,7.0,0.536,12.0,0.3458,4.5,6.0,19.0,0.714,-3.2
Venezuela,2007,0,0,5.25,6.125,0.857,8.625,0.2493,3.5,6.0,13.0,0.833,-2.2
Venezuela,2008,0,0,5.125,5.875,0.872,8.75,0.2627,3.5,6.0,15.0,0.864,-2.0
Venezuela,2009,0,0,6.125,4.75,1.289,5.625,0.2009,-0.5,8.0,9.5,0.968,-0.067
Venezuela,2010,0,0,6.125,4.75,1.289,5.625,0.2009,-0.5,8.0,9.5,0.968,-0.067
Venezuela,2011,0,0,5.625,5.125,1.098,6.875,0.2256,0.5,7.0,10.5,0.92,-1.8
Venezuela,2012,0,0,5.0,6.0,0.833,9.125,0.2727,-0.5,8.0,14.5,0.802,-3.0
Venezuela,2013,0,0,7.125,4.375,1.629,3.938,0.1673,-3.5,9.0,6.0,0.972,-1.167
Venezuela,2014,0,0,8.125,3.75,2.167,1.562,0.1274,-4.0,9.0,4.0,1.042,0.633
Venezuela,2015,0,0,8.5,3.125,2.72,-0.062,0.1097,-7.0,10.0,1.0,1.098,2.033
Venezuela,2016,1,0,9.125,2.5,3.65,-1.938,0.0862,-7.5,10.0,2.0,1.098,2.767
Venezuela,2017,1,0,9.25,2.125,4.353,-2.5,0.0822,-7.5,10.0,4.0,1.136,4.0
Venezuela,2018,1,0,9.375,1.625,5.769,-3.75,0.069,-7.5,10.0,1.5,1.111,4.133
Venezuela,2019,0,1,8.75,1.875,4.667,-1.938,0.0935,-7.5,10.0,2.5,1.111,4.1
Venezuela,2020,0,0,9.25,1.75,5.286,-3.062,0.0774,-7.5,10.0,2.5,1.136,4.433
Venezuela,2021,0,0,8.125,2.25,3.611,-0.5,0.1133,-6.0,9.0,4.0,1.111,3.2
Venezuela,2022,0,0,7.125,3.125,2.28,2.25,0.1505,-5.0,8.0,6.0,1.048,0.933
Venezuela,2023,0,0,8.25,2.625,3.143,-0.312,0.108,-6.5,9.0,2.0,1.016,1.367
Venezuela,2024,0,0,9.375,2.0,4.688,-0.812,0.1089,-7.5,10.0,3.5,1.051,2.433
Venezuela,2025,0,0,9.375,1.625,5.769,-2.938,0.0805,-7.5,10.0,2.5,1.111,4.633
