Society,Year,T_Offset,sigma_V,mean_V
Afghanistan,1900,T+0,2.75081156855832,3.8125
Afghanistan,1901,T+1,2.75081156855832,3.8125
Afghanistan,1910,T+10,2.75081156855832,3.8125
Afghanistan,2000,T+100,2.5877458475338284,-3.375
Afghanistan,2001,T+101,1.302470180629319,-5.375
Afghanistan,2002,T+102,2.052872551885702,-2.75
Afghanistan,2003,T+103,2.052872551885702,-2.75
Afghanistan,2004,T+104,2.052872551885702,0.25
Afghanistan,2005,T+105,2.052872551885702,0.25
Afghanistan,2006,T+106,2.052872551885702,0.25
Afghanistan,2007,T+107,2.052872551885702,0.25
Afghanistan,2008,T+108,2.052872551885702,0.25
Afghanistan,2009,T+109,2.052872551885702,0.25
Afghanistan,1911,T+11,2.75081156855832,3.8125
Afghanistan,2010,T+110,2.052872551885702,0.25
Afghanistan,2011,T+111,2.052872551885702,0.25
Afghanistan,2012,T+112,2.052872551885702,0.25
Afghanistan,2013,T+113,2.052872551885702,0.25
Afghanistan,2014,T+114,2.052872551885702,0.25
Afghanistan,2015,T+115,2.052872551885702,0.25
Afghanistan,2016,T+116,2.052872551885702,0.25
Afghanistan,2017,T+117,2.052872551885702,0.25
Afghanistan,2018,T+118,2.052872551885702,0.25
Afghanistan,2019,T+119,2.052872551885702,0.25
Afghanistan,1912,T+12,2.75081156855832,3.8125
Afghanistan,2020,T+120,2.052872551885702,0.25
Afghanistan,2021,T+121,2.052872551885702,-2.75
Afghanistan,2022,T+122,2.052872551885702,-2.75
Afghanistan,2023,T+123,2.052872551885702,-2.75
Afghanistan,2024,T+124,2.052872551885702,-2.75
Afghanistan,2025,T+125,2.052872551885702,-2.75
Afghanistan,1913,T+13,2.75081156855832,3.8125
Afghanistan,1914,T+14,2.75081156855832,3.8125
Afghanistan,1915,T+15,2.75081156855832,3.8125
Afghanistan,1916,T+16,2.75081156855832,3.8125
Afghanistan,1917,T+17,2.75081156855832,3.8125
Afghanistan,1918,T+18,2.75081156855832,3.8125
Afghanistan,1919,T+19,2.3895232638690564,2.1875
Afghanistan,1902,T+2,2.75081156855832,3.8125
Afghanistan,1920,T+20,2.3895232638690564,2.1875
Afghanistan,1921,T+21,1.9639610121239315,4.0
Afghanistan,1922,T+22,2.491951329494906,6.6875
Afghanistan,1923,T+23,2.491951329494906,6.6875
Afghanistan,1924,T+24,2.491951329494906,6.6875
Afghanistan,1925,T+25,2.491951329494906,6.6875
Afghanistan,1926,T+26,2.520452056958944,6.8125
Afghanistan,1927,T+27,2.520452056958944,6.8125
Afghanistan,1928,T+28,2.6457513110645907,4.0
Afghanistan,1929,T+29,2.6457513110645907,1.0
Afghanistan,1903,T+3,2.75081156855832,3.8125
Afghanistan,1930,T+30,2.6457513110645907,4.0
Afghanistan,1931,T+31,2.6457513110645907,4.0
Afghanistan,1932,T+32,2.6457513110645907,4.0
Afghanistan,1933,T+33,2.6457513110645907,4.0
Afghanistan,1934,T+34,2.6457513110645907,4.0
Afghanistan,1935,T+35,2.6457513110645907,4.0
Afghanistan,1936,T+36,2.6457513110645907,4.0
Afghanistan,1937,T+37,2.6457513110645907,4.0
Afghanistan,1938,T+38,2.6457513110645907,4.0
Afghanistan,1939,T+39,2.6457513110645907,4.0
Afghanistan,1904,T+4,2.75081156855832,3.8125
Afghanistan,1940,T+40,2.6457513110645907,4.0
Afghanistan,1941,T+41,2.6457513110645907,4.0
Afghanistan,1942,T+42,2.6457513110645907,4.0
Afghanistan,1943,T+43,2.6457513110645907,4.0
Afghanistan,1944,T+44,2.6457513110645907,4.0
Afghanistan,1945,T+45,2.52752702401831,5.9375
Afghanistan,1946,T+46,2.52752702401831,5.9375
Afghanistan,1947,T+47,2.52752702401831,5.9375
Afghanistan,1948,T+48,2.52752702401831,5.9375
Afghanistan,1949,T+49,2.52752702401831,5.9375
Afghanistan,1905,T+5,2.75081156855832,3.8125
Afghanistan,1950,T+50,2.52752702401831,5.9375
Afghanistan,1951,T+51,2.52752702401831,5.9375
Afghanistan,1952,T+52,2.52752702401831,5.9375
Afghanistan,1953,T+53,2.52752702401831,5.9375
Afghanistan,1954,T+54,2.52752702401831,5.9375
Afghanistan,1955,T+55,2.52752702401831,5.9375
Afghanistan,1956,T+56,2.52752702401831,5.9375
Afghanistan,1957,T+57,2.52752702401831,5.9375
Afghanistan,1958,T+58,2.52752702401831,5.9375
Afghanistan,1959,T+59,2.52752702401831,5.9375
Afghanistan,1906,T+6,2.75081156855832,3.8125
Afghanistan,1960,T+60,2.52752702401831,5.9375
Afghanistan,1961,T+61,2.52752702401831,5.9375
Afghanistan,1962,T+62,2.52752702401831,5.9375
Afghanistan,1963,T+63,2.52752702401831,5.9375
Afghanistan,1964,T+64,2.52752702401831,6.9375
Afghanistan,1965,T+65,2.52752702401831,6.9375
Afghanistan,1966,T+66,2.52752702401831,6.9375
Afghanistan,1967,T+67,2.52752702401831,6.9375
Afghanistan,1968,T+68,2.52752702401831,6.9375
Afghanistan,1969,T+69,2.4631208426941393,8.8125
Afghanistan,1907,T+7,2.75081156855832,3.8125
Afghanistan,1970,T+70,2.4631208426941393,8.8125
Afghanistan,1971,T+71,2.4631208426941393,8.8125
Afghanistan,1972,T+72,2.4631208426941393,8.8125
Afghanistan,1973,T+73,2.4631208426941393,8.8125
Afghanistan,1974,T+74,2.591193878173865,5.5
Afghanistan,1975,T+75,2.591193878173865,5.5
Afghanistan,1976,T+76,2.591193878173865,5.5
Afghanistan,1977,T+77,2.669269563007828,2.625
Afghanistan,1978,T+78,2.7902892835178013,-0.25
Afghanistan,1979,T+79,2.7902892835178013,-0.25
Afghanistan,1908,T+8,2.75081156855832,3.8125
Afghanistan,1980,T+80,2.7902892835178013,-0.25
Afghanistan,1981,T+81,2.7902892835178013,-0.25
Afghanistan,1982,T+82,2.748376143938713,-2.375
Afghanistan,1983,T+83,2.748376143938713,-2.375
Afghanistan,1984,T+84,3.3058389901160385,-0.75
Afghanistan,1985,T+85,3.3058389901160385,-0.75
Afghanistan,1986,T+86,3.3058389901160385,-0.75
Afghanistan,1987,T+87,3.3058389901160385,-0.75
Afghanistan,1988,T+88,3.3058389901160385,-0.75
Afghanistan,1989,T+89,3.3058389901160385,-0.75
Afghanistan,1909,T+9,2.75081156855832,3.8125
Afghanistan,1990,T+90,3.3058389901160385,-0.75
Afghanistan,1991,T+91,3.3058389901160385,-0.75
Afghanistan,1992,T+92,3.3058389901160385,-0.75
Afghanistan,1993,T+93,3.3058389901160385,-0.75
Afghanistan,1994,T+94,3.3058389901160385,-0.75
Afghanistan,1995,T+95,3.3058389901160385,-0.75
Afghanistan,1996,T+96,2.5877458475338284,-3.375
Afghanistan,1997,T+97,2.5877458475338284,-3.375
Afghanistan,1998,T+98,2.5877458475338284,-3.375
Afghanistan,1999,T+99,2.5877458475338284,-3.375
Argentina,1950,T+0,1.4606749907393595,9.725
Argentina,1951,T+1,1.5294723646688462,9.725
Argentina,1960,T+10,0.0,7.5
Argentina,1961,T+11,0.0,7.5
Argentina,1962,T+12,2.0119287121707723,2.675
Argentina,1963,T+13,0.9285164818907942,6.925000000000001
Argentina,1964,T+14,0.0,7.5
Argentina,1965,T+15,0.0,7.5
Argentina,1966,T+16,2.1293442988058895,6.2625
Argentina,1967,T+17,0.919238815542512,7.575
Argentina,1968,T+18,1.586944503485505,7.0125
Argentina,1969,T+19,1.5606202979218595,5.0874999999999995
Argentina,1952,T+2,1.2777631124072146,7.4125
Argentina,1970,T+20,1.1649647450214349,4.1
Argentina,1971,T+21,1.0673732778581795,3.7249999999999996
Argentina,1972,T+22,1.791597451597715,2.0875000000000004
Argentina,1973,T+23,1.5108535903351363,6.8375
Argentina,1974,T+24,0.8382592507265112,4.5625
Argentina,1975,T+25,1.3238876732670983,0.012500000000000094
Argentina,1976,T+26,3.5026265654709547,2.3375
Argentina,1977,T+27,4.423617621036301,2.9625
Argentina,1978,T+28,4.354779804175769,4.3875
Argentina,1979,T+29,4.186521740743059,5.3125
Argentina,1953,T+3,1.133184514038708,6.8875
Argentina,1980,T+30,3.8895464296716438,5.300000000000001
Argentina,1981,T+31,3.036445290137795,3.15
Argentina,1982,T+32,2.542776884768753,0.35000000000000003
Argentina,1983,T+33,1.6273883547398444,5.3625
Argentina,1984,T+34,2.094849125150271,8.0625
Argentina,1985,T+35,2.4625407900900123,7.6125
Argentina,1986,T+36,1.7907999010817166,8.3125
Argentina,1987,T+37,1.5528775133372792,6.0
Argentina,1988,T+38,1.7007876326656923,3.4124999999999996
Argentina,1989,T+39,2.9154453225144574,-1.2375
Argentina,1954,T+4,0.9218575966880287,6.9125
Argentina,1990,T+40,1.2229209763045665,4.3125
Argentina,1991,T+41,1.093813773650968,7.625
Argentina,1992,T+42,1.1630471062809844,7.6875
Argentina,1993,T+43,1.3946325680981353,8.925
Argentina,1994,T+44,1.382285891454545,8.875
Argentina,1995,T+45,1.625686668105863,9.0
Argentina,1996,T+46,1.7474471175321524,9.125
Argentina,1997,T+47,1.5146899729930592,9.4
Argentina,1998,T+48,1.2224097980160802,8.3
Argentina,1999,T+49,1.3281969518324994,6.3125
Argentina,1955,T+5,1.159972290309434,1.7625000000000002
Argentina,2000,T+50,1.862362171314392,3.2625
Argentina,2001,T+51,3.1066461015056093,-1.2625
Argentina,2002,T+52,1.996738411939402,0.48750000000000004
Argentina,2003,T+53,1.133893419027682,4.75
Argentina,2004,T+54,1.2817398889233114,7.0
Argentina,2005,T+55,1.0287822204640096,7.8875
Argentina,2006,T+56,1.0405184147474624,7.9625
Argentina,2007,T+57,1.4207015369678664,8.5125
Argentina,2008,T+58,1.0649446665705893,6.4625
Argentina,2009,T+59,1.0606601717798214,6.375
Argentina,1956,T+6,1.1551128578133458,4.55
Argentina,2010,T+60,0.7763237542601488,7.5625
Argentina,2011,T+61,0.7763237542601488,7.5625
Argentina,2012,T+62,0.8782084035125148,5.9375
Argentina,2013,T+63,0.464258240945397,4.9875
Argentina,2014,T+64,1.6115099396883303,3.8375
Argentina,2015,T+65,1.2732831578246844,5.987500000000001
Argentina,2016,T+66,1.0042765697612528,6.65
Argentina,2017,T+67,0.5257647491307984,7.275
Argentina,2018,T+68,1.7352953639078277,3.4625
Argentina,2019,T+69,1.5305811221325614,2.9375
Argentina,1957,T+7,0.590248131841904,7.0625
Argentina,2020,T+70,2.2459089792013263,3.3875
Argentina,2021,T+71,1.5827191791344413,3.775
Argentina,2022,T+72,1.8310321055155128,1.3125
Argentina,2023,T+73,2.2219682394541236,0.1500000000000002
Argentina,2024,T+74,1.685018016012207,1.625
Argentina,2025,T+75,1.4111798508441689,2.1
Argentina,1958,T+8,0.0,7.5
Argentina,1959,T+9,1.2895181824453437,6.45
Australia,1900,T+0,1.9895710233974704,8.7125
Australia,1901,T+1,1.6651362020653362,10.5875
Australia,1910,T+10,1.5417985786550898,10.65
Australia,2000,T+100,2.3909053873854087,11.775
Australia,2001,T+101,2.074160759715325,10.525
Australia,2002,T+102,2.7036681432031244,9.7125
Australia,2003,T+103,3.1149122895241486,9.3375
Australia,2004,T+104,2.7036681432031244,9.7125
Australia,2005,T+105,3.0123258693005215,9.4625
Australia,2006,T+106,3.0312361928993354,9.3375
Australia,2007,T+107,2.746913852723765,10.4625
Australia,2008,T+108,1.6465873800075113,7.637499999999999
Australia,2009,T+109,2.456151170312725,8.3875
Australia,1911,T+11,1.5417985786550898,10.65
Australia,2010,T+110,2.8717528246202324,7.887499999999999
Australia,2011,T+111,2.370314927840361,7.887499999999999
Australia,2012,T+112,1.9740730193471274,8.2625
Australia,2013,T+113,1.9740730193471274,8.2625
Australia,2014,T+114,2.823846161329817,7.0375
Australia,2015,T+115,2.898737409878406,7.1625
Australia,2016,T+116,2.6068248338324755,7.2875
Australia,2017,T+117,2.2668023418778396,7.2875
Australia,2018,T+118,3.141399824464065,7.0625
Australia,2019,T+119,1.5125664094039448,6.5249999999999995
Australia,1912,T+12,1.5417985786550898,10.65
Australia,2020,T+120,1.7992061741620549,5.699999999999999
Australia,2021,T+121,1.3448313755156922,6.699999999999999
Australia,2022,T+122,1.1375883011252983,7.3374999999999995
Australia,2023,T+123,1.7814520562090435,8.275
Australia,2024,T+124,1.4609194756336552,8.4
Australia,2025,T+125,2.085322859552311,9.15
Australia,1913,T+13,1.5417985786550898,10.65
Australia,1914,T+14,1.4262838827827062,7.65
Australia,1915,T+15,1.4262838827827062,7.65
Australia,1916,T+16,2.1125475480701352,7.15
Australia,1917,T+17,2.1125475480701352,7.15
Australia,1918,T+18,1.4262838827827062,7.65
Australia,1919,T+19,1.8714013084164647,7.5249999999999995
Australia,1902,T+2,1.5417985786550898,10.65
Australia,1920,T+20,1.5818163158669392,7.5249999999999995
Australia,1921,T+21,1.3371077528969535,8.025
Australia,1922,T+22,1.3371077528969535,8.025
Australia,1923,T+23,1.3371077528969535,8.025
Australia,1924,T+24,1.3371077528969535,8.025
Australia,1925,T+25,1.3371077528969535,8.025
Australia,1926,T+26,1.3371077528969535,8.025
Australia,1927,T+27,1.3371077528969535,8.025
Australia,1928,T+28,1.7541786844967806,7.6499999999999995
Australia,1929,T+29,3.239378247221437,-0.025000000000000078
Australia,1903,T+3,1.5417985786550898,10.65
Australia,1930,T+30,3.260587151331578,-1.6653345369377348e-16
Australia,1931,T+31,3.615344283151231,-0.37500000000000006
Australia,1932,T+32,2.768573639981426,0.4249999999999999
Australia,1933,T+33,2.401190181079851,1.1500000000000001
Australia,1934,T+34,1.357979065691789,7.2124999999999995
Australia,1935,T+35,1.357979065691789,7.2124999999999995
Australia,1936,T+36,1.357979065691789,7.2124999999999995
Australia,1937,T+37,1.357979065691789,7.2124999999999995
Australia,1938,T+38,1.357979065691789,7.2124999999999995
Australia,1939,T+39,0.7845608416724054,8.2125
Australia,1904,T+4,1.5417985786550898,10.65
Australia,1940,T+40,0.7845608416724054,8.2125
Australia,1941,T+41,0.7845608416724054,8.2125
Australia,1942,T+42,1.8306419639022806,7.8375
Australia,1943,T+43,1.3943124265591058,8.0875
Australia,1944,T+44,1.5747448772964552,11.8375
Australia,1945,T+45,1.4596966416739767,11.775
Australia,1946,T+46,1.282227414641078,10.7125
Australia,1947,T+47,1.4045207621920623,10.5875
Australia,1948,T+48,1.641373553721743,10.4625
Australia,1949,T+49,1.3553465555769433,10.4625
Australia,1905,T+5,1.5417985786550898,10.65
Australia,1950,T+50,1.4730313739263767,12.3125
Australia,1951,T+51,1.8102387372151456,12.0625
Australia,1952,T+52,1.7602252290950886,12.1875
Australia,1953,T+53,1.4730313739263767,12.3125
Australia,1954,T+54,1.2211674741819816,12.4375
Australia,1955,T+55,1.2211674741819816,12.4375
Australia,1956,T+56,1.2211674741819816,12.4375
Australia,1957,T+57,1.2211674741819816,12.4375
Australia,1958,T+58,1.2211674741819816,12.4375
Australia,1959,T+59,1.2211674741819816,12.4375
Australia,1906,T+6,1.5417985786550898,10.65
Australia,1960,T+60,1.3490075717250183,12.0625
Australia,1961,T+61,1.4535056145156693,11.6875
Australia,1962,T+62,1.2211674741819816,12.4375
Australia,1963,T+63,1.2211674741819816,12.4375
Australia,1964,T+64,1.2211674741819816,12.4375
Australia,1965,T+65,1.2211674741819816,12.4375
Australia,1966,T+66,2.6994377721507643,8.7125
Australia,1967,T+67,2.380238583479755,8.9625
Australia,1968,T+68,2.380238583479755,8.9625
Australia,1969,T+69,2.667496150753682,8.7125
Australia,1907,T+7,1.5417985786550898,10.65
Australia,1970,T+70,2.6674961507536823,8.7125
Australia,1971,T+71,2.5483538103758545,8.8375
Australia,1972,T+72,2.5314803687058016,9.3375
Australia,1973,T+73,3.1192661682792373,9.7125
Australia,1974,T+74,2.6188533477731935,8.0875
Australia,1975,T+75,2.9242520411209436,7.8374999999999995
Australia,1976,T+76,1.0833150181601978,8.275
Australia,1977,T+77,1.1173949295443526,7.9
Australia,1978,T+78,1.1173949295443526,7.9
Australia,1979,T+79,1.1841211327997057,7.775
Australia,1908,T+8,1.5417985786550898,10.65
Australia,1980,T+80,1.1173949295443526,7.9
Australia,1981,T+81,1.1173949295443526,7.9
Australia,1982,T+82,1.7864569884071022,7.4
Australia,1983,T+83,2.842910982979041,12.775
Australia,1984,T+84,2.8502819409414824,12.5875
Australia,1985,T+85,1.800793475903648,12.15
Australia,1986,T+86,1.800793475903648,12.15
Australia,1987,T+87,1.6168752933623896,11.65
Australia,1988,T+88,2.04939015319192,12.4
Australia,1989,T+89,1.7566201313073595,11.9
Australia,1909,T+9,1.5417985786550898,10.65
Australia,1990,T+90,3.236289762764056,5.275
Australia,1991,T+91,3.26266762021509,5.275
Australia,1992,T+92,2.3395665044130354,6.0249999999999995
Australia,1993,T+93,1.8493242008906934,9.4
Australia,1994,T+94,2.4115421858814154,10.0875
Australia,1995,T+95,1.8493242008906934,9.4
Australia,1996,T+96,1.6835336985892835,10.9
Australia,1997,T+97,1.7119329092328013,10.775
Australia,1998,T+98,1.5042796092672202,10.4
Australia,1999,T+99,1.982602906714878,10.775
Brazil,1900,T+0,2.883914750077451,12.5625
Brazil,1901,T+1,2.5903323008006964,12.6875
Brazil,1910,T+10,2.083095224488241,12.125
Brazil,2000,T+100,1.3296078906418778,12.625
Brazil,2001,T+101,1.3296078906418778,12.625
Brazil,2002,T+102,1.224744871391589,11.5
Brazil,2003,T+103,1.0938137736509683,14.875
Brazil,2004,T+104,1.3627702877384937,16.25
Brazil,2005,T+105,1.3627702877384937,16.25
Brazil,2006,T+106,1.3627702877384937,16.25
Brazil,2007,T+107,1.2174328963613794,15.125
Brazil,2008,T+108,1.2174328963613794,15.125
Brazil,2009,T+109,1.2174328963613794,15.125
Brazil,1911,T+11,1.827371257923719,13.125
Brazil,2010,T+110,1.4820352800890306,16.375
Brazil,2011,T+111,1.4820352800890306,16.375
Brazil,2012,T+112,1.2174328963613794,15.125
Brazil,2013,T+113,1.7878558586834041,12.375
Brazil,2014,T+114,0.8762745818846641,13.625
Brazil,2015,T+115,1.5583874449479593,8.75
Brazil,2016,T+116,1.927248223318863,6.75
Brazil,2017,T+117,1.5583874449479593,8.75
Brazil,2018,T+118,1.5583874449479593,8.75
Brazil,2019,T+119,1.2747548783981963,11.375
Brazil,1912,T+12,2.1835423382332535,13.875
Brazil,2020,T+120,1.9775525999867323,8.625
Brazil,2021,T+121,1.9775525999867323,8.625
Brazil,2022,T+122,1.2747548783981963,11.375
Brazil,2023,T+123,1.1572751247156894,13.375
Brazil,2024,T+124,1.4820352800890306,11.875
Brazil,2025,T+125,1.4820352800890306,11.875
Brazil,1913,T+13,2.1835423382332535,13.875
Brazil,1914,T+14,1.4142135623730951,12.25
Brazil,1915,T+15,1.8660500682304473,11.375
Brazil,1916,T+16,1.8660500682304473,11.375
Brazil,1917,T+17,1.7878558586834041,9.875
Brazil,1918,T+18,1.9086270308410553,7.5
Brazil,1919,T+19,1.7878558586834041,9.875
Brazil,1902,T+2,2.7353505912666582,13.625
Brazil,1920,T+20,1.8660500682304473,11.375
Brazil,1921,T+21,1.433028760552777,12.625
Brazil,1922,T+22,1.941096891671599,10.625
Brazil,1923,T+23,2.2160131510697956,9.875
Brazil,1924,T+24,2.57390753524675,9.125
Brazil,1925,T+25,2.2795676281761352,10.375
Brazil,1926,T+26,2.2834810518779682,9.0
Brazil,1927,T+27,2.2834810518779682,9.0
Brazil,1928,T+28,2.2834810518779682,9.0
Brazil,1929,T+29,2.3717082451262845,7.125
Brazil,1903,T+3,2.1835423382332535,13.875
Brazil,1930,T+30,2.0354009783964297,4.25
Brazil,1931,T+31,1.663687814121731,9.125
Brazil,1932,T+32,2.138089935299395,5.75
Brazil,1933,T+33,2.104417123236605,11.25
Brazil,1934,T+34,1.787855858683404,13.375
Brazil,1935,T+35,2.3413976290119662,9.875
Brazil,1936,T+36,1.787855858683404,13.375
Brazil,1937,T+37,1.8708286933869707,11.0
Brazil,1938,T+38,2.1044171232366047,15.25
Brazil,1939,T+39,2.1044171232366047,15.25
Brazil,1904,T+4,2.7353505912666582,12.625
Brazil,1940,T+40,1.217432896361379,16.125
Brazil,1941,T+41,1.217432896361379,16.125
Brazil,1942,T+42,1.2229209763045668,15.3125
Brazil,1943,T+43,1.2229209763045668,15.3125
Brazil,1944,T+44,1.1933596033288303,14.1875
Brazil,1945,T+45,1.439245834257849,10.0
Brazil,1946,T+46,1.3093073414159542,10.0
Brazil,1947,T+47,0.9258200997725514,11.5
Brazil,1948,T+48,1.3093073414159542,13.0
Brazil,1949,T+49,1.3093073414159542,13.0
Brazil,1905,T+5,2.1835423382332535,13.875
Brazil,1950,T+50,0.8864052604279182,13.25
Brazil,1951,T+51,1.093813773650968,15.875
Brazil,1952,T+52,1.093813773650968,15.875
Brazil,1953,T+53,1.217432896361379,16.125
Brazil,1954,T+54,1.529472364668847,10.125
Brazil,1955,T+55,1.093813773650968,13.875
Brazil,1956,T+56,1.217432896361379,16.125
Brazil,1957,T+57,1.217432896361379,16.125
Brazil,1958,T+58,1.217432896361379,16.125
Brazil,1959,T+59,1.2174328963613794,15.125
Brazil,1906,T+6,2.1835423382332535,13.875
Brazil,1960,T+60,1.2174328963613794,15.125
Brazil,1961,T+61,1.362770287738494,10.25
Brazil,1962,T+62,1.362770287738494,10.25
Brazil,1963,T+63,2.0133483127793435,7.875
Brazil,1964,T+64,1.8791620472966135,5.0625
Brazil,1965,T+65,1.4820352800890306,11.875
Brazil,1966,T+66,1.4820352800890306,12.625
Brazil,1967,T+67,1.4820352800890306,12.625
Brazil,1968,T+68,1.6035674514745464,11.75
Brazil,1969,T+69,1.927248223318863,14.75
Brazil,1907,T+7,2.1835423382332535,13.875
Brazil,1970,T+70,1.927248223318863,14.75
Brazil,1971,T+71,1.3363062095621219,15.0
Brazil,1972,T+72,1.439245834257849,16.5
Brazil,1973,T+73,1.439245834257849,16.5
Brazil,1974,T+74,1.1649647450214349,15.0
Brazil,1975,T+75,1.1649647450214349,15.0
Brazil,1976,T+76,1.575481785722341,13.375
Brazil,1977,T+77,1.575481785722341,13.375
Brazil,1978,T+78,1.3887301496588271,11.5
Brazil,1979,T+79,1.3887301496588271,11.5
Brazil,1908,T+8,1.9456912102680337,14.0
Brazil,1980,T+80,1.7060815589280267,9.625
Brazil,1981,T+81,1.7113069358158488,9.0
Brazil,1982,T+82,1.8322507626258084,8.0
Brazil,1983,T+83,2.248014997408031,6.625
Brazil,1984,T+84,1.5583874449479593,8.75
Brazil,1985,T+85,0.8762745818846638,10.375
Brazil,1986,T+86,1.2174328963613794,12.125
Brazil,1987,T+87,1.5583874449479593,8.75
Brazil,1988,T+88,1.5583874449479593,8.75
Brazil,1989,T+89,1.8708286933869707,7.0
Brazil,1909,T+9,1.827371257923719,13.125
Brazil,1990,T+90,1.5569544446955226,5.6875
Brazil,1991,T+91,1.5569544446955226,5.6875
Brazil,1992,T+92,1.5569544446955226,5.6875
Brazil,1993,T+93,1.5569544446955226,5.6875
Brazil,1994,T+94,1.5583874449479593,8.75
Brazil,1995,T+95,1.3296078906418778,12.625
Brazil,1996,T+96,1.3296078906418778,12.625
Brazil,1997,T+97,1.7474471175321524,14.125
Brazil,1998,T+98,1.7474471175321524,14.125
Brazil,1999,T+99,1.1952286093343936,12.25
Canada,1900,T+0,1.6201851746019649,12.375
Canada,1901,T+1,2.3067834748844547,12.4125
Canada,1910,T+10,2.2307910192190956,12.725
Canada,1911,T+11,1.647508942095828,15.0
Canada,1912,T+12,2.402937190784882,10.4375
Canada,1913,T+13,2.3603495503844343,8.3625
Canada,1914,T+14,1.8909087006742853,7.7125
Canada,1915,T+15,2.6859422395661667,9.25
Canada,1916,T+16,2.396984712985403,11.9375
Canada,1917,T+17,2.6086394921491163,9.225
Canada,1918,T+18,2.2112940619852957,7.5875
Canada,1919,T+19,1.5754817857223413,13.625
Canada,1902,T+2,1.5927850720402565,8.3625
Canada,1920,T+20,1.9639610121239315,12.25
Canada,1921,T+21,2.297786201667037,7.6375
Canada,1922,T+22,2.2109710213258915,11.5625
Canada,1923,T+23,1.2464234547582251,13.125
Canada,1924,T+24,2.1253151026881367,9.2375
Canada,1925,T+25,2.402974347404839,6.7
Canada,1903,T+3,2.2004869590940217,6.225
Canada,1904,T+4,1.3918127952935544,8.6
Canada,1905,T+5,1.8721645226849053,9.675
Canada,1906,T+6,2.21294890522643,2.0500000000000003
Canada,1907,T+7,1.5537397281582084,7.9375
Canada,1908,T+8,1.209190992830685,12.525
Canada,1909,T+9,1.8267848415023746,13.1
Chile,1900,T+0,3.6476998623398673,10.299999999999999
Chile,1901,T+1,3.415510838178425,10.4
Chile,1910,T+10,3.3258457570969826,10.4875
Chile,2000,T+100,2.0368042194996128,13.2
Chile,2001,T+101,1.897366596101027,13.2
Chile,2002,T+102,1.986696827831133,13.4125
Chile,2003,T+103,2.224498338309754,13.5375
Chile,2004,T+104,2.30015527426178,13.625
Chile,2005,T+105,2.18006389159322,13.4125
Chile,2006,T+106,2.1056047655178376,13.125
Chile,2007,T+107,2.0156087347073512,13.4375
Chile,2008,T+108,1.6190274858692184,12.4875
Chile,2009,T+109,2.0035682454774815,12.25
Chile,1911,T+11,3.3196385345395663,10.35
Chile,2010,T+110,1.8283482006601322,11.6
Chile,2011,T+111,1.8140326032666239,11.725
Chile,2012,T+112,2.1101370977802776,12.5875
Chile,2013,T+113,1.9240953347334053,12.775
Chile,2014,T+114,1.7141741035095757,12.7125
Chile,2015,T+115,1.8403706924731993,11.9875
Chile,2016,T+116,2.011218536111876,11.575
Chile,2017,T+117,1.9775525999867316,12.075
Chile,2018,T+118,1.8252201432782214,12.75
Chile,2019,T+119,2.1443863591113552,7.7125
Chile,1912,T+12,3.5520617755245834,10.4
Chile,2020,T+120,2.03469899493758,8.65
Chile,2021,T+121,1.9518763866012179,9.8875
Chile,2022,T+122,1.9914101249401854,9.25
Chile,2023,T+123,2.012771720787035,9.4625
Chile,2024,T+124,1.9809359259847708,10.5875
Chile,2025,T+125,2.1480472859918933,10.962499999999999
Chile,1913,T+13,3.2898111105133596,10.5
Chile,1914,T+14,2.7159581313835766,9.525
Chile,1915,T+15,2.796809406653027,9.375
Chile,1916,T+16,2.948486294452025,9.525
Chile,1917,T+17,3.101151859735808,9.2
Chile,1918,T+18,2.9122585736846927,8.6125
Chile,1919,T+19,2.7479862756987288,7.949999999999999
Chile,1902,T+2,3.532704346531139,10.45
Chile,1920,T+20,2.5629224390471568,8.05
Chile,1921,T+21,2.64220551812307,8.112499999999999
Chile,1922,T+22,2.6688681389040454,7.45
Chile,1923,T+23,2.33788671361858,7.299999999999999
Chile,1924,T+24,1.9164233800046826,6.2875
Chile,1925,T+25,2.0112185361118766,8.025
Chile,1926,T+26,1.8761663039293714,8.55
Chile,1927,T+27,2.2480149974080312,8.375
Chile,1928,T+28,2.38971008402992,9.325
Chile,1929,T+29,2.479595301080977,10.1625
Chile,1903,T+3,3.433344891335146,10.325
Chile,1930,T+30,2.388028176431043,6.9625
Chile,1931,T+31,3.0914628992020683,2.6
Chile,1932,T+32,2.259859350869935,3.0125
Chile,1933,T+33,2.1009776635788264,7.4625
Chile,1934,T+34,2.0420140617957134,7.7124999999999995
Chile,1935,T+35,2.381476132869815,9.05
Chile,1936,T+36,2.1363771068931494,8.9875
Chile,1937,T+37,1.8858495622473632,9.925
Chile,1938,T+38,1.9181464267061874,9.875
Chile,1939,T+39,1.7326692867200189,9.925
Chile,1904,T+4,3.169948174429895,10.6
Chile,1940,T+40,1.9425682558333508,10.425
Chile,1941,T+41,1.7566201313073602,10.450000000000001
Chile,1942,T+42,1.7274568425454637,10.4875
Chile,1943,T+43,1.9029582233985063,10.487499999999999
Chile,1944,T+44,1.6308958975273153,10.5625
Chile,1945,T+45,1.9675946156229869,10.75
Chile,1946,T+46,1.5551182775412473,10.5875
Chile,1947,T+47,1.7998015763649373,10.125
Chile,1948,T+48,1.9433035201503064,9.175
Chile,1949,T+49,1.766301624460394,9.5375
Chile,1905,T+5,3.5160600921242198,10.1625
Chile,1950,T+50,1.9146055169967227,10.3
Chile,1951,T+51,1.937551842624383,10.2625
Chile,1952,T+52,2.125651160737071,9.7875
Chile,1953,T+53,2.383237593814647,8.3625
Chile,1954,T+54,2.443065989401725,8.35
Chile,1955,T+55,2.5974919221653576,8.2875
Chile,1956,T+56,2.490804517190609,8.2125
Chile,1957,T+57,2.7751126103277315,8.3125
Chile,1958,T+58,2.2789408567515372,9.225
Chile,1959,T+59,1.6221128197508339,10.8375
Chile,1906,T+6,3.528253311281863,10.35
Chile,1960,T+60,1.7517338349679235,10.6
Chile,1961,T+61,1.8204689348783576,10.7625
Chile,1962,T+62,1.767110231827254,10.7375
Chile,1963,T+63,1.9108711551092532,10.95
Chile,1964,T+64,1.9813415368669494,11.25
Chile,1965,T+65,2.491377989329256,11.2875
Chile,1966,T+66,2.2411333229927606,11.2625
Chile,1967,T+67,2.411875381760604,11.05
Chile,1968,T+68,1.9573579131063386,10.4625
Chile,1969,T+69,2.0415330374150558,10.425
Chile,1907,T+7,3.7484996998799396,8.2375
Chile,1970,T+70,2.331768182547926,8.8
Chile,1971,T+71,2.92965136882482,8.35
Chile,1972,T+72,2.676851828974797,5.0375000000000005
Chile,1973,T+73,1.9359383107054686,2.525
Chile,1974,T+74,2.9834962711557056,4.3125
Chile,1975,T+75,3.2410040331442262,5.2124999999999995
Chile,1976,T+76,3.728246428090749,7.137499999999999
Chile,1977,T+77,3.74926183210966,7.2625
Chile,1978,T+78,4.1848152374302705,7.8875
Chile,1979,T+79,4.092829094892676,9.6625
Chile,1908,T+8,3.519714882933397,10.2375
Chile,1980,T+80,4.113653225193254,10.125
Chile,1981,T+81,3.809550967165103,9.9875
Chile,1982,T+82,3.972404813208241,4.6499999999999995
Chile,1983,T+83,2.5283746896827957,4.9125
Chile,1984,T+84,2.3075961518428656,6.975
Chile,1985,T+85,2.4477030048598625,7.9375
Chile,1986,T+86,2.219032929646864,7.6875
Chile,1987,T+87,2.325633554232358,8.9
Chile,1988,T+88,1.6527034130262368,9.95
Chile,1989,T+89,1.9708138275486964,11.6125
Chile,1909,T+9,3.526810578574196,10.2125
Chile,1990,T+90,2.3558058978980907,12.1875
Chile,1991,T+91,2.1672480904857863,12.9625
Chile,1992,T+92,2.1810875399999095,13.100000000000001
Chile,1993,T+93,2.1459263733874927,13.175
Chile,1994,T+94,2.2209634331588113,12.9875
Chile,1995,T+95,2.218711015754096,13.0375
Chile,1996,T+96,2.285943068907385,13.1375
Chile,1997,T+97,1.9657332328821076,13.0875
Chile,1998,T+98,2.3674881203503424,12.325000000000001
Chile,1999,T+99,2.4694924290515363,12.3125
China,1900,T+0,3.3567628964311944,0.875
China,1901,T+1,3.3567628964311944,0.875
China,1910,T+10,2.7255405754769875,0.0
China,2000,T+100,1.4820352800890306,14.625
China,2001,T+101,1.4820352800890306,14.625
China,2002,T+102,1.4820352800890306,14.625
China,2003,T+103,1.5683817866104635,15.9375
China,2004,T+104,1.5683817866104635,15.9375
China,2005,T+105,1.7100020885534453,15.6875
China,2006,T+106,1.4376940862764531,15.3125
China,2007,T+107,1.827371257923719,14.625
China,2008,T+108,2.1505813167606567,14.375
China,2009,T+109,1.4126343172547218,15.1875
China,1911,T+11,2.859039549019416,-1.9375
China,2010,T+110,1.3296078906418776,15.375
China,2011,T+111,1.4376940862764531,15.3125
China,2012,T+112,1.4376940862764531,15.3125
China,2013,T+113,1.4376940862764531,15.3125
China,2014,T+114,1.9988836169936743,14.3125
China,2015,T+115,1.9988836169936743,14.3125
China,2016,T+116,1.7878558586834037,14.625
China,2017,T+117,1.7878558586834037,14.625
China,2018,T+118,1.7307615994947758,13.3125
China,2019,T+119,2.57390753524675,12.125
China,1912,T+12,2.052872551885702,1.5
China,2020,T+120,2.541617876190563,11.5625
China,2021,T+121,2.825268634509444,11.125
China,2022,T+122,3.052370273363683,10.9375
China,2023,T+123,2.5495097567963922,11.75
China,2024,T+124,2.503568881188841,11.625
China,2025,T+125,2.503568881188841,11.625
China,1913,T+13,2.052872551885702,1.5
China,1914,T+14,3.0793088278285534,1.875
China,1915,T+15,3.0793088278285534,1.875
China,1916,T+16,4.242640687119285,0.75
China,1917,T+17,4.308940042018952,0.8125
China,1918,T+18,5.0832357523811265,0.875
China,1919,T+19,5.185401899288314,0.9375
China,1902,T+2,3.3567628964311944,0.875
China,1920,T+20,5.185401899288314,0.9375
China,1921,T+21,4.9856938190329,0.75
China,1922,T+22,4.9856938190329,0.75
China,1923,T+23,4.9856938190329,0.75
China,1924,T+24,3.8908087664575417,2.1875
China,1925,T+25,3.8908087664575417,2.1875
China,1926,T+26,3.0822070014844885,4.0
China,1927,T+27,2.6040833319999575,4.8125
China,1928,T+28,2.6040833319999575,4.8125
China,1929,T+29,1.4623244705409457,6.8125
China,1903,T+3,2.1213203435596424,2.0
China,1930,T+30,1.4623244705409457,6.8125
China,1931,T+31,1.4623244705409457,6.8125
China,1932,T+32,1.8980723303996008,7.9375
China,1933,T+33,1.8980723303996008,7.9375
China,1934,T+34,1.8980723303996008,7.9375
China,1935,T+35,1.7204131563585034,7.5625
China,1936,T+36,1.7204131563585034,7.5625
China,1937,T+37,2.219032929646864,1.8125
China,1938,T+38,1.9820624179302297,1.5
China,1939,T+39,1.98206241793023,1.0
China,1904,T+4,2.1213203435596424,2.0
China,1940,T+40,2.121320343559643,1.0
China,1941,T+41,2.2795676281761352,0.375
China,1942,T+42,2.2795676281761352,0.375
China,1943,T+43,1.927248223318863,-0.25
China,1944,T+44,1.927248223318863,-0.25
China,1945,T+45,2.1866069605669876,1.3125
China,1946,T+46,2.23606797749979,0.0
China,1947,T+47,2.5071326821120348,-0.75
China,1948,T+48,1.889822365046136,-2.25
China,1949,T+49,2.2190329296468634,6.1875
China,1905,T+5,2.1213203435596424,2.0
China,1950,T+50,1.8504343119541269,7.8125
China,1951,T+51,1.8504343119541269,7.8125
China,1952,T+52,1.4638501094227996,10.0
China,1953,T+53,1.4638501094227996,10.0
China,1954,T+54,1.4638501094227996,10.0
China,1955,T+55,1.9775525999867323,11.875
China,1956,T+56,1.9775525999867323,11.875
China,1957,T+57,2.8590395490194154,9.5625
China,1958,T+58,2.202879608927499,8.8125
China,1959,T+59,3.5228843701879127,4.625
China,1906,T+6,2.1213203435596424,2.0
China,1960,T+60,5.376868446011516,1.625
China,1961,T+61,3.863750953228149,4.25
China,1962,T+62,2.5213375135318272,7.75
China,1963,T+63,2.1712405933672376,8.5
China,1964,T+64,1.8886408567311803,10.8125
China,1965,T+65,1.635269746206155,11.5625
China,1966,T+66,4.487582072468743,4.1875
China,1967,T+67,4.2067123233504535,0.125
China,1968,T+68,5.249149590988186,0.875
China,1969,T+69,5.196152422706631,1.0
China,1907,T+7,2.1213203435596424,2.0
China,1970,T+70,3.595632271043777,2.75
China,1971,T+71,3.5831949031954307,2.875
China,1972,T+72,2.382038442774831,4.4375
China,1973,T+73,2.445841952609133,5.125
China,1974,T+74,2.445841952609133,5.125
China,1975,T+75,1.9456912102680337,5.5
China,1976,T+76,2.5213375135318272,4.25
China,1977,T+77,1.237436867076458,8.5625
China,1978,T+78,1.302470180629319,9.875
China,1979,T+79,0.801783725737273,11.25
China,1908,T+8,2.7255405754769875,0.0
China,1980,T+80,1.3363062095621219,11.75
China,1981,T+81,1.3363062095621219,11.75
China,1982,T+82,1.2799972098183874,11.8125
China,1983,T+83,1.2229209763045665,12.6875
China,1984,T+84,1.2229209763045665,12.6875
China,1985,T+85,1.2229209763045665,12.6875
China,1986,T+86,1.2517844405944207,12.1875
China,1987,T+87,1.2517844405944207,12.1875
China,1988,T+88,1.5103807466993213,9.8125
China,1989,T+89,3.3481071411428025,6.8125
China,1909,T+9,2.7255405754769875,0.0
China,1990,T+90,3.5298472245369807,7.5625
China,1991,T+91,2.42660109147401,8.4375
China,1992,T+92,1.3611313571542503,12.6875
China,1993,T+93,1.3611313571542503,12.6875
China,1994,T+94,1.3887301496588271,12.75
China,1995,T+95,1.3887301496588271,12.75
China,1996,T+96,1.6035674514745466,12.25
China,1997,T+97,1.941096891671599,11.625
China,1998,T+98,1.4577379737113252,12.375
China,1999,T+99,0.2314550249431378,13.375
Colombia,1900,T+0,1.9719461018423978,-0.25000000000000006
Colombia,1901,T+1,1.9719461018423978,-0.25000000000000006
Colombia,1910,T+10,2.1111523596638606,6.6375
Colombia,2000,T+100,2.3163626042322725,3.0375
Colombia,2001,T+101,2.3163626042322725,3.0375
Colombia,2002,T+102,2.3993674761724777,3.5375
Colombia,2003,T+103,2.3043049773351245,5.2125
Colombia,2004,T+104,1.9529739227283973,5.8625
Colombia,2005,T+105,1.854290391805679,6.487500000000001
Colombia,2006,T+106,1.8742141210194136,6.8875
Colombia,2007,T+107,1.7402278175982757,7.4375
Colombia,2008,T+108,1.7245599852881728,7.5375000000000005
Colombia,2009,T+109,1.7443275413260468,7.2625
Colombia,1911,T+11,2.1111523596638606,6.6375
Colombia,2010,T+110,1.7196345126633323,7.55
Colombia,2011,T+111,1.791846613333375,7.875
Colombia,2012,T+112,1.8585228389388018,8.1375
Colombia,2013,T+113,1.8546755588434944,8.1625
Colombia,2014,T+114,1.8504343119541269,8.1875
Colombia,2015,T+115,1.8504343119541269,8.1875
Colombia,2016,T+116,2.1144063672138063,8.525
Colombia,2017,T+117,1.741048534648015,8.0625
Colombia,2018,T+118,1.6689924248736763,7.9375
Colombia,2019,T+119,1.8946824083659584,7.6125
Colombia,1912,T+12,2.1662591191795526,6.6125
Colombia,2020,T+120,2.4117273003862962,5.275
Colombia,2021,T+121,2.5746012173871566,4.7
Colombia,2022,T+122,1.9588626437662384,6.75
Colombia,2023,T+123,1.9628241315585488,6.8125
Colombia,2024,T+124,1.9628241315585488,6.8125
Colombia,2025,T+125,1.9628241315585488,6.8125
Colombia,1913,T+13,2.183010699535326,6.6375
Colombia,1914,T+14,2.183010699535326,6.6375
Colombia,1915,T+15,2.183010699535326,6.6375
Colombia,1916,T+16,2.183010699535326,6.6375
Colombia,1917,T+17,2.183010699535326,6.6375
Colombia,1918,T+18,2.295609162852298,6.5875
Colombia,1919,T+19,2.295609162852298,6.5875
Colombia,1902,T+2,1.9608671551127579,-0.27499999999999997
Colombia,1920,T+20,2.2806249143600974,6.6125
Colombia,1921,T+21,2.2806249143600974,6.6125
Colombia,1922,T+22,2.2806249143600974,6.6125
Colombia,1923,T+23,2.2990292982660563,6.6375
Colombia,1924,T+24,2.308988646881698,6.65
Colombia,1925,T+25,2.3194442068244348,6.6625
Colombia,1926,T+26,2.3194442068244348,6.6625
Colombia,1927,T+27,2.3194442068244348,6.6625
Colombia,1928,T+28,2.3092593122966014,5.8125
Colombia,1929,T+29,2.3194442068244348,5.6625
Colombia,1903,T+3,1.913672609707015,0.8749999999999999
Colombia,1930,T+30,2.114870816723464,6.1125
Colombia,1931,T+31,2.1846460975243955,5.9875
Colombia,1932,T+32,2.186974426658241,5.2
Colombia,1933,T+33,2.1432618665416108,5.925
Colombia,1934,T+34,2.1123784834027397,6.025
Colombia,1935,T+35,2.0853228595523117,6.1000000000000005
Colombia,1936,T+36,2.1450524469112637,6.9875
Colombia,1937,T+37,2.1450524469112637,6.9875
Colombia,1938,T+38,2.1450524469112637,6.9875
Colombia,1939,T+39,2.1450524469112637,6.9875
Colombia,1904,T+4,1.7703914014380309,3.35
Colombia,1940,T+40,2.1450524469112637,6.9875
Colombia,1941,T+41,2.1450524469112637,6.9875
Colombia,1942,T+42,2.1934561769043848,6.9625
Colombia,1943,T+43,2.1934561769043848,6.9625
Colombia,1944,T+44,2.1934561769043848,6.9625
Colombia,1945,T+45,2.1934561769043848,6.9625
Colombia,1946,T+46,2.2814469093099667,5.675
Colombia,1947,T+47,2.2865679209555214,5.0375
Colombia,1948,T+48,2.006017732438361,2.3875
Colombia,1949,T+49,2.0430631764233684,3.9375
Colombia,1905,T+5,2.152697643157799,4.7625
Colombia,1950,T+50,2.0430631764233684,3.9375
Colombia,1951,T+51,2.0430631764233684,3.9375
Colombia,1952,T+52,2.0430631764233684,3.9375
Colombia,1953,T+53,1.95137314290659,5.325
Colombia,1954,T+54,1.9533396310641207,5.6125
Colombia,1955,T+55,2.0152543263816605,5.5875
Colombia,1956,T+56,1.9460124063618625,5.1875
Colombia,1957,T+57,1.9467463698621423,5.2875
Colombia,1958,T+58,2.1797362225737316,5.8625
Colombia,1959,T+59,2.1797362225737316,5.8625
Colombia,1906,T+6,2.205795936682656,5.2625
Colombia,1960,T+60,2.033952872048486,5.7625
Colombia,1961,T+61,2.073945515195614,5.7125
Colombia,1962,T+62,2.1226247229045727,5.6625
Colombia,1963,T+63,2.328664546779671,5.5625
Colombia,1964,T+64,2.4056110004974385,5.5125
Colombia,1965,T+65,2.4056110004974385,5.5125
Colombia,1966,T+66,2.3757329696026748,5.4875
Colombia,1967,T+67,2.393107662792104,5.5875
Colombia,1968,T+68,2.54246084391818,5.7875
Colombia,1969,T+69,2.54246084391818,5.7875
Colombia,1907,T+7,2.2459089792013263,5.3125
Colombia,1970,T+70,2.5244164813731853,5.7875
Colombia,1971,T+71,2.4985352852078297,5.7375
Colombia,1972,T+72,2.502248988410226,5.6875
Colombia,1973,T+73,2.4365886574705806,5.5625
Colombia,1974,T+74,2.4360022871206715,5.4625
Colombia,1975,T+75,2.4576048153784673,5.4375
Colombia,1976,T+76,2.4576048153784673,5.4375
Colombia,1977,T+77,2.472960920493026,5.3875
Colombia,1978,T+78,2.574566537719089,5.1625
Colombia,1979,T+79,2.5119357930829818,4.9875
Colombia,1908,T+8,2.2481341469888187,5.5375000000000005
Colombia,1980,T+80,2.413022704291978,4.6375
Colombia,1981,T+81,2.398660340392409,4.625
Colombia,1982,T+82,2.398660340392409,4.625
Colombia,1983,T+83,2.393443424978211,4.65
Colombia,1984,T+84,2.420706803512443,4.3375
Colombia,1985,T+85,2.0106857394573483,3.75
Colombia,1986,T+86,2.11453304537905,3.8625000000000003
Colombia,1987,T+87,2.1030165409308057,3.8375000000000004
Colombia,1988,T+88,2.139717938687914,3.1875
Colombia,1989,T+89,2.2064434860523523,2.7624999999999997
Colombia,1909,T+9,2.2693217992544445,5.5875
Colombia,1990,T+90,2.2318714120665644,2.7124999999999995
Colombia,1991,T+91,2.5938113159706018,4.775
Colombia,1992,T+92,2.4605095291132573,5.1375
Colombia,1993,T+93,2.3898221691163553,5.0625
Colombia,1994,T+94,2.3055445591629136,4.6125
Colombia,1995,T+95,2.1774411587916673,4.3125
Colombia,1996,T+96,2.3775362397718713,4.1875
Colombia,1997,T+97,2.320983473813264,3.9125
Colombia,1998,T+98,2.3547823678633235,3.075
Colombia,1999,T+99,2.389710084029919,2.7249999999999996
Denmark,1900,T+0,3.47375363054352,14.3125
Denmark,1901,T+1,1.4252192813739226,14.9375
Denmark,1910,T+10,1.4252192813739226,14.9375
Denmark,1911,T+11,1.4252192813739226,14.9375
Denmark,1912,T+12,1.6690459207925603,9.25
Denmark,1913,T+13,2.138089935299395,9.0
Denmark,1914,T+14,4.399675312695569,13.75
Denmark,1915,T+15,2.840240180990736,14.3125
Denmark,1916,T+16,1.9955307206712847,14.625
Denmark,1917,T+17,1.208230701716948,14.9375
Denmark,1918,T+18,0.7071067811865476,15.25
Denmark,1919,T+19,1.050085030570654,15.5625
Denmark,1902,T+2,1.4252192813739226,14.9375
Denmark,1920,T+20,1.807721533549109,15.875
Denmark,1921,T+21,2.6449075058091758,16.1875
Denmark,1922,T+22,3.5050983275386556,16.5
Denmark,1923,T+23,1.8077215335491092,18.375
Denmark,1924,T+24,0.7071067811865475,20.25
Denmark,1925,T+25,1.7512750457064943,21.8125
Denmark,1926,T+26,2.632217967526896,21.5
Denmark,1927,T+27,3.514637758209026,21.1875
Denmark,1928,T+28,3.514637758209026,18.6875
Denmark,1929,T+29,3.514637758209026,16.1875
Denmark,1903,T+3,1.4252192813739226,14.9375
Denmark,1930,T+30,3.514637758209027,13.6875
Denmark,1931,T+31,3.514637758209027,11.1875
Denmark,1932,T+32,1.6420805617960923,15.625
Denmark,1933,T+33,1.6420805617960923,15.625
Denmark,1934,T+34,1.6420805617960923,15.625
Denmark,1935,T+35,1.6420805617960923,15.625
Denmark,1936,T+36,1.6420805617960923,15.625
Denmark,1937,T+37,1.6420805617960923,15.625
Denmark,1938,T+38,1.6420805617960923,15.625
Denmark,1939,T+39,1.6420805617960923,15.625
Denmark,1904,T+4,1.4252192813739226,14.9375
Denmark,1940,T+40,1.6420805617960923,15.625
Denmark,1941,T+41,1.6420805617960923,15.625
Denmark,1942,T+42,3.2263908960765617,16.84375
Denmark,1943,T+43,3.2263908960765617,16.84375
Denmark,1944,T+44,3.2263908960765617,16.84375
Denmark,1945,T+45,3.2263908960765617,16.84375
Denmark,1946,T+46,3.2263908960765617,16.84375
Denmark,1947,T+47,3.2263908960765617,16.84375
Denmark,1948,T+48,3.2263908960765617,16.84375
Denmark,1949,T+49,3.2263908960765617,16.84375
Denmark,1905,T+5,1.4252192813739226,14.9375
Denmark,1950,T+50,3.2263908960765617,16.84375
Denmark,1951,T+51,3.2263908960765617,16.84375
Denmark,1952,T+52,3.2263908960765617,16.84375
Denmark,1953,T+53,3.2263908960765617,16.84375
Denmark,1954,T+54,3.2263908960765617,16.84375
Denmark,1955,T+55,3.2263908960765617,16.84375
Denmark,1956,T+56,3.2263908960765617,16.84375
Denmark,1957,T+57,3.2263908960765617,16.84375
Denmark,1958,T+58,3.2263908960765617,16.84375
Denmark,1959,T+59,3.2263908960765617,16.84375
Denmark,1906,T+6,1.4252192813739226,14.9375
Denmark,1960,T+60,3.2263908960765617,16.84375
Denmark,1961,T+61,3.2263908960765617,16.84375
Denmark,1962,T+62,3.2263908960765617,16.84375
Denmark,1963,T+63,3.2263908960765617,16.84375
Denmark,1964,T+64,3.2263908960765617,16.84375
Denmark,1965,T+65,3.2263908960765617,16.84375
Denmark,1966,T+66,3.2263908960765617,16.84375
Denmark,1907,T+7,1.4252192813739226,14.9375
Denmark,1908,T+8,1.4252192813739226,14.9375
Denmark,1909,T+9,1.4252192813739226,14.9375
Egypt,1900,T+0,3.4062704783132784,11.5625
Egypt,1901,T+1,3.4062704783132784,11.5625
Egypt,1910,T+10,4.240535680446853,9.125
Egypt,2000,T+100,4.905809238618465,10.3125
Egypt,2001,T+101,3.212003157799551,11.4375
Egypt,2002,T+102,3.150255091711962,11.1875
Egypt,2003,T+103,4.263110031755825,8.5625
Egypt,2004,T+104,4.309458036856673,11.5
Egypt,2005,T+105,5.244044240850758,9.75
Egypt,2006,T+106,5.667892024377317,10.875
Egypt,2007,T+107,6.129553700835696,9.5
Egypt,2008,T+108,5.894534393341489,6.5625
Egypt,2009,T+109,5.46049121285936,7.5625
Egypt,1911,T+11,3.437581167872881,12.4375
Egypt,2010,T+110,5.384750292658492,4.8125
Egypt,2011,T+111,4.439574464807571,1.1875
Egypt,2012,T+112,3.1367635732209265,2.875
Egypt,2013,T+113,4.138236339311712,2.125
Egypt,2014,T+114,4.718883039751796,9.625
Egypt,2015,T+115,5.111262075065218,11.375
Egypt,2016,T+116,5.6343176795673955,9.4375
Egypt,2017,T+117,5.2606185133363494,10.9375
Egypt,2018,T+118,4.479616533333438,13.1875
Egypt,2019,T+119,4.370661113770842,14.0625
Egypt,1912,T+12,3.6129726581544217,13.875
Egypt,2020,T+120,4.152774459838352,10.9375
Egypt,2021,T+121,4.718883039751796,12.375
Egypt,2022,T+122,5.291080769964273,9.3125
Egypt,2023,T+123,5.314652925101104,4.9375
Egypt,2024,T+124,5.394689849419388,10.0625
Egypt,2025,T+125,4.8028079584462136,11.1875
Egypt,1913,T+13,3.494894235064305,14.0
Egypt,1914,T+14,5.5549205986353085,10.75
Egypt,1915,T+15,5.21501951783774,8.625
Egypt,1916,T+16,5.229978830877672,9.1875
Egypt,1917,T+17,5.781358589713766,7.3125
Egypt,1918,T+18,5.879367677370951,5.6875
Egypt,1919,T+19,4.0686080455816125,5.875
Egypt,1902,T+2,3.7026776025697172,12.3125
Egypt,1920,T+20,3.1509635714446826,7.75
Egypt,1921,T+21,3.1594529363709247,8.625
Egypt,1922,T+22,2.7702178872531205,11.4375
Egypt,1923,T+23,3.453776401067595,9.25
Egypt,1924,T+24,4.644505202002532,7.0
Egypt,1925,T+25,2.8753881725529062,8.875
Egypt,1926,T+26,2.988071523335984,9.75
Egypt,1927,T+27,3.0676887530703447,9.625
Egypt,1928,T+28,3.909694909544003,7.0
Egypt,1929,T+29,3.5632048174962625,6.125
Egypt,1903,T+3,3.7026776025697172,12.3125
Egypt,1930,T+30,4.373213921133975,6.875
Egypt,1931,T+31,4.103569874424672,7.375
Egypt,1932,T+32,3.248626083219093,8.375
Egypt,1933,T+33,2.2638462845343543,8.625
Egypt,1934,T+34,2.138089935299395,10.5
Egypt,1935,T+35,2.359441519875898,10.3125
Egypt,1936,T+36,2.3754698783308417,12.25
Egypt,1937,T+37,3.1622776601683795,10.0
Egypt,1938,T+38,2.850438562747845,9.375
Egypt,1939,T+39,3.327375628243462,7.75
Egypt,1904,T+4,3.3746692959670668,13.0625
Egypt,1940,T+40,3.9318979422883586,6.4375
Egypt,1941,T+41,4.181165251116351,5.375
Egypt,1942,T+42,4.100849215188762,7.5625
Egypt,1943,T+43,3.447954880380957,10.0625
Egypt,1944,T+44,3.77728171346236,10.125
Egypt,1945,T+45,4.086126352846737,7.375
Egypt,1946,T+46,4.15546112277051,5.875
Egypt,1947,T+47,3.8706773124535787,7.625
Egypt,1948,T+48,4.120939559996343,3.625
Egypt,1949,T+49,3.609882269548413,5.4375
Egypt,1905,T+5,2.9970223317724636,13.375
Egypt,1950,T+50,3.463457191057183,9.3125
Egypt,1951,T+51,4.148472180040675,3.3125
Egypt,1952,T+52,3.5095532886272416,4.5625
Egypt,1953,T+53,2.988071523335984,9.75
Egypt,1954,T+54,3.544991436620727,10.1875
Egypt,1955,T+55,3.4200041771068896,12.625
Egypt,1956,T+56,5.19443383412888,11.125
Egypt,1957,T+57,3.8149143409218813,12.875
Egypt,1958,T+58,2.8213155492733226,12.4375
Egypt,1959,T+59,2.1033561616752268,13.8125
Egypt,1906,T+6,3.172847977088453,11.6875
Egypt,1960,T+60,2.235069509944984,14.6875
Egypt,1961,T+61,4.640177798317645,13.5625
Egypt,1962,T+62,3.9364369313232634,14.6875
Egypt,1963,T+63,3.0908852176312576,13.375
Egypt,1964,T+64,3.4121631178560534,13.25
Egypt,1965,T+65,2.9246489410818914,10.875
Egypt,1966,T+66,2.8030595529069404,10.0
Egypt,1967,T+67,3.2943403848765493,2.1875
Egypt,1968,T+68,1.4865468134476723,7.3125
Egypt,1969,T+69,1.7268882005337973,10.375
Egypt,1907,T+7,3.585685828003181,9.0
Egypt,1970,T+70,2.671777097203818,11.8125
Egypt,1971,T+71,2.840240180990736,11.3125
Egypt,1972,T+72,2.9813407817864195,10.9375
Egypt,1973,T+73,3.0207614933986426,14.625
Egypt,1974,T+74,1.941096891671599,12.625
Egypt,1975,T+75,2.5345822422752717,12.3125
Egypt,1976,T+76,3.2293298729878046,10.75
Egypt,1977,T+77,3.451190270865152,6.375
Egypt,1978,T+78,2.6457513110645907,9.25
Egypt,1979,T+79,3.7511902872859664,9.5
Egypt,1908,T+8,2.850438562747845,9.875
Egypt,1980,T+80,3.7511902872859664,9.5
Egypt,1981,T+81,3.7961446607992015,7.375
Egypt,1982,T+82,2.6917532788659733,9.5625
Egypt,1983,T+83,2.569567779107718,9.9375
Egypt,1984,T+84,3.087272258807117,10.4375
Egypt,1985,T+85,2.8901000971296082,9.6875
Egypt,1986,T+86,3.3051637089344212,8.3125
Egypt,1987,T+87,2.604083331999957,9.3125
Egypt,1988,T+88,2.9992558600902512,9.1875
Egypt,1989,T+89,2.9992558600902512,9.1875
Egypt,1909,T+9,3.1367635732209265,10.125
Egypt,1990,T+90,2.862940546261583,9.625
Egypt,1991,T+91,3.877015604817706,11.9375
Egypt,1992,T+92,2.9730936268953445,9.125
Egypt,1993,T+93,3.555679561329612,8.75
Egypt,1994,T+94,3.9798600118956085,8.625
Egypt,1995,T+95,4.026696625558686,8.25
Egypt,1996,T+96,4.172614801981401,10.125
Egypt,1997,T+97,4.405759217854998,6.875
Egypt,1998,T+98,4.149010208987887,10.25
Egypt,1999,T+99,4.54933276112317,11.375
Estonia,1900,T+0,1.980935925984771,10.6875
Estonia,1901,T+1,1.980935925984771,10.6875
Estonia,1910,T+10,2.067769243135496,12.78125
Estonia,2000,T+100,1.0606601717798214,18.375
Estonia,2001,T+101,1.0606601717798214,18.375
Estonia,2002,T+102,1.0606601717798214,18.375
Estonia,2003,T+103,1.0606601717798214,18.375
Estonia,2004,T+104,1.0606601717798214,18.375
Estonia,2005,T+105,1.0606601717798214,17.375
Estonia,2006,T+106,0.9910312089651149,15.125
Estonia,2007,T+107,0.9910312089651149,16.125
Estonia,2008,T+108,1.0606601717798214,18.375
Estonia,2009,T+109,1.0606601717798214,18.375
Estonia,1911,T+11,2.067769243135496,12.78125
Estonia,2010,T+110,1.0606601717798214,18.375
Estonia,2011,T+111,1.0606601717798214,18.375
Estonia,2012,T+112,1.0606601717798214,18.375
Estonia,2013,T+113,1.0606601717798214,18.375
Estonia,2014,T+114,1.0606601717798214,18.375
Estonia,2015,T+115,1.0606601717798214,18.375
Estonia,2016,T+116,1.0606601717798214,18.375
Estonia,2017,T+117,1.1877349391654208,16.625
Estonia,2018,T+118,1.1877349391654208,17.625
Estonia,2019,T+119,1.6903085094570331,16.0
Estonia,1912,T+12,2.067769243135496,12.78125
Estonia,2020,T+120,1.6903085094570334,17.0
Estonia,2021,T+121,1.0606601717798214,18.375
Estonia,2022,T+122,1.0606601717798214,18.375
Estonia,1913,T+13,2.1866069605669876,14.0625
Estonia,1914,T+14,3.3487737627802976,7.25
Estonia,1915,T+15,2.951240659209518,1.1875
Estonia,1916,T+16,2.951240659209518,1.1875
Estonia,1917,T+17,3.940970692608612,4.5625
Estonia,1918,T+18,4.292851200376205,0.25
Estonia,1919,T+19,2.3867192066576606,9.875
Estonia,1902,T+2,1.980935925984771,10.6875
Estonia,1920,T+20,2.3867192066576606,13.375
Estonia,1921,T+21,1.9074571704609404,14.8125
Estonia,1922,T+22,1.9074571704609404,14.8125
Estonia,1923,T+23,1.9074571704609404,14.8125
Estonia,1924,T+24,1.9074571704609404,14.8125
Estonia,1925,T+25,1.9074571704609404,14.8125
Estonia,1926,T+26,1.9074571704609404,14.8125
Estonia,1927,T+27,1.9074571704609404,14.8125
Estonia,1928,T+28,1.9074571704609404,14.8125
Estonia,1929,T+29,1.9074571704609404,14.8125
Estonia,1903,T+3,1.8942464577918954,11.90625
Estonia,1930,T+30,1.9074571704609404,13.8125
Estonia,1931,T+31,1.9074571704609404,13.8125
Estonia,1932,T+32,1.9074571704609404,12.8125
Estonia,1933,T+33,1.9899300059478042,10.9375
Estonia,1934,T+34,1.9899300059478042,8.9375
Estonia,1935,T+35,1.9899300059478042,6.9375
Estonia,1936,T+36,1.9899300059478042,4.9375
Estonia,1937,T+37,1.9899300059478042,2.9375
Estonia,1938,T+38,1.3076014027873435,1.3125
Estonia,1939,T+39,1.5797264681854624,2.1875
Estonia,1904,T+4,1.8942464577918954,11.90625
Estonia,1940,T+40,1.5797264681854624,4.1875
Estonia,1941,T+41,1.5797264681854624,4.1875
Estonia,1942,T+42,1.5797264681854624,1.1875
Estonia,1943,T+43,1.5797264681854624,4.1875
Estonia,1944,T+44,1.5797264681854624,8.1875
Estonia,1945,T+45,1.4985111658862318,10.0625
Estonia,1946,T+46,1.4985111658862318,12.0625
Estonia,1947,T+47,1.4985111658862318,12.0625
Estonia,1948,T+48,1.4985111658862318,12.0625
Estonia,1949,T+49,1.4985111658862318,12.0625
Estonia,1905,T+5,2.764369923043689,10.90625
Estonia,1950,T+50,1.4985111658862318,12.0625
Estonia,1951,T+51,1.4985111658862318,12.0625
Estonia,1952,T+52,1.4985111658862318,12.0625
Estonia,1953,T+53,1.4985111658862318,12.0625
Estonia,1954,T+54,1.4985111658862318,12.0625
Estonia,1955,T+55,1.4985111658862318,12.0625
Estonia,1956,T+56,1.4985111658862318,12.0625
Estonia,1957,T+57,1.4985111658862318,12.0625
Estonia,1958,T+58,1.4985111658862318,12.0625
Estonia,1959,T+59,1.4985111658862318,12.0625
Estonia,1906,T+6,1.8537486152581282,12.28125
Estonia,1960,T+60,1.4985111658862318,12.0625
Estonia,1961,T+61,1.4985111658862318,12.0625
Estonia,1962,T+62,1.4985111658862318,12.0625
Estonia,1963,T+63,1.4985111658862318,12.0625
Estonia,1964,T+64,1.4985111658862318,12.0625
Estonia,1965,T+65,1.4985111658862318,12.0625
Estonia,1966,T+66,1.4985111658862318,12.0625
Estonia,1967,T+67,1.4985111658862318,12.0625
Estonia,1968,T+68,1.4985111658862318,12.0625
Estonia,1969,T+69,1.4985111658862318,12.0625
Estonia,1907,T+7,1.8942464577918954,11.90625
Estonia,1970,T+70,1.4985111658862318,12.0625
Estonia,1971,T+71,1.4985111658862318,12.0625
Estonia,1972,T+72,1.4985111658862318,12.0625
Estonia,1973,T+73,1.4985111658862318,12.0625
Estonia,1974,T+74,1.4985111658862318,12.0625
Estonia,1975,T+75,1.4985111658862318,12.0625
Estonia,1976,T+76,1.4985111658862318,12.0625
Estonia,1977,T+77,1.4985111658862318,12.0625
Estonia,1978,T+78,1.4985111658862318,12.0625
Estonia,1979,T+79,1.4985111658862318,12.0625
Estonia,1908,T+8,1.8942464577918954,11.90625
Estonia,1980,T+80,1.4985111658862318,12.0625
Estonia,1981,T+81,1.4985111658862318,12.0625
Estonia,1982,T+82,1.4985111658862318,12.0625
Estonia,1983,T+83,1.4985111658862318,11.0625
Estonia,1984,T+84,1.4985111658862318,10.0625
Estonia,1985,T+85,1.4985111658862318,9.0625
Estonia,1986,T+86,1.498511165886232,8.0625
Estonia,1987,T+87,1.498511165886232,7.0625
Estonia,1988,T+88,1.4985111658862318,14.5625
Estonia,1989,T+89,1.1475906437899739,17.0625
Estonia,1909,T+9,1.8942464577918954,11.90625
Estonia,1990,T+90,1.1475906437899739,18.0625
Estonia,1991,T+91,1.0606601717798214,18.375
Estonia,1992,T+92,1.0606601717798214,18.375
Estonia,1993,T+93,1.0606601717798214,18.375
Estonia,1994,T+94,1.0606601717798214,18.375
Estonia,1995,T+95,1.0606601717798214,18.375
Estonia,1996,T+96,1.0606601717798214,18.375
Estonia,1997,T+97,1.0606601717798214,18.375
Estonia,1998,T+98,1.0606601717798214,18.375
Estonia,1999,T+99,1.0606601717798214,18.375
Finland,1900,T+0,3.463457191057184,11.1875
Finland,1901,T+1,4.746709386511881,10.4375
Finland,1910,T+10,3.044315545875155,9.875
Finland,2000,T+100,1.6903085094570334,18.0
Finland,2001,T+101,1.6903085094570334,18.0
Finland,2002,T+102,1.6903085094570334,18.0
Finland,2003,T+103,1.6903085094570334,18.0
Finland,2004,T+104,2.615202805574687,13.625
Finland,2005,T+105,3.0582149321832452,7.8125
Finland,2006,T+106,2.4640269015229057,9.75
Finland,2007,T+107,3.2997564845216774,8.5625
Finland,2008,T+108,3.529847224536981,7.9375
Finland,2009,T+109,3.5254179083580186,7.25
Finland,1911,T+11,3.0237157840738176,10.0
Finland,2010,T+110,2.25099184487956,8.6875
Finland,2011,T+111,1.5754817857223413,11.875
Finland,2012,T+112,1.3296078906418773,13.375
Finland,2013,T+113,0.5824823725107175,14.625
Finland,2014,T+114,1.6690459207925608,17.0
Finland,2015,T+115,1.6690459207925608,17.0
Finland,2016,T+116,1.7525491637693282,10.75
Finland,2017,T+117,0.23145502494313797,14.875
Finland,2018,T+118,0.8838834764831842,14.6875
Finland,2019,T+119,3.040647252524652,13.0625
Finland,1912,T+12,3.1052950170405937,9.75
Finland,2020,T+120,3.3905067046513437,12.8125
Finland,2021,T+121,3.278038394266564,12.5625
Finland,1913,T+13,2.75081156855832,12.3125
Finland,1914,T+14,2.0948491251502714,0.9375
Finland,1915,T+15,1.6243130416095468,7.3125
Finland,1916,T+16,1.9226098333849675,12.125
Finland,1917,T+17,1.9639610121239315,12.0
Finland,1918,T+18,1.8114220932736798,12.6875
Finland,1919,T+19,1.7320508075688774,14.25
Finland,1902,T+2,5.44288526426931,9.875
Finland,1920,T+20,1.781602408748131,14.4375
Finland,1921,T+21,1.98206241793023,14.75
Finland,1922,T+22,1.98206241793023,14.75
Finland,1923,T+23,1.98206241793023,14.75
Finland,1924,T+24,1.98206241793023,14.75
Finland,1925,T+25,2.2320714274285347,14.125
Finland,1926,T+26,2.4847750688658206,12.4375
Finland,1927,T+27,2.0777305613852546,11.5625
Finland,1928,T+28,1.98206241793023,14.75
Finland,1929,T+29,1.98206241793023,14.75
Finland,1903,T+3,4.3486451091937,9.625
Finland,1930,T+30,1.6461535252130732,15.1875
Finland,1931,T+31,1.6461535252130732,15.1875
Finland,1932,T+32,1.6461535252130732,15.1875
Finland,1933,T+33,1.6461535252130732,15.1875
Finland,1934,T+34,1.6461535252130732,15.1875
Finland,1935,T+35,1.4985111658862322,13.4375
Finland,1936,T+36,2.1702123003456206,8.8125
Finland,1937,T+37,1.4985111658862322,12.4375
Finland,1938,T+38,1.4744853823816442,12.0625
Finland,1939,T+39,1.4744853823816442,12.0625
Finland,1904,T+4,4.746709386511881,10.4375
Finland,1940,T+40,1.9445436482630056,8.3125
Finland,1941,T+41,2.3289712627804455,5.3125
Finland,1942,T+42,2.1286732957408003,9.5625
Finland,1943,T+43,1.8791620472966135,11.5625
Finland,1944,T+44,1.6420805617960925,13.125
Finland,1945,T+45,1.558387444947959,14.0
Finland,1946,T+46,1.4880476182856899,15.25
Finland,1947,T+47,1.505940617307715,15.625
Finland,1948,T+48,1.642080561796093,17.875
Finland,1949,T+49,0.9038607667745545,15.9375
Finland,1905,T+5,3.4434202266268428,14.0
Finland,1950,T+50,0.9038607667745545,15.9375
Finland,1951,T+51,1.642080561796093,17.875
Finland,1952,T+52,1.642080561796093,17.875
Finland,1953,T+53,1.625686668105863,17.25
Finland,1954,T+54,1.5811388300841895,13.25
Finland,1955,T+55,1.5811388300841898,16.75
Finland,1956,T+56,1.642080561796093,17.875
Finland,1957,T+57,2.100170061141308,16.375
Finland,1958,T+58,2.0310096011589907,17.625
Finland,1959,T+59,1.6903085094570334,18.0
Finland,1906,T+6,3.5095532886272416,10.9375
Finland,1960,T+60,1.6903085094570334,18.0
Finland,1961,T+61,1.6903085094570334,18.0
Finland,1962,T+62,1.6903085094570334,18.0
Finland,1963,T+63,1.6903085094570334,18.0
Finland,1964,T+64,1.6903085094570334,18.0
Finland,1965,T+65,1.6903085094570334,18.0
Finland,1966,T+66,1.6903085094570334,18.0
Finland,1967,T+67,1.6903085094570334,18.0
Finland,1968,T+68,1.6903085094570334,18.0
Finland,1969,T+69,1.625686668105863,16.25
Finland,1907,T+7,3.5095532886272416,10.9375
Finland,1970,T+70,1.625686668105863,16.25
Finland,1971,T+71,1.807721533549109,17.375
Finland,1972,T+72,1.807721533549109,17.375
Finland,1973,T+73,1.8468119248354136,17.125
Finland,1974,T+74,1.8468119248354136,17.125
Finland,1975,T+75,1.625686668105863,16.25
Finland,1976,T+76,1.625686668105863,16.25
Finland,1977,T+77,1.625686668105863,16.25
Finland,1978,T+78,1.625686668105863,16.25
Finland,1979,T+79,1.647508942095828,17.5
Finland,1908,T+8,3.2834813841409245,10.6875
Finland,1980,T+80,1.6903085094570334,18.0
Finland,1981,T+81,1.6903085094570334,18.0
Finland,1982,T+82,1.6903085094570334,18.0
Finland,1983,T+83,1.6903085094570334,18.0
Finland,1984,T+84,1.6903085094570334,18.0
Finland,1985,T+85,1.6903085094570334,18.0
Finland,1986,T+86,2.615202805574687,14.625
Finland,1987,T+87,3.4686092313779024,7.4375
Finland,1988,T+88,2.7124053637210745,5.0
Finland,1989,T+89,2.9124118625535877,4.875
Finland,1909,T+9,2.6851110644759983,11.6875
Finland,1990,T+90,2.8535691936340255,9.5
Finland,1991,T+91,1.9272482233188633,13.0
Finland,1992,T+92,1.9820624179302295,16.25
Finland,1993,T+93,1.8468119248354138,17.875
Finland,1994,T+94,1.6903085094570334,18.0
Finland,1995,T+95,1.6903085094570334,18.0
Finland,1996,T+96,1.6903085094570334,18.0
Finland,1997,T+97,1.6903085094570334,18.0
Finland,1998,T+98,1.6903085094570334,18.0
Finland,1999,T+99,1.6903085094570334,18.0
France,1900,T+0,2.290313453282261,11.9375
France,1901,T+1,2.069118169655856,11.6875
France,1910,T+10,2.2270656543019625,12.0625
France,2000,T+100,1.9445436482630056,12.8125
France,2001,T+101,1.9445436482630056,12.8125
France,2002,T+102,1.9445436482630056,12.8125
France,2003,T+103,1.9445436482630056,12.8125
France,2004,T+104,1.9445436482630056,12.8125
France,2005,T+105,1.9445436482630056,12.8125
France,2006,T+106,1.9445436482630056,12.8125
France,2007,T+107,1.9445436482630056,12.8125
France,2008,T+108,3.093050967202818,11.6875
France,2009,T+109,3.093050967202818,11.6875
France,1911,T+11,2.404423007708918,11.8125
France,2010,T+110,3.1445815074732693,11.5625
France,2011,T+111,3.4219616345849686,11.3125
France,2012,T+112,3.4219616345849686,11.3125
France,2013,T+113,3.4219616345849686,11.3125
France,2014,T+114,3.189687624651847,10.5625
France,2015,T+115,3.189687624651847,10.5625
France,2016,T+116,3.189687624651847,10.5625
France,2017,T+117,3.189687624651847,10.5625
France,2018,T+118,3.189687624651847,10.5625
France,2019,T+119,3.189687624651847,10.5625
France,1912,T+12,2.3594415198758973,11.6875
France,2020,T+120,4.533604683755678,8.875
France,2021,T+121,4.533604683755678,8.875
France,2022,T+122,4.2594432902501635,8.5
France,2023,T+123,4.2594432902501635,8.5
France,2024,T+124,4.2594432902501635,8.5
France,2025,T+125,4.2594432902501635,8.5
France,1913,T+13,2.3212912047269847,11.9375
France,1914,T+14,1.5811388300841895,8.5
France,1915,T+15,2.3518609652783473,7.9375
France,1916,T+16,3.0930509672028177,6.6875
France,1917,T+17,3.683336026717395,4.8125
France,1918,T+18,2.3895232638690564,7.6875
France,1919,T+19,2.2109710213258915,9.5625
France,1902,T+2,2.069118169655856,11.6875
France,1920,T+20,2.445841952609133,9.375
France,1921,T+21,2.065879266282796,9.875
France,1922,T+22,2.171240593367238,10.0
France,1923,T+23,2.79588345352847,10.0625
France,1924,T+24,2.065879266282796,9.875
France,1925,T+25,1.9955307206712847,10.125
France,1926,T+26,1.7113069358158484,12.0
France,1927,T+27,1.8126539343499315,12.0
France,1928,T+28,2.052872551885702,12.25
France,1929,T+29,2.0658792662827956,11.375
France,1903,T+3,2.069118169655856,11.6875
France,1930,T+30,2.7645717829090892,9.25
France,1931,T+31,3.3354160160315836,8.625
France,1932,T+32,3.5700890345040013,7.4375
France,1933,T+33,3.463457191057183,7.3125
France,1934,T+34,3.654742515847438,6.5
France,1935,T+35,2.6583762498401695,7.3125
France,1936,T+36,2.7353505912666587,7.625
France,1937,T+37,2.258910925961573,7.0625
France,1938,T+38,2.359441519875898,7.1875
France,1939,T+39,2.3754698783308412,5.75
France,1904,T+4,2.0485186285285693,11.625
France,1940,T+40,3.5999751983272645,0.4375
France,1941,T+41,2.699206232527312,1.25
France,1942,T+42,2.7386127875258306,0.25
France,1943,T+43,1.8114220932736798,1.3125
France,1944,T+44,1.4820352800890306,3.875
France,1945,T+45,1.4376940862764531,8.3125
France,1946,T+46,2.5877458475338284,8.875
France,1947,T+47,2.477578022412787,8.1875
France,1948,T+48,2.390457218668787,9.0
France,1949,T+49,2.38671920665766,9.125
France,1905,T+5,2.345207879911715,10.5
France,1950,T+50,2.390457218668787,9.5
France,1951,T+51,2.628823745653992,10.125
France,1952,T+52,2.699206232527312,10.25
France,1953,T+53,3.0325613879076827,10.125
France,1954,T+54,5.304563399295257,8.1875
France,1955,T+55,4.590362575159895,8.75
France,1956,T+56,4.300643639536496,8.6875
France,1957,T+57,4.300643639536496,8.6875
France,1958,T+58,3.7984959429452374,8.5
France,1959,T+59,1.6636878141217304,12.125
France,1906,T+6,2.2270656543019625,12.0625
France,1960,T+60,1.6243130416095466,12.3125
France,1961,T+61,3.125357122451312,11.375
France,1962,T+62,2.1505813167606567,12.375
France,1963,T+63,1.1338934190276815,13.25
France,1964,T+64,0.8762745818846641,13.375
France,1965,T+65,0.8762745818846641,13.375
France,1966,T+66,0.6408699444616557,13.625
France,1967,T+67,0.9258200997725515,13.5
France,1968,T+68,2.5071326821120348,5.25
France,1969,T+69,2.36038737740833,11.0
France,1907,T+7,2.2270656543019625,12.0625
France,1970,T+70,1.0155048005794949,12.9375
France,1971,T+71,1.9445436482630056,12.8125
France,1972,T+72,1.9445436482630056,12.8125
France,1973,T+73,3.272586351583626,11.3125
France,1974,T+74,3.272586351583626,11.3125
France,1975,T+75,3.8706773124535787,10.875
France,1976,T+76,3.8706773124535787,10.875
France,1977,T+77,2.178425053630653,12.5625
France,1978,T+78,1.9445436482630056,12.8125
France,1979,T+79,1.9445436482630056,12.8125
France,1908,T+8,2.2270656543019625,12.0625
France,1980,T+80,1.9445436482630056,12.8125
France,1981,T+81,1.9445436482630056,12.8125
France,1982,T+82,1.9445436482630056,12.8125
France,1983,T+83,1.9445436482630056,12.8125
France,1984,T+84,1.9445436482630056,12.8125
France,1985,T+85,1.9445436482630056,12.8125
France,1986,T+86,1.9445436482630056,12.8125
France,1987,T+87,1.9445436482630056,12.8125
France,1988,T+88,1.9445436482630056,12.8125
France,1989,T+89,1.9445436482630056,12.8125
France,1909,T+9,2.2270656543019625,12.0625
France,1990,T+90,1.9445436482630056,12.8125
France,1991,T+91,1.9445436482630056,12.8125
France,1992,T+92,1.9445436482630056,12.8125
France,1993,T+93,1.9445436482630056,12.8125
France,1994,T+94,1.9445436482630056,12.8125
France,1995,T+95,1.9445436482630056,12.8125
France,1996,T+96,1.9445436482630056,12.8125
France,1997,T+97,1.9445436482630056,12.8125
France,1998,T+98,1.9445436482630056,12.8125
France,1999,T+99,1.9445436482630056,12.8125
Germany,1900,T+0,2.463120842694139,15.3125
Germany,1901,T+1,2.463120842694139,15.3125
Germany,1910,T+10,2.924648941081891,15.125
Germany,2000,T+100,2.9269376976140586,12.8125
Germany,2001,T+101,2.9269376976140586,12.8125
Germany,2002,T+102,3.399054490379851,12.625
Germany,2003,T+103,3.399054490379851,12.625
Germany,2004,T+104,3.1784711059609414,12.9375
Germany,2005,T+105,3.1735514130747227,13.25
Germany,2006,T+106,3.1735514130747227,13.25
Germany,2007,T+107,3.2814413209529047,12.125
Germany,2008,T+108,3.337423086326164,11.3125
Germany,2009,T+109,3.172847977088453,11.8125
Germany,1911,T+11,2.924648941081891,15.125
Germany,2010,T+110,2.5416178761905632,12.4375
Germany,2011,T+111,2.2160131510697956,13.125
Germany,2012,T+112,2.295181287579947,13.625
Germany,2013,T+113,2.295181287579947,13.625
Germany,2014,T+114,2.1001700611413083,13.375
Germany,2015,T+115,2.3904572186687876,13.0
Germany,2016,T+116,2.3904572186687876,13.0
Germany,2017,T+117,2.38671920665766,13.125
Germany,2018,T+118,2.38671920665766,13.125
Germany,2019,T+119,2.49284690951645,12.0
Germany,1912,T+12,2.924648941081891,15.125
Germany,2020,T+120,2.17021230034562,8.3125
Germany,2021,T+121,1.827371257923719,7.875
Germany,2022,T+122,1.9639610121239315,6.75
Germany,2023,T+123,1.8708286933869707,6.5
Germany,2024,T+124,2.1380899352993947,6.25
Germany,2025,T+125,1.8310321055155128,6.6875
Germany,1913,T+13,2.924648941081891,15.125
Germany,1914,T+14,3.0930509672028177,11.1875
Germany,1915,T+15,3.595011424579502,6.8125
Germany,1916,T+16,3.595011424579502,6.8125
Germany,1917,T+17,3.4271760553385224,3.9375
Germany,1918,T+18,3.1332035180808613,0.5625
Germany,1919,T+19,3.4479548803809568,0.5625
Germany,1902,T+2,2.463120842694139,15.3125
Germany,1920,T+20,3.4479548803809568,0.5625
Germany,1921,T+21,3.8890872965260113,-0.375
Germany,1922,T+22,4.053217416888888,-0.75
Germany,1923,T+23,4.053217416888888,-0.75
Germany,1924,T+24,2.9850819562809807,5.875
Germany,1925,T+25,2.9850819562809807,5.875
Germany,1926,T+26,2.812599204599597,6.875
Germany,1927,T+27,3.0465144017384853,9.3125
Germany,1928,T+28,2.8777161083053344,10.3125
Germany,1929,T+29,2.8777161083053344,10.3125
Germany,1903,T+3,2.463120842694139,15.3125
Germany,1930,T+30,3.303137037077676,4.375
Germany,1931,T+31,3.7267134122632584,3.0625
Germany,1932,T+32,3.529847224536981,1.5625
Germany,1933,T+33,2.017778127403648,5.25
Germany,1934,T+34,2.9999999999999996,7.25
Germany,1935,T+35,3.390506704651344,8.6875
Germany,1936,T+36,4.659379940353805,10.6875
Germany,1937,T+37,4.786513792491805,10.875
Germany,1938,T+38,5.16123946907551,11.1875
Germany,1939,T+39,4.7504699015691365,10.3125
Germany,1904,T+4,2.5345822422752717,15.1875
Germany,1940,T+40,4.810238336833515,9.3125
Germany,1941,T+41,4.85320218294802,8.625
Germany,1942,T+42,4.242640687119285,6.5
Germany,1943,T+43,3.8816187713007424,4.1875
Germany,1944,T+44,3.06987086745634,0.8125
Germany,1945,T+45,1.4142135623730951,-5.5
Germany,1946,T+46,1.8791620472966135,-4.5625
Germany,1947,T+47,2.366997797089928,-2.4375
Germany,1948,T+48,2.6177621304137952,0.1875
Germany,1949,T+49,1.7525491637693282,5.75
Germany,1905,T+5,2.5345822422752717,15.1875
Germany,1950,T+50,2.266802341877839,6.3125
Germany,1951,T+51,2.390457218668787,8.5
Germany,1952,T+52,2.0701966780270626,10.0
Germany,1953,T+53,2.583429337693823,10.5625
Germany,1954,T+54,2.6592157812837556,11.25
Germany,1955,T+55,2.6186146828319083,13.0
Germany,1956,T+56,2.6186146828319083,13.0
Germany,1957,T+57,2.6186146828319083,13.0
Germany,1958,T+58,2.866057521105555,14.75
Germany,1959,T+59,2.76376425498682,15.8125
Germany,1906,T+6,2.5345822422752717,15.1875
Germany,1960,T+60,2.76376425498682,15.8125
Germany,1961,T+61,2.76376425498682,15.8125
Germany,1962,T+62,2.76376425498682,15.8125
Germany,1963,T+63,2.76376425498682,15.8125
Germany,1964,T+64,2.76376425498682,15.8125
Germany,1965,T+65,2.76376425498682,15.8125
Germany,1966,T+66,2.76376425498682,15.8125
Germany,1967,T+67,2.76376425498682,15.8125
Germany,1968,T+68,1.9074571704609407,14.8125
Germany,1969,T+69,1.9074571704609407,14.8125
Germany,1907,T+7,2.8157719063467175,15.25
Germany,1970,T+70,1.8504343119541269,14.3125
Germany,1971,T+71,2.194758366133795,13.5625
Germany,1972,T+72,2.2519832529192065,13.0
Germany,1973,T+73,2.5773740789526736,12.5
Germany,1974,T+74,2.1547290184283363,11.5
Germany,1975,T+75,2.1547290184283363,11.5
Germany,1976,T+76,2.013348312779343,11.625
Germany,1977,T+77,1.6243130416095468,13.1875
Germany,1978,T+78,1.6021748611541395,13.3125
Germany,1979,T+79,1.6021748611541395,13.3125
Germany,1908,T+8,2.8157719063467175,15.25
Germany,1980,T+80,1.6021748611541395,13.3125
Germany,1981,T+81,1.9628241315585486,13.3125
Germany,1982,T+82,2.1547290184283363,13.25
Germany,1983,T+83,2.1547290184283363,13.25
Germany,1984,T+84,1.9628241315585486,14.3125
Germany,1985,T+85,1.9628241315585486,14.3125
Germany,1986,T+86,1.9628241315585486,14.3125
Germany,1987,T+87,2.1547290184283368,14.0
Germany,1988,T+88,2.1547290184283368,14.0
Germany,1989,T+89,2.1547290184283368,14.0
Germany,1909,T+9,2.8157719063467175,15.25
Germany,1990,T+90,2.1671244937540095,12.125
Germany,1991,T+91,2.1671244937540095,12.125
Germany,1992,T+92,2.29906813420444,10.75
Germany,1993,T+93,2.7637642549868207,10.1875
Germany,1994,T+94,2.7637642549868207,10.1875
Germany,1995,T+95,2.4192309876133304,10.6875
Germany,1996,T+96,2.411838362269388,12.4375
Germany,1997,T+97,2.178425053630653,12.9375
Germany,1998,T+98,2.178425053630653,12.9375
Germany,1999,T+99,2.178425053630653,12.9375
Hong Kong,1900,T+0,2.6423744732991303,9.875
Hong Kong,1901,T+1,2.5877458475338284,10.625
Hong Kong,1910,T+10,2.2834810518779687,13.25
Hong Kong,2000,T+100,1.889822365046136,11.5
Hong Kong,2001,T+101,1.889822365046136,11.5
Hong Kong,2002,T+102,1.889822365046136,11.5
Hong Kong,2003,T+103,1.889822365046136,10.5
Hong Kong,2004,T+104,1.889822365046136,10.5
Hong Kong,2005,T+105,1.889822365046136,11.5
Hong Kong,2006,T+106,1.889822365046136,11.5
Hong Kong,2007,T+107,1.889822365046136,11.5
Hong Kong,2008,T+108,1.889822365046136,10.5
Hong Kong,2009,T+109,1.889822365046136,10.5
Hong Kong,1911,T+11,2.2834810518779687,10.25
Hong Kong,2010,T+110,1.889822365046136,11.5
Hong Kong,2011,T+111,1.889822365046136,11.5
Hong Kong,2012,T+112,1.889822365046136,11.5
Hong Kong,2013,T+113,1.889822365046136,11.5
Hong Kong,2014,T+114,1.889822365046136,11.5
Hong Kong,2015,T+115,1.889822365046136,11.5
Hong Kong,1912,T+12,2.2834810518779687,10.25
Hong Kong,1913,T+13,2.2834810518779687,11.25
Hong Kong,1914,T+14,2.2834810518779687,11.25
Hong Kong,1915,T+15,2.2834810518779687,10.25
Hong Kong,1916,T+16,2.2834810518779687,10.25
Hong Kong,1917,T+17,2.2834810518779687,10.25
Hong Kong,1918,T+18,2.2834810518779687,9.25
Hong Kong,1919,T+19,2.2834810518779687,9.25
Hong Kong,1902,T+2,2.669269563007828,13.125
Hong Kong,1920,T+20,1.889822365046136,11.5
Hong Kong,1921,T+21,1.889822365046136,11.5
Hong Kong,1922,T+22,1.889822365046136,10.5
Hong Kong,1923,T+23,1.889822365046136,10.5
Hong Kong,1924,T+24,1.889822365046136,10.5
Hong Kong,1925,T+25,1.889822365046136,11.5
Hong Kong,1926,T+26,1.889822365046136,11.5
Hong Kong,1927,T+27,1.889822365046136,10.5
Hong Kong,1928,T+28,1.889822365046136,10.5
Hong Kong,1929,T+29,1.889822365046136,10.5
Hong Kong,1903,T+3,2.478478796128211,13.5
Hong Kong,1930,T+30,1.889822365046136,10.5
Hong Kong,1931,T+31,1.889822365046136,9.5
Hong Kong,1932,T+32,1.889822365046136,9.5
Hong Kong,1933,T+33,1.889822365046136,9.5
Hong Kong,1934,T+34,1.889822365046136,9.5
Hong Kong,1935,T+35,1.889822365046136,10.5
Hong Kong,1936,T+36,1.889822365046136,10.5
Hong Kong,1937,T+37,1.889822365046136,10.5
Hong Kong,1938,T+38,1.889822365046136,10.5
Hong Kong,1939,T+39,1.889822365046136,10.5
Hong Kong,1904,T+4,2.434865792722759,12.75
Hong Kong,1940,T+40,1.889822365046136,7.0
Hong Kong,1941,T+41,1.889822365046136,3.5
Hong Kong,1942,T+42,1.889822365046136,-2.5
Hong Kong,1943,T+43,1.889822365046136,-2.5
Hong Kong,1944,T+44,1.889822365046136,-2.5
Hong Kong,1945,T+45,1.889822365046136,1.0
Hong Kong,1946,T+46,1.889822365046136,4.5
Hong Kong,1947,T+47,1.889822365046136,8.0
Hong Kong,1948,T+48,1.889822365046136,9.0
Hong Kong,1949,T+49,1.889822365046136,9.0
Hong Kong,1905,T+5,2.434865792722759,12.75
Hong Kong,1950,T+50,1.889822365046136,12.5
Hong Kong,1951,T+51,1.889822365046136,12.5
Hong Kong,1952,T+52,1.889822365046136,12.5
Hong Kong,1953,T+53,1.889822365046136,12.5
Hong Kong,1954,T+54,1.889822365046136,12.5
Hong Kong,1955,T+55,1.889822365046136,12.5
Hong Kong,1956,T+56,1.889822365046136,12.5
Hong Kong,1957,T+57,1.889822365046136,12.5
Hong Kong,1958,T+58,1.889822365046136,12.5
Hong Kong,1959,T+59,1.889822365046136,12.5
Hong Kong,1906,T+6,2.434865792722759,12.75
Hong Kong,1960,T+60,1.889822365046136,12.5
Hong Kong,1961,T+61,1.889822365046136,12.5
Hong Kong,1962,T+62,1.889822365046136,12.5
Hong Kong,1963,T+63,1.889822365046136,12.5
Hong Kong,1964,T+64,1.889822365046136,12.5
Hong Kong,1965,T+65,1.889822365046136,12.5
Hong Kong,1966,T+66,1.889822365046136,8.0
Hong Kong,1967,T+67,1.889822365046136,4.5
Hong Kong,1968,T+68,1.889822365046136,8.0
Hong Kong,1969,T+69,1.889822365046136,11.5
Hong Kong,1907,T+7,2.434865792722759,12.75
Hong Kong,1970,T+70,1.889822365046136,11.5
Hong Kong,1971,T+71,1.889822365046136,11.5
Hong Kong,1972,T+72,1.889822365046136,12.5
Hong Kong,1973,T+73,1.889822365046136,12.5
Hong Kong,1974,T+74,1.889822365046136,12.5
Hong Kong,1975,T+75,1.889822365046136,12.5
Hong Kong,1976,T+76,1.889822365046136,12.5
Hong Kong,1977,T+77,1.889822365046136,12.5
Hong Kong,1978,T+78,1.889822365046136,12.5
Hong Kong,1979,T+79,1.889822365046136,12.5
Hong Kong,1908,T+8,2.478478796128211,13.5
Hong Kong,1980,T+80,1.889822365046136,12.5
Hong Kong,1981,T+81,1.889822365046136,12.5
Hong Kong,1982,T+82,1.889822365046136,12.5
Hong Kong,1983,T+83,1.889822365046136,12.5
Hong Kong,1984,T+84,1.889822365046136,12.5
Hong Kong,1985,T+85,1.889822365046136,12.5
Hong Kong,1986,T+86,1.889822365046136,12.5
Hong Kong,1987,T+87,1.889822365046136,12.5
Hong Kong,1988,T+88,1.889822365046136,12.5
Hong Kong,1989,T+89,1.889822365046136,12.5
Hong Kong,1909,T+9,2.478478796128211,13.5
Hong Kong,1990,T+90,1.889822365046136,12.5
Hong Kong,1991,T+91,1.889822365046136,12.5
Hong Kong,1992,T+92,1.889822365046136,12.5
Hong Kong,1993,T+93,1.889822365046136,12.5
Hong Kong,1994,T+94,1.889822365046136,12.5
Hong Kong,1995,T+95,1.889822365046136,12.5
Hong Kong,1996,T+96,1.889822365046136,12.5
Hong Kong,1997,T+97,1.889822365046136,11.5
Hong Kong,1998,T+98,1.889822365046136,10.5
Hong Kong,1999,T+99,1.889822365046136,10.5
India,1950,T+0,1.642080561796093,10.875
India,1951,T+1,1.642080561796093,10.875
India,1960,T+10,1.642080561796093,10.875
India,1961,T+11,1.642080561796093,10.875
India,1962,T+12,1.6475089420958282,11.0
India,1963,T+13,1.6475089420958282,11.0
India,1964,T+14,1.7268882005337978,11.125
India,1965,T+15,1.7268882005337978,11.125
India,1966,T+16,1.7268882005337978,11.125
India,1967,T+17,1.7268882005337978,11.125
India,1968,T+18,1.7268882005337978,11.125
India,1969,T+19,1.8708286933869709,11.25
India,1952,T+2,1.6475089420958282,11.0
India,1970,T+20,1.8708286933869709,11.25
India,1971,T+21,1.8708286933869709,11.25
India,1972,T+22,1.8708286933869709,11.25
India,1973,T+23,1.8708286933869709,11.25
India,1974,T+24,1.8708286933869709,11.25
India,1975,T+25,1.8708286933869709,11.25
India,1976,T+26,1.8708286933869709,11.25
India,1977,T+27,1.8708286933869709,11.25
India,1978,T+28,0.7288689868556624,10.9375
India,1979,T+29,0.7288689868556624,10.9375
India,1953,T+3,1.6475089420958282,11.0
India,1980,T+30,0.7288689868556624,10.9375
India,1981,T+31,0.7288689868556624,10.9375
India,1982,T+32,0.7288689868556624,10.9375
India,1983,T+33,0.7288689868556624,11.6875
India,1984,T+34,0.7288689868556624,12.4375
India,1985,T+35,0.7288689868556624,12.4375
India,1986,T+36,0.7288689868556624,12.4375
India,1987,T+37,0.7288689868556624,12.4375
India,1988,T+38,0.7288689868556624,12.4375
India,1989,T+39,0.7288689868556624,12.4375
India,1954,T+4,1.6475089420958282,11.0
India,1990,T+40,0.7288689868556624,12.4375
India,1991,T+41,0.7288689868556624,12.4375
India,1992,T+42,0.7288689868556624,12.4375
India,1993,T+43,0.7288689868556624,12.4375
India,1994,T+44,0.7288689868556624,12.4375
India,1995,T+45,0.7288689868556624,12.4375
India,1996,T+46,0.7288689868556624,12.4375
India,1997,T+47,0.7288689868556624,12.4375
India,1998,T+48,0.7288689868556624,12.4375
India,1999,T+49,0.7288689868556624,13.1875
India,1955,T+5,1.6475089420958282,11.0
India,2000,T+50,0.7288689868556624,13.9375
India,2001,T+51,0.7288689868556624,13.9375
India,2002,T+52,0.7288689868556624,13.9375
India,2003,T+53,0.7288689868556624,13.9375
India,2004,T+54,0.7288689868556624,13.9375
India,2005,T+55,0.7288689868556624,13.9375
India,2006,T+56,0.7288689868556624,13.9375
India,2007,T+57,0.7288689868556624,13.9375
India,2008,T+58,0.7288689868556624,13.9375
India,2009,T+59,0.7440238091428445,14.625
India,1956,T+6,1.6475089420958282,11.0
India,2010,T+60,0.7989949043284676,15.3125
India,2011,T+61,0.7989949043284676,15.3125
India,2012,T+62,0.7989949043284676,15.3125
India,2013,T+63,0.7989949043284676,15.3125
India,2014,T+64,0.7989949043284676,15.3125
India,2015,T+65,0.7989949043284676,15.3125
India,2016,T+66,0.7989949043284676,15.3125
India,2017,T+67,0.7989949043284676,15.3125
India,2018,T+68,0.7989949043284676,15.3125
India,2019,T+69,0.7989949043284676,15.3125
India,1957,T+7,1.6475089420958282,11.0
India,2020,T+70,0.7989949043284676,15.3125
India,2021,T+71,0.7989949043284676,15.3125
India,2022,T+72,0.7989949043284676,15.3125
India,1958,T+8,1.6475089420958282,11.0
India,1959,T+9,1.642080561796093,10.875
Indonesia,1941,T+0,3.8908087664575417,4.1875
Indonesia,1942,T+1,2.359441519875898,-1.6875
Indonesia,1951,T+10,1.7268882005337973,9.375
Indonesia,1952,T+11,1.7268882005337973,9.375
Indonesia,1953,T+12,1.7268882005337973,9.375
Indonesia,1954,T+13,1.7268882005337973,9.375
Indonesia,1955,T+14,1.7268882005337973,9.375
Indonesia,1956,T+15,1.7268882005337973,9.375
Indonesia,1957,T+16,1.7268882005337973,9.375
Indonesia,1958,T+17,1.7268882005337973,9.375
Indonesia,1959,T+18,1.7268882005337973,9.375
Indonesia,1960,T+19,1.7268882005337973,9.375
Indonesia,1943,T+2,2.052872551885702,-5.0
Indonesia,1961,T+20,1.7268882005337973,9.375
Indonesia,1962,T+21,1.7268882005337973,9.375
Indonesia,1963,T+22,1.7268882005337973,9.375
Indonesia,1964,T+23,1.7268882005337973,9.375
Indonesia,1965,T+24,2.0604697799981717,4.9375
Indonesia,1966,T+25,2.0604697799981717,4.9375
Indonesia,1967,T+26,2.0604697799981717,4.9375
Indonesia,1968,T+27,2.0604697799981717,4.9375
Indonesia,1969,T+28,2.0604697799981717,4.9375
Indonesia,1970,T+29,2.0604697799981717,4.9375
Indonesia,1944,T+3,2.052872551885702,-5.0
Indonesia,1971,T+30,2.0604697799981717,4.9375
Indonesia,1972,T+31,2.0604697799981717,4.9375
Indonesia,1973,T+32,2.0604697799981717,4.9375
Indonesia,1974,T+33,2.0604697799981717,4.9375
Indonesia,1975,T+34,2.0604697799981717,4.9375
Indonesia,1976,T+35,2.0604697799981717,4.9375
Indonesia,1977,T+36,2.0604697799981717,4.9375
Indonesia,1978,T+37,2.0604697799981717,4.9375
Indonesia,1979,T+38,2.0604697799981717,4.9375
Indonesia,1980,T+39,2.1370456910684634,7.1875
Indonesia,1945,T+4,2.4847750688658206,-1.4375
Indonesia,1981,T+40,2.1370456910684634,7.1875
Indonesia,1982,T+41,2.1370456910684634,7.1875
Indonesia,1983,T+42,2.1370456910684634,7.1875
Indonesia,1984,T+43,2.1370456910684634,7.1875
Indonesia,1985,T+44,2.1370456910684634,7.1875
Indonesia,1986,T+45,2.1370456910684634,7.1875
Indonesia,1987,T+46,2.1370456910684634,7.1875
Indonesia,1988,T+47,2.1370456910684634,7.1875
Indonesia,1989,T+48,2.1370456910684634,7.1875
Indonesia,1990,T+49,2.1370456910684634,7.1875
Indonesia,1946,T+5,2.4847750688658206,2.0625
Indonesia,1991,T+50,2.1370456910684634,7.1875
Indonesia,1992,T+51,2.1370456910684634,7.1875
Indonesia,1993,T+52,2.1370456910684634,7.1875
Indonesia,1994,T+53,2.1370456910684634,7.1875
Indonesia,1995,T+54,2.1370456910684634,7.1875
Indonesia,1996,T+55,2.1370456910684634,7.1875
Indonesia,1997,T+56,2.2834810518779687,6.0
Indonesia,1998,T+57,2.1453854132599512,2.5625
Indonesia,1999,T+58,2.2834810518779687,6.0
Indonesia,2000,T+59,2.2834810518779687,6.0
Indonesia,1947,T+6,2.4847750688658206,5.5625
Indonesia,2001,T+60,2.2834810518779687,6.0
Indonesia,2002,T+61,2.2834810518779687,6.0
Indonesia,2003,T+62,2.2834810518779687,6.0
Indonesia,2004,T+63,2.2834810518779687,6.0
Indonesia,2005,T+64,2.2834810518779687,6.0
Indonesia,2006,T+65,2.2834810518779687,6.0
Indonesia,2007,T+66,2.2834810518779687,6.0
Indonesia,2008,T+67,2.2834810518779687,6.0
Indonesia,2009,T+68,2.2834810518779687,6.0
Indonesia,2010,T+69,2.2834810518779687,6.0
Indonesia,1948,T+7,2.4847750688658206,5.5625
Indonesia,2011,T+70,2.2834810518779687,6.0
Indonesia,2012,T+71,2.2834810518779687,6.0
Indonesia,2013,T+72,2.2834810518779687,6.0
Indonesia,2014,T+73,2.2834810518779687,6.0
Indonesia,2015,T+74,2.2834810518779687,6.0
Indonesia,2016,T+75,2.2834810518779687,6.0
Indonesia,2017,T+76,2.2834810518779687,6.0
Indonesia,2018,T+77,2.2834810518779687,6.0
Indonesia,2019,T+78,2.2834810518779687,6.0
Indonesia,2020,T+79,2.2834810518779687,6.0
Indonesia,1949,T+8,2.4847750688658206,5.5625
Indonesia,2021,T+80,2.2834810518779687,6.0
Indonesia,2022,T+81,2.2834810518779687,6.0
Indonesia,2023,T+82,2.2834810518779687,6.0
Indonesia,2024,T+83,2.2834810518779687,6.0
Indonesia,2025,T+84,2.2834810518779687,6.0
Indonesia,1950,T+9,1.7268882005337973,9.375
Iran,1900,T+0,2.7442146938084653,4.875
Iran,1901,T+1,2.667261838343906,4.55
Iran,1910,T+10,2.802008208410532,1.7375000000000003
Iran,2000,T+100,1.3021273802073723,7.6875
Iran,2001,T+101,1.0343217239193168,7.0874999999999995
Iran,2002,T+102,1.237509018726155,7.4
Iran,2003,T+103,1.1588171308956141,7.2
Iran,2004,T+104,0.7079901129253146,7.612500000000001
Iran,2005,T+105,1.3015787117409163,6.8625
Iran,2006,T+106,1.4652522942190827,6.8125
Iran,2007,T+107,0.9470819846846866,6.6375
Iran,2008,T+108,1.2592514783450863,6.75
Iran,2009,T+109,1.4055375179217786,4.7125
Iran,1911,T+11,3.035474780467982,1.6624999999999996
Iran,2010,T+110,2.59308834073526,4.4125
Iran,2011,T+111,2.2089105265459974,4.675000000000001
Iran,2012,T+112,2.3075961518428656,4.875
Iran,2013,T+113,1.3516524278505502,6.9125
Iran,2014,T+114,1.2374368670764582,6.5375
Iran,2015,T+115,1.1109841197270618,6.85
Iran,2016,T+116,0.8374067112222111,7.5874999999999995
Iran,2017,T+117,0.7049569389078214,7.6375
Iran,2018,T+118,2.8268799054788305,3.3375
Iran,2019,T+119,1.8195368327446093,3.425
Iran,1912,T+12,2.99141629141974,0.04999999999999982
Iran,2020,T+120,1.5160451369081518,2.7124999999999995
Iran,2021,T+121,1.8102387372151456,3.0625
Iran,2022,T+122,1.7252329035317435,2.2249999999999996
Iran,2023,T+123,1.9398085325250898,3.85
Iran,2024,T+124,1.2687873850931164,3.8875
Iran,2025,T+125,2.5207354369027195,4.0375000000000005
Iran,1913,T+13,2.921319418149468,-0.8374999999999998
Iran,1914,T+14,2.272820777297296,-0.20000000000000023
Iran,1915,T+15,2.553848636302249,-0.17500000000000002
Iran,1916,T+16,2.724360999783776,-0.475
Iran,1917,T+17,2.9237940126779507,-0.4999999999999998
Iran,1918,T+18,2.1652696961678597,0.3374999999999998
Iran,1919,T+19,2.374830821042086,-0.7375
Iran,1902,T+2,2.595600673667438,4.25
Iran,1920,T+20,2.9313271007222257,-0.8124999999999998
Iran,1921,T+21,2.73414259216408,1.5875
Iran,1922,T+22,1.7035676849314965,3.875
Iran,1923,T+23,1.48846757246697,3.2875
Iran,1924,T+24,1.3757465505784747,3.7125000000000004
Iran,1925,T+25,1.0842212478482953,6.012499999999999
Iran,1926,T+26,1.604235465438733,9.525
Iran,1927,T+27,1.614167189074823,9.3625
Iran,1928,T+28,1.5325049522175862,9.45
Iran,1929,T+29,1.9766042309259295,9.4125
Iran,1903,T+3,2.5202040733695696,4.75
Iran,1930,T+30,1.3059616052111613,9.7375
Iran,1931,T+31,2.0472542587573246,9.5375
Iran,1932,T+32,2.3322276291746724,9.775
Iran,1933,T+33,1.8896333733595745,10.075
Iran,1934,T+34,1.7320508075688767,10.2
Iran,1935,T+35,1.6630436812405995,9.95
Iran,1936,T+36,1.6753997390814785,9.7125
Iran,1937,T+37,2.1748152630905064,9.8125
Iran,1938,T+38,2.1110254786308413,9.375
Iran,1939,T+39,1.5702024437268314,9.262500000000001
Iran,1904,T+4,2.3913161349229544,4.5875
Iran,1940,T+40,1.372172417321213,9.55
Iran,1941,T+41,2.4767490212546197,1.35
Iran,1942,T+42,1.939394235321947,3.6874999999999996
Iran,1943,T+43,2.182397109340356,3.3
Iran,1944,T+44,2.5903323008006964,3.4124999999999996
Iran,1945,T+45,1.1018653015941393,3.6375
Iran,1946,T+46,2.3244046856898954,2.95
Iran,1947,T+47,2.669369909601461,2.8625
Iran,1948,T+48,1.2444160994504325,5.3500000000000005
Iran,1949,T+49,1.037854930682924,5.5
Iran,1905,T+5,2.3943012699801525,3.0124999999999997
Iran,1950,T+50,0.8518886580500328,5.3
Iran,1951,T+51,2.512788718308235,4.4375
Iran,1952,T+52,2.476749021254619,3.0999999999999996
Iran,1953,T+53,1.8179658962697844,1.075
Iran,1954,T+54,1.112831010146131,8.1125
Iran,1955,T+55,0.7239524451627627,8.1125
Iran,1956,T+56,1.0673732778581797,8.225
Iran,1957,T+57,0.9071147352221454,8.0
Iran,1958,T+58,1.138216022680104,8.3125
Iran,1959,T+59,1.163430886890764,8.375
Iran,1906,T+6,2.9801426140371206,2.3125000000000004
Iran,1960,T+60,0.8102027964828136,8.425
Iran,1961,T+61,1.1394704283757688,7.9125
Iran,1962,T+62,0.9982126884730392,8.325000000000001
Iran,1963,T+63,0.547722557505166,7.750000000000001
Iran,1964,T+64,1.32496630684924,9.6125
Iran,1965,T+65,1.4050927778213487,9.5
Iran,1966,T+66,1.9131126469708994,9.4
Iran,1967,T+67,1.2884098726725126,9.850000000000001
Iran,1968,T+68,1.3802173741842259,11.125
Iran,1969,T+69,1.8384290654173812,11.4375
Iran,1907,T+7,3.634752890008971,1.0999999999999999
Iran,1970,T+70,2.0962125710092345,11.0375
Iran,1971,T+71,1.8259537625189595,11.262500000000001
Iran,1972,T+72,2.024845673131659,11.1
Iran,1973,T+73,1.6559416828931073,11.825
Iran,1974,T+74,1.778442336106836,11.8
Iran,1975,T+75,2.15919958714864,11.725
Iran,1976,T+76,1.4432107063270914,8.8
Iran,1977,T+77,1.6647608150808249,6.800000000000001
Iran,1978,T+78,1.5046950331735474,2.6125
Iran,1979,T+79,2.184319115880278,0.0625
Iran,1908,T+8,2.8170082914833094,0.2874999999999999
Iran,1980,T+80,3.1585484912264,1.5750000000000004
Iran,1981,T+81,2.8873801768583034,2.2625
Iran,1982,T+82,2.5416178761905623,1.7625000000000004
Iran,1983,T+83,2.651684100987252,3.8499999999999996
Iran,1984,T+84,2.858789703953156,3.2874999999999996
Iran,1985,T+85,2.539825640809677,3.5250000000000004
Iran,1986,T+86,2.625153056762324,3.3000000000000003
Iran,1987,T+87,2.5628876013479127,3.8375
Iran,1988,T+88,2.8073564077259583,4.6125
Iran,1989,T+89,1.9416027988678395,6.112499999999999
Iran,1909,T+9,2.7380910973053574,1.3499999999999999
Iran,1990,T+90,1.1407234546549838,7.9125000000000005
Iran,1991,T+91,1.0095968077830448,7.925
Iran,1992,T+92,0.68452277432634,7.449999999999999
Iran,1993,T+93,0.8048957341526563,7.725
Iran,1994,T+94,0.714642767901758,7.725
Iran,1995,T+95,0.35355339059327395,7.2749999999999995
Iran,1996,T+96,0.8903249807955357,7.7875
Iran,1997,T+97,1.4292230656648988,7.9624999999999995
Iran,1998,T+98,0.822778394049264,8.2625
Iran,1999,T+99,1.4466093361473136,7.9125
Iraq,1900,T+0,2.390457218668787,4.75
Iraq,1901,T+1,2.390457218668787,4.75
Iraq,1910,T+10,2.390457218668787,4.75
Iraq,2000,T+100,1.8600595228571122,0.4375
Iraq,2001,T+101,1.8600595228571122,-2.5625
Iraq,2002,T+102,1.8600595228571122,0.4375
Iraq,2003,T+103,1.8600595228571122,0.4375
Iraq,2004,T+104,1.8600595228571122,0.4375
Iraq,2005,T+105,1.8600595228571122,0.4375
Iraq,2006,T+106,1.8600595228571122,0.4375
Iraq,2007,T+107,1.8600595228571122,1.4375
Iraq,2008,T+108,1.7307615994947758,3.3125
Iraq,2009,T+109,1.7307615994947758,3.3125
Iraq,1911,T+11,2.390457218668787,4.75
Iraq,2010,T+110,1.7307615994947758,3.3125
Iraq,2011,T+111,1.7307615994947758,3.3125
Iraq,2012,T+112,1.7307615994947758,3.3125
Iraq,2013,T+113,1.7307615994947758,3.3125
Iraq,2014,T+114,1.7307615994947758,3.3125
Iraq,2015,T+115,1.7307615994947758,3.3125
Iraq,2016,T+116,1.7307615994947758,3.3125
Iraq,2017,T+117,1.7307615994947758,3.3125
Iraq,2018,T+118,1.7307615994947758,3.3125
Iraq,2019,T+119,1.7307615994947758,3.3125
Iraq,1912,T+12,2.390457218668787,4.75
Iraq,2020,T+120,1.6677080080157918,6.1875
Iraq,2021,T+121,1.6677080080157918,6.1875
Iraq,2022,T+122,1.6677080080157918,6.1875
Iraq,2023,T+123,1.6677080080157918,6.1875
Iraq,1913,T+13,2.4311960607310725,4.625
Iraq,1914,T+14,2.7516228977511745,2.75
Iraq,1915,T+15,2.9610567611677325,-0.125
Iraq,1916,T+16,2.9610567611677325,-0.125
Iraq,1917,T+17,2.9610567611677325,-0.125
Iraq,1918,T+18,2.9610567611677325,-0.125
Iraq,1919,T+19,2.7516228977511745,2.75
Iraq,1902,T+2,2.390457218668787,4.75
Iraq,1920,T+20,2.0604697799981717,3.9375
Iraq,1921,T+21,2.0604697799981717,3.9375
Iraq,1922,T+22,2.0604697799981717,3.9375
Iraq,1923,T+23,2.0604697799981717,3.9375
Iraq,1924,T+24,2.0604697799981717,3.9375
Iraq,1925,T+25,2.0604697799981717,3.9375
Iraq,1926,T+26,2.0604697799981717,3.9375
Iraq,1927,T+27,2.0604697799981717,3.9375
Iraq,1928,T+28,2.0604697799981717,3.9375
Iraq,1929,T+29,2.0604697799981717,3.9375
Iraq,1903,T+3,2.390457218668787,4.75
Iraq,1930,T+30,2.0604697799981717,3.9375
Iraq,1931,T+31,2.0604697799981717,3.9375
Iraq,1932,T+32,2.0604697799981717,3.9375
Iraq,1933,T+33,2.0604697799981717,3.9375
Iraq,1934,T+34,2.0604697799981717,3.9375
Iraq,1935,T+35,2.0604697799981717,3.9375
Iraq,1936,T+36,2.0604697799981717,3.9375
Iraq,1937,T+37,2.0604697799981717,3.9375
Iraq,1938,T+38,2.0604697799981717,3.9375
Iraq,1939,T+39,2.4991069833613997,1.9375
Iraq,1904,T+4,2.390457218668787,4.75
Iraq,1940,T+40,2.4991069833613997,1.9375
Iraq,1941,T+41,2.4991069833613997,1.9375
Iraq,1942,T+42,2.4991069833613997,1.9375
Iraq,1943,T+43,2.1202678402234265,4.1875
Iraq,1944,T+44,2.1202678402234265,4.1875
Iraq,1945,T+45,2.1202678402234265,4.1875
Iraq,1946,T+46,2.1202678402234265,4.1875
Iraq,1947,T+47,2.1202678402234265,4.1875
Iraq,1948,T+48,2.1202678402234265,4.1875
Iraq,1949,T+49,2.1202678402234265,4.1875
Iraq,1905,T+5,2.390457218668787,4.75
Iraq,1950,T+50,2.1202678402234265,4.1875
Iraq,1951,T+51,2.1202678402234265,4.1875
Iraq,1952,T+52,2.1202678402234265,4.1875
Iraq,1953,T+53,2.1202678402234265,4.1875
Iraq,1954,T+54,2.1202678402234265,4.1875
Iraq,1955,T+55,2.1202678402234265,4.1875
Iraq,1956,T+56,2.290313453282261,-0.9375
Iraq,1957,T+57,1.8504343119541269,1.3125
Iraq,1958,T+58,1.8504343119541269,1.3125
Iraq,1959,T+59,1.8504343119541269,1.3125
Iraq,1906,T+6,2.390457218668787,4.75
Iraq,1960,T+60,1.8504343119541269,1.3125
Iraq,1961,T+61,2.366997797089928,-0.5625
Iraq,1962,T+62,1.8504343119541269,1.3125
Iraq,1963,T+63,1.8504343119541269,1.3125
Iraq,1964,T+64,1.8504343119541269,1.3125
Iraq,1965,T+65,1.8504343119541269,1.3125
Iraq,1966,T+66,1.8504343119541269,1.3125
Iraq,1967,T+67,1.9899300059478042,4.0625
Iraq,1968,T+68,1.9899300059478042,4.0625
Iraq,1969,T+69,1.9899300059478042,4.0625
Iraq,1907,T+7,2.390457218668787,4.75
Iraq,1970,T+70,1.9899300059478042,4.0625
Iraq,1971,T+71,1.9167960618848168,6.9375
Iraq,1972,T+72,1.81142209327368,7.3125
Iraq,1973,T+73,1.81142209327368,7.3125
Iraq,1974,T+74,1.81142209327368,7.3125
Iraq,1975,T+75,2.2668023418778396,8.6875
Iraq,1976,T+76,2.2668023418778396,8.6875
Iraq,1977,T+77,2.2668023418778396,8.6875
Iraq,1978,T+78,2.266802341877839,7.6875
Iraq,1979,T+79,1.6677080080157918,5.1875
Iraq,1908,T+8,2.390457218668787,4.75
Iraq,1980,T+80,1.6677080080157918,5.1875
Iraq,1981,T+81,1.6677080080157918,5.1875
Iraq,1982,T+82,1.6677080080157918,5.1875
Iraq,1983,T+83,1.6677080080157918,5.1875
Iraq,1984,T+84,1.6677080080157918,5.1875
Iraq,1985,T+85,1.6677080080157918,5.1875
Iraq,1986,T+86,1.6677080080157918,5.1875
Iraq,1987,T+87,1.6677080080157918,6.1875
Iraq,1988,T+88,1.6677080080157918,6.1875
Iraq,1989,T+89,1.7307615994947758,3.3125
Iraq,1909,T+9,2.390457218668787,4.75
Iraq,1990,T+90,1.7307615994947758,3.3125
Iraq,1991,T+91,1.7307615994947758,3.3125
Iraq,1992,T+92,1.7307615994947758,3.3125
Iraq,1993,T+93,1.7307615994947758,3.3125
Iraq,1994,T+94,1.7307615994947758,3.3125
Iraq,1995,T+95,1.7307615994947758,3.3125
Iraq,1996,T+96,1.7307615994947758,3.3125
Iraq,1997,T+97,1.7307615994947758,3.3125
Iraq,1998,T+98,1.7307615994947758,3.3125
Iraq,1999,T+99,1.7307615994947758,3.3125
Israel,1946,T+0,3.5956322710437774,5.75
Israel,1947,T+1,2.7386127875258306,8.0
Israel,1956,T+10,1.7307615994947756,13.8125
Israel,1957,T+11,1.7307615994947756,13.8125
Israel,1958,T+12,1.7307615994947756,13.8125
Israel,1959,T+13,1.7307615994947756,13.8125
Israel,1960,T+14,1.7307615994947756,13.8125
Israel,1961,T+15,1.7307615994947756,13.8125
Israel,1962,T+16,1.7307615994947756,13.8125
Israel,1963,T+17,1.7307615994947756,13.8125
Israel,1964,T+18,1.7307615994947756,13.8125
Israel,1965,T+19,1.1630471062809846,14.6875
Israel,1948,T+2,2.4044230077089184,11.1875
Israel,1966,T+20,1.1630471062809846,14.6875
Israel,1967,T+21,1.1630471062809846,13.6875
Israel,1968,T+22,1.1630471062809846,13.6875
Israel,1969,T+23,1.1630471062809846,13.6875
Israel,1970,T+24,1.1630471062809846,12.6875
Israel,1971,T+25,1.1630471062809846,12.6875
Israel,1972,T+26,1.1630471062809846,12.6875
Israel,1973,T+27,0.23145502494313797,9.375
Israel,1974,T+28,0.23145502494313797,9.375
Israel,1975,T+29,0.23145502494313797,9.375
Israel,1949,T+3,1.7204131563585032,13.5625
Israel,1976,T+30,0.23145502494313797,9.375
Israel,1977,T+31,0.23145502494313797,9.375
Israel,1978,T+32,0.23145502494313797,9.375
Israel,1979,T+33,0.23145502494313797,9.375
Israel,1980,T+34,0.23145502494313797,10.375
Israel,1981,T+35,0.23145502494313797,10.375
Israel,1982,T+36,0.23145502494313797,10.375
Israel,1983,T+37,0.23145502494313797,10.375
Israel,1984,T+38,0.23145502494313797,10.375
Israel,1985,T+39,0.23145502494313797,10.375
Israel,1950,T+4,1.7307615994947756,13.8125
Israel,1986,T+40,0.23145502494313797,10.375
Israel,1987,T+41,0.23145502494313797,10.375
Israel,1988,T+42,0.23145502494313797,10.375
Israel,1989,T+43,0.23145502494313797,10.375
Israel,1990,T+44,0.23145502494313797,10.375
Israel,1991,T+45,0.23145502494313797,10.375
Israel,1992,T+46,0.23145502494313797,10.375
Israel,1993,T+47,0.23145502494313797,10.375
Israel,1994,T+48,0.23145502494313797,10.375
Israel,1995,T+49,0.23145502494313797,10.375
Israel,1951,T+5,1.7307615994947756,13.8125
Israel,1996,T+50,0.23145502494313797,10.375
Israel,1997,T+51,0.23145502494313797,10.375
Israel,1998,T+52,0.23145502494313797,10.375
Israel,1999,T+53,0.23145502494313797,10.375
Israel,2000,T+54,0.23145502494313797,10.375
Israel,2001,T+55,0.23145502494313797,10.375
Israel,2002,T+56,0.23145502494313797,10.375
Israel,2003,T+57,0.23145502494313797,10.375
Israel,2004,T+58,0.23145502494313797,10.375
Israel,2005,T+59,0.23145502494313797,10.375
Israel,1952,T+6,1.7307615994947756,13.8125
Israel,2006,T+60,0.23145502494313797,10.375
Israel,2007,T+61,0.23145502494313797,10.375
Israel,2008,T+62,0.23145502494313797,10.375
Israel,2009,T+63,0.23145502494313797,10.375
Israel,2010,T+64,0.23145502494313797,10.375
Israel,2011,T+65,0.23145502494313797,10.375
Israel,2012,T+66,0.23145502494313797,10.375
Israel,2013,T+67,0.23145502494313797,10.375
Israel,2014,T+68,0.23145502494313797,10.375
Israel,2015,T+69,0.23145502494313797,10.375
Israel,1953,T+7,1.7307615994947756,13.8125
Israel,2016,T+70,0.23145502494313797,10.375
Israel,2017,T+71,0.23145502494313797,10.375
Israel,2018,T+72,0.23145502494313797,10.375
Israel,2019,T+73,0.23145502494313797,10.375
Israel,2020,T+74,0.23145502494313797,10.375
Israel,2021,T+75,0.23145502494313797,10.375
Israel,2022,T+76,0.23145502494313797,10.375
Israel,2023,T+77,0.23145502494313797,10.375
Israel,2024,T+78,0.23145502494313797,10.375
Israel,2025,T+79,0.23145502494313797,10.375
Israel,1954,T+8,1.7307615994947756,13.8125
Israel,1955,T+9,1.7307615994947756,13.8125
Italy,1900,T+0,2.470360008466088,7.4375
Italy,1901,T+1,2.0658792662827956,8.625
Italy,1910,T+10,1.8886408567311799,9.8125
Italy,2000,T+100,1.6850180160122066,10.375
Italy,2001,T+101,1.6850180160122066,10.375
Italy,2002,T+102,1.6850180160122068,6.875
Italy,2003,T+103,1.6850180160122068,6.875
Italy,2004,T+104,1.6850180160122068,6.875
Italy,2005,T+105,1.6850180160122068,6.875
Italy,2006,T+106,1.6850180160122068,6.875
Italy,2007,T+107,1.6850180160122068,6.875
Italy,2008,T+108,1.6850180160122068,6.875
Italy,2009,T+109,1.6850180160122068,6.875
Italy,1911,T+11,1.8886408567311799,9.8125
Italy,2010,T+110,1.685018016012207,5.875
Italy,2011,T+111,1.685018016012207,5.875
Italy,2012,T+112,1.685018016012207,5.875
Italy,2013,T+113,1.685018016012207,5.875
Italy,2014,T+114,1.685018016012207,5.875
Italy,2015,T+115,1.685018016012207,5.875
Italy,2016,T+116,1.685018016012207,5.875
Italy,2017,T+117,1.685018016012207,5.875
Italy,2018,T+118,1.685018016012207,5.875
Italy,2019,T+119,1.685018016012207,5.875
Italy,1912,T+12,1.8886408567311799,8.8125
Italy,2020,T+120,1.685018016012207,5.875
Italy,2021,T+121,1.685018016012207,5.875
Italy,2022,T+122,1.685018016012207,5.875
Italy,2023,T+123,1.685018016012207,5.875
Italy,1913,T+13,1.88864085673118,7.8125
Italy,1914,T+14,1.9775525999867325,4.375
Italy,1915,T+15,1.9775525999867325,4.375
Italy,1916,T+16,2.1866069605669876,1.1875
Italy,1917,T+17,2.1866069605669876,1.1875
Italy,1918,T+18,1.7928429140015907,3.75
Italy,1919,T+19,1.6850180160122068,6.875
Italy,1902,T+2,2.0658792662827956,8.625
Italy,1920,T+20,1.6850180160122068,6.875
Italy,1921,T+21,1.6850180160122066,10.375
Italy,1922,T+22,1.6850180160122066,10.375
Italy,1923,T+23,1.6850180160122066,11.375
Italy,1924,T+24,1.6850180160122066,11.375
Italy,1925,T+25,1.6850180160122066,11.375
Italy,1926,T+26,1.6850180160122066,11.375
Italy,1927,T+27,1.6850180160122066,11.375
Italy,1928,T+28,1.6850180160122066,11.375
Italy,1929,T+29,1.6850180160122066,10.375
Italy,1903,T+3,1.8886408567311799,10.8125
Italy,1930,T+30,1.6850180160122066,10.375
Italy,1931,T+31,1.6850180160122066,10.375
Italy,1932,T+32,1.6850180160122066,10.375
Italy,1933,T+33,1.6850180160122066,10.375
Italy,1934,T+34,1.6850180160122066,10.375
Italy,1935,T+35,1.6850180160122066,10.375
Italy,1936,T+36,1.6850180160122066,10.375
Italy,1937,T+37,1.6850180160122066,10.375
Italy,1938,T+38,1.6850180160122066,10.375
Italy,1939,T+39,1.685018016012207,5.875
Italy,1904,T+4,1.8886408567311799,10.8125
Italy,1940,T+40,1.6995272451899255,2.4375
Italy,1941,T+41,1.6995272451899255,-1.0625
Italy,1942,T+42,1.474485382381644,-4.4375
Italy,1943,T+43,1.6995272451899255,-3.5625
Italy,1944,T+44,1.6995272451899255,-0.0625
Italy,1945,T+45,1.6995272451899255,3.4375
Italy,1946,T+46,1.6850180160122068,6.875
Italy,1947,T+47,1.6850180160122068,7.875
Italy,1948,T+48,1.6850180160122068,7.875
Italy,1949,T+49,1.6850180160122066,11.375
Italy,1905,T+5,1.8886408567311799,10.8125
Italy,1950,T+50,1.6850180160122066,11.375
Italy,1951,T+51,1.6850180160122066,11.375
Italy,1952,T+52,1.6850180160122066,11.375
Italy,1953,T+53,1.6850180160122066,11.375
Italy,1954,T+54,1.6850180160122066,11.375
Italy,1955,T+55,1.6850180160122066,11.375
Italy,1956,T+56,1.6850180160122066,11.375
Italy,1957,T+57,1.6850180160122066,11.375
Italy,1958,T+58,1.6850180160122066,11.375
Italy,1959,T+59,1.6850180160122066,10.375
Italy,1906,T+6,1.8886408567311799,10.8125
Italy,1960,T+60,1.6850180160122066,10.375
Italy,1961,T+61,1.6850180160122066,10.375
Italy,1962,T+62,1.6850180160122066,10.375
Italy,1963,T+63,1.6850180160122066,10.375
Italy,1964,T+64,1.6850180160122066,10.375
Italy,1965,T+65,1.6850180160122066,10.375
Italy,1966,T+66,1.6850180160122066,10.375
Italy,1967,T+67,1.6850180160122066,10.375
Italy,1968,T+68,1.6850180160122066,10.375
Italy,1969,T+69,1.6850180160122066,10.375
Italy,1907,T+7,1.8886408567311799,9.8125
Italy,1970,T+70,1.6850180160122066,10.375
Italy,1971,T+71,1.6850180160122066,10.375
Italy,1972,T+72,1.6850180160122066,10.375
Italy,1973,T+73,1.6850180160122066,10.375
Italy,1974,T+74,1.6850180160122066,10.375
Italy,1975,T+75,1.6850180160122066,10.375
Italy,1976,T+76,1.6850180160122066,10.375
Italy,1977,T+77,1.6850180160122066,10.375
Italy,1978,T+78,1.6850180160122066,10.375
Italy,1979,T+79,1.6850180160122066,10.375
Italy,1908,T+8,1.8886408567311799,9.8125
Italy,1980,T+80,1.6850180160122066,10.375
Italy,1981,T+81,1.6850180160122066,10.375
Italy,1982,T+82,1.6850180160122066,10.375
Italy,1983,T+83,1.6850180160122066,10.375
Italy,1984,T+84,1.6850180160122066,10.375
Italy,1985,T+85,1.6850180160122066,10.375
Italy,1986,T+86,1.6850180160122066,10.375
Italy,1987,T+87,1.6850180160122066,10.375
Italy,1988,T+88,1.6850180160122066,10.375
Italy,1989,T+89,1.6850180160122066,10.375
Italy,1909,T+9,1.8886408567311799,9.8125
Italy,1990,T+90,1.6850180160122066,10.375
Italy,1991,T+91,1.6850180160122066,10.375
Italy,1992,T+92,1.6850180160122066,10.375
Italy,1993,T+93,1.6850180160122066,10.375
Italy,1994,T+94,1.6850180160122066,10.375
Italy,1995,T+95,1.6850180160122066,10.375
Italy,1996,T+96,1.6850180160122066,10.375
Italy,1997,T+97,1.6850180160122066,10.375
Italy,1998,T+98,1.6850180160122066,10.375
Italy,1999,T+99,1.6850180160122066,10.375
Japan,1900,T+0,3.1819805153394642,18.875
Japan,1901,T+1,3.1819805153394642,18.875
Japan,1910,T+10,2.5739075352467498,19.625
Japan,2000,T+100,5.709875530292107,4.4375
Japan,2001,T+101,5.709875530292107,4.4375
Japan,2002,T+102,5.709875530292107,4.4375
Japan,2003,T+103,5.709875530292107,4.4375
Japan,2004,T+104,5.709875530292107,4.4375
Japan,2005,T+105,5.709875530292107,4.4375
Japan,2006,T+106,5.709875530292107,4.4375
Japan,2007,T+107,5.709875530292107,4.4375
Japan,2008,T+108,5.709875530292107,4.4375
Japan,2009,T+109,5.709875530292107,4.4375
Japan,1911,T+11,2.5739075352467498,19.625
Japan,2010,T+110,5.709875530292107,4.4375
Japan,2011,T+111,5.6343176795673955,1.5625
Japan,2012,T+112,5.6343176795673955,1.5625
Japan,2013,T+113,5.6343176795673955,1.5625
Japan,2014,T+114,5.6343176795673955,1.5625
Japan,2015,T+115,5.6343176795673955,1.5625
Japan,2016,T+116,5.6343176795673955,1.5625
Japan,2017,T+117,5.6343176795673955,1.5625
Japan,2018,T+118,5.6343176795673955,1.5625
Japan,2019,T+119,5.6343176795673955,1.5625
Japan,1912,T+12,2.5739075352467498,19.625
Japan,2020,T+120,5.294454646136843,1.4375
Japan,2021,T+121,5.294454646136843,1.4375
Japan,2022,T+122,5.294454646136843,1.4375
Japan,2023,T+123,5.294454646136843,1.4375
Japan,2024,T+124,5.294454646136843,1.4375
Japan,2025,T+125,5.294454646136843,1.4375
Japan,1913,T+13,2.5177938188592237,19.375
Japan,1914,T+14,2.655856063225458,19.125
Japan,1915,T+15,2.655856063225458,19.125
Japan,1916,T+16,2.655856063225458,19.125
Japan,1917,T+17,3.0582149321832452,18.8125
Japan,1918,T+18,3.927353707378181,18.3125
Japan,1919,T+19,3.927353707378181,18.3125
Japan,1902,T+2,3.1819805153394642,18.875
Japan,1920,T+20,5.267403128134936,17.5625
Japan,1921,T+21,5.267403128134936,17.5625
Japan,1922,T+22,5.267403128134936,17.5625
Japan,1923,T+23,6.099985362980098,15.8125
Japan,1924,T+24,6.099985362980098,15.8125
Japan,1925,T+25,6.099985362980098,15.8125
Japan,1926,T+26,6.099985362980098,15.8125
Japan,1927,T+27,6.099985362980098,15.8125
Japan,1928,T+28,6.099985362980098,15.8125
Japan,1929,T+29,6.099985362980098,15.8125
Japan,1903,T+3,3.1819805153394642,18.875
Japan,1930,T+30,6.469364618834571,13.6875
Japan,1931,T+31,6.4417028582732465,12.8125
Japan,1932,T+32,7.02514616014703,11.6875
Japan,1933,T+33,7.7017507286145195,10.9375
Japan,1934,T+34,7.828234155925588,11.1875
Japan,1935,T+35,7.828234155925588,11.1875
Japan,1936,T+36,7.828234155925588,11.1875
Japan,1937,T+37,8.070006195784487,14.125
Japan,1938,T+38,8.070006195784487,14.125
Japan,1939,T+39,8.070006195784487,14.125
Japan,1904,T+4,3.251373336211726,18.0
Japan,1940,T+40,8.070006195784487,14.125
Japan,1941,T+41,8.211490207542807,13.0
Japan,1942,T+42,8.895976217208704,11.1875
Japan,1943,T+43,8.276472678623424,8.5
Japan,1944,T+44,7.937253933193772,5.75
Japan,1945,T+45,1.5754817857223413,-2.125
Japan,1946,T+46,1.7915974515977158,0.1875
Japan,1947,T+47,1.7915974515977156,3.1875
Japan,1948,T+48,1.7915974515977156,6.1875
Japan,1949,T+49,1.8708286933869707,9.25
Japan,1905,T+5,3.251373336211726,18.0
Japan,1950,T+50,1.7410485346480151,12.4375
Japan,1951,T+51,1.7410485346480151,15.4375
Japan,1952,T+52,1.741048534648015,18.4375
Japan,1953,T+53,0.5345224838248489,20.5
Japan,1954,T+54,0.5345224838248489,20.5
Japan,1955,T+55,0.5345224838248489,20.5
Japan,1956,T+56,0.5345224838248489,20.5
Japan,1957,T+57,0.5345224838248489,20.5
Japan,1958,T+58,0.5345224838248489,20.5
Japan,1959,T+59,0.5345224838248489,20.5
Japan,1906,T+6,3.251373336211726,19.0
Japan,1960,T+60,0.5345224838248489,20.5
Japan,1961,T+61,0.5345224838248489,20.5
Japan,1962,T+62,0.5345224838248489,20.5
Japan,1963,T+63,0.5345224838248489,20.5
Japan,1964,T+64,0.5345224838248489,20.5
Japan,1965,T+65,0.5345224838248489,20.5
Japan,1966,T+66,0.5345224838248489,20.5
Japan,1967,T+67,0.5345224838248489,20.5
Japan,1968,T+68,0.5345224838248489,20.5
Japan,1969,T+69,0.5345224838248489,20.5
Japan,1907,T+7,3.251373336211726,19.0
Japan,1970,T+70,0.5345224838248489,20.5
Japan,1971,T+71,0.5345224838248489,20.5
Japan,1972,T+72,0.5345224838248489,20.5
Japan,1973,T+73,1.7525491637693285,18.25
Japan,1974,T+74,1.7525491637693285,18.25
Japan,1975,T+75,1.7525491637693285,18.25
Japan,1976,T+76,0.5345224838248489,20.5
Japan,1977,T+77,0.5345224838248489,20.5
Japan,1978,T+78,0.5345224838248489,20.5
Japan,1979,T+79,0.5345224838248489,20.5
Japan,1908,T+8,3.251373336211726,19.0
Japan,1980,T+80,0.5345224838248489,20.5
Japan,1981,T+81,0.5345224838248489,20.5
Japan,1982,T+82,0.5345224838248489,20.5
Japan,1983,T+83,0.5345224838248489,20.5
Japan,1984,T+84,0.5345224838248489,20.5
Japan,1985,T+85,0.5345224838248489,20.5
Japan,1986,T+86,0.5345224838248489,20.5
Japan,1987,T+87,0.5345224838248489,20.5
Japan,1988,T+88,0.5345224838248489,20.5
Japan,1989,T+89,0.5345224838248489,20.5
Japan,1909,T+9,2.5739075352467498,19.625
Japan,1990,T+90,1.6889874396894047,18.1875
Japan,1991,T+91,2.2589109259615725,15.5625
Japan,1992,T+92,3.0988188994241934,12.9375
Japan,1993,T+93,4.043844528592633,10.3125
Japan,1994,T+94,5.035144344646792,7.6875
Japan,1995,T+95,5.035144344646792,7.6875
Japan,1996,T+96,5.035144344646792,7.6875
Japan,1997,T+97,5.035144344646792,7.6875
Japan,1998,T+98,5.709875530292107,4.4375
Japan,1999,T+99,5.709875530292107,4.4375
Lebanon,1943,T+0,4.164046795400565,6.625
Lebanon,1944,T+1,3.2293298729878046,8.0
Lebanon,1953,T+10,2.7902892835178013,9.5
Lebanon,1954,T+11,2.7902892835178013,9.5
Lebanon,1955,T+12,2.7902892835178013,9.5
Lebanon,1956,T+13,2.7902892835178013,9.5
Lebanon,1957,T+14,2.7902892835178013,9.5
Lebanon,1958,T+15,2.7902892835178013,8.5
Lebanon,1959,T+16,2.7902892835178013,8.5
Lebanon,1960,T+17,2.7902892835178013,8.5
Lebanon,1961,T+18,2.7902892835178013,8.5
Lebanon,1962,T+19,2.7902892835178013,8.5
Lebanon,1945,T+2,2.7902892835178013,10.5
Lebanon,1963,T+20,2.7902892835178013,8.5
Lebanon,1964,T+21,2.7902892835178013,8.5
Lebanon,1965,T+22,2.7902892835178013,8.5
Lebanon,1966,T+23,2.7902892835178013,8.5
Lebanon,1967,T+24,2.489262656175232,7.375
Lebanon,1968,T+25,2.489262656175232,7.375
Lebanon,1969,T+26,2.489262656175232,7.375
Lebanon,1970,T+27,2.489262656175232,7.375
Lebanon,1971,T+28,2.489262656175232,7.375
Lebanon,1972,T+29,2.489262656175232,7.375
Lebanon,1946,T+3,2.7902892835178013,10.5
Lebanon,1973,T+30,2.489262656175232,7.375
Lebanon,1974,T+31,2.489262656175232,7.375
Lebanon,1975,T+32,2.03100960115899,-1.625
Lebanon,1976,T+33,2.03100960115899,-1.625
Lebanon,1977,T+34,2.03100960115899,-1.625
Lebanon,1978,T+35,2.03100960115899,-1.625
Lebanon,1979,T+36,2.03100960115899,-1.625
Lebanon,1980,T+37,2.03100960115899,-1.625
Lebanon,1981,T+38,2.03100960115899,-1.625
Lebanon,1982,T+39,2.03100960115899,-1.625
Lebanon,1947,T+4,2.7902892835178013,10.5
Lebanon,1983,T+40,2.03100960115899,-1.625
Lebanon,1984,T+41,2.03100960115899,-1.625
Lebanon,1985,T+42,2.03100960115899,-1.625
Lebanon,1986,T+43,2.03100960115899,-1.625
Lebanon,1987,T+44,2.03100960115899,-1.625
Lebanon,1988,T+45,2.03100960115899,-1.625
Lebanon,1989,T+46,2.03100960115899,-1.625
Lebanon,1990,T+47,2.03100960115899,1.875
Lebanon,1991,T+48,2.194758366133795,5.4375
Lebanon,1992,T+49,2.0077973005261263,10.4375
Lebanon,1948,T+5,2.7902892835178013,9.5
Lebanon,1993,T+50,2.0077973005261263,10.4375
Lebanon,1994,T+51,2.0077973005261263,10.4375
Lebanon,1995,T+52,2.0077973005261263,10.4375
Lebanon,1996,T+53,2.0077973005261263,10.4375
Lebanon,1997,T+54,2.0077973005261263,10.4375
Lebanon,1998,T+55,2.0077973005261263,10.4375
Lebanon,1999,T+56,2.0077973005261263,10.4375
Lebanon,2000,T+57,2.0077973005261263,10.4375
Lebanon,2001,T+58,2.0077973005261263,10.4375
Lebanon,2002,T+59,2.0077973005261263,10.4375
Lebanon,1949,T+6,2.7902892835178013,9.5
Lebanon,2003,T+60,2.0077973005261263,10.4375
Lebanon,2004,T+61,2.0077973005261263,10.4375
Lebanon,2005,T+62,2.0077973005261263,10.4375
Lebanon,2006,T+63,2.0077973005261263,10.4375
Lebanon,2007,T+64,2.0077973005261263,10.4375
Lebanon,2008,T+65,2.0077973005261263,10.4375
Lebanon,2009,T+66,2.0077973005261263,10.4375
Lebanon,2010,T+67,2.0077973005261263,10.4375
Lebanon,2011,T+68,2.0077973005261263,10.4375
Lebanon,2012,T+69,2.0077973005261263,10.4375
Lebanon,1950,T+7,2.7902892835178013,9.5
Lebanon,2013,T+70,2.0077973005261263,10.4375
Lebanon,2014,T+71,2.0077973005261263,10.4375
Lebanon,2015,T+72,2.0077973005261263,10.4375
Lebanon,2016,T+73,2.0077973005261263,10.4375
Lebanon,2017,T+74,2.0077973005261263,10.4375
Lebanon,2018,T+75,2.0077973005261263,10.4375
Lebanon,2019,T+76,2.0077973005261263,10.4375
Lebanon,2020,T+77,2.1171071907541332,6.875
Lebanon,2021,T+78,2.1171071907541332,6.875
Lebanon,2022,T+79,2.1171071907541332,6.875
Lebanon,1951,T+8,2.7902892835178013,9.5
Lebanon,2023,T+80,2.1171071907541332,6.875
Lebanon,2024,T+81,2.1171071907541332,6.875
Lebanon,2025,T+82,2.1171071907541332,6.875
Lebanon,1952,T+9,2.7902892835178013,9.5
Netherlands,1900,T+0,3.0235312254760287,16.65625
Netherlands,1901,T+1,3.0235312254760287,16.65625
Netherlands,1910,T+10,1.8708286933869704,13.75
Netherlands,1911,T+11,2.2298202201715083,14.71875
Netherlands,1912,T+12,1.558387444947959,14.5
Netherlands,1913,T+13,1.8468119248354138,14.375
Netherlands,1914,T+14,2.638147347774842,14.0625
Netherlands,1915,T+15,3.228638589693362,13.6875
Netherlands,1916,T+16,3.1847852585154217,13.5
Netherlands,1917,T+17,3.228638589693362,13.6875
Netherlands,1918,T+18,3.305163708934422,13.8125
Netherlands,1919,T+19,3.9888236719256325,15.125
Netherlands,1902,T+2,2.9670812979376606,16.75
Netherlands,1920,T+20,3.9888236719256325,15.125
Netherlands,1921,T+21,3.9188190640986296,15.0
Netherlands,1922,T+22,3.87240696651136,14.8125
Netherlands,1923,T+23,3.9188190640986296,15.0
Netherlands,1924,T+24,3.87240696651136,14.8125
Netherlands,1925,T+25,3.87240696651136,14.8125
Netherlands,1903,T+3,2.529954474463353,15.96875
Netherlands,1904,T+4,2.2707377655731187,15.1875
Netherlands,1905,T+5,2.617762130413795,15.6875
Netherlands,1906,T+6,3.0235312254760287,16.65625
Netherlands,1907,T+7,2.9670812979376606,16.75
Netherlands,1908,T+8,1.8708286933869704,13.75
Netherlands,1909,T+9,1.2659694196261502,11.5625
New Zealand,1900,T+0,1.685018016012207,11.375
New Zealand,1901,T+1,1.685018016012207,11.375
New Zealand,1910,T+10,1.7928429140015905,11.75
New Zealand,2000,T+100,1.334634781503914,10.6875
New Zealand,2001,T+101,1.1783008347374013,10.4375
New Zealand,2002,T+102,1.5103807466993215,9.8125
New Zealand,2003,T+103,1.889822365046136,9.25
New Zealand,2004,T+104,2.6983791431153628,7.6875
New Zealand,2005,T+105,1.9809359259847712,6.6875
New Zealand,2006,T+106,2.5877458475338284,6.125
New Zealand,2007,T+107,3.1396087108337016,5.5
New Zealand,2008,T+108,3.4330328116279754,5.25
New Zealand,2009,T+109,2.997022331772464,5.625
New Zealand,1911,T+11,1.7928429140015905,11.75
New Zealand,2010,T+110,2.17021230034562,6.8125
New Zealand,2011,T+111,1.81142209327368,7.1875
New Zealand,2012,T+112,1.8126539343499313,9.25
New Zealand,2013,T+113,1.433028760552777,9.625
New Zealand,2014,T+114,1.0669549461635468,10.8125
New Zealand,2015,T+115,1.1319231422671772,11.1875
New Zealand,2016,T+116,1.1160357137142674,10.5625
New Zealand,2017,T+117,1.5352989471574767,9.5
New Zealand,2018,T+118,1.4623244705409457,7.8125
New Zealand,2019,T+119,2.0873770280289228,6.75
New Zealand,1912,T+12,1.7928429140015905,11.75
New Zealand,2020,T+120,2.4458419526091335,6.125
New Zealand,2021,T+121,2.4458419526091335,6.125
New Zealand,2022,T+122,2.4458419526091335,6.125
New Zealand,2023,T+123,2.6313698225177586,6.1875
New Zealand,2024,T+124,2.49284690951645,6.25
New Zealand,2025,T+125,2.49284690951645,6.25
New Zealand,1913,T+13,1.6420805617960927,11.375
New Zealand,1914,T+14,1.6420805617960927,11.375
New Zealand,1915,T+15,1.334634781503914,10.8125
New Zealand,1916,T+16,1.7113069358158484,9.25
New Zealand,1917,T+17,1.7113069358158484,9.25
New Zealand,1918,T+18,1.7268882005337975,8.875
New Zealand,1919,T+19,1.7268882005337975,8.875
New Zealand,1902,T+2,1.685018016012207,11.375
New Zealand,1920,T+20,1.7268882005337975,8.875
New Zealand,1921,T+21,1.7268882005337975,8.875
New Zealand,1922,T+22,1.7113069358158484,8.25
New Zealand,1923,T+23,1.558387444947959,7.0
New Zealand,1924,T+24,1.5811388300841898,6.75
New Zealand,1925,T+25,1.2374368670764582,5.4375
New Zealand,1926,T+26,1.5118578920369088,5.0
New Zealand,1927,T+27,1.535298947157477,4.75
New Zealand,1928,T+28,1.6035674514745462,3.5
New Zealand,1929,T+29,2.2320714274285347,2.875
New Zealand,1903,T+3,1.685018016012207,11.375
New Zealand,1930,T+30,2.2320714274285347,2.875
New Zealand,1931,T+31,2.2320714274285347,2.875
New Zealand,1932,T+32,1.0999188281738923,4.6875
New Zealand,1933,T+33,1.4126343172547218,5.1875
New Zealand,1934,T+34,0.5629958132298016,6.0625
New Zealand,1935,T+35,0.8210402808980465,6.4375
New Zealand,1936,T+36,0.9797047660246574,7.9375
New Zealand,1937,T+37,0.4580626906564519,8.8125
New Zealand,1938,T+38,0.9234059624177066,9.3125
New Zealand,1939,T+39,1.1877349391654206,11.125
New Zealand,1904,T+4,1.685018016012207,11.375
New Zealand,1940,T+40,1.1877349391654206,11.125
New Zealand,1941,T+41,1.1877349391654206,11.125
New Zealand,1942,T+42,1.1259916264596035,11.375
New Zealand,1943,T+43,1.3093073414159544,12.0
New Zealand,1944,T+44,1.3093073414159544,12.0
New Zealand,1945,T+45,1.050085030570654,12.5625
New Zealand,1946,T+46,1.4985111658862322,12.9375
New Zealand,1947,T+47,1.4985111658862322,12.9375
New Zealand,1948,T+48,1.8600595228571126,13.5625
New Zealand,1949,T+49,1.4865468134476723,13.8125
New Zealand,1905,T+5,1.685018016012207,11.625
New Zealand,1950,T+50,1.4865468134476723,13.8125
New Zealand,1951,T+51,1.4865468134476723,13.8125
New Zealand,1952,T+52,1.4865468134476723,13.8125
New Zealand,1953,T+53,1.4865468134476723,13.8125
New Zealand,1954,T+54,1.4865468134476723,13.8125
New Zealand,1955,T+55,1.2374368670764584,14.0625
New Zealand,1956,T+56,1.2374368670764584,14.0625
New Zealand,1957,T+57,1.2374368670764584,14.0625
New Zealand,1958,T+58,1.2374368670764584,14.0625
New Zealand,1959,T+59,1.2374368670764584,14.0625
New Zealand,1906,T+6,1.7928429140015905,11.75
New Zealand,1960,T+60,1.2374368670764584,14.0625
New Zealand,1961,T+61,1.2374368670764584,14.0625
New Zealand,1962,T+62,1.2374368670764584,14.0625
New Zealand,1963,T+63,0.9977653603356423,13.6875
New Zealand,1964,T+64,0.9977653603356423,13.6875
New Zealand,1965,T+65,0.5303300858899107,12.3125
New Zealand,1966,T+66,0.8864052604279183,11.5
New Zealand,1967,T+67,0.8864052604279183,11.5
New Zealand,1968,T+68,0.9543135154205276,11.125
New Zealand,1969,T+69,0.9543135154205276,11.125
New Zealand,1907,T+7,1.7928429140015905,11.75
New Zealand,1970,T+70,0.9543135154205276,11.125
New Zealand,1971,T+71,0.9543135154205276,11.125
New Zealand,1972,T+72,1.625686668105863,10.5
New Zealand,1973,T+73,1.7915974515977158,9.3125
New Zealand,1974,T+74,1.7915974515977158,9.3125
New Zealand,1975,T+75,2.4748737341529163,8.125
New Zealand,1976,T+76,1.5754817857223413,7.125
New Zealand,1977,T+77,1.5754817857223413,7.125
New Zealand,1978,T+78,1.8407587721216645,5.9375
New Zealand,1979,T+79,2.724721479868565,5.3125
New Zealand,1908,T+8,1.7928429140015905,11.75
New Zealand,1980,T+80,2.724721479868565,5.3125
New Zealand,1981,T+81,2.724721479868565,5.3125
New Zealand,1982,T+82,2.724721479868565,5.3125
New Zealand,1983,T+83,2.2160131510697956,5.375
New Zealand,1984,T+84,2.2160131510697956,5.375
New Zealand,1985,T+85,1.8212534929861592,5.0625
New Zealand,1986,T+86,2.1171071907541332,4.125
New Zealand,1987,T+87,2.1171071907541332,4.125
New Zealand,1988,T+88,2.051784937212336,4.1875
New Zealand,1989,T+89,2.051784937212336,4.1875
New Zealand,1909,T+9,1.7928429140015905,11.75
New Zealand,1990,T+90,2.051784937212336,4.1875
New Zealand,1991,T+91,2.051784937212336,4.1875
New Zealand,1992,T+92,1.6783814482155972,5.0625
New Zealand,1993,T+93,1.7320508075688772,6.25
New Zealand,1994,T+94,1.3887301496588271,6.5
New Zealand,1995,T+95,2.1380899352993947,7.5
New Zealand,1996,T+96,1.5979898086569353,8.375
New Zealand,1997,T+97,1.246423454758225,8.625
New Zealand,1998,T+98,1.3611313571542503,9.8125
New Zealand,1999,T+99,1.334634781503914,10.6875
Nigeria,1950,T+0,2.7774602993176543,11.5
Nigeria,1951,T+1,2.7774602993176543,11.5
Nigeria,1960,T+10,2.32992949004287,14.75
Nigeria,1961,T+11,2.1835423382332535,12.875
Nigeria,1962,T+12,2.5062422069704273,11.8125
Nigeria,1963,T+13,2.23606797749979,9.25
Nigeria,1964,T+14,2.5062422069704273,7.3125
Nigeria,1965,T+15,2.065879266282796,3.375
Nigeria,1966,T+16,2.1213203435596424,-0.75
Nigeria,1967,T+17,1.827371257923719,-2.875
Nigeria,1968,T+18,1.827371257923719,-2.875
Nigeria,1969,T+19,1.827371257923719,-2.875
Nigeria,1952,T+2,2.7774602993176543,11.5
Nigeria,1970,T+20,1.827371257923719,-2.875
Nigeria,1971,T+21,1.827371257923719,-2.875
Nigeria,1972,T+22,1.827371257923719,-2.875
Nigeria,1973,T+23,1.827371257923719,-2.875
Nigeria,1974,T+24,1.827371257923719,-2.875
Nigeria,1975,T+25,1.827371257923719,-2.875
Nigeria,1976,T+26,1.827371257923719,-2.875
Nigeria,1977,T+27,1.827371257923719,-2.875
Nigeria,1978,T+28,1.827371257923719,-2.875
Nigeria,1979,T+29,1.827371257923719,-2.875
Nigeria,1953,T+3,2.7774602993176543,11.5
Nigeria,1980,T+30,1.827371257923719,-2.875
Nigeria,1981,T+31,1.827371257923719,-2.875
Nigeria,1982,T+32,1.827371257923719,-2.875
Nigeria,1983,T+33,1.827371257923719,-2.875
Nigeria,1984,T+34,1.827371257923719,-2.875
Nigeria,1985,T+35,1.827371257923719,-2.875
Nigeria,1986,T+36,1.827371257923719,-2.875
Nigeria,1987,T+37,1.827371257923719,-2.875
Nigeria,1988,T+38,1.827371257923719,-2.875
Nigeria,1989,T+39,1.827371257923719,-2.875
Nigeria,1954,T+4,2.7774602993176543,11.5
Nigeria,1990,T+40,1.827371257923719,-2.875
Nigeria,1991,T+41,1.827371257923719,-2.875
Nigeria,1992,T+42,1.827371257923719,-2.875
Nigeria,1993,T+43,1.827371257923719,-2.875
Nigeria,1994,T+44,1.827371257923719,-2.875
Nigeria,1995,T+45,1.827371257923719,-2.875
Nigeria,1996,T+46,1.827371257923719,-2.875
Nigeria,1997,T+47,1.827371257923719,-2.875
Nigeria,1998,T+48,1.827371257923719,-2.875
Nigeria,1999,T+49,1.827371257923719,-2.875
Nigeria,1955,T+5,2.7774602993176543,11.5
Nigeria,2000,T+50,1.827371257923719,-2.875
Nigeria,2001,T+51,1.827371257923719,-2.875
Nigeria,2002,T+52,1.827371257923719,-2.875
Nigeria,2003,T+53,1.827371257923719,-2.875
Nigeria,2004,T+54,1.827371257923719,-2.875
Nigeria,2005,T+55,1.827371257923719,-2.875
Nigeria,2006,T+56,1.827371257923719,-2.875
Nigeria,2007,T+57,1.827371257923719,-2.875
Nigeria,2008,T+58,1.827371257923719,-2.875
Nigeria,2009,T+59,1.827371257923719,-2.875
Nigeria,1956,T+6,2.7774602993176543,11.5
Nigeria,2010,T+60,1.827371257923719,-2.875
Nigeria,2011,T+61,1.827371257923719,-2.875
Nigeria,2012,T+62,1.827371257923719,-2.875
Nigeria,2013,T+63,1.827371257923719,-2.875
Nigeria,2014,T+64,1.827371257923719,-2.875
Nigeria,2015,T+65,1.827371257923719,-2.875
Nigeria,2016,T+66,1.827371257923719,-2.875
Nigeria,2017,T+67,1.827371257923719,-2.875
Nigeria,2018,T+68,1.827371257923719,-2.875
Nigeria,2019,T+69,1.827371257923719,-2.875
Nigeria,1957,T+7,2.7774602993176543,11.5
Nigeria,2020,T+70,1.827371257923719,-2.875
Nigeria,2021,T+71,1.827371257923719,-2.875
Nigeria,2022,T+72,1.827371257923719,-2.875
Nigeria,2023,T+73,1.827371257923719,-2.875
Nigeria,2024,T+74,1.827371257923719,-2.875
Nigeria,1958,T+8,1.8898223650461359,14.25
Nigeria,1959,T+9,1.6243130416095466,14.8125
Norway,1900,T+0,2.672846262480718,9.3125
Norway,1901,T+1,2.636522330646945,9.4375
Norway,1910,T+10,2.1797771838948514,12.4
Norway,2000,T+100,2.3200600361690147,13.3375
Norway,2001,T+101,3.2723953655650213,12.9
Norway,2002,T+102,2.9817300826389843,13.025
Norway,2003,T+103,2.9817300826389843,13.025
Norway,2004,T+104,2.9817300826389843,13.025
Norway,2005,T+105,2.9817300826389843,13.025
Norway,2006,T+106,2.9817300826389843,13.025
Norway,2007,T+107,2.9817300826389843,13.025
Norway,2008,T+108,2.9817300826389843,13.025
Norway,2009,T+109,2.9817300826389843,13.025
Norway,1911,T+11,2.1797771838948514,12.4
Norway,2010,T+110,2.9817300826389843,13.025
Norway,2011,T+111,4.113305934924572,12.025
Norway,2012,T+112,3.1175768978945353,13.025
Norway,2013,T+113,2.9817300826389843,13.025
Norway,2014,T+114,2.897289373584509,10.4
Norway,2015,T+115,3.803381953697825,10.15
Norway,2016,T+116,2.528692491048627,11.4
Norway,2017,T+117,2.474440773762254,12.15
Norway,2018,T+118,2.474440773762254,12.15
Norway,2019,T+119,2.474440773762254,12.15
Norway,1912,T+12,2.1797771838948514,12.4
Norway,2020,T+120,2.752531302533828,11.025
Norway,2021,T+121,2.6229754097208002,11.9
Norway,2022,T+122,3.0875036148041297,12.212499999999999
Norway,2023,T+123,2.7034369658957145,11.9
Norway,2024,T+124,2.1920310216782966,12.275
Norway,2025,T+125,2.474440773762254,12.15
Norway,1913,T+13,2.355199415275548,12.5875
Norway,1914,T+14,2.3215988948505797,7.2125
Norway,1915,T+15,2.547512792621743,7.0875
Norway,1916,T+16,2.5531143447058655,7.0875
Norway,1917,T+17,2.805065570916812,6.9625
Norway,1918,T+18,2.216134021218032,7.3375
Norway,1919,T+19,2.052133036623114,7.4625
Norway,1902,T+2,2.636522330646945,9.4375
Norway,1920,T+20,2.0381626880249635,7.4625
Norway,1921,T+21,2.425423379830535,6.9625
Norway,1922,T+22,2.4150939053023537,7.2125
Norway,1923,T+23,1.7145907466714703,7.9625
Norway,1924,T+24,1.7145907466714703,7.9625
Norway,1925,T+25,1.8294710398676137,8.2125
Norway,1926,T+26,1.7658971819284548,8.2125
Norway,1927,T+27,1.7145907466714703,7.9625
Norway,1928,T+28,1.7145907466714703,7.9625
Norway,1929,T+29,3.9292856493624533,2.375
Norway,1903,T+3,2.636522330646945,9.4375
Norway,1930,T+30,4.029799711435509,2.375
Norway,1931,T+31,4.131326317643904,1.8750000000000002
Norway,1932,T+32,3.4702819975986308,2.75
Norway,1933,T+33,2.997022331772464,3.375
Norway,1934,T+34,2.221968239454124,9.15
Norway,1935,T+35,2.7884647593766925,9.7125
Norway,1936,T+36,2.702776350347916,9.775
Norway,1937,T+37,2.221968239454124,9.15
Norway,1938,T+38,2.5223288558676997,9.025
Norway,1939,T+39,2.775788176356402,8.775
Norway,1904,T+4,2.636522330646945,9.4375
Norway,1940,T+40,4.354636281350848,0.10000000000000009
Norway,1941,T+41,4.841321395770255,2.2125
Norway,1942,T+42,5.404693727281342,2.525
Norway,1943,T+43,4.8309825974787834,2.0875
Norway,1944,T+44,4.489968978575623,2.4625
Norway,1945,T+45,2.109840887704229,13.15
Norway,1946,T+46,1.9301646857938606,11.9625
Norway,1947,T+47,1.9301646857938606,11.9625
Norway,1948,T+48,2.1771130950346667,12.4625
Norway,1949,T+49,1.420701536967866,12.2125
Norway,1905,T+5,2.6773854517313818,12.9625
Norway,1950,T+50,1.8129986998655798,12.8125
Norway,1951,T+51,1.8129986998655798,12.8125
Norway,1952,T+52,1.5333786225195654,12.9375
Norway,1953,T+53,1.5333786225195654,12.9375
Norway,1954,T+54,1.5333786225195654,12.9375
Norway,1955,T+55,1.6906782240103695,13.1875
Norway,1956,T+56,1.5333786225195654,12.9375
Norway,1957,T+57,1.5333786225195654,12.9375
Norway,1958,T+58,1.5333786225195654,12.9375
Norway,1959,T+59,1.5333786225195654,12.9375
Norway,1906,T+6,2.1797771838948514,12.4
Norway,1960,T+60,1.5333786225195654,12.9375
Norway,1961,T+61,1.5333786225195654,12.9375
Norway,1962,T+62,1.5333786225195654,12.9375
Norway,1963,T+63,1.5333786225195654,12.9375
Norway,1964,T+64,1.5333786225195654,12.9375
Norway,1965,T+65,1.657396840142482,12.0875
Norway,1966,T+66,1.5084878900030032,12.2125
Norway,1967,T+67,1.5084878900030032,12.2125
Norway,1968,T+68,1.5084878900030032,12.2125
Norway,1969,T+69,1.7580427428576026,12.525
Norway,1907,T+7,2.6248469343128233,12.7125
Norway,1970,T+70,1.5565529682144263,12.4
Norway,1971,T+71,1.5084878900030032,12.2125
Norway,1972,T+72,3.248708534611429,8.9625
Norway,1973,T+73,2.6343540818522144,9.4625
Norway,1974,T+74,3.441241470333468,14.825
Norway,1975,T+75,2.580005537092618,14.325
Norway,1976,T+76,2.171898445402744,13.95
Norway,1977,T+77,2.171898445402744,13.95
Norway,1978,T+78,2.171898445402744,13.95
Norway,1979,T+79,2.171898445402744,13.95
Norway,1908,T+8,2.1797771838948514,12.4
Norway,1980,T+80,2.171898445402744,13.95
Norway,1981,T+81,2.2166577156997933,13.825
Norway,1982,T+82,2.171898445402744,13.95
Norway,1983,T+83,2.171898445402744,13.95
Norway,1984,T+84,2.171898445402744,13.95
Norway,1985,T+85,2.171898445402744,13.95
Norway,1986,T+86,3.249807686617779,7.8125
Norway,1987,T+87,2.358230268654866,8.8125
Norway,1988,T+88,3.0654468329615976,8.0625
Norway,1989,T+89,3.9038213878930774,7.5625
Norway,1909,T+9,2.3164011495667762,12.65
Norway,1990,T+90,3.7307362352681626,7.6875
Norway,1991,T+91,2.5320446283586713,8.5625
Norway,1992,T+92,2.358230268654866,8.8125
Norway,1993,T+93,2.557307456793459,13.8375
Norway,1994,T+94,2.3957924427152335,12.9625
Norway,1995,T+95,2.3200600361690147,13.3375
Norway,1996,T+96,2.64467119209283,13.649999999999999
Norway,1997,T+97,2.3200600361690147,13.3375
Norway,1998,T+98,2.23379082023618,13.0875
Norway,1999,T+99,2.3200600361690147,13.3375
Pakistan,1947,T+0,4.003904344511741,0.0625
Pakistan,1948,T+1,3.044315545875155,2.875
Pakistan,1957,T+10,1.3999362230371168,12.0625
Pakistan,1958,T+11,1.6783814482155974,13.4375
Pakistan,1959,T+12,1.6783814482155974,13.4375
Pakistan,1960,T+13,1.6783814482155974,13.4375
Pakistan,1961,T+14,1.6783814482155974,13.4375
Pakistan,1962,T+15,1.6783814482155974,13.4375
Pakistan,1963,T+16,1.6783814482155974,13.4375
Pakistan,1964,T+17,1.6783814482155974,13.4375
Pakistan,1965,T+18,1.5909902576697321,12.5625
Pakistan,1966,T+19,1.5909902576697321,12.5625
Pakistan,1949,T+2,3.044315545875155,6.375
Pakistan,1967,T+20,1.5909902576697321,12.5625
Pakistan,1968,T+21,0.17677669529663675,10.9375
Pakistan,1969,T+22,0.17677669529663675,10.9375
Pakistan,1970,T+23,0.17677669529663675,10.9375
Pakistan,1971,T+24,0.17677669529663675,9.9375
Pakistan,1972,T+25,0.1767766952966368,6.4375
Pakistan,1973,T+26,0.1767766952966368,6.4375
Pakistan,1974,T+27,0.1767766952966368,6.4375
Pakistan,1975,T+28,0.1767766952966368,6.4375
Pakistan,1976,T+29,0.17677669529663675,9.4375
Pakistan,1950,T+3,2.6152028055746874,10.125
Pakistan,1977,T+30,0.17677669529663675,9.4375
Pakistan,1978,T+31,0.17677669529663675,9.4375
Pakistan,1979,T+32,0.17677669529663675,9.4375
Pakistan,1980,T+33,0.17677669529663675,9.4375
Pakistan,1981,T+34,0.17677669529663675,9.4375
Pakistan,1982,T+35,0.17677669529663675,9.4375
Pakistan,1983,T+36,0.17677669529663675,9.4375
Pakistan,1984,T+37,0.17677669529663675,9.4375
Pakistan,1985,T+38,0.17677669529663675,9.4375
Pakistan,1986,T+39,0.17677669529663675,9.4375
Pakistan,1951,T+4,1.3999362230371168,12.0625
Pakistan,1987,T+40,0.17677669529663675,9.4375
Pakistan,1988,T+41,0.17677669529663675,9.4375
Pakistan,1989,T+42,0.17677669529663675,10.4375
Pakistan,1990,T+43,0.17677669529663675,10.4375
Pakistan,1991,T+44,0.17677669529663675,10.4375
Pakistan,1992,T+45,0.17677669529663675,10.4375
Pakistan,1993,T+46,0.17677669529663675,10.4375
Pakistan,1994,T+47,0.17677669529663675,10.4375
Pakistan,1995,T+48,0.17677669529663675,10.4375
Pakistan,1996,T+49,0.17677669529663675,10.4375
Pakistan,1952,T+5,1.3999362230371168,12.0625
Pakistan,1997,T+50,0.17677669529663675,10.4375
Pakistan,1998,T+51,0.17677669529663675,10.4375
Pakistan,1999,T+52,0.17677669529663675,10.4375
Pakistan,2000,T+53,0.17677669529663675,10.4375
Pakistan,2001,T+54,0.17677669529663675,10.4375
Pakistan,2002,T+55,0.17677669529663675,10.4375
Pakistan,2003,T+56,0.17677669529663675,10.4375
Pakistan,2004,T+57,0.17677669529663675,10.4375
Pakistan,2005,T+58,0.17677669529663675,10.4375
Pakistan,2006,T+59,0.17677669529663675,10.4375
Pakistan,1953,T+6,1.3999362230371168,12.0625
Pakistan,2007,T+60,0.17677669529663675,10.4375
Pakistan,2008,T+61,0.17677669529663675,10.4375
Pakistan,2009,T+62,0.17677669529663675,10.4375
Pakistan,2010,T+63,0.17677669529663675,10.4375
Pakistan,2011,T+64,0.17677669529663675,10.4375
Pakistan,2012,T+65,0.17677669529663675,10.4375
Pakistan,2013,T+66,0.17677669529663675,10.4375
Pakistan,2014,T+67,0.17677669529663675,10.4375
Pakistan,2015,T+68,0.17677669529663675,10.4375
Pakistan,2016,T+69,0.17677669529663675,10.4375
Pakistan,1954,T+7,1.3999362230371168,12.0625
Pakistan,2017,T+70,0.17677669529663675,10.4375
Pakistan,2018,T+71,0.17677669529663675,10.4375
Pakistan,2019,T+72,0.17677669529663675,10.4375
Pakistan,2020,T+73,0.17677669529663675,10.4375
Pakistan,2021,T+74,0.17677669529663675,10.4375
Pakistan,2022,T+75,0.17677669529663675,10.4375
Pakistan,2023,T+76,0.17677669529663675,10.4375
Pakistan,2024,T+77,0.17677669529663675,10.4375
Pakistan,1955,T+8,1.3999362230371168,12.0625
Pakistan,1956,T+9,1.3999362230371168,12.0625
Palestine,1945,T+0,3.028878859059428,3.4375
Palestine,1946,T+1,2.659215781283755,4.0
Palestine,1955,T+10,1.6035674514745464,10.5
Palestine,1956,T+11,1.6035674514745464,10.5
Palestine,1957,T+12,1.6035674514745464,10.5
Palestine,1958,T+13,1.6035674514745464,10.5
Palestine,1959,T+14,1.6035674514745464,10.5
Palestine,1960,T+15,1.6035674514745464,10.5
Palestine,1961,T+16,1.6035674514745464,10.5
Palestine,1962,T+17,1.6035674514745464,10.5
Palestine,1963,T+18,1.6035674514745464,10.5
Palestine,1964,T+19,1.6035674514745464,10.5
Palestine,1947,T+2,2.659215781283755,7.5
Palestine,1965,T+20,1.6035674514745464,10.5
Palestine,1966,T+21,1.6035674514745464,10.5
Palestine,1967,T+22,1.6035674514745464,10.5
Palestine,1968,T+23,1.6035674514745464,10.5
Palestine,1969,T+24,1.6035674514745464,10.5
Palestine,1970,T+25,1.6035674514745464,10.5
Palestine,1971,T+26,1.6035674514745464,10.5
Palestine,1972,T+27,1.6035674514745464,10.5
Palestine,1973,T+28,1.6035674514745466,7.0
Palestine,1974,T+29,1.6035674514745466,7.0
Palestine,1948,T+3,2.0517849372123362,10.3125
Palestine,1975,T+30,1.6035674514745466,7.0
Palestine,1976,T+31,0.2314550249431379,7.875
Palestine,1977,T+32,0.2314550249431379,7.875
Palestine,1978,T+33,0.2314550249431379,7.875
Palestine,1979,T+34,0.2314550249431379,7.875
Palestine,1980,T+35,0.2314550249431379,7.875
Palestine,1981,T+36,0.2314550249431379,7.875
Palestine,1982,T+37,0.2314550249431379,7.875
Palestine,1983,T+38,0.2314550249431379,7.875
Palestine,1984,T+39,0.2314550249431379,7.875
Palestine,1949,T+4,1.6035674514745464,10.5
Palestine,1985,T+40,0.2314550249431379,7.875
Palestine,1986,T+41,0.2314550249431379,7.875
Palestine,1987,T+42,0.2314550249431379,7.875
Palestine,1988,T+43,0.2314550249431379,7.875
Palestine,1989,T+44,0.2314550249431379,7.875
Palestine,1990,T+45,0.2314550249431379,7.875
Palestine,1991,T+46,0.2314550249431379,7.875
Palestine,1992,T+47,0.2314550249431379,7.875
Palestine,1993,T+48,0.2314550249431379,7.875
Palestine,1994,T+49,0.2314550249431379,7.875
Palestine,1950,T+5,1.6035674514745464,10.5
Palestine,1995,T+50,0.2314550249431379,7.875
Palestine,1996,T+51,0.2314550249431379,7.875
Palestine,1997,T+52,0.2314550249431379,7.875
Palestine,1998,T+53,0.2314550249431379,7.875
Palestine,1999,T+54,0.2314550249431379,7.875
Palestine,2000,T+55,0.2314550249431379,7.875
Palestine,2001,T+56,0.2314550249431379,7.875
Palestine,2002,T+57,0.2314550249431379,7.875
Palestine,2003,T+58,0.2314550249431379,7.875
Palestine,2004,T+59,0.2314550249431379,7.875
Palestine,1951,T+6,1.6035674514745464,10.5
Palestine,2005,T+60,0.2314550249431379,7.875
Palestine,2006,T+61,0.2314550249431379,7.875
Palestine,2007,T+62,0.2314550249431379,7.875
Palestine,2008,T+63,0.2314550249431379,7.875
Palestine,2009,T+64,0.2314550249431379,7.875
Palestine,2010,T+65,0.2314550249431379,7.875
Palestine,2011,T+66,0.2314550249431379,7.875
Palestine,2012,T+67,0.2314550249431379,7.875
Palestine,2013,T+68,0.2314550249431379,7.875
Palestine,2014,T+69,0.2314550249431379,7.875
Palestine,1952,T+7,1.6035674514745464,10.5
Palestine,2015,T+70,0.2314550249431379,7.875
Palestine,2016,T+71,0.2314550249431379,7.875
Palestine,2017,T+72,0.2314550249431379,7.875
Palestine,2018,T+73,0.2314550249431379,7.875
Palestine,2019,T+74,0.2314550249431379,7.875
Palestine,2020,T+75,0.2314550249431379,7.875
Palestine,2021,T+76,0.2314550249431379,7.875
Palestine,2022,T+77,0.2314550249431379,7.875
Palestine,2023,T+78,0.2314550249431379,7.875
Palestine,2024,T+79,0.2314550249431379,7.875
Palestine,1953,T+8,1.6035674514745464,10.5
Palestine,2025,T+80,0.2314550249431379,7.875
Palestine,1954,T+9,1.6035674514745464,10.5
Philippines,1900,T+0,3.256175451573298,2.0625
Philippines,1901,T+1,3.2889153661525383,5.0625
Philippines,1910,T+10,3.087272258807117,13.9375
Philippines,2000,T+100,3.972562145517676,5.8125
Philippines,2001,T+101,3.968064479602835,5.5625
Philippines,2002,T+102,3.1622776601683786,8.25
Philippines,2003,T+103,3.102418411497714,7.875
Philippines,2004,T+104,3.21547597009925,8.125
Philippines,2005,T+105,2.3145502494313788,6.5
Philippines,2006,T+106,2.7091116097875543,7.375
Philippines,2007,T+107,2.7902892835178013,7.5
Philippines,2008,T+108,2.961056761167733,6.625
Philippines,2009,T+109,3.3487737627802976,6.5
Philippines,1911,T+11,2.520452056958944,14.1875
Philippines,2010,T+110,3.409545424246464,10.375
Philippines,2011,T+111,3.2616549261291974,11.6875
Philippines,2012,T+112,3.4062704783132784,12.0625
Philippines,2013,T+113,3.8862164854043546,11.5625
Philippines,2014,T+114,3.6978516929234932,12.4375
Philippines,2015,T+115,3.9182494269033676,10.6875
Philippines,2016,T+116,3.5044614422190468,11.8125
Philippines,1912,T+12,2.520452056958944,14.1875
Philippines,1913,T+13,2.282503324985843,13.1875
Philippines,1914,T+14,2.220038609702865,12.25
Philippines,1915,T+15,2.7774602993176543,13.0
Philippines,1916,T+16,3.1332035180808613,14.9375
Philippines,1917,T+17,3.0406472525246517,15.9375
Philippines,1918,T+18,5.5929643302992735,12.6875
Philippines,1919,T+19,3.1445815074732693,11.4375
Philippines,1902,T+2,4.825527358301296,6.25
Philippines,1920,T+20,3.918249426903368,8.1875
Philippines,1921,T+21,3.8073003183733376,8.8125
Philippines,1922,T+22,3.2175578582876443,10.1875
Philippines,1923,T+23,3.529847224536981,10.4375
Philippines,1924,T+24,4.523253411933873,11.5625
Philippines,1925,T+25,3.659015285174805,12.9375
Philippines,1926,T+26,3.5850632590553504,13.3125
Philippines,1927,T+27,3.87240696651136,13.6875
Philippines,1928,T+28,3.8999771061599104,13.8125
Philippines,1929,T+29,3.1045761155337868,12.8125
Philippines,1903,T+3,4.358898943540674,8.0
Philippines,1930,T+30,3.8677928368219807,11.0625
Philippines,1931,T+31,4.806524583462418,9.9375
Philippines,1932,T+32,4.757982015218516,9.8125
Philippines,1933,T+33,4.296489430752906,10.5625
Philippines,1934,T+34,4.891683905218266,11.75
Philippines,1935,T+35,5.974648824109127,12.125
Philippines,1936,T+36,5.262739645035519,12.125
Philippines,1937,T+37,4.580626906564522,13.625
Philippines,1938,T+38,4.642582409453969,12.625
Philippines,1939,T+39,3.8913824205360674,12.5
Philippines,1904,T+4,3.575711717366808,10.0
Philippines,1940,T+40,3.50255009141299,11.125
Philippines,1941,T+41,2.263846284534354,7.375
Philippines,1942,T+42,2.6109316892087175,-0.9375
Philippines,1943,T+43,1.8660500682304473,1.125
Philippines,1944,T+44,2.7091116097875543,-1.375
Philippines,1945,T+45,3.3481071411428025,2.1875
Philippines,1946,T+46,2.7774602993176543,5.5
Philippines,1947,T+47,3.891382420536067,6.75
Philippines,1948,T+48,3.854496446637726,6.75
Philippines,1949,T+49,3.639441676175854,5.5625
Philippines,1905,T+5,3.2814413209529043,11.125
Philippines,1950,T+50,2.84102597162162,6.5
Philippines,1951,T+51,2.5213375135318272,8.0
Philippines,1952,T+52,2.52752702401831,10.0625
Philippines,1953,T+53,2.6717770972038175,11.6875
Philippines,1954,T+54,2.42660109147401,13.9375
Philippines,1955,T+55,2.258910925961573,14.4375
Philippines,1956,T+56,2.266802341877839,14.8125
Philippines,1957,T+57,2.0948491251502714,13.4375
Philippines,1958,T+58,3.453130050093269,12.6875
Philippines,1959,T+59,3.6687629289137003,12.0625
Philippines,1906,T+6,3.116774889895918,12.0
Philippines,1960,T+60,3.8353385024755546,11.1875
Philippines,1961,T+61,3.9635617099486957,10.8125
Philippines,1962,T+62,4.350184725141812,11.6875
Philippines,1963,T+63,4.109548984638443,11.0625
Philippines,1964,T+64,3.999441925354801,10.8125
Philippines,1965,T+65,3.9905021166335874,10.6875
Philippines,1966,T+66,3.411508882758897,12.3125
Philippines,1967,T+67,2.9330323168060337,13.0625
Philippines,1968,T+68,3.104576115533787,12.6875
Philippines,1969,T+69,3.7553533217832604,11.4375
Philippines,1907,T+7,2.8276378329421386,12.8125
Philippines,1970,T+70,3.60493213726496,8.1875
Philippines,1971,T+71,3.0465144017384853,6.8125
Philippines,1972,T+72,4.079565803226753,4.5
Philippines,1973,T+73,5.455992773350891,11.625
Philippines,1974,T+74,6.117889458675387,10.25
Philippines,1975,T+75,5.879747322073336,11.25
Philippines,1976,T+76,4.675162334843878,11.25
Philippines,1977,T+77,4.675162334843878,11.25
Philippines,1978,T+78,4.358898943540674,11.25
Philippines,1979,T+79,4.006690832666208,10.625
Philippines,1908,T+8,2.7637642549868207,13.1875
Philippines,1980,T+80,3.7321001364608946,10.0
Philippines,1981,T+81,3.7297069973007644,8.375
Philippines,1982,T+82,3.7129118338191502,8.0
Philippines,1983,T+83,4.0921309502856476,5.4375
Philippines,1984,T+84,4.720301897124802,3.6875
Philippines,1985,T+85,5.351485107626,3.1875
Philippines,1986,T+86,5.942807777954314,5.0625
Philippines,1987,T+87,3.4582974754308555,7.5625
Philippines,1988,T+88,3.022977482076712,9.8125
Philippines,1989,T+89,2.9813407817864195,7.9375
Philippines,1909,T+9,3.206438834595165,13.6875
Philippines,1990,T+90,3.20086483849064,7.5625
Philippines,1991,T+91,3.824264635194589,4.375
Philippines,1992,T+92,3.251373336211726,6.25
Philippines,1993,T+93,2.9277002188455996,9.25
Philippines,1994,T+94,3.1707367327754334,11.375
Philippines,1995,T+95,3.474396144861517,10.5
Philippines,1996,T+96,3.525417908358019,12.75
Philippines,1997,T+97,3.150963571444682,10.5
Philippines,1998,T+98,3.0640484423623033,9.0625
Philippines,1999,T+99,2.8086282874639816,8.4375
Poland,1900,T+0,4.00927496117262,4.65
Poland,1901,T+1,4.00927496117262,4.65
Poland,1910,T+10,3.617714353408398,4.725
Poland,2000,T+100,1.2848012631198207,9.375
Poland,2001,T+101,1.2848012631198207,9.375
Poland,2002,T+102,1.2848012631198207,9.375
Poland,2003,T+103,1.3155661464610158,9.575
Poland,2004,T+104,1.3068500843085031,10.525
Poland,2005,T+105,1.2758750498607392,10.475
Poland,2006,T+106,1.4791406771693973,10.275
Poland,2007,T+107,1.076701311546389,10.675
Poland,2008,T+108,1.1501552690211634,10.35
Poland,2009,T+109,1.3024701806293193,10.625
Poland,1911,T+11,3.617714353408398,4.725
Poland,2010,T+110,1.3328272849205072,10.475
Poland,2011,T+111,1.112269237704099,10.65
Poland,2012,T+112,1.0166471504762253,10.775
Poland,2013,T+113,1.0166471504762253,10.775
Poland,2014,T+114,0.9910312089651151,10.625
Poland,2015,T+115,1.3024701806293189,10.375
Poland,2016,T+116,1.5526475085202966,9.625
Poland,2017,T+117,1.5526475085202966,9.625
Poland,2018,T+118,1.6035674514745466,9.5
Poland,2019,T+119,1.6035674514745466,9.5
Poland,1912,T+12,3.2180018201184586,4.9125
Poland,2020,T+120,1.1259916264596033,8.125
Poland,2021,T+121,1.187734939165421,9.125
Poland,2022,T+122,1.4599412904047113,8.9
Poland,2023,T+123,1.5526475085202969,9.875
Poland,2024,T+124,1.3484779779969924,10.2875
Poland,2025,T+125,1.3484779779969924,10.2875
Poland,1913,T+13,2.9887587007700325,5.0875
Poland,1914,T+14,3.093195296591721,2.975
Poland,1915,T+15,2.6049403612586386,1.25
Poland,1916,T+16,2.5581452544484535,1.3875
Poland,1917,T+17,2.5489143347147403,3.4625
Poland,1918,T+18,2.6172163511202946,4.3125
Poland,1919,T+19,2.15932363749128,5.6625
Poland,1902,T+2,4.00927496117262,4.65
Poland,1920,T+20,2.478911051248108,5.325
Poland,1921,T+21,2.102379604162864,7.6
Poland,1922,T+22,2.1492523617029513,7.775
Poland,1923,T+23,1.5683817866104632,7.0625
Poland,1924,T+24,1.1160357137142676,7.5625
Poland,1925,T+25,1.3611313571542505,7.8125
Poland,1926,T+26,1.3871218918527468,7.6875
Poland,1927,T+27,1.4106103035819029,7.9875
Poland,1928,T+28,1.1969455173183832,8.1125
Poland,1929,T+29,1.8015370421630843,7.5625
Poland,1903,T+3,4.00927496117262,4.65
Poland,1930,T+30,1.7791952434417406,7.3625
Poland,1931,T+31,2.6040833319999575,6.3125
Poland,1932,T+32,2.6040833319999575,6.3125
Poland,1933,T+33,2.0020971148130795,6.8625
Poland,1934,T+34,1.743918002659529,7.4125
Poland,1935,T+35,1.4908650413194922,7.6375
Poland,1936,T+36,1.4262212811682282,7.5625
Poland,1937,T+37,1.781602408748131,7.0625
Poland,1938,T+38,1.6352697462061552,6.2375
Poland,1939,T+39,2.55049014897137,1.025
Poland,1904,T+4,4.00927496117262,4.65
Poland,1940,T+40,2.404423007708918,-1.1875
Poland,1941,T+41,2.404423007708918,-1.1875
Poland,1942,T+42,2.555631037532609,-1.0625
Poland,1943,T+43,2.8908723349782948,-0.75
Poland,1944,T+44,3.2206643059202196,-0.5125
Poland,1945,T+45,2.239539174536966,-1.6125
Poland,1946,T+46,1.7007876326656928,2.4875000000000003
Poland,1947,T+47,1.156348933991318,4.65
Poland,1948,T+48,1.2118462891684854,5.65
Poland,1949,T+49,1.2972498382567417,6.7
Poland,1905,T+5,3.6819783114128044,3.8375
Poland,1950,T+50,0.7010196655077313,7.55
Poland,1951,T+51,0.7010196655077313,7.55
Poland,1952,T+52,0.7010196655077313,7.55
Poland,1953,T+53,0.6606274074155347,7.625
Poland,1954,T+54,0.6164414002968974,7.6
Poland,1955,T+55,0.5303300858899106,7.6875
Poland,1956,T+56,0.8782084035125145,6.6375
Poland,1957,T+57,0.5938674695827105,7.6875
Poland,1958,T+58,0.5824823725107175,7.625
Poland,1959,T+59,0.5824823725107175,7.625
Poland,1906,T+6,3.617714353408398,4.725
Poland,1960,T+60,0.5824823725107175,7.625
Poland,1961,T+61,0.5824823725107175,7.625
Poland,1962,T+62,0.5824823725107175,7.625
Poland,1963,T+63,0.5824823725107175,7.625
Poland,1964,T+64,0.5824823725107175,7.625
Poland,1965,T+65,0.5824823725107175,7.625
Poland,1966,T+66,0.5824823725107175,7.625
Poland,1967,T+67,0.2672612419124244,7.5
Poland,1968,T+68,0.4166190448976481,7.075
Poland,1969,T+69,0.5824823725107175,7.625
Poland,1907,T+7,3.617714353408398,4.725
Poland,1970,T+70,1.088577052853862,7.125
Poland,1971,T+71,0.6475227519444505,7.775
Poland,1972,T+72,0.6475227519444505,7.775
Poland,1973,T+73,0.6943650748294136,7.875
Poland,1974,T+74,0.6943650748294136,7.875
Poland,1975,T+75,0.6943650748294136,7.875
Poland,1976,T+76,0.9680613912055666,7.15
Poland,1977,T+77,0.6546536707079771,7.75
Poland,1978,T+78,0.9775150711297059,7.9125
Poland,1979,T+79,1.6903085094570331,7.75
Poland,1908,T+8,3.617714353408398,4.725
Poland,1980,T+80,1.8212534929861592,6.9375
Poland,1981,T+81,1.9445436482630056,5.3125
Poland,1982,T+82,1.558387444947959,5.75
Poland,1983,T+83,1.2174328963613794,6.375
Poland,1984,T+84,1.16128008188009,7.05
Poland,1985,T+85,1.2328828005937953,7.05
Poland,1986,T+86,0.8762745818846639,6.875
Poland,1987,T+87,1.3447649821224736,5.9625
Poland,1988,T+88,1.6782218480965416,5.825
Poland,1989,T+89,2.219032929646864,6.3125
Poland,1909,T+9,3.617714353408398,4.725
Poland,1990,T+90,2.1913792134504826,4.925
Poland,1991,T+91,2.248014997408031,4.875
Poland,1992,T+92,1.8797796223417862,5.525
Poland,1993,T+93,1.574801574802362,6.85
Poland,1994,T+94,1.2383745106273099,7.675000000000001
Poland,1995,T+95,1.3627702877384937,8.8
Poland,1996,T+96,1.212730095987679,9.175
Poland,1997,T+97,1.2164791114406481,9.2375
Poland,1998,T+98,1.1636610945018069,9.2375
Poland,1999,T+99,1.1636610945018069,9.2375
Russia,1900,T+0,2.988071523335984,8.25
Russia,1901,T+1,3.5330076220046363,7.625
Russia,1910,T+10,2.6650850964703867,5.9375
Russia,2000,T+100,6.307591797644667,3.75
Russia,2001,T+101,6.323143431644016,3.875
Russia,2002,T+102,6.323143431644016,3.875
Russia,2003,T+103,6.622472563713862,4.0
Russia,2004,T+104,6.82955760960087,4.25
Russia,2005,T+105,6.71319330018988,4.3125
Russia,2006,T+106,6.71319330018988,4.3125
Russia,2007,T+107,6.599512969043355,4.375
Russia,2008,T+108,6.759913355319621,4.625
Russia,2009,T+109,6.759913355319621,4.625
Russia,1911,T+11,3.028878859059428,5.5625
Russia,2010,T+110,6.759913355319621,4.625
Russia,2011,T+111,6.6332495807108,4.5
Russia,2012,T+112,6.649382355849731,4.25
Russia,2013,T+113,6.540737725975565,4.3125
Russia,2014,T+114,7.073277175397554,5.0625
Russia,2015,T+115,7.151111302248263,5.1875
Russia,2016,T+116,7.245380301563591,5.3125
Russia,2017,T+117,7.245380301563591,5.3125
Russia,2018,T+118,7.245380301563591,5.3125
Russia,2019,T+119,7.245380301563591,5.3125
Russia,1912,T+12,3.4737536305435195,5.8125
Russia,2020,T+120,7.413489153466903,5.4375
Russia,2021,T+121,7.413489153466903,5.4375
Russia,2022,T+122,7.245380301563591,5.3125
Russia,2023,T+123,6.9920235166325675,5.0625
Russia,2024,T+124,7.090927301841417,5.1875
Russia,2025,T+125,7.090927301841417,5.1875
Russia,1913,T+13,3.4737536305435195,5.8125
Russia,1914,T+14,3.6246921051508436,5.6875
Russia,1915,T+15,4.87660230078279,3.8125
Russia,1916,T+16,5.314652925101104,2.9375
Russia,1917,T+17,5.331426370386929,-1.1875
Russia,1918,T+18,7.156415703009832,0.75
Russia,1919,T+19,7.548651724456683,0.875
Russia,1902,T+2,4.198213905936666,7.125
Russia,1920,T+20,7.548651724456683,1.875
Russia,1921,T+21,7.768698640791041,3.8125
Russia,1922,T+22,8.070835945374114,4.3125
Russia,1923,T+23,8.541652148652005,4.9375
Russia,1924,T+24,8.753570700005799,5.125
Russia,1925,T+25,9.38059356940091,5.3125
Russia,1926,T+26,9.168803863411753,5.1875
Russia,1927,T+27,8.712675495260585,4.625
Russia,1928,T+28,9.595385795861914,3.0
Russia,1929,T+29,9.183642290196506,2.375
Russia,1903,T+3,4.217311262607288,7.0
Russia,1930,T+30,9.002975698543867,2.125
Russia,1931,T+31,9.002975698543867,2.125
Russia,1932,T+32,8.90826261720785,2.0
Russia,1933,T+33,8.90826261720785,2.0
Russia,1934,T+34,8.361262720768574,1.625
Russia,1935,T+35,8.163507649463993,1.5
Russia,1936,T+36,7.543919026985528,0.875
Russia,1937,T+37,7.151423434733616,0.25
Russia,1938,T+38,7.634508123364221,0.75
Russia,1939,T+39,7.684632159613851,0.875
Russia,1904,T+4,5.4182232195751086,5.0
Russia,1940,T+40,7.831940098997547,1.125
Russia,1941,T+41,6.425048637948199,-0.3125
Russia,1942,T+42,6.726480187608205,0.0625
Russia,1943,T+43,7.483314773547883,1.0
Russia,1944,T+44,8.484229066753375,1.875
Russia,1945,T+45,10.134805657450256,3.25
Russia,1946,T+46,9.859730509211989,3.0
Russia,1947,T+47,9.859730509211989,3.0
Russia,1948,T+48,9.676001240181813,2.875
Russia,1949,T+49,9.951444618747571,3.0625
Russia,1905,T+5,5.30498417932204,2.75
Russia,1950,T+50,9.583980309424085,2.8125
Russia,1951,T+51,9.583980309424085,2.8125
Russia,1952,T+52,9.24058401061009,2.5625
Russia,1953,T+53,8.923284148787374,2.875
Russia,1954,T+54,8.923284148787374,2.875
Russia,1955,T+55,9.284203173747791,3.125
Russia,1956,T+56,8.629010454772402,2.9375
Russia,1957,T+57,8.819367891181317,3.3125
Russia,1958,T+58,9.238651339423335,3.6875
Russia,1959,T+59,9.14149682960697,3.8125
Russia,1906,T+6,3.468609231377902,5.4375
Russia,1960,T+60,8.91527581497863,3.625
Russia,1961,T+61,8.599989617933932,3.4375
Russia,1962,T+62,8.599989617933932,3.4375
Russia,1963,T+63,8.374866736679627,3.1875
Russia,1964,T+64,8.194074514114277,2.75
Russia,1965,T+65,8.45972601717776,3.1875
Russia,1966,T+66,8.510497719203704,3.25
Russia,1967,T+67,8.292638732204432,3.125
Russia,1968,T+68,8.298020417975776,3.0
Russia,1969,T+69,8.298020417975776,3.0
Russia,1907,T+7,3.173551413074723,5.5
Russia,1970,T+70,8.248105843161811,2.9375
Russia,1971,T+71,8.248105843161811,2.9375
Russia,1972,T+72,8.248105843161811,2.9375
Russia,1973,T+73,8.248105843161811,2.9375
Russia,1974,T+74,8.248105843161811,2.9375
Russia,1975,T+75,8.248105843161811,2.9375
Russia,1976,T+76,8.201698430377524,2.875
Russia,1977,T+77,8.201698430377524,2.875
Russia,1978,T+78,8.201698430377524,2.875
Russia,1979,T+79,8.201698430377524,2.875
Russia,1908,T+8,3.058944729337694,5.5
Russia,1980,T+80,8.093207028119323,2.75
Russia,1981,T+81,8.093207028119323,2.75
Russia,1982,T+82,8.093207028119323,2.75
Russia,1983,T+83,8.093207028119323,2.75
Russia,1984,T+84,8.093207028119323,2.75
Russia,1985,T+85,8.008923594519874,3.25
Russia,1986,T+86,7.913595895672207,3.125
Russia,1987,T+87,8.125961481572503,3.4375
Russia,1988,T+88,8.035357134920282,3.3125
Russia,1989,T+89,7.629536121454006,2.8125
Russia,1909,T+9,3.035504194410825,5.5
Russia,1990,T+90,7.690439333539869,2.75
Russia,1991,T+91,8.189442245093025,2.1875
Russia,1992,T+92,6.723824910612369,3.6875
Russia,1993,T+93,6.789895328458942,3.5625
Russia,1994,T+94,6.616740133933023,3.3125
Russia,1995,T+95,6.616740133933023,3.3125
Russia,1996,T+96,6.616740133933023,3.3125
Russia,1997,T+97,6.616740133933023,3.3125
Russia,1998,T+98,6.90981444861479,2.9375
Russia,1999,T+99,6.697214239624455,3.1875
Saudi Arabia,1900,T+0,3.453776401067595,4.5
Saudi Arabia,1901,T+1,3.453776401067595,4.5
Saudi Arabia,1910,T+10,2.6457513110645903,6.25
Saudi Arabia,2000,T+100,1.5103807466993218,11.3125
Saudi Arabia,2001,T+101,1.5103807466993218,11.3125
Saudi Arabia,2002,T+102,1.3076014027873433,10.3125
Saudi Arabia,2003,T+103,1.3076014027873433,10.3125
Saudi Arabia,2004,T+104,2.396984712985403,12.9375
Saudi Arabia,2005,T+105,2.396984712985403,12.9375
Saudi Arabia,2006,T+106,2.0863074009907008,14.3125
Saudi Arabia,2007,T+107,2.0863074009907008,14.3125
Saudi Arabia,2008,T+108,1.6783814482155972,13.5625
Saudi Arabia,2009,T+109,1.8212534929861592,13.9375
Saudi Arabia,1911,T+11,2.6457513110645903,6.25
Saudi Arabia,2010,T+110,1.8212534929861592,12.9375
Saudi Arabia,2011,T+111,1.8212534929861592,12.9375
Saudi Arabia,2012,T+112,1.8212534929861592,12.9375
Saudi Arabia,2013,T+113,1.556954444695523,12.1875
Saudi Arabia,2014,T+114,1.7100020885534448,12.6875
Saudi Arabia,2015,T+115,2.060469779998172,13.5625
Saudi Arabia,2016,T+116,2.821315549273322,13.4375
Saudi Arabia,2017,T+117,2.5062422069704278,12.8125
Saudi Arabia,2018,T+118,2.382038442774831,13.4375
Saudi Arabia,2019,T+119,1.8600595228571124,12.0625
Saudi Arabia,1912,T+12,3.2732683535398857,7.25
Saudi Arabia,2020,T+120,1.9074571704609404,13.3125
Saudi Arabia,2021,T+121,2.883914750077451,15.0625
Saudi Arabia,2022,T+122,2.5903323008006964,15.1875
Saudi Arabia,2023,T+123,2.65837624984017,15.3125
Saudi Arabia,2024,T+124,2.65837624984017,15.3125
Saudi Arabia,1913,T+13,3.0000000000000004,7.75
Saudi Arabia,1914,T+14,3.0000000000000004,6.75
Saudi Arabia,1915,T+15,3.0000000000000004,6.75
Saudi Arabia,1916,T+16,3.0000000000000004,6.75
Saudi Arabia,1917,T+17,3.0000000000000004,7.75
Saudi Arabia,1918,T+18,3.0000000000000004,7.75
Saudi Arabia,1919,T+19,3.0000000000000004,7.75
Saudi Arabia,1902,T+2,3.21547597009925,4.875
Saudi Arabia,1920,T+20,3.0000000000000004,7.75
Saudi Arabia,1921,T+21,3.525417908358019,8.25
Saudi Arabia,1922,T+22,3.525417908358019,8.25
Saudi Arabia,1923,T+23,3.525417908358019,8.25
Saudi Arabia,1924,T+24,2.659215781283755,8.5
Saudi Arabia,1925,T+25,3.2841611235921855,10.0
Saudi Arabia,1926,T+26,3.6449573777637356,10.25
Saudi Arabia,1927,T+27,3.21547597009925,9.875
Saudi Arabia,1928,T+28,2.150581316760657,7.875
Saudi Arabia,1929,T+29,3.1847852585154217,8.75
Saudi Arabia,1903,T+3,3.170736732775433,5.125
Saudi Arabia,1930,T+30,3.1847852585154217,9.75
Saudi Arabia,1931,T+31,3.5931482415444935,10.125
Saudi Arabia,1932,T+32,3.5456210417116734,10.75
Saudi Arabia,1933,T+33,3.3990544903798514,11.125
Saudi Arabia,1934,T+34,3.3990544903798514,11.125
Saudi Arabia,1935,T+35,3.3990544903798514,11.125
Saudi Arabia,1936,T+36,3.3990544903798514,11.125
Saudi Arabia,1937,T+37,3.3990544903798514,11.125
Saudi Arabia,1938,T+38,2.4494897427831783,12.75
Saudi Arabia,1939,T+39,2.4494897427831783,12.75
Saudi Arabia,1904,T+4,2.961056761167733,4.625
Saudi Arabia,1940,T+40,2.4494897427831783,12.75
Saudi Arabia,1941,T+41,2.4494897427831783,12.75
Saudi Arabia,1942,T+42,2.4494897427831783,12.75
Saudi Arabia,1943,T+43,2.4494897427831783,12.75
Saudi Arabia,1944,T+44,2.4494897427831783,12.75
Saudi Arabia,1945,T+45,2.401636346922061,13.125
Saudi Arabia,1946,T+46,2.401636346922061,13.125
Saudi Arabia,1947,T+47,2.401636346922061,13.125
Saudi Arabia,1948,T+48,2.401636346922061,13.125
Saudi Arabia,1949,T+49,2.401636346922061,13.125
Saudi Arabia,1905,T+5,2.6992062325273123,5.75
Saudi Arabia,1950,T+50,2.202879608927499,13.8125
Saudi Arabia,1951,T+51,2.202879608927499,13.8125
Saudi Arabia,1952,T+52,2.202879608927499,13.8125
Saudi Arabia,1953,T+53,2.025506991207034,13.4375
Saudi Arabia,1954,T+54,2.025506991207034,13.4375
Saudi Arabia,1955,T+55,2.025506991207034,13.4375
Saudi Arabia,1956,T+56,2.2270656543019625,12.4375
Saudi Arabia,1957,T+57,2.0863074009907003,12.3125
Saudi Arabia,1958,T+58,2.4775780224127866,11.8125
Saudi Arabia,1959,T+59,2.4775780224127866,11.8125
Saudi Arabia,1906,T+6,2.6457513110645903,6.25
Saudi Arabia,1960,T+60,2.4775780224127866,11.8125
Saudi Arabia,1961,T+61,2.4775780224127866,11.8125
Saudi Arabia,1962,T+62,2.441274550019196,10.4375
Saudi Arabia,1963,T+63,2.441274550019196,10.4375
Saudi Arabia,1964,T+64,1.791597451597715,12.3125
Saudi Arabia,1965,T+65,2.077730561385255,14.0625
Saudi Arabia,1966,T+66,2.077730561385255,14.0625
Saudi Arabia,1967,T+67,2.077730561385255,14.0625
Saudi Arabia,1968,T+68,2.077730561385255,14.0625
Saudi Arabia,1969,T+69,2.077730561385255,14.0625
Saudi Arabia,1907,T+7,2.6457513110645903,6.25
Saudi Arabia,1970,T+70,2.077730561385255,14.0625
Saudi Arabia,1971,T+71,2.077730561385255,14.0625
Saudi Arabia,1972,T+72,2.077730561385255,14.0625
Saudi Arabia,1973,T+73,2.2028796089275,14.3125
Saudi Arabia,1974,T+74,2.2028796089275,14.3125
Saudi Arabia,1975,T+75,2.186606960566988,14.1875
Saudi Arabia,1976,T+76,2.2028796089275,15.3125
Saudi Arabia,1977,T+77,2.2028796089275,15.3125
Saudi Arabia,1978,T+78,2.2028796089275,15.3125
Saudi Arabia,1979,T+79,2.8590395490194154,12.4375
Saudi Arabia,1908,T+8,2.6457513110645903,6.25
Saudi Arabia,1980,T+80,2.2028796089275,14.3125
Saudi Arabia,1981,T+81,2.2028796089275,14.3125
Saudi Arabia,1982,T+82,1.8015370421630843,14.0625
Saudi Arabia,1983,T+83,1.1475906437899737,13.5625
Saudi Arabia,1984,T+84,0.9977653603356423,13.3125
Saudi Arabia,1985,T+85,1.2799972098183876,12.1875
Saudi Arabia,1986,T+86,1.2799972098183876,12.1875
Saudi Arabia,1987,T+87,0.7039429765866793,12.8125
Saudi Arabia,1988,T+88,0.7039429765866793,12.8125
Saudi Arabia,1989,T+89,0.7288689868556625,13.0625
Saudi Arabia,1909,T+9,2.6457513110645903,6.25
Saudi Arabia,1990,T+90,0.9425459443140465,11.5625
Saudi Arabia,1991,T+91,0.9425459443140465,11.5625
Saudi Arabia,1992,T+92,0.9234059624177067,11.6875
Saudi Arabia,1993,T+93,1.208230701716948,11.5625
Saudi Arabia,1994,T+94,1.399936223037117,10.9375
Saudi Arabia,1995,T+95,1.399936223037117,10.9375
Saudi Arabia,1996,T+96,1.1933596033288303,11.6875
Saudi Arabia,1997,T+97,1.1630471062809844,11.1875
Saudi Arabia,1998,T+98,1.083562246877005,12.4375
Saudi Arabia,1999,T+99,1.083562246877005,12.4375
Singapore,1930,T+0,4.6092879834401455,9.9375
Singapore,1931,T+1,5.028490259085155,5.5
Singapore,1940,T+10,2.013348312779343,10.875
Singapore,1941,T+11,2.344255897782005,8.6875
Singapore,1942,T+12,1.4392458342578487,-3.75
Singapore,1943,T+13,4.6247586809630254,5.9375
Singapore,1944,T+14,4.727861945047525,2.8125
Singapore,1945,T+15,1.5526475085202969,-4.125
Singapore,1946,T+16,1.2817398889233118,3.0
Singapore,1947,T+17,0.7440238091428449,6.875
Singapore,1948,T+18,3.4121631178560534,7.0
Singapore,1949,T+19,2.7255405754769875,10.5
Singapore,1932,T+2,4.27617987059879,6.0
Singapore,1950,T+20,5.237229365663817,9.0
Singapore,1951,T+21,3.4323825544364954,13.6875
Singapore,1952,T+22,1.9628241315585488,11.6875
Singapore,1953,T+23,2.220038609702865,12.75
Singapore,1954,T+24,2.219032929646864,11.6875
Singapore,1955,T+25,3.793203508532446,8.5625
Singapore,1956,T+26,3.9279220242478625,8.5
Singapore,1957,T+27,3.1728479770884523,8.6875
Singapore,1958,T+28,3.0640484423623033,9.5625
Singapore,1959,T+29,2.65837624984017,9.6875
Singapore,1933,T+3,3.0560244950402007,7.875
Singapore,1960,T+30,2.583429337693823,11.4375
Singapore,1961,T+31,2.871504085716354,10.5625
Singapore,1962,T+32,2.3904572186687876,11.75
Singapore,1963,T+33,3.4115088827588966,8.6875
Singapore,1964,T+34,4.59376518462019,6.5625
Singapore,1965,T+35,4.079565803226753,6.75
Singapore,1966,T+36,3.5247846945391066,10.1875
Singapore,1967,T+37,3.1594529363709247,12.625
Singapore,1968,T+38,2.997022331772464,14.625
Singapore,1969,T+39,2.6177621304137952,15.1875
Singapore,1934,T+4,2.49284690951645,10.75
Singapore,1970,T+40,2.883914750077451,16.9375
Singapore,1971,T+41,3.184084304339767,15.6875
Singapore,1972,T+42,3.181980515339464,16.625
Singapore,1973,T+43,2.7115823003236637,13.8125
Singapore,1974,T+44,3.565083649589646,12.3125
Singapore,1975,T+45,2.2951812875799473,15.125
Singapore,1976,T+46,2.4458419526091326,16.125
Singapore,1977,T+47,2.7766565197322173,16.8125
Singapore,1978,T+48,2.8339460121886586,17.0625
Singapore,1979,T+49,3.13889766819955,16.1875
Singapore,1935,T+5,2.815771906346718,11.75
Singapore,1980,T+50,2.411838362269388,17.5625
Singapore,1981,T+51,2.699206232527312,18.0
Singapore,1982,T+52,2.187627547301936,18.25
Singapore,1983,T+53,1.8322507626258084,17.75
Singapore,1984,T+54,2.0000000000000004,17.0
Singapore,1985,T+55,3.4427719313699203,14.6875
Singapore,1986,T+56,2.871504085716354,15.9375
Singapore,1987,T+57,2.4631208426941393,16.8125
Singapore,1988,T+58,2.0777305613852546,18.9375
Singapore,1989,T+59,2.1702123003456206,19.8125
Singapore,1936,T+6,2.4266010914740095,11.0625
Singapore,1990,T+60,1.9456912102680337,19.75
Singapore,1991,T+61,1.885091888628093,19.625
Singapore,1992,T+62,2.0658792662827956,19.875
Singapore,1993,T+63,1.8310321055155123,20.1875
Singapore,1994,T+64,1.9809359259847714,19.8125
Singapore,1995,T+65,1.656965815666006,19.4375
Singapore,1996,T+66,1.6889874396894045,19.3125
Singapore,1997,T+67,2.8149790661490086,16.8125
Singapore,1998,T+68,3.849281008930666,14.9375
Singapore,1999,T+69,2.470360008466088,18.0625
Singapore,1937,T+7,2.833946012188658,12.0625
Singapore,2000,T+70,2.1453854132599512,20.0625
Singapore,2001,T+71,2.9999999999999996,16.25
Singapore,2002,T+72,2.248014997408031,18.125
Singapore,2003,T+73,4.026696625558687,15.5
Singapore,2004,T+74,2.1505813167606567,18.875
Singapore,2005,T+75,2.489262656175232,19.625
Singapore,2006,T+76,2.4192309876133304,19.6875
Singapore,2007,T+77,2.2903134532822604,20.0625
Singapore,2008,T+78,3.2341647188372193,16.4375
Singapore,2009,T+79,2.411838362269389,18.0625
Singapore,1938,T+8,2.731267366731318,13.0625
Singapore,2010,T+80,3.1784711059609414,18.0625
Singapore,2011,T+81,4.7240834333989365,15.0625
Singapore,2012,T+82,4.84353398135818,15.0625
Singapore,2013,T+83,4.77343841331532,13.75
Singapore,2014,T+84,3.4167392559071788,17.0625
Singapore,2015,T+85,3.251373336211726,19.25
Singapore,2016,T+86,2.750811568558321,17.6875
Singapore,2017,T+87,4.234214381508266,15.75
Singapore,2018,T+88,2.3745300286883833,17.3125
Singapore,2019,T+89,1.4865468134476731,18.3125
Singapore,1939,T+9,2.29906813420444,12.25
Singapore,2020,T+90,6.355186296021766,14.4375
Singapore,2021,T+91,5.344807226244393,15.1875
Singapore,2022,T+92,3.5456210417116734,17.5
Singapore,2023,T+93,3.5999751983272645,16.5625
Singapore,2024,T+94,2.051784937212336,19.6875
Singapore,2025,T+95,2.051784937212336,19.6875
South Africa,1900,T+0,4.703721930556695,3.875
South Africa,1901,T+1,3.5330076220046367,5.875
South Africa,1910,T+10,4.823676724538776,17.625
South Africa,2000,T+100,1.8504343119541267,13.8125
South Africa,2001,T+101,1.8504343119541267,13.8125
South Africa,2002,T+102,1.4500615750472703,14.9375
South Africa,2003,T+103,1.5754817857223413,15.625
South Africa,2004,T+104,1.5754817857223413,15.625
South Africa,2005,T+105,1.9260896730348327,15.3125
South Africa,2006,T+106,1.5583874449479589,13.75
South Africa,2007,T+107,2.186606960566987,10.6875
South Africa,2008,T+108,2.445841952609133,7.375
South Africa,2009,T+109,2.0873770280289223,9.25
South Africa,1911,T+11,4.823676724538776,17.625
South Africa,2010,T+110,0.8634441002668987,10.9375
South Africa,2011,T+111,0.8634441002668987,10.9375
South Africa,2012,T+112,2.1213203435596424,7.0
South Africa,2013,T+113,2.1213203435596424,7.0
South Africa,2014,T+114,1.2747548783981961,4.375
South Africa,2015,T+115,1.6461535252130732,1.6875
South Africa,2016,T+116,2.404423007708918,1.3125
South Africa,2017,T+117,2.404423007708918,1.3125
South Africa,2018,T+118,1.656965815666006,6.0625
South Africa,2019,T+119,2.6245747954940923,8.5625
South Africa,1912,T+12,4.823676724538776,17.625
South Africa,2020,T+120,3.945499244165976,5.1875
South Africa,2021,T+121,2.477578022412787,0.1875
South Africa,2022,T+122,1.9086270308410556,1.5
South Africa,2023,T+123,1.7060815589280267,-1.875
South Africa,2024,T+124,1.7060815589280267,-1.875
South Africa,2025,T+125,1.7060815589280267,-1.875
South Africa,1913,T+13,4.823676724538776,17.625
South Africa,1914,T+14,3.1160586368955623,10.8125
South Africa,1915,T+15,3.693623849670827,13.5
South Africa,1916,T+16,3.693623849670827,13.5
South Africa,1917,T+17,4.006690832666208,13.375
South Africa,1918,T+18,4.217311262607288,14.75
South Africa,1919,T+19,3.1784711059609414,11.9375
South Africa,1902,T+2,2.3717082451262845,10.875
South Africa,1920,T+20,3.2175578582876443,11.8125
South Africa,1921,T+21,2.833946012188658,9.9375
South Africa,1922,T+22,2.0,7.5
South Africa,1923,T+23,2.266802341877839,10.8125
South Africa,1924,T+24,3.184084304339767,13.8125
South Africa,1925,T+25,4.181165251116351,15.125
South Africa,1926,T+26,4.181165251116351,15.125
South Africa,1927,T+27,4.181165251116351,15.125
South Africa,1928,T+28,4.181165251116351,15.125
South Africa,1929,T+29,4.181165251116351,15.125
South Africa,1903,T+3,4.488079449258573,12.25
South Africa,1930,T+30,3.1103226750382578,9.5625
South Africa,1931,T+31,2.988071523335984,6.75
South Africa,1932,T+32,2.988071523335984,6.75
South Africa,1933,T+33,2.7702178872531205,11.4375
South Africa,1934,T+34,4.628618275777032,17.3125
South Africa,1935,T+35,4.628618275777032,17.3125
South Africa,1936,T+36,4.628618275777032,17.3125
South Africa,1937,T+37,4.628618275777032,17.3125
South Africa,1938,T+38,4.628618275777032,17.3125
South Africa,1939,T+39,4.0083617957607425,14.1875
South Africa,1904,T+4,4.464142854857069,12.5
South Africa,1940,T+40,4.12256421590807,14.6875
South Africa,1941,T+41,4.627171304989073,15.625
South Africa,1942,T+42,4.326001122779063,16.0
South Africa,1943,T+43,4.326001122779063,16.0
South Africa,1944,T+44,4.326001122779063,16.0
South Africa,1945,T+45,4.56256115418898,15.5625
South Africa,1946,T+46,4.079018614463883,10.8125
South Africa,1947,T+47,4.079018614463883,10.8125
South Africa,1948,T+48,5.017380506086531,11.0625
South Africa,1949,T+49,4.6975487528831765,11.6875
South Africa,1905,T+5,4.845837683738783,12.125
South Africa,1950,T+50,5.010257335848986,12.5625
South Africa,1951,T+51,5.010257335848986,12.5625
South Africa,1952,T+52,5.010257335848986,12.5625
South Africa,1953,T+53,5.010257335848986,12.5625
South Africa,1954,T+54,5.010257335848986,12.5625
South Africa,1955,T+55,4.869273193051651,11.8125
South Africa,1956,T+56,4.703721930556695,11.875
South Africa,1957,T+57,4.703721930556695,11.875
South Africa,1958,T+58,4.703721930556695,11.875
South Africa,1959,T+59,4.703721930556695,11.875
South Africa,1906,T+6,5.076204994172039,12.875
South Africa,1960,T+60,5.25042515285327,7.8125
South Africa,1961,T+61,6.391959234627741,12.0
South Africa,1962,T+62,6.610327417868843,13.625
South Africa,1963,T+63,6.610327417868843,13.625
South Africa,1964,T+64,6.923046397979103,14.75
South Africa,1965,T+65,6.988510979764267,15.125
South Africa,1966,T+66,7.250307875236353,16.3125
South Africa,1967,T+67,7.250307875236353,16.3125
South Africa,1968,T+68,7.250307875236353,16.3125
South Africa,1969,T+69,7.250307875236353,16.3125
South Africa,1907,T+7,4.382901028835972,15.1875
South Africa,1970,T+70,7.250307875236353,16.3125
South Africa,1971,T+71,4.746709386511881,13.5625
South Africa,1972,T+72,4.746709386511881,13.5625
South Africa,1973,T+73,3.988823671925633,11.125
South Africa,1974,T+74,3.652298689084138,10.625
South Africa,1975,T+75,3.7553533217832604,10.5625
South Africa,1976,T+76,3.8724069665113596,6.8125
South Africa,1977,T+77,4.079018614463883,10.8125
South Africa,1978,T+78,4.079018614463883,10.8125
South Africa,1979,T+79,4.079018614463883,10.8125
South Africa,1908,T+8,4.1726148019814016,15.875
South Africa,1980,T+80,4.079018614463883,10.8125
South Africa,1981,T+81,4.079018614463883,10.8125
South Africa,1982,T+82,4.079018614463883,10.8125
South Africa,1983,T+83,4.079018614463883,10.8125
South Africa,1984,T+84,2.9760952365713798,8.0
South Africa,1985,T+85,3.512731944553372,5.875
South Africa,1986,T+86,3.512731944553372,5.875
South Africa,1987,T+87,3.512731944553372,5.875
South Africa,1988,T+88,3.161571715822008,8.3125
South Africa,1989,T+89,1.7268882005337975,9.625
South Africa,1909,T+9,4.539017357471612,17.5625
South Africa,1990,T+90,3.654742515847438,9.0
South Africa,1991,T+91,4.275657844121768,6.1875
South Africa,1992,T+92,5.2423413525964575,6.875
South Africa,1993,T+93,4.307385683749649,11.375
South Africa,1994,T+94,2.2270656543019625,17.5625
South Africa,1995,T+95,2.0604697799981717,17.4375
South Africa,1996,T+96,2.0604697799981717,17.4375
South Africa,1997,T+97,2.0604697799981717,17.4375
South Africa,1998,T+98,2.0604697799981717,17.4375
South Africa,1999,T+99,1.8504343119541267,13.8125
Sweden,1900,T+0,2.97534511803733,14.6875
Sweden,1901,T+1,2.9640705601780617,15.0
Sweden,1910,T+10,2.178425053630653,16.0625
Sweden,2000,T+100,2.8284271247461903,18.0
Sweden,2001,T+101,2.672612419124244,16.5
Sweden,2002,T+102,2.850438562747844,17.125
Sweden,2003,T+103,2.5877458475338284,17.875
Sweden,2004,T+104,3.4641016151377544,19.0
Sweden,2005,T+105,3.833592123769634,19.875
Sweden,2006,T+106,3.9910614413425693,20.25
Sweden,2007,T+107,3.720119045714225,18.125
Sweden,2008,T+108,4.172614801981401,16.625
Sweden,2009,T+109,4.503966505838413,18.0
Sweden,1911,T+11,2.178425053630653,16.0625
Sweden,2010,T+110,4.983902658989812,17.625
Sweden,2011,T+111,5.18238775634773,17.5
Sweden,2012,T+112,5.330170192940773,17.125
Sweden,2013,T+113,5.444525428617002,16.75
Sweden,2014,T+114,5.311712126450916,13.75
Sweden,2015,T+115,4.68851179556401,16.375
Sweden,2016,T+116,4.367084676466507,17.25
Sweden,2017,T+117,5.926634795564849,16.375
Sweden,2018,T+118,4.898979485566357,17.0
Sweden,2019,T+119,2.7774602993176543,15.5
Sweden,1912,T+12,2.3518609652783478,16.5625
Sweden,2020,T+120,2.799872446074234,16.875
Sweden,2021,T+121,4.48608961123159,16.125
Sweden,2022,T+122,3.681517544243329,17.875
Sweden,2023,T+123,3.0237157840738176,18.5
Sweden,2024,T+124,2.7483761439387133,19.125
Sweden,1913,T+13,2.3518609652783478,16.5625
Sweden,1914,T+14,2.9391142980739717,14.3125
Sweden,1915,T+15,3.858548024470197,14.0625
Sweden,1916,T+16,5.076204994172038,13.375
Sweden,1917,T+17,6.170204905141204,9.5
Sweden,1918,T+18,4.358386824765066,10.3125
Sweden,1919,T+19,2.9368350311176825,13.625
Sweden,1902,T+2,3.6936238496708276,14.5
Sweden,1920,T+20,2.117107190754133,15.375
Sweden,1921,T+21,1.8126539343499313,17.25
Sweden,1922,T+22,2.5773740789526736,16.0
Sweden,1923,T+23,2.5773740789526736,16.0
Sweden,1924,T+24,2.6288237456539925,16.125
Sweden,1925,T+25,2.76457178290909,16.0
Sweden,1926,T+26,3.3481071411428025,16.3125
Sweden,1927,T+27,3.3481071411428025,16.3125
Sweden,1928,T+28,2.852786857993926,16.8125
Sweden,1929,T+29,2.757295517609342,17.0625
Sweden,1903,T+3,3.1847852585154217,15.25
Sweden,1930,T+30,2.92083036138698,16.5625
Sweden,1931,T+31,3.853917302100367,14.1875
Sweden,1932,T+32,5.618845839799182,12.0
Sweden,1933,T+33,3.474396144861517,15.0
Sweden,1934,T+34,2.2360679774997894,16.75
Sweden,1935,T+35,1.827371257923719,17.125
Sweden,1936,T+36,1.9272482233188628,17.75
Sweden,1937,T+37,1.916796061884817,18.5625
Sweden,1938,T+38,0.9258200997725521,19.25
Sweden,1939,T+39,2.8777161083053344,17.8125
Sweden,1904,T+4,3.420004177106889,15.625
Sweden,1940,T+40,5.499594140869462,15.5625
Sweden,1941,T+41,4.847219379632587,15.6875
Sweden,1942,T+42,4.105201404490232,16.8125
Sweden,1943,T+43,3.881618771300742,18.6875
Sweden,1944,T+44,1.7878558586834035,17.375
Sweden,1945,T+45,1.0264362759428507,18.875
Sweden,1946,T+46,1.6889874396894051,18.8125
Sweden,1947,T+47,1.2535663410560174,19.75
Sweden,1948,T+48,1.4623244705409455,20.6875
Sweden,1949,T+49,1.529472364668847,21.625
Sweden,1905,T+5,4.131758532565592,14.75
Sweden,1950,T+50,1.529472364668847,21.625
Sweden,1951,T+51,1.3076014027873437,21.8125
Sweden,1952,T+52,1.3076014027873437,21.8125
Sweden,1953,T+53,1.3076014027873437,21.8125
Sweden,1954,T+54,1.3076014027873437,21.8125
Sweden,1955,T+55,1.4376940862764531,21.6875
Sweden,1956,T+56,1.7204131563585032,21.4375
Sweden,1957,T+57,1.4126343172547222,21.8125
Sweden,1958,T+58,1.2659694196261504,21.9375
Sweden,1959,T+59,1.19335960332883,22.1875
Sweden,1906,T+6,2.520452056958944,16.3125
Sweden,1960,T+60,1.19335960332883,22.1875
Sweden,1961,T+61,1.187734939165421,22.375
Sweden,1962,T+62,1.187734939165421,22.375
Sweden,1963,T+63,1.187734939165421,22.375
Sweden,1964,T+64,1.187734939165421,22.375
Sweden,1965,T+65,1.3024701806293189,21.375
Sweden,1966,T+66,1.9272482233188628,20.5
Sweden,1967,T+67,2.6152028055746865,19.625
Sweden,1968,T+68,2.6152028055746865,19.625
Sweden,1969,T+69,3.2923070504261465,17.625
Sweden,1907,T+7,2.5626088827041644,16.8125
Sweden,1970,T+70,3.1622776601683795,17.5
Sweden,1971,T+71,2.6186146828319083,18.0
Sweden,1972,T+72,4.4077853201547175,15.0
Sweden,1973,T+73,3.5456210417116734,15.5
Sweden,1974,T+74,4.035556254807296,14.5
Sweden,1975,T+75,4.257346591481601,13.875
Sweden,1976,T+76,5.540435774506241,12.125
Sweden,1977,T+77,4.657942525560891,13.375
Sweden,1978,T+78,5.606119105813881,12.0
Sweden,1979,T+79,4.590362575159894,13.25
Sweden,1908,T+8,3.3051637089344212,16.3125
Sweden,1980,T+80,3.770183777256185,12.75
Sweden,1981,T+81,2.3145502494313788,15.25
Sweden,1982,T+82,1.9594095320493143,16.125
Sweden,1983,T+83,1.642080561796093,17.125
Sweden,1984,T+84,1.642080561796093,17.875
Sweden,1985,T+85,5.007137762377681,15.25
Sweden,1986,T+86,3.116774889895918,16.5
Sweden,1987,T+87,2.0658792662827956,17.375
Sweden,1988,T+88,2.133909892327094,17.375
Sweden,1989,T+89,4.405759217854998,12.375
Sweden,1909,T+9,5.873290024703847,10.3125
Sweden,1990,T+90,6.273527146441853,9.75
Sweden,1991,T+91,7.327784697398564,8.375
Sweden,1992,T+92,5.2355242608275905,11.625
Sweden,1993,T+93,3.058944729337694,15.25
Sweden,1994,T+94,2.3299294900428698,17.5
Sweden,1995,T+95,2.1380899352993947,18.5
Sweden,1996,T+96,2.615202805574687,19.375
Sweden,1997,T+97,3.0705978943149534,20.0
Sweden,1998,T+98,3.0705978943149534,20.0
Sweden,1999,T+99,2.7222627143085,19.375
Syria,1900,T+0,2.8030595529069404,5.75
Syria,1901,T+1,2.8030595529069404,5.75
Syria,1910,T+10,2.470360008466088,3.5625
Syria,2000,T+100,1.0999188281738923,-2.6875
Syria,2001,T+101,1.0999188281738923,-2.6875
Syria,2002,T+102,1.6132819255878905,-4.9375
Syria,2003,T+103,1.6132819255878905,-4.9375
Syria,2004,T+104,1.6132819255878905,-4.9375
Syria,2005,T+105,1.6132819255878905,-4.9375
Syria,2006,T+106,1.6132819255878905,-4.9375
Syria,2007,T+107,1.6132819255878905,-4.9375
Syria,2008,T+108,1.6132819255878905,-4.9375
Syria,2009,T+109,1.6132819255878905,-4.9375
Syria,1911,T+11,2.470360008466088,3.5625
Syria,2010,T+110,1.6132819255878905,-4.9375
Syria,2011,T+111,1.6132819255878905,-4.9375
Syria,1912,T+12,2.470360008466088,3.5625
Syria,1913,T+13,2.470360008466088,3.5625
Syria,1914,T+14,2.470360008466088,3.5625
Syria,1915,T+15,2.7091116097875543,0.875
Syria,1916,T+16,2.0,3.75
Syria,1917,T+17,1.6475089420958282,4.75
Syria,1918,T+18,1.6475089420958282,4.75
Syria,1919,T+19,1.6475089420958282,4.75
Syria,1902,T+2,2.8030595529069404,5.75
Syria,1920,T+20,1.6475089420958282,4.75
Syria,1921,T+21,1.6475089420958282,4.75
Syria,1922,T+22,1.6475089420958282,4.75
Syria,1923,T+23,1.6475089420958282,4.75
Syria,1924,T+24,1.6475089420958282,4.75
Syria,1925,T+25,1.4330287605527772,5.625
Syria,1926,T+26,1.4330287605527772,5.625
Syria,1927,T+27,1.4330287605527772,5.625
Syria,1928,T+28,1.6475089420958282,4.75
Syria,1929,T+29,1.6475089420958282,4.75
Syria,1903,T+3,2.8030595529069404,5.75
Syria,1930,T+30,1.6475089420958282,4.75
Syria,1931,T+31,1.4330287605527772,5.625
Syria,1932,T+32,1.4330287605527772,5.625
Syria,1933,T+33,1.66904592079256,4.5
Syria,1934,T+34,2.0830952244882406,3.375
Syria,1935,T+35,2.32992949004287,1.75
Syria,1936,T+36,2.052872551885702,1.5
Syria,1937,T+37,2.939873661036668,0.0
Syria,1938,T+38,2.248014997408031,1.625
Syria,1939,T+39,2.2360679774997894,1.75
Syria,1904,T+4,2.8030595529069404,5.75
Syria,1940,T+40,2.2360679774997894,1.75
Syria,1941,T+41,2.2360679774997894,1.75
Syria,1942,T+42,2.2360679774997894,2.75
Syria,1943,T+43,2.2360679774997894,2.75
Syria,1944,T+44,2.5213375135318272,2.0
Syria,1945,T+45,2.5773740789526736,1.5
Syria,1946,T+46,2.2795676281761352,-1.125
Syria,1947,T+47,2.2795676281761352,-1.125
Syria,1948,T+48,2.2795676281761352,-1.125
Syria,1949,T+49,1.6690459207925603,1.0
Syria,1905,T+5,2.8030595529069404,5.75
Syria,1950,T+50,1.620185174601965,1.125
Syria,1951,T+51,2.3717082451262845,-0.375
Syria,1952,T+52,2.3717082451262845,-0.375
Syria,1953,T+53,2.3717082451262845,-0.375
Syria,1954,T+54,2.3717082451262845,-0.375
Syria,1955,T+55,1.9775525999867323,-1.375
Syria,1956,T+56,2.3717082451262845,-0.375
Syria,1957,T+57,2.3717082451262845,-0.375
Syria,1958,T+58,2.3717082451262845,-0.375
Syria,1959,T+59,3.148128695862716,0.375
Syria,1906,T+6,2.8030595529069404,5.75
Syria,1960,T+60,3.148128695862716,0.375
Syria,1961,T+61,2.9999999999999996,0.25
Syria,1962,T+62,3.148128695862716,0.375
Syria,1963,T+63,2.9999999999999996,0.25
Syria,1964,T+64,2.83788150361699,0.125
Syria,1965,T+65,2.83788150361699,0.125
Syria,1966,T+66,1.927248223318863,-0.75
Syria,1967,T+67,2.0133483127793435,-0.875
Syria,1968,T+68,2.0133483127793435,-0.875
Syria,1969,T+69,2.1712405933672376,-1.75
Syria,1907,T+7,2.8030595529069404,5.75
Syria,1970,T+70,2.0133483127793435,0.125
Syria,1971,T+71,1.9820624179302297,1.0
Syria,1972,T+72,1.6636878141217308,1.875
Syria,1973,T+73,1.6636878141217308,2.875
Syria,1974,T+74,1.6636878141217308,2.875
Syria,1975,T+75,1.6035674514745464,2.75
Syria,1976,T+76,1.6035674514745464,2.75
Syria,1977,T+77,1.6035674514745464,2.75
Syria,1978,T+78,1.6035674514745464,2.75
Syria,1979,T+79,1.6035674514745464,2.75
Syria,1908,T+8,2.6958963523950885,5.875
Syria,1980,T+80,1.6035674514745464,2.75
Syria,1981,T+81,1.6035674514745464,2.75
Syria,1982,T+82,1.6035674514745464,2.75
Syria,1983,T+83,1.6636878141217308,2.875
Syria,1984,T+84,1.6035674514745464,2.75
Syria,1985,T+85,1.6035674514745464,2.75
Syria,1986,T+86,1.6035674514745464,2.75
Syria,1987,T+87,1.9039432764659772,1.625
Syria,1988,T+88,1.9039432764659772,1.625
Syria,1989,T+89,1.9039432764659772,1.625
Syria,1909,T+9,2.6958963523950885,5.875
Syria,1990,T+90,1.9039432764659772,0.625
Syria,1991,T+91,1.9039432764659772,0.625
Syria,1992,T+92,1.9039432764659772,0.625
Syria,1993,T+93,1.9039432764659772,0.625
Syria,1994,T+94,1.9039432764659772,0.625
Syria,1995,T+95,1.9039432764659772,0.625
Syria,1996,T+96,2.1044171232366047,1.25
Syria,1997,T+97,2.1044171232366047,1.25
Syria,1998,T+98,1.1160357137142674,-1.5625
Syria,1999,T+99,1.099918828173892,-5.6875
Thailand,1900,T+0,2.034304022790806,11.8125
Thailand,1901,T+1,2.034304022790806,11.8125
Thailand,1910,T+10,2.034304022790806,11.8125
Thailand,2000,T+100,0.17677669529663675,12.9375
Thailand,2001,T+101,0.17677669529663675,12.9375
Thailand,2002,T+102,0.17677669529663675,12.9375
Thailand,2003,T+103,0.17677669529663675,12.9375
Thailand,2004,T+104,0.17677669529663675,12.9375
Thailand,2005,T+105,0.17677669529663675,12.9375
Thailand,2006,T+106,0.17677669529663675,12.9375
Thailand,2007,T+107,0.17677669529663675,12.9375
Thailand,2008,T+108,0.17677669529663675,12.9375
Thailand,2009,T+109,0.17677669529663675,12.9375
Thailand,1911,T+11,2.034304022790806,11.8125
Thailand,2010,T+110,0.17677669529663675,12.9375
Thailand,2011,T+111,0.17677669529663675,12.9375
Thailand,2012,T+112,0.17677669529663675,12.9375
Thailand,2013,T+113,0.17677669529663675,12.9375
Thailand,2014,T+114,0.17677669529663675,12.9375
Thailand,2015,T+115,0.17677669529663675,12.9375
Thailand,2016,T+116,0.17677669529663675,12.9375
Thailand,2017,T+117,0.17677669529663675,12.9375
Thailand,2018,T+118,0.17677669529663675,12.9375
Thailand,2019,T+119,0.17677669529663675,12.9375
Thailand,1912,T+12,2.034304022790806,11.8125
Thailand,2020,T+120,0.17677669529663675,12.9375
Thailand,2021,T+121,0.17677669529663675,12.9375
Thailand,2022,T+122,0.17677669529663675,12.9375
Thailand,2023,T+123,0.17677669529663675,12.9375
Thailand,1913,T+13,2.034304022790806,11.8125
Thailand,1914,T+14,2.034304022790806,11.8125
Thailand,1915,T+15,2.034304022790806,11.8125
Thailand,1916,T+16,2.034304022790806,11.8125
Thailand,1917,T+17,2.034304022790806,11.8125
Thailand,1918,T+18,2.034304022790806,11.8125
Thailand,1919,T+19,2.034304022790806,11.8125
Thailand,1902,T+2,2.034304022790806,11.8125
Thailand,1920,T+20,2.034304022790806,11.8125
Thailand,1921,T+21,2.034304022790806,11.8125
Thailand,1922,T+22,2.034304022790806,11.8125
Thailand,1923,T+23,2.034304022790806,11.8125
Thailand,1924,T+24,2.034304022790806,11.8125
Thailand,1925,T+25,2.034304022790806,11.8125
Thailand,1926,T+26,2.034304022790806,11.8125
Thailand,1927,T+27,2.034304022790806,11.8125
Thailand,1928,T+28,2.034304022790806,11.8125
Thailand,1929,T+29,2.034304022790806,11.8125
Thailand,1903,T+3,2.034304022790806,11.8125
Thailand,1930,T+30,1.8407587721216643,11.5625
Thailand,1931,T+31,1.8407587721216643,11.5625
Thailand,1932,T+32,1.099918828173892,9.3125
Thailand,1933,T+33,0.17677669529663675,8.9375
Thailand,1934,T+34,0.17677669529663675,8.9375
Thailand,1935,T+35,0.17677669529663675,8.9375
Thailand,1936,T+36,0.17677669529663675,8.9375
Thailand,1937,T+37,0.17677669529663675,8.9375
Thailand,1938,T+38,0.17677669529663675,8.9375
Thailand,1939,T+39,0.17677669529663675,8.9375
Thailand,1904,T+4,2.034304022790806,11.8125
Thailand,1940,T+40,0.17677669529663675,8.9375
Thailand,1941,T+41,0.0,5.5
Thailand,1942,T+42,0.0,2.0
Thailand,1943,T+43,0.0,2.0
Thailand,1944,T+44,0.0,2.0
Thailand,1945,T+45,0.0,5.5
Thailand,1946,T+46,0.0,8.5
Thailand,1947,T+47,0.0,8.5
Thailand,1948,T+48,0.0,8.5
Thailand,1949,T+49,0.0,8.5
Thailand,1905,T+5,2.034304022790806,11.8125
Thailand,1950,T+50,0.0,8.5
Thailand,1951,T+51,0.17677669529663675,11.9375
Thailand,1952,T+52,0.17677669529663675,11.9375
Thailand,1953,T+53,0.17677669529663675,11.9375
Thailand,1954,T+54,0.17677669529663675,11.9375
Thailand,1955,T+55,0.17677669529663675,11.9375
Thailand,1956,T+56,0.17677669529663675,11.9375
Thailand,1957,T+57,0.17677669529663675,11.9375
Thailand,1958,T+58,0.17677669529663675,11.9375
Thailand,1959,T+59,0.17677669529663675,11.9375
Thailand,1906,T+6,2.034304022790806,11.8125
Thailand,1960,T+60,0.17677669529663675,11.9375
Thailand,1961,T+61,0.17677669529663675,11.9375
Thailand,1962,T+62,0.17677669529663675,11.9375
Thailand,1963,T+63,0.17677669529663675,11.9375
Thailand,1964,T+64,0.17677669529663675,11.9375
Thailand,1965,T+65,0.17677669529663675,11.9375
Thailand,1966,T+66,0.17677669529663675,11.9375
Thailand,1967,T+67,0.17677669529663675,11.9375
Thailand,1968,T+68,0.17677669529663675,11.9375
Thailand,1969,T+69,0.17677669529663675,11.9375
Thailand,1907,T+7,2.034304022790806,11.8125
Thailand,1970,T+70,0.17677669529663675,11.9375
Thailand,1971,T+71,0.17677669529663675,11.9375
Thailand,1972,T+72,1.6132819255878905,13.0625
Thailand,1973,T+73,1.6132819255878905,13.0625
Thailand,1974,T+74,1.6132819255878905,13.0625
Thailand,1975,T+75,1.6132819255878905,13.0625
Thailand,1976,T+76,1.6132819255878905,13.0625
Thailand,1977,T+77,1.6132819255878905,13.0625
Thailand,1978,T+78,1.6132819255878905,13.0625
Thailand,1979,T+79,0.17677669529663675,11.9375
Thailand,1908,T+8,2.034304022790806,11.8125
Thailand,1980,T+80,0.17677669529663675,11.9375
Thailand,1981,T+81,0.17677669529663675,11.9375
Thailand,1982,T+82,0.17677669529663675,11.9375
Thailand,1983,T+83,0.17677669529663675,11.9375
Thailand,1984,T+84,0.17677669529663675,8.9375
Thailand,1985,T+85,0.17677669529663675,8.9375
Thailand,1986,T+86,0.17677669529663675,8.9375
Thailand,1987,T+87,0.17677669529663675,8.9375
Thailand,1988,T+88,0.17677669529663675,9.9375
Thailand,1989,T+89,0.17677669529663675,9.9375
Thailand,1909,T+9,2.034304022790806,11.8125
Thailand,1990,T+90,0.17677669529663675,9.9375
Thailand,1991,T+91,0.17677669529663675,9.9375
Thailand,1992,T+92,0.17677669529663675,9.9375
Thailand,1993,T+93,0.17677669529663675,9.9375
Thailand,1994,T+94,0.17677669529663675,9.9375
Thailand,1995,T+95,0.17677669529663675,9.9375
Thailand,1996,T+96,0.17677669529663675,9.9375
Thailand,1997,T+97,0.17677669529663675,9.9375
Thailand,1998,T+98,0.17677669529663675,12.9375
Thailand,1999,T+99,0.17677669529663675,12.9375
Türkiye,1900,T+0,3.5870550993418386,3.3125
Türkiye,1901,T+1,3.5293665963496297,3.275
Türkiye,1910,T+10,3.5189284083165355,9.05
Türkiye,1911,T+11,3.6037430937449306,8.1875
Türkiye,1912,T+12,3.17478908185815,6.375
Türkiye,1913,T+13,3.1768976331365435,9.1125
Türkiye,1914,T+14,2.269321799254444,7.487500000000001
Türkiye,1915,T+15,2.70049598619005,5.112500000000001
Türkiye,1916,T+16,3.226674537574029,5.25
Türkiye,1917,T+17,2.435122466852834,8.2125
Türkiye,1918,T+18,2.47775820335353,6.7250000000000005
Türkiye,1919,T+19,2.1767849818351044,6.7875000000000005
Türkiye,1902,T+2,3.815546206920165,3.9125
Türkiye,1920,T+20,2.5177938188592237,5.675000000000001
Türkiye,1921,T+21,2.717535648340238,10.125
Türkiye,1922,T+22,2.3835372873106055,10.4875
Türkiye,1923,T+23,2.5522748956288277,8.262500000000001
Türkiye,1924,T+24,3.552866046286736,6.65
Türkiye,1903,T+3,4.21790401570665,1.225
Türkiye,1904,T+4,3.8141653271531304,0.5250000000000002
Türkiye,1905,T+5,4.068673880130619,6.737500000000001
Türkiye,1906,T+6,4.6804876119603485,6.987500000000001
Türkiye,1907,T+7,4.263780180611031,9.8375
Türkiye,1908,T+8,4.603705805419928,7.7625
Türkiye,1909,T+9,3.826878623630491,8.825000000000001
UAE,1970,T+0,3.364069601793977,8.5625
UAE,1971,T+1,3.87240696651136,8.3125
UAE,1980,T+10,1.821253492986159,16.5625
UAE,1981,T+11,1.9719008233536637,16.4375
UAE,1982,T+12,1.8516401995451028,16.5
UAE,1983,T+13,1.334634781503914,17.3125
UAE,1984,T+14,1.4623244705409457,17.1875
UAE,1985,T+15,1.8980723303996008,17.0625
UAE,1986,T+16,1.6783814482155965,19.9375
UAE,1987,T+17,1.3211872366495658,20.4375
UAE,1988,T+18,1.3211872366495658,20.4375
UAE,1989,T+19,1.2229209763045665,21.6875
UAE,1972,T+2,3.615443067098218,9.75
UAE,1990,T+20,1.2229209763045665,21.6875
UAE,1991,T+21,1.321187236649565,21.0625
UAE,1992,T+22,1.0999188281738923,20.6875
UAE,1993,T+23,1.2082307017169482,21.0625
UAE,1994,T+24,1.1160357137142674,20.5625
UAE,1995,T+25,1.474485382381644,20.0625
UAE,1996,T+26,1.2229209763045665,20.3125
UAE,1997,T+27,1.3479481761975443,20.5625
UAE,1998,T+28,1.3076014027873437,20.8125
UAE,1999,T+29,1.3741880719693567,20.0625
UAE,1973,T+3,3.278038394266564,11.5625
UAE,2000,T+30,1.6352697462061547,19.5625
UAE,2001,T+31,2.2903134532822613,18.5625
UAE,2002,T+32,3.5950114245795017,16.3125
UAE,2003,T+33,2.274666380561585,17.9375
UAE,2004,T+34,1.2659694196261504,19.9375
UAE,2005,T+35,1.0835622468770048,19.9375
UAE,2006,T+36,0.9161253813129044,20.375
UAE,2007,T+37,1.19335960332883,20.8125
UAE,2008,T+38,0.8210402808980464,20.4375
UAE,2009,T+39,1.2374368670764582,19.4375
UAE,1974,T+4,3.7267134122632584,13.4375
UAE,2010,T+40,1.2374368670764582,19.4375
UAE,2011,T+41,0.7989949043284678,20.3125
UAE,2012,T+42,0.7989949043284678,20.6875
UAE,2013,T+43,1.3741880719693564,20.0625
UAE,2014,T+44,2.1536928418748245,19.3125
UAE,2015,T+45,1.0690449676496976,20.5
UAE,2016,T+46,0.5175491695067659,21.625
UAE,2017,T+47,0.5175491695067659,21.625
UAE,2018,T+48,0.744023809142845,21.375
UAE,2019,T+49,0.744023809142845,21.375
UAE,1975,T+5,3.046514401738485,15.3125
UAE,1976,T+6,3.028878859059428,15.5625
UAE,1977,T+7,2.7386127875258306,16.75
UAE,1978,T+8,2.336626078038895,16.5625
UAE,1979,T+9,1.81142209327368,16.3125
USA,1900,T+0,2.082580816473362,11.4
USA,1901,T+1,2.082580816473362,11.4
USA,1910,T+10,2.1137306221127483,11.725
USA,2000,T+100,1.425031327976436,15.175
USA,2001,T+101,1.4485830515171916,12.4125
USA,2002,T+102,1.4485830515171916,12.4125
USA,2003,T+103,1.1987344517090865,12.3375
USA,2004,T+104,1.1987344517090865,12.3375
USA,2005,T+105,1.1987344517090865,12.3375
USA,2006,T+106,1.1987344517090865,12.3375
USA,2007,T+107,1.3969354213522436,11.2
USA,2008,T+108,3.8955789960268694,6.487500000000001
USA,2009,T+109,2.492703638335578,7.875
USA,1911,T+11,2.1137306221127483,11.725
USA,2010,T+110,1.7923946472327381,9.3875
USA,2011,T+111,1.7923946472327381,9.3875
USA,2012,T+112,1.5836215276565115,11.575
USA,2013,T+113,1.5836215276565115,11.575
USA,2014,T+114,1.5836215276565115,11.575
USA,2015,T+115,1.5836215276565115,11.575
USA,2016,T+116,2.4259018941416404,10.725
USA,2017,T+117,2.778360256389677,10.375
USA,2018,T+118,2.778360256389677,10.375
USA,2019,T+119,2.778360256389677,10.375
USA,1912,T+12,2.1137306221127483,11.725
USA,2020,T+120,3.3273756282434617,5.55
USA,2021,T+121,2.3603495503844343,7.262499999999999
USA,2022,T+122,2.3603495503844343,7.262499999999999
USA,2023,T+123,2.3603495503844343,7.262499999999999
USA,2024,T+124,2.8579463156009672,6.825
USA,2025,T+125,3.3422618517576215,4.725
USA,1913,T+13,2.1137306221127483,11.725
USA,1914,T+14,2.1137306221127483,11.725
USA,1915,T+15,2.1137306221127483,11.725
USA,1916,T+16,2.1137306221127483,11.725
USA,1917,T+17,1.580630525183813,12.1125
USA,1918,T+18,1.2744046228953911,13.1125
USA,1919,T+19,1.6611097839353408,10.475
USA,1902,T+2,2.082580816473362,11.4
USA,1920,T+20,2.1530294271759765,11.3125
USA,1921,T+21,2.400595164299292,10.35
USA,1922,T+22,2.018087850275248,11.5875
USA,1923,T+23,2.018087850275248,11.5875
USA,1924,T+24,2.018087850275248,11.5875
USA,1925,T+25,2.9568322818274875,13.1
USA,1926,T+26,2.9568322818274875,13.1
USA,1927,T+27,2.9568322818274875,13.1
USA,1928,T+28,2.9568322818274875,13.1
USA,1929,T+29,2.1771130950346667,8.0625
USA,1903,T+3,2.082580816473362,11.4
USA,1930,T+30,2.7318230438403472,5.4
USA,1931,T+31,3.140063693621516,4.0
USA,1932,T+32,3.54095931311599,2.7125000000000004
USA,1933,T+33,2.7152676795168045,5.4875
USA,1934,T+34,2.4360389394025934,6.8
USA,1935,T+35,2.091778122623362,8.6125
USA,1936,T+36,2.091778122623362,8.6125
USA,1937,T+37,2.091778122623362,8.6125
USA,1938,T+38,2.091778122623362,8.6125
USA,1939,T+39,1.5656468311851173,10.4375
USA,1904,T+4,2.082580816473362,11.4
USA,1940,T+40,1.5049916943292418,12.175
USA,1941,T+41,1.3179394089692762,14.5375
USA,1942,T+42,1.3179394089692762,14.5375
USA,1943,T+43,1.5193396121811795,15.2625
USA,1944,T+44,1.5193396121811795,15.2625
USA,1945,T+45,1.3484779779969924,14.9125
USA,1946,T+46,1.166113814587336,13.8625
USA,1947,T+47,1.166113814587336,13.8625
USA,1948,T+48,1.166113814587336,13.8625
USA,1949,T+49,1.166113814587336,13.8625
USA,1905,T+5,2.082580816473362,11.4
USA,1950,T+50,1.105101805265017,14.4125
USA,1951,T+51,1.105101805265017,14.4125
USA,1952,T+52,1.105101805265017,14.4125
USA,1953,T+53,1.105101805265017,14.4125
USA,1954,T+54,1.009154525899209,14.3125
USA,1955,T+55,1.009154525899209,14.3125
USA,1956,T+56,1.009154525899209,14.3125
USA,1957,T+57,1.009154525899209,14.3125
USA,1958,T+58,1.009154525899209,14.3125
USA,1959,T+59,1.009154525899209,14.3125
USA,1906,T+6,2.082580816473362,11.4
USA,1960,T+60,1.009154525899209,14.3125
USA,1961,T+61,1.009154525899209,14.3125
USA,1962,T+62,1.1807231440338346,14.2625
USA,1963,T+63,1.385576208142817,13.7375
USA,1964,T+64,1.385576208142817,13.7375
USA,1965,T+65,1.385576208142817,13.7375
USA,1966,T+66,1.385576208142817,13.7375
USA,1967,T+67,2.234110561274888,11.9625
USA,1968,T+68,3.1667637829719557,9.3625
USA,1969,T+69,1.857754020315929,10.2375
USA,1907,T+7,1.939025896828464,9.5625
USA,1970,T+70,1.857754020315929,10.2375
USA,1971,T+71,1.857754020315929,10.2375
USA,1972,T+72,1.857754020315929,10.2375
USA,1973,T+73,2.392249389770461,8.3
USA,1974,T+74,3.002588169277584,7.0125
USA,1975,T+75,0.5700877125495694,9.274999999999999
USA,1976,T+76,0.5700877125495694,9.274999999999999
USA,1977,T+77,0.5700877125495694,9.274999999999999
USA,1978,T+78,0.5700877125495694,9.274999999999999
USA,1979,T+79,1.6860774427223508,7.55
USA,1908,T+8,1.844247814150798,11.2125
USA,1980,T+80,1.6860774427223508,7.55
USA,1981,T+81,2.1855041915833913,8.775
USA,1982,T+82,2.1855041915833913,8.775
USA,1983,T+83,1.6611097839353401,9.825
USA,1984,T+84,1.53524079079286,12.0375
USA,1985,T+85,1.53524079079286,12.0375
USA,1986,T+86,1.53524079079286,12.0375
USA,1987,T+87,1.53524079079286,12.0375
USA,1988,T+88,1.53524079079286,12.0375
USA,1989,T+89,1.5501152030920615,13.5
USA,1909,T+9,1.844247814150798,11.2125
USA,1990,T+90,1.5501152030920615,13.5
USA,1991,T+91,1.5501152030920615,13.5
USA,1992,T+92,1.3228081601545363,13.6875
USA,1993,T+93,1.3228081601545363,13.6875
USA,1994,T+94,1.3228081601545363,13.6875
USA,1995,T+95,1.3228081601545363,13.6875
USA,1996,T+96,1.3228081601545363,13.6875
USA,1997,T+97,1.425031327976436,15.175
USA,1998,T+98,1.425031327976436,15.175
USA,1999,T+99,1.425031327976436,15.175
Ukraine,1931,T+0,7.492853738253347,5.0
Ukraine,1932,T+1,8.400680244565232,3.0
Ukraine,1941,T+10,2.9873244120545634,-4.3125
Ukraine,1942,T+11,5.669073368474151,1.1875
Ukraine,1943,T+12,6.210230614535525,-1.8125
Ukraine,1944,T+13,6.927881040714088,1.6875
Ukraine,1945,T+14,6.912398281349246,5.6875
Ukraine,1946,T+15,7.968688725254614,3.75
Ukraine,1947,T+16,8.468428763016531,4.0
Ukraine,1948,T+17,6.55062701469976,9.375
Ukraine,1949,T+18,6.468329437674439,11.375
Ukraine,1950,T+19,6.249285673464723,12.625
Ukraine,1933,T+2,10.08335792991884,2.9375
Ukraine,1951,T+20,6.644009116704849,12.25
Ukraine,1952,T+21,6.408699444616557,11.0
Ukraine,1953,T+22,4.4960299948160625,10.75
Ukraine,1954,T+23,5.356904756613521,13.625
Ukraine,1955,T+24,5.249149590988185,13.375
Ukraine,1956,T+25,4.463642810850477,11.1875
Ukraine,1957,T+26,4.114434521118476,12.75
Ukraine,1958,T+27,4.35069780938316,13.25
Ukraine,1959,T+28,4.479616533333438,12.6875
Ukraine,1960,T+29,5.851968533261753,11.9375
Ukraine,1934,T+3,6.935609459263733,9.0625
Ukraine,1961,T+30,6.055915054131551,10.9375
Ukraine,1962,T+31,6.323143431644016,8.875
Ukraine,1963,T+32,6.181770435262516,8.75
Ukraine,1964,T+33,5.6343176795673955,11.5625
Ukraine,1965,T+34,5.9157024700609915,14.1875
Ukraine,1966,T+35,6.187184335382291,13.8125
Ukraine,1967,T+36,6.294839156007086,13.125
Ukraine,1968,T+37,6.615728013065316,11.875
Ukraine,1969,T+38,6.68153104781061,11.5
Ukraine,1970,T+39,6.0676984339792535,10.5625
Ukraine,1935,T+4,6.6654760841646885,11.25
Ukraine,1971,T+40,5.984727586591915,9.4375
Ukraine,1972,T+41,5.544865707506875,8.9375
Ukraine,1973,T+42,5.374792354793147,9.0625
Ukraine,1974,T+43,4.8250647664046955,9.6875
Ukraine,1975,T+44,6.362557886349078,5.125
Ukraine,1976,T+45,4.916717110314274,7.5625
Ukraine,1977,T+46,5.024493577892772,7.0625
Ukraine,1978,T+47,5.914570386523678,5.625
Ukraine,1979,T+48,6.648039453209387,3.875
Ukraine,1980,T+49,5.508110902504208,5.125
Ukraine,1936,T+5,6.306176110992869,10.625
Ukraine,1981,T+50,4.399167940807509,1.6875
Ukraine,1982,T+51,3.900549411850299,-0.75
Ukraine,1983,T+52,3.544991436620727,2.3125
Ukraine,1984,T+53,3.6541317123810098,4.6875
Ukraine,1985,T+54,3.8172540616821107,7.5
Ukraine,1986,T+55,3.833592123769634,7.875
Ukraine,1987,T+56,4.323936698360485,6.125
Ukraine,1988,T+57,4.68851179556401,8.625
Ukraine,1989,T+58,3.1024184114977142,9.625
Ukraine,1990,T+59,2.9147102281849073,10.8125
Ukraine,1937,T+6,5.1530157605591915,3.375
Ukraine,1991,T+60,3.206438834595165,10.1875
Ukraine,1992,T+61,4.052666670583351,9.8125
Ukraine,1993,T+62,5.154748157905347,8.5
Ukraine,1994,T+63,3.113908889391045,9.625
Ukraine,1995,T+64,3.6129726581544217,10.375
Ukraine,1996,T+65,4.7207747548166585,10.25
Ukraine,1997,T+66,4.342481186734475,5.5
Ukraine,1998,T+67,4.138236339311712,4.375
Ukraine,1999,T+68,3.2231029858108564,10.0625
Ukraine,2000,T+69,3.7505951908616164,11.8125
Ukraine,1938,T+7,5.391792704790177,5.75
Ukraine,2001,T+70,3.877015604817706,11.5625
Ukraine,2002,T+71,2.735350591266658,9.375
Ukraine,2003,T+72,7.338438428673268,5.1875
Ukraine,2004,T+73,3.946064947695181,8.0
Ukraine,2005,T+74,2.1835423382332535,9.375
Ukraine,2006,T+75,2.043063176423368,11.0625
Ukraine,2007,T+76,2.2834810518779687,11.25
Ukraine,2008,T+77,1.9820624179302295,12.75
Ukraine,2009,T+78,3.12821263435117,9.75
Ukraine,2010,T+79,2.997022331772464,11.625
Ukraine,1939,T+8,6.3189058727418494,6.75
Ukraine,2011,T+80,9.361776388210581,12.75
Ukraine,2012,T+81,7.26906360642729,12.875
Ukraine,2013,T+82,6.397195255958438,11.1875
Ukraine,2014,T+83,6.140832307478477,10.3125
Ukraine,1940,T+9,7.024192887035899,9.125
United Kingdom,1900,T+0,3.1653255305395858,14.575
United Kingdom,1901,T+1,3.2789371100142453,14.7
United Kingdom,1910,T+10,3.8577380493163163,13.875
United Kingdom,2000,T+100,1.8984486147528836,14.1125
United Kingdom,2001,T+101,2.145926373387493,13.275
United Kingdom,2002,T+102,1.9770107305149935,13.9
United Kingdom,2003,T+103,2.115546197625028,12.5875
United Kingdom,2004,T+104,2.0010265222772894,12.7125
United Kingdom,2005,T+105,2.0010265222772894,12.7125
United Kingdom,2006,T+106,1.917168671318649,13.2125
United Kingdom,2007,T+107,1.829471039867613,13.7125
United Kingdom,2008,T+108,3.062416179610939,9.8125
United Kingdom,2009,T+109,3.897526688261966,9.025
United Kingdom,1911,T+11,4.154171741411621,13.75
United Kingdom,2010,T+110,2.6762180137542715,10.775
United Kingdom,2011,T+111,3.099769576689762,10.4
United Kingdom,2012,T+112,2.812218239854693,11.15
United Kingdom,2013,T+113,2.7343058664729836,11.525
United Kingdom,2014,T+114,2.4773257470794707,12.15
United Kingdom,2015,T+115,2.4071322594086335,12.15
United Kingdom,2016,T+116,2.592847304192274,10.9
United Kingdom,2017,T+117,3.106674841599708,10.15
United Kingdom,2018,T+118,3.630328595910529,9.875
United Kingdom,2019,T+119,3.458323293158117,9.35
United Kingdom,1912,T+12,4.154171741411621,13.75
United Kingdom,2020,T+120,3.4646943794304774,7.2125
United Kingdom,2021,T+121,2.856946421818732,9.275
United Kingdom,2022,T+122,3.3961112214666094,8.775
United Kingdom,2023,T+123,3.1878116094184197,9.025
United Kingdom,2024,T+124,2.5539884774323363,9.9
United Kingdom,2025,T+125,2.196100440065787,10.65
United Kingdom,1913,T+13,3.400315111448181,14.825
United Kingdom,1914,T+14,2.577235506728645,12.725
United Kingdom,1915,T+15,2.1743636179022916,11.725
United Kingdom,1916,T+16,2.532326711036428,11.5125
United Kingdom,1917,T+17,2.8344500600393623,10.1625
United Kingdom,1918,T+18,2.2002840725688126,11.9125
United Kingdom,1919,T+19,3.1744234572145986,11.9375
United Kingdom,1902,T+2,3.3238316959282312,14.825
United Kingdom,1920,T+20,3.1491495450586107,11.75
United Kingdom,1921,T+21,4.5610149246474885,10.6
United Kingdom,1922,T+22,3.8265053060387695,11.975
United Kingdom,1923,T+23,3.971685500424941,12.1
United Kingdom,1924,T+24,3.2867700167272345,12.6
United Kingdom,1925,T+25,3.31436268383531,12.975
United Kingdom,1926,T+26,4.7832856310878435,9.7625
United Kingdom,1927,T+27,3.499795912417098,12.7
United Kingdom,1928,T+28,3.304542328371661,12.95
United Kingdom,1929,T+29,3.277956680616753,12.825
United Kingdom,1903,T+3,3.405038283820861,14.95
United Kingdom,1930,T+30,4.479158084155676,10.95
United Kingdom,1931,T+31,4.887721496625133,8.5875
United Kingdom,1932,T+32,4.694354512146935,9.7625
United Kingdom,1933,T+33,4.790746288418957,10.6375
United Kingdom,1934,T+34,4.404685005763749,11.8875
United Kingdom,1935,T+35,4.016194894246472,12.0125
United Kingdom,1936,T+36,3.9435073221689345,11.6375
United Kingdom,1937,T+37,3.286525520971958,12.8875
United Kingdom,1938,T+38,2.944941183016831,12.3875
United Kingdom,1939,T+39,2.4118753817606033,12.35
United Kingdom,1904,T+4,3.405038283820861,14.95
United Kingdom,1940,T+40,1.7784423361068369,11.4
United Kingdom,1941,T+41,1.4743037097462075,11.525
United Kingdom,1942,T+42,1.4613472257768567,11.4875
United Kingdom,1943,T+43,1.4557766704703423,11.475
United Kingdom,1944,T+44,1.4471647156718945,12.35
United Kingdom,1945,T+45,2.0240959181111666,12.5375
United Kingdom,1946,T+46,1.857032963781588,13.05
United Kingdom,1947,T+47,1.7944358444926365,12.55
United Kingdom,1948,T+48,1.6690459207925605,12.75
United Kingdom,1949,T+49,1.7320508075688776,13.0
United Kingdom,1905,T+5,3.405038283820861,14.95
United Kingdom,1950,T+50,1.457737973711325,13.375
United Kingdom,1951,T+51,1.4638501094227996,13.5
United Kingdom,1952,T+52,1.6475089420958282,14.0
United Kingdom,1953,T+53,1.6475089420958282,14.0
United Kingdom,1954,T+54,1.6475089420958282,14.0
United Kingdom,1955,T+55,1.6475089420958282,14.0
United Kingdom,1956,T+56,1.807721533549109,13.375
United Kingdom,1957,T+57,1.6690459207925608,13.75
United Kingdom,1958,T+58,2.3566016694748027,13.125
United Kingdom,1959,T+59,1.642080561796093,13.875
United Kingdom,1906,T+6,3.399474749344164,14.925
United Kingdom,1960,T+60,1.642080561796093,13.875
United Kingdom,1961,T+61,1.642080561796093,13.875
United Kingdom,1962,T+62,1.642080561796093,13.875
United Kingdom,1963,T+63,1.8468119248354138,13.625
United Kingdom,1964,T+64,1.642080561796093,13.875
United Kingdom,1965,T+65,1.642080561796093,13.875
United Kingdom,1966,T+66,2.5062422069704278,12.6875
United Kingdom,1967,T+67,2.9633173977824248,12.1875
United Kingdom,1968,T+68,2.7115823003236637,12.1875
United Kingdom,1969,T+69,2.610931689208717,11.9375
United Kingdom,1907,T+7,3.399474749344164,14.925
United Kingdom,1970,T+70,2.902431246878579,11.6875
United Kingdom,1971,T+71,2.8901000971296082,11.1875
United Kingdom,1972,T+72,3.3481071411428025,9.6875
United Kingdom,1973,T+73,2.445841952609133,10.625
United Kingdom,1974,T+74,3.9905021166335874,8.6875
United Kingdom,1975,T+75,4.292331201440208,8.1875
United Kingdom,1976,T+76,4.292331201440208,8.1875
United Kingdom,1977,T+77,4.292331201440208,8.1875
United Kingdom,1978,T+78,4.195554620241354,8.0625
United Kingdom,1979,T+79,4.547134105283082,8.475
United Kingdom,1908,T+8,3.7504285469415737,14.7
United Kingdom,1980,T+80,4.962142394455962,8.85
United Kingdom,1981,T+81,4.8706115779085835,8.6
United Kingdom,1982,T+82,4.268802943616461,10.7375
United Kingdom,1983,T+83,4.088813135512903,11.2125
United Kingdom,1984,T+84,5.155146526946224,10.5875
United Kingdom,1985,T+85,4.13927184762869,11.525
United Kingdom,1986,T+86,3.913689344558953,12.0625
United Kingdom,1987,T+87,4.07463845898364,13.0625
United Kingdom,1988,T+88,3.1332035180808613,13.5625
United Kingdom,1989,T+89,2.814979066149008,13.6875
United Kingdom,1909,T+9,3.737837419073838,14.25
United Kingdom,1990,T+90,3.2396814217274077,12.3125
United Kingdom,1991,T+91,3.288915366152539,11.5625
United Kingdom,1992,T+92,3.7321001364608946,10.0
United Kingdom,1993,T+93,3.421961634584968,10.8125
United Kingdom,1994,T+94,3.2396814217274073,12.6875
United Kingdom,1995,T+95,3.206438834595165,12.8125
United Kingdom,1996,T+96,3.206438834595165,12.8125
United Kingdom,1997,T+97,2.1771130950346675,13.8625
United Kingdom,1998,T+98,1.8984486147528836,14.1125
United Kingdom,1999,T+99,1.8984486147528836,14.1125
Venezuela,1970,T+0,1.9086270308410553,11.5
Venezuela,1971,T+1,1.9086270308410553,11.5
Venezuela,1980,T+10,3.2561754515732977,9.5625
Venezuela,1981,T+11,3.2561754515732977,9.5625
Venezuela,1982,T+12,3.6687629289137,7.4375
Venezuela,1983,T+13,3.786724932482648,4.875
Venezuela,1984,T+14,3.3534364037932365,8.9375
Venezuela,1985,T+15,3.9860246934938646,9.4375
Venezuela,1986,T+16,3.4737536305435195,6.1875
Venezuela,1987,T+17,3.3700360320244145,4.75
Venezuela,1988,T+18,3.779644730092272,6.5
Venezuela,1989,T+19,3.4271760553385224,2.9375
Venezuela,1972,T+2,1.9086270308410553,11.5
Venezuela,1990,T+20,4.118230375849732,7.4375
Venezuela,1991,T+21,5.0066919503514775,7.3125
Venezuela,1992,T+22,3.295017884191656,2.5
Venezuela,1993,T+23,2.7774602993176547,4.5
Venezuela,1994,T+24,4.578189754539607,1.5625
Venezuela,1995,T+25,3.87989322386215,2.875
Venezuela,1996,T+26,3.918249426903368,5.8125
Venezuela,1997,T+27,3.7219186680297796,7.3125
Venezuela,1998,T+28,5.11824467678408,2.875
Venezuela,1999,T+29,4.823676724538776,6.125
Venezuela,1973,T+3,2.1370456910684634,14.3125
Venezuela,2000,T+30,4.109548984638443,7.5625
Venezuela,2001,T+31,3.20086483849064,6.0625
Venezuela,2002,T+32,3.8816187713007424,1.3125
Venezuela,2003,T+33,4.27617987059879,3.5
Venezuela,2004,T+34,5.059908948926707,9.9375
Venezuela,2005,T+35,5.946187253790689,12.0
Venezuela,2006,T+36,5.946187253790689,12.0
Venezuela,2007,T+37,4.8310750060711865,8.625
Venezuela,2008,T+38,5.756983337031396,8.75
Venezuela,2009,T+39,5.11824467678408,5.625
Venezuela,1974,T+4,3.032561387907683,15.625
Venezuela,2010,T+40,5.11824467678408,5.625
Venezuela,2011,T+41,5.25594901040716,6.875
Venezuela,2012,T+42,6.765194538433994,9.125
Venezuela,2013,T+43,5.4670277900466955,3.9375
Venezuela,2014,T+44,4.263110031755824,1.5625
Venezuela,2015,T+45,5.088063763077548,-0.0625
Venezuela,2016,T+46,4.967303810202989,-1.9375
Venezuela,2017,T+47,5.2508502712826015,-2.5
Venezuela,2018,T+48,4.448113564840075,-3.75
Venezuela,2019,T+49,4.739179404556387,-1.9375
Venezuela,1975,T+5,3.367385590378048,15.375
Venezuela,2020,T+50,5.0740058843369225,-3.0625
Venezuela,2021,T+51,4.079565803226753,-0.5
Venezuela,2022,T+52,4.217311262607288,2.25
Venezuela,2023,T+53,3.5247846945391066,-0.3125
Venezuela,2024,T+54,4.985246089354925,-0.8125
Venezuela,2025,T+55,5.1020829079896375,-2.9375
Venezuela,1976,T+6,4.006690832666208,15.375
Venezuela,1977,T+7,3.2403703492039297,13.5
Venezuela,1978,T+8,3.6736270516052274,12.3125
Venezuela,1979,T+9,3.4891413188429534,10.4375
